[INFO] [launch]: All log files can be found below /home/shirui/.ros/log/2026-07-09-18-12-46-059687-idt-115138
[INFO] [launch]: Default logging verbosity is set to INFO
[INFO] [leader_node-1]: process started with pid [115142]
[INFO] [mpc_node-2]: process started with pid [115144]
[INFO] [mpc_node-3]: process started with pid [115146]
[INFO] [mpc_node-4]: process started with pid [115148]
[INFO] [mpc_node-5]: process started with pid [115150]
[INFO] [mpc_node-6]: process started with pid [115152]
[INFO] [mpc_node-7]: process started with pid [115154]
[INFO] [mpc_node-8]: process started with pid [115156]
[INFO] [mpc_node-9]: process started with pid [115158]
[INFO] [mpc_node-10]: process started with pid [115160]
[leader_node-1] [INFO] [1783591966.266781166] [leader_node]: Leader ready: mode=hover, yaw_mode=fixed, alt=-5.0m (NED), speed=0.5m/s, radius=10.0m
[mpc_node-5] [INFO] [1783591966.279621048] [px4_3.mpc_node_3]: building acados OCP for drone 3 (N=30, dt=0.05, neighbours=[0, 5, 7], d_star=[3.0, 3.0, 3.0])...
[mpc_node-4] [INFO] [1783591966.285924470] [px4_2.mpc_node_2]: building acados OCP for drone 2 (N=30, dt=0.05, neighbours=[0, 7, 8], d_star=[3.0, 3.0, 3.0])...
[mpc_node-2] [INFO] [1783591966.289162675] [px4_0.mpc_node_0]: building acados OCP for drone 0 (N=30, dt=0.05, neighbours=[1, 2, 3, 4], d_star=[3.0, 3.0, 3.0, 3.0])...
[mpc_node-3] [INFO] [1783591966.290158818] [px4_1.mpc_node_1]: building acados OCP for drone 1 (N=30, dt=0.05, neighbours=[0, 5, 6], d_star=[3.0, 3.0, 3.0])...
[mpc_node-5] /usr/lib/python3/dist-packages/scipy/__init__.py:146: UserWarning: A NumPy version >=1.17.3 and <1.25.0 is required for this version of SciPy (detected version 1.26.4
[mpc_node-5]   warnings.warn(f"A NumPy version >={np_minversion} and <{np_maxversion}"
[mpc_node-10] [INFO] [1783591966.310177205] [px4_8.mpc_node_8]: building acados OCP for drone 8 (N=30, dt=0.05, neighbours=[2, 4], d_star=[3.0, 3.0])...
[mpc_node-3] /usr/lib/python3/dist-packages/scipy/__init__.py:146: UserWarning: A NumPy version >=1.17.3 and <1.25.0 is required for this version of SciPy (detected version 1.26.4
[mpc_node-3]   warnings.warn(f"A NumPy version >={np_minversion} and <{np_maxversion}"
[mpc_node-4] /usr/lib/python3/dist-packages/scipy/__init__.py:146: UserWarning: A NumPy version >=1.17.3 and <1.25.0 is required for this version of SciPy (detected version 1.26.4
[mpc_node-4]   warnings.warn(f"A NumPy version >={np_minversion} and <{np_maxversion}"
[mpc_node-2] /usr/lib/python3/dist-packages/scipy/__init__.py:146: UserWarning: A NumPy version >=1.17.3 and <1.25.0 is required for this version of SciPy (detected version 1.26.4
[mpc_node-2]   warnings.warn(f"A NumPy version >={np_minversion} and <{np_maxversion}"
[mpc_node-10] /usr/lib/python3/dist-packages/scipy/__init__.py:146: UserWarning: A NumPy version >=1.17.3 and <1.25.0 is required for this version of SciPy (detected version 1.26.4
[mpc_node-10]   warnings.warn(f"A NumPy version >={np_minversion} and <{np_maxversion}"
[mpc_node-6] [INFO] [1783591966.331354948] [px4_4.mpc_node_4]: building acados OCP for drone 4 (N=30, dt=0.05, neighbours=[0, 6, 8], d_star=[3.0, 3.0, 3.0])...
[mpc_node-8] [INFO] [1783591966.331935272] [px4_6.mpc_node_6]: building acados OCP for drone 6 (N=30, dt=0.05, neighbours=[1, 4], d_star=[3.0, 3.0])...
[mpc_node-9] [INFO] [1783591966.334383552] [px4_7.mpc_node_7]: building acados OCP for drone 7 (N=30, dt=0.05, neighbours=[2, 3], d_star=[3.0, 3.0])...
[mpc_node-7] [INFO] [1783591966.344145087] [px4_5.mpc_node_5]: building acados OCP for drone 5 (N=30, dt=0.05, neighbours=[1, 3], d_star=[3.0, 3.0])...
[mpc_node-6] /usr/lib/python3/dist-packages/scipy/__init__.py:146: UserWarning: A NumPy version >=1.17.3 and <1.25.0 is required for this version of SciPy (detected version 1.26.4
[mpc_node-6]   warnings.warn(f"A NumPy version >={np_minversion} and <{np_maxversion}"
[mpc_node-8] /usr/lib/python3/dist-packages/scipy/__init__.py:146: UserWarning: A NumPy version >=1.17.3 and <1.25.0 is required for this version of SciPy (detected version 1.26.4
[mpc_node-8]   warnings.warn(f"A NumPy version >={np_minversion} and <{np_maxversion}"
[mpc_node-9] /usr/lib/python3/dist-packages/scipy/__init__.py:146: UserWarning: A NumPy version >=1.17.3 and <1.25.0 is required for this version of SciPy (detected version 1.26.4
[mpc_node-9]   warnings.warn(f"A NumPy version >={np_minversion} and <{np_maxversion}"
[mpc_node-7] /usr/lib/python3/dist-packages/scipy/__init__.py:146: UserWarning: A NumPy version >=1.17.3 and <1.25.0 is required for this version of SciPy (detected version 1.26.4
[mpc_node-7]   warnings.warn(f"A NumPy version >={np_minversion} and <{np_maxversion}"
[mpc_node-5] rm -f libacados_ocp_solver_lag0p500_mpc_i3_m3.so
[mpc_node-5] rm -f lag0p500_mpc_i3_m3_constraints/lag0p500_mpc_i3_m3_constr_h_0_fun_jac_uxt_zt.o lag0p500_mpc_i3_m3_constraints/lag0p500_mpc_i3_m3_constr_h_0_fun.o lag0p500_mpc_i3_m3_constraints/lag0p500_mpc_i3_m3_constr_h_fun_jac_uxt_zt.o lag0p500_mpc_i3_m3_constraints/lag0p500_mpc_i3_m3_constr_h_fun.o lag0p500_mpc_i3_m3_cost/lag0p500_mpc_i3_m3_cost_y_0_fun.o lag0p500_mpc_i3_m3_cost/lag0p500_mpc_i3_m3_cost_y_0_fun_jac_ut_xt.o lag0p500_mpc_i3_m3_cost/lag0p500_mpc_i3_m3_cost_y_0_hess.o lag0p500_mpc_i3_m3_cost/lag0p500_mpc_i3_m3_cost_y_fun.o lag0p500_mpc_i3_m3_cost/lag0p500_mpc_i3_m3_cost_y_fun_jac_ut_xt.o lag0p500_mpc_i3_m3_cost/lag0p500_mpc_i3_m3_cost_y_hess.o lag0p500_mpc_i3_m3_cost/lag0p500_mpc_i3_m3_cost_y_e_fun.o lag0p500_mpc_i3_m3_cost/lag0p500_mpc_i3_m3_cost_y_e_fun_jac_ut_xt.o lag0p500_mpc_i3_m3_cost/lag0p500_mpc_i3_m3_cost_y_e_hess.o acados_solver_lag0p500_mpc_i3_m3.o
[mpc_node-5] cc -fPIC -std=c99   -O2 -I/home/shirui/acados/include -I/home/shirui/acados/include/acados -I/home/shirui/acados/include/blasfeo/include -I/home/shirui/acados/include/hpipm/include  -c -o lag0p500_mpc_i3_m3_constraints/lag0p500_mpc_i3_m3_constr_h_0_fun_jac_uxt_zt.o lag0p500_mpc_i3_m3_constraints/lag0p500_mpc_i3_m3_constr_h_0_fun_jac_uxt_zt.c
[mpc_node-10] rm -f libacados_ocp_solver_lag0p500_mpc_i8_m2.so
[mpc_node-10] rm -f lag0p500_mpc_i8_m2_constraints/lag0p500_mpc_i8_m2_constr_h_0_fun_jac_uxt_zt.o lag0p500_mpc_i8_m2_constraints/lag0p500_mpc_i8_m2_constr_h_0_fun.o lag0p500_mpc_i8_m2_constraints/lag0p500_mpc_i8_m2_constr_h_fun_jac_uxt_zt.o lag0p500_mpc_i8_m2_constraints/lag0p500_mpc_i8_m2_constr_h_fun.o lag0p500_mpc_i8_m2_cost/lag0p500_mpc_i8_m2_cost_y_0_fun.o lag0p500_mpc_i8_m2_cost/lag0p500_mpc_i8_m2_cost_y_0_fun_jac_ut_xt.o lag0p500_mpc_i8_m2_cost/lag0p500_mpc_i8_m2_cost_y_0_hess.o lag0p500_mpc_i8_m2_cost/lag0p500_mpc_i8_m2_cost_y_fun.o lag0p500_mpc_i8_m2_cost/lag0p500_mpc_i8_m2_cost_y_fun_jac_ut_xt.o lag0p500_mpc_i8_m2_cost/lag0p500_mpc_i8_m2_cost_y_hess.o lag0p500_mpc_i8_m2_cost/lag0p500_mpc_i8_m2_cost_y_e_fun.o lag0p500_mpc_i8_m2_cost/lag0p500_mpc_i8_m2_cost_y_e_fun_jac_ut_xt.o lag0p500_mpc_i8_m2_cost/lag0p500_mpc_i8_m2_cost_y_e_hess.o acados_solver_lag0p500_mpc_i8_m2.o
[mpc_node-3] rm -f libacados_ocp_solver_lag0p500_mpc_i1_m3.so
[mpc_node-3] rm -f lag0p500_mpc_i1_m3_constraints/lag0p500_mpc_i1_m3_constr_h_0_fun_jac_uxt_zt.o lag0p500_mpc_i1_m3_constraints/lag0p500_mpc_i1_m3_constr_h_0_fun.o lag0p500_mpc_i1_m3_constraints/lag0p500_mpc_i1_m3_constr_h_fun_jac_uxt_zt.o lag0p500_mpc_i1_m3_constraints/lag0p500_mpc_i1_m3_constr_h_fun.o lag0p500_mpc_i1_m3_cost/lag0p500_mpc_i1_m3_cost_y_0_fun.o lag0p500_mpc_i1_m3_cost/lag0p500_mpc_i1_m3_cost_y_0_fun_jac_ut_xt.o lag0p500_mpc_i1_m3_cost/lag0p500_mpc_i1_m3_cost_y_0_hess.o lag0p500_mpc_i1_m3_cost/lag0p500_mpc_i1_m3_cost_y_fun.o lag0p500_mpc_i1_m3_cost/lag0p500_mpc_i1_m3_cost_y_fun_jac_ut_xt.o lag0p500_mpc_i1_m3_cost/lag0p500_mpc_i1_m3_cost_y_hess.o lag0p500_mpc_i1_m3_cost/lag0p500_mpc_i1_m3_cost_y_e_fun.o lag0p500_mpc_i1_m3_cost/lag0p500_mpc_i1_m3_cost_y_e_fun_jac_ut_xt.o lag0p500_mpc_i1_m3_cost/lag0p500_mpc_i1_m3_cost_y_e_hess.o acados_solver_lag0p500_mpc_i1_m3.o
[mpc_node-10] cc -fPIC -std=c99   -O2 -I/home/shirui/acados/include -I/home/shirui/acados/include/acados -I/home/shirui/acados/include/blasfeo/include -I/home/shirui/acados/include/hpipm/include  -c -o lag0p500_mpc_i8_m2_constraints/lag0p500_mpc_i8_m2_constr_h_0_fun_jac_uxt_zt.o lag0p500_mpc_i8_m2_constraints/lag0p500_mpc_i8_m2_constr_h_0_fun_jac_uxt_zt.c
[mpc_node-3] cc -fPIC -std=c99   -O2 -I/home/shirui/acados/include -I/home/shirui/acados/include/acados -I/home/shirui/acados/include/blasfeo/include -I/home/shirui/acados/include/hpipm/include  -c -o lag0p500_mpc_i1_m3_constraints/lag0p500_mpc_i1_m3_constr_h_0_fun_jac_uxt_zt.o lag0p500_mpc_i1_m3_constraints/lag0p500_mpc_i1_m3_constr_h_0_fun_jac_uxt_zt.c
[mpc_node-5] cc -fPIC -std=c99   -O2 -I/home/shirui/acados/include -I/home/shirui/acados/include/acados -I/home/shirui/acados/include/blasfeo/include -I/home/shirui/acados/include/hpipm/include  -c -o lag0p500_mpc_i3_m3_constraints/lag0p500_mpc_i3_m3_constr_h_0_fun.o lag0p500_mpc_i3_m3_constraints/lag0p500_mpc_i3_m3_constr_h_0_fun.c
[mpc_node-6] rm -f libacados_ocp_solver_lag0p500_mpc_i4_m3.so
[mpc_node-6] rm -f lag0p500_mpc_i4_m3_constraints/lag0p500_mpc_i4_m3_constr_h_0_fun_jac_uxt_zt.o lag0p500_mpc_i4_m3_constraints/lag0p500_mpc_i4_m3_constr_h_0_fun.o lag0p500_mpc_i4_m3_constraints/lag0p500_mpc_i4_m3_constr_h_fun_jac_uxt_zt.o lag0p500_mpc_i4_m3_constraints/lag0p500_mpc_i4_m3_constr_h_fun.o lag0p500_mpc_i4_m3_cost/lag0p500_mpc_i4_m3_cost_y_0_fun.o lag0p500_mpc_i4_m3_cost/lag0p500_mpc_i4_m3_cost_y_0_fun_jac_ut_xt.o lag0p500_mpc_i4_m3_cost/lag0p500_mpc_i4_m3_cost_y_0_hess.o lag0p500_mpc_i4_m3_cost/lag0p500_mpc_i4_m3_cost_y_fun.o lag0p500_mpc_i4_m3_cost/lag0p500_mpc_i4_m3_cost_y_fun_jac_ut_xt.o lag0p500_mpc_i4_m3_cost/lag0p500_mpc_i4_m3_cost_y_hess.o lag0p500_mpc_i4_m3_cost/lag0p500_mpc_i4_m3_cost_y_e_fun.o lag0p500_mpc_i4_m3_cost/lag0p500_mpc_i4_m3_cost_y_e_fun_jac_ut_xt.o lag0p500_mpc_i4_m3_cost/lag0p500_mpc_i4_m3_cost_y_e_hess.o acados_solver_lag0p500_mpc_i4_m3.o
[mpc_node-6] cc -fPIC -std=c99   -O2 -I/home/shirui/acados/include -I/home/shirui/acados/include/acados -I/home/shirui/acados/include/blasfeo/include -I/home/shirui/acados/include/hpipm/include  -c -o lag0p500_mpc_i4_m3_constraints/lag0p500_mpc_i4_m3_constr_h_0_fun_jac_uxt_zt.o lag0p500_mpc_i4_m3_constraints/lag0p500_mpc_i4_m3_constr_h_0_fun_jac_uxt_zt.c
[mpc_node-3] cc -fPIC -std=c99   -O2 -I/home/shirui/acados/include -I/home/shirui/acados/include/acados -I/home/shirui/acados/include/blasfeo/include -I/home/shirui/acados/include/hpipm/include  -c -o lag0p500_mpc_i1_m3_constraints/lag0p500_mpc_i1_m3_constr_h_0_fun.o lag0p500_mpc_i1_m3_constraints/lag0p500_mpc_i1_m3_constr_h_0_fun.c
[mpc_node-10] cc -fPIC -std=c99   -O2 -I/home/shirui/acados/include -I/home/shirui/acados/include/acados -I/home/shirui/acados/include/blasfeo/include -I/home/shirui/acados/include/hpipm/include  -c -o lag0p500_mpc_i8_m2_constraints/lag0p500_mpc_i8_m2_constr_h_0_fun.o lag0p500_mpc_i8_m2_constraints/lag0p500_mpc_i8_m2_constr_h_0_fun.c
[mpc_node-5] cc -fPIC -std=c99   -O2 -I/home/shirui/acados/include -I/home/shirui/acados/include/acados -I/home/shirui/acados/include/blasfeo/include -I/home/shirui/acados/include/hpipm/include  -c -o lag0p500_mpc_i3_m3_constraints/lag0p500_mpc_i3_m3_constr_h_fun_jac_uxt_zt.o lag0p500_mpc_i3_m3_constraints/lag0p500_mpc_i3_m3_constr_h_fun_jac_uxt_zt.c
[mpc_node-9] rm -f libacados_ocp_solver_lag0p500_mpc_i7_m2.so
[mpc_node-9] rm -f lag0p500_mpc_i7_m2_constraints/lag0p500_mpc_i7_m2_constr_h_0_fun_jac_uxt_zt.o lag0p500_mpc_i7_m2_constraints/lag0p500_mpc_i7_m2_constr_h_0_fun.o lag0p500_mpc_i7_m2_constraints/lag0p500_mpc_i7_m2_constr_h_fun_jac_uxt_zt.o lag0p500_mpc_i7_m2_constraints/lag0p500_mpc_i7_m2_constr_h_fun.o lag0p500_mpc_i7_m2_cost/lag0p500_mpc_i7_m2_cost_y_0_fun.o lag0p500_mpc_i7_m2_cost/lag0p500_mpc_i7_m2_cost_y_0_fun_jac_ut_xt.o lag0p500_mpc_i7_m2_cost/lag0p500_mpc_i7_m2_cost_y_0_hess.o lag0p500_mpc_i7_m2_cost/lag0p500_mpc_i7_m2_cost_y_fun.o lag0p500_mpc_i7_m2_cost/lag0p500_mpc_i7_m2_cost_y_fun_jac_ut_xt.o lag0p500_mpc_i7_m2_cost/lag0p500_mpc_i7_m2_cost_y_hess.o lag0p500_mpc_i7_m2_cost/lag0p500_mpc_i7_m2_cost_y_e_fun.o lag0p500_mpc_i7_m2_cost/lag0p500_mpc_i7_m2_cost_y_e_fun_jac_ut_xt.o lag0p500_mpc_i7_m2_cost/lag0p500_mpc_i7_m2_cost_y_e_hess.o acados_solver_lag0p500_mpc_i7_m2.o
[mpc_node-9] cc -fPIC -std=c99   -O2 -I/home/shirui/acados/include -I/home/shirui/acados/include/acados -I/home/shirui/acados/include/blasfeo/include -I/home/shirui/acados/include/hpipm/include  -c -o lag0p500_mpc_i7_m2_constraints/lag0p500_mpc_i7_m2_constr_h_0_fun_jac_uxt_zt.o lag0p500_mpc_i7_m2_constraints/lag0p500_mpc_i7_m2_constr_h_0_fun_jac_uxt_zt.c
[mpc_node-4] rm -f libacados_ocp_solver_lag0p500_mpc_i2_m3.so
[mpc_node-4] rm -f lag0p500_mpc_i2_m3_constraints/lag0p500_mpc_i2_m3_constr_h_0_fun_jac_uxt_zt.o lag0p500_mpc_i2_m3_constraints/lag0p500_mpc_i2_m3_constr_h_0_fun.o lag0p500_mpc_i2_m3_constraints/lag0p500_mpc_i2_m3_constr_h_fun_jac_uxt_zt.o lag0p500_mpc_i2_m3_constraints/lag0p500_mpc_i2_m3_constr_h_fun.o lag0p500_mpc_i2_m3_cost/lag0p500_mpc_i2_m3_cost_y_0_fun.o lag0p500_mpc_i2_m3_cost/lag0p500_mpc_i2_m3_cost_y_0_fun_jac_ut_xt.o lag0p500_mpc_i2_m3_cost/lag0p500_mpc_i2_m3_cost_y_0_hess.o lag0p500_mpc_i2_m3_cost/lag0p500_mpc_i2_m3_cost_y_fun.o lag0p500_mpc_i2_m3_cost/lag0p500_mpc_i2_m3_cost_y_fun_jac_ut_xt.o lag0p500_mpc_i2_m3_cost/lag0p500_mpc_i2_m3_cost_y_hess.o lag0p500_mpc_i2_m3_cost/lag0p500_mpc_i2_m3_cost_y_e_fun.o lag0p500_mpc_i2_m3_cost/lag0p500_mpc_i2_m3_cost_y_e_fun_jac_ut_xt.o lag0p500_mpc_i2_m3_cost/lag0p500_mpc_i2_m3_cost_y_e_hess.o acados_solver_lag0p500_mpc_i2_m3.o
[mpc_node-6] cc -fPIC -std=c99   -O2 -I/home/shirui/acados/include -I/home/shirui/acados/include/acados -I/home/shirui/acados/include/blasfeo/include -I/home/shirui/acados/include/hpipm/include  -c -o lag0p500_mpc_i4_m3_constraints/lag0p500_mpc_i4_m3_constr_h_0_fun.o lag0p500_mpc_i4_m3_constraints/lag0p500_mpc_i4_m3_constr_h_0_fun.c
[mpc_node-4] cc -fPIC -std=c99   -O2 -I/home/shirui/acados/include -I/home/shirui/acados/include/acados -I/home/shirui/acados/include/blasfeo/include -I/home/shirui/acados/include/hpipm/include  -c -o lag0p500_mpc_i2_m3_constraints/lag0p500_mpc_i2_m3_constr_h_0_fun_jac_uxt_zt.o lag0p500_mpc_i2_m3_constraints/lag0p500_mpc_i2_m3_constr_h_0_fun_jac_uxt_zt.c
[mpc_node-8] rm -f libacados_ocp_solver_lag0p500_mpc_i6_m2.so
[mpc_node-8] rm -f lag0p500_mpc_i6_m2_constraints/lag0p500_mpc_i6_m2_constr_h_0_fun_jac_uxt_zt.o lag0p500_mpc_i6_m2_constraints/lag0p500_mpc_i6_m2_constr_h_0_fun.o lag0p500_mpc_i6_m2_constraints/lag0p500_mpc_i6_m2_constr_h_fun_jac_uxt_zt.o lag0p500_mpc_i6_m2_constraints/lag0p500_mpc_i6_m2_constr_h_fun.o lag0p500_mpc_i6_m2_cost/lag0p500_mpc_i6_m2_cost_y_0_fun.o lag0p500_mpc_i6_m2_cost/lag0p500_mpc_i6_m2_cost_y_0_fun_jac_ut_xt.o lag0p500_mpc_i6_m2_cost/lag0p500_mpc_i6_m2_cost_y_0_hess.o lag0p500_mpc_i6_m2_cost/lag0p500_mpc_i6_m2_cost_y_fun.o lag0p500_mpc_i6_m2_cost/lag0p500_mpc_i6_m2_cost_y_fun_jac_ut_xt.o lag0p500_mpc_i6_m2_cost/lag0p500_mpc_i6_m2_cost_y_hess.o lag0p500_mpc_i6_m2_cost/lag0p500_mpc_i6_m2_cost_y_e_fun.o lag0p500_mpc_i6_m2_cost/lag0p500_mpc_i6_m2_cost_y_e_fun_jac_ut_xt.o lag0p500_mpc_i6_m2_cost/lag0p500_mpc_i6_m2_cost_y_e_hess.o acados_solver_lag0p500_mpc_i6_m2.o
[mpc_node-8] cc -fPIC -std=c99   -O2 -I/home/shirui/acados/include -I/home/shirui/acados/include/acados -I/home/shirui/acados/include/blasfeo/include -I/home/shirui/acados/include/hpipm/include  -c -o lag0p500_mpc_i6_m2_constraints/lag0p500_mpc_i6_m2_constr_h_0_fun_jac_uxt_zt.o lag0p500_mpc_i6_m2_constraints/lag0p500_mpc_i6_m2_constr_h_0_fun_jac_uxt_zt.c
[mpc_node-2] rm -f libacados_ocp_solver_lag0p500_mpc_i0_m4.so
[mpc_node-2] rm -f lag0p500_mpc_i0_m4_constraints/lag0p500_mpc_i0_m4_constr_h_0_fun_jac_uxt_zt.o lag0p500_mpc_i0_m4_constraints/lag0p500_mpc_i0_m4_constr_h_0_fun.o lag0p500_mpc_i0_m4_constraints/lag0p500_mpc_i0_m4_constr_h_fun_jac_uxt_zt.o lag0p500_mpc_i0_m4_constraints/lag0p500_mpc_i0_m4_constr_h_fun.o lag0p500_mpc_i0_m4_cost/lag0p500_mpc_i0_m4_cost_y_0_fun.o lag0p500_mpc_i0_m4_cost/lag0p500_mpc_i0_m4_cost_y_0_fun_jac_ut_xt.o lag0p500_mpc_i0_m4_cost/lag0p500_mpc_i0_m4_cost_y_0_hess.o lag0p500_mpc_i0_m4_cost/lag0p500_mpc_i0_m4_cost_y_fun.o lag0p500_mpc_i0_m4_cost/lag0p500_mpc_i0_m4_cost_y_fun_jac_ut_xt.o lag0p500_mpc_i0_m4_cost/lag0p500_mpc_i0_m4_cost_y_hess.o lag0p500_mpc_i0_m4_cost/lag0p500_mpc_i0_m4_cost_y_e_fun.o lag0p500_mpc_i0_m4_cost/lag0p500_mpc_i0_m4_cost_y_e_fun_jac_ut_xt.o lag0p500_mpc_i0_m4_cost/lag0p500_mpc_i0_m4_cost_y_e_hess.o acados_solver_lag0p500_mpc_i0_m4.o
[mpc_node-3] cc -fPIC -std=c99   -O2 -I/home/shirui/acados/include -I/home/shirui/acados/include/acados -I/home/shirui/acados/include/blasfeo/include -I/home/shirui/acados/include/hpipm/include  -c -o lag0p500_mpc_i1_m3_constraints/lag0p500_mpc_i1_m3_constr_h_fun_jac_uxt_zt.o lag0p500_mpc_i1_m3_constraints/lag0p500_mpc_i1_m3_constr_h_fun_jac_uxt_zt.c
[mpc_node-2] cc -fPIC -std=c99   -O2 -I/home/shirui/acados/include -I/home/shirui/acados/include/acados -I/home/shirui/acados/include/blasfeo/include -I/home/shirui/acados/include/hpipm/include  -c -o lag0p500_mpc_i0_m4_constraints/lag0p500_mpc_i0_m4_constr_h_0_fun_jac_uxt_zt.o lag0p500_mpc_i0_m4_constraints/lag0p500_mpc_i0_m4_constr_h_0_fun_jac_uxt_zt.c
[mpc_node-10] cc -fPIC -std=c99   -O2 -I/home/shirui/acados/include -I/home/shirui/acados/include/acados -I/home/shirui/acados/include/blasfeo/include -I/home/shirui/acados/include/hpipm/include  -c -o lag0p500_mpc_i8_m2_constraints/lag0p500_mpc_i8_m2_constr_h_fun_jac_uxt_zt.o lag0p500_mpc_i8_m2_constraints/lag0p500_mpc_i8_m2_constr_h_fun_jac_uxt_zt.c
[mpc_node-5] cc -fPIC -std=c99   -O2 -I/home/shirui/acados/include -I/home/shirui/acados/include/acados -I/home/shirui/acados/include/blasfeo/include -I/home/shirui/acados/include/hpipm/include  -c -o lag0p500_mpc_i3_m3_constraints/lag0p500_mpc_i3_m3_constr_h_fun.o lag0p500_mpc_i3_m3_constraints/lag0p500_mpc_i3_m3_constr_h_fun.c
[mpc_node-6] cc -fPIC -std=c99   -O2 -I/home/shirui/acados/include -I/home/shirui/acados/include/acados -I/home/shirui/acados/include/blasfeo/include -I/home/shirui/acados/include/hpipm/include  -c -o lag0p500_mpc_i4_m3_constraints/lag0p500_mpc_i4_m3_constr_h_fun_jac_uxt_zt.o lag0p500_mpc_i4_m3_constraints/lag0p500_mpc_i4_m3_constr_h_fun_jac_uxt_zt.c
[mpc_node-9] cc -fPIC -std=c99   -O2 -I/home/shirui/acados/include -I/home/shirui/acados/include/acados -I/home/shirui/acados/include/blasfeo/include -I/home/shirui/acados/include/hpipm/include  -c -o lag0p500_mpc_i7_m2_constraints/lag0p500_mpc_i7_m2_constr_h_0_fun.o lag0p500_mpc_i7_m2_constraints/lag0p500_mpc_i7_m2_constr_h_0_fun.c
[mpc_node-8] cc -fPIC -std=c99   -O2 -I/home/shirui/acados/include -I/home/shirui/acados/include/acados -I/home/shirui/acados/include/blasfeo/include -I/home/shirui/acados/include/hpipm/include  -c -o lag0p500_mpc_i6_m2_constraints/lag0p500_mpc_i6_m2_constr_h_0_fun.o lag0p500_mpc_i6_m2_constraints/lag0p500_mpc_i6_m2_constr_h_0_fun.c
[mpc_node-4] cc -fPIC -std=c99   -O2 -I/home/shirui/acados/include -I/home/shirui/acados/include/acados -I/home/shirui/acados/include/blasfeo/include -I/home/shirui/acados/include/hpipm/include  -c -o lag0p500_mpc_i2_m3_constraints/lag0p500_mpc_i2_m3_constr_h_0_fun.o lag0p500_mpc_i2_m3_constraints/lag0p500_mpc_i2_m3_constr_h_0_fun.c
[mpc_node-2] cc -fPIC -std=c99   -O2 -I/home/shirui/acados/include -I/home/shirui/acados/include/acados -I/home/shirui/acados/include/blasfeo/include -I/home/shirui/acados/include/hpipm/include  -c -o lag0p500_mpc_i0_m4_constraints/lag0p500_mpc_i0_m4_constr_h_0_fun.o lag0p500_mpc_i0_m4_constraints/lag0p500_mpc_i0_m4_constr_h_0_fun.c
[mpc_node-3] cc -fPIC -std=c99   -O2 -I/home/shirui/acados/include -I/home/shirui/acados/include/acados -I/home/shirui/acados/include/blasfeo/include -I/home/shirui/acados/include/hpipm/include  -c -o lag0p500_mpc_i1_m3_constraints/lag0p500_mpc_i1_m3_constr_h_fun.o lag0p500_mpc_i1_m3_constraints/lag0p500_mpc_i1_m3_constr_h_fun.c
[mpc_node-10] cc -fPIC -std=c99   -O2 -I/home/shirui/acados/include -I/home/shirui/acados/include/acados -I/home/shirui/acados/include/blasfeo/include -I/home/shirui/acados/include/hpipm/include  -c -o lag0p500_mpc_i8_m2_constraints/lag0p500_mpc_i8_m2_constr_h_fun.o lag0p500_mpc_i8_m2_constraints/lag0p500_mpc_i8_m2_constr_h_fun.c
[mpc_node-6] cc -fPIC -std=c99   -O2 -I/home/shirui/acados/include -I/home/shirui/acados/include/acados -I/home/shirui/acados/include/blasfeo/include -I/home/shirui/acados/include/hpipm/include  -c -o lag0p500_mpc_i4_m3_constraints/lag0p500_mpc_i4_m3_constr_h_fun.o lag0p500_mpc_i4_m3_constraints/lag0p500_mpc_i4_m3_constr_h_fun.c
[mpc_node-5] cc -fPIC -std=c99   -O2 -I/home/shirui/acados/include -I/home/shirui/acados/include/acados -I/home/shirui/acados/include/blasfeo/include -I/home/shirui/acados/include/hpipm/include  -c -o lag0p500_mpc_i3_m3_cost/lag0p500_mpc_i3_m3_cost_y_0_fun.o lag0p500_mpc_i3_m3_cost/lag0p500_mpc_i3_m3_cost_y_0_fun.c
[mpc_node-8] cc -fPIC -std=c99   -O2 -I/home/shirui/acados/include -I/home/shirui/acados/include/acados -I/home/shirui/acados/include/blasfeo/include -I/home/shirui/acados/include/hpipm/include  -c -o lag0p500_mpc_i6_m2_constraints/lag0p500_mpc_i6_m2_constr_h_fun_jac_uxt_zt.o lag0p500_mpc_i6_m2_constraints/lag0p500_mpc_i6_m2_constr_h_fun_jac_uxt_zt.c
[mpc_node-9] cc -fPIC -std=c99   -O2 -I/home/shirui/acados/include -I/home/shirui/acados/include/acados -I/home/shirui/acados/include/blasfeo/include -I/home/shirui/acados/include/hpipm/include  -c -o lag0p500_mpc_i7_m2_constraints/lag0p500_mpc_i7_m2_constr_h_fun_jac_uxt_zt.o lag0p500_mpc_i7_m2_constraints/lag0p500_mpc_i7_m2_constr_h_fun_jac_uxt_zt.c
[mpc_node-4] cc -fPIC -std=c99   -O2 -I/home/shirui/acados/include -I/home/shirui/acados/include/acados -I/home/shirui/acados/include/blasfeo/include -I/home/shirui/acados/include/hpipm/include  -c -o lag0p500_mpc_i2_m3_constraints/lag0p500_mpc_i2_m3_constr_h_fun_jac_uxt_zt.o lag0p500_mpc_i2_m3_constraints/lag0p500_mpc_i2_m3_constr_h_fun_jac_uxt_zt.c
[mpc_node-2] cc -fPIC -std=c99   -O2 -I/home/shirui/acados/include -I/home/shirui/acados/include/acados -I/home/shirui/acados/include/blasfeo/include -I/home/shirui/acados/include/hpipm/include  -c -o lag0p500_mpc_i0_m4_constraints/lag0p500_mpc_i0_m4_constr_h_fun_jac_uxt_zt.o lag0p500_mpc_i0_m4_constraints/lag0p500_mpc_i0_m4_constr_h_fun_jac_uxt_zt.c
[mpc_node-7] rm -f libacados_ocp_solver_lag0p500_mpc_i5_m2.so
[mpc_node-7] rm -f lag0p500_mpc_i5_m2_constraints/lag0p500_mpc_i5_m2_constr_h_0_fun_jac_uxt_zt.o lag0p500_mpc_i5_m2_constraints/lag0p500_mpc_i5_m2_constr_h_0_fun.o lag0p500_mpc_i5_m2_constraints/lag0p500_mpc_i5_m2_constr_h_fun_jac_uxt_zt.o lag0p500_mpc_i5_m2_constraints/lag0p500_mpc_i5_m2_constr_h_fun.o lag0p500_mpc_i5_m2_cost/lag0p500_mpc_i5_m2_cost_y_0_fun.o lag0p500_mpc_i5_m2_cost/lag0p500_mpc_i5_m2_cost_y_0_fun_jac_ut_xt.o lag0p500_mpc_i5_m2_cost/lag0p500_mpc_i5_m2_cost_y_0_hess.o lag0p500_mpc_i5_m2_cost/lag0p500_mpc_i5_m2_cost_y_fun.o lag0p500_mpc_i5_m2_cost/lag0p500_mpc_i5_m2_cost_y_fun_jac_ut_xt.o lag0p500_mpc_i5_m2_cost/lag0p500_mpc_i5_m2_cost_y_hess.o lag0p500_mpc_i5_m2_cost/lag0p500_mpc_i5_m2_cost_y_e_fun.o lag0p500_mpc_i5_m2_cost/lag0p500_mpc_i5_m2_cost_y_e_fun_jac_ut_xt.o lag0p500_mpc_i5_m2_cost/lag0p500_mpc_i5_m2_cost_y_e_hess.o acados_solver_lag0p500_mpc_i5_m2.o
[mpc_node-10] cc -fPIC -std=c99   -O2 -I/home/shirui/acados/include -I/home/shirui/acados/include/acados -I/home/shirui/acados/include/blasfeo/include -I/home/shirui/acados/include/hpipm/include  -c -o lag0p500_mpc_i8_m2_cost/lag0p500_mpc_i8_m2_cost_y_0_fun.o lag0p500_mpc_i8_m2_cost/lag0p500_mpc_i8_m2_cost_y_0_fun.c
[mpc_node-7] cc -fPIC -std=c99   -O2 -I/home/shirui/acados/include -I/home/shirui/acados/include/acados -I/home/shirui/acados/include/blasfeo/include -I/home/shirui/acados/include/hpipm/include  -c -o lag0p500_mpc_i5_m2_constraints/lag0p500_mpc_i5_m2_constr_h_0_fun_jac_uxt_zt.o lag0p500_mpc_i5_m2_constraints/lag0p500_mpc_i5_m2_constr_h_0_fun_jac_uxt_zt.c
[mpc_node-3] cc -fPIC -std=c99   -O2 -I/home/shirui/acados/include -I/home/shirui/acados/include/acados -I/home/shirui/acados/include/blasfeo/include -I/home/shirui/acados/include/hpipm/include  -c -o lag0p500_mpc_i1_m3_cost/lag0p500_mpc_i1_m3_cost_y_0_fun.o lag0p500_mpc_i1_m3_cost/lag0p500_mpc_i1_m3_cost_y_0_fun.c
[mpc_node-6] cc -fPIC -std=c99   -O2 -I/home/shirui/acados/include -I/home/shirui/acados/include/acados -I/home/shirui/acados/include/blasfeo/include -I/home/shirui/acados/include/hpipm/include  -c -o lag0p500_mpc_i4_m3_cost/lag0p500_mpc_i4_m3_cost_y_0_fun.o lag0p500_mpc_i4_m3_cost/lag0p500_mpc_i4_m3_cost_y_0_fun.c
[mpc_node-9] cc -fPIC -std=c99   -O2 -I/home/shirui/acados/include -I/home/shirui/acados/include/acados -I/home/shirui/acados/include/blasfeo/include -I/home/shirui/acados/include/hpipm/include  -c -o lag0p500_mpc_i7_m2_constraints/lag0p500_mpc_i7_m2_constr_h_fun.o lag0p500_mpc_i7_m2_constraints/lag0p500_mpc_i7_m2_constr_h_fun.c
[mpc_node-4] cc -fPIC -std=c99   -O2 -I/home/shirui/acados/include -I/home/shirui/acados/include/acados -I/home/shirui/acados/include/blasfeo/include -I/home/shirui/acados/include/hpipm/include  -c -o lag0p500_mpc_i2_m3_constraints/lag0p500_mpc_i2_m3_constr_h_fun.o lag0p500_mpc_i2_m3_constraints/lag0p500_mpc_i2_m3_constr_h_fun.c
[mpc_node-8] cc -fPIC -std=c99   -O2 -I/home/shirui/acados/include -I/home/shirui/acados/include/acados -I/home/shirui/acados/include/blasfeo/include -I/home/shirui/acados/include/hpipm/include  -c -o lag0p500_mpc_i6_m2_constraints/lag0p500_mpc_i6_m2_constr_h_fun.o lag0p500_mpc_i6_m2_constraints/lag0p500_mpc_i6_m2_constr_h_fun.c
[mpc_node-2] cc -fPIC -std=c99   -O2 -I/home/shirui/acados/include -I/home/shirui/acados/include/acados -I/home/shirui/acados/include/blasfeo/include -I/home/shirui/acados/include/hpipm/include  -c -o lag0p500_mpc_i0_m4_constraints/lag0p500_mpc_i0_m4_constr_h_fun.o lag0p500_mpc_i0_m4_constraints/lag0p500_mpc_i0_m4_constr_h_fun.c
[mpc_node-5] cc -fPIC -std=c99   -O2 -I/home/shirui/acados/include -I/home/shirui/acados/include/acados -I/home/shirui/acados/include/blasfeo/include -I/home/shirui/acados/include/hpipm/include  -c -o lag0p500_mpc_i3_m3_cost/lag0p500_mpc_i3_m3_cost_y_0_fun_jac_ut_xt.o lag0p500_mpc_i3_m3_cost/lag0p500_mpc_i3_m3_cost_y_0_fun_jac_ut_xt.c
[mpc_node-7] cc -fPIC -std=c99   -O2 -I/home/shirui/acados/include -I/home/shirui/acados/include/acados -I/home/shirui/acados/include/blasfeo/include -I/home/shirui/acados/include/hpipm/include  -c -o lag0p500_mpc_i5_m2_constraints/lag0p500_mpc_i5_m2_constr_h_0_fun.o lag0p500_mpc_i5_m2_constraints/lag0p500_mpc_i5_m2_constr_h_0_fun.c
[mpc_node-4] cc -fPIC -std=c99   -O2 -I/home/shirui/acados/include -I/home/shirui/acados/include/acados -I/home/shirui/acados/include/blasfeo/include -I/home/shirui/acados/include/hpipm/include  -c -o lag0p500_mpc_i2_m3_cost/lag0p500_mpc_i2_m3_cost_y_0_fun.o lag0p500_mpc_i2_m3_cost/lag0p500_mpc_i2_m3_cost_y_0_fun.c
[mpc_node-8] cc -fPIC -std=c99   -O2 -I/home/shirui/acados/include -I/home/shirui/acados/include/acados -I/home/shirui/acados/include/blasfeo/include -I/home/shirui/acados/include/hpipm/include  -c -o lag0p500_mpc_i6_m2_cost/lag0p500_mpc_i6_m2_cost_y_0_fun.o lag0p500_mpc_i6_m2_cost/lag0p500_mpc_i6_m2_cost_y_0_fun.c
[mpc_node-9] cc -fPIC -std=c99   -O2 -I/home/shirui/acados/include -I/home/shirui/acados/include/acados -I/home/shirui/acados/include/blasfeo/include -I/home/shirui/acados/include/hpipm/include  -c -o lag0p500_mpc_i7_m2_cost/lag0p500_mpc_i7_m2_cost_y_0_fun.o lag0p500_mpc_i7_m2_cost/lag0p500_mpc_i7_m2_cost_y_0_fun.c
[mpc_node-6] cc -fPIC -std=c99   -O2 -I/home/shirui/acados/include -I/home/shirui/acados/include/acados -I/home/shirui/acados/include/blasfeo/include -I/home/shirui/acados/include/hpipm/include  -c -o lag0p500_mpc_i4_m3_cost/lag0p500_mpc_i4_m3_cost_y_0_fun_jac_ut_xt.o lag0p500_mpc_i4_m3_cost/lag0p500_mpc_i4_m3_cost_y_0_fun_jac_ut_xt.c
[mpc_node-3] cc -fPIC -std=c99   -O2 -I/home/shirui/acados/include -I/home/shirui/acados/include/acados -I/home/shirui/acados/include/blasfeo/include -I/home/shirui/acados/include/hpipm/include  -c -o lag0p500_mpc_i1_m3_cost/lag0p500_mpc_i1_m3_cost_y_0_fun_jac_ut_xt.o lag0p500_mpc_i1_m3_cost/lag0p500_mpc_i1_m3_cost_y_0_fun_jac_ut_xt.c
[mpc_node-2] cc -fPIC -std=c99   -O2 -I/home/shirui/acados/include -I/home/shirui/acados/include/acados -I/home/shirui/acados/include/blasfeo/include -I/home/shirui/acados/include/hpipm/include  -c -o lag0p500_mpc_i0_m4_cost/lag0p500_mpc_i0_m4_cost_y_0_fun.o lag0p500_mpc_i0_m4_cost/lag0p500_mpc_i0_m4_cost_y_0_fun.c
[mpc_node-10] cc -fPIC -std=c99   -O2 -I/home/shirui/acados/include -I/home/shirui/acados/include/acados -I/home/shirui/acados/include/blasfeo/include -I/home/shirui/acados/include/hpipm/include  -c -o lag0p500_mpc_i8_m2_cost/lag0p500_mpc_i8_m2_cost_y_0_fun_jac_ut_xt.o lag0p500_mpc_i8_m2_cost/lag0p500_mpc_i8_m2_cost_y_0_fun_jac_ut_xt.c
[mpc_node-7] cc -fPIC -std=c99   -O2 -I/home/shirui/acados/include -I/home/shirui/acados/include/acados -I/home/shirui/acados/include/blasfeo/include -I/home/shirui/acados/include/hpipm/include  -c -o lag0p500_mpc_i5_m2_constraints/lag0p500_mpc_i5_m2_constr_h_fun_jac_uxt_zt.o lag0p500_mpc_i5_m2_constraints/lag0p500_mpc_i5_m2_constr_h_fun_jac_uxt_zt.c
[mpc_node-5] cc -fPIC -std=c99   -O2 -I/home/shirui/acados/include -I/home/shirui/acados/include/acados -I/home/shirui/acados/include/blasfeo/include -I/home/shirui/acados/include/hpipm/include  -c -o lag0p500_mpc_i3_m3_cost/lag0p500_mpc_i3_m3_cost_y_0_hess.o lag0p500_mpc_i3_m3_cost/lag0p500_mpc_i3_m3_cost_y_0_hess.c
[mpc_node-8] cc -fPIC -std=c99   -O2 -I/home/shirui/acados/include -I/home/shirui/acados/include/acados -I/home/shirui/acados/include/blasfeo/include -I/home/shirui/acados/include/hpipm/include  -c -o lag0p500_mpc_i6_m2_cost/lag0p500_mpc_i6_m2_cost_y_0_fun_jac_ut_xt.o lag0p500_mpc_i6_m2_cost/lag0p500_mpc_i6_m2_cost_y_0_fun_jac_ut_xt.c
[mpc_node-9] cc -fPIC -std=c99   -O2 -I/home/shirui/acados/include -I/home/shirui/acados/include/acados -I/home/shirui/acados/include/blasfeo/include -I/home/shirui/acados/include/hpipm/include  -c -o lag0p500_mpc_i7_m2_cost/lag0p500_mpc_i7_m2_cost_y_0_fun_jac_ut_xt.o lag0p500_mpc_i7_m2_cost/lag0p500_mpc_i7_m2_cost_y_0_fun_jac_ut_xt.c
[mpc_node-4] cc -fPIC -std=c99   -O2 -I/home/shirui/acados/include -I/home/shirui/acados/include/acados -I/home/shirui/acados/include/blasfeo/include -I/home/shirui/acados/include/hpipm/include  -c -o lag0p500_mpc_i2_m3_cost/lag0p500_mpc_i2_m3_cost_y_0_fun_jac_ut_xt.o lag0p500_mpc_i2_m3_cost/lag0p500_mpc_i2_m3_cost_y_0_fun_jac_ut_xt.c
[mpc_node-7] cc -fPIC -std=c99   -O2 -I/home/shirui/acados/include -I/home/shirui/acados/include/acados -I/home/shirui/acados/include/blasfeo/include -I/home/shirui/acados/include/hpipm/include  -c -o lag0p500_mpc_i5_m2_constraints/lag0p500_mpc_i5_m2_constr_h_fun.o lag0p500_mpc_i5_m2_constraints/lag0p500_mpc_i5_m2_constr_h_fun.c
[mpc_node-2] cc -fPIC -std=c99   -O2 -I/home/shirui/acados/include -I/home/shirui/acados/include/acados -I/home/shirui/acados/include/blasfeo/include -I/home/shirui/acados/include/hpipm/include  -c -o lag0p500_mpc_i0_m4_cost/lag0p500_mpc_i0_m4_cost_y_0_fun_jac_ut_xt.o lag0p500_mpc_i0_m4_cost/lag0p500_mpc_i0_m4_cost_y_0_fun_jac_ut_xt.c
[mpc_node-3] cc -fPIC -std=c99   -O2 -I/home/shirui/acados/include -I/home/shirui/acados/include/acados -I/home/shirui/acados/include/blasfeo/include -I/home/shirui/acados/include/hpipm/include  -c -o lag0p500_mpc_i1_m3_cost/lag0p500_mpc_i1_m3_cost_y_0_hess.o lag0p500_mpc_i1_m3_cost/lag0p500_mpc_i1_m3_cost_y_0_hess.c
[mpc_node-6] cc -fPIC -std=c99   -O2 -I/home/shirui/acados/include -I/home/shirui/acados/include/acados -I/home/shirui/acados/include/blasfeo/include -I/home/shirui/acados/include/hpipm/include  -c -o lag0p500_mpc_i4_m3_cost/lag0p500_mpc_i4_m3_cost_y_0_hess.o lag0p500_mpc_i4_m3_cost/lag0p500_mpc_i4_m3_cost_y_0_hess.c
[mpc_node-10] cc -fPIC -std=c99   -O2 -I/home/shirui/acados/include -I/home/shirui/acados/include/acados -I/home/shirui/acados/include/blasfeo/include -I/home/shirui/acados/include/hpipm/include  -c -o lag0p500_mpc_i8_m2_cost/lag0p500_mpc_i8_m2_cost_y_0_hess.o lag0p500_mpc_i8_m2_cost/lag0p500_mpc_i8_m2_cost_y_0_hess.c
[mpc_node-5] cc -fPIC -std=c99   -O2 -I/home/shirui/acados/include -I/home/shirui/acados/include/acados -I/home/shirui/acados/include/blasfeo/include -I/home/shirui/acados/include/hpipm/include  -c -o lag0p500_mpc_i3_m3_cost/lag0p500_mpc_i3_m3_cost_y_fun.o lag0p500_mpc_i3_m3_cost/lag0p500_mpc_i3_m3_cost_y_fun.c
[mpc_node-7] cc -fPIC -std=c99   -O2 -I/home/shirui/acados/include -I/home/shirui/acados/include/acados -I/home/shirui/acados/include/blasfeo/include -I/home/shirui/acados/include/hpipm/include  -c -o lag0p500_mpc_i5_m2_cost/lag0p500_mpc_i5_m2_cost_y_0_fun.o lag0p500_mpc_i5_m2_cost/lag0p500_mpc_i5_m2_cost_y_0_fun.c
[mpc_node-8] cc -fPIC -std=c99   -O2 -I/home/shirui/acados/include -I/home/shirui/acados/include/acados -I/home/shirui/acados/include/blasfeo/include -I/home/shirui/acados/include/hpipm/include  -c -o lag0p500_mpc_i6_m2_cost/lag0p500_mpc_i6_m2_cost_y_0_hess.o lag0p500_mpc_i6_m2_cost/lag0p500_mpc_i6_m2_cost_y_0_hess.c
[mpc_node-9] cc -fPIC -std=c99   -O2 -I/home/shirui/acados/include -I/home/shirui/acados/include/acados -I/home/shirui/acados/include/blasfeo/include -I/home/shirui/acados/include/hpipm/include  -c -o lag0p500_mpc_i7_m2_cost/lag0p500_mpc_i7_m2_cost_y_0_hess.o lag0p500_mpc_i7_m2_cost/lag0p500_mpc_i7_m2_cost_y_0_hess.c
[mpc_node-6] cc -fPIC -std=c99   -O2 -I/home/shirui/acados/include -I/home/shirui/acados/include/acados -I/home/shirui/acados/include/blasfeo/include -I/home/shirui/acados/include/hpipm/include  -c -o lag0p500_mpc_i4_m3_cost/lag0p500_mpc_i4_m3_cost_y_fun.o lag0p500_mpc_i4_m3_cost/lag0p500_mpc_i4_m3_cost_y_fun.c
[mpc_node-2] cc -fPIC -std=c99   -O2 -I/home/shirui/acados/include -I/home/shirui/acados/include/acados -I/home/shirui/acados/include/blasfeo/include -I/home/shirui/acados/include/hpipm/include  -c -o lag0p500_mpc_i0_m4_cost/lag0p500_mpc_i0_m4_cost_y_0_hess.o lag0p500_mpc_i0_m4_cost/lag0p500_mpc_i0_m4_cost_y_0_hess.c
[mpc_node-4] cc -fPIC -std=c99   -O2 -I/home/shirui/acados/include -I/home/shirui/acados/include/acados -I/home/shirui/acados/include/blasfeo/include -I/home/shirui/acados/include/hpipm/include  -c -o lag0p500_mpc_i2_m3_cost/lag0p500_mpc_i2_m3_cost_y_0_hess.o lag0p500_mpc_i2_m3_cost/lag0p500_mpc_i2_m3_cost_y_0_hess.c
[mpc_node-3] cc -fPIC -std=c99   -O2 -I/home/shirui/acados/include -I/home/shirui/acados/include/acados -I/home/shirui/acados/include/blasfeo/include -I/home/shirui/acados/include/hpipm/include  -c -o lag0p500_mpc_i1_m3_cost/lag0p500_mpc_i1_m3_cost_y_fun.o lag0p500_mpc_i1_m3_cost/lag0p500_mpc_i1_m3_cost_y_fun.c
[mpc_node-10] cc -fPIC -std=c99   -O2 -I/home/shirui/acados/include -I/home/shirui/acados/include/acados -I/home/shirui/acados/include/blasfeo/include -I/home/shirui/acados/include/hpipm/include  -c -o lag0p500_mpc_i8_m2_cost/lag0p500_mpc_i8_m2_cost_y_fun.o lag0p500_mpc_i8_m2_cost/lag0p500_mpc_i8_m2_cost_y_fun.c
[mpc_node-7] cc -fPIC -std=c99   -O2 -I/home/shirui/acados/include -I/home/shirui/acados/include/acados -I/home/shirui/acados/include/blasfeo/include -I/home/shirui/acados/include/hpipm/include  -c -o lag0p500_mpc_i5_m2_cost/lag0p500_mpc_i5_m2_cost_y_0_fun_jac_ut_xt.o lag0p500_mpc_i5_m2_cost/lag0p500_mpc_i5_m2_cost_y_0_fun_jac_ut_xt.c
[mpc_node-5] cc -fPIC -std=c99   -O2 -I/home/shirui/acados/include -I/home/shirui/acados/include/acados -I/home/shirui/acados/include/blasfeo/include -I/home/shirui/acados/include/hpipm/include  -c -o lag0p500_mpc_i3_m3_cost/lag0p500_mpc_i3_m3_cost_y_fun_jac_ut_xt.o lag0p500_mpc_i3_m3_cost/lag0p500_mpc_i3_m3_cost_y_fun_jac_ut_xt.c
[mpc_node-9] cc -fPIC -std=c99   -O2 -I/home/shirui/acados/include -I/home/shirui/acados/include/acados -I/home/shirui/acados/include/blasfeo/include -I/home/shirui/acados/include/hpipm/include  -c -o lag0p500_mpc_i7_m2_cost/lag0p500_mpc_i7_m2_cost_y_fun.o lag0p500_mpc_i7_m2_cost/lag0p500_mpc_i7_m2_cost_y_fun.c
[mpc_node-8] cc -fPIC -std=c99   -O2 -I/home/shirui/acados/include -I/home/shirui/acados/include/acados -I/home/shirui/acados/include/blasfeo/include -I/home/shirui/acados/include/hpipm/include  -c -o lag0p500_mpc_i6_m2_cost/lag0p500_mpc_i6_m2_cost_y_fun.o lag0p500_mpc_i6_m2_cost/lag0p500_mpc_i6_m2_cost_y_fun.c
[mpc_node-6] cc -fPIC -std=c99   -O2 -I/home/shirui/acados/include -I/home/shirui/acados/include/acados -I/home/shirui/acados/include/blasfeo/include -I/home/shirui/acados/include/hpipm/include  -c -o lag0p500_mpc_i4_m3_cost/lag0p500_mpc_i4_m3_cost_y_fun_jac_ut_xt.o lag0p500_mpc_i4_m3_cost/lag0p500_mpc_i4_m3_cost_y_fun_jac_ut_xt.c
[mpc_node-4] cc -fPIC -std=c99   -O2 -I/home/shirui/acados/include -I/home/shirui/acados/include/acados -I/home/shirui/acados/include/blasfeo/include -I/home/shirui/acados/include/hpipm/include  -c -o lag0p500_mpc_i2_m3_cost/lag0p500_mpc_i2_m3_cost_y_fun.o lag0p500_mpc_i2_m3_cost/lag0p500_mpc_i2_m3_cost_y_fun.c
[mpc_node-2] cc -fPIC -std=c99   -O2 -I/home/shirui/acados/include -I/home/shirui/acados/include/acados -I/home/shirui/acados/include/blasfeo/include -I/home/shirui/acados/include/hpipm/include  -c -o lag0p500_mpc_i0_m4_cost/lag0p500_mpc_i0_m4_cost_y_fun.o lag0p500_mpc_i0_m4_cost/lag0p500_mpc_i0_m4_cost_y_fun.c
[mpc_node-3] cc -fPIC -std=c99   -O2 -I/home/shirui/acados/include -I/home/shirui/acados/include/acados -I/home/shirui/acados/include/blasfeo/include -I/home/shirui/acados/include/hpipm/include  -c -o lag0p500_mpc_i1_m3_cost/lag0p500_mpc_i1_m3_cost_y_fun_jac_ut_xt.o lag0p500_mpc_i1_m3_cost/lag0p500_mpc_i1_m3_cost_y_fun_jac_ut_xt.c
[mpc_node-10] cc -fPIC -std=c99   -O2 -I/home/shirui/acados/include -I/home/shirui/acados/include/acados -I/home/shirui/acados/include/blasfeo/include -I/home/shirui/acados/include/hpipm/include  -c -o lag0p500_mpc_i8_m2_cost/lag0p500_mpc_i8_m2_cost_y_fun_jac_ut_xt.o lag0p500_mpc_i8_m2_cost/lag0p500_mpc_i8_m2_cost_y_fun_jac_ut_xt.c
[mpc_node-9] cc -fPIC -std=c99   -O2 -I/home/shirui/acados/include -I/home/shirui/acados/include/acados -I/home/shirui/acados/include/blasfeo/include -I/home/shirui/acados/include/hpipm/include  -c -o lag0p500_mpc_i7_m2_cost/lag0p500_mpc_i7_m2_cost_y_fun_jac_ut_xt.o lag0p500_mpc_i7_m2_cost/lag0p500_mpc_i7_m2_cost_y_fun_jac_ut_xt.c
[mpc_node-7] cc -fPIC -std=c99   -O2 -I/home/shirui/acados/include -I/home/shirui/acados/include/acados -I/home/shirui/acados/include/blasfeo/include -I/home/shirui/acados/include/hpipm/include  -c -o lag0p500_mpc_i5_m2_cost/lag0p500_mpc_i5_m2_cost_y_0_hess.o lag0p500_mpc_i5_m2_cost/lag0p500_mpc_i5_m2_cost_y_0_hess.c
[mpc_node-8] cc -fPIC -std=c99   -O2 -I/home/shirui/acados/include -I/home/shirui/acados/include/acados -I/home/shirui/acados/include/blasfeo/include -I/home/shirui/acados/include/hpipm/include  -c -o lag0p500_mpc_i6_m2_cost/lag0p500_mpc_i6_m2_cost_y_fun_jac_ut_xt.o lag0p500_mpc_i6_m2_cost/lag0p500_mpc_i6_m2_cost_y_fun_jac_ut_xt.c
[mpc_node-5] cc -fPIC -std=c99   -O2 -I/home/shirui/acados/include -I/home/shirui/acados/include/acados -I/home/shirui/acados/include/blasfeo/include -I/home/shirui/acados/include/hpipm/include  -c -o lag0p500_mpc_i3_m3_cost/lag0p500_mpc_i3_m3_cost_y_hess.o lag0p500_mpc_i3_m3_cost/lag0p500_mpc_i3_m3_cost_y_hess.c
[mpc_node-4] cc -fPIC -std=c99   -O2 -I/home/shirui/acados/include -I/home/shirui/acados/include/acados -I/home/shirui/acados/include/blasfeo/include -I/home/shirui/acados/include/hpipm/include  -c -o lag0p500_mpc_i2_m3_cost/lag0p500_mpc_i2_m3_cost_y_fun_jac_ut_xt.o lag0p500_mpc_i2_m3_cost/lag0p500_mpc_i2_m3_cost_y_fun_jac_ut_xt.c
[mpc_node-6] cc -fPIC -std=c99   -O2 -I/home/shirui/acados/include -I/home/shirui/acados/include/acados -I/home/shirui/acados/include/blasfeo/include -I/home/shirui/acados/include/hpipm/include  -c -o lag0p500_mpc_i4_m3_cost/lag0p500_mpc_i4_m3_cost_y_hess.o lag0p500_mpc_i4_m3_cost/lag0p500_mpc_i4_m3_cost_y_hess.c
[mpc_node-2] cc -fPIC -std=c99   -O2 -I/home/shirui/acados/include -I/home/shirui/acados/include/acados -I/home/shirui/acados/include/blasfeo/include -I/home/shirui/acados/include/hpipm/include  -c -o lag0p500_mpc_i0_m4_cost/lag0p500_mpc_i0_m4_cost_y_fun_jac_ut_xt.o lag0p500_mpc_i0_m4_cost/lag0p500_mpc_i0_m4_cost_y_fun_jac_ut_xt.c
[mpc_node-7] cc -fPIC -std=c99   -O2 -I/home/shirui/acados/include -I/home/shirui/acados/include/acados -I/home/shirui/acados/include/blasfeo/include -I/home/shirui/acados/include/hpipm/include  -c -o lag0p500_mpc_i5_m2_cost/lag0p500_mpc_i5_m2_cost_y_fun.o lag0p500_mpc_i5_m2_cost/lag0p500_mpc_i5_m2_cost_y_fun.c
[mpc_node-9] cc -fPIC -std=c99   -O2 -I/home/shirui/acados/include -I/home/shirui/acados/include/acados -I/home/shirui/acados/include/blasfeo/include -I/home/shirui/acados/include/hpipm/include  -c -o lag0p500_mpc_i7_m2_cost/lag0p500_mpc_i7_m2_cost_y_hess.o lag0p500_mpc_i7_m2_cost/lag0p500_mpc_i7_m2_cost_y_hess.c
[mpc_node-8] cc -fPIC -std=c99   -O2 -I/home/shirui/acados/include -I/home/shirui/acados/include/acados -I/home/shirui/acados/include/blasfeo/include -I/home/shirui/acados/include/hpipm/include  -c -o lag0p500_mpc_i6_m2_cost/lag0p500_mpc_i6_m2_cost_y_hess.o lag0p500_mpc_i6_m2_cost/lag0p500_mpc_i6_m2_cost_y_hess.c
[mpc_node-5] cc -fPIC -std=c99   -O2 -I/home/shirui/acados/include -I/home/shirui/acados/include/acados -I/home/shirui/acados/include/blasfeo/include -I/home/shirui/acados/include/hpipm/include  -c -o lag0p500_mpc_i3_m3_cost/lag0p500_mpc_i3_m3_cost_y_e_fun.o lag0p500_mpc_i3_m3_cost/lag0p500_mpc_i3_m3_cost_y_e_fun.c
[mpc_node-3] cc -fPIC -std=c99   -O2 -I/home/shirui/acados/include -I/home/shirui/acados/include/acados -I/home/shirui/acados/include/blasfeo/include -I/home/shirui/acados/include/hpipm/include  -c -o lag0p500_mpc_i1_m3_cost/lag0p500_mpc_i1_m3_cost_y_hess.o lag0p500_mpc_i1_m3_cost/lag0p500_mpc_i1_m3_cost_y_hess.c
[mpc_node-10] cc -fPIC -std=c99   -O2 -I/home/shirui/acados/include -I/home/shirui/acados/include/acados -I/home/shirui/acados/include/blasfeo/include -I/home/shirui/acados/include/hpipm/include  -c -o lag0p500_mpc_i8_m2_cost/lag0p500_mpc_i8_m2_cost_y_hess.o lag0p500_mpc_i8_m2_cost/lag0p500_mpc_i8_m2_cost_y_hess.c
[mpc_node-6] cc -fPIC -std=c99   -O2 -I/home/shirui/acados/include -I/home/shirui/acados/include/acados -I/home/shirui/acados/include/blasfeo/include -I/home/shirui/acados/include/hpipm/include  -c -o lag0p500_mpc_i4_m3_cost/lag0p500_mpc_i4_m3_cost_y_e_fun.o lag0p500_mpc_i4_m3_cost/lag0p500_mpc_i4_m3_cost_y_e_fun.c
[mpc_node-4] cc -fPIC -std=c99   -O2 -I/home/shirui/acados/include -I/home/shirui/acados/include/acados -I/home/shirui/acados/include/blasfeo/include -I/home/shirui/acados/include/hpipm/include  -c -o lag0p500_mpc_i2_m3_cost/lag0p500_mpc_i2_m3_cost_y_hess.o lag0p500_mpc_i2_m3_cost/lag0p500_mpc_i2_m3_cost_y_hess.c
[mpc_node-7] cc -fPIC -std=c99   -O2 -I/home/shirui/acados/include -I/home/shirui/acados/include/acados -I/home/shirui/acados/include/blasfeo/include -I/home/shirui/acados/include/hpipm/include  -c -o lag0p500_mpc_i5_m2_cost/lag0p500_mpc_i5_m2_cost_y_fun_jac_ut_xt.o lag0p500_mpc_i5_m2_cost/lag0p500_mpc_i5_m2_cost_y_fun_jac_ut_xt.c
[mpc_node-9] cc -fPIC -std=c99   -O2 -I/home/shirui/acados/include -I/home/shirui/acados/include/acados -I/home/shirui/acados/include/blasfeo/include -I/home/shirui/acados/include/hpipm/include  -c -o lag0p500_mpc_i7_m2_cost/lag0p500_mpc_i7_m2_cost_y_e_fun.o lag0p500_mpc_i7_m2_cost/lag0p500_mpc_i7_m2_cost_y_e_fun.c
[mpc_node-5] cc -fPIC -std=c99   -O2 -I/home/shirui/acados/include -I/home/shirui/acados/include/acados -I/home/shirui/acados/include/blasfeo/include -I/home/shirui/acados/include/hpipm/include  -c -o lag0p500_mpc_i3_m3_cost/lag0p500_mpc_i3_m3_cost_y_e_fun_jac_ut_xt.o lag0p500_mpc_i3_m3_cost/lag0p500_mpc_i3_m3_cost_y_e_fun_jac_ut_xt.c
[mpc_node-2] cc -fPIC -std=c99   -O2 -I/home/shirui/acados/include -I/home/shirui/acados/include/acados -I/home/shirui/acados/include/blasfeo/include -I/home/shirui/acados/include/hpipm/include  -c -o lag0p500_mpc_i0_m4_cost/lag0p500_mpc_i0_m4_cost_y_hess.o lag0p500_mpc_i0_m4_cost/lag0p500_mpc_i0_m4_cost_y_hess.c
[mpc_node-8] cc -fPIC -std=c99   -O2 -I/home/shirui/acados/include -I/home/shirui/acados/include/acados -I/home/shirui/acados/include/blasfeo/include -I/home/shirui/acados/include/hpipm/include  -c -o lag0p500_mpc_i6_m2_cost/lag0p500_mpc_i6_m2_cost_y_e_fun.o lag0p500_mpc_i6_m2_cost/lag0p500_mpc_i6_m2_cost_y_e_fun.c
[mpc_node-3] cc -fPIC -std=c99   -O2 -I/home/shirui/acados/include -I/home/shirui/acados/include/acados -I/home/shirui/acados/include/blasfeo/include -I/home/shirui/acados/include/hpipm/include  -c -o lag0p500_mpc_i1_m3_cost/lag0p500_mpc_i1_m3_cost_y_e_fun.o lag0p500_mpc_i1_m3_cost/lag0p500_mpc_i1_m3_cost_y_e_fun.c
[mpc_node-10] cc -fPIC -std=c99   -O2 -I/home/shirui/acados/include -I/home/shirui/acados/include/acados -I/home/shirui/acados/include/blasfeo/include -I/home/shirui/acados/include/hpipm/include  -c -o lag0p500_mpc_i8_m2_cost/lag0p500_mpc_i8_m2_cost_y_e_fun.o lag0p500_mpc_i8_m2_cost/lag0p500_mpc_i8_m2_cost_y_e_fun.c
[mpc_node-6] cc -fPIC -std=c99   -O2 -I/home/shirui/acados/include -I/home/shirui/acados/include/acados -I/home/shirui/acados/include/blasfeo/include -I/home/shirui/acados/include/hpipm/include  -c -o lag0p500_mpc_i4_m3_cost/lag0p500_mpc_i4_m3_cost_y_e_fun_jac_ut_xt.o lag0p500_mpc_i4_m3_cost/lag0p500_mpc_i4_m3_cost_y_e_fun_jac_ut_xt.c
[mpc_node-9] cc -fPIC -std=c99   -O2 -I/home/shirui/acados/include -I/home/shirui/acados/include/acados -I/home/shirui/acados/include/blasfeo/include -I/home/shirui/acados/include/hpipm/include  -c -o lag0p500_mpc_i7_m2_cost/lag0p500_mpc_i7_m2_cost_y_e_fun_jac_ut_xt.o lag0p500_mpc_i7_m2_cost/lag0p500_mpc_i7_m2_cost_y_e_fun_jac_ut_xt.c
[mpc_node-5] cc -fPIC -std=c99   -O2 -I/home/shirui/acados/include -I/home/shirui/acados/include/acados -I/home/shirui/acados/include/blasfeo/include -I/home/shirui/acados/include/hpipm/include  -c -o lag0p500_mpc_i3_m3_cost/lag0p500_mpc_i3_m3_cost_y_e_hess.o lag0p500_mpc_i3_m3_cost/lag0p500_mpc_i3_m3_cost_y_e_hess.c
[mpc_node-8] cc -fPIC -std=c99   -O2 -I/home/shirui/acados/include -I/home/shirui/acados/include/acados -I/home/shirui/acados/include/blasfeo/include -I/home/shirui/acados/include/hpipm/include  -c -o lag0p500_mpc_i6_m2_cost/lag0p500_mpc_i6_m2_cost_y_e_fun_jac_ut_xt.o lag0p500_mpc_i6_m2_cost/lag0p500_mpc_i6_m2_cost_y_e_fun_jac_ut_xt.c
[mpc_node-4] cc -fPIC -std=c99   -O2 -I/home/shirui/acados/include -I/home/shirui/acados/include/acados -I/home/shirui/acados/include/blasfeo/include -I/home/shirui/acados/include/hpipm/include  -c -o lag0p500_mpc_i2_m3_cost/lag0p500_mpc_i2_m3_cost_y_e_fun.o lag0p500_mpc_i2_m3_cost/lag0p500_mpc_i2_m3_cost_y_e_fun.c
[mpc_node-3] cc -fPIC -std=c99   -O2 -I/home/shirui/acados/include -I/home/shirui/acados/include/acados -I/home/shirui/acados/include/blasfeo/include -I/home/shirui/acados/include/hpipm/include  -c -o lag0p500_mpc_i1_m3_cost/lag0p500_mpc_i1_m3_cost_y_e_fun_jac_ut_xt.o lag0p500_mpc_i1_m3_cost/lag0p500_mpc_i1_m3_cost_y_e_fun_jac_ut_xt.c
[mpc_node-10] cc -fPIC -std=c99   -O2 -I/home/shirui/acados/include -I/home/shirui/acados/include/acados -I/home/shirui/acados/include/blasfeo/include -I/home/shirui/acados/include/hpipm/include  -c -o lag0p500_mpc_i8_m2_cost/lag0p500_mpc_i8_m2_cost_y_e_fun_jac_ut_xt.o lag0p500_mpc_i8_m2_cost/lag0p500_mpc_i8_m2_cost_y_e_fun_jac_ut_xt.c
[mpc_node-6] cc -fPIC -std=c99   -O2 -I/home/shirui/acados/include -I/home/shirui/acados/include/acados -I/home/shirui/acados/include/blasfeo/include -I/home/shirui/acados/include/hpipm/include  -c -o lag0p500_mpc_i4_m3_cost/lag0p500_mpc_i4_m3_cost_y_e_hess.o lag0p500_mpc_i4_m3_cost/lag0p500_mpc_i4_m3_cost_y_e_hess.c
[mpc_node-7] cc -fPIC -std=c99   -O2 -I/home/shirui/acados/include -I/home/shirui/acados/include/acados -I/home/shirui/acados/include/blasfeo/include -I/home/shirui/acados/include/hpipm/include  -c -o lag0p500_mpc_i5_m2_cost/lag0p500_mpc_i5_m2_cost_y_hess.o lag0p500_mpc_i5_m2_cost/lag0p500_mpc_i5_m2_cost_y_hess.c
[mpc_node-5] cc -fPIC -std=c99   -O2 -I/home/shirui/acados/include -I/home/shirui/acados/include/acados -I/home/shirui/acados/include/blasfeo/include -I/home/shirui/acados/include/hpipm/include  -c -o acados_solver_lag0p500_mpc_i3_m3.o acados_solver_lag0p500_mpc_i3_m3.c
[mpc_node-9] cc -fPIC -std=c99   -O2 -I/home/shirui/acados/include -I/home/shirui/acados/include/acados -I/home/shirui/acados/include/blasfeo/include -I/home/shirui/acados/include/hpipm/include  -c -o lag0p500_mpc_i7_m2_cost/lag0p500_mpc_i7_m2_cost_y_e_hess.o lag0p500_mpc_i7_m2_cost/lag0p500_mpc_i7_m2_cost_y_e_hess.c
[mpc_node-8] cc -fPIC -std=c99   -O2 -I/home/shirui/acados/include -I/home/shirui/acados/include/acados -I/home/shirui/acados/include/blasfeo/include -I/home/shirui/acados/include/hpipm/include  -c -o lag0p500_mpc_i6_m2_cost/lag0p500_mpc_i6_m2_cost_y_e_hess.o lag0p500_mpc_i6_m2_cost/lag0p500_mpc_i6_m2_cost_y_e_hess.c
[mpc_node-2] cc -fPIC -std=c99   -O2 -I/home/shirui/acados/include -I/home/shirui/acados/include/acados -I/home/shirui/acados/include/blasfeo/include -I/home/shirui/acados/include/hpipm/include  -c -o lag0p500_mpc_i0_m4_cost/lag0p500_mpc_i0_m4_cost_y_e_fun.o lag0p500_mpc_i0_m4_cost/lag0p500_mpc_i0_m4_cost_y_e_fun.c
[mpc_node-4] cc -fPIC -std=c99   -O2 -I/home/shirui/acados/include -I/home/shirui/acados/include/acados -I/home/shirui/acados/include/blasfeo/include -I/home/shirui/acados/include/hpipm/include  -c -o lag0p500_mpc_i2_m3_cost/lag0p500_mpc_i2_m3_cost_y_e_fun_jac_ut_xt.o lag0p500_mpc_i2_m3_cost/lag0p500_mpc_i2_m3_cost_y_e_fun_jac_ut_xt.c
[mpc_node-3] cc -fPIC -std=c99   -O2 -I/home/shirui/acados/include -I/home/shirui/acados/include/acados -I/home/shirui/acados/include/blasfeo/include -I/home/shirui/acados/include/hpipm/include  -c -o lag0p500_mpc_i1_m3_cost/lag0p500_mpc_i1_m3_cost_y_e_hess.o lag0p500_mpc_i1_m3_cost/lag0p500_mpc_i1_m3_cost_y_e_hess.c
[mpc_node-6] cc -fPIC -std=c99   -O2 -I/home/shirui/acados/include -I/home/shirui/acados/include/acados -I/home/shirui/acados/include/blasfeo/include -I/home/shirui/acados/include/hpipm/include  -c -o acados_solver_lag0p500_mpc_i4_m3.o acados_solver_lag0p500_mpc_i4_m3.c
[mpc_node-10] cc -fPIC -std=c99   -O2 -I/home/shirui/acados/include -I/home/shirui/acados/include/acados -I/home/shirui/acados/include/blasfeo/include -I/home/shirui/acados/include/hpipm/include  -c -o lag0p500_mpc_i8_m2_cost/lag0p500_mpc_i8_m2_cost_y_e_hess.o lag0p500_mpc_i8_m2_cost/lag0p500_mpc_i8_m2_cost_y_e_hess.c
[mpc_node-9] cc -fPIC -std=c99   -O2 -I/home/shirui/acados/include -I/home/shirui/acados/include/acados -I/home/shirui/acados/include/blasfeo/include -I/home/shirui/acados/include/hpipm/include  -c -o acados_solver_lag0p500_mpc_i7_m2.o acados_solver_lag0p500_mpc_i7_m2.c
[mpc_node-7] cc -fPIC -std=c99   -O2 -I/home/shirui/acados/include -I/home/shirui/acados/include/acados -I/home/shirui/acados/include/blasfeo/include -I/home/shirui/acados/include/hpipm/include  -c -o lag0p500_mpc_i5_m2_cost/lag0p500_mpc_i5_m2_cost_y_e_fun.o lag0p500_mpc_i5_m2_cost/lag0p500_mpc_i5_m2_cost_y_e_fun.c
[mpc_node-8] cc -fPIC -std=c99   -O2 -I/home/shirui/acados/include -I/home/shirui/acados/include/acados -I/home/shirui/acados/include/blasfeo/include -I/home/shirui/acados/include/hpipm/include  -c -o acados_solver_lag0p500_mpc_i6_m2.o acados_solver_lag0p500_mpc_i6_m2.c
[mpc_node-2] cc -fPIC -std=c99   -O2 -I/home/shirui/acados/include -I/home/shirui/acados/include/acados -I/home/shirui/acados/include/blasfeo/include -I/home/shirui/acados/include/hpipm/include  -c -o lag0p500_mpc_i0_m4_cost/lag0p500_mpc_i0_m4_cost_y_e_fun_jac_ut_xt.o lag0p500_mpc_i0_m4_cost/lag0p500_mpc_i0_m4_cost_y_e_fun_jac_ut_xt.c
[mpc_node-3] cc -fPIC -std=c99   -O2 -I/home/shirui/acados/include -I/home/shirui/acados/include/acados -I/home/shirui/acados/include/blasfeo/include -I/home/shirui/acados/include/hpipm/include  -c -o acados_solver_lag0p500_mpc_i1_m3.o acados_solver_lag0p500_mpc_i1_m3.c
[mpc_node-4] cc -fPIC -std=c99   -O2 -I/home/shirui/acados/include -I/home/shirui/acados/include/acados -I/home/shirui/acados/include/blasfeo/include -I/home/shirui/acados/include/hpipm/include  -c -o lag0p500_mpc_i2_m3_cost/lag0p500_mpc_i2_m3_cost_y_e_hess.o lag0p500_mpc_i2_m3_cost/lag0p500_mpc_i2_m3_cost_y_e_hess.c
[mpc_node-10] cc -fPIC -std=c99   -O2 -I/home/shirui/acados/include -I/home/shirui/acados/include/acados -I/home/shirui/acados/include/blasfeo/include -I/home/shirui/acados/include/hpipm/include  -c -o acados_solver_lag0p500_mpc_i8_m2.o acados_solver_lag0p500_mpc_i8_m2.c
[mpc_node-7] cc -fPIC -std=c99   -O2 -I/home/shirui/acados/include -I/home/shirui/acados/include/acados -I/home/shirui/acados/include/blasfeo/include -I/home/shirui/acados/include/hpipm/include  -c -o lag0p500_mpc_i5_m2_cost/lag0p500_mpc_i5_m2_cost_y_e_fun_jac_ut_xt.o lag0p500_mpc_i5_m2_cost/lag0p500_mpc_i5_m2_cost_y_e_fun_jac_ut_xt.c
[mpc_node-2] cc -fPIC -std=c99   -O2 -I/home/shirui/acados/include -I/home/shirui/acados/include/acados -I/home/shirui/acados/include/blasfeo/include -I/home/shirui/acados/include/hpipm/include  -c -o lag0p500_mpc_i0_m4_cost/lag0p500_mpc_i0_m4_cost_y_e_hess.o lag0p500_mpc_i0_m4_cost/lag0p500_mpc_i0_m4_cost_y_e_hess.c
[mpc_node-4] cc -fPIC -std=c99   -O2 -I/home/shirui/acados/include -I/home/shirui/acados/include/acados -I/home/shirui/acados/include/blasfeo/include -I/home/shirui/acados/include/hpipm/include  -c -o acados_solver_lag0p500_mpc_i2_m3.o acados_solver_lag0p500_mpc_i2_m3.c
[mpc_node-2] cc -fPIC -std=c99   -O2 -I/home/shirui/acados/include -I/home/shirui/acados/include/acados -I/home/shirui/acados/include/blasfeo/include -I/home/shirui/acados/include/hpipm/include  -c -o acados_solver_lag0p500_mpc_i0_m4.o acados_solver_lag0p500_mpc_i0_m4.c
[mpc_node-7] cc -fPIC -std=c99   -O2 -I/home/shirui/acados/include -I/home/shirui/acados/include/acados -I/home/shirui/acados/include/blasfeo/include -I/home/shirui/acados/include/hpipm/include  -c -o lag0p500_mpc_i5_m2_cost/lag0p500_mpc_i5_m2_cost_y_e_hess.o lag0p500_mpc_i5_m2_cost/lag0p500_mpc_i5_m2_cost_y_e_hess.c
[mpc_node-7] cc -fPIC -std=c99   -O2 -I/home/shirui/acados/include -I/home/shirui/acados/include/acados -I/home/shirui/acados/include/blasfeo/include -I/home/shirui/acados/include/hpipm/include  -c -o acados_solver_lag0p500_mpc_i5_m2.o acados_solver_lag0p500_mpc_i5_m2.c
[mpc_node-5] cc -fPIC -std=c99   -O2 -I/home/shirui/acados/include -I/home/shirui/acados/include/acados -I/home/shirui/acados/include/blasfeo/include -I/home/shirui/acados/include/hpipm/include  -c -o lag0p500_mpc_i3_m3_model/lag0p500_mpc_i3_m3_expl_ode_fun.o lag0p500_mpc_i3_m3_model/lag0p500_mpc_i3_m3_expl_ode_fun.c
[mpc_node-6] cc -fPIC -std=c99   -O2 -I/home/shirui/acados/include -I/home/shirui/acados/include/acados -I/home/shirui/acados/include/blasfeo/include -I/home/shirui/acados/include/hpipm/include  -c -o lag0p500_mpc_i4_m3_model/lag0p500_mpc_i4_m3_expl_ode_fun.o lag0p500_mpc_i4_m3_model/lag0p500_mpc_i4_m3_expl_ode_fun.c
[mpc_node-5] cc -fPIC -std=c99   -O2 -I/home/shirui/acados/include -I/home/shirui/acados/include/acados -I/home/shirui/acados/include/blasfeo/include -I/home/shirui/acados/include/hpipm/include  -c -o lag0p500_mpc_i3_m3_model/lag0p500_mpc_i3_m3_expl_vde_forw.o lag0p500_mpc_i3_m3_model/lag0p500_mpc_i3_m3_expl_vde_forw.c
[mpc_node-9] cc -fPIC -std=c99   -O2 -I/home/shirui/acados/include -I/home/shirui/acados/include/acados -I/home/shirui/acados/include/blasfeo/include -I/home/shirui/acados/include/hpipm/include  -c -o lag0p500_mpc_i7_m2_model/lag0p500_mpc_i7_m2_expl_ode_fun.o lag0p500_mpc_i7_m2_model/lag0p500_mpc_i7_m2_expl_ode_fun.c
[mpc_node-3] cc -fPIC -std=c99   -O2 -I/home/shirui/acados/include -I/home/shirui/acados/include/acados -I/home/shirui/acados/include/blasfeo/include -I/home/shirui/acados/include/hpipm/include  -c -o lag0p500_mpc_i1_m3_model/lag0p500_mpc_i1_m3_expl_ode_fun.o lag0p500_mpc_i1_m3_model/lag0p500_mpc_i1_m3_expl_ode_fun.c
[mpc_node-6] cc -fPIC -std=c99   -O2 -I/home/shirui/acados/include -I/home/shirui/acados/include/acados -I/home/shirui/acados/include/blasfeo/include -I/home/shirui/acados/include/hpipm/include  -c -o lag0p500_mpc_i4_m3_model/lag0p500_mpc_i4_m3_expl_vde_forw.o lag0p500_mpc_i4_m3_model/lag0p500_mpc_i4_m3_expl_vde_forw.c
[mpc_node-10] cc -fPIC -std=c99   -O2 -I/home/shirui/acados/include -I/home/shirui/acados/include/acados -I/home/shirui/acados/include/blasfeo/include -I/home/shirui/acados/include/hpipm/include  -c -o lag0p500_mpc_i8_m2_model/lag0p500_mpc_i8_m2_expl_ode_fun.o lag0p500_mpc_i8_m2_model/lag0p500_mpc_i8_m2_expl_ode_fun.c
[mpc_node-9] cc -fPIC -std=c99   -O2 -I/home/shirui/acados/include -I/home/shirui/acados/include/acados -I/home/shirui/acados/include/blasfeo/include -I/home/shirui/acados/include/hpipm/include  -c -o lag0p500_mpc_i7_m2_model/lag0p500_mpc_i7_m2_expl_vde_forw.o lag0p500_mpc_i7_m2_model/lag0p500_mpc_i7_m2_expl_vde_forw.c
[mpc_node-4] cc -fPIC -std=c99   -O2 -I/home/shirui/acados/include -I/home/shirui/acados/include/acados -I/home/shirui/acados/include/blasfeo/include -I/home/shirui/acados/include/hpipm/include  -c -o lag0p500_mpc_i2_m3_model/lag0p500_mpc_i2_m3_expl_ode_fun.o lag0p500_mpc_i2_m3_model/lag0p500_mpc_i2_m3_expl_ode_fun.c
[mpc_node-3] cc -fPIC -std=c99   -O2 -I/home/shirui/acados/include -I/home/shirui/acados/include/acados -I/home/shirui/acados/include/blasfeo/include -I/home/shirui/acados/include/hpipm/include  -c -o lag0p500_mpc_i1_m3_model/lag0p500_mpc_i1_m3_expl_vde_forw.o lag0p500_mpc_i1_m3_model/lag0p500_mpc_i1_m3_expl_vde_forw.c
[mpc_node-8] cc -fPIC -std=c99   -O2 -I/home/shirui/acados/include -I/home/shirui/acados/include/acados -I/home/shirui/acados/include/blasfeo/include -I/home/shirui/acados/include/hpipm/include  -c -o lag0p500_mpc_i6_m2_model/lag0p500_mpc_i6_m2_expl_ode_fun.o lag0p500_mpc_i6_m2_model/lag0p500_mpc_i6_m2_expl_ode_fun.c
[mpc_node-5] cc -fPIC -std=c99   -O2 -I/home/shirui/acados/include -I/home/shirui/acados/include/acados -I/home/shirui/acados/include/blasfeo/include -I/home/shirui/acados/include/hpipm/include  -c -o lag0p500_mpc_i3_m3_model/lag0p500_mpc_i3_m3_expl_vde_adj.o lag0p500_mpc_i3_m3_model/lag0p500_mpc_i3_m3_expl_vde_adj.c
[mpc_node-10] cc -fPIC -std=c99   -O2 -I/home/shirui/acados/include -I/home/shirui/acados/include/acados -I/home/shirui/acados/include/blasfeo/include -I/home/shirui/acados/include/hpipm/include  -c -o lag0p500_mpc_i8_m2_model/lag0p500_mpc_i8_m2_expl_vde_forw.o lag0p500_mpc_i8_m2_model/lag0p500_mpc_i8_m2_expl_vde_forw.c
[mpc_node-2] cc -fPIC -std=c99   -O2 -I/home/shirui/acados/include -I/home/shirui/acados/include/acados -I/home/shirui/acados/include/blasfeo/include -I/home/shirui/acados/include/hpipm/include  -c -o lag0p500_mpc_i0_m4_model/lag0p500_mpc_i0_m4_expl_ode_fun.o lag0p500_mpc_i0_m4_model/lag0p500_mpc_i0_m4_expl_ode_fun.c
[mpc_node-6] cc -fPIC -std=c99   -O2 -I/home/shirui/acados/include -I/home/shirui/acados/include/acados -I/home/shirui/acados/include/blasfeo/include -I/home/shirui/acados/include/hpipm/include  -c -o lag0p500_mpc_i4_m3_model/lag0p500_mpc_i4_m3_expl_vde_adj.o lag0p500_mpc_i4_m3_model/lag0p500_mpc_i4_m3_expl_vde_adj.c
[mpc_node-4] cc -fPIC -std=c99   -O2 -I/home/shirui/acados/include -I/home/shirui/acados/include/acados -I/home/shirui/acados/include/blasfeo/include -I/home/shirui/acados/include/hpipm/include  -c -o lag0p500_mpc_i2_m3_model/lag0p500_mpc_i2_m3_expl_vde_forw.o lag0p500_mpc_i2_m3_model/lag0p500_mpc_i2_m3_expl_vde_forw.c
[mpc_node-8] cc -fPIC -std=c99   -O2 -I/home/shirui/acados/include -I/home/shirui/acados/include/acados -I/home/shirui/acados/include/blasfeo/include -I/home/shirui/acados/include/hpipm/include  -c -o lag0p500_mpc_i6_m2_model/lag0p500_mpc_i6_m2_expl_vde_forw.o lag0p500_mpc_i6_m2_model/lag0p500_mpc_i6_m2_expl_vde_forw.c
[mpc_node-9] cc -fPIC -std=c99   -O2 -I/home/shirui/acados/include -I/home/shirui/acados/include/acados -I/home/shirui/acados/include/blasfeo/include -I/home/shirui/acados/include/hpipm/include  -c -o lag0p500_mpc_i7_m2_model/lag0p500_mpc_i7_m2_expl_vde_adj.o lag0p500_mpc_i7_m2_model/lag0p500_mpc_i7_m2_expl_vde_adj.c
[mpc_node-5] cc -shared lag0p500_mpc_i3_m3_constraints/lag0p500_mpc_i3_m3_constr_h_0_fun_jac_uxt_zt.o lag0p500_mpc_i3_m3_constraints/lag0p500_mpc_i3_m3_constr_h_0_fun.o lag0p500_mpc_i3_m3_constraints/lag0p500_mpc_i3_m3_constr_h_fun_jac_uxt_zt.o lag0p500_mpc_i3_m3_constraints/lag0p500_mpc_i3_m3_constr_h_fun.o lag0p500_mpc_i3_m3_cost/lag0p500_mpc_i3_m3_cost_y_0_fun.o lag0p500_mpc_i3_m3_cost/lag0p500_mpc_i3_m3_cost_y_0_fun_jac_ut_xt.o lag0p500_mpc_i3_m3_cost/lag0p500_mpc_i3_m3_cost_y_0_hess.o lag0p500_mpc_i3_m3_cost/lag0p500_mpc_i3_m3_cost_y_fun.o lag0p500_mpc_i3_m3_cost/lag0p500_mpc_i3_m3_cost_y_fun_jac_ut_xt.o lag0p500_mpc_i3_m3_cost/lag0p500_mpc_i3_m3_cost_y_hess.o lag0p500_mpc_i3_m3_cost/lag0p500_mpc_i3_m3_cost_y_e_fun.o lag0p500_mpc_i3_m3_cost/lag0p500_mpc_i3_m3_cost_y_e_fun_jac_ut_xt.o lag0p500_mpc_i3_m3_cost/lag0p500_mpc_i3_m3_cost_y_e_hess.o acados_solver_lag0p500_mpc_i3_m3.o lag0p500_mpc_i3_m3_model/lag0p500_mpc_i3_m3_expl_ode_fun.o lag0p500_mpc_i3_m3_model/lag0p500_mpc_i3_m3_expl_vde_forw.o lag0p500_mpc_i3_m3_model/lag0p500_mpc_i3_m3_expl_vde_adj.o -o libacados_ocp_solver_lag0p500_mpc_i3_m3.so -L/home/shirui/acados/lib -lacados -lhpipm -lblasfeo -lm \
[mpc_node-5] -L -l
[mpc_node-3] cc -fPIC -std=c99   -O2 -I/home/shirui/acados/include -I/home/shirui/acados/include/acados -I/home/shirui/acados/include/blasfeo/include -I/home/shirui/acados/include/hpipm/include  -c -o lag0p500_mpc_i1_m3_model/lag0p500_mpc_i1_m3_expl_vde_adj.o lag0p500_mpc_i1_m3_model/lag0p500_mpc_i1_m3_expl_vde_adj.c
[mpc_node-2] cc -fPIC -std=c99   -O2 -I/home/shirui/acados/include -I/home/shirui/acados/include/acados -I/home/shirui/acados/include/blasfeo/include -I/home/shirui/acados/include/hpipm/include  -c -o lag0p500_mpc_i0_m4_model/lag0p500_mpc_i0_m4_expl_vde_forw.o lag0p500_mpc_i0_m4_model/lag0p500_mpc_i0_m4_expl_vde_forw.c
[mpc_node-7] cc -fPIC -std=c99   -O2 -I/home/shirui/acados/include -I/home/shirui/acados/include/acados -I/home/shirui/acados/include/blasfeo/include -I/home/shirui/acados/include/hpipm/include  -c -o lag0p500_mpc_i5_m2_model/lag0p500_mpc_i5_m2_expl_ode_fun.o lag0p500_mpc_i5_m2_model/lag0p500_mpc_i5_m2_expl_ode_fun.c
[mpc_node-6] cc -shared lag0p500_mpc_i4_m3_constraints/lag0p500_mpc_i4_m3_constr_h_0_fun_jac_uxt_zt.o lag0p500_mpc_i4_m3_constraints/lag0p500_mpc_i4_m3_constr_h_0_fun.o lag0p500_mpc_i4_m3_constraints/lag0p500_mpc_i4_m3_constr_h_fun_jac_uxt_zt.o lag0p500_mpc_i4_m3_constraints/lag0p500_mpc_i4_m3_constr_h_fun.o lag0p500_mpc_i4_m3_cost/lag0p500_mpc_i4_m3_cost_y_0_fun.o lag0p500_mpc_i4_m3_cost/lag0p500_mpc_i4_m3_cost_y_0_fun_jac_ut_xt.o lag0p500_mpc_i4_m3_cost/lag0p500_mpc_i4_m3_cost_y_0_hess.o lag0p500_mpc_i4_m3_cost/lag0p500_mpc_i4_m3_cost_y_fun.o lag0p500_mpc_i4_m3_cost/lag0p500_mpc_i4_m3_cost_y_fun_jac_ut_xt.o lag0p500_mpc_i4_m3_cost/lag0p500_mpc_i4_m3_cost_y_hess.o lag0p500_mpc_i4_m3_cost/lag0p500_mpc_i4_m3_cost_y_e_fun.o lag0p500_mpc_i4_m3_cost/lag0p500_mpc_i4_m3_cost_y_e_fun_jac_ut_xt.o lag0p500_mpc_i4_m3_cost/lag0p500_mpc_i4_m3_cost_y_e_hess.o acados_solver_lag0p500_mpc_i4_m3.o lag0p500_mpc_i4_m3_model/lag0p500_mpc_i4_m3_expl_ode_fun.o lag0p500_mpc_i4_m3_model/lag0p500_mpc_i4_m3_expl_vde_forw.o lag0p500_mpc_i4_m3_model/lag0p500_mpc_i4_m3_expl_vde_adj.o -o libacados_ocp_solver_lag0p500_mpc_i4_m3.so -L/home/shirui/acados/lib -lacados -lhpipm -lblasfeo -lm \
[mpc_node-6] -L -l
[mpc_node-10] cc -fPIC -std=c99   -O2 -I/home/shirui/acados/include -I/home/shirui/acados/include/acados -I/home/shirui/acados/include/blasfeo/include -I/home/shirui/acados/include/hpipm/include  -c -o lag0p500_mpc_i8_m2_model/lag0p500_mpc_i8_m2_expl_vde_adj.o lag0p500_mpc_i8_m2_model/lag0p500_mpc_i8_m2_expl_vde_adj.c
[mpc_node-5] [INFO] [1783591967.831346344] [px4_3.mpc_node_3]: acados OCP ready. model = interface-consistent (v_dot=(v_sp-v)/tau, tau=0.500s, publish u0)
[mpc_node-5] [INFO] [1783591967.831603402] [px4_3.mpc_node_3]: safety_filter ON: track<6.0m alt[0.3,8.0]m d_emerg=1.2m d_warn=2.0m self_timeout=0.3s
[mpc_node-4] cc -fPIC -std=c99   -O2 -I/home/shirui/acados/include -I/home/shirui/acados/include/acados -I/home/shirui/acados/include/blasfeo/include -I/home/shirui/acados/include/hpipm/include  -c -o lag0p500_mpc_i2_m3_model/lag0p500_mpc_i2_m3_expl_vde_adj.o lag0p500_mpc_i2_m3_model/lag0p500_mpc_i2_m3_expl_vde_adj.c
[mpc_node-5] [INFO] [1783591967.838736151] [px4_3.mpc_node_3]: mpc_controller drone 3 ready. birth=[3. 0. 0.], r_i0=[3. 0. 0.], neighbours=[0, 5, 7]
[mpc_node-9] cc -shared lag0p500_mpc_i7_m2_constraints/lag0p500_mpc_i7_m2_constr_h_0_fun_jac_uxt_zt.o lag0p500_mpc_i7_m2_constraints/lag0p500_mpc_i7_m2_constr_h_0_fun.o lag0p500_mpc_i7_m2_constraints/lag0p500_mpc_i7_m2_constr_h_fun_jac_uxt_zt.o lag0p500_mpc_i7_m2_constraints/lag0p500_mpc_i7_m2_constr_h_fun.o lag0p500_mpc_i7_m2_cost/lag0p500_mpc_i7_m2_cost_y_0_fun.o lag0p500_mpc_i7_m2_cost/lag0p500_mpc_i7_m2_cost_y_0_fun_jac_ut_xt.o lag0p500_mpc_i7_m2_cost/lag0p500_mpc_i7_m2_cost_y_0_hess.o lag0p500_mpc_i7_m2_cost/lag0p500_mpc_i7_m2_cost_y_fun.o lag0p500_mpc_i7_m2_cost/lag0p500_mpc_i7_m2_cost_y_fun_jac_ut_xt.o lag0p500_mpc_i7_m2_cost/lag0p500_mpc_i7_m2_cost_y_hess.o lag0p500_mpc_i7_m2_cost/lag0p500_mpc_i7_m2_cost_y_e_fun.o lag0p500_mpc_i7_m2_cost/lag0p500_mpc_i7_m2_cost_y_e_fun_jac_ut_xt.o lag0p500_mpc_i7_m2_cost/lag0p500_mpc_i7_m2_cost_y_e_hess.o acados_solver_lag0p500_mpc_i7_m2.o lag0p500_mpc_i7_m2_model/lag0p500_mpc_i7_m2_expl_ode_fun.o lag0p500_mpc_i7_m2_model/lag0p500_mpc_i7_m2_expl_vde_forw.o lag0p500_mpc_i7_m2_model/lag0p500_mpc_i7_m2_expl_vde_adj.o -o libacados_ocp_solver_lag0p500_mpc_i7_m2.so -L/home/shirui/acados/lib -lacados -lhpipm -lblasfeo -lm \
[mpc_node-9] -L -l
[mpc_node-3] cc -shared lag0p500_mpc_i1_m3_constraints/lag0p500_mpc_i1_m3_constr_h_0_fun_jac_uxt_zt.o lag0p500_mpc_i1_m3_constraints/lag0p500_mpc_i1_m3_constr_h_0_fun.o lag0p500_mpc_i1_m3_constraints/lag0p500_mpc_i1_m3_constr_h_fun_jac_uxt_zt.o lag0p500_mpc_i1_m3_constraints/lag0p500_mpc_i1_m3_constr_h_fun.o lag0p500_mpc_i1_m3_cost/lag0p500_mpc_i1_m3_cost_y_0_fun.o lag0p500_mpc_i1_m3_cost/lag0p500_mpc_i1_m3_cost_y_0_fun_jac_ut_xt.o lag0p500_mpc_i1_m3_cost/lag0p500_mpc_i1_m3_cost_y_0_hess.o lag0p500_mpc_i1_m3_cost/lag0p500_mpc_i1_m3_cost_y_fun.o lag0p500_mpc_i1_m3_cost/lag0p500_mpc_i1_m3_cost_y_fun_jac_ut_xt.o lag0p500_mpc_i1_m3_cost/lag0p500_mpc_i1_m3_cost_y_hess.o lag0p500_mpc_i1_m3_cost/lag0p500_mpc_i1_m3_cost_y_e_fun.o lag0p500_mpc_i1_m3_cost/lag0p500_mpc_i1_m3_cost_y_e_fun_jac_ut_xt.o lag0p500_mpc_i1_m3_cost/lag0p500_mpc_i1_m3_cost_y_e_hess.o acados_solver_lag0p500_mpc_i1_m3.o lag0p500_mpc_i1_m3_model/lag0p500_mpc_i1_m3_expl_ode_fun.o lag0p500_mpc_i1_m3_model/lag0p500_mpc_i1_m3_expl_vde_forw.o lag0p500_mpc_i1_m3_model/lag0p500_mpc_i1_m3_expl_vde_adj.o -o libacados_ocp_solver_lag0p500_mpc_i1_m3.so -L/home/shirui/acados/lib -lacados -lhpipm -lblasfeo -lm \
[mpc_node-3] -L -l
[mpc_node-8] cc -fPIC -std=c99   -O2 -I/home/shirui/acados/include -I/home/shirui/acados/include/acados -I/home/shirui/acados/include/blasfeo/include -I/home/shirui/acados/include/hpipm/include  -c -o lag0p500_mpc_i6_m2_model/lag0p500_mpc_i6_m2_expl_vde_adj.o lag0p500_mpc_i6_m2_model/lag0p500_mpc_i6_m2_expl_vde_adj.c
[mpc_node-6] [INFO] [1783591967.842566893] [px4_4.mpc_node_4]: acados OCP ready. model = interface-consistent (v_dot=(v_sp-v)/tau, tau=0.500s, publish u0)
[mpc_node-6] [INFO] [1783591967.842747886] [px4_4.mpc_node_4]: safety_filter ON: track<6.0m alt[0.3,8.0]m d_emerg=1.2m d_warn=2.0m self_timeout=0.3s
[mpc_node-7] cc -fPIC -std=c99   -O2 -I/home/shirui/acados/include -I/home/shirui/acados/include/acados -I/home/shirui/acados/include/blasfeo/include -I/home/shirui/acados/include/hpipm/include  -c -o lag0p500_mpc_i5_m2_model/lag0p500_mpc_i5_m2_expl_vde_forw.o lag0p500_mpc_i5_m2_model/lag0p500_mpc_i5_m2_expl_vde_forw.c
[mpc_node-6] [INFO] [1783591967.848189195] [px4_4.mpc_node_4]: mpc_controller drone 4 ready. birth=[-3.  0.  0.], r_i0=[-3.  0.  0.], neighbours=[0, 6, 8]
[mpc_node-2] cc -fPIC -std=c99   -O2 -I/home/shirui/acados/include -I/home/shirui/acados/include/acados -I/home/shirui/acados/include/blasfeo/include -I/home/shirui/acados/include/hpipm/include  -c -o lag0p500_mpc_i0_m4_model/lag0p500_mpc_i0_m4_expl_vde_adj.o lag0p500_mpc_i0_m4_model/lag0p500_mpc_i0_m4_expl_vde_adj.c
[mpc_node-10] cc -shared lag0p500_mpc_i8_m2_constraints/lag0p500_mpc_i8_m2_constr_h_0_fun_jac_uxt_zt.o lag0p500_mpc_i8_m2_constraints/lag0p500_mpc_i8_m2_constr_h_0_fun.o lag0p500_mpc_i8_m2_constraints/lag0p500_mpc_i8_m2_constr_h_fun_jac_uxt_zt.o lag0p500_mpc_i8_m2_constraints/lag0p500_mpc_i8_m2_constr_h_fun.o lag0p500_mpc_i8_m2_cost/lag0p500_mpc_i8_m2_cost_y_0_fun.o lag0p500_mpc_i8_m2_cost/lag0p500_mpc_i8_m2_cost_y_0_fun_jac_ut_xt.o lag0p500_mpc_i8_m2_cost/lag0p500_mpc_i8_m2_cost_y_0_hess.o lag0p500_mpc_i8_m2_cost/lag0p500_mpc_i8_m2_cost_y_fun.o lag0p500_mpc_i8_m2_cost/lag0p500_mpc_i8_m2_cost_y_fun_jac_ut_xt.o lag0p500_mpc_i8_m2_cost/lag0p500_mpc_i8_m2_cost_y_hess.o lag0p500_mpc_i8_m2_cost/lag0p500_mpc_i8_m2_cost_y_e_fun.o lag0p500_mpc_i8_m2_cost/lag0p500_mpc_i8_m2_cost_y_e_fun_jac_ut_xt.o lag0p500_mpc_i8_m2_cost/lag0p500_mpc_i8_m2_cost_y_e_hess.o acados_solver_lag0p500_mpc_i8_m2.o lag0p500_mpc_i8_m2_model/lag0p500_mpc_i8_m2_expl_ode_fun.o lag0p500_mpc_i8_m2_model/lag0p500_mpc_i8_m2_expl_vde_forw.o lag0p500_mpc_i8_m2_model/lag0p500_mpc_i8_m2_expl_vde_adj.o -o libacados_ocp_solver_lag0p500_mpc_i8_m2.so -L/home/shirui/acados/lib -lacados -lhpipm -lblasfeo -lm \
[mpc_node-10] -L -l
[mpc_node-9] [INFO] [1783591967.858688983] [px4_7.mpc_node_7]: acados OCP ready. model = interface-consistent (v_dot=(v_sp-v)/tau, tau=0.500s, publish u0)
[mpc_node-9] [INFO] [1783591967.858940006] [px4_7.mpc_node_7]: safety_filter ON: track<6.0m alt[0.3,8.0]m d_emerg=1.2m d_warn=2.0m self_timeout=0.3s
[mpc_node-3] [INFO] [1783591967.860101159] [px4_1.mpc_node_1]: acados OCP ready. model = interface-consistent (v_dot=(v_sp-v)/tau, tau=0.500s, publish u0)
[mpc_node-3] [INFO] [1783591967.860331479] [px4_1.mpc_node_1]: safety_filter ON: track<6.0m alt[0.3,8.0]m d_emerg=1.2m d_warn=2.0m self_timeout=0.3s
[mpc_node-4] cc -shared lag0p500_mpc_i2_m3_constraints/lag0p500_mpc_i2_m3_constr_h_0_fun_jac_uxt_zt.o lag0p500_mpc_i2_m3_constraints/lag0p500_mpc_i2_m3_constr_h_0_fun.o lag0p500_mpc_i2_m3_constraints/lag0p500_mpc_i2_m3_constr_h_fun_jac_uxt_zt.o lag0p500_mpc_i2_m3_constraints/lag0p500_mpc_i2_m3_constr_h_fun.o lag0p500_mpc_i2_m3_cost/lag0p500_mpc_i2_m3_cost_y_0_fun.o lag0p500_mpc_i2_m3_cost/lag0p500_mpc_i2_m3_cost_y_0_fun_jac_ut_xt.o lag0p500_mpc_i2_m3_cost/lag0p500_mpc_i2_m3_cost_y_0_hess.o lag0p500_mpc_i2_m3_cost/lag0p500_mpc_i2_m3_cost_y_fun.o lag0p500_mpc_i2_m3_cost/lag0p500_mpc_i2_m3_cost_y_fun_jac_ut_xt.o lag0p500_mpc_i2_m3_cost/lag0p500_mpc_i2_m3_cost_y_hess.o lag0p500_mpc_i2_m3_cost/lag0p500_mpc_i2_m3_cost_y_e_fun.o lag0p500_mpc_i2_m3_cost/lag0p500_mpc_i2_m3_cost_y_e_fun_jac_ut_xt.o lag0p500_mpc_i2_m3_cost/lag0p500_mpc_i2_m3_cost_y_e_hess.o acados_solver_lag0p500_mpc_i2_m3.o lag0p500_mpc_i2_m3_model/lag0p500_mpc_i2_m3_expl_ode_fun.o lag0p500_mpc_i2_m3_model/lag0p500_mpc_i2_m3_expl_vde_forw.o lag0p500_mpc_i2_m3_model/lag0p500_mpc_i2_m3_expl_vde_adj.o -o libacados_ocp_solver_lag0p500_mpc_i2_m3.so -L/home/shirui/acados/lib -lacados -lhpipm -lblasfeo -lm \
[mpc_node-4] -L -l
[mpc_node-8] cc -shared lag0p500_mpc_i6_m2_constraints/lag0p500_mpc_i6_m2_constr_h_0_fun_jac_uxt_zt.o lag0p500_mpc_i6_m2_constraints/lag0p500_mpc_i6_m2_constr_h_0_fun.o lag0p500_mpc_i6_m2_constraints/lag0p500_mpc_i6_m2_constr_h_fun_jac_uxt_zt.o lag0p500_mpc_i6_m2_constraints/lag0p500_mpc_i6_m2_constr_h_fun.o lag0p500_mpc_i6_m2_cost/lag0p500_mpc_i6_m2_cost_y_0_fun.o lag0p500_mpc_i6_m2_cost/lag0p500_mpc_i6_m2_cost_y_0_fun_jac_ut_xt.o lag0p500_mpc_i6_m2_cost/lag0p500_mpc_i6_m2_cost_y_0_hess.o lag0p500_mpc_i6_m2_cost/lag0p500_mpc_i6_m2_cost_y_fun.o lag0p500_mpc_i6_m2_cost/lag0p500_mpc_i6_m2_cost_y_fun_jac_ut_xt.o lag0p500_mpc_i6_m2_cost/lag0p500_mpc_i6_m2_cost_y_hess.o lag0p500_mpc_i6_m2_cost/lag0p500_mpc_i6_m2_cost_y_e_fun.o lag0p500_mpc_i6_m2_cost/lag0p500_mpc_i6_m2_cost_y_e_fun_jac_ut_xt.o lag0p500_mpc_i6_m2_cost/lag0p500_mpc_i6_m2_cost_y_e_hess.o acados_solver_lag0p500_mpc_i6_m2.o lag0p500_mpc_i6_m2_model/lag0p500_mpc_i6_m2_expl_ode_fun.o lag0p500_mpc_i6_m2_model/lag0p500_mpc_i6_m2_expl_vde_forw.o lag0p500_mpc_i6_m2_model/lag0p500_mpc_i6_m2_expl_vde_adj.o -o libacados_ocp_solver_lag0p500_mpc_i6_m2.so -L/home/shirui/acados/lib -lacados -lhpipm -lblasfeo -lm \
[mpc_node-8] -L -l
[mpc_node-9] [INFO] [1783591967.864973698] [px4_7.mpc_node_7]: mpc_controller drone 7 ready. birth=[ 3. -3.  0.], r_i0=[ 3. -3.  0.], neighbours=[2, 3]
[mpc_node-3] [INFO] [1783591967.865779709] [px4_1.mpc_node_1]: mpc_controller drone 1 ready. birth=[0. 3. 0.], r_i0=[0. 3. 0.], neighbours=[0, 5, 6]
[mpc_node-7] cc -fPIC -std=c99   -O2 -I/home/shirui/acados/include -I/home/shirui/acados/include/acados -I/home/shirui/acados/include/blasfeo/include -I/home/shirui/acados/include/hpipm/include  -c -o lag0p500_mpc_i5_m2_model/lag0p500_mpc_i5_m2_expl_vde_adj.o lag0p500_mpc_i5_m2_model/lag0p500_mpc_i5_m2_expl_vde_adj.c
[mpc_node-2] cc -shared lag0p500_mpc_i0_m4_constraints/lag0p500_mpc_i0_m4_constr_h_0_fun_jac_uxt_zt.o lag0p500_mpc_i0_m4_constraints/lag0p500_mpc_i0_m4_constr_h_0_fun.o lag0p500_mpc_i0_m4_constraints/lag0p500_mpc_i0_m4_constr_h_fun_jac_uxt_zt.o lag0p500_mpc_i0_m4_constraints/lag0p500_mpc_i0_m4_constr_h_fun.o lag0p500_mpc_i0_m4_cost/lag0p500_mpc_i0_m4_cost_y_0_fun.o lag0p500_mpc_i0_m4_cost/lag0p500_mpc_i0_m4_cost_y_0_fun_jac_ut_xt.o lag0p500_mpc_i0_m4_cost/lag0p500_mpc_i0_m4_cost_y_0_hess.o lag0p500_mpc_i0_m4_cost/lag0p500_mpc_i0_m4_cost_y_fun.o lag0p500_mpc_i0_m4_cost/lag0p500_mpc_i0_m4_cost_y_fun_jac_ut_xt.o lag0p500_mpc_i0_m4_cost/lag0p500_mpc_i0_m4_cost_y_hess.o lag0p500_mpc_i0_m4_cost/lag0p500_mpc_i0_m4_cost_y_e_fun.o lag0p500_mpc_i0_m4_cost/lag0p500_mpc_i0_m4_cost_y_e_fun_jac_ut_xt.o lag0p500_mpc_i0_m4_cost/lag0p500_mpc_i0_m4_cost_y_e_hess.o acados_solver_lag0p500_mpc_i0_m4.o lag0p500_mpc_i0_m4_model/lag0p500_mpc_i0_m4_expl_ode_fun.o lag0p500_mpc_i0_m4_model/lag0p500_mpc_i0_m4_expl_vde_forw.o lag0p500_mpc_i0_m4_model/lag0p500_mpc_i0_m4_expl_vde_adj.o -o libacados_ocp_solver_lag0p500_mpc_i0_m4.so -L/home/shirui/acados/lib -lacados -lhpipm -lblasfeo -lm \
[mpc_node-2] -L -l
[mpc_node-10] [INFO] [1783591967.879209189] [px4_8.mpc_node_8]: acados OCP ready. model = interface-consistent (v_dot=(v_sp-v)/tau, tau=0.500s, publish u0)
[mpc_node-10] [INFO] [1783591967.879389451] [px4_8.mpc_node_8]: safety_filter ON: track<6.0m alt[0.3,8.0]m d_emerg=1.2m d_warn=2.0m self_timeout=0.3s
[mpc_node-4] [INFO] [1783591967.880222764] [px4_2.mpc_node_2]: acados OCP ready. model = interface-consistent (v_dot=(v_sp-v)/tau, tau=0.500s, publish u0)
[mpc_node-4] [INFO] [1783591967.880437822] [px4_2.mpc_node_2]: safety_filter ON: track<6.0m alt[0.3,8.0]m d_emerg=1.2m d_warn=2.0m self_timeout=0.3s
[mpc_node-10] [INFO] [1783591967.884172325] [px4_8.mpc_node_8]: mpc_controller drone 8 ready. birth=[-3. -3.  0.], r_i0=[-3. -3.  0.], neighbours=[2, 4]
[mpc_node-8] [INFO] [1783591967.884194665] [px4_6.mpc_node_6]: acados OCP ready. model = interface-consistent (v_dot=(v_sp-v)/tau, tau=0.500s, publish u0)
[mpc_node-8] [INFO] [1783591967.884411811] [px4_6.mpc_node_6]: safety_filter ON: track<6.0m alt[0.3,8.0]m d_emerg=1.2m d_warn=2.0m self_timeout=0.3s
[mpc_node-4] [INFO] [1783591967.888233669] [px4_2.mpc_node_2]: mpc_controller drone 2 ready. birth=[ 0. -3.  0.], r_i0=[ 0. -3.  0.], neighbours=[0, 7, 8]
[mpc_node-2] [INFO] [1783591967.894284510] [px4_0.mpc_node_0]: acados OCP ready. model = interface-consistent (v_dot=(v_sp-v)/tau, tau=0.500s, publish u0)
[mpc_node-2] [INFO] [1783591967.894463050] [px4_0.mpc_node_0]: safety_filter ON: track<6.0m alt[0.3,8.0]m d_emerg=1.2m d_warn=2.0m self_timeout=0.3s
[mpc_node-8] [INFO] [1783591967.895592672] [px4_6.mpc_node_6]: mpc_controller drone 6 ready. birth=[-3.  3.  0.], r_i0=[-3.  3.  0.], neighbours=[1, 4]
[mpc_node-7] cc -shared lag0p500_mpc_i5_m2_constraints/lag0p500_mpc_i5_m2_constr_h_0_fun_jac_uxt_zt.o lag0p500_mpc_i5_m2_constraints/lag0p500_mpc_i5_m2_constr_h_0_fun.o lag0p500_mpc_i5_m2_constraints/lag0p500_mpc_i5_m2_constr_h_fun_jac_uxt_zt.o lag0p500_mpc_i5_m2_constraints/lag0p500_mpc_i5_m2_constr_h_fun.o lag0p500_mpc_i5_m2_cost/lag0p500_mpc_i5_m2_cost_y_0_fun.o lag0p500_mpc_i5_m2_cost/lag0p500_mpc_i5_m2_cost_y_0_fun_jac_ut_xt.o lag0p500_mpc_i5_m2_cost/lag0p500_mpc_i5_m2_cost_y_0_hess.o lag0p500_mpc_i5_m2_cost/lag0p500_mpc_i5_m2_cost_y_fun.o lag0p500_mpc_i5_m2_cost/lag0p500_mpc_i5_m2_cost_y_fun_jac_ut_xt.o lag0p500_mpc_i5_m2_cost/lag0p500_mpc_i5_m2_cost_y_hess.o lag0p500_mpc_i5_m2_cost/lag0p500_mpc_i5_m2_cost_y_e_fun.o lag0p500_mpc_i5_m2_cost/lag0p500_mpc_i5_m2_cost_y_e_fun_jac_ut_xt.o lag0p500_mpc_i5_m2_cost/lag0p500_mpc_i5_m2_cost_y_e_hess.o acados_solver_lag0p500_mpc_i5_m2.o lag0p500_mpc_i5_m2_model/lag0p500_mpc_i5_m2_expl_ode_fun.o lag0p500_mpc_i5_m2_model/lag0p500_mpc_i5_m2_expl_vde_forw.o lag0p500_mpc_i5_m2_model/lag0p500_mpc_i5_m2_expl_vde_adj.o -o libacados_ocp_solver_lag0p500_mpc_i5_m2.so -L/home/shirui/acados/lib -lacados -lhpipm -lblasfeo -lm \
[mpc_node-7] -L -l
[mpc_node-2] [INFO] [1783591967.900059218] [px4_0.mpc_node_0]: mpc_controller drone 0 ready. birth=[0. 0. 0.], r_i0=[0. 0. 0.], neighbours=[1, 2, 3, 4]
[mpc_node-7] [INFO] [1783591967.915787543] [px4_5.mpc_node_5]: acados OCP ready. model = interface-consistent (v_dot=(v_sp-v)/tau, tau=0.500s, publish u0)
[mpc_node-7] [INFO] [1783591967.915971859] [px4_5.mpc_node_5]: safety_filter ON: track<6.0m alt[0.3,8.0]m d_emerg=1.2m d_warn=2.0m self_timeout=0.3s
[mpc_node-7] [INFO] [1783591967.922073126] [px4_5.mpc_node_5]: mpc_controller drone 5 ready. birth=[3. 3. 0.], r_i0=[3. 3. 0.], neighbours=[1, 3]
[mpc_node-5] [INFO] [1783591968.150068377] [px4_3.mpc_node_3]: [veh 7] alt_sync disabled, using birth_z=0.00
[mpc_node-5] [INFO] [1783591968.150244613] [px4_3.mpc_node_3]: first position from drone 7 (calibrated [STABLE] after 40 frames, spread=(0.020,0.014,0.005)): local_mean=(-0.36, -0.10, -0.80) world_birth=(3.36, -2.90, 0.00)
[mpc_node-5] [INFO] [1783591968.151041076] [px4_3.mpc_node_3]: [veh 5] alt_sync disabled, using birth_z=0.00
[mpc_node-5] [INFO] [1783591968.151230554] [px4_3.mpc_node_3]: first position from drone 5 (calibrated [STABLE] after 40 frames, spread=(0.015,0.007,0.023)): local_mean=(0.13, 0.03, 0.20) world_birth=(2.87, 2.97, 0.00)
[mpc_node-5] [INFO] [1783591968.154053140] [px4_3.mpc_node_3]: [veh 3] alt_sync disabled, using birth_z=0.00
[mpc_node-5] [INFO] [1783591968.154183463] [px4_3.mpc_node_3]: first position from drone 3 (calibrated [STABLE] after 40 frames, spread=(0.040,0.007,0.028)): local_mean=(-0.38, -0.36, -0.71) world_birth=(3.38, 0.36, 0.00)
[mpc_node-5] [INFO] [1783591968.154868819] [px4_3.mpc_node_3]: [veh 0] alt_sync disabled, using birth_z=0.00
[mpc_node-5] [INFO] [1783591968.155040275] [px4_3.mpc_node_3]: first position from drone 0 (calibrated [STABLE] after 40 frames, spread=(0.003,0.004,0.019)): local_mean=(0.29, -0.13, -1.28) world_birth=(-0.29, 0.13, 0.00)
[mpc_node-6] [INFO] [1783591968.162429143] [px4_4.mpc_node_4]: [veh 4] alt_sync disabled, using birth_z=0.00
[mpc_node-6] [INFO] [1783591968.163093970] [px4_4.mpc_node_4]: first position from drone 4 (calibrated [STABLE] after 40 frames, spread=(0.011,0.004,0.017)): local_mean=(-0.25, 0.12, 0.75) world_birth=(-2.75, -0.12, 0.00)
[mpc_node-6] [INFO] [1783591968.163775052] [px4_4.mpc_node_4]: [veh 0] alt_sync disabled, using birth_z=0.00
[mpc_node-6] [INFO] [1783591968.163895183] [px4_4.mpc_node_4]: first position from drone 0 (calibrated [STABLE] after 40 frames, spread=(0.003,0.004,0.018)): local_mean=(0.29, -0.13, -1.28) world_birth=(-0.29, 0.13, 0.00)
[mpc_node-6] [INFO] [1783591968.164406161] [px4_4.mpc_node_4]: [veh 6] alt_sync disabled, using birth_z=0.00
[mpc_node-6] [INFO] [1783591968.164645606] [px4_4.mpc_node_4]: first position from drone 6 (calibrated [STABLE] after 40 frames, spread=(0.020,0.024,0.011)): local_mean=(-0.32, 0.02, -0.27) world_birth=(-2.68, 2.98, 0.00)
[mpc_node-6] [INFO] [1783591968.166805046] [px4_4.mpc_node_4]: [veh 8] alt_sync disabled, using birth_z=0.00
[mpc_node-6] [INFO] [1783591968.166930995] [px4_4.mpc_node_4]: first position from drone 8 (calibrated [STABLE] after 40 frames, spread=(0.016,0.012,0.004)): local_mean=(-0.20, -0.27, -0.02) world_birth=(-2.80, -2.73, 0.00)
[mpc_node-9] [INFO] [1783591968.175365589] [px4_7.mpc_node_7]: [veh 2] alt_sync disabled, using birth_z=0.00
[mpc_node-9] [INFO] [1783591968.175516864] [px4_7.mpc_node_7]: first position from drone 2 (calibrated [STABLE] after 40 frames, spread=(0.008,0.016,0.032)): local_mean=(0.18, 0.02, 0.40) world_birth=(-0.18, -3.02, 0.00)
[mpc_node-3] [INFO] [1783591968.178015760] [px4_1.mpc_node_1]: [veh 0] alt_sync disabled, using birth_z=0.00
[mpc_node-3] [INFO] [1783591968.178172733] [px4_1.mpc_node_1]: first position from drone 0 (calibrated [STABLE] after 40 frames, spread=(0.004,0.004,0.016)): local_mean=(0.29, -0.13, -1.28) world_birth=(-0.29, 0.13, 0.00)
[mpc_node-9] [INFO] [1783591968.178478337] [px4_7.mpc_node_7]: [veh 3] alt_sync disabled, using birth_z=0.00
[mpc_node-9] [INFO] [1783591968.178608309] [px4_7.mpc_node_7]: first position from drone 3 (calibrated [STABLE] after 40 frames, spread=(0.038,0.007,0.027)): local_mean=(-0.39, -0.36, -0.71) world_birth=(3.39, 0.36, 0.00)
[mpc_node-3] [INFO] [1783591968.178786930] [px4_1.mpc_node_1]: [veh 6] alt_sync disabled, using birth_z=0.00
[mpc_node-3] [INFO] [1783591968.178918011] [px4_1.mpc_node_1]: first position from drone 6 (calibrated [STABLE] after 40 frames, spread=(0.020,0.024,0.013)): local_mean=(-0.32, 0.02, -0.27) world_birth=(-2.68, 2.98, 0.00)
[mpc_node-9] [INFO] [1783591968.183471234] [px4_7.mpc_node_7]: [veh 7] alt_sync disabled, using birth_z=0.00
[mpc_node-3] [INFO] [1783591968.183477441] [px4_1.mpc_node_1]: [veh 1] alt_sync disabled, using birth_z=0.00
[mpc_node-3] [INFO] [1783591968.183610018] [px4_1.mpc_node_1]: first position from drone 1 (calibrated [STABLE] after 40 frames, spread=(0.027,0.006,0.004)): local_mean=(-0.07, -0.06, 0.45) world_birth=(0.07, 3.06, 0.00)
[mpc_node-9] [INFO] [1783591968.183611560] [px4_7.mpc_node_7]: first position from drone 7 (calibrated [STABLE] after 40 frames, spread=(0.020,0.011,0.005)): local_mean=(-0.35, -0.10, -0.80) world_birth=(3.35, -2.90, 0.00)
[mpc_node-3] [INFO] [1783591968.184391395] [px4_1.mpc_node_1]: [veh 5] alt_sync disabled, using birth_z=0.00
[mpc_node-3] [INFO] [1783591968.184522313] [px4_1.mpc_node_1]: first position from drone 5 (calibrated [STABLE] after 40 frames, spread=(0.015,0.006,0.028)): local_mean=(0.13, 0.03, 0.21) world_birth=(2.87, 2.97, 0.00)
[mpc_node-10] [INFO] [1783591968.198388886] [px4_8.mpc_node_8]: [veh 8] alt_sync disabled, using birth_z=0.00
[mpc_node-4] [INFO] [1783591968.198924079] [px4_2.mpc_node_2]: [veh 2] alt_sync disabled, using birth_z=0.00
[mpc_node-10] [INFO] [1783591968.198993789] [px4_8.mpc_node_8]: first position from drone 8 (calibrated [STABLE] after 40 frames, spread=(0.022,0.012,0.009)): local_mean=(-0.20, -0.27, -0.02) world_birth=(-2.80, -2.73, 0.00)
[mpc_node-4] [INFO] [1783591968.199112170] [px4_2.mpc_node_2]: first position from drone 2 (calibrated [STABLE] after 40 frames, spread=(0.006,0.017,0.029)): local_mean=(0.18, 0.02, 0.40) world_birth=(-0.18, -3.02, 0.00)
[mpc_node-10] [INFO] [1783591968.199711117] [px4_8.mpc_node_8]: [veh 2] alt_sync disabled, using birth_z=0.00
[mpc_node-4] [INFO] [1783591968.199739953] [px4_2.mpc_node_2]: [veh 7] alt_sync disabled, using birth_z=0.00
[mpc_node-10] [INFO] [1783591968.199856255] [px4_8.mpc_node_8]: first position from drone 2 (calibrated [STABLE] after 40 frames, spread=(0.006,0.017,0.029)): local_mean=(0.18, 0.02, 0.40) world_birth=(-0.18, -3.02, 0.00)
[mpc_node-4] [INFO] [1783591968.199877476] [px4_2.mpc_node_2]: first position from drone 7 (calibrated [STABLE] after 40 frames, spread=(0.020,0.010,0.005)): local_mean=(-0.35, -0.10, -0.80) world_birth=(3.35, -2.90, 0.00)
[mpc_node-4] [INFO] [1783591968.202020472] [px4_2.mpc_node_2]: [veh 0] alt_sync disabled, using birth_z=0.00
[mpc_node-4] [INFO] [1783591968.202158654] [px4_2.mpc_node_2]: first position from drone 0 (calibrated [STABLE] after 40 frames, spread=(0.005,0.003,0.015)): local_mean=(0.29, -0.13, -1.28) world_birth=(-0.29, 0.13, 0.00)
[mpc_node-10] [INFO] [1783591968.202634115] [px4_8.mpc_node_8]: [veh 4] alt_sync disabled, using birth_z=0.00
[mpc_node-10] [INFO] [1783591968.202767140] [px4_8.mpc_node_8]: first position from drone 4 (calibrated [STABLE] after 40 frames, spread=(0.013,0.003,0.019)): local_mean=(-0.25, 0.12, 0.75) world_birth=(-2.75, -0.12, 0.00)
[mpc_node-8] [INFO] [1783591968.206222831] [px4_6.mpc_node_6]: [veh 1] alt_sync disabled, using birth_z=0.00
[mpc_node-8] [INFO] [1783591968.206411216] [px4_6.mpc_node_6]: first position from drone 1 (calibrated [STABLE] after 40 frames, spread=(0.025,0.005,0.004)): local_mean=(-0.07, -0.06, 0.45) world_birth=(0.07, 3.06, 0.00)
[mpc_node-4] [INFO] [1783591968.207935432] [px4_2.mpc_node_2]: [veh 8] alt_sync disabled, using birth_z=0.00
[mpc_node-4] [INFO] [1783591968.208829545] [px4_2.mpc_node_2]: first position from drone 8 (calibrated [STABLE] after 40 frames, spread=(0.023,0.012,0.010)): local_mean=(-0.20, -0.27, -0.02) world_birth=(-2.80, -2.73, 0.00)
[mpc_node-8] [INFO] [1783591968.210145463] [px4_6.mpc_node_6]: [veh 6] alt_sync disabled, using birth_z=0.00
[mpc_node-8] [INFO] [1783591968.210329551] [px4_6.mpc_node_6]: first position from drone 6 (calibrated [STABLE] after 40 frames, spread=(0.019,0.024,0.016)): local_mean=(-0.33, 0.03, -0.27) world_birth=(-2.67, 2.97, 0.00)
[mpc_node-8] [INFO] [1783591968.211104652] [px4_6.mpc_node_6]: [veh 4] alt_sync disabled, using birth_z=0.00
[mpc_node-8] [INFO] [1783591968.211264277] [px4_6.mpc_node_6]: first position from drone 4 (calibrated [STABLE] after 40 frames, spread=(0.013,0.003,0.020)): local_mean=(-0.25, 0.12, 0.75) world_birth=(-2.75, -0.12, 0.00)
[mpc_node-2] [INFO] [1783591968.214450829] [px4_0.mpc_node_0]: [veh 1] alt_sync disabled, using birth_z=0.00
[mpc_node-2] [INFO] [1783591968.214650654] [px4_0.mpc_node_0]: first position from drone 1 (calibrated [STABLE] after 40 frames, spread=(0.024,0.005,0.003)): local_mean=(-0.06, -0.06, 0.45) world_birth=(0.06, 3.06, 0.00)
[mpc_node-2] [INFO] [1783591968.215502893] [px4_0.mpc_node_0]: [veh 2] alt_sync disabled, using birth_z=0.00
[mpc_node-2] [INFO] [1783591968.215637542] [px4_0.mpc_node_0]: first position from drone 2 (calibrated [STABLE] after 40 frames, spread=(0.004,0.017,0.027)): local_mean=(0.18, 0.02, 0.40) world_birth=(-0.18, -3.02, 0.00)
[mpc_node-2] [INFO] [1783591968.218612533] [px4_0.mpc_node_0]: [veh 3] alt_sync disabled, using birth_z=0.00
[mpc_node-2] [INFO] [1783591968.218792675] [px4_0.mpc_node_0]: first position from drone 3 (calibrated [STABLE] after 40 frames, spread=(0.036,0.005,0.023)): local_mean=(-0.39, -0.36, -0.71) world_birth=(3.39, 0.36, 0.00)
[mpc_node-2] [INFO] [1783591968.223226256] [px4_0.mpc_node_0]: [veh 0] alt_sync disabled, using birth_z=0.00
[mpc_node-2] [INFO] [1783591968.223373189] [px4_0.mpc_node_0]: first position from drone 0 (calibrated [STABLE] after 40 frames, spread=(0.005,0.003,0.014)): local_mean=(0.29, -0.13, -1.27) world_birth=(-0.29, 0.13, 0.00)
[mpc_node-2] [INFO] [1783591968.224816700] [px4_0.mpc_node_0]: [veh 4] alt_sync disabled, using birth_z=0.00
[mpc_node-2] [INFO] [1783591968.225163100] [px4_0.mpc_node_0]: first position from drone 4 (calibrated [STABLE] after 40 frames, spread=(0.014,0.003,0.020)): local_mean=(-0.25, 0.12, 0.75) world_birth=(-2.75, -0.12, 0.00)
[mpc_node-7] [INFO] [1783591968.236266040] [px4_5.mpc_node_5]: [veh 3] alt_sync disabled, using birth_z=0.00
[mpc_node-7] [INFO] [1783591968.236423981] [px4_5.mpc_node_5]: first position from drone 3 (calibrated [STABLE] after 40 frames, spread=(0.035,0.005,0.022)): local_mean=(-0.39, -0.36, -0.71) world_birth=(3.39, 0.36, 0.00)
[mpc_node-7] [INFO] [1783591968.238507162] [px4_5.mpc_node_5]: [veh 5] alt_sync disabled, using birth_z=0.00
[mpc_node-7] [INFO] [1783591968.238649587] [px4_5.mpc_node_5]: first position from drone 5 (calibrated [STABLE] after 40 frames, spread=(0.008,0.003,0.032)): local_mean=(0.13, 0.03, 0.21) world_birth=(2.87, 2.97, 0.00)
[mpc_node-7] [INFO] [1783591968.239291653] [px4_5.mpc_node_5]: [veh 1] alt_sync disabled, using birth_z=0.00
[mpc_node-7] [INFO] [1783591968.239498491] [px4_5.mpc_node_5]: first position from drone 1 (calibrated [STABLE] after 40 frames, spread=(0.023,0.004,0.002)): local_mean=(-0.06, -0.06, 0.45) world_birth=(0.06, 3.06, 0.00)
[mpc_node-5] [INFO] [1783591969.859078031] [px4_3.mpc_node_3]: drone 3: retry ARM+OFFBOARD (nav=4, arm=1) frame=1
[mpc_node-6] [INFO] [1783591969.868617265] [px4_4.mpc_node_4]: drone 4: retry ARM+OFFBOARD (nav=4, arm=1) frame=1
[mpc_node-9] [INFO] [1783591969.885220064] [px4_7.mpc_node_7]: drone 7: retry ARM+OFFBOARD (nav=4, arm=1) frame=1
[mpc_node-3] [INFO] [1783591969.886377741] [px4_1.mpc_node_1]: drone 1: retry ARM+OFFBOARD (nav=4, arm=1) frame=1
[mpc_node-10] [INFO] [1783591969.904980925] [px4_8.mpc_node_8]: drone 8: retry ARM+OFFBOARD (nav=4, arm=1) frame=1
[mpc_node-4] [INFO] [1783591969.909000186] [px4_2.mpc_node_2]: drone 2: retry ARM+OFFBOARD (nav=4, arm=1) frame=1
[mpc_node-8] [INFO] [1783591969.917412025] [px4_6.mpc_node_6]: drone 6: retry ARM+OFFBOARD (nav=4, arm=1) frame=1
[mpc_node-2] [INFO] [1783591969.921298239] [px4_0.mpc_node_0]: drone 0: retry ARM+OFFBOARD (nav=4, arm=1) frame=1
[mpc_node-7] [INFO] [1783591969.942208600] [px4_5.mpc_node_5]: drone 5: retry ARM+OFFBOARD (nav=4, arm=1) frame=1
[mpc_node-5] [INFO] [1783591970.859832542] [px4_3.mpc_node_3]: drone 3: OFFBOARD + ARMED confirmed
[mpc_node-6] [INFO] [1783591970.868394301] [px4_4.mpc_node_4]: drone 4: OFFBOARD + ARMED confirmed
[mpc_node-5] [WARN] [1783591970.882267197] [px4_3.mpc_node_3]: DEBUG d3: x0=(3.09,0.00,-0.73) ref0=(3.00,0.00,-5.00) pred1=(3.09,-0.00,-0.73) leader=(0.00,0.00,-5.00)
[mpc_node-9] [INFO] [1783591970.885160228] [px4_7.mpc_node_7]: drone 7: OFFBOARD + ARMED confirmed
[mpc_node-3] [INFO] [1783591970.886033470] [px4_1.mpc_node_1]: drone 1: OFFBOARD + ARMED confirmed
[mpc_node-6] [WARN] [1783591970.890120903] [px4_4.mpc_node_4]: DEBUG d4: x0=(-3.01,-0.02,0.77) ref0=(-3.00,0.00,-5.00) pred1=(-3.00,-0.02,0.77) leader=(0.00,0.00,-5.00)
[mpc_node-5] [WARN] [1783591970.902358151] [px4_3.mpc_node_3]: DEBUG d3: x0=(3.10,0.00,-0.73) ref0=(3.00,0.00,-5.00) pred1=(3.10,0.00,-0.73) leader=(0.00,0.00,-5.00)
[mpc_node-10] [INFO] [1783591970.904406006] [px4_8.mpc_node_8]: drone 8: OFFBOARD + ARMED confirmed
[mpc_node-9] [WARN] [1783591970.906520720] [px4_7.mpc_node_7]: DEBUG d7: x0=(3.05,-2.95,-0.65) ref0=(3.00,-3.00,-5.00) pred1=(3.05,-2.95,-0.65) leader=(0.00,0.00,-5.00)
[mpc_node-3] [WARN] [1783591970.907862028] [px4_1.mpc_node_1]: DEBUG d1: x0=(-0.02,3.11,0.31) ref0=(0.00,3.00,-5.00) pred1=(-0.02,3.10,0.30) leader=(0.00,0.00,-5.00)
[mpc_node-4] [INFO] [1783591970.908274407] [px4_2.mpc_node_2]: drone 2: OFFBOARD + ARMED confirmed
[mpc_node-6] [WARN] [1783591970.909683539] [px4_4.mpc_node_4]: DEBUG d4: x0=(-3.01,-0.02,0.77) ref0=(-3.00,0.00,-5.00) pred1=(-3.01,-0.02,0.77) leader=(0.00,0.00,-5.00)
[mpc_node-8] [INFO] [1783591970.916023694] [px4_6.mpc_node_6]: drone 6: OFFBOARD + ARMED confirmed
[mpc_node-2] [INFO] [1783591970.921297795] [px4_0.mpc_node_0]: drone 0: OFFBOARD + ARMED confirmed
[mpc_node-5] [WARN] [1783591970.922305672] [px4_3.mpc_node_3]: DEBUG d3: x0=(3.10,0.00,-0.73) ref0=(3.00,0.00,-5.00) pred1=(3.10,0.00,-0.73) leader=(0.00,0.00,-5.00)
[mpc_node-10] [WARN] [1783591970.925458226] [px4_8.mpc_node_8]: DEBUG d8: x0=(-3.07,-3.00,0.02) ref0=(-3.00,-3.00,-5.00) pred1=(-3.07,-3.00,0.01) leader=(0.00,0.00,-5.00)
[mpc_node-9] [WARN] [1783591970.926633591] [px4_7.mpc_node_7]: DEBUG d7: x0=(3.05,-2.95,-0.65) ref0=(3.00,-3.00,-5.00) pred1=(3.05,-2.95,-0.65) leader=(0.00,0.00,-5.00)
[mpc_node-3] [WARN] [1783591970.927638877] [px4_1.mpc_node_1]: DEBUG d1: x0=(-0.02,3.11,0.31) ref0=(0.00,3.00,-5.00) pred1=(-0.02,3.11,0.30) leader=(0.00,0.00,-5.00)
[mpc_node-6] [WARN] [1783591970.929502276] [px4_4.mpc_node_4]: DEBUG d4: x0=(-3.01,-0.02,0.77) ref0=(-3.00,0.00,-5.00) pred1=(-3.01,-0.02,0.77) leader=(0.00,0.00,-5.00)
[mpc_node-4] [WARN] [1783591970.930105740] [px4_2.mpc_node_2]: DEBUG d2: x0=(-0.01,-3.04,0.43) ref0=(0.00,-3.00,-5.00) pred1=(-0.01,-3.03,0.43) leader=(0.00,0.00,-5.00)
[mpc_node-8] [WARN] [1783591970.936879897] [px4_6.mpc_node_6]: DEBUG d6: x0=(-2.85,2.97,-0.41) ref0=(-3.00,3.00,-5.00) pred1=(-2.85,2.97,-0.41) leader=(0.00,0.00,-5.00)
[mpc_node-5] [WARN] [1783591970.941313872] [px4_3.mpc_node_3]: DEBUG d3: x0=(3.10,0.00,-0.73) ref0=(3.00,0.00,-5.00) pred1=(3.10,0.00,-0.73) leader=(0.00,0.00,-5.00)
[mpc_node-2] [WARN] [1783591970.942339552] [px4_0.mpc_node_0]: DEBUG d0: x0=(-0.05,-0.08,-1.33) ref0=(0.00,0.00,-5.00) pred1=(-0.05,-0.08,-1.33) leader=(0.00,0.00,-5.00)
[mpc_node-7] [INFO] [1783591970.942452497] [px4_5.mpc_node_5]: drone 5: OFFBOARD + ARMED confirmed
[mpc_node-9] [WARN] [1783591970.946169792] [px4_7.mpc_node_7]: DEBUG d7: x0=(3.05,-2.95,-0.65) ref0=(3.00,-3.00,-5.00) pred1=(3.05,-2.95,-0.66) leader=(0.00,0.00,-5.00)
[mpc_node-10] [WARN] [1783591970.946363222] [px4_8.mpc_node_8]: DEBUG d8: x0=(-3.07,-3.00,0.01) ref0=(-3.00,-3.00,-5.00) pred1=(-3.07,-3.00,0.01) leader=(0.00,0.00,-5.00)
[mpc_node-3] [WARN] [1783591970.948756788] [px4_1.mpc_node_1]: DEBUG d1: x0=(-0.03,3.11,0.31) ref0=(0.00,3.00,-5.00) pred1=(-0.03,3.11,0.30) leader=(0.00,0.00,-5.00)
[mpc_node-6] [WARN] [1783591970.949785639] [px4_4.mpc_node_4]: DEBUG d4: x0=(-3.01,-0.02,0.77) ref0=(-3.00,0.00,-5.00) pred1=(-3.01,-0.02,0.77) leader=(0.00,0.00,-5.00)
[mpc_node-4] [WARN] [1783591970.949946100] [px4_2.mpc_node_2]: DEBUG d2: x0=(-0.01,-3.04,0.44) ref0=(0.00,-3.00,-5.00) pred1=(-0.01,-3.04,0.43) leader=(0.00,0.00,-5.00)
[mpc_node-8] [WARN] [1783591970.957662982] [px4_6.mpc_node_6]: DEBUG d6: x0=(-2.85,2.97,-0.41) ref0=(-3.00,3.00,-5.00) pred1=(-2.85,2.97,-0.41) leader=(0.00,0.00,-5.00)
[mpc_node-5] [WARN] [1783591970.961966571] [px4_3.mpc_node_3]: DEBUG d3: x0=(3.10,0.01,-0.73) ref0=(3.00,0.00,-5.00) pred1=(3.10,0.01,-0.73) leader=(0.00,0.00,-5.00)
[mpc_node-2] [WARN] [1783591970.963752659] [px4_0.mpc_node_0]: DEBUG d0: x0=(-0.06,-0.08,-1.33) ref0=(0.00,0.00,-5.00) pred1=(-0.06,-0.08,-1.33) leader=(0.00,0.00,-5.00)
[mpc_node-10] [WARN] [1783591970.966256887] [px4_8.mpc_node_8]: DEBUG d8: x0=(-3.07,-3.00,0.01) ref0=(-3.00,-3.00,-5.00) pred1=(-3.07,-3.00,0.01) leader=(0.00,0.00,-5.00)
[mpc_node-9] [WARN] [1783591970.966307679] [px4_7.mpc_node_7]: DEBUG d7: x0=(3.05,-2.95,-0.65) ref0=(3.00,-3.00,-5.00) pred1=(3.05,-2.95,-0.66) leader=(0.00,0.00,-5.00)
[mpc_node-7] [WARN] [1783591970.966773839] [px4_5.mpc_node_5]: DEBUG d5: x0=(2.98,2.97,0.29) ref0=(3.00,3.00,-5.00) pred1=(2.98,2.97,0.29) leader=(0.00,0.00,-5.00)
[mpc_node-3] [WARN] [1783591970.967068261] [px4_1.mpc_node_1]: DEBUG d1: x0=(-0.03,3.11,0.30) ref0=(0.00,3.00,-5.00) pred1=(-0.03,3.11,0.30) leader=(0.00,0.00,-5.00)
[mpc_node-6] [WARN] [1783591970.969975197] [px4_4.mpc_node_4]: DEBUG d4: x0=(-3.01,-0.02,0.77) ref0=(-3.00,0.00,-5.00) pred1=(-3.01,-0.02,0.77) leader=(0.00,0.00,-5.00)
[mpc_node-4] [WARN] [1783591970.970408053] [px4_2.mpc_node_2]: DEBUG d2: x0=(-0.01,-3.04,0.44) ref0=(0.00,-3.00,-5.00) pred1=(-0.01,-3.04,0.44) leader=(0.00,0.00,-5.00)
[mpc_node-8] [WARN] [1783591970.977603318] [px4_6.mpc_node_6]: DEBUG d6: x0=(-2.85,2.97,-0.41) ref0=(-3.00,3.00,-5.00) pred1=(-2.85,2.97,-0.41) leader=(0.00,0.00,-5.00)
[mpc_node-7] [WARN] [1783591970.983418276] [px4_5.mpc_node_5]: DEBUG d5: x0=(2.98,2.97,0.29) ref0=(3.00,3.00,-5.00) pred1=(2.98,2.97,0.29) leader=(0.00,0.00,-5.00)
[mpc_node-2] [WARN] [1783591970.983465412] [px4_0.mpc_node_0]: DEBUG d0: x0=(-0.06,-0.09,-1.32) ref0=(0.00,0.00,-5.00) pred1=(-0.06,-0.09,-1.33) leader=(0.00,0.00,-5.00)
[mpc_node-9] [WARN] [1783591970.986173973] [px4_7.mpc_node_7]: DEBUG d7: x0=(3.05,-2.95,-0.65) ref0=(3.00,-3.00,-5.00) pred1=(3.05,-2.95,-0.66) leader=(0.00,0.00,-5.00)
[mpc_node-10] [WARN] [1783591970.986867204] [px4_8.mpc_node_8]: DEBUG d8: x0=(-3.08,-3.00,0.01) ref0=(-3.00,-3.00,-5.00) pred1=(-3.08,-3.00,0.00) leader=(0.00,0.00,-5.00)
[mpc_node-3] [WARN] [1783591970.987419384] [px4_1.mpc_node_1]: DEBUG d1: x0=(-0.03,3.11,0.30) ref0=(0.00,3.00,-5.00) pred1=(-0.03,3.11,0.30) leader=(0.00,0.00,-5.00)
[mpc_node-4] [WARN] [1783591970.990405809] [px4_2.mpc_node_2]: DEBUG d2: x0=(-0.01,-3.04,0.44) ref0=(0.00,-3.00,-5.00) pred1=(-0.01,-3.04,0.44) leader=(0.00,0.00,-5.00)
[mpc_node-8] [WARN] [1783591970.997787825] [px4_6.mpc_node_6]: DEBUG d6: x0=(-2.85,2.97,-0.40) ref0=(-3.00,3.00,-5.00) pred1=(-2.85,2.97,-0.41) leader=(0.00,0.00,-5.00)
[mpc_node-7] [WARN] [1783591971.004395433] [px4_5.mpc_node_5]: DEBUG d5: x0=(2.98,2.97,0.29) ref0=(3.00,3.00,-5.00) pred1=(2.98,2.97,0.29) leader=(0.00,0.00,-5.00)
[mpc_node-2] [WARN] [1783591971.004698565] [px4_0.mpc_node_0]: DEBUG d0: x0=(-0.06,-0.09,-1.32) ref0=(0.00,0.00,-5.00) pred1=(-0.06,-0.09,-1.32) leader=(0.00,0.00,-5.00)
[mpc_node-10] [WARN] [1783591971.006085188] [px4_8.mpc_node_8]: DEBUG d8: x0=(-3.08,-3.00,0.00) ref0=(-3.00,-3.00,-5.00) pred1=(-3.08,-3.00,0.00) leader=(0.00,0.00,-5.00)
[mpc_node-4] [WARN] [1783591971.011093222] [px4_2.mpc_node_2]: DEBUG d2: x0=(-0.00,-3.04,0.44) ref0=(0.00,-3.00,-5.00) pred1=(-0.00,-3.04,0.44) leader=(0.00,0.00,-5.00)
[mpc_node-8] [WARN] [1783591971.017537233] [px4_6.mpc_node_6]: DEBUG d6: x0=(-2.85,2.97,-0.40) ref0=(-3.00,3.00,-5.00) pred1=(-2.85,2.97,-0.41) leader=(0.00,0.00,-5.00)
[mpc_node-7] [WARN] [1783591971.023800000] [px4_5.mpc_node_5]: DEBUG d5: x0=(2.99,2.97,0.29) ref0=(3.00,3.00,-5.00) pred1=(2.99,2.97,0.29) leader=(0.00,0.00,-5.00)
[mpc_node-2] [WARN] [1783591971.026018151] [px4_0.mpc_node_0]: DEBUG d0: x0=(-0.06,-0.09,-1.32) ref0=(0.00,0.00,-5.00) pred1=(-0.06,-0.09,-1.32) leader=(0.00,0.00,-5.00)
[mpc_node-7] [WARN] [1783591971.043767071] [px4_5.mpc_node_5]: DEBUG d5: x0=(2.99,2.97,0.29) ref0=(3.00,3.00,-5.00) pred1=(2.99,2.97,0.29) leader=(0.00,0.00,-5.00)
[mpc_node-5] [INFO] [1783591971.861207755] [px4_3.mpc_node_3]: [d3] solve: status=0 time=0.37ms cost=74.5 pos=(3.13,0.05,-0.74) local=(-0.25,-0.31,-0.74) wbirth=(3.38,0.36,0.00) ref=(3.00,0.00) leader=(0.00,0.00) fallbacks=0
[mpc_node-6] [INFO] [1783591971.869528011] [px4_4.mpc_node_4]: [d4] solve: status=0 time=0.46ms cost=159.8 pos=(-3.01,-0.05,0.81) local=(-0.25,0.07,0.81) wbirth=(-2.75,-0.12,0.00) ref=(-3.00,0.00) leader=(0.00,0.00) fallbacks=0
[mpc_node-9] [INFO] [1783591971.886125879] [px4_7.mpc_node_7]: [d7] solve: status=0 time=0.39ms cost=76.9 pos=(3.02,-2.94,-0.69) local=(-0.33,-0.04,-0.69) wbirth=(3.35,-2.90,0.00) ref=(3.00,-3.00) leader=(0.00,0.00) fallbacks=0
[mpc_node-3] [INFO] [1783591971.888573745] [px4_1.mpc_node_1]: [d1] solve: status=0 time=0.35ms cost=125.3 pos=(-0.05,3.07,0.27) local=(-0.11,0.01,0.27) wbirth=(0.07,3.06,0.00) ref=(0.00,3.00) leader=(0.00,0.00) fallbacks=0
[mpc_node-10] [INFO] [1783591971.905727340] [px4_8.mpc_node_8]: [d8] solve: status=0 time=0.39ms cost=108.4 pos=(-3.07,-3.02,-0.04) local=(-0.27,-0.29,-0.04) wbirth=(-2.80,-2.73,0.00) ref=(-3.00,-3.00) leader=(0.00,0.00) fallbacks=0
[mpc_node-4] [INFO] [1783591971.909997134] [px4_2.mpc_node_2]: [d2] solve: status=0 time=0.32ms cost=134.6 pos=(0.05,-3.04,0.42) local=(0.24,-0.02,0.42) wbirth=(-0.18,-3.02,0.00) ref=(0.00,-3.00) leader=(0.00,0.00) fallbacks=0
[mpc_node-8] [INFO] [1783591971.916779060] [px4_6.mpc_node_6]: [d6] solve: status=0 time=0.37ms cost=89.9 pos=(-2.90,2.95,-0.40) local=(-0.23,-0.02,-0.40) wbirth=(-2.67,2.97,0.00) ref=(-3.00,3.00) leader=(0.00,0.00) fallbacks=0
[mpc_node-2] [INFO] [1783591971.922330665] [px4_0.mpc_node_0]: [d0] solve: status=0 time=0.34ms cost=50.7 pos=(-0.02,-0.11,-1.34) local=(0.27,-0.24,-1.34) wbirth=(-0.29,0.13,0.00) ref=(0.00,0.00) leader=(0.00,0.00) fallbacks=0
[mpc_node-7] [INFO] [1783591971.943967997] [px4_5.mpc_node_5]: [d5] solve: status=0 time=0.33ms cost=127.2 pos=(2.95,2.89,0.29) local=(0.08,-0.08,0.29) wbirth=(2.87,2.97,0.00) ref=(3.00,3.00) leader=(0.00,0.00) fallbacks=0
[mpc_node-5] [INFO] [1783591972.859839866] [px4_3.mpc_node_3]: [d3] solve: status=0 time=0.34ms cost=71.9 pos=(3.19,0.03,-0.79) local=(-0.19,-0.33,-0.79) wbirth=(3.38,0.36,0.00) ref=(3.00,0.00) leader=(0.00,0.00) fallbacks=0
[mpc_node-6] [INFO] [1783591972.870207521] [px4_4.mpc_node_4]: [d4] solve: status=0 time=0.48ms cost=166.7 pos=(-2.97,-0.01,0.90) local=(-0.21,0.11,0.90) wbirth=(-2.75,-0.12,0.00) ref=(-3.00,0.00) leader=(0.00,0.00) fallbacks=0
[mpc_node-9] [INFO] [1783591972.887247364] [px4_7.mpc_node_7]: [d7] solve: status=0 time=0.40ms cost=79.3 pos=(2.98,-2.96,-0.64) local=(-0.37,-0.05,-0.64) wbirth=(3.35,-2.90,0.00) ref=(3.00,-3.00) leader=(0.00,0.00) fallbacks=0
[mpc_node-3] [INFO] [1783591972.888819400] [px4_1.mpc_node_1]: [d1] solve: status=0 time=0.33ms cost=124.4 pos=(-0.00,3.09,0.26) local=(-0.07,0.03,0.26) wbirth=(0.07,3.06,0.00) ref=(0.00,3.00) leader=(0.00,0.00) fallbacks=0
[mpc_node-10] [INFO] [1783591972.906487984] [px4_8.mpc_node_8]: [d8] solve: status=0 time=0.74ms cost=108.5 pos=(-3.09,-3.06,-0.04) local=(-0.29,-0.33,-0.04) wbirth=(-2.80,-2.73,0.00) ref=(-3.00,-3.00) leader=(0.00,0.00) fallbacks=0
[mpc_node-4] [INFO] [1783591972.911031581] [px4_2.mpc_node_2]: [d2] solve: status=0 time=0.33ms cost=136.7 pos=(0.06,-3.03,0.45) local=(0.25,-0.01,0.45) wbirth=(-0.18,-3.02,0.00) ref=(0.00,-3.00) leader=(0.00,0.00) fallbacks=0
[mpc_node-8] [INFO] [1783591972.916631327] [px4_6.mpc_node_6]: [d6] solve: status=0 time=0.37ms cost=89.1 pos=(-2.90,2.93,-0.41) local=(-0.23,-0.04,-0.41) wbirth=(-2.67,2.97,0.00) ref=(-3.00,3.00) leader=(0.00,0.00) fallbacks=0
[mpc_node-2] [INFO] [1783591972.921835166] [px4_0.mpc_node_0]: [d0] solve: status=0 time=0.34ms cost=48.9 pos=(-0.02,-0.08,-1.38) local=(0.27,-0.21,-1.38) wbirth=(-0.29,0.13,0.00) ref=(0.00,0.00) leader=(0.00,0.00) fallbacks=0
[mpc_node-7] [INFO] [1783591972.943255276] [px4_5.mpc_node_5]: [d5] solve: status=0 time=0.34ms cost=132.2 pos=(2.93,2.93,0.38) local=(0.06,-0.03,0.38) wbirth=(2.87,2.97,0.00) ref=(3.00,3.00) leader=(0.00,0.00) fallbacks=0
[mpc_node-5] [INFO] [1783591973.860022224] [px4_3.mpc_node_3]: [d3] solve: status=0 time=0.30ms cost=49.7 pos=(2.94,0.00,-1.05) local=(-0.44,-0.35,-1.04) wbirth=(3.38,0.36,-0.01) ref=(3.00,0.00) leader=(0.00,0.00) fallbacks=0
[mpc_node-6] [INFO] [1783591973.871884500] [px4_4.mpc_node_4]: [d4] solve: status=0 time=0.32ms cost=121.7 pos=(-3.00,-0.00,0.53) local=(-0.25,0.12,0.53) wbirth=(-2.75,-0.12,0.00) ref=(-3.00,0.00) leader=(0.00,0.00) fallbacks=0
[mpc_node-9] [INFO] [1783591973.886112003] [px4_7.mpc_node_7]: [d7] solve: status=0 time=0.30ms cost=52.8 pos=(3.05,-3.01,-0.98) local=(-0.30,-0.11,-0.98) wbirth=(3.35,-2.90,0.00) ref=(3.00,-3.00) leader=(0.00,0.00) fallbacks=0
[mpc_node-3] [INFO] [1783591973.887029250] [px4_1.mpc_node_1]: [d1] solve: status=0 time=0.33ms cost=94.9 pos=(0.04,2.96,0.00) local=(-0.02,-0.11,0.00) wbirth=(0.07,3.06,0.00) ref=(0.00,3.00) leader=(0.00,0.00) fallbacks=0
[mpc_node-10] [INFO] [1783591973.906272884] [px4_8.mpc_node_8]: [d8] solve: status=0 time=0.30ms cost=81.6 pos=(-2.92,-2.97,-0.28) local=(-0.12,-0.24,-0.28) wbirth=(-2.80,-2.73,0.00) ref=(-3.00,-3.00) leader=(0.00,0.00) fallbacks=0
[mpc_node-4] [INFO] [1783591973.909768308] [px4_2.mpc_node_2]: [d2] solve: status=0 time=0.27ms cost=101.9 pos=(-0.01,-2.91,0.18) local=(0.17,0.11,0.18) wbirth=(-0.18,-3.02,0.00) ref=(0.00,-3.00) leader=(0.00,0.00) fallbacks=0
[mpc_node-8] [INFO] [1783591973.917869978] [px4_6.mpc_node_6]: [d6] solve: status=0 time=0.88ms cost=62.9 pos=(-3.02,3.07,-0.70) local=(-0.34,0.09,-0.70) wbirth=(-2.67,2.97,0.00) ref=(-3.00,3.00) leader=(0.00,0.00) fallbacks=0
[mpc_node-2] [INFO] [1783591973.922777245] [px4_0.mpc_node_0]: [d0] solve: status=0 time=0.40ms cost=33.7 pos=(0.00,0.06,-1.58) local=(0.29,-0.07,-1.58) wbirth=(-0.29,0.13,0.00) ref=(0.00,0.00) leader=(0.00,0.00) fallbacks=0
[mpc_node-7] [INFO] [1783591973.942969292] [px4_5.mpc_node_5]: [d5] solve: status=0 time=0.33ms cost=95.5 pos=(3.06,3.05,0.05) local=(0.19,0.08,0.05) wbirth=(2.87,2.97,0.00) ref=(3.00,3.00) leader=(0.00,0.00) fallbacks=0
[mpc_node-5] [INFO] [1783591974.862028168] [px4_3.mpc_node_3]: [d3] solve: status=0 time=0.60ms cost=16.2 pos=(2.98,0.05,-2.27) local=(-0.40,-0.30,-2.06) wbirth=(3.38,0.36,-0.21) ref=(3.00,0.00) leader=(0.00,0.00) fallbacks=0
[mpc_node-6] [INFO] [1783591974.870142526] [px4_4.mpc_node_4]: [d4] solve: status=0 time=0.33ms cost=96.0 pos=(-3.03,0.03,-0.17) local=(-0.27,0.14,-0.17) wbirth=(-2.75,-0.12,0.00) ref=(-3.00,0.00) leader=(0.00,0.00) fallbacks=0
[mpc_node-6] [WARN] [1783591974.870415517] [px4_4.mpc_node_4]: [d4] SAFETY DEGRADED ['fence_alt_low(0.2)']
[mpc_node-9] [INFO] [1783591974.887284540] [px4_7.mpc_node_7]: [d7] solve: status=0 time=0.36ms cost=16.5 pos=(3.05,-3.00,-2.27) local=(-0.30,-0.10,-2.08) wbirth=(3.35,-2.90,-0.20) ref=(3.00,-3.00) leader=(0.00,0.00) fallbacks=0
[mpc_node-3] [INFO] [1783591974.887490013] [px4_1.mpc_node_1]: [d1] solve: status=0 time=0.33ms cost=68.3 pos=(-0.06,3.00,-0.64) local=(-0.12,-0.06,-0.64) wbirth=(0.07,3.06,0.00) ref=(0.00,3.00) leader=(0.00,0.00) fallbacks=0
[mpc_node-10] [INFO] [1783591974.905279121] [px4_8.mpc_node_8]: [d8] solve: status=0 time=0.32ms cost=37.7 pos=(-2.99,-2.98,-1.33) local=(-0.19,-0.25,-1.28) wbirth=(-2.80,-2.73,-0.05) ref=(-3.00,-3.00) leader=(0.00,0.00) fallbacks=0
[mpc_node-4] [INFO] [1783591974.910251771] [px4_2.mpc_node_2]: [d2] solve: status=0 time=0.43ms cost=79.7 pos=(0.01,-2.94,-0.48) local=(0.19,0.08,-0.48) wbirth=(-0.18,-3.02,0.00) ref=(0.00,-3.00) leader=(0.00,0.00) fallbacks=0
[mpc_node-8] [INFO] [1783591974.917171152] [px4_6.mpc_node_6]: [d6] solve: status=0 time=0.40ms cost=24.7 pos=(-2.99,3.06,-1.82) local=(-0.31,0.08,-1.68) wbirth=(-2.67,2.97,-0.14) ref=(-3.00,3.00) leader=(0.00,0.00) fallbacks=0
[mpc_node-2] [INFO] [1783591974.921374423] [px4_0.mpc_node_0]: [d0] solve: status=0 time=0.40ms cost=10.7 pos=(0.02,-0.01,-2.64) local=(0.31,-0.14,-2.64) wbirth=(-0.29,0.13,0.00) ref=(0.00,0.00) leader=(0.00,0.00) fallbacks=0
[mpc_node-7] [INFO] [1783591974.944622592] [px4_5.mpc_node_5]: [d5] solve: status=0 time=0.33ms cost=67.9 pos=(3.09,3.02,-0.68) local=(0.22,0.06,-0.68) wbirth=(2.87,2.97,0.00) ref=(3.00,3.00) leader=(0.00,0.00) fallbacks=0
[mpc_node-5] [INFO] [1783591975.861297290] [px4_3.mpc_node_3]: [d3] solve: status=0 time=0.27ms cost=3.1 pos=(2.97,-0.02,-3.60) local=(-0.41,-0.38,-3.19) wbirth=(3.38,0.36,-0.41) ref=(3.00,0.00) leader=(0.00,0.00) fallbacks=0
[mpc_node-6] [INFO] [1783591975.869524729] [px4_4.mpc_node_4]: [d4] solve: status=0 time=0.33ms cost=69.3 pos=(-3.02,-0.03,-0.64) local=(-0.27,0.09,-0.64) wbirth=(-2.75,-0.12,0.00) ref=(-3.00,0.00) leader=(0.00,0.00) fallbacks=0
[mpc_node-9] [INFO] [1783591975.887946314] [px4_7.mpc_node_7]: [d7] solve: status=0 time=0.42ms cost=3.1 pos=(3.05,-3.03,-3.60) local=(-0.31,-0.13,-3.23) wbirth=(3.35,-2.90,-0.37) ref=(3.00,-3.00) leader=(0.00,0.00) fallbacks=0
[mpc_node-3] [INFO] [1783591975.888793834] [px4_1.mpc_node_1]: [d1] solve: status=0 time=0.37ms cost=22.7 pos=(-0.04,2.98,-1.86) local=(-0.11,-0.08,-1.73) wbirth=(0.07,3.06,-0.13) ref=(0.00,3.00) leader=(0.00,0.00) fallbacks=0
[mpc_node-10] [INFO] [1783591975.905673000] [px4_8.mpc_node_8]: [d8] solve: status=0 time=0.43ms cost=9.1 pos=(-2.99,-2.99,-2.76) local=(-0.20,-0.26,-2.51) wbirth=(-2.80,-2.73,-0.25) ref=(-3.00,-3.00) leader=(0.00,0.00) fallbacks=0
[mpc_node-4] [INFO] [1783591975.909628890] [px4_2.mpc_node_2]: [d2] solve: status=0 time=0.35ms cost=26.3 pos=(-0.01,-3.01,-1.72) local=(0.17,0.01,-1.62) wbirth=(-0.18,-3.02,-0.09) ref=(0.00,-3.00) leader=(0.00,0.00) fallbacks=0
[mpc_node-8] [INFO] [1783591975.917517560] [px4_6.mpc_node_6]: [d6] solve: status=0 time=0.40ms cost=5.1 pos=(-3.02,2.99,-3.23) local=(-0.35,0.02,-2.89) wbirth=(-2.67,2.97,-0.34) ref=(-3.00,3.00) leader=(0.00,0.00) fallbacks=0
[mpc_node-2] [INFO] [1783591975.924238777] [px4_0.mpc_node_0]: [d0] solve: status=0 time=0.30ms cost=2.0 pos=(0.02,-0.02,-3.88) local=(0.30,-0.15,-3.88) wbirth=(-0.29,0.13,0.00) ref=(0.00,0.00) leader=(0.00,0.00) fallbacks=0
[mpc_node-7] [INFO] [1783591975.944647784] [px4_5.mpc_node_5]: [d5] solve: status=0 time=0.34ms cost=22.2 pos=(3.03,3.00,-1.89) local=(0.16,0.03,-1.76) wbirth=(2.87,2.97,-0.13) ref=(3.00,3.00) leader=(0.00,0.00) fallbacks=0
[mpc_node-5] [INFO] [1783591976.861705243] [px4_3.mpc_node_3]: [d3] solve: status=0 time=0.26ms cost=0.3 pos=(3.04,-0.01,-4.56) local=(-0.34,-0.36,-4.03) wbirth=(3.38,0.36,-0.53) ref=(3.00,0.00) leader=(0.00,0.00) fallbacks=0
[mpc_node-6] [INFO] [1783591976.869248642] [px4_4.mpc_node_4]: [d4] solve: status=0 time=0.30ms cost=19.5 pos=(-3.02,0.05,-2.02) local=(-0.27,0.16,-1.88) wbirth=(-2.75,-0.12,-0.14) ref=(-3.00,0.00) leader=(0.00,0.00) fallbacks=0
[mpc_node-9] [INFO] [1783591976.885783829] [px4_7.mpc_node_7]: [d7] solve: status=0 time=0.20ms cost=0.5 pos=(2.95,-3.00,-4.43) local=(-0.40,-0.10,-4.06) wbirth=(3.35,-2.90,-0.37) ref=(3.00,-3.00) leader=(0.00,0.00) fallbacks=0
[mpc_node-3] [INFO] [1783591976.887654441] [px4_1.mpc_node_1]: [d1] solve: status=0 time=0.27ms cost=4.1 pos=(0.02,3.03,-3.41) local=(-0.04,-0.03,-3.08) wbirth=(0.07,3.06,-0.33) ref=(0.00,3.00) leader=(0.00,0.00) fallbacks=0
[mpc_node-10] [INFO] [1783591976.905620234] [px4_8.mpc_node_8]: [d8] solve: status=0 time=0.20ms cost=1.2 pos=(-2.98,-3.01,-4.14) local=(-0.18,-0.28,-3.69) wbirth=(-2.80,-2.73,-0.45) ref=(-3.00,-3.00) leader=(0.00,0.00) fallbacks=0
[mpc_node-4] [INFO] [1783591976.909350171] [px4_2.mpc_node_2]: [d2] solve: status=0 time=0.30ms cost=5.1 pos=(-0.04,-2.99,-3.23) local=(0.14,0.03,-2.94) wbirth=(-0.18,-3.02,-0.29) ref=(0.00,-3.00) leader=(0.00,0.00) fallbacks=0
[mpc_node-8] [INFO] [1783591976.916840254] [px4_6.mpc_node_6]: [d6] solve: status=0 time=0.23ms cost=0.4 pos=(-2.98,3.01,-4.47) local=(-0.31,0.04,-3.93) wbirth=(-2.67,2.97,-0.54) ref=(-3.00,3.00) leader=(0.00,0.00) fallbacks=0
[mpc_node-2] [INFO] [1783591976.923744324] [px4_0.mpc_node_0]: [d0] solve: status=0 time=0.20ms cost=0.4 pos=(0.05,-0.03,-4.50) local=(0.34,-0.16,-4.50) wbirth=(-0.29,0.13,0.00) ref=(0.00,0.00) leader=(0.00,0.00) fallbacks=0
[mpc_node-7] [INFO] [1783591976.943722574] [px4_5.mpc_node_5]: [d5] solve: status=0 time=0.30ms cost=4.0 pos=(2.98,3.01,-3.44) local=(0.11,0.04,-3.11) wbirth=(2.87,2.97,-0.33) ref=(3.00,3.00) leader=(0.00,0.00) fallbacks=0
[mpc_node-5] [INFO] [1783591977.860162944] [px4_3.mpc_node_3]: [d3] solve: status=0 time=0.20ms cost=0.1 pos=(3.00,-0.02,-4.79) local=(-0.38,-0.38,-4.26) wbirth=(3.38,0.36,-0.53) ref=(3.00,0.00) leader=(0.00,0.00) fallbacks=0
[mpc_node-6] [INFO] [1783591977.869580238] [px4_4.mpc_node_4]: [d4] solve: status=0 time=0.35ms cost=3.3 pos=(-3.00,0.03,-3.55) local=(-0.24,0.14,-3.21) wbirth=(-2.75,-0.12,-0.34) ref=(-3.00,0.00) leader=(0.00,0.00) fallbacks=0
[mpc_node-9] [INFO] [1783591977.886095457] [px4_7.mpc_node_7]: [d7] solve: status=0 time=0.20ms cost=0.1 pos=(2.95,-3.01,-4.72) local=(-0.40,-0.10,-4.35) wbirth=(3.35,-2.90,-0.37) ref=(3.00,-3.00) leader=(0.00,0.00) fallbacks=0
[mpc_node-3] [INFO] [1783591977.887359453] [px4_1.mpc_node_1]: [d1] solve: status=0 time=0.20ms cost=0.3 pos=(-0.05,3.04,-4.56) local=(-0.12,-0.02,-4.03) wbirth=(0.07,3.06,-0.53) ref=(0.00,3.00) leader=(0.00,0.00) fallbacks=0
[mpc_node-10] [INFO] [1783591977.906133896] [px4_8.mpc_node_8]: [d8] solve: status=0 time=0.20ms cost=0.1 pos=(-3.00,-2.96,-4.81) local=(-0.20,-0.23,-4.16) wbirth=(-2.80,-2.73,-0.65) ref=(-3.00,-3.00) leader=(0.00,0.00) fallbacks=0
[mpc_node-4] [INFO] [1783591977.911775706] [px4_2.mpc_node_2]: [d2] solve: status=0 time=0.20ms cost=0.4 pos=(0.02,-3.01,-4.49) local=(0.20,0.01,-4.00) wbirth=(-0.18,-3.02,-0.49) ref=(0.00,-3.00) leader=(0.00,0.00) fallbacks=0
[mpc_node-8] [INFO] [1783591977.916432341] [px4_6.mpc_node_6]: [d6] solve: status=0 time=0.21ms cost=0.0 pos=(-2.97,3.02,-4.87) local=(-0.29,0.04,-4.13) wbirth=(-2.67,2.97,-0.74) ref=(-3.00,3.00) leader=(0.00,0.00) fallbacks=0
[mpc_node-2] [INFO] [1783591977.924335350] [px4_0.mpc_node_0]: [d0] solve: status=0 time=0.21ms cost=0.1 pos=(-0.06,0.03,-4.73) local=(0.23,-0.10,-4.73) wbirth=(-0.29,0.13,0.00) ref=(0.00,0.00) leader=(0.00,0.00) fallbacks=0
[mpc_node-7] [INFO] [1783591977.943853300] [px4_5.mpc_node_5]: [d5] solve: status=0 time=0.21ms cost=0.4 pos=(2.93,3.02,-4.53) local=(0.06,0.06,-4.00) wbirth=(2.87,2.97,-0.53) ref=(3.00,3.00) leader=(0.00,0.00) fallbacks=0
[mpc_node-5] [INFO] [1783591978.861920608] [px4_3.mpc_node_3]: [d3] solve: status=0 time=0.20ms cost=0.0 pos=(2.98,-0.00,-4.89) local=(-0.40,-0.36,-4.36) wbirth=(3.38,0.36,-0.53) ref=(3.00,0.00) leader=(0.00,0.00) fallbacks=0
[mpc_node-6] [INFO] [1783591978.871051301] [px4_4.mpc_node_4]: [d4] solve: status=0 time=0.20ms cost=0.2 pos=(-2.98,-0.01,-4.68) local=(-0.23,0.11,-4.14) wbirth=(-2.75,-0.12,-0.54) ref=(-3.00,0.00) leader=(0.00,0.00) fallbacks=0
[mpc_node-9] [INFO] [1783591978.885962884] [px4_7.mpc_node_7]: [d7] solve: status=0 time=0.23ms cost=0.0 pos=(2.98,-2.98,-4.85) local=(-0.38,-0.08,-4.48) wbirth=(3.35,-2.90,-0.37) ref=(3.00,-3.00) leader=(0.00,0.00) fallbacks=0
[mpc_node-3] [INFO] [1783591978.887351893] [px4_1.mpc_node_1]: [d1] solve: status=0 time=0.22ms cost=0.0 pos=(-0.03,3.06,-4.93) local=(-0.10,-0.00,-4.20) wbirth=(0.07,3.06,-0.73) ref=(0.00,3.00) leader=(0.00,0.00) fallbacks=0
[mpc_node-10] [INFO] [1783591978.906542685] [px4_8.mpc_node_8]: [d8] solve: status=0 time=0.22ms cost=0.0 pos=(-3.00,-3.03,-4.97) local=(-0.20,-0.30,-4.12) wbirth=(-2.80,-2.73,-0.85) ref=(-3.00,-3.00) leader=(0.00,0.00) fallbacks=0
[mpc_node-4] [INFO] [1783591978.909763944] [px4_2.mpc_node_2]: [d2] solve: status=0 time=0.22ms cost=0.0 pos=(0.04,-3.05,-4.88) local=(0.22,-0.03,-4.19) wbirth=(-0.18,-3.02,-0.69) ref=(0.00,-3.00) leader=(0.00,0.00) fallbacks=0
[mpc_node-8] [INFO] [1783591978.917998011] [px4_6.mpc_node_6]: [d6] solve: status=0 time=0.22ms cost=0.0 pos=(-3.04,3.00,-5.00) local=(-0.36,0.03,-4.12) wbirth=(-2.67,2.97,-0.88) ref=(-3.00,3.00) leader=(0.00,0.00) fallbacks=0
[mpc_node-2] [INFO] [1783591978.922988458] [px4_0.mpc_node_0]: [d0] solve: status=0 time=0.23ms cost=0.1 pos=(-0.01,0.01,-4.82) local=(0.27,-0.12,-4.82) wbirth=(-0.29,0.13,0.00) ref=(0.00,0.00) leader=(0.00,0.00) fallbacks=0
[mpc_node-7] [INFO] [1783591978.943119367] [px4_5.mpc_node_5]: [d5] solve: status=0 time=0.22ms cost=0.0 pos=(2.96,2.99,-4.90) local=(0.08,0.02,-4.16) wbirth=(2.87,2.97,-0.73) ref=(3.00,3.00) leader=(0.00,0.00) fallbacks=0
[mpc_node-5] [INFO] [1783591979.859934438] [px4_3.mpc_node_3]: [d3] solve: status=0 time=0.20ms cost=0.0 pos=(2.97,-0.03,-4.99) local=(-0.41,-0.39,-4.46) wbirth=(3.38,0.36,-0.53) ref=(3.00,0.00) leader=(0.00,0.00) fallbacks=0
[mpc_node-6] [INFO] [1783591979.870788834] [px4_4.mpc_node_4]: [d4] solve: status=0 time=0.20ms cost=0.0 pos=(-3.04,-0.00,-4.93) local=(-0.29,0.11,-4.19) wbirth=(-2.75,-0.12,-0.74) ref=(-3.00,0.00) leader=(0.00,0.00) fallbacks=0
[mpc_node-9] [INFO] [1783591979.886821650] [px4_7.mpc_node_7]: [d7] solve: status=0 time=0.25ms cost=0.0 pos=(2.97,-3.04,-4.88) local=(-0.39,-0.14,-4.51) wbirth=(3.35,-2.90,-0.37) ref=(3.00,-3.00) leader=(0.00,0.00) fallbacks=0
[mpc_node-3] [INFO] [1783591979.886831793] [px4_1.mpc_node_1]: [d1] solve: status=0 time=0.20ms cost=0.0 pos=(-0.01,3.03,-5.03) local=(-0.08,-0.04,-4.10) wbirth=(0.07,3.06,-0.93) ref=(0.00,3.00) leader=(0.00,0.00) fallbacks=0
[mpc_node-10] [INFO] [1783591979.907329489] [px4_8.mpc_node_8]: [d8] solve: status=0 time=0.20ms cost=0.0 pos=(-3.00,-3.04,-5.01) local=(-0.21,-0.31,-3.96) wbirth=(-2.80,-2.73,-1.05) ref=(-3.00,-3.00) leader=(0.00,0.00) fallbacks=0
[mpc_node-4] [INFO] [1783591979.911287583] [px4_2.mpc_node_2]: [d2] solve: status=0 time=0.24ms cost=0.0 pos=(0.03,-3.00,-5.08) local=(0.22,0.02,-4.19) wbirth=(-0.18,-3.02,-0.89) ref=(0.00,-3.00) leader=(0.00,0.00) fallbacks=0
[mpc_node-8] [INFO] [1783591979.916525810] [px4_6.mpc_node_6]: [d6] solve: status=0 time=0.21ms cost=0.0 pos=(-3.03,2.99,-5.01) local=(-0.36,0.01,-4.13) wbirth=(-2.67,2.97,-0.88) ref=(-3.00,3.00) leader=(0.00,0.00) fallbacks=0
[mpc_node-2] [INFO] [1783591979.923480182] [px4_0.mpc_node_0]: [d0] solve: status=0 time=0.20ms cost=0.0 pos=(-0.02,0.02,-4.86) local=(0.27,-0.11,-4.86) wbirth=(-0.29,0.13,0.00) ref=(0.00,0.00) leader=(0.00,0.00) fallbacks=0
[mpc_node-7] [INFO] [1783591979.943183536] [px4_5.mpc_node_5]: [d5] solve: status=0 time=0.21ms cost=0.0 pos=(2.97,2.95,-5.14) local=(0.10,-0.02,-4.21) wbirth=(2.87,2.97,-0.93) ref=(3.00,3.00) leader=(0.00,0.00) fallbacks=0
[mpc_node-5] [INFO] [1783591980.861185151] [px4_3.mpc_node_3]: [d3] solve: status=0 time=0.19ms cost=0.0 pos=(3.03,-0.02,-4.97) local=(-0.35,-0.38,-4.44) wbirth=(3.38,0.36,-0.53) ref=(3.00,0.00) leader=(0.00,0.00) fallbacks=0
[mpc_node-6] [INFO] [1783591980.870170964] [px4_4.mpc_node_4]: [d4] solve: status=0 time=0.21ms cost=0.0 pos=(-3.02,-0.03,-5.02) local=(-0.27,0.09,-4.08) wbirth=(-2.75,-0.12,-0.94) ref=(-3.00,0.00) leader=(0.00,0.00) fallbacks=0
[mpc_node-9] [INFO] [1783591980.885991805] [px4_7.mpc_node_7]: [d7] solve: status=0 time=0.20ms cost=0.0 pos=(2.99,-3.01,-4.92) local=(-0.37,-0.11,-4.55) wbirth=(3.35,-2.90,-0.37) ref=(3.00,-3.00) leader=(0.00,0.00) fallbacks=0
[mpc_node-3] [INFO] [1783591980.886830008] [px4_1.mpc_node_1]: [d1] solve: status=0 time=0.20ms cost=0.0 pos=(0.03,3.03,-5.13) local=(-0.04,-0.03,-4.00) wbirth=(0.07,3.06,-1.13) ref=(0.00,3.00) leader=(0.00,0.00) fallbacks=0
[mpc_node-10] [INFO] [1783591980.906130885] [px4_8.mpc_node_8]: [d8] solve: status=0 time=0.20ms cost=0.0 pos=(-3.04,-3.02,-4.99) local=(-0.24,-0.28,-3.86) wbirth=(-2.80,-2.73,-1.13) ref=(-3.00,-3.00) leader=(0.00,0.00) fallbacks=0
[mpc_node-4] [INFO] [1783591980.910581978] [px4_2.mpc_node_2]: [d2] solve: status=0 time=0.24ms cost=0.0 pos=(-0.01,-2.98,-5.09) local=(0.17,0.04,-4.00) wbirth=(-0.18,-3.02,-1.09) ref=(0.00,-3.00) leader=(0.00,0.00) fallbacks=0
[mpc_node-8] [INFO] [1783591980.917647084] [px4_6.mpc_node_6]: [d6] solve: status=0 time=0.21ms cost=0.0 pos=(-2.98,2.98,-5.03) local=(-0.31,0.01,-4.15) wbirth=(-2.67,2.97,-0.88) ref=(-3.00,3.00) leader=(0.00,0.00) fallbacks=0
[mpc_node-2] [INFO] [1783591980.923855367] [px4_0.mpc_node_0]: [d0] solve: status=0 time=0.20ms cost=0.0 pos=(-0.08,-0.01,-5.00) local=(0.21,-0.14,-5.00) wbirth=(-0.29,0.13,0.00) ref=(0.00,0.00) leader=(0.00,0.00) fallbacks=0
[mpc_node-7] [INFO] [1783591980.942951909] [px4_5.mpc_node_5]: [d5] solve: status=0 time=0.17ms cost=0.0 pos=(2.99,2.97,-5.15) local=(0.12,0.01,-4.01) wbirth=(2.87,2.97,-1.13) ref=(3.00,3.00) leader=(0.00,0.00) fallbacks=0
[mpc_node-5] [INFO] [1783591981.861944815] [px4_3.mpc_node_3]: [d3] solve: status=0 time=0.21ms cost=0.0 pos=(3.01,-0.01,-4.95) local=(-0.37,-0.36,-4.42) wbirth=(3.38,0.36,-0.53) ref=(3.00,0.00) leader=(0.00,0.00) fallbacks=0
[mpc_node-6] [INFO] [1783591981.869754599] [px4_4.mpc_node_4]: [d4] solve: status=0 time=0.20ms cost=0.0 pos=(-2.99,0.01,-5.11) local=(-0.24,0.13,-3.97) wbirth=(-2.75,-0.12,-1.14) ref=(-3.00,0.00) leader=(0.00,0.00) fallbacks=0
[mpc_node-9] [INFO] [1783591981.886013229] [px4_7.mpc_node_7]: [d7] solve: status=0 time=0.17ms cost=0.0 pos=(3.00,-3.04,-4.96) local=(-0.35,-0.14,-4.59) wbirth=(3.35,-2.90,-0.37) ref=(3.00,-3.00) leader=(0.00,0.00) fallbacks=0
[mpc_node-3] [INFO] [1783591981.886820008] [px4_1.mpc_node_1]: [d1] solve: status=0 time=0.20ms cost=0.0 pos=(0.02,3.03,-5.11) local=(-0.04,-0.03,-3.79) wbirth=(0.07,3.06,-1.33) ref=(0.00,3.00) leader=(0.00,0.00) fallbacks=0
[mpc_node-10] [INFO] [1783591981.905254399] [px4_8.mpc_node_8]: [d8] solve: status=0 time=0.20ms cost=0.0 pos=(-3.03,-2.99,-5.00) local=(-0.23,-0.26,-3.87) wbirth=(-2.80,-2.73,-1.13) ref=(-3.00,-3.00) leader=(0.00,0.00) fallbacks=0
[mpc_node-4] [INFO] [1783591981.910078295] [px4_2.mpc_node_2]: [d2] solve: status=0 time=0.20ms cost=0.0 pos=(-0.03,-2.97,-5.15) local=(0.15,0.05,-3.86) wbirth=(-0.18,-3.02,-1.29) ref=(0.00,-3.00) leader=(0.00,0.00) fallbacks=0
[mpc_node-8] [INFO] [1783591981.917166807] [px4_6.mpc_node_6]: [d6] solve: status=0 time=0.18ms cost=0.0 pos=(-2.99,3.02,-4.98) local=(-0.31,0.05,-4.10) wbirth=(-2.67,2.97,-0.88) ref=(-3.00,3.00) leader=(0.00,0.00) fallbacks=0
[mpc_node-2] [INFO] [1783591981.922998559] [px4_0.mpc_node_0]: [d0] solve: status=0 time=0.20ms cost=0.0 pos=(0.00,0.03,-4.99) local=(0.29,-0.10,-4.99) wbirth=(-0.29,0.13,0.00) ref=(0.00,0.00) leader=(0.00,0.00) fallbacks=0
[mpc_node-7] [INFO] [1783591981.944456115] [px4_5.mpc_node_5]: [d5] solve: status=0 time=0.20ms cost=0.1 pos=(3.00,3.00,-5.21) local=(0.13,0.04,-3.88) wbirth=(2.87,2.97,-1.33) ref=(3.00,3.00) leader=(0.00,0.00) fallbacks=0
[mpc_node-5] [INFO] [1783591982.860661133] [px4_3.mpc_node_3]: [d3] solve: status=0 time=0.24ms cost=0.0 pos=(3.01,0.03,-5.01) local=(-0.37,-0.33,-4.47) wbirth=(3.38,0.36,-0.53) ref=(3.00,0.00) leader=(0.00,0.00) fallbacks=0
[mpc_node-6] [INFO] [1783591982.870940723] [px4_4.mpc_node_4]: [d4] solve: status=0 time=0.17ms cost=0.0 pos=(-3.02,-0.02,-5.12) local=(-0.27,0.09,-3.79) wbirth=(-2.75,-0.12,-1.34) ref=(-3.00,0.00) leader=(0.00,0.00) fallbacks=0
[mpc_node-9] [INFO] [1783591982.886562542] [px4_7.mpc_node_7]: [d7] solve: status=0 time=0.17ms cost=0.0 pos=(3.03,-3.02,-4.93) local=(-0.33,-0.12,-4.56) wbirth=(3.35,-2.90,-0.37) ref=(3.00,-3.00) leader=(0.00,0.00) fallbacks=0
[mpc_node-3] [INFO] [1783591982.887712130] [px4_1.mpc_node_1]: [d1] solve: status=0 time=0.17ms cost=0.1 pos=(-0.03,3.00,-5.23) local=(-0.10,-0.06,-3.70) wbirth=(0.07,3.06,-1.53) ref=(0.00,3.00) leader=(0.00,0.00) fallbacks=0
[mpc_node-10] [INFO] [1783591982.905791492] [px4_8.mpc_node_8]: [d8] solve: status=0 time=0.20ms cost=0.0 pos=(-3.03,-3.00,-5.01) local=(-0.23,-0.27,-3.88) wbirth=(-2.80,-2.73,-1.13) ref=(-3.00,-3.00) leader=(0.00,0.00) fallbacks=0
[mpc_node-4] [INFO] [1783591982.910843734] [px4_2.mpc_node_2]: [d2] solve: status=0 time=0.20ms cost=0.0 pos=(-0.01,-3.00,-5.10) local=(0.17,0.02,-3.61) wbirth=(-0.18,-3.02,-1.49) ref=(0.00,-3.00) leader=(0.00,0.00) fallbacks=0
[mpc_node-8] [INFO] [1783591982.916690264] [px4_6.mpc_node_6]: [d6] solve: status=0 time=0.18ms cost=0.0 pos=(-2.97,3.01,-5.02) local=(-0.29,0.04,-4.14) wbirth=(-2.67,2.97,-0.88) ref=(-3.00,3.00) leader=(0.00,0.00) fallbacks=0
[mpc_node-2] [INFO] [1783591982.922791598] [px4_0.mpc_node_0]: [d0] solve: status=0 time=0.21ms cost=0.0 pos=(-0.00,0.02,-4.95) local=(0.29,-0.11,-4.95) wbirth=(-0.29,0.13,0.00) ref=(0.00,0.00) leader=(0.00,0.00) fallbacks=0
[mpc_node-7] [INFO] [1783591982.944215429] [px4_5.mpc_node_5]: [d5] solve: status=0 time=0.20ms cost=0.1 pos=(3.03,3.00,-5.20) local=(0.16,0.03,-3.67) wbirth=(2.87,2.97,-1.53) ref=(3.00,3.00) leader=(0.00,0.00) fallbacks=0
[mpc_node-5] [INFO] [1783591983.861574836] [px4_3.mpc_node_3]: [d3] solve: status=0 time=0.25ms cost=0.0 pos=(3.01,0.01,-5.03) local=(-0.37,-0.35,-4.50) wbirth=(3.38,0.36,-0.53) ref=(3.00,0.00) leader=(0.00,0.00) fallbacks=0
[mpc_node-6] [INFO] [1783591983.869326368] [px4_4.mpc_node_4]: [d4] solve: status=0 time=0.17ms cost=0.1 pos=(-3.01,-0.01,-5.18) local=(-0.26,0.11,-3.65) wbirth=(-2.75,-0.12,-1.54) ref=(-3.00,0.00) leader=(0.00,0.00) fallbacks=0
[mpc_node-9] [INFO] [1783591983.887276872] [px4_7.mpc_node_7]: [d7] solve: status=0 time=0.17ms cost=0.0 pos=(3.01,-3.00,-5.03) local=(-0.34,-0.10,-4.66) wbirth=(3.35,-2.90,-0.37) ref=(3.00,-3.00) leader=(0.00,0.00) fallbacks=0
[mpc_node-3] [INFO] [1783591983.888750746] [px4_1.mpc_node_1]: [d1] solve: status=0 time=0.21ms cost=0.0 pos=(0.03,3.01,-5.13) local=(-0.03,-0.05,-3.53) wbirth=(0.07,3.06,-1.60) ref=(0.00,3.00) leader=(0.00,0.00) fallbacks=0
[mpc_node-10] [INFO] [1783591983.905987343] [px4_8.mpc_node_8]: [d8] solve: status=0 time=0.20ms cost=0.0 pos=(-3.00,-3.02,-5.03) local=(-0.21,-0.29,-3.91) wbirth=(-2.80,-2.73,-1.13) ref=(-3.00,-3.00) leader=(0.00,0.00) fallbacks=0
[mpc_node-4] [INFO] [1783591983.909346692] [px4_2.mpc_node_2]: [d2] solve: status=0 time=0.20ms cost=0.0 pos=(-0.05,-3.03,-5.16) local=(0.14,-0.01,-3.47) wbirth=(-0.18,-3.02,-1.69) ref=(0.00,-3.00) leader=(0.00,0.00) fallbacks=0
[mpc_node-8] [INFO] [1783591983.916913167] [px4_6.mpc_node_6]: [d6] solve: status=0 time=0.26ms cost=0.0 pos=(-3.00,2.98,-5.02) local=(-0.32,0.01,-4.15) wbirth=(-2.67,2.97,-0.88) ref=(-3.00,3.00) leader=(0.00,0.00) fallbacks=0
[mpc_node-2] [INFO] [1783591983.923533577] [px4_0.mpc_node_0]: [d0] solve: status=0 time=0.20ms cost=0.0 pos=(0.03,-0.01,-4.99) local=(0.31,-0.14,-4.99) wbirth=(-0.29,0.13,0.00) ref=(0.00,0.00) leader=(0.00,0.00) fallbacks=0
[mpc_node-7] [INFO] [1783591983.943786665] [px4_5.mpc_node_5]: [d5] solve: status=0 time=0.20ms cost=0.0 pos=(3.01,3.03,-5.06) local=(0.14,0.07,-3.53) wbirth=(2.87,2.97,-1.54) ref=(3.00,3.00) leader=(0.00,0.00) fallbacks=0
[mpc_node-5] [INFO] [1783591984.864504491] [px4_3.mpc_node_3]: [d3] solve: status=0 time=0.21ms cost=0.0 pos=(3.01,-0.03,-5.06) local=(-0.37,-0.38,-4.52) wbirth=(3.38,0.36,-0.53) ref=(3.00,0.00) leader=(0.00,0.00) fallbacks=0
[mpc_node-6] [INFO] [1783591984.870631484] [px4_4.mpc_node_4]: [d4] solve: status=0 time=0.23ms cost=0.0 pos=(-3.02,0.02,-5.16) local=(-0.27,0.13,-3.43) wbirth=(-2.75,-0.12,-1.74) ref=(-3.00,0.00) leader=(0.00,0.00) fallbacks=0
[mpc_node-3] [INFO] [1783591984.886848527] [px4_1.mpc_node_1]: [d1] solve: status=0 time=0.20ms cost=0.0 pos=(-0.01,2.99,-5.02) local=(-0.07,-0.07,-3.42) wbirth=(0.07,3.06,-1.60) ref=(0.00,3.00) leader=(0.00,0.00) fallbacks=0
[mpc_node-9] [INFO] [1783591984.888520563] [px4_7.mpc_node_7]: [d7] solve: status=0 time=0.19ms cost=0.0 pos=(2.98,-3.00,-5.01) local=(-0.37,-0.10,-4.64) wbirth=(3.35,-2.90,-0.37) ref=(3.00,-3.00) leader=(0.00,0.00) fallbacks=0
[mpc_node-10] [INFO] [1783591984.905838066] [px4_8.mpc_node_8]: [d8] solve: status=0 time=0.20ms cost=0.0 pos=(-2.97,-2.93,-5.03) local=(-0.17,-0.20,-3.90) wbirth=(-2.80,-2.73,-1.13) ref=(-3.00,-3.00) leader=(0.00,0.00) fallbacks=0
[mpc_node-4] [INFO] [1783591984.909530025] [px4_2.mpc_node_2]: [d2] solve: status=0 time=0.21ms cost=0.0 pos=(0.01,-3.00,-5.13) local=(0.19,0.02,-3.34) wbirth=(-0.18,-3.02,-1.79) ref=(0.00,-3.00) leader=(0.00,0.00) fallbacks=0
[mpc_node-8] [INFO] [1783591984.917594544] [px4_6.mpc_node_6]: [d6] solve: status=0 time=0.18ms cost=0.0 pos=(-2.98,3.01,-4.94) local=(-0.31,0.04,-4.06) wbirth=(-2.67,2.97,-0.88) ref=(-3.00,3.00) leader=(0.00,0.00) fallbacks=0
[mpc_node-2] [INFO] [1783591984.922108936] [px4_0.mpc_node_0]: [d0] solve: status=0 time=0.17ms cost=0.0 pos=(0.01,0.00,-5.01) local=(0.30,-0.13,-5.01) wbirth=(-0.29,0.13,0.00) ref=(0.00,0.00) leader=(0.00,0.00) fallbacks=0
[mpc_node-7] [INFO] [1783591984.944624987] [px4_5.mpc_node_5]: [d5] solve: status=0 time=0.20ms cost=0.0 pos=(3.02,3.02,-4.98) local=(0.15,0.05,-3.44) wbirth=(2.87,2.97,-1.54) ref=(3.00,3.00) leader=(0.00,0.00) fallbacks=0
[mpc_node-5] [INFO] [1783591985.860549333] [px4_3.mpc_node_3]: [d3] solve: status=0 time=0.20ms cost=0.0 pos=(3.01,-0.03,-5.03) local=(-0.37,-0.39,-4.49) wbirth=(3.38,0.36,-0.53) ref=(3.00,0.00) leader=(0.00,0.00) fallbacks=0
[mpc_node-6] [INFO] [1783591985.869376872] [px4_4.mpc_node_4]: [d4] solve: status=0 time=0.20ms cost=0.1 pos=(-2.96,0.03,-5.20) local=(-0.21,0.15,-3.26) wbirth=(-2.75,-0.12,-1.94) ref=(-3.00,0.00) leader=(0.00,0.00) fallbacks=0
[mpc_node-9] [INFO] [1783591985.886446866] [px4_7.mpc_node_7]: [d7] solve: status=0 time=0.24ms cost=0.0 pos=(3.00,-2.97,-4.98) local=(-0.35,-0.07,-4.61) wbirth=(3.35,-2.90,-0.37) ref=(3.00,-3.00) leader=(0.00,0.00) fallbacks=0
[mpc_node-3] [INFO] [1783591985.887095675] [px4_1.mpc_node_1]: [d1] solve: status=0 time=0.20ms cost=0.0 pos=(0.02,3.01,-5.03) local=(-0.05,-0.06,-3.43) wbirth=(0.07,3.06,-1.60) ref=(0.00,3.00) leader=(0.00,0.00) fallbacks=0
[mpc_node-10] [INFO] [1783591985.906205166] [px4_8.mpc_node_8]: [d8] solve: status=0 time=0.20ms cost=0.0 pos=(-3.02,-2.98,-4.98) local=(-0.22,-0.25,-3.85) wbirth=(-2.80,-2.73,-1.13) ref=(-3.00,-3.00) leader=(0.00,0.00) fallbacks=0
[mpc_node-4] [INFO] [1783591985.909489901] [px4_2.mpc_node_2]: [d2] solve: status=0 time=0.21ms cost=0.0 pos=(0.02,-3.03,-5.05) local=(0.20,-0.01,-3.26) wbirth=(-0.18,-3.02,-1.79) ref=(0.00,-3.00) leader=(0.00,0.00) fallbacks=0
[mpc_node-8] [INFO] [1783591985.917244592] [px4_6.mpc_node_6]: [d6] solve: status=0 time=0.22ms cost=0.0 pos=(-3.04,3.04,-4.97) local=(-0.37,0.07,-4.09) wbirth=(-2.67,2.97,-0.88) ref=(-3.00,3.00) leader=(0.00,0.00) fallbacks=0
[mpc_node-2] [INFO] [1783591985.924106881] [px4_0.mpc_node_0]: [d0] solve: status=0 time=0.28ms cost=0.0 pos=(-0.01,0.02,-5.00) local=(0.28,-0.11,-5.00) wbirth=(-0.29,0.13,0.00) ref=(0.00,0.00) leader=(0.00,0.00) fallbacks=0
[mpc_node-7] [INFO] [1783591985.942967937] [px4_5.mpc_node_5]: [d5] solve: status=0 time=0.18ms cost=0.0 pos=(2.97,3.01,-4.99) local=(0.09,0.04,-3.45) wbirth=(2.87,2.97,-1.54) ref=(3.00,3.00) leader=(0.00,0.00) fallbacks=0
[mpc_node-5] [INFO] [1783591986.861158708] [px4_3.mpc_node_3]: [d3] solve: status=0 time=0.20ms cost=0.0 pos=(3.02,-0.02,-4.99) local=(-0.36,-0.38,-4.45) wbirth=(3.38,0.36,-0.53) ref=(3.00,0.00) leader=(0.00,0.00) fallbacks=0
[mpc_node-6] [INFO] [1783591986.870080144] [px4_4.mpc_node_4]: [d4] solve: status=0 time=0.17ms cost=0.0 pos=(-3.02,-0.01,-5.12) local=(-0.26,0.11,-3.09) wbirth=(-2.75,-0.12,-2.03) ref=(-3.00,0.00) leader=(0.00,0.00) fallbacks=0
[mpc_node-9] [INFO] [1783591986.886409559] [px4_7.mpc_node_7]: [d7] solve: status=0 time=0.24ms cost=0.0 pos=(2.97,-3.01,-5.00) local=(-0.39,-0.11,-4.63) wbirth=(3.35,-2.90,-0.37) ref=(3.00,-3.00) leader=(0.00,0.00) fallbacks=0
[mpc_node-3] [INFO] [1783591986.886739789] [px4_1.mpc_node_1]: [d1] solve: status=0 time=0.20ms cost=0.0 pos=(-0.02,3.01,-4.97) local=(-0.09,-0.05,-3.38) wbirth=(0.07,3.06,-1.60) ref=(0.00,3.00) leader=(0.00,0.00) fallbacks=0
[mpc_node-10] [INFO] [1783591986.907535409] [px4_8.mpc_node_8]: [d8] solve: status=0 time=0.17ms cost=0.0 pos=(-3.01,-2.99,-4.96) local=(-0.21,-0.26,-3.84) wbirth=(-2.80,-2.73,-1.13) ref=(-3.00,-3.00) leader=(0.00,0.00) fallbacks=0
[mpc_node-4] [INFO] [1783591986.910648198] [px4_2.mpc_node_2]: [d2] solve: status=0 time=0.24ms cost=0.0 pos=(0.02,-2.97,-5.05) local=(0.20,0.05,-3.26) wbirth=(-0.18,-3.02,-1.79) ref=(0.00,-3.00) leader=(0.00,0.00) fallbacks=0
[mpc_node-8] [INFO] [1783591986.917794822] [px4_6.mpc_node_6]: [d6] solve: status=0 time=0.21ms cost=0.0 pos=(-3.04,3.01,-5.00) local=(-0.37,0.04,-4.12) wbirth=(-2.67,2.97,-0.88) ref=(-3.00,3.00) leader=(0.00,0.00) fallbacks=0
[mpc_node-2] [INFO] [1783591986.923504834] [px4_0.mpc_node_0]: [d0] solve: status=0 time=0.18ms cost=0.0 pos=(-0.01,0.01,-4.96) local=(0.28,-0.12,-4.96) wbirth=(-0.29,0.13,0.00) ref=(0.00,0.00) leader=(0.00,0.00) fallbacks=0
[mpc_node-7] [INFO] [1783591986.942808098] [px4_5.mpc_node_5]: [d5] solve: status=0 time=0.17ms cost=0.0 pos=(2.94,3.00,-5.00) local=(0.07,0.03,-3.47) wbirth=(2.87,2.97,-1.54) ref=(3.00,3.00) leader=(0.00,0.00) fallbacks=0
[mpc_node-5] [INFO] [1783591987.859763425] [px4_3.mpc_node_3]: [d3] solve: status=0 time=0.21ms cost=0.0 pos=(2.98,0.01,-5.02) local=(-0.40,-0.34,-4.48) wbirth=(3.38,0.36,-0.53) ref=(3.00,0.00) leader=(0.00,0.00) fallbacks=0
[mpc_node-6] [INFO] [1783591987.869203020] [px4_4.mpc_node_4]: [d4] solve: status=0 time=0.20ms cost=0.0 pos=(-3.02,0.01,-5.07) local=(-0.27,0.12,-3.04) wbirth=(-2.75,-0.12,-2.03) ref=(-3.00,0.00) leader=(0.00,0.00) fallbacks=0
[mpc_node-3] [INFO] [1783591987.886743371] [px4_1.mpc_node_1]: [d1] solve: status=0 time=0.18ms cost=0.0 pos=(0.02,2.98,-5.07) local=(-0.05,-0.08,-3.48) wbirth=(0.07,3.06,-1.60) ref=(0.00,3.00) leader=(0.00,0.00) fallbacks=0
[mpc_node-9] [INFO] [1783591987.887229305] [px4_7.mpc_node_7]: [d7] solve: status=0 time=0.17ms cost=0.0 pos=(2.98,-2.99,-4.97) local=(-0.37,-0.09,-4.60) wbirth=(3.35,-2.90,-0.37) ref=(3.00,-3.00) leader=(0.00,0.00) fallbacks=0
[mpc_node-10] [INFO] [1783591987.906519564] [px4_8.mpc_node_8]: [d8] solve: status=0 time=0.20ms cost=0.0 pos=(-2.98,-3.02,-5.01) local=(-0.18,-0.29,-3.89) wbirth=(-2.80,-2.73,-1.13) ref=(-3.00,-3.00) leader=(0.00,0.00) fallbacks=0
[mpc_node-4] [INFO] [1783591987.910008209] [px4_2.mpc_node_2]: [d2] solve: status=0 time=0.17ms cost=0.0 pos=(-0.00,-2.97,-5.06) local=(0.18,0.05,-3.27) wbirth=(-0.18,-3.02,-1.79) ref=(0.00,-3.00) leader=(0.00,0.00) fallbacks=0
[mpc_node-8] [INFO] [1783591987.918407418] [px4_6.mpc_node_6]: [d6] solve: status=0 time=0.28ms cost=0.0 pos=(-3.00,2.99,-5.05) local=(-0.33,0.02,-4.17) wbirth=(-2.67,2.97,-0.88) ref=(-3.00,3.00) leader=(0.00,0.00) fallbacks=0
[mpc_node-2] [INFO] [1783591987.922939741] [px4_0.mpc_node_0]: [d0] solve: status=0 time=0.17ms cost=0.0 pos=(-0.03,0.01,-5.01) local=(0.26,-0.12,-5.01) wbirth=(-0.29,0.13,0.00) ref=(0.00,0.00) leader=(0.00,0.00) fallbacks=0
[mpc_node-7] [INFO] [1783591987.943125278] [px4_5.mpc_node_5]: [d5] solve: status=0 time=0.23ms cost=0.0 pos=(2.99,3.01,-5.01) local=(0.12,0.04,-3.48) wbirth=(2.87,2.97,-1.54) ref=(3.00,3.00) leader=(0.00,0.00) fallbacks=0
[mpc_node-5] [INFO] [1783591988.859760055] [px4_3.mpc_node_3]: [d3] solve: status=0 time=0.21ms cost=0.0 pos=(3.01,-0.01,-5.00) local=(-0.38,-0.37,-4.47) wbirth=(3.38,0.36,-0.53) ref=(3.00,0.00) leader=(0.00,0.00) fallbacks=0
[mpc_node-6] [INFO] [1783591988.870169871] [px4_4.mpc_node_4]: [d4] solve: status=0 time=0.17ms cost=0.0 pos=(-3.01,-0.04,-5.08) local=(-0.26,0.08,-3.06) wbirth=(-2.75,-0.12,-2.03) ref=(-3.00,0.00) leader=(0.00,0.00) fallbacks=0
[mpc_node-3] [INFO] [1783591988.887445347] [px4_1.mpc_node_1]: [d1] solve: status=0 time=0.20ms cost=0.0 pos=(0.02,3.00,-5.03) local=(-0.05,-0.06,-3.43) wbirth=(0.07,3.06,-1.60) ref=(0.00,3.00) leader=(0.00,0.00) fallbacks=0
[mpc_node-9] [INFO] [1783591988.887677983] [px4_7.mpc_node_7]: [d7] solve: status=0 time=0.19ms cost=0.0 pos=(2.99,-3.00,-4.98) local=(-0.36,-0.09,-4.61) wbirth=(3.35,-2.90,-0.37) ref=(3.00,-3.00) leader=(0.00,0.00) fallbacks=0
[mpc_node-10] [INFO] [1783591988.906498267] [px4_8.mpc_node_8]: [d8] solve: status=0 time=0.28ms cost=0.0 pos=(-3.02,-3.00,-5.06) local=(-0.22,-0.26,-3.93) wbirth=(-2.80,-2.73,-1.13) ref=(-3.00,-3.00) leader=(0.00,0.00) fallbacks=0
[mpc_node-4] [INFO] [1783591988.911223992] [px4_2.mpc_node_2]: [d2] solve: status=0 time=0.21ms cost=0.0 pos=(0.01,-2.99,-4.99) local=(0.19,0.03,-3.20) wbirth=(-0.18,-3.02,-1.79) ref=(0.00,-3.00) leader=(0.00,0.00) fallbacks=0
[mpc_node-8] [INFO] [1783591988.917481930] [px4_6.mpc_node_6]: [d6] solve: status=0 time=0.21ms cost=0.0 pos=(-3.01,2.99,-4.95) local=(-0.34,0.02,-4.07) wbirth=(-2.67,2.97,-0.88) ref=(-3.00,3.00) leader=(0.00,0.00) fallbacks=0
[mpc_node-2] [INFO] [1783591988.922951902] [px4_0.mpc_node_0]: [d0] solve: status=0 time=0.22ms cost=0.0 pos=(0.06,-0.01,-5.04) local=(0.34,-0.13,-5.04) wbirth=(-0.29,0.13,0.00) ref=(0.00,0.00) leader=(0.00,0.00) fallbacks=0
[mpc_node-7] [INFO] [1783591988.944389205] [px4_5.mpc_node_5]: [d5] solve: status=0 time=0.20ms cost=0.0 pos=(3.05,3.02,-5.00) local=(0.18,0.05,-3.47) wbirth=(2.87,2.97,-1.54) ref=(3.00,3.00) leader=(0.00,0.00) fallbacks=0
[mpc_node-5] [INFO] [1783591989.861247174] [px4_3.mpc_node_3]: [d3] solve: status=0 time=0.17ms cost=0.0 pos=(3.01,-0.02,-4.97) local=(-0.38,-0.38,-4.44) wbirth=(3.38,0.36,-0.53) ref=(3.00,0.00) leader=(0.00,0.00) fallbacks=0
[mpc_node-6] [INFO] [1783591989.869484485] [px4_4.mpc_node_4]: [d4] solve: status=0 time=0.17ms cost=0.0 pos=(-2.98,-0.00,-5.01) local=(-0.23,0.11,-2.98) wbirth=(-2.75,-0.12,-2.03) ref=(-3.00,0.00) leader=(0.00,0.00) fallbacks=0
[mpc_node-9] [INFO] [1783591989.887401284] [px4_7.mpc_node_7]: [d7] solve: status=0 time=0.49ms cost=0.0 pos=(3.03,-2.99,-4.97) local=(-0.33,-0.09,-4.60) wbirth=(3.35,-2.90,-0.37) ref=(3.00,-3.00) leader=(0.00,0.00) fallbacks=0
[mpc_node-3] [INFO] [1783591989.888708594] [px4_1.mpc_node_1]: [d1] solve: status=0 time=0.17ms cost=0.0 pos=(0.02,3.02,-5.06) local=(-0.04,-0.04,-3.46) wbirth=(0.07,3.06,-1.60) ref=(0.00,3.00) leader=(0.00,0.00) fallbacks=0
[mpc_node-10] [INFO] [1783591989.907363628] [px4_8.mpc_node_8]: [d8] solve: status=0 time=0.20ms cost=0.0 pos=(-3.01,-2.98,-5.01) local=(-0.21,-0.25,-3.89) wbirth=(-2.80,-2.73,-1.13) ref=(-3.00,-3.00) leader=(0.00,0.00) fallbacks=0
[mpc_node-4] [INFO] [1783591989.909249238] [px4_2.mpc_node_2]: [d2] solve: status=0 time=0.17ms cost=0.0 pos=(-0.00,-3.02,-4.93) local=(0.18,0.00,-3.14) wbirth=(-0.18,-3.02,-1.79) ref=(0.00,-3.00) leader=(0.00,0.00) fallbacks=0
[mpc_node-8] [INFO] [1783591989.916948160] [px4_6.mpc_node_6]: [d6] solve: status=0 time=0.24ms cost=0.0 pos=(-3.04,2.98,-5.01) local=(-0.37,0.01,-4.13) wbirth=(-2.67,2.97,-0.88) ref=(-3.00,3.00) leader=(0.00,0.00) fallbacks=0
[mpc_node-2] [INFO] [1783591989.924464461] [px4_0.mpc_node_0]: [d0] solve: status=0 time=0.17ms cost=0.0 pos=(0.01,-0.03,-5.01) local=(0.30,-0.16,-5.01) wbirth=(-0.29,0.13,0.00) ref=(0.00,0.00) leader=(0.00,0.00) fallbacks=0
[mpc_node-7] [INFO] [1783591989.943542878] [px4_5.mpc_node_5]: [d5] solve: status=0 time=0.22ms cost=0.0 pos=(3.05,3.01,-4.98) local=(0.18,0.04,-3.44) wbirth=(2.87,2.97,-1.54) ref=(3.00,3.00) leader=(0.00,0.00) fallbacks=0
[mpc_node-5] [INFO] [1783591990.860964751] [px4_3.mpc_node_3]: [d3] solve: status=0 time=0.22ms cost=0.0 pos=(3.03,-0.02,-5.02) local=(-0.35,-0.37,-4.48) wbirth=(3.38,0.36,-0.53) ref=(3.00,0.00) leader=(0.00,0.00) fallbacks=0
[mpc_node-6] [INFO] [1783591990.871250481] [px4_4.mpc_node_4]: [d4] solve: status=0 time=0.21ms cost=0.0 pos=(-2.96,0.01,-4.98) local=(-0.21,0.13,-2.96) wbirth=(-2.75,-0.12,-2.03) ref=(-3.00,0.00) leader=(0.00,0.00) fallbacks=0
[mpc_node-9] [INFO] [1783591990.885935897] [px4_7.mpc_node_7]: [d7] solve: status=0 time=0.17ms cost=0.0 pos=(3.00,-3.02,-5.03) local=(-0.35,-0.12,-4.66) wbirth=(3.35,-2.90,-0.37) ref=(3.00,-3.00) leader=(0.00,0.00) fallbacks=0
[mpc_node-3] [INFO] [1783591990.887889337] [px4_1.mpc_node_1]: [d1] solve: status=0 time=0.17ms cost=0.0 pos=(-0.03,3.02,-5.04) local=(-0.10,-0.04,-3.44) wbirth=(0.07,3.06,-1.60) ref=(0.00,3.00) leader=(0.00,0.00) fallbacks=0
[mpc_node-10] [INFO] [1783591990.905574568] [px4_8.mpc_node_8]: [d8] solve: status=0 time=0.24ms cost=0.0 pos=(-3.04,-3.05,-5.05) local=(-0.24,-0.32,-3.92) wbirth=(-2.80,-2.73,-1.13) ref=(-3.00,-3.00) leader=(0.00,0.00) fallbacks=0
[mpc_node-4] [INFO] [1783591990.909313213] [px4_2.mpc_node_2]: [d2] solve: status=0 time=0.17ms cost=0.0 pos=(0.01,-3.02,-4.96) local=(0.19,-0.00,-3.17) wbirth=(-0.18,-3.02,-1.79) ref=(0.00,-3.00) leader=(0.00,0.00) fallbacks=0
[mpc_node-8] [INFO] [1783591990.916786672] [px4_6.mpc_node_6]: [d6] solve: status=0 time=0.21ms cost=0.0 pos=(-2.99,3.00,-5.00) local=(-0.32,0.02,-4.12) wbirth=(-2.67,2.97,-0.88) ref=(-3.00,3.00) leader=(0.00,0.00) fallbacks=0
[mpc_node-2] [INFO] [1783591990.924670900] [px4_0.mpc_node_0]: [d0] solve: status=0 time=0.18ms cost=0.0 pos=(-0.01,0.00,-4.99) local=(0.28,-0.12,-4.99) wbirth=(-0.29,0.13,0.00) ref=(0.00,0.00) leader=(0.00,0.00) fallbacks=0
[mpc_node-7] [INFO] [1783591990.944488749] [px4_5.mpc_node_5]: [d5] solve: status=0 time=0.17ms cost=0.0 pos=(2.99,3.00,-4.97) local=(0.12,0.03,-3.44) wbirth=(2.87,2.97,-1.54) ref=(3.00,3.00) leader=(0.00,0.00) fallbacks=0
[mpc_node-5] [INFO] [1783591991.863038713] [px4_3.mpc_node_3]: [d3] solve: status=0 time=0.17ms cost=0.0 pos=(2.98,0.00,-4.98) local=(-0.40,-0.35,-4.45) wbirth=(3.38,0.36,-0.53) ref=(3.00,0.00) leader=(0.00,0.00) fallbacks=0
[mpc_node-6] [INFO] [1783591991.869407924] [px4_4.mpc_node_4]: [d4] solve: status=0 time=0.20ms cost=0.0 pos=(-3.03,-0.02,-5.02) local=(-0.28,0.10,-2.99) wbirth=(-2.75,-0.12,-2.03) ref=(-3.00,0.00) leader=(0.00,0.00) fallbacks=0
[mpc_node-9] [INFO] [1783591991.886931352] [px4_7.mpc_node_7]: [d7] solve: status=0 time=0.20ms cost=0.0 pos=(3.01,-3.04,-5.05) local=(-0.34,-0.14,-4.68) wbirth=(3.35,-2.90,-0.37) ref=(3.00,-3.00) leader=(0.00,0.00) fallbacks=0
[mpc_node-3] [INFO] [1783591991.888328178] [px4_1.mpc_node_1]: [d1] solve: status=0 time=0.24ms cost=0.0 pos=(0.00,3.00,-5.01) local=(-0.07,-0.06,-3.41) wbirth=(0.07,3.06,-1.60) ref=(0.00,3.00) leader=(0.00,0.00) fallbacks=0
[mpc_node-10] [INFO] [1783591991.905207003] [px4_8.mpc_node_8]: [d8] solve: status=0 time=0.20ms cost=0.0 pos=(-2.97,-3.02,-5.03) local=(-0.18,-0.29,-3.90) wbirth=(-2.80,-2.73,-1.13) ref=(-3.00,-3.00) leader=(0.00,0.00) fallbacks=0
[mpc_node-4] [INFO] [1783591991.909370372] [px4_2.mpc_node_2]: [d2] solve: status=0 time=0.21ms cost=0.0 pos=(-0.03,-3.01,-5.00) local=(0.15,0.01,-3.21) wbirth=(-0.18,-3.02,-1.79) ref=(0.00,-3.00) leader=(0.00,0.00) fallbacks=0
[mpc_node-8] [INFO] [1783591991.917078691] [px4_6.mpc_node_6]: [d6] solve: status=0 time=0.18ms cost=0.0 pos=(-2.98,3.00,-5.03) local=(-0.31,0.03,-4.15) wbirth=(-2.67,2.97,-0.88) ref=(-3.00,3.00) leader=(0.00,0.00) fallbacks=0
[mpc_node-2] [INFO] [1783591991.921841472] [px4_0.mpc_node_0]: [d0] solve: status=0 time=0.18ms cost=0.0 pos=(-0.01,0.04,-5.00) local=(0.28,-0.09,-5.00) wbirth=(-0.29,0.13,0.00) ref=(0.00,0.00) leader=(0.00,0.00) fallbacks=0
[mpc_node-7] [INFO] [1783591991.944478257] [px4_5.mpc_node_5]: [d5] solve: status=0 time=0.21ms cost=0.0 pos=(2.97,3.01,-4.98) local=(0.10,0.05,-3.44) wbirth=(2.87,2.97,-1.54) ref=(3.00,3.00) leader=(0.00,0.00) fallbacks=0
[mpc_node-5] [INFO] [1783591992.861322354] [px4_3.mpc_node_3]: [d3] solve: status=0 time=0.17ms cost=0.0 pos=(2.96,-0.00,-5.00) local=(-0.42,-0.36,-4.47) wbirth=(3.38,0.36,-0.53) ref=(3.00,0.00) leader=(0.00,0.00) fallbacks=0
[mpc_node-6] [INFO] [1783591992.869519432] [px4_4.mpc_node_4]: [d4] solve: status=0 time=0.24ms cost=0.0 pos=(-3.02,0.00,-4.99) local=(-0.27,0.12,-2.96) wbirth=(-2.75,-0.12,-2.03) ref=(-3.00,0.00) leader=(0.00,0.00) fallbacks=0
[mpc_node-9] [INFO] [1783591992.885876875] [px4_7.mpc_node_7]: [d7] solve: status=0 time=0.17ms cost=0.0 pos=(3.02,-3.02,-4.96) local=(-0.34,-0.11,-4.59) wbirth=(3.35,-2.90,-0.37) ref=(3.00,-3.00) leader=(0.00,0.00) fallbacks=0
[mpc_node-3] [INFO] [1783591992.888413290] [px4_1.mpc_node_1]: [d1] solve: status=0 time=0.22ms cost=0.0 pos=(-0.02,2.99,-4.92) local=(-0.09,-0.07,-3.32) wbirth=(0.07,3.06,-1.60) ref=(0.00,3.00) leader=(0.00,0.00) fallbacks=0
[mpc_node-10] [INFO] [1783591992.905862129] [px4_8.mpc_node_8]: [d8] solve: status=0 time=0.17ms cost=0.0 pos=(-3.01,-2.94,-4.99) local=(-0.22,-0.21,-3.86) wbirth=(-2.80,-2.73,-1.13) ref=(-3.00,-3.00) leader=(0.00,0.00) fallbacks=0
[mpc_node-4] [INFO] [1783591992.910236170] [px4_2.mpc_node_2]: [d2] solve: status=0 time=0.20ms cost=0.0 pos=(-0.01,-2.98,-5.00) local=(0.17,0.04,-3.21) wbirth=(-0.18,-3.02,-1.79) ref=(0.00,-3.00) leader=(0.00,0.00) fallbacks=0
[mpc_node-8] [INFO] [1783591992.917484740] [px4_6.mpc_node_6]: [d6] solve: status=0 time=0.23ms cost=0.0 pos=(-2.95,3.02,-4.93) local=(-0.28,0.05,-4.05) wbirth=(-2.67,2.97,-0.88) ref=(-3.00,3.00) leader=(0.00,0.00) fallbacks=0
[mpc_node-2] [INFO] [1783591992.924655450] [px4_0.mpc_node_0]: [d0] solve: status=0 time=0.17ms cost=0.0 pos=(0.01,0.01,-5.02) local=(0.30,-0.12,-5.02) wbirth=(-0.29,0.13,0.00) ref=(0.00,0.00) leader=(0.00,0.00) fallbacks=0
[mpc_node-7] [INFO] [1783591992.945337445] [px4_5.mpc_node_5]: [d5] solve: status=0 time=0.21ms cost=0.0 pos=(2.99,3.02,-4.94) local=(0.12,0.05,-3.40) wbirth=(2.87,2.97,-1.54) ref=(3.00,3.00) leader=(0.00,0.00) fallbacks=0
[mpc_node-5] [INFO] [1783591993.861743289] [px4_3.mpc_node_3]: [d3] solve: status=0 time=0.18ms cost=0.0 pos=(2.98,0.00,-5.01) local=(-0.40,-0.35,-4.47) wbirth=(3.38,0.36,-0.53) ref=(3.00,0.00) leader=(0.00,0.00) fallbacks=0
[mpc_node-6] [INFO] [1783591993.869539342] [px4_4.mpc_node_4]: [d4] solve: status=0 time=0.17ms cost=0.0 pos=(-2.98,0.01,-4.98) local=(-0.23,0.12,-2.95) wbirth=(-2.75,-0.12,-2.03) ref=(-3.00,0.00) leader=(0.00,0.00) fallbacks=0
[mpc_node-9] [INFO] [1783591993.886769744] [px4_7.mpc_node_7]: [d7] solve: status=0 time=0.20ms cost=0.0 pos=(3.00,-3.01,-5.00) local=(-0.35,-0.11,-4.63) wbirth=(3.35,-2.90,-0.37) ref=(3.00,-3.00) leader=(0.00,0.00) fallbacks=0
[mpc_node-3] [INFO] [1783591993.887346748] [px4_1.mpc_node_1]: [d1] solve: status=0 time=0.23ms cost=0.0 pos=(0.01,3.00,-4.97) local=(-0.05,-0.06,-3.37) wbirth=(0.07,3.06,-1.60) ref=(0.00,3.00) leader=(0.00,0.00) fallbacks=0
[mpc_node-10] [INFO] [1783591993.906386089] [px4_8.mpc_node_8]: [d8] solve: status=0 time=0.18ms cost=0.0 pos=(-3.02,-3.00,-5.01) local=(-0.22,-0.27,-3.89) wbirth=(-2.80,-2.73,-1.13) ref=(-3.00,-3.00) leader=(0.00,0.00) fallbacks=0
[mpc_node-4] [INFO] [1783591993.910292844] [px4_2.mpc_node_2]: [d2] solve: status=0 time=0.23ms cost=0.0 pos=(-0.01,-2.98,-4.97) local=(0.17,0.04,-3.18) wbirth=(-0.18,-3.02,-1.79) ref=(0.00,-3.00) leader=(0.00,0.00) fallbacks=0
[mpc_node-8] [INFO] [1783591993.918032917] [px4_6.mpc_node_6]: [d6] solve: status=0 time=0.17ms cost=0.0 pos=(-2.97,3.01,-4.98) local=(-0.30,0.04,-4.10) wbirth=(-2.67,2.97,-0.88) ref=(-3.00,3.00) leader=(0.00,0.00) fallbacks=0
[mpc_node-2] [INFO] [1783591993.922693701] [px4_0.mpc_node_0]: [d0] solve: status=0 time=0.18ms cost=0.0 pos=(-0.04,0.01,-4.94) local=(0.24,-0.12,-4.94) wbirth=(-0.29,0.13,0.00) ref=(0.00,0.00) leader=(0.00,0.00) fallbacks=0
[mpc_node-7] [INFO] [1783591993.943228851] [px4_5.mpc_node_5]: [d5] solve: status=0 time=0.26ms cost=0.0 pos=(2.98,3.00,-4.98) local=(0.11,0.03,-3.45) wbirth=(2.87,2.97,-1.54) ref=(3.00,3.00) leader=(0.00,0.00) fallbacks=0
[mpc_node-5] [INFO] [1783591994.859677771] [px4_3.mpc_node_3]: [d3] solve: status=0 time=0.17ms cost=0.0 pos=(3.03,-0.02,-4.98) local=(-0.35,-0.38,-4.45) wbirth=(3.38,0.36,-0.53) ref=(3.00,0.00) leader=(0.00,0.00) fallbacks=0
[mpc_node-6] [INFO] [1783591994.870215738] [px4_4.mpc_node_4]: [d4] solve: status=0 time=0.20ms cost=0.0 pos=(-3.02,0.03,-4.97) local=(-0.27,0.14,-2.95) wbirth=(-2.75,-0.12,-2.03) ref=(-3.00,0.00) leader=(0.00,0.00) fallbacks=0
[mpc_node-9] [INFO] [1783591994.886174104] [px4_7.mpc_node_7]: [d7] solve: status=0 time=0.21ms cost=0.0 pos=(2.96,-2.98,-4.99) local=(-0.39,-0.08,-4.62) wbirth=(3.35,-2.90,-0.37) ref=(3.00,-3.00) leader=(0.00,0.00) fallbacks=0
[mpc_node-3] [INFO] [1783591994.886765065] [px4_1.mpc_node_1]: [d1] solve: status=0 time=0.17ms cost=0.0 pos=(-0.01,3.00,-5.02) local=(-0.07,-0.06,-3.42) wbirth=(0.07,3.06,-1.60) ref=(0.00,3.00) leader=(0.00,0.00) fallbacks=0
[mpc_node-10] [INFO] [1783591994.906330293] [px4_8.mpc_node_8]: [d8] solve: status=0 time=0.21ms cost=0.0 pos=(-3.04,-3.03,-4.98) local=(-0.25,-0.30,-3.85) wbirth=(-2.80,-2.73,-1.13) ref=(-3.00,-3.00) leader=(0.00,0.00) fallbacks=0
[mpc_node-4] [INFO] [1783591994.910268076] [px4_2.mpc_node_2]: [d2] solve: status=0 time=0.17ms cost=0.0 pos=(-0.02,-3.00,-5.00) local=(0.16,0.02,-3.21) wbirth=(-0.18,-3.02,-1.79) ref=(0.00,-3.00) leader=(0.00,0.00) fallbacks=0
[mpc_node-8] [INFO] [1783591994.917675805] [px4_6.mpc_node_6]: [d6] solve: status=0 time=0.23ms cost=0.0 pos=(-3.03,3.00,-4.96) local=(-0.36,0.03,-4.08) wbirth=(-2.67,2.97,-0.88) ref=(-3.00,3.00) leader=(0.00,0.00) fallbacks=0
[mpc_node-2] [INFO] [1783591994.923543032] [px4_0.mpc_node_0]: [d0] solve: status=0 time=0.21ms cost=0.0 pos=(-0.02,-0.03,-4.98) local=(0.27,-0.16,-4.98) wbirth=(-0.29,0.13,0.00) ref=(0.00,0.00) leader=(0.00,0.00) fallbacks=0
[mpc_node-7] [INFO] [1783591994.943075611] [px4_5.mpc_node_5]: [d5] solve: status=0 time=0.17ms cost=0.0 pos=(3.02,2.98,-4.96) local=(0.15,0.02,-3.43) wbirth=(2.87,2.97,-1.54) ref=(3.00,3.00) leader=(0.00,0.00) fallbacks=0
[mpc_node-5] [INFO] [1783591995.862079458] [px4_3.mpc_node_3]: [d3] solve: status=0 time=0.21ms cost=0.0 pos=(2.98,0.01,-5.02) local=(-0.40,-0.34,-4.48) wbirth=(3.38,0.36,-0.53) ref=(3.00,0.00) leader=(0.00,0.00) fallbacks=0
[mpc_node-6] [INFO] [1783591995.870096842] [px4_4.mpc_node_4]: [d4] solve: status=0 time=0.80ms cost=0.0 pos=(-3.04,0.01,-4.98) local=(-0.28,0.13,-2.96) wbirth=(-2.75,-0.12,-2.03) ref=(-3.00,0.00) leader=(0.00,0.00) fallbacks=0
[mpc_node-9] [INFO] [1783591995.886730235] [px4_7.mpc_node_7]: [d7] solve: status=0 time=0.20ms cost=0.0 pos=(3.01,-2.97,-5.01) local=(-0.34,-0.07,-4.64) wbirth=(3.35,-2.90,-0.37) ref=(3.00,-3.00) leader=(0.00,0.00) fallbacks=0
[mpc_node-3] [INFO] [1783591995.887031673] [px4_1.mpc_node_1]: [d1] solve: status=0 time=0.17ms cost=0.0 pos=(-0.05,3.01,-4.96) local=(-0.12,-0.05,-3.36) wbirth=(0.07,3.06,-1.60) ref=(0.00,3.00) leader=(0.00,0.00) fallbacks=0
[mpc_node-10] [INFO] [1783591995.906414246] [px4_8.mpc_node_8]: [d8] solve: status=0 time=0.21ms cost=0.0 pos=(-3.02,-3.01,-4.97) local=(-0.22,-0.28,-3.84) wbirth=(-2.80,-2.73,-1.13) ref=(-3.00,-3.00) leader=(0.00,0.00) fallbacks=0
[mpc_node-4] [INFO] [1783591995.909797065] [px4_2.mpc_node_2]: [d2] solve: status=0 time=0.23ms cost=0.0 pos=(0.01,-3.01,-4.93) local=(0.19,0.01,-3.14) wbirth=(-0.18,-3.02,-1.79) ref=(0.00,-3.00) leader=(0.00,0.00) fallbacks=0
[mpc_node-8] [INFO] [1783591995.916567072] [px4_6.mpc_node_6]: [d6] solve: status=0 time=0.18ms cost=0.0 pos=(-3.01,2.98,-4.99) local=(-0.33,0.01,-4.11) wbirth=(-2.67,2.97,-0.88) ref=(-3.00,3.00) leader=(0.00,0.00) fallbacks=0
[mpc_node-2] [INFO] [1783591995.922994340] [px4_0.mpc_node_0]: [d0] solve: status=0 time=0.17ms cost=0.0 pos=(-0.03,-0.01,-4.94) local=(0.26,-0.14,-4.94) wbirth=(-0.29,0.13,0.00) ref=(0.00,0.00) leader=(0.00,0.00) fallbacks=0
[mpc_node-7] [INFO] [1783591995.944378649] [px4_5.mpc_node_5]: [d5] solve: status=0 time=0.21ms cost=0.0 pos=(3.02,2.99,-4.97) local=(0.15,0.03,-3.44) wbirth=(2.87,2.97,-1.54) ref=(3.00,3.00) leader=(0.00,0.00) fallbacks=0
[mpc_node-5] [INFO] [1783591996.859871953] [px4_3.mpc_node_3]: [d3] solve: status=0 time=0.17ms cost=0.0 pos=(3.01,0.04,-4.97) local=(-0.37,-0.32,-4.43) wbirth=(3.38,0.36,-0.53) ref=(3.00,0.00) leader=(0.00,0.00) fallbacks=0
[mpc_node-6] [INFO] [1783591996.869334733] [px4_4.mpc_node_4]: [d4] solve: status=0 time=0.21ms cost=0.0 pos=(-2.98,-0.02,-5.02) local=(-0.23,0.10,-2.99) wbirth=(-2.75,-0.12,-2.03) ref=(-3.00,0.00) leader=(0.00,0.00) fallbacks=0
[mpc_node-3] [INFO] [1783591996.886758299] [px4_1.mpc_node_1]: [d1] solve: status=0 time=0.17ms cost=0.0 pos=(-0.02,3.00,-4.97) local=(-0.08,-0.06,-3.37) wbirth=(0.07,3.06,-1.60) ref=(0.00,3.00) leader=(0.00,0.00) fallbacks=0
[mpc_node-9] [INFO] [1783591996.886857717] [px4_7.mpc_node_7]: [d7] solve: status=0 time=0.17ms cost=0.0 pos=(2.99,-2.97,-5.01) local=(-0.36,-0.07,-4.64) wbirth=(3.35,-2.90,-0.37) ref=(3.00,-3.00) leader=(0.00,0.00) fallbacks=0
[mpc_node-10] [INFO] [1783591996.907304054] [px4_8.mpc_node_8]: [d8] solve: status=0 time=0.16ms cost=0.0 pos=(-3.03,-3.02,-5.02) local=(-0.23,-0.29,-3.90) wbirth=(-2.80,-2.73,-1.13) ref=(-3.00,-3.00) leader=(0.00,0.00) fallbacks=0
[mpc_node-4] [INFO] [1783591996.910023343] [px4_2.mpc_node_2]: [d2] solve: status=0 time=0.26ms cost=0.0 pos=(0.03,-2.98,-5.00) local=(0.21,0.04,-3.21) wbirth=(-0.18,-3.02,-1.79) ref=(0.00,-3.00) leader=(0.00,0.00) fallbacks=0
[mpc_node-8] [INFO] [1783591996.917652349] [px4_6.mpc_node_6]: [d6] solve: status=0 time=0.25ms cost=0.0 pos=(-3.00,2.99,-5.02) local=(-0.33,0.02,-4.14) wbirth=(-2.67,2.97,-0.88) ref=(-3.00,3.00) leader=(0.00,0.00) fallbacks=0
[mpc_node-2] [INFO] [1783591996.922746385] [px4_0.mpc_node_0]: [d0] solve: status=0 time=0.21ms cost=0.0 pos=(0.01,-0.01,-5.05) local=(0.30,-0.14,-5.05) wbirth=(-0.29,0.13,0.00) ref=(0.00,0.00) leader=(0.00,0.00) fallbacks=0
[mpc_node-7] [INFO] [1783591996.943646297] [px4_5.mpc_node_5]: [d5] solve: status=0 time=0.25ms cost=0.0 pos=(3.03,3.00,-5.00) local=(0.16,0.03,-3.47) wbirth=(2.87,2.97,-1.54) ref=(3.00,3.00) leader=(0.00,0.00) fallbacks=0
[mpc_node-5] [INFO] [1783591997.861443000] [px4_3.mpc_node_3]: [d3] solve: status=0 time=0.21ms cost=0.0 pos=(2.99,0.01,-4.99) local=(-0.39,-0.35,-4.46) wbirth=(3.38,0.36,-0.53) ref=(3.00,0.00) leader=(0.00,0.00) fallbacks=0
[mpc_node-6] [INFO] [1783591997.870569670] [px4_4.mpc_node_4]: [d4] solve: status=0 time=0.86ms cost=0.0 pos=(-3.05,-0.03,-5.01) local=(-0.30,0.09,-2.99) wbirth=(-2.75,-0.12,-2.03) ref=(-3.00,0.00) leader=(0.00,0.00) fallbacks=0
[mpc_node-9] [INFO] [1783591997.887105307] [px4_7.mpc_node_7]: [d7] solve: status=0 time=0.20ms cost=0.0 pos=(3.04,-3.00,-5.01) local=(-0.31,-0.10,-4.64) wbirth=(3.35,-2.90,-0.37) ref=(3.00,-3.00) leader=(0.00,0.00) fallbacks=0
[mpc_node-3] [INFO] [1783591997.887693514] [px4_1.mpc_node_1]: [d1] solve: status=0 time=0.24ms cost=0.0 pos=(-0.01,2.99,-5.03) local=(-0.07,-0.07,-3.43) wbirth=(0.07,3.06,-1.60) ref=(0.00,3.00) leader=(0.00,0.00) fallbacks=0
[mpc_node-10] [INFO] [1783591997.905284871] [px4_8.mpc_node_8]: [d8] solve: status=0 time=0.20ms cost=0.0 pos=(-3.02,-3.02,-5.02) local=(-0.22,-0.29,-3.90) wbirth=(-2.80,-2.73,-1.13) ref=(-3.00,-3.00) leader=(0.00,0.00) fallbacks=0
[mpc_node-4] [INFO] [1783591997.910655095] [px4_2.mpc_node_2]: [d2] solve: status=0 time=0.17ms cost=0.0 pos=(0.02,-3.00,-5.03) local=(0.20,0.02,-3.24) wbirth=(-0.18,-3.02,-1.79) ref=(0.00,-3.00) leader=(0.00,0.00) fallbacks=0
[mpc_node-8] [INFO] [1783591997.916916968] [px4_6.mpc_node_6]: [d6] solve: status=0 time=0.25ms cost=0.0 pos=(-3.03,2.98,-5.01) local=(-0.35,0.00,-4.13) wbirth=(-2.67,2.97,-0.88) ref=(-3.00,3.00) leader=(0.00,0.00) fallbacks=0
[mpc_node-2] [INFO] [1783591997.924028442] [px4_0.mpc_node_0]: [d0] solve: status=0 time=0.26ms cost=0.0 pos=(-0.01,-0.05,-5.04) local=(0.27,-0.18,-5.04) wbirth=(-0.29,0.13,0.00) ref=(0.00,0.00) leader=(0.00,0.00) fallbacks=0
[mpc_node-7] [INFO] [1783591997.944441741] [px4_5.mpc_node_5]: [d5] solve: status=0 time=0.20ms cost=0.0 pos=(2.98,3.01,-5.02) local=(0.11,0.05,-3.48) wbirth=(2.87,2.97,-1.54) ref=(3.00,3.00) leader=(0.00,0.00) fallbacks=0
[mpc_node-5] [INFO] [1783591998.861068109] [px4_3.mpc_node_3]: [d3] solve: status=0 time=0.17ms cost=0.0 pos=(2.96,0.01,-4.99) local=(-0.42,-0.34,-4.45) wbirth=(3.38,0.36,-0.53) ref=(3.00,0.00) leader=(0.00,0.00) fallbacks=0
[mpc_node-6] [INFO] [1783591998.871057614] [px4_4.mpc_node_4]: [d4] solve: status=0 time=0.30ms cost=0.0 pos=(-3.02,0.05,-4.97) local=(-0.27,0.16,-2.94) wbirth=(-2.75,-0.12,-2.03) ref=(-3.00,0.00) leader=(0.00,0.00) fallbacks=0
[mpc_node-9] [INFO] [1783591998.885886084] [px4_7.mpc_node_7]: [d7] solve: status=0 time=0.16ms cost=0.0 pos=(2.98,-2.96,-5.00) local=(-0.37,-0.06,-4.63) wbirth=(3.35,-2.90,-0.37) ref=(3.00,-3.00) leader=(0.00,0.00) fallbacks=0
[mpc_node-3] [INFO] [1783591998.888368653] [px4_1.mpc_node_1]: [d1] solve: status=0 time=0.21ms cost=0.0 pos=(0.01,2.98,-5.02) local=(-0.06,-0.08,-3.42) wbirth=(0.07,3.06,-1.60) ref=(0.00,3.00) leader=(0.00,0.00) fallbacks=0
[mpc_node-10] [INFO] [1783591998.905489248] [px4_8.mpc_node_8]: [d8] solve: status=0 time=0.21ms cost=0.0 pos=(-3.00,-3.01,-4.95) local=(-0.20,-0.28,-3.82) wbirth=(-2.80,-2.73,-1.13) ref=(-3.00,-3.00) leader=(0.00,0.00) fallbacks=0
[mpc_node-4] [INFO] [1783591998.909590076] [px4_2.mpc_node_2]: [d2] solve: status=0 time=0.24ms cost=0.0 pos=(-0.02,-3.00,-5.03) local=(0.17,0.02,-3.24) wbirth=(-0.18,-3.02,-1.79) ref=(0.00,-3.00) leader=(0.00,0.00) fallbacks=0
[mpc_node-8] [INFO] [1783591998.916697349] [px4_6.mpc_node_6]: [d6] solve: status=0 time=0.18ms cost=0.0 pos=(-3.02,3.02,-4.96) local=(-0.35,0.05,-4.08) wbirth=(-2.67,2.97,-0.88) ref=(-3.00,3.00) leader=(0.00,0.00) fallbacks=0
[mpc_node-2] [INFO] [1783591998.923911639] [px4_0.mpc_node_0]: [d0] solve: status=0 time=0.18ms cost=0.0 pos=(0.00,-0.00,-5.07) local=(0.29,-0.13,-5.07) wbirth=(-0.29,0.13,0.00) ref=(0.00,0.00) leader=(0.00,0.00) fallbacks=0
[mpc_node-7] [INFO] [1783591998.944092231] [px4_5.mpc_node_5]: [d5] solve: status=0 time=0.17ms cost=0.0 pos=(2.93,3.01,-5.00) local=(0.06,0.05,-3.46) wbirth=(2.87,2.97,-1.54) ref=(3.00,3.00) leader=(0.00,0.00) fallbacks=0
[mpc_node-5] [INFO] [1783591999.861925605] [px4_3.mpc_node_3]: [d3] solve: status=0 time=0.26ms cost=0.0 pos=(3.01,-0.00,-4.98) local=(-0.37,-0.36,-4.44) wbirth=(3.38,0.36,-0.53) ref=(3.00,0.00) leader=(0.00,0.00) fallbacks=0
[mpc_node-6] [INFO] [1783591999.870559777] [px4_4.mpc_node_4]: [d4] solve: status=0 time=0.20ms cost=0.0 pos=(-3.00,-0.00,-4.96) local=(-0.25,0.12,-2.93) wbirth=(-2.75,-0.12,-2.03) ref=(-3.00,0.00) leader=(0.00,0.00) fallbacks=0
[mpc_node-9] [INFO] [1783591999.886420810] [px4_7.mpc_node_7]: [d7] solve: status=0 time=0.35ms cost=0.0 pos=(2.94,-2.99,-4.95) local=(-0.41,-0.08,-4.58) wbirth=(3.35,-2.90,-0.37) ref=(3.00,-3.00) leader=(0.00,0.00) fallbacks=0
[mpc_node-3] [INFO] [1783591999.889136266] [px4_1.mpc_node_1]: [d1] solve: status=0 time=0.20ms cost=0.0 pos=(-0.02,3.02,-4.96) local=(-0.09,-0.04,-3.36) wbirth=(0.07,3.06,-1.60) ref=(0.00,3.00) leader=(0.00,0.00) fallbacks=0
[mpc_node-10] [INFO] [1783591999.905490799] [px4_8.mpc_node_8]: [d8] solve: status=0 time=0.21ms cost=0.0 pos=(-2.95,-2.99,-5.01) local=(-0.15,-0.26,-3.89) wbirth=(-2.80,-2.73,-1.13) ref=(-3.00,-3.00) leader=(0.00,0.00) fallbacks=0
[mpc_node-4] [INFO] [1783591999.909763613] [px4_2.mpc_node_2]: [d2] solve: status=0 time=0.17ms cost=0.0 pos=(-0.02,-2.99,-5.00) local=(0.17,0.03,-3.21) wbirth=(-0.18,-3.02,-1.79) ref=(0.00,-3.00) leader=(0.00,0.00) fallbacks=0
[mpc_node-8] [INFO] [1783591999.918014275] [px4_6.mpc_node_6]: [d6] solve: status=0 time=0.21ms cost=0.0 pos=(-3.03,3.00,-5.01) local=(-0.35,0.02,-4.13) wbirth=(-2.67,2.97,-0.88) ref=(-3.00,3.00) leader=(0.00,0.00) fallbacks=0
[mpc_node-2] [INFO] [1783591999.923502624] [px4_0.mpc_node_0]: [d0] solve: status=0 time=0.24ms cost=0.0 pos=(0.04,0.00,-5.02) local=(0.32,-0.13,-5.02) wbirth=(-0.29,0.13,0.00) ref=(0.00,0.00) leader=(0.00,0.00) fallbacks=0
[mpc_node-7] [INFO] [1783591999.944004590] [px4_5.mpc_node_5]: [d5] solve: status=0 time=0.24ms cost=0.0 pos=(3.01,3.01,-5.03) local=(0.14,0.05,-3.50) wbirth=(2.87,2.97,-1.54) ref=(3.00,3.00) leader=(0.00,0.00) fallbacks=0
[mpc_node-5] [INFO] [1783592000.861535971] [px4_3.mpc_node_3]: [d3] solve: status=0 time=0.18ms cost=0.0 pos=(3.01,-0.01,-4.96) local=(-0.37,-0.37,-4.43) wbirth=(3.38,0.36,-0.53) ref=(3.00,0.00) leader=(0.00,0.00) fallbacks=0
[mpc_node-6] [INFO] [1783592000.869423475] [px4_4.mpc_node_4]: [d4] solve: status=0 time=0.20ms cost=0.0 pos=(-3.02,0.02,-5.03) local=(-0.27,0.14,-3.01) wbirth=(-2.75,-0.12,-2.03) ref=(-3.00,0.00) leader=(0.00,0.00) fallbacks=0
[mpc_node-9] [INFO] [1783592000.885959804] [px4_7.mpc_node_7]: [d7] solve: status=0 time=0.20ms cost=0.0 pos=(2.99,-3.01,-4.99) local=(-0.37,-0.11,-4.62) wbirth=(3.35,-2.90,-0.37) ref=(3.00,-3.00) leader=(0.00,0.00) fallbacks=0
[mpc_node-3] [INFO] [1783592000.886825864] [px4_1.mpc_node_1]: [d1] solve: status=0 time=0.20ms cost=0.0 pos=(0.01,3.07,-5.06) local=(-0.06,0.00,-3.46) wbirth=(0.07,3.06,-1.60) ref=(0.00,3.00) leader=(0.00,0.00) fallbacks=0
[mpc_node-10] [INFO] [1783592000.906869494] [px4_8.mpc_node_8]: [d8] solve: status=0 time=0.17ms cost=0.0 pos=(-3.03,-3.03,-5.02) local=(-0.23,-0.30,-3.90) wbirth=(-2.80,-2.73,-1.13) ref=(-3.00,-3.00) leader=(0.00,0.00) fallbacks=0
[mpc_node-4] [INFO] [1783592000.910691706] [px4_2.mpc_node_2]: [d2] solve: status=0 time=0.25ms cost=0.0 pos=(0.04,-2.99,-5.05) local=(0.22,0.03,-3.26) wbirth=(-0.18,-3.02,-1.79) ref=(0.00,-3.00) leader=(0.00,0.00) fallbacks=0
[mpc_node-8] [INFO] [1783592000.917465308] [px4_6.mpc_node_6]: [d6] solve: status=0 time=0.19ms cost=0.0 pos=(-2.97,2.99,-5.07) local=(-0.30,0.01,-4.19) wbirth=(-2.67,2.97,-0.88) ref=(-3.00,3.00) leader=(0.00,0.00) fallbacks=0
[mpc_node-2] [INFO] [1783592000.922828878] [px4_0.mpc_node_0]: [d0] solve: status=0 time=0.18ms cost=0.0 pos=(0.01,0.01,-5.04) local=(0.30,-0.12,-5.04) wbirth=(-0.29,0.13,0.00) ref=(0.00,0.00) leader=(0.00,0.00) fallbacks=0
[mpc_node-7] [INFO] [1783592000.943286441] [px4_5.mpc_node_5]: [d5] solve: status=0 time=0.24ms cost=0.0 pos=(2.97,3.01,-5.03) local=(0.10,0.04,-3.50) wbirth=(2.87,2.97,-1.54) ref=(3.00,3.00) leader=(0.00,0.00) fallbacks=0
[mpc_node-5] [INFO] [1783592001.861558063] [px4_3.mpc_node_3]: [d3] solve: status=0 time=0.21ms cost=0.0 pos=(2.99,-0.02,-4.99) local=(-0.40,-0.38,-4.45) wbirth=(3.38,0.36,-0.53) ref=(3.00,0.00) leader=(0.00,0.00) fallbacks=0
[mpc_node-6] [INFO] [1783592001.870238382] [px4_4.mpc_node_4]: [d4] solve: status=0 time=0.17ms cost=0.0 pos=(-2.99,-0.01,-5.01) local=(-0.23,0.10,-2.98) wbirth=(-2.75,-0.12,-2.03) ref=(-3.00,0.00) leader=(0.00,0.00) fallbacks=0
[mpc_node-9] [INFO] [1783592001.887413837] [px4_7.mpc_node_7]: [d7] solve: status=0 time=0.25ms cost=0.0 pos=(2.99,-3.02,-4.96) local=(-0.37,-0.12,-4.59) wbirth=(3.35,-2.90,-0.37) ref=(3.00,-3.00) leader=(0.00,0.00) fallbacks=0
[mpc_node-3] [INFO] [1783592001.887445916] [px4_1.mpc_node_1]: [d1] solve: status=0 time=0.20ms cost=0.0 pos=(0.04,3.01,-5.01) local=(-0.03,-0.06,-3.41) wbirth=(0.07,3.06,-1.60) ref=(0.00,3.00) leader=(0.00,0.00) fallbacks=0
[mpc_node-10] [INFO] [1783592001.906109134] [px4_8.mpc_node_8]: [d8] solve: status=0 time=0.17ms cost=0.0 pos=(-2.99,-2.95,-5.01) local=(-0.19,-0.22,-3.89) wbirth=(-2.80,-2.73,-1.13) ref=(-3.00,-3.00) leader=(0.00,0.00) fallbacks=0
[mpc_node-4] [INFO] [1783592001.910642895] [px4_2.mpc_node_2]: [d2] solve: status=0 time=0.26ms cost=0.0 pos=(-0.01,-2.98,-5.00) local=(0.18,0.04,-3.21) wbirth=(-0.18,-3.02,-1.79) ref=(0.00,-3.00) leader=(0.00,0.00) fallbacks=0
[mpc_node-8] [INFO] [1783592001.916625841] [px4_6.mpc_node_6]: [d6] solve: status=0 time=0.18ms cost=0.0 pos=(-3.00,2.96,-4.99) local=(-0.32,-0.01,-4.11) wbirth=(-2.67,2.97,-0.88) ref=(-3.00,3.00) leader=(0.00,0.00) fallbacks=0
[mpc_node-2] [INFO] [1783592001.923285690] [px4_0.mpc_node_0]: [d0] solve: status=0 time=0.23ms cost=0.0 pos=(-0.01,0.01,-4.99) local=(0.27,-0.11,-4.99) wbirth=(-0.29,0.13,0.00) ref=(0.00,0.00) leader=(0.00,0.00) fallbacks=0
[mpc_node-7] [INFO] [1783592001.942991381] [px4_5.mpc_node_5]: [d5] solve: status=0 time=0.21ms cost=0.0 pos=(3.03,3.02,-4.99) local=(0.16,0.05,-3.45) wbirth=(2.87,2.97,-1.54) ref=(3.00,3.00) leader=(0.00,0.00) fallbacks=0
[mpc_node-5] [INFO] [1783592002.859786205] [px4_3.mpc_node_3]: [d3] solve: status=0 time=0.17ms cost=0.0 pos=(2.96,-0.01,-4.96) local=(-0.43,-0.37,-4.43) wbirth=(3.38,0.36,-0.53) ref=(3.00,0.00) leader=(0.00,0.00) fallbacks=0
[mpc_node-6] [INFO] [1783592002.870597501] [px4_4.mpc_node_4]: [d4] solve: status=0 time=0.25ms cost=0.0 pos=(-2.94,-0.02,-5.04) local=(-0.19,0.10,-3.01) wbirth=(-2.75,-0.12,-2.03) ref=(-3.00,0.00) leader=(0.00,0.00) fallbacks=0
[mpc_node-9] [INFO] [1783592002.887101824] [px4_7.mpc_node_7]: [d7] solve: status=0 time=0.17ms cost=0.0 pos=(3.01,-3.03,-4.95) local=(-0.34,-0.12,-4.58) wbirth=(3.35,-2.90,-0.37) ref=(3.00,-3.00) leader=(0.00,0.00) fallbacks=0
[mpc_node-3] [INFO] [1783592002.887583778] [px4_1.mpc_node_1]: [d1] solve: status=0 time=0.17ms cost=0.0 pos=(0.02,2.98,-4.99) local=(-0.05,-0.08,-3.39) wbirth=(0.07,3.06,-1.60) ref=(0.00,3.00) leader=(0.00,0.00) fallbacks=0
[mpc_node-10] [INFO] [1783592002.907259426] [px4_8.mpc_node_8]: [d8] solve: status=0 time=0.24ms cost=0.0 pos=(-2.99,-2.95,-5.01) local=(-0.20,-0.21,-3.88) wbirth=(-2.80,-2.73,-1.13) ref=(-3.00,-3.00) leader=(0.00,0.00) fallbacks=0
[mpc_node-4] [INFO] [1783592002.911282939] [px4_2.mpc_node_2]: [d2] solve: status=0 time=0.21ms cost=0.0 pos=(-0.03,-3.00,-4.93) local=(0.15,0.02,-3.14) wbirth=(-0.18,-3.02,-1.79) ref=(0.00,-3.00) leader=(0.00,0.00) fallbacks=0
[mpc_node-8] [INFO] [1783592002.916631590] [px4_6.mpc_node_6]: [d6] solve: status=0 time=0.21ms cost=0.0 pos=(-3.00,2.99,-5.02) local=(-0.32,0.02,-4.14) wbirth=(-2.67,2.97,-0.88) ref=(-3.00,3.00) leader=(0.00,0.00) fallbacks=0
[mpc_node-2] [INFO] [1783592002.922707412] [px4_0.mpc_node_0]: [d0] solve: status=0 time=0.18ms cost=0.0 pos=(-0.03,0.03,-4.96) local=(0.26,-0.10,-4.96) wbirth=(-0.29,0.13,0.00) ref=(0.00,0.00) leader=(0.00,0.00) fallbacks=0
[mpc_node-7] [INFO] [1783592002.942916834] [px4_5.mpc_node_5]: [d5] solve: status=0 time=0.18ms cost=0.0 pos=(3.01,3.01,-4.95) local=(0.14,0.04,-3.42) wbirth=(2.87,2.97,-1.54) ref=(3.00,3.00) leader=(0.00,0.00) fallbacks=0
[mpc_node-5] [INFO] [1783592003.863276236] [px4_3.mpc_node_3]: [d3] solve: status=0 time=0.22ms cost=0.0 pos=(2.99,0.01,-4.99) local=(-0.39,-0.35,-4.45) wbirth=(3.38,0.36,-0.53) ref=(3.00,0.00) leader=(0.00,0.00) fallbacks=0
[mpc_node-6] [INFO] [1783592003.870415674] [px4_4.mpc_node_4]: [d4] solve: status=0 time=0.20ms cost=0.0 pos=(-2.94,-0.01,-5.01) local=(-0.19,0.11,-2.99) wbirth=(-2.75,-0.12,-2.03) ref=(-3.00,0.00) leader=(0.00,0.00) fallbacks=0
[mpc_node-9] [INFO] [1783592003.888035010] [px4_7.mpc_node_7]: [d7] solve: status=0 time=0.20ms cost=0.0 pos=(3.02,-2.97,-4.97) local=(-0.34,-0.07,-4.60) wbirth=(3.35,-2.90,-0.37) ref=(3.00,-3.00) leader=(0.00,0.00) fallbacks=0
[mpc_node-3] [INFO] [1783592003.888092366] [px4_1.mpc_node_1]: [d1] solve: status=0 time=0.20ms cost=0.0 pos=(-0.03,3.00,-5.00) local=(-0.10,-0.06,-3.40) wbirth=(0.07,3.06,-1.60) ref=(0.00,3.00) leader=(0.00,0.00) fallbacks=0
[mpc_node-10] [INFO] [1783592003.905364826] [px4_8.mpc_node_8]: [d8] solve: status=0 time=0.20ms cost=0.0 pos=(-2.98,-3.00,-4.99) local=(-0.18,-0.27,-3.87) wbirth=(-2.80,-2.73,-1.13) ref=(-3.00,-3.00) leader=(0.00,0.00) fallbacks=0
[mpc_node-4] [INFO] [1783592003.911110462] [px4_2.mpc_node_2]: [d2] solve: status=0 time=0.20ms cost=0.0 pos=(-0.04,-2.99,-5.02) local=(0.15,0.03,-3.23) wbirth=(-0.18,-3.02,-1.79) ref=(0.00,-3.00) leader=(0.00,0.00) fallbacks=0
[mpc_node-8] [INFO] [1783592003.916868576] [px4_6.mpc_node_6]: [d6] solve: status=0 time=0.21ms cost=0.0 pos=(-2.94,3.02,-4.94) local=(-0.26,0.04,-4.06) wbirth=(-2.67,2.97,-0.88) ref=(-3.00,3.00) leader=(0.00,0.00) fallbacks=0
[mpc_node-2] [INFO] [1783592003.923540128] [px4_0.mpc_node_0]: [d0] solve: status=0 time=0.22ms cost=0.0 pos=(0.02,0.00,-5.01) local=(0.31,-0.13,-5.01) wbirth=(-0.29,0.13,0.00) ref=(0.00,0.00) leader=(0.00,0.00) fallbacks=0
[mpc_node-7] [INFO] [1783592003.943789286] [px4_5.mpc_node_5]: [d5] solve: status=0 time=0.24ms cost=0.0 pos=(3.01,2.98,-5.01) local=(0.14,0.01,-3.48) wbirth=(2.87,2.97,-1.54) ref=(3.00,3.00) leader=(0.00,0.00) fallbacks=0
[mpc_node-5] [INFO] [1783592004.861406777] [px4_3.mpc_node_3]: [d3] solve: status=0 time=0.22ms cost=0.0 pos=(2.98,0.00,-5.00) local=(-0.40,-0.35,-4.46) wbirth=(3.38,0.36,-0.53) ref=(3.00,0.00) leader=(0.00,0.00) fallbacks=0
[mpc_node-6] [INFO] [1783592004.869108738] [px4_4.mpc_node_4]: [d4] solve: status=0 time=0.20ms cost=0.0 pos=(-3.03,0.01,-5.06) local=(-0.27,0.13,-3.04) wbirth=(-2.75,-0.12,-2.03) ref=(-3.00,0.00) leader=(0.00,0.00) fallbacks=0
[mpc_node-9] [INFO] [1783592004.885864565] [px4_7.mpc_node_7]: [d7] solve: status=0 time=0.17ms cost=0.0 pos=(3.02,-2.99,-5.00) local=(-0.33,-0.08,-4.63) wbirth=(3.35,-2.90,-0.37) ref=(3.00,-3.00) leader=(0.00,0.00) fallbacks=0
[mpc_node-3] [INFO] [1783592004.889503147] [px4_1.mpc_node_1]: [d1] solve: status=0 time=0.22ms cost=0.0 pos=(-0.02,2.99,-5.02) local=(-0.09,-0.07,-3.42) wbirth=(0.07,3.06,-1.60) ref=(0.00,3.00) leader=(0.00,0.00) fallbacks=0
[mpc_node-10] [INFO] [1783592004.905425845] [px4_8.mpc_node_8]: [d8] solve: status=0 time=0.22ms cost=0.0 pos=(-3.04,-3.01,-4.98) local=(-0.24,-0.28,-3.85) wbirth=(-2.80,-2.73,-1.13) ref=(-3.00,-3.00) leader=(0.00,0.00) fallbacks=0
[mpc_node-4] [INFO] [1783592004.909575149] [px4_2.mpc_node_2]: [d2] solve: status=0 time=0.22ms cost=0.0 pos=(0.02,-3.02,-5.02) local=(0.20,0.00,-3.23) wbirth=(-0.18,-3.02,-1.79) ref=(0.00,-3.00) leader=(0.00,0.00) fallbacks=0
[mpc_node-8] [INFO] [1783592004.916812827] [px4_6.mpc_node_6]: [d6] solve: status=0 time=0.18ms cost=0.0 pos=(-3.02,2.98,-4.98) local=(-0.35,0.00,-4.10) wbirth=(-2.67,2.97,-0.88) ref=(-3.00,3.00) leader=(0.00,0.00) fallbacks=0
[mpc_node-2] [INFO] [1783592004.922272473] [px4_0.mpc_node_0]: [d0] solve: status=0 time=0.17ms cost=0.0 pos=(-0.02,0.02,-4.98) local=(0.27,-0.11,-4.98) wbirth=(-0.29,0.13,0.00) ref=(0.00,0.00) leader=(0.00,0.00) fallbacks=0
[mpc_node-7] [INFO] [1783592004.945253279] [px4_5.mpc_node_5]: [d5] solve: status=0 time=0.20ms cost=0.0 pos=(3.02,2.99,-5.06) local=(0.15,0.02,-3.53) wbirth=(2.87,2.97,-1.54) ref=(3.00,3.00) leader=(0.00,0.00) fallbacks=0
[mpc_node-5] [INFO] [1783592005.861003105] [px4_3.mpc_node_3]: [d3] solve: status=0 time=0.26ms cost=0.0 pos=(2.98,-0.01,-5.03) local=(-0.41,-0.36,-4.50) wbirth=(3.38,0.36,-0.53) ref=(3.00,0.00) leader=(0.00,0.00) fallbacks=0
[mpc_node-6] [INFO] [1783592005.869227279] [px4_4.mpc_node_4]: [d4] solve: status=0 time=0.20ms cost=0.0 pos=(-3.04,-0.01,-5.06) local=(-0.29,0.11,-3.03) wbirth=(-2.75,-0.12,-2.03) ref=(-3.00,0.00) leader=(0.00,0.00) fallbacks=0
[mpc_node-9] [INFO] [1783592005.887158701] [px4_7.mpc_node_7]: [d7] solve: status=0 time=0.20ms cost=0.0 pos=(3.02,-3.02,-5.00) local=(-0.33,-0.12,-4.63) wbirth=(3.35,-2.90,-0.37) ref=(3.00,-3.00) leader=(0.00,0.00) fallbacks=0
[mpc_node-3] [INFO] [1783592005.887272703] [px4_1.mpc_node_1]: [d1] solve: status=0 time=0.20ms cost=0.0 pos=(-0.06,3.02,-5.02) local=(-0.13,-0.04,-3.42) wbirth=(0.07,3.06,-1.60) ref=(0.00,3.00) leader=(0.00,0.00) fallbacks=0
[mpc_node-10] [INFO] [1783592005.905437422] [px4_8.mpc_node_8]: [d8] solve: status=0 time=0.17ms cost=0.0 pos=(-2.95,-3.01,-5.01) local=(-0.16,-0.28,-3.88) wbirth=(-2.80,-2.73,-1.13) ref=(-3.00,-3.00) leader=(0.00,0.00) fallbacks=0
[mpc_node-4] [INFO] [1783592005.910992829] [px4_2.mpc_node_2]: [d2] solve: status=0 time=0.17ms cost=0.0 pos=(0.01,-3.01,-4.99) local=(0.19,0.01,-3.20) wbirth=(-0.18,-3.02,-1.79) ref=(0.00,-3.00) leader=(0.00,0.00) fallbacks=0
[mpc_node-8] [INFO] [1783592005.916636405] [px4_6.mpc_node_6]: [d6] solve: status=0 time=0.22ms cost=0.0 pos=(-2.97,2.98,-5.09) local=(-0.30,0.01,-4.21) wbirth=(-2.67,2.97,-0.88) ref=(-3.00,3.00) leader=(0.00,0.00) fallbacks=0
[mpc_node-2] [INFO] [1783592005.922017216] [px4_0.mpc_node_0]: [d0] solve: status=0 time=0.20ms cost=0.0 pos=(0.02,0.02,-5.00) local=(0.31,-0.11,-5.00) wbirth=(-0.29,0.13,0.00) ref=(0.00,0.00) leader=(0.00,0.00) fallbacks=0
[mpc_node-7] [INFO] [1783592005.945022594] [px4_5.mpc_node_5]: [d5] solve: status=0 time=0.20ms cost=0.0 pos=(3.03,2.99,-4.99) local=(0.16,0.02,-3.46) wbirth=(2.87,2.97,-1.54) ref=(3.00,3.00) leader=(0.00,0.00) fallbacks=0
[mpc_node-5] [INFO] [1783592006.861052727] [px4_3.mpc_node_3]: [d3] solve: status=0 time=0.21ms cost=0.0 pos=(2.99,0.03,-5.01) local=(-0.40,-0.33,-4.47) wbirth=(3.38,0.36,-0.53) ref=(3.00,0.00) leader=(0.00,0.00) fallbacks=0
[mpc_node-6] [INFO] [1783592006.870637682] [px4_4.mpc_node_4]: [d4] solve: status=0 time=0.17ms cost=0.0 pos=(-2.99,0.01,-4.98) local=(-0.24,0.13,-2.95) wbirth=(-2.75,-0.12,-2.03) ref=(-3.00,0.00) leader=(0.00,0.00) fallbacks=0
[mpc_node-9] [INFO] [1783592006.886561041] [px4_7.mpc_node_7]: [d7] solve: status=0 time=0.22ms cost=0.0 pos=(2.97,-3.01,-5.09) local=(-0.38,-0.11,-4.72) wbirth=(3.35,-2.90,-0.37) ref=(3.00,-3.00) leader=(0.00,0.00) fallbacks=0
[mpc_node-3] [INFO] [1783592006.887039367] [px4_1.mpc_node_1]: [d1] solve: status=0 time=0.29ms cost=0.0 pos=(0.02,3.01,-4.95) local=(-0.05,-0.06,-3.35) wbirth=(0.07,3.06,-1.60) ref=(0.00,3.00) leader=(0.00,0.00) fallbacks=0
[mpc_node-10] [INFO] [1783592006.907632946] [px4_8.mpc_node_8]: [d8] solve: status=0 time=0.23ms cost=0.0 pos=(-3.00,-2.99,-4.99) local=(-0.20,-0.26,-3.86) wbirth=(-2.80,-2.73,-1.13) ref=(-3.00,-3.00) leader=(0.00,0.00) fallbacks=0
[mpc_node-4] [INFO] [1783592006.910761435] [px4_2.mpc_node_2]: [d2] solve: status=0 time=0.22ms cost=0.0 pos=(0.01,-3.02,-5.03) local=(0.20,-0.00,-3.24) wbirth=(-0.18,-3.02,-1.79) ref=(0.00,-3.00) leader=(0.00,0.00) fallbacks=0
[mpc_node-8] [INFO] [1783592006.918011495] [px4_6.mpc_node_6]: [d6] solve: status=0 time=0.24ms cost=0.0 pos=(-3.00,2.98,-5.08) local=(-0.33,0.01,-4.20) wbirth=(-2.67,2.97,-0.88) ref=(-3.00,3.00) leader=(0.00,0.00) fallbacks=0
[mpc_node-2] [INFO] [1783592006.923707283] [px4_0.mpc_node_0]: [d0] solve: status=0 time=0.22ms cost=0.0 pos=(-0.00,-0.02,-5.00) local=(0.28,-0.15,-5.00) wbirth=(-0.29,0.13,0.00) ref=(0.00,0.00) leader=(0.00,0.00) fallbacks=0
[mpc_node-7] [INFO] [1783592006.942953109] [px4_5.mpc_node_5]: [d5] solve: status=0 time=0.17ms cost=0.0 pos=(3.03,2.96,-4.97) local=(0.16,-0.00,-3.44) wbirth=(2.87,2.97,-1.54) ref=(3.00,3.00) leader=(0.00,0.00) fallbacks=0
[mpc_node-5] [INFO] [1783592007.861010118] [px4_3.mpc_node_3]: [d3] solve: status=0 time=0.19ms cost=0.0 pos=(2.98,0.04,-4.97) local=(-0.41,-0.32,-4.44) wbirth=(3.38,0.36,-0.53) ref=(3.00,0.00) leader=(0.00,0.00) fallbacks=0
[mpc_node-6] [INFO] [1783592007.869656198] [px4_4.mpc_node_4]: [d4] solve: status=0 time=0.20ms cost=0.0 pos=(-2.94,0.00,-4.98) local=(-0.19,0.12,-2.96) wbirth=(-2.75,-0.12,-2.03) ref=(-3.00,0.00) leader=(0.00,0.00) fallbacks=0
[mpc_node-3] [INFO] [1783592007.887028087] [px4_1.mpc_node_1]: [d1] solve: status=0 time=0.17ms cost=0.0 pos=(-0.01,3.02,-4.99) local=(-0.08,-0.05,-3.40) wbirth=(0.07,3.06,-1.60) ref=(0.00,3.00) leader=(0.00,0.00) fallbacks=0
[mpc_node-9] [INFO] [1783592007.888466756] [px4_7.mpc_node_7]: [d7] solve: status=0 time=0.17ms cost=0.0 pos=(2.98,-3.00,-5.05) local=(-0.38,-0.10,-4.68) wbirth=(3.35,-2.90,-0.37) ref=(3.00,-3.00) leader=(0.00,0.00) fallbacks=0
[mpc_node-10] [INFO] [1783592007.905646679] [px4_8.mpc_node_8]: [d8] solve: status=0 time=0.22ms cost=0.0 pos=(-3.03,-2.99,-5.05) local=(-0.23,-0.26,-3.93) wbirth=(-2.80,-2.73,-1.13) ref=(-3.00,-3.00) leader=(0.00,0.00) fallbacks=0
[mpc_node-4] [INFO] [1783592007.909308135] [px4_2.mpc_node_2]: [d2] solve: status=0 time=0.20ms cost=0.0 pos=(-0.03,-2.98,-4.99) local=(0.15,0.04,-3.20) wbirth=(-0.18,-3.02,-1.79) ref=(0.00,-3.00) leader=(0.00,0.00) fallbacks=0
[mpc_node-8] [INFO] [1783592007.917458198] [px4_6.mpc_node_6]: [d6] solve: status=0 time=0.27ms cost=0.0 pos=(-3.03,3.02,-4.98) local=(-0.36,0.04,-4.11) wbirth=(-2.67,2.97,-0.88) ref=(-3.00,3.00) leader=(0.00,0.00) fallbacks=0
[mpc_node-2] [INFO] [1783592007.921739123] [px4_0.mpc_node_0]: [d0] solve: status=0 time=0.21ms cost=0.0 pos=(0.05,-0.02,-5.00) local=(0.34,-0.15,-5.00) wbirth=(-0.29,0.13,0.00) ref=(0.00,0.00) leader=(0.00,0.00) fallbacks=0
[mpc_node-7] [INFO] [1783592007.944304049] [px4_5.mpc_node_5]: [d5] solve: status=0 time=0.21ms cost=0.0 pos=(2.98,3.00,-5.01) local=(0.11,0.03,-3.48) wbirth=(2.87,2.97,-1.54) ref=(3.00,3.00) leader=(0.00,0.00) fallbacks=0
[mpc_node-5] [INFO] [1783592008.859771879] [px4_3.mpc_node_3]: [d3] solve: status=0 time=0.17ms cost=0.0 pos=(3.04,0.02,-5.03) local=(-0.34,-0.34,-4.49) wbirth=(3.38,0.36,-0.53) ref=(3.00,0.00) leader=(0.00,0.00) fallbacks=0
[mpc_node-6] [INFO] [1783592008.869543492] [px4_4.mpc_node_4]: [d4] solve: status=0 time=0.17ms cost=0.0 pos=(-3.01,-0.04,-4.99) local=(-0.26,0.07,-2.97) wbirth=(-2.75,-0.12,-2.03) ref=(-3.00,0.00) leader=(0.00,0.00) fallbacks=0
[mpc_node-9] [INFO] [1783592008.886512112] [px4_7.mpc_node_7]: [d7] solve: status=0 time=0.21ms cost=0.0 pos=(2.98,-3.04,-4.98) local=(-0.37,-0.14,-4.61) wbirth=(3.35,-2.90,-0.37) ref=(3.00,-3.00) leader=(0.00,0.00) fallbacks=0
[mpc_node-3] [INFO] [1783592008.888014691] [px4_1.mpc_node_1]: [d1] solve: status=0 time=0.21ms cost=0.0 pos=(-0.01,2.99,-5.07) local=(-0.07,-0.07,-3.47) wbirth=(0.07,3.06,-1.60) ref=(0.00,3.00) leader=(0.00,0.00) fallbacks=0
[mpc_node-10] [INFO] [1783592008.905265460] [px4_8.mpc_node_8]: [d8] solve: status=0 time=0.20ms cost=0.0 pos=(-2.98,-3.00,-4.96) local=(-0.18,-0.27,-3.83) wbirth=(-2.80,-2.73,-1.13) ref=(-3.00,-3.00) leader=(0.00,0.00) fallbacks=0
[mpc_node-4] [INFO] [1783592008.911291278] [px4_2.mpc_node_2]: [d2] solve: status=0 time=0.21ms cost=0.0 pos=(-0.03,-3.00,-5.03) local=(0.15,0.02,-3.24) wbirth=(-0.18,-3.02,-1.79) ref=(0.00,-3.00) leader=(0.00,0.00) fallbacks=0
[mpc_node-8] [INFO] [1783592008.916843554] [px4_6.mpc_node_6]: [d6] solve: status=0 time=0.26ms cost=0.0 pos=(-3.02,2.99,-4.98) local=(-0.34,0.02,-4.10) wbirth=(-2.67,2.97,-0.88) ref=(-3.00,3.00) leader=(0.00,0.00) fallbacks=0
[mpc_node-2] [INFO] [1783592008.925269072] [px4_0.mpc_node_0]: [d0] solve: status=0 time=0.20ms cost=0.0 pos=(0.03,0.01,-4.97) local=(0.32,-0.12,-4.97) wbirth=(-0.29,0.13,0.00) ref=(0.00,0.00) leader=(0.00,0.00) fallbacks=0
[mpc_node-7] [INFO] [1783592008.946825546] [px4_5.mpc_node_5]: [d5] solve: status=0 time=0.20ms cost=0.0 pos=(2.94,3.00,-5.00) local=(0.07,0.03,-3.47) wbirth=(2.87,2.97,-1.54) ref=(3.00,3.00) leader=(0.00,0.00) fallbacks=0
[mpc_node-5] [INFO] [1783592009.859906534] [px4_3.mpc_node_3]: [d3] solve: status=0 time=0.21ms cost=0.0 pos=(3.01,0.03,-5.01) local=(-0.37,-0.33,-4.48) wbirth=(3.38,0.36,-0.53) ref=(3.00,0.00) leader=(0.00,0.00) fallbacks=0
[mpc_node-6] [INFO] [1783592009.869764841] [px4_4.mpc_node_4]: [d4] solve: status=0 time=0.20ms cost=0.0 pos=(-2.99,0.00,-5.00) local=(-0.24,0.12,-2.97) wbirth=(-2.75,-0.12,-2.03) ref=(-3.00,0.00) leader=(0.00,0.00) fallbacks=0
[mpc_node-9] [INFO] [1783592009.886857992] [px4_7.mpc_node_7]: [d7] solve: status=0 time=0.18ms cost=0.0 pos=(3.01,-2.98,-4.99) local=(-0.34,-0.08,-4.62) wbirth=(3.35,-2.90,-0.37) ref=(3.00,-3.00) leader=(0.00,0.00) fallbacks=0
[mpc_node-3] [INFO] [1783592009.888565311] [px4_1.mpc_node_1]: [d1] solve: status=0 time=0.18ms cost=0.0 pos=(-0.03,3.00,-5.00) local=(-0.10,-0.07,-3.40) wbirth=(0.07,3.06,-1.60) ref=(0.00,3.00) leader=(0.00,0.00) fallbacks=0
[mpc_node-10] [INFO] [1783592009.905486959] [px4_8.mpc_node_8]: [d8] solve: status=0 time=0.20ms cost=0.0 pos=(-2.98,-2.97,-4.98) local=(-0.18,-0.24,-3.86) wbirth=(-2.80,-2.73,-1.13) ref=(-3.00,-3.00) leader=(0.00,0.00) fallbacks=0
[mpc_node-4] [INFO] [1783592009.909306239] [px4_2.mpc_node_2]: [d2] solve: status=0 time=0.20ms cost=0.0 pos=(-0.01,-3.01,-5.04) local=(0.17,0.01,-3.25) wbirth=(-0.18,-3.02,-1.79) ref=(0.00,-3.00) leader=(0.00,0.00) fallbacks=0
[mpc_node-8] [INFO] [1783592009.916812036] [px4_6.mpc_node_6]: [d6] solve: status=0 time=0.21ms cost=0.0 pos=(-2.99,3.00,-4.98) local=(-0.32,0.03,-4.10) wbirth=(-2.67,2.97,-0.88) ref=(-3.00,3.00) leader=(0.00,0.00) fallbacks=0
[mpc_node-2] [INFO] [1783592009.923807298] [px4_0.mpc_node_0]: [d0] solve: status=0 time=0.21ms cost=0.0 pos=(-0.01,0.01,-4.99) local=(0.28,-0.12,-4.99) wbirth=(-0.29,0.13,0.00) ref=(0.00,0.00) leader=(0.00,0.00) fallbacks=0
[mpc_node-7] [INFO] [1783592009.943382386] [px4_5.mpc_node_5]: [d5] solve: status=0 time=0.17ms cost=0.0 pos=(2.98,2.97,-5.00) local=(0.11,0.01,-3.47) wbirth=(2.87,2.97,-1.54) ref=(3.00,3.00) leader=(0.00,0.00) fallbacks=0
[mpc_node-5] [INFO] [1783592010.861382291] [px4_3.mpc_node_3]: [d3] solve: status=0 time=0.18ms cost=0.0 pos=(3.02,0.01,-5.02) local=(-0.37,-0.34,-4.49) wbirth=(3.38,0.36,-0.53) ref=(3.00,0.00) leader=(0.00,0.00) fallbacks=0
[mpc_node-6] [INFO] [1783592010.869202278] [px4_4.mpc_node_4]: [d4] solve: status=0 time=0.20ms cost=0.0 pos=(-3.04,0.02,-4.99) local=(-0.29,0.14,-2.96) wbirth=(-2.75,-0.12,-2.03) ref=(-3.00,0.00) leader=(0.00,0.00) fallbacks=0
[mpc_node-9] [INFO] [1783592010.886220091] [px4_7.mpc_node_7]: [d7] solve: status=0 time=0.24ms cost=0.0 pos=(3.05,-3.02,-5.04) local=(-0.31,-0.11,-4.67) wbirth=(3.35,-2.90,-0.37) ref=(3.00,-3.00) leader=(0.00,0.00) fallbacks=0
[mpc_node-3] [INFO] [1783592010.888498645] [px4_1.mpc_node_1]: [d1] solve: status=0 time=0.25ms cost=0.0 pos=(0.02,2.98,-4.96) local=(-0.05,-0.08,-3.36) wbirth=(0.07,3.06,-1.60) ref=(0.00,3.00) leader=(0.00,0.00) fallbacks=0
[mpc_node-10] [INFO] [1783592010.905583666] [px4_8.mpc_node_8]: [d8] solve: status=0 time=0.25ms cost=0.0 pos=(-3.00,-3.00,-4.98) local=(-0.21,-0.26,-3.86) wbirth=(-2.80,-2.73,-1.13) ref=(-3.00,-3.00) leader=(0.00,0.00) fallbacks=0
[mpc_node-4] [INFO] [1783592010.909316837] [px4_2.mpc_node_2]: [d2] solve: status=0 time=0.20ms cost=0.0 pos=(-0.02,-2.99,-5.06) local=(0.16,0.03,-3.27) wbirth=(-0.18,-3.02,-1.79) ref=(0.00,-3.00) leader=(0.00,0.00) fallbacks=0
[mpc_node-8] [INFO] [1783592010.916860977] [px4_6.mpc_node_6]: [d6] solve: status=0 time=0.29ms cost=0.0 pos=(-3.02,2.99,-4.98) local=(-0.34,0.01,-4.10) wbirth=(-2.67,2.97,-0.88) ref=(-3.00,3.00) leader=(0.00,0.00) fallbacks=0
[mpc_node-2] [INFO] [1783592010.923474872] [px4_0.mpc_node_0]: [d0] solve: status=0 time=0.23ms cost=0.0 pos=(-0.01,0.03,-5.03) local=(0.27,-0.10,-5.03) wbirth=(-0.29,0.13,0.00) ref=(0.00,0.00) leader=(0.00,0.00) fallbacks=0
[mpc_node-7] [INFO] [1783592010.943807825] [px4_5.mpc_node_5]: [d5] solve: status=0 time=0.25ms cost=0.0 pos=(2.99,2.98,-5.01) local=(0.12,0.01,-3.47) wbirth=(2.87,2.97,-1.54) ref=(3.00,3.00) leader=(0.00,0.00) fallbacks=0
[mpc_node-5] [INFO] [1783592011.860957534] [px4_3.mpc_node_3]: [d3] solve: status=0 time=0.20ms cost=0.0 pos=(3.04,-0.01,-5.03) local=(-0.34,-0.37,-4.50) wbirth=(3.38,0.36,-0.53) ref=(3.00,0.00) leader=(0.00,0.00) fallbacks=0
[mpc_node-6] [INFO] [1783592011.869105750] [px4_4.mpc_node_4]: [d4] solve: status=0 time=0.20ms cost=0.0 pos=(-3.02,0.02,-5.01) local=(-0.27,0.14,-2.99) wbirth=(-2.75,-0.12,-2.03) ref=(-3.00,0.00) leader=(0.00,0.00) fallbacks=0
[mpc_node-9] [INFO] [1783592011.886844679] [px4_7.mpc_node_7]: [d7] solve: status=0 time=0.20ms cost=0.0 pos=(3.00,-2.98,-4.95) local=(-0.36,-0.08,-4.58) wbirth=(3.35,-2.90,-0.37) ref=(3.00,-3.00) leader=(0.00,0.00) fallbacks=0
[mpc_node-3] [INFO] [1783592011.888437533] [px4_1.mpc_node_1]: [d1] solve: status=0 time=0.25ms cost=0.0 pos=(0.01,2.97,-4.98) local=(-0.06,-0.10,-3.38) wbirth=(0.07,3.06,-1.60) ref=(0.00,3.00) leader=(0.00,0.00) fallbacks=0
[mpc_node-10] [INFO] [1783592011.905818058] [px4_8.mpc_node_8]: [d8] solve: status=0 time=0.17ms cost=0.0 pos=(-2.96,-3.00,-5.03) local=(-0.17,-0.27,-3.91) wbirth=(-2.80,-2.73,-1.13) ref=(-3.00,-3.00) leader=(0.00,0.00) fallbacks=0
[mpc_node-4] [INFO] [1783592011.909365069] [px4_2.mpc_node_2]: [d2] solve: status=0 time=0.20ms cost=0.0 pos=(0.01,-3.01,-4.98) local=(0.19,0.01,-3.19) wbirth=(-0.18,-3.02,-1.79) ref=(0.00,-3.00) leader=(0.00,0.00) fallbacks=0
[mpc_node-8] [INFO] [1783592011.916521490] [px4_6.mpc_node_6]: [d6] solve: status=0 time=0.22ms cost=0.0 pos=(-3.02,3.01,-5.00) local=(-0.34,0.04,-4.12) wbirth=(-2.67,2.97,-0.88) ref=(-3.00,3.00) leader=(0.00,0.00) fallbacks=0
[mpc_node-2] [INFO] [1783592011.924059964] [px4_0.mpc_node_0]: [d0] solve: status=0 time=0.17ms cost=0.0 pos=(0.02,0.01,-5.00) local=(0.31,-0.12,-5.00) wbirth=(-0.29,0.13,0.00) ref=(0.00,0.00) leader=(0.00,0.00) fallbacks=0
[mpc_node-7] [INFO] [1783592011.943843739] [px4_5.mpc_node_5]: [d5] solve: status=0 time=0.20ms cost=0.0 pos=(2.99,3.02,-5.00) local=(0.12,0.05,-3.47) wbirth=(2.87,2.97,-1.54) ref=(3.00,3.00) leader=(0.00,0.00) fallbacks=0
[mpc_node-5] [INFO] [1783592012.862225355] [px4_3.mpc_node_3]: [d3] solve: status=0 time=0.26ms cost=0.0 pos=(3.05,0.00,-5.00) local=(-0.34,-0.36,-4.47) wbirth=(3.38,0.36,-0.53) ref=(3.00,0.00) leader=(0.00,0.00) fallbacks=0
[mpc_node-6] [INFO] [1783592012.869685657] [px4_4.mpc_node_4]: [d4] solve: status=0 time=0.23ms cost=0.0 pos=(-3.07,-0.01,-5.03) local=(-0.32,0.11,-3.00) wbirth=(-2.75,-0.12,-2.03) ref=(-3.00,0.00) leader=(0.00,0.00) fallbacks=0
[mpc_node-9] [INFO] [1783592012.886330677] [px4_7.mpc_node_7]: [d7] solve: status=0 time=0.31ms cost=0.0 pos=(3.03,-2.98,-4.94) local=(-0.32,-0.07,-4.57) wbirth=(3.35,-2.90,-0.37) ref=(3.00,-3.00) leader=(0.00,0.00) fallbacks=0
[mpc_node-3] [INFO] [1783592012.888143152] [px4_1.mpc_node_1]: [d1] solve: status=0 time=0.25ms cost=0.0 pos=(-0.03,3.00,-4.98) local=(-0.09,-0.06,-3.38) wbirth=(0.07,3.06,-1.60) ref=(0.00,3.00) leader=(0.00,0.00) fallbacks=0
[mpc_node-10] [INFO] [1783592012.905546878] [px4_8.mpc_node_8]: [d8] solve: status=0 time=0.65ms cost=0.0 pos=(-3.05,-2.99,-5.02) local=(-0.25,-0.25,-3.89) wbirth=(-2.80,-2.73,-1.13) ref=(-3.00,-3.00) leader=(0.00,0.00) fallbacks=0
[mpc_node-4] [INFO] [1783592012.910177550] [px4_2.mpc_node_2]: [d2] solve: status=0 time=0.18ms cost=0.0 pos=(0.02,-3.00,-4.97) local=(0.20,0.02,-3.18) wbirth=(-0.18,-3.02,-1.79) ref=(0.00,-3.00) leader=(0.00,0.00) fallbacks=0
[mpc_node-8] [INFO] [1783592012.917907567] [px4_6.mpc_node_6]: [d6] solve: status=0 time=0.40ms cost=0.0 pos=(-2.97,2.99,-4.96) local=(-0.30,0.02,-4.08) wbirth=(-2.67,2.97,-0.88) ref=(-3.00,3.00) leader=(0.00,0.00) fallbacks=0
[mpc_node-2] [INFO] [1783592012.922618081] [px4_0.mpc_node_0]: [d0] solve: status=0 time=0.18ms cost=0.0 pos=(-0.05,0.01,-5.02) local=(0.23,-0.12,-5.02) wbirth=(-0.29,0.13,0.00) ref=(0.00,0.00) leader=(0.00,0.00) fallbacks=0
[mpc_node-7] [INFO] [1783592012.943549331] [px4_5.mpc_node_5]: [d5] solve: status=0 time=0.17ms cost=0.0 pos=(3.01,3.00,-4.95) local=(0.14,0.04,-3.41) wbirth=(2.87,2.97,-1.54) ref=(3.00,3.00) leader=(0.00,0.00) fallbacks=0
[mpc_node-5] [INFO] [1783592013.864361992] [px4_3.mpc_node_3]: [d3] solve: status=0 time=0.38ms cost=0.0 pos=(2.98,-0.02,-4.99) local=(-0.40,-0.37,-4.45) wbirth=(3.38,0.36,-0.53) ref=(3.00,0.00) leader=(0.00,0.00) fallbacks=0
[mpc_node-6] [INFO] [1783592013.869349901] [px4_4.mpc_node_4]: [d4] solve: status=0 time=0.18ms cost=0.0 pos=(-3.01,-0.01,-5.02) local=(-0.25,0.10,-3.00) wbirth=(-2.75,-0.12,-2.03) ref=(-3.00,0.00) leader=(0.00,0.00) fallbacks=0
[mpc_node-9] [INFO] [1783592013.885906851] [px4_7.mpc_node_7]: [d7] solve: status=0 time=0.20ms cost=0.0 pos=(2.99,-2.98,-4.95) local=(-0.36,-0.08,-4.58) wbirth=(3.35,-2.90,-0.37) ref=(3.00,-3.00) leader=(0.00,0.00) fallbacks=0
[mpc_node-3] [INFO] [1783592013.889811214] [px4_1.mpc_node_1]: [d1] solve: status=0 time=0.21ms cost=0.0 pos=(0.00,2.98,-5.02) local=(-0.06,-0.08,-3.42) wbirth=(0.07,3.06,-1.60) ref=(0.00,3.00) leader=(0.00,0.00) fallbacks=0
[mpc_node-10] [INFO] [1783592013.906217320] [px4_8.mpc_node_8]: [d8] solve: status=0 time=0.20ms cost=0.0 pos=(-3.03,-2.99,-4.95) local=(-0.24,-0.25,-3.83) wbirth=(-2.80,-2.73,-1.13) ref=(-3.00,-3.00) leader=(0.00,0.00) fallbacks=0
[mpc_node-4] [INFO] [1783592013.909683649] [px4_2.mpc_node_2]: [d2] solve: status=0 time=0.18ms cost=0.0 pos=(0.07,-3.03,-5.05) local=(0.25,-0.01,-3.26) wbirth=(-0.18,-3.02,-1.79) ref=(0.00,-3.00) leader=(0.00,0.00) fallbacks=0
[mpc_node-8] [INFO] [1783592013.917188887] [px4_6.mpc_node_6]: [d6] solve: status=0 time=0.21ms cost=0.0 pos=(-2.99,2.98,-5.01) local=(-0.31,0.00,-4.13) wbirth=(-2.67,2.97,-0.88) ref=(-3.00,3.00) leader=(0.00,0.00) fallbacks=0
[mpc_node-2] [INFO] [1783592013.926381488] [px4_0.mpc_node_0]: [d0] solve: status=0 time=0.20ms cost=0.0 pos=(0.02,-0.01,-4.97) local=(0.31,-0.14,-4.97) wbirth=(-0.29,0.13,0.00) ref=(0.00,0.00) leader=(0.00,0.00) fallbacks=0
[mpc_node-7] [INFO] [1783592013.942755509] [px4_5.mpc_node_5]: [d5] solve: status=0 time=0.20ms cost=0.0 pos=(3.06,3.02,-4.94) local=(0.19,0.05,-3.41) wbirth=(2.87,2.97,-1.54) ref=(3.00,3.00) leader=(0.00,0.00) fallbacks=0
[mpc_node-5] [INFO] [1783592014.859796620] [px4_3.mpc_node_3]: [d3] solve: status=0 time=0.20ms cost=0.0 pos=(2.96,-0.04,-4.97) local=(-0.42,-0.40,-4.43) wbirth=(3.38,0.36,-0.53) ref=(3.00,0.00) leader=(0.00,0.00) fallbacks=0
[mpc_node-6] [INFO] [1783592014.869410454] [px4_4.mpc_node_4]: [d4] solve: status=0 time=0.17ms cost=0.0 pos=(-2.95,0.03,-4.96) local=(-0.20,0.15,-2.94) wbirth=(-2.75,-0.12,-2.03) ref=(-3.00,0.00) leader=(0.00,0.00) fallbacks=0
[mpc_node-9] [INFO] [1783592014.887480044] [px4_7.mpc_node_7]: [d7] solve: status=0 time=0.17ms cost=0.0 pos=(2.98,-3.00,-5.03) local=(-0.37,-0.10,-4.66) wbirth=(3.35,-2.90,-0.37) ref=(3.00,-3.00) leader=(0.00,0.00) fallbacks=0
[mpc_node-3] [INFO] [1783592014.888445128] [px4_1.mpc_node_1]: [d1] solve: status=0 time=0.24ms cost=0.0 pos=(0.01,3.01,-5.02) local=(-0.06,-0.06,-3.42) wbirth=(0.07,3.06,-1.60) ref=(0.00,3.00) leader=(0.00,0.00) fallbacks=0
[mpc_node-10] [INFO] [1783592014.905625397] [px4_8.mpc_node_8]: [d8] solve: status=0 time=0.20ms cost=0.0 pos=(-3.03,-2.98,-5.01) local=(-0.23,-0.25,-3.88) wbirth=(-2.80,-2.73,-1.13) ref=(-3.00,-3.00) leader=(0.00,0.00) fallbacks=0
[mpc_node-4] [INFO] [1783592014.909725665] [px4_2.mpc_node_2]: [d2] solve: status=0 time=0.16ms cost=0.0 pos=(0.03,-3.01,-4.96) local=(0.21,0.01,-3.17) wbirth=(-0.18,-3.02,-1.79) ref=(0.00,-3.00) leader=(0.00,0.00) fallbacks=0
[mpc_node-8] [INFO] [1783592014.917457774] [px4_6.mpc_node_6]: [d6] solve: status=0 time=0.21ms cost=0.0 pos=(-3.04,3.00,-4.98) local=(-0.37,0.03,-4.10) wbirth=(-2.67,2.97,-0.88) ref=(-3.00,3.00) leader=(0.00,0.00) fallbacks=0
[mpc_node-2] [INFO] [1783592014.923779068] [px4_0.mpc_node_0]: [d0] solve: status=0 time=0.18ms cost=0.0 pos=(0.02,0.02,-5.05) local=(0.31,-0.11,-5.05) wbirth=(-0.29,0.13,0.00) ref=(0.00,0.00) leader=(0.00,0.00) fallbacks=0
[mpc_node-7] [INFO] [1783592014.943736928] [px4_5.mpc_node_5]: [d5] solve: status=0 time=0.20ms cost=0.0 pos=(3.03,3.02,-5.01) local=(0.16,0.05,-3.47) wbirth=(2.87,2.97,-1.54) ref=(3.00,3.00) leader=(0.00,0.00) fallbacks=0
[mpc_node-5] [INFO] [1783592015.861579911] [px4_3.mpc_node_3]: [d3] solve: status=0 time=0.21ms cost=0.0 pos=(2.91,0.01,-4.98) local=(-0.47,-0.35,-4.44) wbirth=(3.38,0.36,-0.53) ref=(3.00,0.00) leader=(0.00,0.00) fallbacks=0
[mpc_node-6] [INFO] [1783592015.869133240] [px4_4.mpc_node_4]: [d4] solve: status=0 time=0.17ms cost=0.0 pos=(-2.94,0.03,-4.99) local=(-0.19,0.15,-2.96) wbirth=(-2.75,-0.12,-2.03) ref=(-3.00,0.00) leader=(0.00,0.00) fallbacks=0
[mpc_node-9] [INFO] [1783592015.886247668] [px4_7.mpc_node_7]: [d7] solve: status=0 time=0.24ms cost=0.0 pos=(3.00,-2.99,-5.05) local=(-0.35,-0.09,-4.68) wbirth=(3.35,-2.90,-0.37) ref=(3.00,-3.00) leader=(0.00,0.00) fallbacks=0
[mpc_node-3] [INFO] [1783592015.886765846] [px4_1.mpc_node_1]: [d1] solve: status=0 time=0.17ms cost=0.0 pos=(0.05,3.01,-4.99) local=(-0.02,-0.05,-3.40) wbirth=(0.07,3.06,-1.60) ref=(0.00,3.00) leader=(0.00,0.00) fallbacks=0
[mpc_node-10] [INFO] [1783592015.905469587] [px4_8.mpc_node_8]: [d8] solve: status=0 time=0.20ms cost=0.0 pos=(-2.97,-3.05,-4.97) local=(-0.17,-0.32,-3.84) wbirth=(-2.80,-2.73,-1.13) ref=(-3.00,-3.00) leader=(0.00,0.00) fallbacks=0
[mpc_node-4] [INFO] [1783592015.909163058] [px4_2.mpc_node_2]: [d2] solve: status=0 time=0.17ms cost=0.0 pos=(-0.04,-2.99,-4.99) local=(0.14,0.03,-3.20) wbirth=(-0.18,-3.02,-1.79) ref=(0.00,-3.00) leader=(0.00,0.00) fallbacks=0
[mpc_node-8] [INFO] [1783592015.917267079] [px4_6.mpc_node_6]: [d6] solve: status=0 time=0.26ms cost=0.0 pos=(-2.99,2.97,-4.97) local=(-0.32,-0.00,-4.09) wbirth=(-2.67,2.97,-0.88) ref=(-3.00,3.00) leader=(0.00,0.00) fallbacks=0
[mpc_node-2] [INFO] [1783592015.922392670] [px4_0.mpc_node_0]: [d0] solve: status=0 time=0.21ms cost=0.0 pos=(-0.02,0.03,-5.04) local=(0.27,-0.10,-5.04) wbirth=(-0.29,0.13,0.00) ref=(0.00,0.00) leader=(0.00,0.00) fallbacks=0
[mpc_node-7] [INFO] [1783592015.942998649] [px4_5.mpc_node_5]: [d5] solve: status=0 time=0.20ms cost=0.0 pos=(2.97,3.01,-5.04) local=(0.10,0.04,-3.51) wbirth=(2.87,2.97,-1.54) ref=(3.00,3.00) leader=(0.00,0.00) fallbacks=0
[mpc_node-5] [INFO] [1783592016.864375922] [px4_3.mpc_node_3]: [d3] solve: status=0 time=0.17ms cost=0.0 pos=(2.98,0.03,-5.01) local=(-0.41,-0.33,-4.47) wbirth=(3.38,0.36,-0.53) ref=(3.00,0.00) leader=(0.00,0.00) fallbacks=0
[mpc_node-6] [INFO] [1783592016.869394028] [px4_4.mpc_node_4]: [d4] solve: status=0 time=0.21ms cost=0.0 pos=(-2.98,0.00,-5.00) local=(-0.23,0.12,-2.97) wbirth=(-2.75,-0.12,-2.03) ref=(-3.00,0.00) leader=(0.00,0.00) fallbacks=0
[mpc_node-9] [INFO] [1783592016.886101543] [px4_7.mpc_node_7]: [d7] solve: status=0 time=0.20ms cost=0.0 pos=(2.98,-2.97,-5.02) local=(-0.37,-0.07,-4.65) wbirth=(3.35,-2.90,-0.37) ref=(3.00,-3.00) leader=(0.00,0.00) fallbacks=0
[mpc_node-3] [INFO] [1783592016.888713301] [px4_1.mpc_node_1]: [d1] solve: status=0 time=0.18ms cost=0.0 pos=(0.02,3.00,-4.98) local=(-0.04,-0.06,-3.38) wbirth=(0.07,3.06,-1.60) ref=(0.00,3.00) leader=(0.00,0.00) fallbacks=0
[mpc_node-10] [INFO] [1783592016.906733394] [px4_8.mpc_node_8]: [d8] solve: status=0 time=0.20ms cost=0.0 pos=(-2.98,-3.03,-5.05) local=(-0.18,-0.30,-3.92) wbirth=(-2.80,-2.73,-1.13) ref=(-3.00,-3.00) leader=(0.00,0.00) fallbacks=0
[mpc_node-4] [INFO] [1783592016.910308992] [px4_2.mpc_node_2]: [d2] solve: status=0 time=0.20ms cost=0.0 pos=(-0.01,-3.01,-4.97) local=(0.17,0.01,-3.18) wbirth=(-0.18,-3.02,-1.79) ref=(0.00,-3.00) leader=(0.00,0.00) fallbacks=0
[mpc_node-8] [INFO] [1783592016.917297747] [px4_6.mpc_node_6]: [d6] solve: status=0 time=0.21ms cost=0.0 pos=(-3.01,3.02,-4.98) local=(-0.33,0.04,-4.10) wbirth=(-2.67,2.97,-0.88) ref=(-3.00,3.00) leader=(0.00,0.00) fallbacks=0
[mpc_node-2] [INFO] [1783592016.922997660] [px4_0.mpc_node_0]: [d0] solve: status=0 time=0.17ms cost=0.0 pos=(0.04,0.00,-5.00) local=(0.32,-0.13,-5.00) wbirth=(-0.29,0.13,0.00) ref=(0.00,0.00) leader=(0.00,0.00) fallbacks=0
[mpc_node-7] [INFO] [1783592016.945287606] [px4_5.mpc_node_5]: [d5] solve: status=0 time=0.17ms cost=0.0 pos=(2.96,2.99,-5.01) local=(0.09,0.02,-3.47) wbirth=(2.87,2.97,-1.54) ref=(3.00,3.00) leader=(0.00,0.00) fallbacks=0
[mpc_node-5] [INFO] [1783592017.861126179] [px4_3.mpc_node_3]: [d3] solve: status=0 time=0.20ms cost=0.0 pos=(3.00,-0.03,-5.02) local=(-0.38,-0.39,-4.49) wbirth=(3.38,0.36,-0.53) ref=(3.00,0.00) leader=(0.00,0.00) fallbacks=0
[mpc_node-6] [INFO] [1783592017.869831670] [px4_4.mpc_node_4]: [d4] solve: status=0 time=0.21ms cost=0.0 pos=(-3.01,-0.01,-5.02) local=(-0.26,0.10,-2.99) wbirth=(-2.75,-0.12,-2.03) ref=(-3.00,0.00) leader=(0.00,0.00) fallbacks=0
[mpc_node-9] [INFO] [1783592017.885906014] [px4_7.mpc_node_7]: [d7] solve: status=0 time=0.20ms cost=0.0 pos=(2.97,-2.99,-4.96) local=(-0.38,-0.09,-4.59) wbirth=(3.35,-2.90,-0.37) ref=(3.00,-3.00) leader=(0.00,0.00) fallbacks=0
[mpc_node-3] [INFO] [1783592017.886829054] [px4_1.mpc_node_1]: [d1] solve: status=0 time=0.17ms cost=0.0 pos=(0.00,3.02,-5.02) local=(-0.06,-0.04,-3.42) wbirth=(0.07,3.06,-1.60) ref=(0.00,3.00) leader=(0.00,0.00) fallbacks=0
[mpc_node-10] [INFO] [1783592017.905791540] [px4_8.mpc_node_8]: [d8] solve: status=0 time=0.17ms cost=0.0 pos=(-2.95,-2.99,-5.00) local=(-0.16,-0.26,-3.87) wbirth=(-2.80,-2.73,-1.13) ref=(-3.00,-3.00) leader=(0.00,0.00) fallbacks=0
[mpc_node-4] [INFO] [1783592017.910462678] [px4_2.mpc_node_2]: [d2] solve: status=0 time=0.17ms cost=0.0 pos=(0.01,-2.99,-5.00) local=(0.19,0.03,-3.21) wbirth=(-0.18,-3.02,-1.79) ref=(0.00,-3.00) leader=(0.00,0.00) fallbacks=0
[mpc_node-8] [INFO] [1783592017.917116529] [px4_6.mpc_node_6]: [d6] solve: status=0 time=0.18ms cost=0.0 pos=(-3.02,3.01,-5.01) local=(-0.35,0.04,-4.13) wbirth=(-2.67,2.97,-0.88) ref=(-3.00,3.00) leader=(0.00,0.00) fallbacks=0
[mpc_node-2] [INFO] [1783592017.923710674] [px4_0.mpc_node_0]: [d0] solve: status=0 time=0.20ms cost=0.0 pos=(0.03,0.01,-5.01) local=(0.32,-0.12,-5.01) wbirth=(-0.29,0.13,0.00) ref=(0.00,0.00) leader=(0.00,0.00) fallbacks=0
[mpc_node-7] [INFO] [1783592017.942964641] [px4_5.mpc_node_5]: [d5] solve: status=0 time=0.20ms cost=0.0 pos=(3.02,3.00,-5.00) local=(0.15,0.03,-3.46) wbirth=(2.87,2.97,-1.54) ref=(3.00,3.00) leader=(0.00,0.00) fallbacks=0
[mpc_node-5] [INFO] [1783592018.861807600] [px4_3.mpc_node_3]: [d3] solve: status=0 time=0.22ms cost=0.0 pos=(3.01,-0.02,-5.02) local=(-0.37,-0.38,-4.49) wbirth=(3.38,0.36,-0.53) ref=(3.00,0.00) leader=(0.00,0.00) fallbacks=0
[mpc_node-6] [INFO] [1783592018.870105851] [px4_4.mpc_node_4]: [d4] solve: status=0 time=0.20ms cost=0.0 pos=(-3.03,0.02,-4.98) local=(-0.28,0.13,-2.95) wbirth=(-2.75,-0.12,-2.03) ref=(-3.00,0.00) leader=(0.00,0.00) fallbacks=0
[mpc_node-9] [INFO] [1783592018.886921986] [px4_7.mpc_node_7]: [d7] solve: status=0 time=0.20ms cost=0.0 pos=(2.99,-3.01,-5.00) local=(-0.36,-0.11,-4.63) wbirth=(3.35,-2.90,-0.37) ref=(3.00,-3.00) leader=(0.00,0.00) fallbacks=0
[mpc_node-3] [INFO] [1783592018.888315450] [px4_1.mpc_node_1]: [d1] solve: status=0 time=0.24ms cost=0.0 pos=(0.04,2.99,-4.97) local=(-0.03,-0.07,-3.37) wbirth=(0.07,3.06,-1.60) ref=(0.00,3.00) leader=(0.00,0.00) fallbacks=0
[mpc_node-10] [INFO] [1783592018.905301758] [px4_8.mpc_node_8]: [d8] solve: status=0 time=0.20ms cost=0.0 pos=(-3.02,-2.97,-4.99) local=(-0.22,-0.23,-3.86) wbirth=(-2.80,-2.73,-1.13) ref=(-3.00,-3.00) leader=(0.00,0.00) fallbacks=0
[mpc_node-4] [INFO] [1783592018.909179009] [px4_2.mpc_node_2]: [d2] solve: status=0 time=0.17ms cost=0.0 pos=(0.03,-2.98,-4.99) local=(0.21,0.04,-3.20) wbirth=(-0.18,-3.02,-1.79) ref=(0.00,-3.00) leader=(0.00,0.00) fallbacks=0
[mpc_node-8] [INFO] [1783592018.916892270] [px4_6.mpc_node_6]: [d6] solve: status=0 time=0.25ms cost=0.0 pos=(-3.01,2.96,-4.97) local=(-0.33,-0.01,-4.09) wbirth=(-2.67,2.97,-0.88) ref=(-3.00,3.00) leader=(0.00,0.00) fallbacks=0
[mpc_node-2] [INFO] [1783592018.923483780] [px4_0.mpc_node_0]: [d0] solve: status=0 time=0.29ms cost=0.0 pos=(0.04,-0.03,-4.94) local=(0.33,-0.15,-4.94) wbirth=(-0.29,0.13,0.00) ref=(0.00,0.00) leader=(0.00,0.00) fallbacks=0
[mpc_node-7] [INFO] [1783592018.943657055] [px4_5.mpc_node_5]: [d5] solve: status=0 time=0.20ms cost=0.0 pos=(3.01,3.02,-5.02) local=(0.14,0.06,-3.48) wbirth=(2.87,2.97,-1.54) ref=(3.00,3.00) leader=(0.00,0.00) fallbacks=0
[mpc_node-5] [INFO] [1783592019.860158093] [px4_3.mpc_node_3]: [d3] solve: status=0 time=0.24ms cost=0.0 pos=(3.02,0.04,-5.02) local=(-0.36,-0.32,-4.48) wbirth=(3.38,0.36,-0.53) ref=(3.00,0.00) leader=(0.00,0.00) fallbacks=0
[mpc_node-6] [INFO] [1783592019.870539013] [px4_4.mpc_node_4]: [d4] solve: status=0 time=0.24ms cost=0.0 pos=(-3.03,0.01,-4.99) local=(-0.28,0.13,-2.96) wbirth=(-2.75,-0.12,-2.03) ref=(-3.00,0.00) leader=(0.00,0.00) fallbacks=0
[mpc_node-9] [INFO] [1783592019.886973622] [px4_7.mpc_node_7]: [d7] solve: status=0 time=0.37ms cost=0.0 pos=(3.02,-3.00,-5.03) local=(-0.34,-0.09,-4.66) wbirth=(3.35,-2.90,-0.37) ref=(3.00,-3.00) leader=(0.00,0.00) fallbacks=0
[mpc_node-3] [INFO] [1783592019.887388392] [px4_1.mpc_node_1]: [d1] solve: status=0 time=0.20ms cost=0.0 pos=(-0.02,2.98,-4.99) local=(-0.09,-0.08,-3.39) wbirth=(0.07,3.06,-1.60) ref=(0.00,3.00) leader=(0.00,0.00) fallbacks=0
[mpc_node-10] [INFO] [1783592019.905922938] [px4_8.mpc_node_8]: [d8] solve: status=0 time=0.20ms cost=0.0 pos=(-3.03,-2.99,-5.01) local=(-0.24,-0.26,-3.89) wbirth=(-2.80,-2.73,-1.13) ref=(-3.00,-3.00) leader=(0.00,0.00) fallbacks=0
[mpc_node-4] [INFO] [1783592019.910189895] [px4_2.mpc_node_2]: [d2] solve: status=0 time=0.17ms cost=0.0 pos=(-0.03,-2.99,-4.97) local=(0.16,0.03,-3.18) wbirth=(-0.18,-3.02,-1.79) ref=(0.00,-3.00) leader=(0.00,0.00) fallbacks=0
[mpc_node-8] [INFO] [1783592019.916439233] [px4_6.mpc_node_6]: [d6] solve: status=0 time=0.19ms cost=0.0 pos=(-3.01,2.98,-4.98) local=(-0.34,0.01,-4.10) wbirth=(-2.67,2.97,-0.88) ref=(-3.00,3.00) leader=(0.00,0.00) fallbacks=0
[mpc_node-2] [INFO] [1783592019.923856056] [px4_0.mpc_node_0]: [d0] solve: status=0 time=0.20ms cost=0.0 pos=(-0.03,0.01,-4.98) local=(0.26,-0.11,-4.98) wbirth=(-0.29,0.13,0.00) ref=(0.00,0.00) leader=(0.00,0.00) fallbacks=0
[mpc_node-7] [INFO] [1783592019.943030293] [px4_5.mpc_node_5]: [d5] solve: status=0 time=0.20ms cost=0.0 pos=(3.00,2.98,-4.99) local=(0.13,0.01,-3.46) wbirth=(2.87,2.97,-1.54) ref=(3.00,3.00) leader=(0.00,0.00) fallbacks=0
[mpc_node-5] [INFO] [1783592020.861236362] [px4_3.mpc_node_3]: [d3] solve: status=0 time=0.18ms cost=0.0 pos=(3.00,0.02,-4.96) local=(-0.38,-0.34,-4.43) wbirth=(3.38,0.36,-0.53) ref=(3.00,0.00) leader=(0.00,0.00) fallbacks=0
[mpc_node-6] [INFO] [1783592020.869514275] [px4_4.mpc_node_4]: [d4] solve: status=0 time=0.26ms cost=0.0 pos=(-3.00,0.01,-5.01) local=(-0.25,0.13,-2.98) wbirth=(-2.75,-0.12,-2.03) ref=(-3.00,0.00) leader=(0.00,0.00) fallbacks=0
[mpc_node-9] [INFO] [1783592020.887139213] [px4_7.mpc_node_7]: [d7] solve: status=0 time=0.25ms cost=0.0 pos=(3.04,-3.00,-4.98) local=(-0.31,-0.10,-4.61) wbirth=(3.35,-2.90,-0.37) ref=(3.00,-3.00) leader=(0.00,0.00) fallbacks=0
[mpc_node-3] [INFO] [1783592020.889007665] [px4_1.mpc_node_1]: [d1] solve: status=0 time=0.21ms cost=0.0 pos=(-0.06,2.97,-4.99) local=(-0.12,-0.09,-3.39) wbirth=(0.07,3.06,-1.60) ref=(0.00,3.00) leader=(0.00,0.00) fallbacks=0
[mpc_node-10] [INFO] [1783592020.905114351] [px4_8.mpc_node_8]: [d8] solve: status=0 time=0.20ms cost=0.0 pos=(-2.99,-3.02,-4.97) local=(-0.19,-0.29,-3.85) wbirth=(-2.80,-2.73,-1.13) ref=(-3.00,-3.00) leader=(0.00,0.00) fallbacks=0
[mpc_node-4] [INFO] [1783592020.909714138] [px4_2.mpc_node_2]: [d2] solve: status=0 time=0.20ms cost=0.0 pos=(-0.03,-3.00,-4.99) local=(0.15,0.02,-3.20) wbirth=(-0.18,-3.02,-1.79) ref=(0.00,-3.00) leader=(0.00,0.00) fallbacks=0
[mpc_node-8] [INFO] [1783592020.916611061] [px4_6.mpc_node_6]: [d6] solve: status=0 time=0.18ms cost=0.0 pos=(-2.95,3.01,-5.05) local=(-0.27,0.04,-4.17) wbirth=(-2.67,2.97,-0.88) ref=(-3.00,3.00) leader=(0.00,0.00) fallbacks=0
[mpc_node-2] [INFO] [1783592020.922674524] [px4_0.mpc_node_0]: [d0] solve: status=0 time=0.20ms cost=0.0 pos=(-0.05,0.01,-5.00) local=(0.24,-0.11,-5.00) wbirth=(-0.29,0.13,0.00) ref=(0.00,0.00) leader=(0.00,0.00) fallbacks=0
[mpc_node-7] [INFO] [1783592020.944053921] [px4_5.mpc_node_5]: [d5] solve: status=0 time=0.17ms cost=0.0 pos=(2.97,2.99,-5.01) local=(0.10,0.02,-3.48) wbirth=(2.87,2.97,-1.54) ref=(3.00,3.00) leader=(0.00,0.00) fallbacks=0
[mpc_node-5] [INFO] [1783592021.862283276] [px4_3.mpc_node_3]: [d3] solve: status=0 time=0.24ms cost=0.0 pos=(3.01,-0.02,-4.96) local=(-0.37,-0.37,-4.43) wbirth=(3.38,0.36,-0.53) ref=(3.00,0.00) leader=(0.00,0.00) fallbacks=0
[mpc_node-6] [INFO] [1783592021.871472401] [px4_4.mpc_node_4]: [d4] solve: status=0 time=0.25ms cost=0.0 pos=(-2.98,-0.01,-5.05) local=(-0.23,0.11,-3.02) wbirth=(-2.75,-0.12,-2.03) ref=(-3.00,0.00) leader=(0.00,0.00) fallbacks=0
[mpc_node-9] [INFO] [1783592021.886293229] [px4_7.mpc_node_7]: [d7] solve: status=0 time=0.17ms cost=0.0 pos=(3.01,-2.99,-4.97) local=(-0.34,-0.09,-4.60) wbirth=(3.35,-2.90,-0.37) ref=(3.00,-3.00) leader=(0.00,0.00) fallbacks=0
[mpc_node-3] [INFO] [1783592021.886756548] [px4_1.mpc_node_1]: [d1] solve: status=0 time=0.17ms cost=0.0 pos=(0.01,2.94,-5.04) local=(-0.05,-0.13,-3.44) wbirth=(0.07,3.06,-1.60) ref=(0.00,3.00) leader=(0.00,0.00) fallbacks=0
[mpc_node-10] [INFO] [1783592021.906364320] [px4_8.mpc_node_8]: [d8] solve: status=0 time=0.20ms cost=0.0 pos=(-3.01,-3.03,-5.03) local=(-0.21,-0.29,-3.90) wbirth=(-2.80,-2.73,-1.13) ref=(-3.00,-3.00) leader=(0.00,0.00) fallbacks=0
[mpc_node-4] [INFO] [1783592021.910897576] [px4_2.mpc_node_2]: [d2] solve: status=0 time=0.21ms cost=0.0 pos=(-0.02,-2.99,-5.01) local=(0.17,0.03,-3.22) wbirth=(-0.18,-3.02,-1.79) ref=(0.00,-3.00) leader=(0.00,0.00) fallbacks=0
[mpc_node-8] [INFO] [1783592021.917833999] [px4_6.mpc_node_6]: [d6] solve: status=0 time=0.28ms cost=0.0 pos=(-2.95,3.03,-5.01) local=(-0.28,0.06,-4.13) wbirth=(-2.67,2.97,-0.88) ref=(-3.00,3.00) leader=(0.00,0.00) fallbacks=0
[mpc_node-2] [INFO] [1783592021.922581405] [px4_0.mpc_node_0]: [d0] solve: status=0 time=0.21ms cost=0.0 pos=(0.02,0.04,-5.03) local=(0.31,-0.09,-5.03) wbirth=(-0.29,0.13,0.00) ref=(0.00,0.00) leader=(0.00,0.00) fallbacks=0
[mpc_node-7] [INFO] [1783592021.943132275] [px4_5.mpc_node_5]: [d5] solve: status=0 time=0.21ms cost=0.0 pos=(2.97,3.02,-4.97) local=(0.10,0.05,-3.43) wbirth=(2.87,2.97,-1.54) ref=(3.00,3.00) leader=(0.00,0.00) fallbacks=0
[mpc_node-5] [INFO] [1783592022.859834645] [px4_3.mpc_node_3]: [d3] solve: status=0 time=0.17ms cost=0.0 pos=(3.05,0.01,-5.01) local=(-0.34,-0.35,-4.48) wbirth=(3.38,0.36,-0.53) ref=(3.00,0.00) leader=(0.00,0.00) fallbacks=0
[mpc_node-6] [INFO] [1783592022.871321186] [px4_4.mpc_node_4]: [d4] solve: status=0 time=0.17ms cost=0.0 pos=(-2.97,-0.03,-5.04) local=(-0.21,0.09,-3.01) wbirth=(-2.75,-0.12,-2.03) ref=(-3.00,0.00) leader=(0.00,0.00) fallbacks=0
[mpc_node-9] [INFO] [1783592022.886621462] [px4_7.mpc_node_7]: [d7] solve: status=0 time=0.17ms cost=0.0 pos=(2.94,-2.95,-4.98) local=(-0.41,-0.05,-4.61) wbirth=(3.35,-2.90,-0.37) ref=(3.00,-3.00) leader=(0.00,0.00) fallbacks=0
[mpc_node-3] [INFO] [1783592022.887149065] [px4_1.mpc_node_1]: [d1] solve: status=0 time=0.17ms cost=0.0 pos=(-0.02,3.03,-5.00) local=(-0.08,-0.03,-3.40) wbirth=(0.07,3.06,-1.60) ref=(0.00,3.00) leader=(0.00,0.00) fallbacks=0
[mpc_node-10] [INFO] [1783592022.906911129] [px4_8.mpc_node_8]: [d8] solve: status=0 time=0.17ms cost=0.0 pos=(-3.01,-2.99,-5.00) local=(-0.21,-0.26,-3.87) wbirth=(-2.80,-2.73,-1.13) ref=(-3.00,-3.00) leader=(0.00,0.00) fallbacks=0
[mpc_node-4] [INFO] [1783592022.910188398] [px4_2.mpc_node_2]: [d2] solve: status=0 time=0.21ms cost=0.0 pos=(0.02,-2.97,-5.04) local=(0.20,0.05,-3.25) wbirth=(-0.18,-3.02,-1.79) ref=(0.00,-3.00) leader=(0.00,0.00) fallbacks=0
[mpc_node-8] [INFO] [1783592022.918231627] [px4_6.mpc_node_6]: [d6] solve: status=0 time=0.18ms cost=0.0 pos=(-2.97,3.02,-4.96) local=(-0.30,0.05,-4.08) wbirth=(-2.67,2.97,-0.88) ref=(-3.00,3.00) leader=(0.00,0.00) fallbacks=0
[mpc_node-2] [INFO] [1783592022.922719368] [px4_0.mpc_node_0]: [d0] solve: status=0 time=0.21ms cost=0.0 pos=(0.00,-0.04,-5.03) local=(0.29,-0.16,-5.03) wbirth=(-0.29,0.13,0.00) ref=(0.00,0.00) leader=(0.00,0.00) fallbacks=0
[mpc_node-7] [INFO] [1783592022.942869873] [px4_5.mpc_node_5]: [d5] solve: status=0 time=0.17ms cost=0.0 pos=(3.02,3.01,-4.99) local=(0.15,0.04,-3.45) wbirth=(2.87,2.97,-1.54) ref=(3.00,3.00) leader=(0.00,0.00) fallbacks=0
[mpc_node-5] [INFO] [1783592023.860158957] [px4_3.mpc_node_3]: [d3] solve: status=0 time=0.24ms cost=0.0 pos=(3.00,-0.01,-5.02) local=(-0.38,-0.37,-4.48) wbirth=(3.38,0.36,-0.53) ref=(3.00,0.00) leader=(0.00,0.00) fallbacks=0
[mpc_node-6] [INFO] [1783592023.870962400] [px4_4.mpc_node_4]: [d4] solve: status=0 time=0.21ms cost=0.0 pos=(-2.97,-0.02,-5.01) local=(-0.22,0.10,-2.98) wbirth=(-2.75,-0.12,-2.03) ref=(-3.00,0.00) leader=(0.00,0.00) fallbacks=0
[mpc_node-3] [INFO] [1783592023.887140023] [px4_1.mpc_node_1]: [d1] solve: status=0 time=0.20ms cost=0.0 pos=(-0.00,3.02,-4.93) local=(-0.07,-0.04,-3.34) wbirth=(0.07,3.06,-1.60) ref=(0.00,3.00) leader=(0.00,0.00) fallbacks=0
[mpc_node-9] [INFO] [1783592023.887250643] [px4_7.mpc_node_7]: [d7] solve: status=0 time=0.24ms cost=0.0 pos=(3.01,-2.98,-5.03) local=(-0.34,-0.08,-4.66) wbirth=(3.35,-2.90,-0.37) ref=(3.00,-3.00) leader=(0.00,0.00) fallbacks=0
[mpc_node-10] [INFO] [1783592023.906399199] [px4_8.mpc_node_8]: [d8] solve: status=0 time=0.24ms cost=0.0 pos=(-3.00,-3.00,-5.03) local=(-0.20,-0.27,-3.90) wbirth=(-2.80,-2.73,-1.13) ref=(-3.00,-3.00) leader=(0.00,0.00) fallbacks=0
[mpc_node-4] [INFO] [1783592023.912272050] [px4_2.mpc_node_2]: [d2] solve: status=0 time=0.18ms cost=0.0 pos=(-0.01,-3.00,-4.96) local=(0.17,0.02,-3.17) wbirth=(-0.18,-3.02,-1.79) ref=(0.00,-3.00) leader=(0.00,0.00) fallbacks=0
[mpc_node-8] [INFO] [1783592023.916518471] [px4_6.mpc_node_6]: [d6] solve: status=0 time=0.21ms cost=0.0 pos=(-2.97,3.00,-5.01) local=(-0.30,0.02,-4.13) wbirth=(-2.67,2.97,-0.88) ref=(-3.00,3.00) leader=(0.00,0.00) fallbacks=0
[mpc_node-2] [INFO] [1783592023.921779541] [px4_0.mpc_node_0]: [d0] solve: status=0 time=0.21ms cost=0.0 pos=(0.03,-0.01,-4.99) local=(0.32,-0.13,-4.99) wbirth=(-0.29,0.13,0.00) ref=(0.00,0.00) leader=(0.00,0.00) fallbacks=0
[mpc_node-7] [INFO] [1783592023.943888188] [px4_5.mpc_node_5]: [d5] solve: status=0 time=0.21ms cost=0.0 pos=(3.03,2.97,-4.99) local=(0.16,0.00,-3.46) wbirth=(2.87,2.97,-1.54) ref=(3.00,3.00) leader=(0.00,0.00) fallbacks=0
[mpc_node-5] [INFO] [1783592024.860070418] [px4_3.mpc_node_3]: [d3] solve: status=0 time=0.20ms cost=0.0 pos=(3.00,0.01,-5.01) local=(-0.38,-0.35,-4.47) wbirth=(3.38,0.36,-0.53) ref=(3.00,0.00) leader=(0.00,0.00) fallbacks=0
[mpc_node-6] [INFO] [1783592024.870100175] [px4_4.mpc_node_4]: [d4] solve: status=0 time=0.20ms cost=0.0 pos=(-2.99,-0.00,-5.03) local=(-0.24,0.12,-3.00) wbirth=(-2.75,-0.12,-2.03) ref=(-3.00,0.00) leader=(0.00,0.00) fallbacks=0
[mpc_node-9] [INFO] [1783592024.886102999] [px4_7.mpc_node_7]: [d7] solve: status=0 time=0.20ms cost=0.0 pos=(2.96,-3.04,-4.98) local=(-0.39,-0.14,-4.61) wbirth=(3.35,-2.90,-0.37) ref=(3.00,-3.00) leader=(0.00,0.00) fallbacks=0
[mpc_node-3] [INFO] [1783592024.887616347] [px4_1.mpc_node_1]: [d1] solve: status=0 time=0.17ms cost=0.0 pos=(-0.05,3.02,-5.01) local=(-0.11,-0.05,-3.41) wbirth=(0.07,3.06,-1.60) ref=(0.00,3.00) leader=(0.00,0.00) fallbacks=0
[mpc_node-10] [INFO] [1783592024.906063248] [px4_8.mpc_node_8]: [d8] solve: status=0 time=0.18ms cost=0.0 pos=(-3.00,-2.98,-4.98) local=(-0.20,-0.25,-3.85) wbirth=(-2.80,-2.73,-1.13) ref=(-3.00,-3.00) leader=(0.00,0.00) fallbacks=0
[mpc_node-4] [INFO] [1783592024.910312415] [px4_2.mpc_node_2]: [d2] solve: status=0 time=0.21ms cost=0.0 pos=(-0.01,-3.03,-4.93) local=(0.17,-0.01,-3.14) wbirth=(-0.18,-3.02,-1.79) ref=(0.00,-3.00) leader=(0.00,0.00) fallbacks=0
[mpc_node-8] [INFO] [1783592024.917261595] [px4_6.mpc_node_6]: [d6] solve: status=0 time=0.21ms cost=0.0 pos=(-3.02,3.02,-4.98) local=(-0.34,0.05,-4.11) wbirth=(-2.67,2.97,-0.88) ref=(-3.00,3.00) leader=(0.00,0.00) fallbacks=0
[mpc_node-2] [INFO] [1783592024.922551754] [px4_0.mpc_node_0]: [d0] solve: status=0 time=0.22ms cost=0.0 pos=(-0.03,-0.03,-5.00) local=(0.25,-0.16,-5.00) wbirth=(-0.29,0.13,0.00) ref=(0.00,0.00) leader=(0.00,0.00) fallbacks=0
[mpc_node-7] [INFO] [1783592024.943166949] [px4_5.mpc_node_5]: [d5] solve: status=0 time=0.24ms cost=0.0 pos=(3.00,2.98,-5.01) local=(0.13,0.01,-3.48) wbirth=(2.87,2.97,-1.54) ref=(3.00,3.00) leader=(0.00,0.00) fallbacks=0
[mpc_node-5] [INFO] [1783592025.859820743] [px4_3.mpc_node_3]: [d3] solve: status=0 time=0.17ms cost=0.0 pos=(3.02,-0.01,-4.98) local=(-0.37,-0.37,-4.44) wbirth=(3.38,0.36,-0.53) ref=(3.00,0.00) leader=(0.00,0.00) fallbacks=0
[mpc_node-6] [INFO] [1783592025.870812768] [px4_4.mpc_node_4]: [d4] solve: status=0 time=0.20ms cost=0.0 pos=(-3.04,-0.01,-5.02) local=(-0.28,0.11,-2.99) wbirth=(-2.75,-0.12,-2.03) ref=(-3.00,0.00) leader=(0.00,0.00) fallbacks=0
[mpc_node-3] [INFO] [1783592025.886738167] [px4_1.mpc_node_1]: [d1] solve: status=0 time=0.20ms cost=0.0 pos=(0.02,3.00,-4.99) local=(-0.04,-0.07,-3.39) wbirth=(0.07,3.06,-1.60) ref=(0.00,3.00) leader=(0.00,0.00) fallbacks=0
[mpc_node-9] [INFO] [1783592025.886781609] [px4_7.mpc_node_7]: [d7] solve: status=0 time=0.20ms cost=0.0 pos=(3.03,-3.02,-5.01) local=(-0.32,-0.12,-4.64) wbirth=(3.35,-2.90,-0.37) ref=(3.00,-3.00) leader=(0.00,0.00) fallbacks=0
[mpc_node-10] [INFO] [1783592025.906707652] [px4_8.mpc_node_8]: [d8] solve: status=0 time=0.18ms cost=0.0 pos=(-2.97,-2.99,-5.00) local=(-0.18,-0.26,-3.87) wbirth=(-2.80,-2.73,-1.13) ref=(-3.00,-3.00) leader=(0.00,0.00) fallbacks=0
[mpc_node-4] [INFO] [1783592025.910559423] [px4_2.mpc_node_2]: [d2] solve: status=0 time=0.18ms cost=0.0 pos=(0.04,-3.00,-5.00) local=(0.22,0.02,-3.21) wbirth=(-0.18,-3.02,-1.79) ref=(0.00,-3.00) leader=(0.00,0.00) fallbacks=0
[mpc_node-8] [INFO] [1783592025.917520810] [px4_6.mpc_node_6]: [d6] solve: status=0 time=0.21ms cost=0.0 pos=(-3.04,2.99,-5.03) local=(-0.37,0.02,-4.15) wbirth=(-2.67,2.97,-0.88) ref=(-3.00,3.00) leader=(0.00,0.00) fallbacks=0
[mpc_node-2] [INFO] [1783592025.923858825] [px4_0.mpc_node_0]: [d0] solve: status=0 time=0.18ms cost=0.0 pos=(-0.01,-0.01,-5.00) local=(0.28,-0.14,-5.00) wbirth=(-0.29,0.13,0.00) ref=(0.00,0.00) leader=(0.00,0.00) fallbacks=0
[mpc_node-7] [INFO] [1783592025.942911307] [px4_5.mpc_node_5]: [d5] solve: status=0 time=0.21ms cost=0.0 pos=(2.98,3.02,-5.00) local=(0.11,0.05,-3.47) wbirth=(2.87,2.97,-1.54) ref=(3.00,3.00) leader=(0.00,0.00) fallbacks=0
[mpc_node-5] [INFO] [1783592026.860426241] [px4_3.mpc_node_3]: [d3] solve: status=0 time=0.21ms cost=0.0 pos=(3.01,0.02,-5.04) local=(-0.37,-0.34,-4.51) wbirth=(3.38,0.36,-0.53) ref=(3.00,0.00) leader=(0.00,0.00) fallbacks=0
[mpc_node-6] [INFO] [1783592026.870659305] [px4_4.mpc_node_4]: [d4] solve: status=0 time=0.21ms cost=0.0 pos=(-2.99,-0.03,-4.98) local=(-0.24,0.08,-2.95) wbirth=(-2.75,-0.12,-2.03) ref=(-3.00,0.00) leader=(0.00,0.00) fallbacks=0
[mpc_node-9] [INFO] [1783592026.885970510] [px4_7.mpc_node_7]: [d7] solve: status=0 time=0.20ms cost=0.0 pos=(3.02,-3.01,-4.92) local=(-0.33,-0.11,-4.55) wbirth=(3.35,-2.90,-0.37) ref=(3.00,-3.00) leader=(0.00,0.00) fallbacks=0
[mpc_node-3] [INFO] [1783592026.886775939] [px4_1.mpc_node_1]: [d1] solve: status=0 time=0.20ms cost=0.0 pos=(0.06,2.97,-5.06) local=(-0.01,-0.09,-3.47) wbirth=(0.07,3.06,-1.60) ref=(0.00,3.00) leader=(0.00,0.00) fallbacks=0
[mpc_node-10] [INFO] [1783592026.906826078] [px4_8.mpc_node_8]: [d8] solve: status=0 time=0.17ms cost=0.0 pos=(-2.98,-2.99,-4.97) local=(-0.19,-0.25,-3.85) wbirth=(-2.80,-2.73,-1.13) ref=(-3.00,-3.00) leader=(0.00,0.00) fallbacks=0
[mpc_node-4] [INFO] [1783592026.911313604] [px4_2.mpc_node_2]: [d2] solve: status=0 time=0.20ms cost=0.0 pos=(-0.01,-3.02,-4.98) local=(0.17,0.00,-3.19) wbirth=(-0.18,-3.02,-1.79) ref=(0.00,-3.00) leader=(0.00,0.00) fallbacks=0
[mpc_node-8] [INFO] [1783592026.917277692] [px4_6.mpc_node_6]: [d6] solve: status=0 time=0.27ms cost=0.0 pos=(-3.02,2.99,-5.04) local=(-0.35,0.01,-4.16) wbirth=(-2.67,2.97,-0.88) ref=(-3.00,3.00) leader=(0.00,0.00) fallbacks=0
[mpc_node-2] [INFO] [1783592026.923055977] [px4_0.mpc_node_0]: [d0] solve: status=0 time=0.25ms cost=0.0 pos=(0.04,-0.01,-4.97) local=(0.32,-0.13,-4.97) wbirth=(-0.29,0.13,0.00) ref=(0.00,0.00) leader=(0.00,0.00) fallbacks=0
[mpc_node-7] [INFO] [1783592026.943379490] [px4_5.mpc_node_5]: [d5] solve: status=0 time=0.24ms cost=0.0 pos=(2.97,3.00,-5.02) local=(0.10,0.03,-3.48) wbirth=(2.87,2.97,-1.54) ref=(3.00,3.00) leader=(0.00,0.00) fallbacks=0
[mpc_node-5] [INFO] [1783592027.859672590] [px4_3.mpc_node_3]: [d3] solve: status=0 time=0.17ms cost=0.0 pos=(2.96,-0.02,-5.03) local=(-0.42,-0.37,-4.49) wbirth=(3.38,0.36,-0.53) ref=(3.00,0.00) leader=(0.00,0.00) fallbacks=0
[mpc_node-6] [INFO] [1783592027.869278865] [px4_4.mpc_node_4]: [d4] solve: status=0 time=0.20ms cost=0.0 pos=(-3.03,0.01,-5.00) local=(-0.28,0.12,-2.98) wbirth=(-2.75,-0.12,-2.03) ref=(-3.00,0.00) leader=(0.00,0.00) fallbacks=0
[mpc_node-9] [INFO] [1783592027.886930890] [px4_7.mpc_node_7]: [d7] solve: status=0 time=0.26ms cost=0.0 pos=(3.01,-3.00,-5.06) local=(-0.34,-0.10,-4.69) wbirth=(3.35,-2.90,-0.37) ref=(3.00,-3.00) leader=(0.00,0.00) fallbacks=0
[mpc_node-3] [INFO] [1783592027.888388251] [px4_1.mpc_node_1]: [d1] solve: status=0 time=0.20ms cost=0.0 pos=(-0.01,2.99,-5.02) local=(-0.08,-0.07,-3.42) wbirth=(0.07,3.06,-1.60) ref=(0.00,3.00) leader=(0.00,0.00) fallbacks=0
[mpc_node-10] [INFO] [1783592027.905378288] [px4_8.mpc_node_8]: [d8] solve: status=0 time=0.17ms cost=0.0 pos=(-2.96,-3.01,-4.93) local=(-0.16,-0.28,-3.81) wbirth=(-2.80,-2.73,-1.13) ref=(-3.00,-3.00) leader=(0.00,0.00) fallbacks=0
[mpc_node-4] [INFO] [1783592027.909295204] [px4_2.mpc_node_2]: [d2] solve: status=0 time=0.17ms cost=0.0 pos=(0.03,-3.01,-5.01) local=(0.21,0.01,-3.22) wbirth=(-0.18,-3.02,-1.79) ref=(0.00,-3.00) leader=(0.00,0.00) fallbacks=0
[mpc_node-8] [INFO] [1783592027.916904464] [px4_6.mpc_node_6]: [d6] solve: status=0 time=0.22ms cost=0.0 pos=(-3.02,2.98,-5.00) local=(-0.34,0.01,-4.12) wbirth=(-2.67,2.97,-0.88) ref=(-3.00,3.00) leader=(0.00,0.00) fallbacks=0
[mpc_node-2] [INFO] [1783592027.923457918] [px4_0.mpc_node_0]: [d0] solve: status=0 time=0.18ms cost=0.0 pos=(0.00,-0.01,-5.00) local=(0.29,-0.14,-5.00) wbirth=(-0.29,0.13,0.00) ref=(0.00,0.00) leader=(0.00,0.00) fallbacks=0
[mpc_node-7] [INFO] [1783592027.943414244] [px4_5.mpc_node_5]: [d5] solve: status=0 time=0.21ms cost=0.0 pos=(2.96,3.00,-4.99) local=(0.09,0.04,-3.45) wbirth=(2.87,2.97,-1.54) ref=(3.00,3.00) leader=(0.00,0.00) fallbacks=0
[mpc_node-5] [INFO] [1783592028.860751454] [px4_3.mpc_node_3]: [d3] solve: status=0 time=0.18ms cost=0.0 pos=(3.01,-0.00,-5.02) local=(-0.37,-0.36,-4.48) wbirth=(3.38,0.36,-0.53) ref=(3.00,0.00) leader=(0.00,0.00) fallbacks=0
[mpc_node-6] [INFO] [1783592028.870757499] [px4_4.mpc_node_4]: [d4] solve: status=0 time=0.22ms cost=0.0 pos=(-3.00,0.02,-5.01) local=(-0.25,0.14,-2.99) wbirth=(-2.75,-0.12,-2.03) ref=(-3.00,0.00) leader=(0.00,0.00) fallbacks=0
[mpc_node-9] [INFO] [1783592028.886500760] [px4_7.mpc_node_7]: [d7] solve: status=0 time=0.20ms cost=0.0 pos=(3.01,-3.00,-5.00) local=(-0.34,-0.10,-4.63) wbirth=(3.35,-2.90,-0.37) ref=(3.00,-3.00) leader=(0.00,0.00) fallbacks=0
[mpc_node-3] [INFO] [1783592028.888278258] [px4_1.mpc_node_1]: [d1] solve: status=0 time=0.20ms cost=0.0 pos=(-0.05,3.02,-4.98) local=(-0.11,-0.04,-3.38) wbirth=(0.07,3.06,-1.60) ref=(0.00,3.00) leader=(0.00,0.00) fallbacks=0
[mpc_node-10] [INFO] [1783592028.905874582] [px4_8.mpc_node_8]: [d8] solve: status=0 time=0.20ms cost=0.0 pos=(-2.99,-2.97,-5.00) local=(-0.20,-0.24,-3.87) wbirth=(-2.80,-2.73,-1.13) ref=(-3.00,-3.00) leader=(0.00,0.00) fallbacks=0
[mpc_node-4] [INFO] [1783592028.909360172] [px4_2.mpc_node_2]: [d2] solve: status=0 time=0.20ms cost=0.0 pos=(0.00,-3.01,-5.01) local=(0.18,0.01,-3.22) wbirth=(-0.18,-3.02,-1.79) ref=(0.00,-3.00) leader=(0.00,0.00) fallbacks=0
[mpc_node-8] [INFO] [1783592028.916893964] [px4_6.mpc_node_6]: [d6] solve: status=0 time=0.23ms cost=0.0 pos=(-2.97,2.99,-5.01) local=(-0.30,0.02,-4.14) wbirth=(-2.67,2.97,-0.88) ref=(-3.00,3.00) leader=(0.00,0.00) fallbacks=0
[mpc_node-2] [INFO] [1783592028.923537383] [px4_0.mpc_node_0]: [d0] solve: status=0 time=0.27ms cost=0.0 pos=(0.01,-0.00,-5.00) local=(0.30,-0.13,-5.00) wbirth=(-0.29,0.13,0.00) ref=(0.00,0.00) leader=(0.00,0.00) fallbacks=0
[mpc_node-7] [INFO] [1783592028.944506747] [px4_5.mpc_node_5]: [d5] solve: status=0 time=0.21ms cost=0.0 pos=(3.01,2.98,-5.00) local=(0.14,0.02,-3.47) wbirth=(2.87,2.97,-1.54) ref=(3.00,3.00) leader=(0.00,0.00) fallbacks=0
[mpc_node-5] [INFO] [1783592029.863258410] [px4_3.mpc_node_3]: [d3] solve: status=0 time=0.92ms cost=0.0 pos=(3.03,0.02,-4.95) local=(-0.35,-0.34,-4.42) wbirth=(3.38,0.36,-0.53) ref=(3.00,0.00) leader=(0.00,0.00) fallbacks=0
[mpc_node-6] [INFO] [1783592029.869383640] [px4_4.mpc_node_4]: [d4] solve: status=0 time=0.20ms cost=0.0 pos=(-3.03,-0.02,-4.98) local=(-0.28,0.10,-2.96) wbirth=(-2.75,-0.12,-2.03) ref=(-3.00,0.00) leader=(0.00,0.00) fallbacks=0
[mpc_node-9] [INFO] [1783592029.885897956] [px4_7.mpc_node_7]: [d7] solve: status=0 time=0.20ms cost=0.0 pos=(3.01,-3.04,-5.03) local=(-0.34,-0.13,-4.66) wbirth=(3.35,-2.90,-0.37) ref=(3.00,-3.00) leader=(0.00,0.00) fallbacks=0
[mpc_node-3] [INFO] [1783592029.887927691] [px4_1.mpc_node_1]: [d1] solve: status=0 time=0.20ms cost=0.0 pos=(-0.05,3.01,-5.02) local=(-0.12,-0.05,-3.42) wbirth=(0.07,3.06,-1.60) ref=(0.00,3.00) leader=(0.00,0.00) fallbacks=0
[mpc_node-10] [INFO] [1783592029.905387291] [px4_8.mpc_node_8]: [d8] solve: status=0 time=0.17ms cost=0.0 pos=(-3.06,-3.00,-5.01) local=(-0.27,-0.27,-3.88) wbirth=(-2.80,-2.73,-1.13) ref=(-3.00,-3.00) leader=(0.00,0.00) fallbacks=0
[mpc_node-4] [INFO] [1783592029.909482782] [px4_2.mpc_node_2]: [d2] solve: status=0 time=0.17ms cost=0.0 pos=(0.03,-3.04,-4.98) local=(0.21,-0.02,-3.19) wbirth=(-0.18,-3.02,-1.79) ref=(0.00,-3.00) leader=(0.00,0.00) fallbacks=0
[mpc_node-8] [INFO] [1783592029.916520575] [px4_6.mpc_node_6]: [d6] solve: status=0 time=0.18ms cost=0.0 pos=(-2.97,3.00,-5.05) local=(-0.30,0.03,-4.18) wbirth=(-2.67,2.97,-0.88) ref=(-3.00,3.00) leader=(0.00,0.00) fallbacks=0
[mpc_node-2] [INFO] [1783592029.923418142] [px4_0.mpc_node_0]: [d0] solve: status=0 time=0.21ms cost=0.0 pos=(0.02,0.03,-5.01) local=(0.30,-0.10,-5.01) wbirth=(-0.29,0.13,0.00) ref=(0.00,0.00) leader=(0.00,0.00) fallbacks=0
[mpc_node-7] [INFO] [1783592029.944687113] [px4_5.mpc_node_5]: [d5] solve: status=0 time=0.17ms cost=0.0 pos=(3.04,2.98,-4.98) local=(0.17,0.01,-3.45) wbirth=(2.87,2.97,-1.54) ref=(3.00,3.00) leader=(0.00,0.00) fallbacks=0
[mpc_node-5] [INFO] [1783592030.864138465] [px4_3.mpc_node_3]: [d3] solve: status=0 time=0.22ms cost=0.0 pos=(3.03,0.05,-5.05) local=(-0.35,-0.31,-4.52) wbirth=(3.38,0.36,-0.53) ref=(3.00,0.00) leader=(0.00,0.00) fallbacks=0
[mpc_node-6] [INFO] [1783592030.869356301] [px4_4.mpc_node_4]: [d4] solve: status=0 time=0.20ms cost=0.0 pos=(-3.05,-0.00,-5.00) local=(-0.30,0.11,-2.97) wbirth=(-2.75,-0.12,-2.03) ref=(-3.00,0.00) leader=(0.00,0.00) fallbacks=0
[mpc_node-9] [INFO] [1783592030.885964141] [px4_7.mpc_node_7]: [d7] solve: status=0 time=0.17ms cost=0.0 pos=(2.99,-3.02,-4.99) local=(-0.36,-0.11,-4.62) wbirth=(3.35,-2.90,-0.37) ref=(3.00,-3.00) leader=(0.00,0.00) fallbacks=0
[mpc_node-3] [INFO] [1783592030.886742125] [px4_1.mpc_node_1]: [d1] solve: status=0 time=0.20ms cost=0.0 pos=(0.01,3.00,-4.97) local=(-0.06,-0.06,-3.38) wbirth=(0.07,3.06,-1.60) ref=(0.00,3.00) leader=(0.00,0.00) fallbacks=0
[mpc_node-10] [INFO] [1783592030.905517659] [px4_8.mpc_node_8]: [d8] solve: status=0 time=0.21ms cost=0.0 pos=(-3.01,-3.00,-5.03) local=(-0.21,-0.27,-3.90) wbirth=(-2.80,-2.73,-1.13) ref=(-3.00,-3.00) leader=(0.00,0.00) fallbacks=0
[mpc_node-4] [INFO] [1783592030.909181160] [px4_2.mpc_node_2]: [d2] solve: status=0 time=0.17ms cost=0.0 pos=(0.02,-3.01,-4.97) local=(0.20,0.01,-3.18) wbirth=(-0.18,-3.02,-1.79) ref=(0.00,-3.00) leader=(0.00,0.00) fallbacks=0
[mpc_node-8] [INFO] [1783592030.917830191] [px4_6.mpc_node_6]: [d6] solve: status=0 time=0.21ms cost=0.0 pos=(-3.01,2.97,-5.00) local=(-0.34,0.00,-4.12) wbirth=(-2.67,2.97,-0.88) ref=(-3.00,3.00) leader=(0.00,0.00) fallbacks=0
[mpc_node-2] [INFO] [1783592030.925749483] [px4_0.mpc_node_0]: [d0] solve: status=0 time=0.17ms cost=0.0 pos=(-0.04,0.01,-5.00) local=(0.24,-0.12,-5.00) wbirth=(-0.29,0.13,0.00) ref=(0.00,0.00) leader=(0.00,0.00) fallbacks=0
[mpc_node-7] [INFO] [1783592030.944714970] [px4_5.mpc_node_5]: [d5] solve: status=0 time=0.17ms cost=0.0 pos=(2.98,3.00,-4.99) local=(0.11,0.04,-3.45) wbirth=(2.87,2.97,-1.54) ref=(3.00,3.00) leader=(0.00,0.00) fallbacks=0
[mpc_node-5] [INFO] [1783592031.862166572] [px4_3.mpc_node_3]: [d3] solve: status=0 time=0.28ms cost=0.0 pos=(2.97,-0.02,-5.05) local=(-0.41,-0.38,-4.51) wbirth=(3.38,0.36,-0.53) ref=(3.00,0.00) leader=(0.00,0.00) fallbacks=0
[mpc_node-6] [INFO] [1783592031.869299488] [px4_4.mpc_node_4]: [d4] solve: status=0 time=0.21ms cost=0.0 pos=(-3.02,0.03,-5.00) local=(-0.26,0.14,-2.97) wbirth=(-2.75,-0.12,-2.03) ref=(-3.00,0.00) leader=(0.00,0.00) fallbacks=0
[mpc_node-9] [INFO] [1783592031.885814961] [px4_7.mpc_node_7]: [d7] solve: status=0 time=0.20ms cost=0.0 pos=(3.03,-3.00,-4.96) local=(-0.33,-0.10,-4.59) wbirth=(3.35,-2.90,-0.37) ref=(3.00,-3.00) leader=(0.00,0.00) fallbacks=0
[mpc_node-3] [INFO] [1783592031.887337768] [px4_1.mpc_node_1]: [d1] solve: status=0 time=0.17ms cost=0.0 pos=(0.03,3.00,-5.00) local=(-0.03,-0.06,-3.40) wbirth=(0.07,3.06,-1.60) ref=(0.00,3.00) leader=(0.00,0.00) fallbacks=0
[mpc_node-10] [INFO] [1783592031.905437498] [px4_8.mpc_node_8]: [d8] solve: status=0 time=0.17ms cost=0.0 pos=(-3.02,-3.00,-5.03) local=(-0.22,-0.27,-3.90) wbirth=(-2.80,-2.73,-1.13) ref=(-3.00,-3.00) leader=(0.00,0.00) fallbacks=0
[mpc_node-4] [INFO] [1783592031.909387973] [px4_2.mpc_node_2]: [d2] solve: status=0 time=0.21ms cost=0.0 pos=(0.01,-2.98,-4.98) local=(0.19,0.04,-3.19) wbirth=(-0.18,-3.02,-1.79) ref=(0.00,-3.00) leader=(0.00,0.00) fallbacks=0
[mpc_node-8] [INFO] [1783592031.917664592] [px4_6.mpc_node_6]: [d6] solve: status=0 time=0.20ms cost=0.0 pos=(-2.97,3.00,-4.93) local=(-0.30,0.02,-4.05) wbirth=(-2.67,2.97,-0.88) ref=(-3.00,3.00) leader=(0.00,0.00) fallbacks=0
[mpc_node-2] [INFO] [1783592031.922932361] [px4_0.mpc_node_0]: [d0] solve: status=0 time=0.21ms cost=0.0 pos=(-0.01,0.00,-5.02) local=(0.28,-0.13,-5.02) wbirth=(-0.29,0.13,0.00) ref=(0.00,0.00) leader=(0.00,0.00) fallbacks=0
[mpc_node-7] [INFO] [1783592031.942982537] [px4_5.mpc_node_5]: [d5] solve: status=0 time=0.21ms cost=0.0 pos=(3.02,2.98,-5.07) local=(0.15,0.01,-3.53) wbirth=(2.87,2.97,-1.54) ref=(3.00,3.00) leader=(0.00,0.00) fallbacks=0
[mpc_node-5] [INFO] [1783592032.859769524] [px4_3.mpc_node_3]: [d3] solve: status=0 time=0.20ms cost=0.0 pos=(3.02,-0.04,-4.98) local=(-0.36,-0.40,-4.44) wbirth=(3.38,0.36,-0.53) ref=(3.00,0.00) leader=(0.00,0.00) fallbacks=0
[mpc_node-6] [INFO] [1783592032.870218581] [px4_4.mpc_node_4]: [d4] solve: status=0 time=0.17ms cost=0.0 pos=(-2.96,-0.02,-4.98) local=(-0.21,0.10,-2.95) wbirth=(-2.75,-0.12,-2.03) ref=(-3.00,0.00) leader=(0.00,0.00) fallbacks=0
[mpc_node-9] [INFO] [1783592032.888306363] [px4_7.mpc_node_7]: [d7] solve: status=0 time=0.24ms cost=0.0 pos=(2.98,-2.96,-4.99) local=(-0.37,-0.06,-4.62) wbirth=(3.35,-2.90,-0.37) ref=(3.00,-3.00) leader=(0.00,0.00) fallbacks=0
[mpc_node-3] [INFO] [1783592032.890581151] [px4_1.mpc_node_1]: [d1] solve: status=0 time=0.20ms cost=0.0 pos=(0.04,2.99,-5.00) local=(-0.03,-0.08,-3.40) wbirth=(0.07,3.06,-1.60) ref=(0.00,3.00) leader=(0.00,0.00) fallbacks=0
[mpc_node-10] [INFO] [1783592032.905704393] [px4_8.mpc_node_8]: [d8] solve: status=0 time=0.18ms cost=0.0 pos=(-3.02,-2.99,-5.03) local=(-0.22,-0.26,-3.90) wbirth=(-2.80,-2.73,-1.13) ref=(-3.00,-3.00) leader=(0.00,0.00) fallbacks=0
[mpc_node-4] [INFO] [1783592032.910555339] [px4_2.mpc_node_2]: [d2] solve: status=0 time=0.20ms cost=0.0 pos=(-0.01,-2.98,-4.95) local=(0.18,0.04,-3.16) wbirth=(-0.18,-3.02,-1.79) ref=(0.00,-3.00) leader=(0.00,0.00) fallbacks=0
[mpc_node-8] [INFO] [1783592032.916587971] [px4_6.mpc_node_6]: [d6] solve: status=0 time=0.18ms cost=0.0 pos=(-3.02,2.99,-4.97) local=(-0.35,0.01,-4.10) wbirth=(-2.67,2.97,-0.88) ref=(-3.00,3.00) leader=(0.00,0.00) fallbacks=0
[mpc_node-2] [INFO] [1783592032.923162621] [px4_0.mpc_node_0]: [d0] solve: status=0 time=0.21ms cost=0.0 pos=(0.02,-0.01,-5.00) local=(0.30,-0.14,-5.00) wbirth=(-0.29,0.13,0.00) ref=(0.00,0.00) leader=(0.00,0.00) fallbacks=0
[mpc_node-7] [INFO] [1783592032.942789380] [px4_5.mpc_node_5]: [d5] solve: status=0 time=0.18ms cost=0.0 pos=(3.05,3.01,-4.97) local=(0.18,0.04,-3.44) wbirth=(2.87,2.97,-1.54) ref=(3.00,3.00) leader=(0.00,0.00) fallbacks=0
[mpc_node-5] [INFO] [1783592033.859938760] [px4_3.mpc_node_3]: [d3] solve: status=0 time=0.17ms cost=0.0 pos=(2.97,0.01,-5.01) local=(-0.41,-0.35,-4.47) wbirth=(3.38,0.36,-0.53) ref=(3.00,0.00) leader=(0.00,0.00) fallbacks=0
[mpc_node-6] [INFO] [1783592033.869639639] [px4_4.mpc_node_4]: [d4] solve: status=0 time=0.17ms cost=0.0 pos=(-2.99,0.02,-4.93) local=(-0.23,0.14,-2.91) wbirth=(-2.75,-0.12,-2.03) ref=(-3.00,0.00) leader=(0.00,0.00) fallbacks=0
[mpc_node-9] [INFO] [1783592033.886829125] [px4_7.mpc_node_7]: [d7] solve: status=0 time=0.20ms cost=0.0 pos=(2.98,-3.01,-4.99) local=(-0.37,-0.11,-4.62) wbirth=(3.35,-2.90,-0.37) ref=(3.00,-3.00) leader=(0.00,0.00) fallbacks=0
[mpc_node-3] [INFO] [1783592033.887481736] [px4_1.mpc_node_1]: [d1] solve: status=0 time=0.24ms cost=0.0 pos=(-0.01,2.97,-5.04) local=(-0.08,-0.09,-3.44) wbirth=(0.07,3.06,-1.60) ref=(0.00,3.00) leader=(0.00,0.00) fallbacks=0
[mpc_node-10] [INFO] [1783592033.908469391] [px4_8.mpc_node_8]: [d8] solve: status=0 time=0.23ms cost=0.0 pos=(-2.98,-3.04,-5.01) local=(-0.19,-0.30,-3.88) wbirth=(-2.80,-2.73,-1.13) ref=(-3.00,-3.00) leader=(0.00,0.00) fallbacks=0
[mpc_node-4] [INFO] [1783592033.911411464] [px4_2.mpc_node_2]: [d2] solve: status=0 time=0.17ms cost=0.0 pos=(-0.01,-3.01,-4.97) local=(0.17,0.01,-3.18) wbirth=(-0.18,-3.02,-1.79) ref=(0.00,-3.00) leader=(0.00,0.00) fallbacks=0
[mpc_node-8] [INFO] [1783592033.916764808] [px4_6.mpc_node_6]: [d6] solve: status=0 time=0.21ms cost=0.0 pos=(-3.02,2.99,-5.00) local=(-0.34,0.02,-4.12) wbirth=(-2.67,2.97,-0.88) ref=(-3.00,3.00) leader=(0.00,0.00) fallbacks=0
[mpc_node-2] [INFO] [1783592033.923398231] [px4_0.mpc_node_0]: [d0] solve: status=0 time=0.21ms cost=0.0 pos=(0.04,0.02,-5.04) local=(0.33,-0.11,-5.04) wbirth=(-0.29,0.13,0.00) ref=(0.00,0.00) leader=(0.00,0.00) fallbacks=0
[mpc_node-7] [INFO] [1783592033.943196065] [px4_5.mpc_node_5]: [d5] solve: status=0 time=0.25ms cost=0.0 pos=(2.98,2.97,-5.01) local=(0.11,0.01,-3.47) wbirth=(2.87,2.97,-1.54) ref=(3.00,3.00) leader=(0.00,0.00) fallbacks=0
[mpc_node-5] [INFO] [1783592034.860021788] [px4_3.mpc_node_3]: [d3] solve: status=0 time=0.18ms cost=0.0 pos=(2.99,-0.01,-5.00) local=(-0.40,-0.37,-4.46) wbirth=(3.38,0.36,-0.53) ref=(3.00,0.00) leader=(0.00,0.00) fallbacks=0
[mpc_node-6] [INFO] [1783592034.869262346] [px4_4.mpc_node_4]: [d4] solve: status=0 time=0.17ms cost=0.0 pos=(-3.02,0.01,-5.03) local=(-0.27,0.13,-3.00) wbirth=(-2.75,-0.12,-2.03) ref=(-3.00,0.00) leader=(0.00,0.00) fallbacks=0
[mpc_node-9] [INFO] [1783592034.887546537] [px4_7.mpc_node_7]: [d7] solve: status=0 time=0.25ms cost=0.0 pos=(2.92,-2.98,-5.07) local=(-0.43,-0.07,-4.70) wbirth=(3.35,-2.90,-0.37) ref=(3.00,-3.00) leader=(0.00,0.00) fallbacks=0
[mpc_node-3] [INFO] [1783592034.887555824] [px4_1.mpc_node_1]: [d1] solve: status=0 time=0.24ms cost=0.0 pos=(0.01,3.03,-5.02) local=(-0.06,-0.04,-3.42) wbirth=(0.07,3.06,-1.60) ref=(0.00,3.00) leader=(0.00,0.00) fallbacks=0
[mpc_node-10] [INFO] [1783592034.905155887] [px4_8.mpc_node_8]: [d8] solve: status=0 time=0.17ms cost=0.0 pos=(-2.98,-2.99,-5.00) local=(-0.18,-0.26,-3.87) wbirth=(-2.80,-2.73,-1.13) ref=(-3.00,-3.00) leader=(0.00,0.00) fallbacks=0
[mpc_node-4] [INFO] [1783592034.909221594] [px4_2.mpc_node_2]: [d2] solve: status=0 time=0.20ms cost=0.0 pos=(-0.03,-3.02,-5.06) local=(0.15,0.00,-3.27) wbirth=(-0.18,-3.02,-1.79) ref=(0.00,-3.00) leader=(0.00,0.00) fallbacks=0
[mpc_node-8] [INFO] [1783592034.916899558] [px4_6.mpc_node_6]: [d6] solve: status=0 time=0.22ms cost=0.0 pos=(-3.00,2.96,-4.98) local=(-0.33,-0.02,-4.10) wbirth=(-2.67,2.97,-0.88) ref=(-3.00,3.00) leader=(0.00,0.00) fallbacks=0
[mpc_node-2] [INFO] [1783592034.923838700] [px4_0.mpc_node_0]: [d0] solve: status=0 time=0.21ms cost=0.0 pos=(0.01,-0.01,-4.98) local=(0.30,-0.14,-4.98) wbirth=(-0.29,0.13,0.00) ref=(0.00,0.00) leader=(0.00,0.00) fallbacks=0
[mpc_node-7] [INFO] [1783592034.944511885] [px4_5.mpc_node_5]: [d5] solve: status=0 time=0.21ms cost=0.0 pos=(2.99,2.99,-5.05) local=(0.12,0.02,-3.52) wbirth=(2.87,2.97,-1.54) ref=(3.00,3.00) leader=(0.00,0.00) fallbacks=0
[mpc_node-5] [INFO] [1783592035.859962041] [px4_3.mpc_node_3]: [d3] solve: status=0 time=0.20ms cost=0.0 pos=(3.01,0.00,-4.98) local=(-0.37,-0.35,-4.44) wbirth=(3.38,0.36,-0.53) ref=(3.00,0.00) leader=(0.00,0.00) fallbacks=0
[mpc_node-6] [INFO] [1783592035.871434481] [px4_4.mpc_node_4]: [d4] solve: status=0 time=0.22ms cost=0.0 pos=(-2.98,0.01,-5.02) local=(-0.23,0.13,-3.00) wbirth=(-2.75,-0.12,-2.03) ref=(-3.00,0.00) leader=(0.00,0.00) fallbacks=0
[mpc_node-9] [INFO] [1783592035.886022713] [px4_7.mpc_node_7]: [d7] solve: status=0 time=0.20ms cost=0.0 pos=(2.99,-3.02,-4.99) local=(-0.37,-0.12,-4.62) wbirth=(3.35,-2.90,-0.37) ref=(3.00,-3.00) leader=(0.00,0.00) fallbacks=0
[mpc_node-3] [INFO] [1783592035.887997203] [px4_1.mpc_node_1]: [d1] solve: status=0 time=0.20ms cost=0.0 pos=(-0.02,2.97,-5.04) local=(-0.09,-0.10,-3.44) wbirth=(0.07,3.06,-1.60) ref=(0.00,3.00) leader=(0.00,0.00) fallbacks=0
[mpc_node-10] [INFO] [1783592035.905509876] [px4_8.mpc_node_8]: [d8] solve: status=0 time=0.24ms cost=0.0 pos=(-3.01,-2.98,-5.04) local=(-0.21,-0.25,-3.91) wbirth=(-2.80,-2.73,-1.13) ref=(-3.00,-3.00) leader=(0.00,0.00) fallbacks=0
[mpc_node-4] [INFO] [1783592035.909449479] [px4_2.mpc_node_2]: [d2] solve: status=0 time=0.22ms cost=0.0 pos=(-0.02,-3.01,-4.97) local=(0.17,0.01,-3.17) wbirth=(-0.18,-3.02,-1.79) ref=(0.00,-3.00) leader=(0.00,0.00) fallbacks=0
[mpc_node-8] [INFO] [1783592035.916513144] [px4_6.mpc_node_6]: [d6] solve: status=0 time=0.22ms cost=0.0 pos=(-3.00,2.99,-5.07) local=(-0.33,0.02,-4.19) wbirth=(-2.67,2.97,-0.88) ref=(-3.00,3.00) leader=(0.00,0.00) fallbacks=0
[mpc_node-2] [INFO] [1783592035.923634405] [px4_0.mpc_node_0]: [d0] solve: status=0 time=0.17ms cost=0.0 pos=(0.00,-0.04,-5.01) local=(0.29,-0.17,-5.01) wbirth=(-0.29,0.13,0.00) ref=(0.00,0.00) leader=(0.00,0.00) fallbacks=0
[mpc_node-7] [INFO] [1783592035.944492359] [px4_5.mpc_node_5]: [d5] solve: status=0 time=0.28ms cost=0.0 pos=(2.98,3.01,-5.00) local=(0.11,0.04,-3.47) wbirth=(2.87,2.97,-1.54) ref=(3.00,3.00) leader=(0.00,0.00) fallbacks=0
[mpc_node-5] [INFO] [1783592036.861291249] [px4_3.mpc_node_3]: [d3] solve: status=0 time=0.21ms cost=0.0 pos=(2.98,0.00,-5.03) local=(-0.41,-0.35,-4.50) wbirth=(3.38,0.36,-0.53) ref=(3.00,0.00) leader=(0.00,0.00) fallbacks=0
[mpc_node-6] [INFO] [1783592036.869418843] [px4_4.mpc_node_4]: [d4] solve: status=0 time=0.17ms cost=0.0 pos=(-2.97,-0.03,-5.01) local=(-0.22,0.09,-2.98) wbirth=(-2.75,-0.12,-2.03) ref=(-3.00,0.00) leader=(0.00,0.00) fallbacks=0
[mpc_node-9] [INFO] [1783592036.886076565] [px4_7.mpc_node_7]: [d7] solve: status=0 time=0.18ms cost=0.0 pos=(3.00,-2.99,-4.96) local=(-0.36,-0.09,-4.59) wbirth=(3.35,-2.90,-0.37) ref=(3.00,-3.00) leader=(0.00,0.00) fallbacks=0
[mpc_node-3] [INFO] [1783592036.888892553] [px4_1.mpc_node_1]: [d1] solve: status=0 time=0.21ms cost=0.0 pos=(0.02,2.99,-5.01) local=(-0.05,-0.08,-3.42) wbirth=(0.07,3.06,-1.60) ref=(0.00,3.00) leader=(0.00,0.00) fallbacks=0
[mpc_node-10] [INFO] [1783592036.905626681] [px4_8.mpc_node_8]: [d8] solve: status=0 time=0.26ms cost=0.0 pos=(-3.03,-2.99,-4.96) local=(-0.24,-0.26,-3.83) wbirth=(-2.80,-2.73,-1.13) ref=(-3.00,-3.00) leader=(0.00,0.00) fallbacks=0
[mpc_node-4] [INFO] [1783592036.909255731] [px4_2.mpc_node_2]: [d2] solve: status=0 time=0.20ms cost=0.0 pos=(-0.00,-3.00,-5.05) local=(0.18,0.02,-3.26) wbirth=(-0.18,-3.02,-1.79) ref=(0.00,-3.00) leader=(0.00,0.00) fallbacks=0
[mpc_node-8] [INFO] [1783592036.916928031] [px4_6.mpc_node_6]: [d6] solve: status=0 time=0.21ms cost=0.0 pos=(-3.00,3.05,-5.02) local=(-0.33,0.08,-4.14) wbirth=(-2.67,2.97,-0.88) ref=(-3.00,3.00) leader=(0.00,0.00) fallbacks=0
[mpc_node-2] [INFO] [1783592036.923692645] [px4_0.mpc_node_0]: [d0] solve: status=0 time=0.21ms cost=0.0 pos=(-0.00,0.03,-4.94) local=(0.28,-0.10,-4.94) wbirth=(-0.29,0.13,0.00) ref=(0.00,0.00) leader=(0.00,0.00) fallbacks=0
[mpc_node-7] [INFO] [1783592036.944658179] [px4_5.mpc_node_5]: [d5] solve: status=0 time=0.20ms cost=0.0 pos=(2.97,2.98,-4.95) local=(0.10,0.02,-3.42) wbirth=(2.87,2.97,-1.54) ref=(3.00,3.00) leader=(0.00,0.00) fallbacks=0
[mpc_node-5] [INFO] [1783592037.862975596] [px4_3.mpc_node_3]: [d3] solve: status=0 time=0.17ms cost=0.0 pos=(3.01,-0.02,-5.00) local=(-0.38,-0.37,-4.47) wbirth=(3.38,0.36,-0.53) ref=(3.00,0.00) leader=(0.00,0.00) fallbacks=0
[mpc_node-6] [INFO] [1783592037.869870054] [px4_4.mpc_node_4]: [d4] solve: status=0 time=0.17ms cost=0.0 pos=(-2.97,-0.03,-4.93) local=(-0.21,0.09,-2.90) wbirth=(-2.75,-0.12,-2.03) ref=(-3.00,0.00) leader=(0.00,0.00) fallbacks=0
[mpc_node-3] [INFO] [1783592037.888115103] [px4_1.mpc_node_1]: [d1] solve: status=0 time=0.20ms cost=0.0 pos=(-0.02,3.00,-5.04) local=(-0.09,-0.06,-3.44) wbirth=(0.07,3.06,-1.60) ref=(0.00,3.00) leader=(0.00,0.00) fallbacks=0
[mpc_node-9] [INFO] [1783592037.888491843] [px4_7.mpc_node_7]: [d7] solve: status=0 time=0.23ms cost=0.0 pos=(3.04,-3.01,-5.03) local=(-0.31,-0.11,-4.66) wbirth=(3.35,-2.90,-0.37) ref=(3.00,-3.00) leader=(0.00,0.00) fallbacks=0
[mpc_node-10] [INFO] [1783592037.905169725] [px4_8.mpc_node_8]: [d8] solve: status=0 time=0.20ms cost=0.0 pos=(-3.04,-2.98,-4.95) local=(-0.25,-0.25,-3.82) wbirth=(-2.80,-2.73,-1.13) ref=(-3.00,-3.00) leader=(0.00,0.00) fallbacks=0
[mpc_node-4] [INFO] [1783592037.909519053] [px4_2.mpc_node_2]: [d2] solve: status=0 time=0.24ms cost=0.0 pos=(-0.02,-3.01,-5.02) local=(0.17,0.01,-3.23) wbirth=(-0.18,-3.02,-1.79) ref=(0.00,-3.00) leader=(0.00,0.00) fallbacks=0
[mpc_node-8] [INFO] [1783592037.917058647] [px4_6.mpc_node_6]: [d6] solve: status=0 time=0.21ms cost=0.0 pos=(-3.01,3.03,-5.02) local=(-0.34,0.06,-4.14) wbirth=(-2.67,2.97,-0.88) ref=(-3.00,3.00) leader=(0.00,0.00) fallbacks=0
[mpc_node-2] [INFO] [1783592037.921421728] [px4_0.mpc_node_0]: [d0] solve: status=0 time=0.18ms cost=0.0 pos=(-0.05,0.01,-4.98) local=(0.24,-0.12,-4.98) wbirth=(-0.29,0.13,0.00) ref=(0.00,0.00) leader=(0.00,0.00) fallbacks=0
[mpc_node-7] [INFO] [1783592037.944245370] [px4_5.mpc_node_5]: [d5] solve: status=0 time=0.18ms cost=0.0 pos=(3.02,3.02,-4.97) local=(0.15,0.05,-3.43) wbirth=(2.87,2.97,-1.54) ref=(3.00,3.00) leader=(0.00,0.00) fallbacks=0
[mpc_node-5] [INFO] [1783592038.862334508] [px4_3.mpc_node_3]: [d3] solve: status=0 time=0.20ms cost=0.0 pos=(3.03,-0.02,-5.05) local=(-0.35,-0.37,-4.52) wbirth=(3.38,0.36,-0.53) ref=(3.00,0.00) leader=(0.00,0.00) fallbacks=0
[mpc_node-6] [INFO] [1783592038.869321828] [px4_4.mpc_node_4]: [d4] solve: status=0 time=0.18ms cost=0.0 pos=(-3.00,0.02,-5.03) local=(-0.25,0.13,-3.00) wbirth=(-2.75,-0.12,-2.03) ref=(-3.00,0.00) leader=(0.00,0.00) fallbacks=0
[mpc_node-9] [INFO] [1783592038.885920992] [px4_7.mpc_node_7]: [d7] solve: status=0 time=0.20ms cost=0.0 pos=(3.00,-3.00,-5.04) local=(-0.35,-0.10,-4.67) wbirth=(3.35,-2.90,-0.37) ref=(3.00,-3.00) leader=(0.00,0.00) fallbacks=0
[mpc_node-3] [INFO] [1783592038.886808578] [px4_1.mpc_node_1]: [d1] solve: status=0 time=0.17ms cost=0.0 pos=(0.02,3.01,-4.98) local=(-0.04,-0.06,-3.38) wbirth=(0.07,3.06,-1.60) ref=(0.00,3.00) leader=(0.00,0.00) fallbacks=0
[mpc_node-10] [INFO] [1783592038.905287389] [px4_8.mpc_node_8]: [d8] solve: status=0 time=0.17ms cost=0.0 pos=(-3.00,-3.00,-4.99) local=(-0.20,-0.27,-3.86) wbirth=(-2.80,-2.73,-1.13) ref=(-3.00,-3.00) leader=(0.00,0.00) fallbacks=0
[mpc_node-4] [INFO] [1783592038.909217907] [px4_2.mpc_node_2]: [d2] solve: status=0 time=0.17ms cost=0.0 pos=(-0.02,-3.01,-4.99) local=(0.16,0.01,-3.20) wbirth=(-0.18,-3.02,-1.79) ref=(0.00,-3.00) leader=(0.00,0.00) fallbacks=0
[mpc_node-8] [INFO] [1783592038.917233588] [px4_6.mpc_node_6]: [d6] solve: status=0 time=0.26ms cost=0.0 pos=(-3.00,2.98,-5.01) local=(-0.33,0.00,-4.13) wbirth=(-2.67,2.97,-0.88) ref=(-3.00,3.00) leader=(0.00,0.00) fallbacks=0
[mpc_node-2] [INFO] [1783592038.922562470] [px4_0.mpc_node_0]: [d0] solve: status=0 time=0.18ms cost=0.0 pos=(0.01,-0.05,-5.05) local=(0.30,-0.18,-5.05) wbirth=(-0.29,0.13,0.00) ref=(0.00,0.00) leader=(0.00,0.00) fallbacks=0
[mpc_node-7] [INFO] [1783592038.945065789] [px4_5.mpc_node_5]: [d5] solve: status=0 time=0.21ms cost=0.0 pos=(3.02,3.01,-5.00) local=(0.14,0.05,-3.46) wbirth=(2.87,2.97,-1.54) ref=(3.00,3.00) leader=(0.00,0.00) fallbacks=0
[mpc_node-5] [INFO] [1783592039.862367688] [px4_3.mpc_node_3]: [d3] solve: status=0 time=0.21ms cost=0.0 pos=(3.00,-0.02,-5.00) local=(-0.38,-0.38,-4.47) wbirth=(3.38,0.36,-0.53) ref=(3.00,0.00) leader=(0.00,0.00) fallbacks=0
[mpc_node-6] [INFO] [1783592039.869180211] [px4_4.mpc_node_4]: [d4] solve: status=0 time=0.17ms cost=0.0 pos=(-2.97,0.02,-5.00) local=(-0.22,0.14,-2.97) wbirth=(-2.75,-0.12,-2.03) ref=(-3.00,0.00) leader=(0.00,0.00) fallbacks=0
[mpc_node-9] [INFO] [1783592039.886012407] [px4_7.mpc_node_7]: [d7] solve: status=0 time=0.20ms cost=0.0 pos=(2.99,-2.99,-5.00) local=(-0.37,-0.09,-4.63) wbirth=(3.35,-2.90,-0.37) ref=(3.00,-3.00) leader=(0.00,0.00) fallbacks=0
[mpc_node-3] [INFO] [1783592039.886949528] [px4_1.mpc_node_1]: [d1] solve: status=0 time=0.21ms cost=0.0 pos=(-0.05,3.00,-4.98) local=(-0.12,-0.07,-3.38) wbirth=(0.07,3.06,-1.60) ref=(0.00,3.00) leader=(0.00,0.00) fallbacks=0
[mpc_node-10] [INFO] [1783592039.905492528] [px4_8.mpc_node_8]: [d8] solve: status=0 time=0.24ms cost=0.0 pos=(-2.98,-2.98,-4.98) local=(-0.19,-0.25,-3.85) wbirth=(-2.80,-2.73,-1.13) ref=(-3.00,-3.00) leader=(0.00,0.00) fallbacks=0
[mpc_node-4] [INFO] [1783592039.909190278] [px4_2.mpc_node_2]: [d2] solve: status=0 time=0.20ms cost=0.0 pos=(-0.01,-3.01,-4.98) local=(0.18,0.01,-3.19) wbirth=(-0.18,-3.02,-1.79) ref=(0.00,-3.00) leader=(0.00,0.00) fallbacks=0
[mpc_node-8] [INFO] [1783592039.918357042] [px4_6.mpc_node_6]: [d6] solve: status=0 time=0.21ms cost=0.0 pos=(-3.00,3.04,-4.98) local=(-0.33,0.06,-4.10) wbirth=(-2.67,2.97,-0.88) ref=(-3.00,3.00) leader=(0.00,0.00) fallbacks=0
[mpc_node-2] [INFO] [1783592039.925876555] [px4_0.mpc_node_0]: [d0] solve: status=0 time=0.23ms cost=0.0 pos=(0.02,-0.02,-5.01) local=(0.31,-0.15,-5.01) wbirth=(-0.29,0.13,0.00) ref=(0.00,0.00) leader=(0.00,0.00) fallbacks=0
[mpc_node-7] [INFO] [1783592039.944326201] [px4_5.mpc_node_5]: [d5] solve: status=0 time=0.20ms cost=0.0 pos=(3.03,3.01,-5.01) local=(0.16,0.04,-3.47) wbirth=(2.87,2.97,-1.54) ref=(3.00,3.00) leader=(0.00,0.00) fallbacks=0
[mpc_node-5] [INFO] [1783592040.861295304] [px4_3.mpc_node_3]: [d3] solve: status=0 time=0.17ms cost=0.0 pos=(3.00,0.04,-4.99) local=(-0.38,-0.32,-4.45) wbirth=(3.38,0.36,-0.53) ref=(3.00,0.00) leader=(0.00,0.00) fallbacks=0
[mpc_node-6] [INFO] [1783592040.870376676] [px4_4.mpc_node_4]: [d4] solve: status=0 time=0.17ms cost=0.0 pos=(-2.99,-0.01,-5.03) local=(-0.24,0.10,-3.01) wbirth=(-2.75,-0.12,-2.03) ref=(-3.00,0.00) leader=(0.00,0.00) fallbacks=0
[mpc_node-9] [INFO] [1783592040.886063904] [px4_7.mpc_node_7]: [d7] solve: status=0 time=0.19ms cost=0.0 pos=(2.97,-3.03,-4.97) local=(-0.38,-0.12,-4.60) wbirth=(3.35,-2.90,-0.37) ref=(3.00,-3.00) leader=(0.00,0.00) fallbacks=0
[mpc_node-3] [INFO] [1783592040.887177047] [px4_1.mpc_node_1]: [d1] solve: status=0 time=0.20ms cost=0.0 pos=(-0.02,3.01,-4.98) local=(-0.08,-0.06,-3.38) wbirth=(0.07,3.06,-1.60) ref=(0.00,3.00) leader=(0.00,0.00) fallbacks=0
[mpc_node-10] [INFO] [1783592040.905502767] [px4_8.mpc_node_8]: [d8] solve: status=0 time=0.21ms cost=0.0 pos=(-3.00,-3.00,-4.93) local=(-0.21,-0.26,-3.81) wbirth=(-2.80,-2.73,-1.13) ref=(-3.00,-3.00) leader=(0.00,0.00) fallbacks=0
[mpc_node-4] [INFO] [1783592040.909572859] [px4_2.mpc_node_2]: [d2] solve: status=0 time=0.17ms cost=0.0 pos=(0.00,-2.99,-5.02) local=(0.19,0.03,-3.23) wbirth=(-0.18,-3.02,-1.79) ref=(0.00,-3.00) leader=(0.00,0.00) fallbacks=0
[mpc_node-8] [INFO] [1783592040.918041345] [px4_6.mpc_node_6]: [d6] solve: status=0 time=0.22ms cost=0.0 pos=(-2.97,3.02,-4.99) local=(-0.29,0.04,-4.11) wbirth=(-2.67,2.97,-0.88) ref=(-3.00,3.00) leader=(0.00,0.00) fallbacks=0
[mpc_node-2] [INFO] [1783592040.922426836] [px4_0.mpc_node_0]: [d0] solve: status=0 time=0.22ms cost=0.0 pos=(-0.02,0.02,-4.94) local=(0.26,-0.10,-4.94) wbirth=(-0.29,0.13,0.00) ref=(0.00,0.00) leader=(0.00,0.00) fallbacks=0
[mpc_node-7] [INFO] [1783592040.943242341] [px4_5.mpc_node_5]: [d5] solve: status=0 time=0.20ms cost=0.0 pos=(3.03,3.00,-5.00) local=(0.16,0.04,-3.47) wbirth=(2.87,2.97,-1.54) ref=(3.00,3.00) leader=(0.00,0.00) fallbacks=0
[mpc_node-5] [INFO] [1783592041.859722417] [px4_3.mpc_node_3]: [d3] solve: status=0 time=0.21ms cost=0.0 pos=(2.99,0.03,-5.03) local=(-0.39,-0.33,-4.50) wbirth=(3.38,0.36,-0.53) ref=(3.00,0.00) leader=(0.00,0.00) fallbacks=0
[mpc_node-6] [INFO] [1783592041.870276475] [px4_4.mpc_node_4]: [d4] solve: status=0 time=0.24ms cost=0.0 pos=(-3.05,0.00,-5.07) local=(-0.30,0.12,-3.04) wbirth=(-2.75,-0.12,-2.03) ref=(-3.00,0.00) leader=(0.00,0.00) fallbacks=0
[mpc_node-3] [INFO] [1783592041.887061997] [px4_1.mpc_node_1]: [d1] solve: status=0 time=0.20ms cost=0.0 pos=(0.02,2.98,-4.96) local=(-0.05,-0.08,-3.36) wbirth=(0.07,3.06,-1.60) ref=(0.00,3.00) leader=(0.00,0.00) fallbacks=0
[mpc_node-9] [INFO] [1783592041.888179388] [px4_7.mpc_node_7]: [d7] solve: status=0 time=0.32ms cost=0.0 pos=(2.95,-3.00,-5.02) local=(-0.40,-0.10,-4.65) wbirth=(3.35,-2.90,-0.37) ref=(3.00,-3.00) leader=(0.00,0.00) fallbacks=0
[mpc_node-10] [INFO] [1783592041.906341076] [px4_8.mpc_node_8]: [d8] solve: status=0 time=0.27ms cost=0.0 pos=(-2.95,-3.02,-5.00) local=(-0.15,-0.29,-3.88) wbirth=(-2.80,-2.73,-1.13) ref=(-3.00,-3.00) leader=(0.00,0.00) fallbacks=0
[mpc_node-4] [INFO] [1783592041.911279695] [px4_2.mpc_node_2]: [d2] solve: status=0 time=0.17ms cost=0.0 pos=(0.00,-3.03,-4.99) local=(0.19,-0.01,-3.20) wbirth=(-0.18,-3.02,-1.79) ref=(0.00,-3.00) leader=(0.00,0.00) fallbacks=0
[mpc_node-8] [INFO] [1783592041.916527084] [px4_6.mpc_node_6]: [d6] solve: status=0 time=0.21ms cost=0.0 pos=(-2.98,2.97,-4.96) local=(-0.30,0.00,-4.09) wbirth=(-2.67,2.97,-0.88) ref=(-3.00,3.00) leader=(0.00,0.00) fallbacks=0
[mpc_node-2] [INFO] [1783592041.923633954] [px4_0.mpc_node_0]: [d0] solve: status=0 time=0.21ms cost=0.0 pos=(0.01,0.03,-4.94) local=(0.30,-0.10,-4.94) wbirth=(-0.29,0.13,0.00) ref=(0.00,0.00) leader=(0.00,0.00) fallbacks=0
[mpc_node-7] [INFO] [1783592041.942919576] [px4_5.mpc_node_5]: [d5] solve: status=0 time=0.17ms cost=0.0 pos=(2.98,2.98,-5.02) local=(0.11,0.02,-3.48) wbirth=(2.87,2.97,-1.54) ref=(3.00,3.00) leader=(0.00,0.00) fallbacks=0
[mpc_node-5] [INFO] [1783592042.859933554] [px4_3.mpc_node_3]: [d3] solve: status=0 time=0.17ms cost=0.0 pos=(3.02,-0.00,-4.96) local=(-0.36,-0.36,-4.43) wbirth=(3.38,0.36,-0.53) ref=(3.00,0.00) leader=(0.00,0.00) fallbacks=0
[mpc_node-6] [INFO] [1783592042.871289879] [px4_4.mpc_node_4]: [d4] solve: status=0 time=0.36ms cost=0.0 pos=(-3.06,-0.02,-4.98) local=(-0.31,0.10,-2.96) wbirth=(-2.75,-0.12,-2.03) ref=(-3.00,0.00) leader=(0.00,0.00) fallbacks=0
[mpc_node-3] [INFO] [1783592042.886825815] [px4_1.mpc_node_1]: [d1] solve: status=0 time=0.21ms cost=0.0 pos=(0.02,2.98,-4.98) local=(-0.05,-0.08,-3.38) wbirth=(0.07,3.06,-1.60) ref=(0.00,3.00) leader=(0.00,0.00) fallbacks=0
[mpc_node-9] [INFO] [1783592042.886914386] [px4_7.mpc_node_7]: [d7] solve: status=0 time=0.19ms cost=0.0 pos=(3.04,-2.99,-5.02) local=(-0.31,-0.09,-4.65) wbirth=(3.35,-2.90,-0.37) ref=(3.00,-3.00) leader=(0.00,0.00) fallbacks=0
[mpc_node-10] [INFO] [1783592042.905898466] [px4_8.mpc_node_8]: [d8] solve: status=0 time=0.20ms cost=0.0 pos=(-2.99,-3.03,-4.97) local=(-0.19,-0.30,-3.85) wbirth=(-2.80,-2.73,-1.13) ref=(-3.00,-3.00) leader=(0.00,0.00) fallbacks=0
[mpc_node-4] [INFO] [1783592042.910325818] [px4_2.mpc_node_2]: [d2] solve: status=0 time=0.17ms cost=0.0 pos=(0.01,-3.05,-5.03) local=(0.19,-0.03,-3.24) wbirth=(-0.18,-3.02,-1.79) ref=(0.00,-3.00) leader=(0.00,0.00) fallbacks=0
[mpc_node-8] [INFO] [1783592042.916736512] [px4_6.mpc_node_6]: [d6] solve: status=0 time=0.18ms cost=0.0 pos=(-2.99,3.01,-4.98) local=(-0.32,0.04,-4.10) wbirth=(-2.67,2.97,-0.88) ref=(-3.00,3.00) leader=(0.00,0.00) fallbacks=0
[mpc_node-2] [INFO] [1783592042.923477540] [px4_0.mpc_node_0]: [d0] solve: status=0 time=0.17ms cost=0.0 pos=(0.02,0.01,-5.02) local=(0.31,-0.12,-5.02) wbirth=(-0.29,0.13,0.00) ref=(0.00,0.00) leader=(0.00,0.00) fallbacks=0
[mpc_node-7] [INFO] [1783592042.943379296] [px4_5.mpc_node_5]: [d5] solve: status=0 time=0.24ms cost=0.0 pos=(2.94,2.98,-5.03) local=(0.07,0.01,-3.49) wbirth=(2.87,2.97,-1.54) ref=(3.00,3.00) leader=(0.00,0.00) fallbacks=0
[mpc_node-5] [INFO] [1783592043.861097305] [px4_3.mpc_node_3]: [d3] solve: status=0 time=0.21ms cost=0.0 pos=(3.01,0.01,-5.05) local=(-0.37,-0.35,-4.51) wbirth=(3.38,0.36,-0.53) ref=(3.00,0.00) leader=(0.00,0.00) fallbacks=0
[mpc_node-6] [INFO] [1783592043.870670139] [px4_4.mpc_node_4]: [d4] solve: status=0 time=0.22ms cost=0.0 pos=(-3.00,0.02,-4.96) local=(-0.25,0.14,-2.93) wbirth=(-2.75,-0.12,-2.03) ref=(-3.00,0.00) leader=(0.00,0.00) fallbacks=0
[mpc_node-3] [INFO] [1783592043.887066517] [px4_1.mpc_node_1]: [d1] solve: status=0 time=0.20ms cost=0.0 pos=(0.02,2.97,-5.02) local=(-0.04,-0.09,-3.42) wbirth=(0.07,3.06,-1.60) ref=(0.00,3.00) leader=(0.00,0.00) fallbacks=0
[mpc_node-9] [INFO] [1783592043.887871892] [px4_7.mpc_node_7]: [d7] solve: status=0 time=0.20ms cost=0.0 pos=(2.96,-3.00,-4.98) local=(-0.40,-0.10,-4.61) wbirth=(3.35,-2.90,-0.37) ref=(3.00,-3.00) leader=(0.00,0.00) fallbacks=0
[mpc_node-10] [INFO] [1783592043.906282651] [px4_8.mpc_node_8]: [d8] solve: status=0 time=0.18ms cost=0.0 pos=(-3.05,-2.99,-5.00) local=(-0.25,-0.25,-3.88) wbirth=(-2.80,-2.73,-1.13) ref=(-3.00,-3.00) leader=(0.00,0.00) fallbacks=0
[mpc_node-4] [INFO] [1783592043.910633688] [px4_2.mpc_node_2]: [d2] solve: status=0 time=0.20ms cost=0.0 pos=(0.03,-3.02,-5.05) local=(0.21,-0.00,-3.26) wbirth=(-0.18,-3.02,-1.79) ref=(0.00,-3.00) leader=(0.00,0.00) fallbacks=0
[mpc_node-8] [INFO] [1783592043.916858125] [px4_6.mpc_node_6]: [d6] solve: status=0 time=0.17ms cost=0.0 pos=(-3.01,2.97,-5.02) local=(-0.34,-0.01,-4.14) wbirth=(-2.67,2.97,-0.88) ref=(-3.00,3.00) leader=(0.00,0.00) fallbacks=0
[mpc_node-2] [INFO] [1783592043.923314890] [px4_0.mpc_node_0]: [d0] solve: status=0 time=0.17ms cost=0.0 pos=(-0.00,-0.02,-5.01) local=(0.29,-0.15,-5.01) wbirth=(-0.29,0.13,0.00) ref=(0.00,0.00) leader=(0.00,0.00) fallbacks=0
[mpc_node-7] [INFO] [1783592043.943429794] [px4_5.mpc_node_5]: [d5] solve: status=0 time=0.20ms cost=0.0 pos=(3.01,2.99,-5.07) local=(0.14,0.03,-3.53) wbirth=(2.87,2.97,-1.54) ref=(3.00,3.00) leader=(0.00,0.00) fallbacks=0
[mpc_node-5] [INFO] [1783592044.863506790] [px4_3.mpc_node_3]: [d3] solve: status=0 time=0.21ms cost=0.0 pos=(3.01,0.01,-5.03) local=(-0.37,-0.35,-4.50) wbirth=(3.38,0.36,-0.53) ref=(3.00,0.00) leader=(0.00,0.00) fallbacks=0
[mpc_node-6] [INFO] [1783592044.870481682] [px4_4.mpc_node_4]: [d4] solve: status=0 time=0.21ms cost=0.0 pos=(-3.04,0.02,-4.96) local=(-0.29,0.14,-2.94) wbirth=(-2.75,-0.12,-2.03) ref=(-3.00,0.00) leader=(0.00,0.00) fallbacks=0
[mpc_node-9] [INFO] [1783592044.887325997] [px4_7.mpc_node_7]: [d7] solve: status=0 time=0.20ms cost=0.0 pos=(3.02,-2.98,-5.07) local=(-0.33,-0.08,-4.70) wbirth=(3.35,-2.90,-0.37) ref=(3.00,-3.00) leader=(0.00,0.00) fallbacks=0
[mpc_node-3] [INFO] [1783592044.888646788] [px4_1.mpc_node_1]: [d1] solve: status=0 time=0.20ms cost=0.0 pos=(0.01,3.01,-5.00) local=(-0.06,-0.06,-3.40) wbirth=(0.07,3.06,-1.60) ref=(0.00,3.00) leader=(0.00,0.00) fallbacks=0
[mpc_node-10] [INFO] [1783592044.905186865] [px4_8.mpc_node_8]: [d8] solve: status=0 time=0.20ms cost=0.0 pos=(-2.98,-3.00,-5.03) local=(-0.19,-0.26,-3.91) wbirth=(-2.80,-2.73,-1.13) ref=(-3.00,-3.00) leader=(0.00,0.00) fallbacks=0
[mpc_node-4] [INFO] [1783592044.910726280] [px4_2.mpc_node_2]: [d2] solve: status=0 time=0.21ms cost=0.0 pos=(0.04,-2.97,-4.99) local=(0.23,0.05,-3.20) wbirth=(-0.18,-3.02,-1.79) ref=(0.00,-3.00) leader=(0.00,0.00) fallbacks=0
[mpc_node-8] [INFO] [1783592044.916934596] [px4_6.mpc_node_6]: [d6] solve: status=0 time=0.25ms cost=0.0 pos=(-2.97,2.99,-5.01) local=(-0.30,0.02,-4.14) wbirth=(-2.67,2.97,-0.88) ref=(-3.00,3.00) leader=(0.00,0.00) fallbacks=0
[mpc_node-2] [INFO] [1783592044.922694665] [px4_0.mpc_node_0]: [d0] solve: status=0 time=0.21ms cost=0.0 pos=(-0.01,-0.01,-4.99) local=(0.28,-0.14,-4.99) wbirth=(-0.29,0.13,0.00) ref=(0.00,0.00) leader=(0.00,0.00) fallbacks=0
[mpc_node-7] [INFO] [1783592044.944594022] [px4_5.mpc_node_5]: [d5] solve: status=0 time=0.20ms cost=0.0 pos=(3.00,3.03,-5.01) local=(0.13,0.06,-3.48) wbirth=(2.87,2.97,-1.54) ref=(3.00,3.00) leader=(0.00,0.00) fallbacks=0
[mpc_node-5] [INFO] [1783592045.862471885] [px4_3.mpc_node_3]: [d3] solve: status=0 time=0.17ms cost=0.0 pos=(2.97,0.01,-5.02) local=(-0.41,-0.34,-4.49) wbirth=(3.38,0.36,-0.53) ref=(3.00,0.00) leader=(0.00,0.00) fallbacks=0
[mpc_node-6] [INFO] [1783592045.869211892] [px4_4.mpc_node_4]: [d4] solve: status=0 time=0.17ms cost=0.0 pos=(-3.01,-0.00,-5.04) local=(-0.26,0.11,-3.01) wbirth=(-2.75,-0.12,-2.03) ref=(-3.00,0.00) leader=(0.00,0.00) fallbacks=0
[mpc_node-9] [INFO] [1783592045.887574907] [px4_7.mpc_node_7]: [d7] solve: status=0 time=0.23ms cost=0.0 pos=(3.00,-2.98,-5.05) local=(-0.36,-0.08,-4.68) wbirth=(3.35,-2.90,-0.37) ref=(3.00,-3.00) leader=(0.00,0.00) fallbacks=0
[mpc_node-3] [INFO] [1783592045.889659956] [px4_1.mpc_node_1]: [d1] solve: status=0 time=0.17ms cost=0.0 pos=(0.00,3.02,-4.99) local=(-0.06,-0.04,-3.39) wbirth=(0.07,3.06,-1.60) ref=(0.00,3.00) leader=(0.00,0.00) fallbacks=0
[mpc_node-10] [INFO] [1783592045.905336310] [px4_8.mpc_node_8]: [d8] solve: status=0 time=0.20ms cost=0.0 pos=(-2.98,-3.01,-5.00) local=(-0.18,-0.28,-3.87) wbirth=(-2.80,-2.73,-1.13) ref=(-3.00,-3.00) leader=(0.00,0.00) fallbacks=0
[mpc_node-4] [INFO] [1783592045.909293519] [px4_2.mpc_node_2]: [d2] solve: status=0 time=0.17ms cost=0.0 pos=(0.03,-2.98,-4.98) local=(0.21,0.04,-3.19) wbirth=(-0.18,-3.02,-1.79) ref=(0.00,-3.00) leader=(0.00,0.00) fallbacks=0
[mpc_node-8] [INFO] [1783592045.916769142] [px4_6.mpc_node_6]: [d6] solve: status=0 time=0.21ms cost=0.0 pos=(-2.98,2.99,-5.05) local=(-0.31,0.02,-4.17) wbirth=(-2.67,2.97,-0.88) ref=(-3.00,3.00) leader=(0.00,0.00) fallbacks=0
[mpc_node-2] [INFO] [1783592045.921832693] [px4_0.mpc_node_0]: [d0] solve: status=0 time=0.22ms cost=0.0 pos=(0.04,0.01,-4.97) local=(0.33,-0.12,-4.97) wbirth=(-0.29,0.13,0.00) ref=(0.00,0.00) leader=(0.00,0.00) fallbacks=0
[mpc_node-7] [INFO] [1783592045.944521895] [px4_5.mpc_node_5]: [d5] solve: status=0 time=0.20ms cost=0.0 pos=(3.01,3.03,-4.97) local=(0.14,0.07,-3.44) wbirth=(2.87,2.97,-1.54) ref=(3.00,3.00) leader=(0.00,0.00) fallbacks=0
[mpc_node-5] [INFO] [1783592046.865435073] [px4_3.mpc_node_3]: [d3] solve: status=0 time=0.25ms cost=0.0 pos=(3.03,-0.03,-4.97) local=(-0.35,-0.39,-4.43) wbirth=(3.38,0.36,-0.53) ref=(3.00,0.00) leader=(0.00,0.00) fallbacks=0
[mpc_node-6] [INFO] [1783592046.869507440] [px4_4.mpc_node_4]: [d4] solve: status=0 time=0.21ms cost=0.0 pos=(-2.98,0.03,-4.97) local=(-0.22,0.15,-2.94) wbirth=(-2.75,-0.12,-2.03) ref=(-3.00,0.00) leader=(0.00,0.00) fallbacks=0
[mpc_node-9] [INFO] [1783592046.886271968] [px4_7.mpc_node_7]: [d7] solve: status=0 time=0.20ms cost=0.0 pos=(3.01,-3.02,-5.00) local=(-0.34,-0.11,-4.63) wbirth=(3.35,-2.90,-0.37) ref=(3.00,-3.00) leader=(0.00,0.00) fallbacks=0
[mpc_node-3] [INFO] [1783592046.886881401] [px4_1.mpc_node_1]: [d1] solve: status=0 time=0.20ms cost=0.0 pos=(-0.03,2.98,-5.02) local=(-0.10,-0.08,-3.43) wbirth=(0.07,3.06,-1.60) ref=(0.00,3.00) leader=(0.00,0.00) fallbacks=0
[mpc_node-10] [INFO] [1783592046.905266298] [px4_8.mpc_node_8]: [d8] solve: status=0 time=0.20ms cost=0.0 pos=(-2.96,-3.01,-5.02) local=(-0.16,-0.28,-3.90) wbirth=(-2.80,-2.73,-1.13) ref=(-3.00,-3.00) leader=(0.00,0.00) fallbacks=0
[mpc_node-4] [INFO] [1783592046.909338201] [px4_2.mpc_node_2]: [d2] solve: status=0 time=0.20ms cost=0.0 pos=(-0.02,-3.01,-4.93) local=(0.17,0.01,-3.14) wbirth=(-0.18,-3.02,-1.79) ref=(0.00,-3.00) leader=(0.00,0.00) fallbacks=0
[mpc_node-8] [INFO] [1783592046.917576820] [px4_6.mpc_node_6]: [d6] solve: status=0 time=0.21ms cost=0.0 pos=(-3.01,2.97,-5.04) local=(-0.34,-0.01,-4.17) wbirth=(-2.67,2.97,-0.88) ref=(-3.00,3.00) leader=(0.00,0.00) fallbacks=0
[mpc_node-2] [INFO] [1783592046.921877479] [px4_0.mpc_node_0]: [d0] solve: status=0 time=0.18ms cost=0.0 pos=(-0.00,0.04,-4.99) local=(0.28,-0.09,-4.99) wbirth=(-0.29,0.13,0.00) ref=(0.00,0.00) leader=(0.00,0.00) fallbacks=0
[mpc_node-7] [INFO] [1783592046.943443524] [px4_5.mpc_node_5]: [d5] solve: status=0 time=0.17ms cost=0.0 pos=(2.96,2.99,-5.00) local=(0.09,0.02,-3.47) wbirth=(2.87,2.97,-1.54) ref=(3.00,3.00) leader=(0.00,0.00) fallbacks=0
[mpc_node-5] [INFO] [1783592047.861712970] [px4_3.mpc_node_3]: [d3] solve: status=0 time=0.17ms cost=0.0 pos=(3.01,-0.01,-4.95) local=(-0.37,-0.36,-4.41) wbirth=(3.38,0.36,-0.53) ref=(3.00,0.00) leader=(0.00,0.00) fallbacks=0
[mpc_node-6] [INFO] [1783592047.870101471] [px4_4.mpc_node_4]: [d4] solve: status=0 time=0.21ms cost=0.0 pos=(-3.03,-0.01,-4.98) local=(-0.28,0.10,-2.96) wbirth=(-2.75,-0.12,-2.03) ref=(-3.00,0.00) leader=(0.00,0.00) fallbacks=0
[mpc_node-9] [INFO] [1783592047.886366579] [px4_7.mpc_node_7]: [d7] solve: status=0 time=0.24ms cost=0.0 pos=(2.98,-3.02,-5.07) local=(-0.37,-0.12,-4.70) wbirth=(3.35,-2.90,-0.37) ref=(3.00,-3.00) leader=(0.00,0.00) fallbacks=0
[mpc_node-3] [INFO] [1783592047.887204760] [px4_1.mpc_node_1]: [d1] solve: status=0 time=0.23ms cost=0.0 pos=(-0.02,3.04,-5.02) local=(-0.09,-0.03,-3.42) wbirth=(0.07,3.06,-1.60) ref=(0.00,3.00) leader=(0.00,0.00) fallbacks=0
[mpc_node-10] [INFO] [1783592047.906000293] [px4_8.mpc_node_8]: [d8] solve: status=0 time=0.16ms cost=0.0 pos=(-2.98,-3.02,-5.01) local=(-0.18,-0.29,-3.88) wbirth=(-2.80,-2.73,-1.13) ref=(-3.00,-3.00) leader=(0.00,0.00) fallbacks=0
[mpc_node-4] [INFO] [1783592047.909391252] [px4_2.mpc_node_2]: [d2] solve: status=0 time=0.20ms cost=0.0 pos=(0.01,-3.02,-4.96) local=(0.19,-0.00,-3.17) wbirth=(-0.18,-3.02,-1.79) ref=(0.00,-3.00) leader=(0.00,0.00) fallbacks=0
[mpc_node-8] [INFO] [1783592047.917556652] [px4_6.mpc_node_6]: [d6] solve: status=0 time=0.34ms cost=0.0 pos=(-2.96,3.02,-5.01) local=(-0.28,0.04,-4.13) wbirth=(-2.67,2.97,-0.88) ref=(-3.00,3.00) leader=(0.00,0.00) fallbacks=0
[mpc_node-2] [INFO] [1783592047.924534664] [px4_0.mpc_node_0]: [d0] solve: status=0 time=0.21ms cost=0.0 pos=(-0.03,0.04,-5.04) local=(0.26,-0.09,-5.04) wbirth=(-0.29,0.13,0.00) ref=(0.00,0.00) leader=(0.00,0.00) fallbacks=0
[mpc_node-7] [INFO] [1783592047.943272245] [px4_5.mpc_node_5]: [d5] solve: status=0 time=0.20ms cost=0.0 pos=(2.95,2.98,-5.03) local=(0.08,0.01,-3.49) wbirth=(2.87,2.97,-1.54) ref=(3.00,3.00) leader=(0.00,0.00) fallbacks=0
[mpc_node-5] [INFO] [1783592048.859759232] [px4_3.mpc_node_3]: [d3] solve: status=0 time=0.20ms cost=0.0 pos=(2.94,-0.01,-4.99) local=(-0.44,-0.36,-4.45) wbirth=(3.38,0.36,-0.53) ref=(3.00,0.00) leader=(0.00,0.00) fallbacks=0
[mpc_node-6] [INFO] [1783592048.870010980] [px4_4.mpc_node_4]: [d4] solve: status=0 time=0.24ms cost=0.0 pos=(-3.00,0.01,-4.96) local=(-0.25,0.12,-2.94) wbirth=(-2.75,-0.12,-2.03) ref=(-3.00,0.00) leader=(0.00,0.00) fallbacks=0
[mpc_node-9] [INFO] [1783592048.886364669] [px4_7.mpc_node_7]: [d7] solve: status=0 time=0.17ms cost=0.0 pos=(2.97,-3.01,-5.01) local=(-0.38,-0.11,-4.64) wbirth=(3.35,-2.90,-0.37) ref=(3.00,-3.00) leader=(0.00,0.00) fallbacks=0
[mpc_node-3] [INFO] [1783592048.887371211] [px4_1.mpc_node_1]: [d1] solve: status=0 time=0.20ms cost=0.0 pos=(-0.05,2.98,-5.03) local=(-0.12,-0.08,-3.43) wbirth=(0.07,3.06,-1.60) ref=(0.00,3.00) leader=(0.00,0.00) fallbacks=0
[mpc_node-10] [INFO] [1783592048.905571513] [px4_8.mpc_node_8]: [d8] solve: status=0 time=0.20ms cost=0.0 pos=(-3.01,-2.95,-4.96) local=(-0.21,-0.22,-3.84) wbirth=(-2.80,-2.73,-1.13) ref=(-3.00,-3.00) leader=(0.00,0.00) fallbacks=0
[mpc_node-4] [INFO] [1783592048.911054380] [px4_2.mpc_node_2]: [d2] solve: status=0 time=0.20ms cost=0.0 pos=(-0.04,-3.00,-5.02) local=(0.14,0.02,-3.23) wbirth=(-0.18,-3.02,-1.79) ref=(0.00,-3.00) leader=(0.00,0.00) fallbacks=0
[mpc_node-8] [INFO] [1783592048.916640529] [px4_6.mpc_node_6]: [d6] solve: status=0 time=0.17ms cost=0.0 pos=(-3.00,2.99,-5.02) local=(-0.32,0.02,-4.14) wbirth=(-2.67,2.97,-0.88) ref=(-3.00,3.00) leader=(0.00,0.00) fallbacks=0
[mpc_node-2] [INFO] [1783592048.923683438] [px4_0.mpc_node_0]: [d0] solve: status=0 time=0.20ms cost=0.0 pos=(-0.02,-0.01,-4.98) local=(0.27,-0.14,-4.98) wbirth=(-0.29,0.13,0.00) ref=(0.00,0.00) leader=(0.00,0.00) fallbacks=0
[mpc_node-7] [INFO] [1783592048.943127238] [px4_5.mpc_node_5]: [d5] solve: status=0 time=0.18ms cost=0.0 pos=(2.97,2.98,-5.00) local=(0.10,0.01,-3.46) wbirth=(2.87,2.97,-1.54) ref=(3.00,3.00) leader=(0.00,0.00) fallbacks=0
[mpc_node-5] [INFO] [1783592049.861920444] [px4_3.mpc_node_3]: [d3] solve: status=0 time=0.21ms cost=0.0 pos=(3.02,0.01,-4.94) local=(-0.36,-0.35,-4.41) wbirth=(3.38,0.36,-0.53) ref=(3.00,0.00) leader=(0.00,0.00) fallbacks=0
[mpc_node-6] [INFO] [1783592049.870124962] [px4_4.mpc_node_4]: [d4] solve: status=0 time=0.17ms cost=0.0 pos=(-2.97,-0.00,-5.08) local=(-0.22,0.12,-3.05) wbirth=(-2.75,-0.12,-2.03) ref=(-3.00,0.00) leader=(0.00,0.00) fallbacks=0
[mpc_node-9] [INFO] [1783592049.886848740] [px4_7.mpc_node_7]: [d7] solve: status=0 time=0.20ms cost=0.0 pos=(3.04,-2.97,-4.98) local=(-0.32,-0.07,-4.61) wbirth=(3.35,-2.90,-0.37) ref=(3.00,-3.00) leader=(0.00,0.00) fallbacks=0
[mpc_node-3] [INFO] [1783592049.887012612] [px4_1.mpc_node_1]: [d1] solve: status=0 time=0.20ms cost=0.0 pos=(-0.04,3.00,-4.99) local=(-0.11,-0.07,-3.39) wbirth=(0.07,3.06,-1.60) ref=(0.00,3.00) leader=(0.00,0.00) fallbacks=0
[mpc_node-10] [INFO] [1783592049.906209250] [px4_8.mpc_node_8]: [d8] solve: status=0 time=0.20ms cost=0.0 pos=(-3.02,-2.98,-4.96) local=(-0.22,-0.25,-3.83) wbirth=(-2.80,-2.73,-1.13) ref=(-3.00,-3.00) leader=(0.00,0.00) fallbacks=0
[mpc_node-4] [INFO] [1783592049.911222592] [px4_2.mpc_node_2]: [d2] solve: status=0 time=0.20ms cost=0.0 pos=(0.01,-2.95,-5.00) local=(0.19,0.07,-3.21) wbirth=(-0.18,-3.02,-1.79) ref=(0.00,-3.00) leader=(0.00,0.00) fallbacks=0
[mpc_node-8] [INFO] [1783592049.917829090] [px4_6.mpc_node_6]: [d6] solve: status=0 time=0.30ms cost=0.0 pos=(-3.02,2.96,-5.04) local=(-0.35,-0.01,-4.17) wbirth=(-2.67,2.97,-0.88) ref=(-3.00,3.00) leader=(0.00,0.00) fallbacks=0
[mpc_node-2] [INFO] [1783592049.923099607] [px4_0.mpc_node_0]: [d0] solve: status=0 time=0.20ms cost=0.0 pos=(0.03,-0.02,-5.04) local=(0.31,-0.15,-5.04) wbirth=(-0.29,0.13,0.00) ref=(0.00,0.00) leader=(0.00,0.00) fallbacks=0
[mpc_node-7] [INFO] [1783592049.943319570] [px4_5.mpc_node_5]: [d5] solve: status=0 time=0.16ms cost=0.0 pos=(3.02,2.98,-4.97) local=(0.15,0.01,-3.44) wbirth=(2.87,2.97,-1.54) ref=(3.00,3.00) leader=(0.00,0.00) fallbacks=0
[mpc_node-5] [INFO] [1783592050.862651259] [px4_3.mpc_node_3]: [d3] solve: status=0 time=0.26ms cost=0.0 pos=(2.95,-0.01,-5.01) local=(-0.43,-0.37,-4.47) wbirth=(3.38,0.36,-0.53) ref=(3.00,0.00) leader=(0.00,0.00) fallbacks=0
[mpc_node-6] [INFO] [1783592050.872070863] [px4_4.mpc_node_4]: [d4] solve: status=0 time=0.20ms cost=0.0 pos=(-3.01,-0.00,-5.06) local=(-0.26,0.11,-3.04) wbirth=(-2.75,-0.12,-2.03) ref=(-3.00,0.00) leader=(0.00,0.00) fallbacks=0
[mpc_node-3] [INFO] [1783592050.887246378] [px4_1.mpc_node_1]: [d1] solve: status=0 time=0.17ms cost=0.0 pos=(0.01,2.99,-4.99) local=(-0.06,-0.07,-3.40) wbirth=(0.07,3.06,-1.60) ref=(0.00,3.00) leader=(0.00,0.00) fallbacks=0
[mpc_node-9] [INFO] [1783592050.887372118] [px4_7.mpc_node_7]: [d7] solve: status=0 time=0.20ms cost=0.0 pos=(3.04,-2.95,-4.94) local=(-0.32,-0.05,-4.57) wbirth=(3.35,-2.90,-0.37) ref=(3.00,-3.00) leader=(0.00,0.00) fallbacks=0
[mpc_node-10] [INFO] [1783592050.905353880] [px4_8.mpc_node_8]: [d8] solve: status=0 time=0.16ms cost=0.0 pos=(-2.99,-3.01,-4.98) local=(-0.19,-0.28,-3.86) wbirth=(-2.80,-2.73,-1.13) ref=(-3.00,-3.00) leader=(0.00,0.00) fallbacks=0
[mpc_node-4] [INFO] [1783592050.910891863] [px4_2.mpc_node_2]: [d2] solve: status=0 time=0.26ms cost=0.0 pos=(0.01,-3.04,-4.98) local=(0.20,-0.02,-3.19) wbirth=(-0.18,-3.02,-1.79) ref=(0.00,-3.00) leader=(0.00,0.00) fallbacks=0
[mpc_node-8] [INFO] [1783592050.916987971] [px4_6.mpc_node_6]: [d6] solve: status=0 time=0.25ms cost=0.0 pos=(-2.99,2.97,-5.03) local=(-0.32,-0.00,-4.15) wbirth=(-2.67,2.97,-0.88) ref=(-3.00,3.00) leader=(0.00,0.00) fallbacks=0
[mpc_node-2] [INFO] [1783592050.922759260] [px4_0.mpc_node_0]: [d0] solve: status=0 time=0.18ms cost=0.0 pos=(-0.01,0.03,-5.01) local=(0.28,-0.10,-5.01) wbirth=(-0.29,0.13,0.00) ref=(0.00,0.00) leader=(0.00,0.00) fallbacks=0
[mpc_node-7] [INFO] [1783592050.943686146] [px4_5.mpc_node_5]: [d5] solve: status=0 time=0.21ms cost=0.0 pos=(3.04,3.01,-4.93) local=(0.17,0.04,-3.39) wbirth=(2.87,2.97,-1.54) ref=(3.00,3.00) leader=(0.00,0.00) fallbacks=0
[mpc_node-5] [INFO] [1783592051.862366258] [px4_3.mpc_node_3]: [d3] solve: status=0 time=0.21ms cost=0.0 pos=(3.00,-0.02,-5.00) local=(-0.39,-0.37,-4.46) wbirth=(3.38,0.36,-0.53) ref=(3.00,0.00) leader=(0.00,0.00) fallbacks=0
[mpc_node-6] [INFO] [1783592051.870597148] [px4_4.mpc_node_4]: [d4] solve: status=0 time=0.21ms cost=0.0 pos=(-2.96,-0.01,-5.02) local=(-0.21,0.11,-2.99) wbirth=(-2.75,-0.12,-2.03) ref=(-3.00,0.00) leader=(0.00,0.00) fallbacks=0
[mpc_node-3] [INFO] [1783592051.886940715] [px4_1.mpc_node_1]: [d1] solve: status=0 time=0.17ms cost=0.0 pos=(0.03,3.01,-5.00) local=(-0.04,-0.06,-3.40) wbirth=(0.07,3.06,-1.60) ref=(0.00,3.00) leader=(0.00,0.00) fallbacks=0
[mpc_node-9] [INFO] [1783592051.887945545] [px4_7.mpc_node_7]: [d7] solve: status=0 time=0.20ms cost=0.0 pos=(3.01,-3.02,-5.05) local=(-0.34,-0.12,-4.68) wbirth=(3.35,-2.90,-0.37) ref=(3.00,-3.00) leader=(0.00,0.00) fallbacks=0
[mpc_node-10] [INFO] [1783592051.906973902] [px4_8.mpc_node_8]: [d8] solve: status=0 time=0.20ms cost=0.0 pos=(-3.06,-3.03,-4.98) local=(-0.26,-0.30,-3.86) wbirth=(-2.80,-2.73,-1.13) ref=(-3.00,-3.00) leader=(0.00,0.00) fallbacks=0
[mpc_node-4] [INFO] [1783592051.910798090] [px4_2.mpc_node_2]: [d2] solve: status=0 time=0.21ms cost=0.0 pos=(-0.00,-3.03,-5.01) local=(0.18,-0.01,-3.22) wbirth=(-0.18,-3.02,-1.79) ref=(0.00,-3.00) leader=(0.00,0.00) fallbacks=0
[mpc_node-8] [INFO] [1783592051.916496964] [px4_6.mpc_node_6]: [d6] solve: status=0 time=0.21ms cost=0.0 pos=(-3.03,3.01,-4.98) local=(-0.36,0.03,-4.10) wbirth=(-2.67,2.97,-0.88) ref=(-3.00,3.00) leader=(0.00,0.00) fallbacks=0
[mpc_node-2] [INFO] [1783592051.923764185] [px4_0.mpc_node_0]: [d0] solve: status=0 time=0.21ms cost=0.0 pos=(0.00,0.00,-5.03) local=(0.29,-0.13,-5.03) wbirth=(-0.29,0.13,0.00) ref=(0.00,0.00) leader=(0.00,0.00) fallbacks=0
[mpc_node-7] [INFO] [1783592051.943101461] [px4_5.mpc_node_5]: [d5] solve: status=0 time=0.20ms cost=0.0 pos=(2.98,3.05,-4.97) local=(0.11,0.08,-3.43) wbirth=(2.87,2.97,-1.54) ref=(3.00,3.00) leader=(0.00,0.00) fallbacks=0
[mpc_node-5] [INFO] [1783592052.862952722] [px4_3.mpc_node_3]: [d3] solve: status=0 time=0.28ms cost=0.0 pos=(2.99,-0.02,-5.02) local=(-0.39,-0.38,-4.49) wbirth=(3.38,0.36,-0.53) ref=(3.00,0.00) leader=(0.00,0.00) fallbacks=0
[mpc_node-6] [INFO] [1783592052.869147528] [px4_4.mpc_node_4]: [d4] solve: status=0 time=0.20ms cost=0.0 pos=(-2.99,-0.01,-5.02) local=(-0.24,0.10,-3.00) wbirth=(-2.75,-0.12,-2.03) ref=(-3.00,0.00) leader=(0.00,0.00) fallbacks=0
[mpc_node-9] [INFO] [1783592052.887622567] [px4_7.mpc_node_7]: [d7] solve: status=0 time=0.20ms cost=0.0 pos=(2.99,-3.00,-5.05) local=(-0.36,-0.10,-4.68) wbirth=(3.35,-2.90,-0.37) ref=(3.00,-3.00) leader=(0.00,0.00) fallbacks=0
[mpc_node-3] [INFO] [1783592052.888715087] [px4_1.mpc_node_1]: [d1] solve: status=0 time=0.17ms cost=0.0 pos=(0.01,2.99,-5.00) local=(-0.06,-0.08,-3.40) wbirth=(0.07,3.06,-1.60) ref=(0.00,3.00) leader=(0.00,0.00) fallbacks=0
[mpc_node-10] [INFO] [1783592052.905536454] [px4_8.mpc_node_8]: [d8] solve: status=0 time=0.17ms cost=0.0 pos=(-3.05,-3.00,-5.07) local=(-0.25,-0.27,-3.94) wbirth=(-2.80,-2.73,-1.13) ref=(-3.00,-3.00) leader=(0.00,0.00) fallbacks=0
[mpc_node-4] [INFO] [1783592052.909662167] [px4_2.mpc_node_2]: [d2] solve: status=0 time=0.20ms cost=0.0 pos=(-0.00,-2.99,-4.98) local=(0.18,0.03,-3.19) wbirth=(-0.18,-3.02,-1.79) ref=(0.00,-3.00) leader=(0.00,0.00) fallbacks=0
[mpc_node-8] [INFO] [1783592052.916720466] [px4_6.mpc_node_6]: [d6] solve: status=0 time=0.17ms cost=0.0 pos=(-3.03,3.00,-5.01) local=(-0.36,0.03,-4.14) wbirth=(-2.67,2.97,-0.88) ref=(-3.00,3.00) leader=(0.00,0.00) fallbacks=0
[mpc_node-2] [INFO] [1783592052.921782266] [px4_0.mpc_node_0]: [d0] solve: status=0 time=0.18ms cost=0.0 pos=(0.02,0.00,-4.95) local=(0.31,-0.13,-4.95) wbirth=(-0.29,0.13,0.00) ref=(0.00,0.00) leader=(0.00,0.00) fallbacks=0
[mpc_node-7] [INFO] [1783592052.944689359] [px4_5.mpc_node_5]: [d5] solve: status=0 time=0.20ms cost=0.0 pos=(3.02,3.01,-5.04) local=(0.15,0.05,-3.51) wbirth=(2.87,2.97,-1.54) ref=(3.00,3.00) leader=(0.00,0.00) fallbacks=0
[mpc_node-5] [INFO] [1783592053.860280962] [px4_3.mpc_node_3]: [d3] solve: status=0 time=0.25ms cost=0.0 pos=(3.00,-0.01,-4.99) local=(-0.39,-0.37,-4.46) wbirth=(3.38,0.36,-0.53) ref=(3.00,0.00) leader=(0.00,0.00) fallbacks=0
[mpc_node-6] [INFO] [1783592053.869201380] [px4_4.mpc_node_4]: [d4] solve: status=0 time=0.20ms cost=0.0 pos=(-3.05,-0.01,-4.99) local=(-0.29,0.11,-2.96) wbirth=(-2.75,-0.12,-2.03) ref=(-3.00,0.00) leader=(0.00,0.00) fallbacks=0
[mpc_node-9] [INFO] [1783592053.885978409] [px4_7.mpc_node_7]: [d7] solve: status=0 time=0.20ms cost=0.0 pos=(2.95,-2.99,-4.98) local=(-0.40,-0.09,-4.61) wbirth=(3.35,-2.90,-0.37) ref=(3.00,-3.00) leader=(0.00,0.00) fallbacks=0
[mpc_node-3] [INFO] [1783592053.887899436] [px4_1.mpc_node_1]: [d1] solve: status=0 time=0.17ms cost=0.0 pos=(-0.03,2.98,-5.04) local=(-0.09,-0.08,-3.44) wbirth=(0.07,3.06,-1.60) ref=(0.00,3.00) leader=(0.00,0.00) fallbacks=0
[mpc_node-10] [INFO] [1783592053.905253501] [px4_8.mpc_node_8]: [d8] solve: status=0 time=0.20ms cost=0.0 pos=(-2.99,-3.02,-5.09) local=(-0.19,-0.29,-3.96) wbirth=(-2.80,-2.73,-1.13) ref=(-3.00,-3.00) leader=(0.00,0.00) fallbacks=0
[mpc_node-4] [INFO] [1783592053.909143800] [px4_2.mpc_node_2]: [d2] solve: status=0 time=0.17ms cost=0.0 pos=(-0.02,-2.99,-4.99) local=(0.17,0.03,-3.20) wbirth=(-0.18,-3.02,-1.79) ref=(0.00,-3.00) leader=(0.00,0.00) fallbacks=0
[mpc_node-8] [INFO] [1783592053.916902180] [px4_6.mpc_node_6]: [d6] solve: status=0 time=0.18ms cost=0.0 pos=(-3.00,3.01,-5.02) local=(-0.33,0.03,-4.14) wbirth=(-2.67,2.97,-0.88) ref=(-3.00,3.00) leader=(0.00,0.00) fallbacks=0
[mpc_node-2] [INFO] [1783592053.921371456] [px4_0.mpc_node_0]: [d0] solve: status=0 time=0.17ms cost=0.0 pos=(0.01,-0.02,-5.01) local=(0.30,-0.15,-5.01) wbirth=(-0.29,0.13,0.00) ref=(0.00,0.00) leader=(0.00,0.00) fallbacks=0
[mpc_node-7] [INFO] [1783592053.946073426] [px4_5.mpc_node_5]: [d5] solve: status=0 time=0.21ms cost=0.0 pos=(3.04,2.98,-5.02) local=(0.17,0.02,-3.49) wbirth=(2.87,2.97,-1.54) ref=(3.00,3.00) leader=(0.00,0.00) fallbacks=0
[mpc_node-5] [INFO] [1783592054.861147996] [px4_3.mpc_node_3]: [d3] solve: status=0 time=0.29ms cost=0.0 pos=(3.02,0.03,-4.98) local=(-0.36,-0.32,-4.45) wbirth=(3.38,0.36,-0.53) ref=(3.00,0.00) leader=(0.00,0.00) fallbacks=0
[mpc_node-6] [INFO] [1783592054.869469727] [px4_4.mpc_node_4]: [d4] solve: status=0 time=0.20ms cost=0.0 pos=(-3.01,0.01,-4.94) local=(-0.26,0.13,-2.91) wbirth=(-2.75,-0.12,-2.03) ref=(-3.00,0.00) leader=(0.00,0.00) fallbacks=0
[mpc_node-9] [INFO] [1783592054.886073910] [px4_7.mpc_node_7]: [d7] solve: status=0 time=0.20ms cost=0.0 pos=(3.02,-2.98,-4.97) local=(-0.33,-0.08,-4.60) wbirth=(3.35,-2.90,-0.37) ref=(3.00,-3.00) leader=(0.00,0.00) fallbacks=0
[mpc_node-3] [INFO] [1783592054.886788364] [px4_1.mpc_node_1]: [d1] solve: status=0 time=0.17ms cost=0.0 pos=(0.01,3.00,-4.97) local=(-0.05,-0.06,-3.37) wbirth=(0.07,3.06,-1.60) ref=(0.00,3.00) leader=(0.00,0.00) fallbacks=0
[mpc_node-10] [INFO] [1783592054.905317993] [px4_8.mpc_node_8]: [d8] solve: status=0 time=0.28ms cost=0.0 pos=(-2.99,-3.05,-4.98) local=(-0.19,-0.31,-3.85) wbirth=(-2.80,-2.73,-1.13) ref=(-3.00,-3.00) leader=(0.00,0.00) fallbacks=0
[mpc_node-4] [INFO] [1783592054.909688134] [px4_2.mpc_node_2]: [d2] solve: status=0 time=0.24ms cost=0.0 pos=(0.01,-2.99,-5.03) local=(0.19,0.03,-3.24) wbirth=(-0.18,-3.02,-1.79) ref=(0.00,-3.00) leader=(0.00,0.00) fallbacks=0
[mpc_node-8] [INFO] [1783592054.916765664] [px4_6.mpc_node_6]: [d6] solve: status=0 time=0.18ms cost=0.0 pos=(-3.02,2.99,-5.00) local=(-0.35,0.01,-4.12) wbirth=(-2.67,2.97,-0.88) ref=(-3.00,3.00) leader=(0.00,0.00) fallbacks=0
[mpc_node-2] [INFO] [1783592054.922727033] [px4_0.mpc_node_0]: [d0] solve: status=0 time=0.20ms cost=0.0 pos=(0.00,-0.02,-5.05) local=(0.29,-0.15,-5.05) wbirth=(-0.29,0.13,0.00) ref=(0.00,0.00) leader=(0.00,0.00) fallbacks=0
[mpc_node-7] [INFO] [1783592054.945102905] [px4_5.mpc_node_5]: [d5] solve: status=0 time=0.20ms cost=0.0 pos=(3.03,3.02,-4.99) local=(0.16,0.05,-3.45) wbirth=(2.87,2.97,-1.54) ref=(3.00,3.00) leader=(0.00,0.00) fallbacks=0
[mpc_node-5] [INFO] [1783592055.860709091] [px4_3.mpc_node_3]: [d3] solve: status=0 time=0.21ms cost=0.0 pos=(2.96,0.01,-5.03) local=(-0.42,-0.35,-4.49) wbirth=(3.38,0.36,-0.53) ref=(3.00,0.00) leader=(0.00,0.00) fallbacks=0
[mpc_node-6] [INFO] [1783592055.870655277] [px4_4.mpc_node_4]: [d4] solve: status=0 time=0.17ms cost=0.0 pos=(-2.99,0.07,-4.98) local=(-0.24,0.18,-2.95) wbirth=(-2.75,-0.12,-2.03) ref=(-3.00,0.00) leader=(0.00,0.00) fallbacks=0
[mpc_node-9] [INFO] [1783592055.886284905] [px4_7.mpc_node_7]: [d7] solve: status=0 time=0.25ms cost=0.0 pos=(2.96,-3.02,-4.99) local=(-0.39,-0.11,-4.62) wbirth=(3.35,-2.90,-0.37) ref=(3.00,-3.00) leader=(0.00,0.00) fallbacks=0
[mpc_node-3] [INFO] [1783592055.889199622] [px4_1.mpc_node_1]: [d1] solve: status=0 time=0.21ms cost=0.0 pos=(0.06,3.03,-4.99) local=(-0.01,-0.04,-3.39) wbirth=(0.07,3.06,-1.60) ref=(0.00,3.00) leader=(0.00,0.00) fallbacks=0
[mpc_node-10] [INFO] [1783592055.905170373] [px4_8.mpc_node_8]: [d8] solve: status=0 time=0.17ms cost=0.0 pos=(-3.00,-2.96,-4.95) local=(-0.20,-0.23,-3.82) wbirth=(-2.80,-2.73,-1.13) ref=(-3.00,-3.00) leader=(0.00,0.00) fallbacks=0
[mpc_node-4] [INFO] [1783592055.909585445] [px4_2.mpc_node_2]: [d2] solve: status=0 time=0.22ms cost=0.0 pos=(-0.03,-3.00,-5.00) local=(0.15,0.02,-3.21) wbirth=(-0.18,-3.02,-1.79) ref=(0.00,-3.00) leader=(0.00,0.00) fallbacks=0
[mpc_node-8] [INFO] [1783592055.917754937] [px4_6.mpc_node_6]: [d6] solve: status=0 time=0.19ms cost=0.0 pos=(-2.99,2.98,-4.99) local=(-0.31,0.00,-4.11) wbirth=(-2.67,2.97,-0.88) ref=(-3.00,3.00) leader=(0.00,0.00) fallbacks=0
[mpc_node-2] [INFO] [1783592055.922199332] [px4_0.mpc_node_0]: [d0] solve: status=0 time=0.19ms cost=0.0 pos=(-0.04,-0.03,-5.05) local=(0.25,-0.16,-5.05) wbirth=(-0.29,0.13,0.00) ref=(0.00,0.00) leader=(0.00,0.00) fallbacks=0
[mpc_node-7] [INFO] [1783592055.943258127] [px4_5.mpc_node_5]: [d5] solve: status=0 time=0.17ms cost=0.0 pos=(3.01,3.01,-4.99) local=(0.14,0.05,-3.45) wbirth=(2.87,2.97,-1.54) ref=(3.00,3.00) leader=(0.00,0.00) fallbacks=0
[mpc_node-5] [INFO] [1783592056.860673820] [px4_3.mpc_node_3]: [d3] solve: status=0 time=0.20ms cost=0.0 pos=(2.98,-0.03,-5.00) local=(-0.41,-0.38,-4.47) wbirth=(3.38,0.36,-0.53) ref=(3.00,0.00) leader=(0.00,0.00) fallbacks=0
[mpc_node-6] [INFO] [1783592056.870581716] [px4_4.mpc_node_4]: [d4] solve: status=0 time=0.24ms cost=0.0 pos=(-3.01,0.00,-4.99) local=(-0.26,0.12,-2.96) wbirth=(-2.75,-0.12,-2.03) ref=(-3.00,0.00) leader=(0.00,0.00) fallbacks=0
[mpc_node-9] [INFO] [1783592056.885937251] [px4_7.mpc_node_7]: [d7] solve: status=0 time=0.18ms cost=0.0 pos=(3.00,-3.03,-5.04) local=(-0.35,-0.13,-4.67) wbirth=(3.35,-2.90,-0.37) ref=(3.00,-3.00) leader=(0.00,0.00) fallbacks=0
[mpc_node-3] [INFO] [1783592056.886732093] [px4_1.mpc_node_1]: [d1] solve: status=0 time=0.17ms cost=0.0 pos=(-0.01,3.03,-4.95) local=(-0.08,-0.03,-3.35) wbirth=(0.07,3.06,-1.60) ref=(0.00,3.00) leader=(0.00,0.00) fallbacks=0
[mpc_node-10] [INFO] [1783592056.906413691] [px4_8.mpc_node_8]: [d8] solve: status=0 time=0.24ms cost=0.0 pos=(-2.99,-3.00,-4.97) local=(-0.20,-0.27,-3.84) wbirth=(-2.80,-2.73,-1.13) ref=(-3.00,-3.00) leader=(0.00,0.00) fallbacks=0
[mpc_node-4] [INFO] [1783592056.909961117] [px4_2.mpc_node_2]: [d2] solve: status=0 time=0.20ms cost=0.0 pos=(-0.02,-2.99,-4.95) local=(0.17,0.03,-3.16) wbirth=(-0.18,-3.02,-1.79) ref=(0.00,-3.00) leader=(0.00,0.00) fallbacks=0
[mpc_node-8] [INFO] [1783592056.918112717] [px4_6.mpc_node_6]: [d6] solve: status=0 time=0.22ms cost=0.0 pos=(-3.01,2.98,-4.99) local=(-0.33,0.00,-4.11) wbirth=(-2.67,2.97,-0.88) ref=(-3.00,3.00) leader=(0.00,0.00) fallbacks=0
[mpc_node-2] [INFO] [1783592056.922867284] [px4_0.mpc_node_0]: [d0] solve: status=0 time=0.25ms cost=0.0 pos=(0.02,0.04,-5.08) local=(0.31,-0.09,-5.08) wbirth=(-0.29,0.13,0.00) ref=(0.00,0.00) leader=(0.00,0.00) fallbacks=0
[mpc_node-7] [INFO] [1783592056.943234432] [px4_5.mpc_node_5]: [d5] solve: status=0 time=0.20ms cost=0.0 pos=(3.03,3.03,-4.98) local=(0.16,0.06,-3.44) wbirth=(2.87,2.97,-1.54) ref=(3.00,3.00) leader=(0.00,0.00) fallbacks=0
[mpc_node-5] [INFO] [1783592057.862835711] [px4_3.mpc_node_3]: [d3] solve: status=0 time=0.24ms cost=0.0 pos=(3.07,-0.02,-5.01) local=(-0.31,-0.38,-4.48) wbirth=(3.38,0.36,-0.53) ref=(3.00,0.00) leader=(0.00,0.00) fallbacks=0
[mpc_node-6] [INFO] [1783592057.870399507] [px4_4.mpc_node_4]: [d4] solve: status=0 time=0.21ms cost=0.0 pos=(-3.02,-0.03,-4.94) local=(-0.26,0.09,-2.91) wbirth=(-2.75,-0.12,-2.03) ref=(-3.00,0.00) leader=(0.00,0.00) fallbacks=0
[mpc_node-9] [INFO] [1783592057.886422229] [px4_7.mpc_node_7]: [d7] solve: status=0 time=0.17ms cost=0.0 pos=(3.02,-3.02,-4.93) local=(-0.33,-0.12,-4.56) wbirth=(3.35,-2.90,-0.37) ref=(3.00,-3.00) leader=(0.00,0.00) fallbacks=0
[mpc_node-3] [INFO] [1783592057.886802746] [px4_1.mpc_node_1]: [d1] solve: status=0 time=0.20ms cost=0.0 pos=(0.01,3.00,-4.97) local=(-0.06,-0.06,-3.37) wbirth=(0.07,3.06,-1.60) ref=(0.00,3.00) leader=(0.00,0.00) fallbacks=0
[mpc_node-10] [INFO] [1783592057.905842998] [px4_8.mpc_node_8]: [d8] solve: status=0 time=0.21ms cost=0.0 pos=(-3.03,-3.00,-5.00) local=(-0.23,-0.27,-3.87) wbirth=(-2.80,-2.73,-1.13) ref=(-3.00,-3.00) leader=(0.00,0.00) fallbacks=0
[mpc_node-4] [INFO] [1783592057.910124397] [px4_2.mpc_node_2]: [d2] solve: status=0 time=0.20ms cost=0.0 pos=(0.02,-2.99,-5.04) local=(0.20,0.03,-3.25) wbirth=(-0.18,-3.02,-1.79) ref=(0.00,-3.00) leader=(0.00,0.00) fallbacks=0
[mpc_node-8] [INFO] [1783592057.918829018] [px4_6.mpc_node_6]: [d6] solve: status=0 time=0.18ms cost=0.0 pos=(-2.96,2.98,-5.00) local=(-0.29,0.01,-4.13) wbirth=(-2.67,2.97,-0.88) ref=(-3.00,3.00) leader=(0.00,0.00) fallbacks=0
[mpc_node-2] [INFO] [1783592057.923602762] [px4_0.mpc_node_0]: [d0] solve: status=0 time=0.24ms cost=0.0 pos=(-0.03,0.05,-4.99) local=(0.26,-0.08,-4.99) wbirth=(-0.29,0.13,0.00) ref=(0.00,0.00) leader=(0.00,0.00) fallbacks=0
[mpc_node-7] [INFO] [1783592057.943369608] [px4_5.mpc_node_5]: [d5] solve: status=0 time=0.17ms cost=0.0 pos=(2.99,2.99,-5.01) local=(0.12,0.03,-3.47) wbirth=(2.87,2.97,-1.54) ref=(3.00,3.00) leader=(0.00,0.00) fallbacks=0
[mpc_node-5] [INFO] [1783592058.859807820] [px4_3.mpc_node_3]: [d3] solve: status=0 time=0.20ms cost=0.0 pos=(3.00,-0.00,-5.02) local=(-0.38,-0.36,-4.49) wbirth=(3.38,0.36,-0.53) ref=(3.00,0.00) leader=(0.00,0.00) fallbacks=0
[mpc_node-6] [INFO] [1783592058.870053565] [px4_4.mpc_node_4]: [d4] solve: status=0 time=0.17ms cost=0.0 pos=(-3.03,-0.01,-4.97) local=(-0.27,0.11,-2.94) wbirth=(-2.75,-0.12,-2.03) ref=(-3.00,0.00) leader=(0.00,0.00) fallbacks=0
[mpc_node-9] [INFO] [1783592058.885899081] [px4_7.mpc_node_7]: [d7] solve: status=0 time=0.17ms cost=0.0 pos=(2.99,-2.97,-4.97) local=(-0.36,-0.07,-4.60) wbirth=(3.35,-2.90,-0.37) ref=(3.00,-3.00) leader=(0.00,0.00) fallbacks=0
[mpc_node-3] [INFO] [1783592058.887362635] [px4_1.mpc_node_1]: [d1] solve: status=0 time=0.20ms cost=0.0 pos=(0.05,3.05,-5.03) local=(-0.02,-0.01,-3.44) wbirth=(0.07,3.06,-1.60) ref=(0.00,3.00) leader=(0.00,0.00) fallbacks=0
[mpc_node-10] [INFO] [1783592058.906090953] [px4_8.mpc_node_8]: [d8] solve: status=0 time=0.20ms cost=0.0 pos=(-2.98,-3.01,-5.02) local=(-0.18,-0.28,-3.89) wbirth=(-2.80,-2.73,-1.13) ref=(-3.00,-3.00) leader=(0.00,0.00) fallbacks=0
[mpc_node-4] [INFO] [1783592058.910266315] [px4_2.mpc_node_2]: [d2] solve: status=0 time=0.20ms cost=0.0 pos=(0.06,-3.01,-5.03) local=(0.24,0.01,-3.24) wbirth=(-0.18,-3.02,-1.79) ref=(0.00,-3.00) leader=(0.00,0.00) fallbacks=0
[mpc_node-8] [INFO] [1783592058.917334348] [px4_6.mpc_node_6]: [d6] solve: status=0 time=0.28ms cost=0.0 pos=(-2.98,3.02,-4.99) local=(-0.31,0.04,-4.11) wbirth=(-2.67,2.97,-0.88) ref=(-3.00,3.00) leader=(0.00,0.00) fallbacks=0
[mpc_node-2] [INFO] [1783592058.922898942] [px4_0.mpc_node_0]: [d0] solve: status=0 time=0.21ms cost=0.0 pos=(0.01,0.01,-4.99) local=(0.30,-0.12,-4.99) wbirth=(-0.29,0.13,0.00) ref=(0.00,0.00) leader=(0.00,0.00) fallbacks=0
[mpc_node-7] [INFO] [1783592058.943482003] [px4_5.mpc_node_5]: [d5] solve: status=0 time=0.25ms cost=0.0 pos=(3.00,2.98,-5.03) local=(0.13,0.01,-3.49) wbirth=(2.87,2.97,-1.54) ref=(3.00,3.00) leader=(0.00,0.00) fallbacks=0
[mpc_node-5] [INFO] [1783592059.861289140] [px4_3.mpc_node_3]: [d3] solve: status=0 time=0.17ms cost=0.0 pos=(2.99,0.01,-4.99) local=(-0.39,-0.34,-4.45) wbirth=(3.38,0.36,-0.53) ref=(3.00,0.00) leader=(0.00,0.00) fallbacks=0
[mpc_node-6] [INFO] [1783592059.872272708] [px4_4.mpc_node_4]: [d4] solve: status=0 time=0.17ms cost=0.0 pos=(-3.00,-0.03,-4.97) local=(-0.25,0.08,-2.95) wbirth=(-2.75,-0.12,-2.03) ref=(-3.00,0.00) leader=(0.00,0.00) fallbacks=0
[mpc_node-9] [INFO] [1783592059.886438646] [px4_7.mpc_node_7]: [d7] solve: status=0 time=0.18ms cost=0.0 pos=(3.01,-3.00,-4.99) local=(-0.35,-0.10,-4.62) wbirth=(3.35,-2.90,-0.37) ref=(3.00,-3.00) leader=(0.00,0.00) fallbacks=0
[mpc_node-3] [INFO] [1783592059.886833529] [px4_1.mpc_node_1]: [d1] solve: status=0 time=0.20ms cost=0.0 pos=(-0.03,3.01,-5.02) local=(-0.10,-0.05,-3.42) wbirth=(0.07,3.06,-1.60) ref=(0.00,3.00) leader=(0.00,0.00) fallbacks=0
[mpc_node-10] [INFO] [1783592059.906186048] [px4_8.mpc_node_8]: [d8] solve: status=0 time=0.24ms cost=0.0 pos=(-3.00,-2.97,-5.01) local=(-0.20,-0.24,-3.88) wbirth=(-2.80,-2.73,-1.13) ref=(-3.00,-3.00) leader=(0.00,0.00) fallbacks=0
[mpc_node-4] [INFO] [1783592059.909987973] [px4_2.mpc_node_2]: [d2] solve: status=0 time=0.21ms cost=0.0 pos=(-0.01,-3.01,-4.98) local=(0.18,0.01,-3.19) wbirth=(-0.18,-3.02,-1.79) ref=(0.00,-3.00) leader=(0.00,0.00) fallbacks=0
[mpc_node-8] [INFO] [1783592059.916519562] [px4_6.mpc_node_6]: [d6] solve: status=0 time=0.20ms cost=0.0 pos=(-3.01,3.04,-4.95) local=(-0.34,0.07,-4.07) wbirth=(-2.67,2.97,-0.88) ref=(-3.00,3.00) leader=(0.00,0.00) fallbacks=0
[mpc_node-2] [INFO] [1783592059.922666963] [px4_0.mpc_node_0]: [d0] solve: status=0 time=0.17ms cost=0.0 pos=(0.04,0.03,-4.98) local=(0.33,-0.10,-4.98) wbirth=(-0.29,0.13,0.00) ref=(0.00,0.00) leader=(0.00,0.00) fallbacks=0
[mpc_node-7] [INFO] [1783592059.943189326] [px4_5.mpc_node_5]: [d5] solve: status=0 time=0.19ms cost=0.0 pos=(2.96,3.02,-5.03) local=(0.09,0.06,-3.49) wbirth=(2.87,2.97,-1.54) ref=(3.00,3.00) leader=(0.00,0.00) fallbacks=0
[mpc_node-5] [INFO] [1783592060.861311464] [px4_3.mpc_node_3]: [d3] solve: status=0 time=0.24ms cost=0.0 pos=(2.99,-0.00,-5.04) local=(-0.40,-0.36,-4.51) wbirth=(3.38,0.36,-0.53) ref=(3.00,0.00) leader=(0.00,0.00) fallbacks=0
[mpc_node-6] [INFO] [1783592060.870764831] [px4_4.mpc_node_4]: [d4] solve: status=0 time=0.24ms cost=0.0 pos=(-2.95,0.02,-5.02) local=(-0.19,0.13,-2.99) wbirth=(-2.75,-0.12,-2.03) ref=(-3.00,0.00) leader=(0.00,0.00) fallbacks=0
[mpc_node-9] [INFO] [1783592060.886669152] [px4_7.mpc_node_7]: [d7] solve: status=0 time=0.20ms cost=0.0 pos=(2.96,-3.02,-4.96) local=(-0.39,-0.12,-4.59) wbirth=(3.35,-2.90,-0.37) ref=(3.00,-3.00) leader=(0.00,0.00) fallbacks=0
[mpc_node-3] [INFO] [1783592060.886998983] [px4_1.mpc_node_1]: [d1] solve: status=0 time=0.17ms cost=0.0 pos=(-0.03,2.97,-5.06) local=(-0.09,-0.09,-3.46) wbirth=(0.07,3.06,-1.60) ref=(0.00,3.00) leader=(0.00,0.00) fallbacks=0
[mpc_node-10] [INFO] [1783592060.905185205] [px4_8.mpc_node_8]: [d8] solve: status=0 time=0.18ms cost=0.0 pos=(-2.99,-2.98,-5.01) local=(-0.20,-0.25,-3.89) wbirth=(-2.80,-2.73,-1.13) ref=(-3.00,-3.00) leader=(0.00,0.00) fallbacks=0
[mpc_node-4] [INFO] [1783592060.911598911] [px4_2.mpc_node_2]: [d2] solve: status=0 time=0.24ms cost=0.0 pos=(0.04,-3.00,-5.02) local=(0.22,0.02,-3.23) wbirth=(-0.18,-3.02,-1.79) ref=(0.00,-3.00) leader=(0.00,0.00) fallbacks=0
[mpc_node-8] [INFO] [1783592060.916596923] [px4_6.mpc_node_6]: [d6] solve: status=0 time=0.21ms cost=0.0 pos=(-3.01,3.04,-5.01) local=(-0.34,0.06,-4.13) wbirth=(-2.67,2.97,-0.88) ref=(-3.00,3.00) leader=(0.00,0.00) fallbacks=0
[mpc_node-2] [INFO] [1783592060.924128142] [px4_0.mpc_node_0]: [d0] solve: status=0 time=0.20ms cost=0.0 pos=(0.03,-0.00,-4.97) local=(0.32,-0.13,-4.97) wbirth=(-0.29,0.13,0.00) ref=(0.00,0.00) leader=(0.00,0.00) fallbacks=0
[mpc_node-7] [INFO] [1783592060.943226816] [px4_5.mpc_node_5]: [d5] solve: status=0 time=0.20ms cost=0.0 pos=(2.93,3.01,-5.06) local=(0.06,0.04,-3.53) wbirth=(2.87,2.97,-1.54) ref=(3.00,3.00) leader=(0.00,0.00) fallbacks=0
[mpc_node-5] [INFO] [1783592061.863932892] [px4_3.mpc_node_3]: [d3] solve: status=0 time=0.21ms cost=0.0 pos=(2.95,-0.01,-5.03) local=(-0.43,-0.37,-4.49) wbirth=(3.38,0.36,-0.53) ref=(3.00,0.00) leader=(0.00,0.00) fallbacks=0
[mpc_node-6] [INFO] [1783592061.870694301] [px4_4.mpc_node_4]: [d4] solve: status=0 time=0.21ms cost=0.0 pos=(-3.00,-0.01,-5.03) local=(-0.25,0.11,-3.00) wbirth=(-2.75,-0.12,-2.03) ref=(-3.00,0.00) leader=(0.00,0.00) fallbacks=0
[mpc_node-9] [INFO] [1783592061.886778517] [px4_7.mpc_node_7]: [d7] solve: status=0 time=0.17ms cost=0.0 pos=(3.03,-3.00,-5.00) local=(-0.32,-0.09,-4.63) wbirth=(3.35,-2.90,-0.37) ref=(3.00,-3.00) leader=(0.00,0.00) fallbacks=0
[mpc_node-3] [INFO] [1783592061.888443889] [px4_1.mpc_node_1]: [d1] solve: status=0 time=0.24ms cost=0.0 pos=(-0.01,3.00,-5.01) local=(-0.08,-0.07,-3.41) wbirth=(0.07,3.06,-1.60) ref=(0.00,3.00) leader=(0.00,0.00) fallbacks=0
[mpc_node-10] [INFO] [1783592061.905409500] [px4_8.mpc_node_8]: [d8] solve: status=0 time=0.20ms cost=0.0 pos=(-3.03,-2.99,-5.00) local=(-0.23,-0.26,-3.87) wbirth=(-2.80,-2.73,-1.13) ref=(-3.00,-3.00) leader=(0.00,0.00) fallbacks=0
[mpc_node-4] [INFO] [1783592061.909193060] [px4_2.mpc_node_2]: [d2] solve: status=0 time=0.20ms cost=0.0 pos=(-0.02,-3.00,-4.98) local=(0.16,0.02,-3.19) wbirth=(-0.18,-3.02,-1.79) ref=(0.00,-3.00) leader=(0.00,0.00) fallbacks=0
[mpc_node-8] [INFO] [1783592061.916544845] [px4_6.mpc_node_6]: [d6] solve: status=0 time=0.21ms cost=0.0 pos=(-3.01,2.96,-4.99) local=(-0.33,-0.01,-4.11) wbirth=(-2.67,2.97,-0.88) ref=(-3.00,3.00) leader=(0.00,0.00) fallbacks=0
[mpc_node-2] [INFO] [1783592061.922894339] [px4_0.mpc_node_0]: [d0] solve: status=0 time=0.17ms cost=0.0 pos=(-0.05,0.03,-5.01) local=(0.24,-0.10,-5.01) wbirth=(-0.29,0.13,0.00) ref=(0.00,0.00) leader=(0.00,0.00) fallbacks=0
[mpc_node-7] [INFO] [1783592061.943907088] [px4_5.mpc_node_5]: [d5] solve: status=0 time=0.21ms cost=0.0 pos=(3.00,3.02,-5.01) local=(0.13,0.06,-3.48) wbirth=(2.87,2.97,-1.54) ref=(3.00,3.00) leader=(0.00,0.00) fallbacks=0
[mpc_node-5] [INFO] [1783592062.864672097] [px4_3.mpc_node_3]: [d3] solve: status=0 time=0.18ms cost=0.0 pos=(2.98,0.01,-4.98) local=(-0.41,-0.35,-4.44) wbirth=(3.38,0.36,-0.53) ref=(3.00,0.00) leader=(0.00,0.00) fallbacks=0
[mpc_node-6] [INFO] [1783592062.869919095] [px4_4.mpc_node_4]: [d4] solve: status=0 time=0.20ms cost=0.0 pos=(-3.04,0.01,-5.04) local=(-0.29,0.13,-3.01) wbirth=(-2.75,-0.12,-2.03) ref=(-3.00,0.00) leader=(0.00,0.00) fallbacks=0
[mpc_node-9] [INFO] [1783592062.885941908] [px4_7.mpc_node_7]: [d7] solve: status=0 time=0.20ms cost=0.0 pos=(3.02,-2.99,-5.08) local=(-0.33,-0.09,-4.71) wbirth=(3.35,-2.90,-0.37) ref=(3.00,-3.00) leader=(0.00,0.00) fallbacks=0
[mpc_node-3] [INFO] [1783592062.886790661] [px4_1.mpc_node_1]: [d1] solve: status=0 time=0.20ms cost=0.0 pos=(-0.00,3.00,-5.02) local=(-0.07,-0.07,-3.42) wbirth=(0.07,3.06,-1.60) ref=(0.00,3.00) leader=(0.00,0.00) fallbacks=0
[mpc_node-10] [INFO] [1783592062.905339577] [px4_8.mpc_node_8]: [d8] solve: status=0 time=0.20ms cost=0.0 pos=(-3.00,-3.05,-4.97) local=(-0.20,-0.32,-3.84) wbirth=(-2.80,-2.73,-1.13) ref=(-3.00,-3.00) leader=(0.00,0.00) fallbacks=0
[mpc_node-4] [INFO] [1783592062.909468830] [px4_2.mpc_node_2]: [d2] solve: status=0 time=0.21ms cost=0.0 pos=(-0.05,-3.03,-5.01) local=(0.14,-0.01,-3.22) wbirth=(-0.18,-3.02,-1.79) ref=(0.00,-3.00) leader=(0.00,0.00) fallbacks=0
[mpc_node-8] [INFO] [1783592062.917778967] [px4_6.mpc_node_6]: [d6] solve: status=0 time=0.21ms cost=0.0 pos=(-2.99,2.99,-4.97) local=(-0.31,0.02,-4.09) wbirth=(-2.67,2.97,-0.88) ref=(-3.00,3.00) leader=(0.00,0.00) fallbacks=0
[mpc_node-2] [INFO] [1783592062.924787901] [px4_0.mpc_node_0]: [d0] solve: status=0 time=0.17ms cost=0.0 pos=(0.03,-0.01,-4.97) local=(0.31,-0.14,-4.97) wbirth=(-0.29,0.13,0.00) ref=(0.00,0.00) leader=(0.00,0.00) fallbacks=0
[mpc_node-7] [INFO] [1783592062.942852922] [px4_5.mpc_node_5]: [d5] solve: status=0 time=0.17ms cost=0.0 pos=(2.96,3.04,-4.93) local=(0.09,0.07,-3.40) wbirth=(2.87,2.97,-1.54) ref=(3.00,3.00) leader=(0.00,0.00) fallbacks=0
[mpc_node-5] [INFO] [1783592063.862513653] [px4_3.mpc_node_3]: [d3] solve: status=0 time=0.17ms cost=0.0 pos=(2.97,0.00,-5.06) local=(-0.41,-0.35,-4.53) wbirth=(3.38,0.36,-0.53) ref=(3.00,0.00) leader=(0.00,0.00) fallbacks=0
[mpc_node-6] [INFO] [1783592063.869693007] [px4_4.mpc_node_4]: [d4] solve: status=0 time=0.20ms cost=0.0 pos=(-3.04,-0.01,-5.06) local=(-0.29,0.11,-3.03) wbirth=(-2.75,-0.12,-2.03) ref=(-3.00,0.00) leader=(0.00,0.00) fallbacks=0
[mpc_node-9] [INFO] [1783592063.886481772] [px4_7.mpc_node_7]: [d7] solve: status=0 time=0.24ms cost=0.0 pos=(2.98,-2.99,-4.94) local=(-0.37,-0.09,-4.57) wbirth=(3.35,-2.90,-0.37) ref=(3.00,-3.00) leader=(0.00,0.00) fallbacks=0
[mpc_node-3] [INFO] [1783592063.887142498] [px4_1.mpc_node_1]: [d1] solve: status=0 time=0.21ms cost=0.0 pos=(-0.07,3.00,-4.99) local=(-0.13,-0.07,-3.39) wbirth=(0.07,3.06,-1.60) ref=(0.00,3.00) leader=(0.00,0.00) fallbacks=0
[mpc_node-10] [INFO] [1783592063.905498185] [px4_8.mpc_node_8]: [d8] solve: status=0 time=0.18ms cost=0.0 pos=(-3.02,-3.06,-4.98) local=(-0.22,-0.33,-3.85) wbirth=(-2.80,-2.73,-1.13) ref=(-3.00,-3.00) leader=(0.00,0.00) fallbacks=0
[mpc_node-4] [INFO] [1783592063.910773233] [px4_2.mpc_node_2]: [d2] solve: status=0 time=0.26ms cost=0.0 pos=(-0.02,-2.99,-4.99) local=(0.17,0.03,-3.20) wbirth=(-0.18,-3.02,-1.79) ref=(0.00,-3.00) leader=(0.00,0.00) fallbacks=0
[mpc_node-8] [INFO] [1783592063.917449688] [px4_6.mpc_node_6]: [d6] solve: status=0 time=0.28ms cost=0.0 pos=(-3.00,3.02,-4.93) local=(-0.32,0.05,-4.05) wbirth=(-2.67,2.97,-0.88) ref=(-3.00,3.00) leader=(0.00,0.00) fallbacks=0
[mpc_node-2] [INFO] [1783592063.922882192] [px4_0.mpc_node_0]: [d0] solve: status=0 time=0.21ms cost=0.0 pos=(-0.02,-0.01,-4.96) local=(0.27,-0.14,-4.96) wbirth=(-0.29,0.13,0.00) ref=(0.00,0.00) leader=(0.00,0.00) fallbacks=0
[mpc_node-7] [INFO] [1783592063.942952051] [px4_5.mpc_node_5]: [d5] solve: status=0 time=0.20ms cost=0.0 pos=(2.99,3.03,-4.99) local=(0.12,0.07,-3.46) wbirth=(2.87,2.97,-1.54) ref=(3.00,3.00) leader=(0.00,0.00) fallbacks=0
[mpc_node-5] [INFO] [1783592064.859769014] [px4_3.mpc_node_3]: [d3] solve: status=0 time=0.20ms cost=0.0 pos=(3.00,-0.02,-4.95) local=(-0.38,-0.38,-4.42) wbirth=(3.38,0.36,-0.53) ref=(3.00,0.00) leader=(0.00,0.00) fallbacks=0
[mpc_node-6] [INFO] [1783592064.869447905] [px4_4.mpc_node_4]: [d4] solve: status=0 time=0.20ms cost=0.0 pos=(-2.97,-0.01,-5.00) local=(-0.22,0.10,-2.98) wbirth=(-2.75,-0.12,-2.03) ref=(-3.00,0.00) leader=(0.00,0.00) fallbacks=0
[mpc_node-9] [INFO] [1783592064.886809489] [px4_7.mpc_node_7]: [d7] solve: status=0 time=0.17ms cost=0.0 pos=(2.99,-3.03,-4.98) local=(-0.36,-0.13,-4.61) wbirth=(3.35,-2.90,-0.37) ref=(3.00,-3.00) leader=(0.00,0.00) fallbacks=0
[mpc_node-3] [INFO] [1783592064.887709960] [px4_1.mpc_node_1]: [d1] solve: status=0 time=0.17ms cost=0.0 pos=(-0.03,3.03,-5.00) local=(-0.09,-0.03,-3.40) wbirth=(0.07,3.06,-1.60) ref=(0.00,3.00) leader=(0.00,0.00) fallbacks=0
[mpc_node-10] [INFO] [1783592064.905080112] [px4_8.mpc_node_8]: [d8] solve: status=0 time=0.20ms cost=0.0 pos=(-2.98,-3.02,-4.98) local=(-0.18,-0.29,-3.85) wbirth=(-2.80,-2.73,-1.13) ref=(-3.00,-3.00) leader=(0.00,0.00) fallbacks=0
[mpc_node-4] [INFO] [1783592064.909610191] [px4_2.mpc_node_2]: [d2] solve: status=0 time=0.32ms cost=0.0 pos=(-0.01,-3.01,-4.96) local=(0.18,0.01,-3.17) wbirth=(-0.18,-3.02,-1.79) ref=(0.00,-3.00) leader=(0.00,0.00) fallbacks=0
[mpc_node-8] [INFO] [1783592064.916741361] [px4_6.mpc_node_6]: [d6] solve: status=0 time=0.21ms cost=0.0 pos=(-2.92,2.99,-5.00) local=(-0.25,0.02,-4.12) wbirth=(-2.67,2.97,-0.88) ref=(-3.00,3.00) leader=(0.00,0.00) fallbacks=0
[mpc_node-2] [INFO] [1783592064.923735216] [px4_0.mpc_node_0]: [d0] solve: status=0 time=0.24ms cost=0.0 pos=(-0.04,-0.03,-5.02) local=(0.25,-0.16,-5.02) wbirth=(-0.29,0.13,0.00) ref=(0.00,0.00) leader=(0.00,0.00) fallbacks=0
[mpc_node-7] [INFO] [1783592064.944354064] [px4_5.mpc_node_5]: [d5] solve: status=0 time=0.20ms cost=0.0 pos=(2.96,2.98,-4.97) local=(0.09,0.01,-3.44) wbirth=(2.87,2.97,-1.54) ref=(3.00,3.00) leader=(0.00,0.00) fallbacks=0
[mpc_node-5] [INFO] [1783592065.863694240] [px4_3.mpc_node_3]: [d3] solve: status=0 time=0.26ms cost=0.0 pos=(3.03,-0.00,-5.03) local=(-0.36,-0.36,-4.50) wbirth=(3.38,0.36,-0.53) ref=(3.00,0.00) leader=(0.00,0.00) fallbacks=0
[mpc_node-6] [INFO] [1783592065.870019419] [px4_4.mpc_node_4]: [d4] solve: status=0 time=0.24ms cost=0.0 pos=(-2.98,0.01,-5.00) local=(-0.23,0.13,-2.97) wbirth=(-2.75,-0.12,-2.03) ref=(-3.00,0.00) leader=(0.00,0.00) fallbacks=0
[mpc_node-9] [INFO] [1783592065.886130889] [px4_7.mpc_node_7]: [d7] solve: status=0 time=0.20ms cost=0.0 pos=(2.97,-3.00,-5.01) local=(-0.38,-0.10,-4.64) wbirth=(3.35,-2.90,-0.37) ref=(3.00,-3.00) leader=(0.00,0.00) fallbacks=0
[mpc_node-3] [INFO] [1783592065.887415450] [px4_1.mpc_node_1]: [d1] solve: status=0 time=0.21ms cost=0.0 pos=(0.03,3.00,-4.94) local=(-0.04,-0.06,-3.34) wbirth=(0.07,3.06,-1.60) ref=(0.00,3.00) leader=(0.00,0.00) fallbacks=0
[mpc_node-10] [INFO] [1783592065.905096970] [px4_8.mpc_node_8]: [d8] solve: status=0 time=0.20ms cost=0.0 pos=(-2.95,-2.99,-5.01) local=(-0.15,-0.26,-3.89) wbirth=(-2.80,-2.73,-1.13) ref=(-3.00,-3.00) leader=(0.00,0.00) fallbacks=0
[mpc_node-4] [INFO] [1783592065.910058009] [px4_2.mpc_node_2]: [d2] solve: status=0 time=0.16ms cost=0.0 pos=(0.02,-2.95,-4.99) local=(0.20,0.07,-3.20) wbirth=(-0.18,-3.02,-1.79) ref=(0.00,-3.00) leader=(0.00,0.00) fallbacks=0
[mpc_node-8] [INFO] [1783592065.917406770] [px4_6.mpc_node_6]: [d6] solve: status=0 time=0.26ms cost=0.0 pos=(-3.00,2.99,-5.05) local=(-0.32,0.01,-4.17) wbirth=(-2.67,2.97,-0.88) ref=(-3.00,3.00) leader=(0.00,0.00) fallbacks=0
[mpc_node-2] [INFO] [1783592065.922278506] [px4_0.mpc_node_0]: [d0] solve: status=0 time=0.17ms cost=0.0 pos=(0.02,0.01,-4.99) local=(0.31,-0.12,-4.99) wbirth=(-0.29,0.13,0.00) ref=(0.00,0.00) leader=(0.00,0.00) fallbacks=0
[mpc_node-7] [INFO] [1783592065.944490445] [px4_5.mpc_node_5]: [d5] solve: status=0 time=0.26ms cost=0.0 pos=(3.04,2.99,-5.02) local=(0.17,0.02,-3.48) wbirth=(2.87,2.97,-1.54) ref=(3.00,3.00) leader=(0.00,0.00) fallbacks=0
[mpc_node-5] [INFO] [1783592066.863629824] [px4_3.mpc_node_3]: [d3] solve: status=0 time=0.24ms cost=0.0 pos=(3.01,0.00,-4.98) local=(-0.37,-0.36,-4.45) wbirth=(3.38,0.36,-0.53) ref=(3.00,0.00) leader=(0.00,0.00) fallbacks=0
[mpc_node-6] [INFO] [1783592066.869203074] [px4_4.mpc_node_4]: [d4] solve: status=0 time=0.17ms cost=0.0 pos=(-3.00,-0.00,-4.97) local=(-0.25,0.12,-2.94) wbirth=(-2.75,-0.12,-2.03) ref=(-3.00,0.00) leader=(0.00,0.00) fallbacks=0
[mpc_node-9] [INFO] [1783592066.885928277] [px4_7.mpc_node_7]: [d7] solve: status=0 time=0.20ms cost=0.0 pos=(2.98,-2.98,-5.00) local=(-0.37,-0.08,-4.63) wbirth=(3.35,-2.90,-0.37) ref=(3.00,-3.00) leader=(0.00,0.00) fallbacks=0
[mpc_node-3] [INFO] [1783592066.887570849] [px4_1.mpc_node_1]: [d1] solve: status=0 time=0.17ms cost=0.0 pos=(0.03,2.97,-4.96) local=(-0.03,-0.09,-3.37) wbirth=(0.07,3.06,-1.60) ref=(0.00,3.00) leader=(0.00,0.00) fallbacks=0
[mpc_node-10] [INFO] [1783592066.905465564] [px4_8.mpc_node_8]: [d8] solve: status=0 time=0.17ms cost=0.0 pos=(-3.03,-2.97,-5.02) local=(-0.23,-0.23,-3.89) wbirth=(-2.80,-2.73,-1.13) ref=(-3.00,-3.00) leader=(0.00,0.00) fallbacks=0
[mpc_node-4] [INFO] [1783592066.909530144] [px4_2.mpc_node_2]: [d2] solve: status=0 time=0.26ms cost=0.0 pos=(-0.01,-3.00,-5.00) local=(0.17,0.02,-3.21) wbirth=(-0.18,-3.02,-1.79) ref=(0.00,-3.00) leader=(0.00,0.00) fallbacks=0
[mpc_node-8] [INFO] [1783592066.916889099] [px4_6.mpc_node_6]: [d6] solve: status=0 time=0.18ms cost=0.0 pos=(-3.03,2.99,-5.00) local=(-0.36,0.02,-4.12) wbirth=(-2.67,2.97,-0.88) ref=(-3.00,3.00) leader=(0.00,0.00) fallbacks=0
[mpc_node-2] [INFO] [1783592066.922376593] [px4_0.mpc_node_0]: [d0] solve: status=0 time=0.21ms cost=0.0 pos=(0.05,-0.03,-5.03) local=(0.34,-0.16,-5.03) wbirth=(-0.29,0.13,0.00) ref=(0.00,0.00) leader=(0.00,0.00) fallbacks=0
[mpc_node-7] [INFO] [1783592066.945179391] [px4_5.mpc_node_5]: [d5] solve: status=0 time=0.25ms cost=0.0 pos=(3.02,3.01,-5.01) local=(0.15,0.05,-3.48) wbirth=(2.87,2.97,-1.54) ref=(3.00,3.00) leader=(0.00,0.00) fallbacks=0
[mpc_node-5] [INFO] [1783592067.862951608] [px4_3.mpc_node_3]: [d3] solve: status=0 time=0.20ms cost=0.0 pos=(3.01,0.00,-5.01) local=(-0.37,-0.35,-4.47) wbirth=(3.38,0.36,-0.53) ref=(3.00,0.00) leader=(0.00,0.00) fallbacks=0
[mpc_node-6] [INFO] [1783592067.869610848] [px4_4.mpc_node_4]: [d4] solve: status=0 time=0.22ms cost=0.0 pos=(-3.01,-0.02,-5.00) local=(-0.26,0.09,-2.97) wbirth=(-2.75,-0.12,-2.03) ref=(-3.00,0.00) leader=(0.00,0.00) fallbacks=0
[mpc_node-9] [INFO] [1783592067.885829040] [px4_7.mpc_node_7]: [d7] solve: status=0 time=0.20ms cost=0.0 pos=(2.99,-2.98,-4.97) local=(-0.36,-0.08,-4.60) wbirth=(3.35,-2.90,-0.37) ref=(3.00,-3.00) leader=(0.00,0.00) fallbacks=0
[mpc_node-3] [INFO] [1783592067.887238943] [px4_1.mpc_node_1]: [d1] solve: status=0 time=0.20ms cost=0.0 pos=(0.05,2.99,-4.98) local=(-0.02,-0.07,-3.38) wbirth=(0.07,3.06,-1.60) ref=(0.00,3.00) leader=(0.00,0.00) fallbacks=0
[mpc_node-10] [INFO] [1783592067.905687270] [px4_8.mpc_node_8]: [d8] solve: status=0 time=0.20ms cost=0.0 pos=(-3.05,-2.98,-4.97) local=(-0.26,-0.25,-3.85) wbirth=(-2.80,-2.73,-1.13) ref=(-3.00,-3.00) leader=(0.00,0.00) fallbacks=0
[mpc_node-4] [INFO] [1783592067.909765960] [px4_2.mpc_node_2]: [d2] solve: status=0 time=0.20ms cost=0.0 pos=(-0.02,-3.01,-5.03) local=(0.16,0.01,-3.24) wbirth=(-0.18,-3.02,-1.79) ref=(0.00,-3.00) leader=(0.00,0.00) fallbacks=0
[mpc_node-8] [INFO] [1783592067.917772801] [px4_6.mpc_node_6]: [d6] solve: status=0 time=0.19ms cost=0.0 pos=(-3.03,3.01,-5.02) local=(-0.36,0.04,-4.14) wbirth=(-2.67,2.97,-0.88) ref=(-3.00,3.00) leader=(0.00,0.00) fallbacks=0
[mpc_node-2] [INFO] [1783592067.923059198] [px4_0.mpc_node_0]: [d0] solve: status=0 time=0.20ms cost=0.0 pos=(-0.04,0.01,-5.03) local=(0.25,-0.12,-5.03) wbirth=(-0.29,0.13,0.00) ref=(0.00,0.00) leader=(0.00,0.00) fallbacks=0
[mpc_node-7] [INFO] [1783592067.943089533] [px4_5.mpc_node_5]: [d5] solve: status=0 time=0.20ms cost=0.0 pos=(3.03,2.99,-4.97) local=(0.16,0.02,-3.44) wbirth=(2.87,2.97,-1.54) ref=(3.00,3.00) leader=(0.00,0.00) fallbacks=0
[mpc_node-5] [INFO] [1783592068.861252494] [px4_3.mpc_node_3]: [d3] solve: status=0 time=0.20ms cost=0.0 pos=(3.03,-0.01,-5.06) local=(-0.35,-0.37,-4.52) wbirth=(3.38,0.36,-0.53) ref=(3.00,0.00) leader=(0.00,0.00) fallbacks=0
[mpc_node-6] [INFO] [1783592068.869987485] [px4_4.mpc_node_4]: [d4] solve: status=0 time=0.17ms cost=0.0 pos=(-3.01,0.03,-5.05) local=(-0.26,0.14,-3.02) wbirth=(-2.75,-0.12,-2.03) ref=(-3.00,0.00) leader=(0.00,0.00) fallbacks=0
[mpc_node-9] [INFO] [1783592068.886502766] [px4_7.mpc_node_7]: [d7] solve: status=0 time=0.22ms cost=0.0 pos=(3.06,-2.99,-5.01) local=(-0.30,-0.08,-4.64) wbirth=(3.35,-2.90,-0.37) ref=(3.00,-3.00) leader=(0.00,0.00) fallbacks=0
[mpc_node-3] [INFO] [1783592068.888513490] [px4_1.mpc_node_1]: [d1] solve: status=0 time=0.21ms cost=0.0 pos=(-0.02,2.99,-4.99) local=(-0.09,-0.07,-3.40) wbirth=(0.07,3.06,-1.60) ref=(0.00,3.00) leader=(0.00,0.00) fallbacks=0
[mpc_node-10] [INFO] [1783592068.905417861] [px4_8.mpc_node_8]: [d8] solve: status=0 time=0.17ms cost=0.0 pos=(-3.01,-2.99,-5.07) local=(-0.21,-0.26,-3.95) wbirth=(-2.80,-2.73,-1.13) ref=(-3.00,-3.00) leader=(0.00,0.00) fallbacks=0
[mpc_node-4] [INFO] [1783592068.909725108] [px4_2.mpc_node_2]: [d2] solve: status=0 time=0.17ms cost=0.0 pos=(-0.01,-3.05,-5.00) local=(0.17,-0.03,-3.21) wbirth=(-0.18,-3.02,-1.79) ref=(0.00,-3.00) leader=(0.00,0.00) fallbacks=0
[mpc_node-8] [INFO] [1783592068.917469046] [px4_6.mpc_node_6]: [d6] solve: status=0 time=0.18ms cost=0.0 pos=(-3.03,2.99,-4.96) local=(-0.36,0.02,-4.08) wbirth=(-2.67,2.97,-0.88) ref=(-3.00,3.00) leader=(0.00,0.00) fallbacks=0
[mpc_node-2] [INFO] [1783592068.922049458] [px4_0.mpc_node_0]: [d0] solve: status=0 time=0.18ms cost=0.0 pos=(0.01,0.01,-4.98) local=(0.30,-0.12,-4.98) wbirth=(-0.29,0.13,0.00) ref=(0.00,0.00) leader=(0.00,0.00) fallbacks=0
[mpc_node-7] [INFO] [1783592068.946597184] [px4_5.mpc_node_5]: [d5] solve: status=0 time=0.24ms cost=0.0 pos=(3.02,2.99,-5.01) local=(0.15,0.02,-3.48) wbirth=(2.87,2.97,-1.54) ref=(3.00,3.00) leader=(0.00,0.00) fallbacks=0
[mpc_node-5] [INFO] [1783592069.862626164] [px4_3.mpc_node_3]: [d3] solve: status=0 time=0.24ms cost=0.0 pos=(3.01,0.01,-5.02) local=(-0.38,-0.35,-4.48) wbirth=(3.38,0.36,-0.53) ref=(3.00,0.00) leader=(0.00,0.00) fallbacks=0
[mpc_node-6] [INFO] [1783592069.869551016] [px4_4.mpc_node_4]: [d4] solve: status=0 time=0.17ms cost=0.0 pos=(-2.98,0.02,-4.97) local=(-0.23,0.13,-2.94) wbirth=(-2.75,-0.12,-2.03) ref=(-3.00,0.00) leader=(0.00,0.00) fallbacks=0
[mpc_node-9] [INFO] [1783592069.885832927] [px4_7.mpc_node_7]: [d7] solve: status=0 time=0.21ms cost=0.0 pos=(3.00,-2.98,-5.01) local=(-0.35,-0.07,-4.64) wbirth=(3.35,-2.90,-0.37) ref=(3.00,-3.00) leader=(0.00,0.00) fallbacks=0
[mpc_node-3] [INFO] [1783592069.888438359] [px4_1.mpc_node_1]: [d1] solve: status=0 time=0.17ms cost=0.0 pos=(-0.00,3.00,-5.00) local=(-0.07,-0.06,-3.40) wbirth=(0.07,3.06,-1.60) ref=(0.00,3.00) leader=(0.00,0.00) fallbacks=0
[mpc_node-10] [INFO] [1783592069.905139474] [px4_8.mpc_node_8]: [d8] solve: status=0 time=0.20ms cost=0.0 pos=(-2.97,-2.96,-5.00) local=(-0.17,-0.23,-3.87) wbirth=(-2.80,-2.73,-1.13) ref=(-3.00,-3.00) leader=(0.00,0.00) fallbacks=0
[mpc_node-4] [INFO] [1783592069.909843716] [px4_2.mpc_node_2]: [d2] solve: status=0 time=0.20ms cost=0.0 pos=(0.05,-3.03,-5.01) local=(0.23,-0.01,-3.22) wbirth=(-0.18,-3.02,-1.79) ref=(0.00,-3.00) leader=(0.00,0.00) fallbacks=0
[mpc_node-8] [INFO] [1783592069.917312265] [px4_6.mpc_node_6]: [d6] solve: status=0 time=0.21ms cost=0.0 pos=(-2.98,2.99,-5.00) local=(-0.30,0.02,-4.12) wbirth=(-2.67,2.97,-0.88) ref=(-3.00,3.00) leader=(0.00,0.00) fallbacks=0
[mpc_node-2] [INFO] [1783592069.922552815] [px4_0.mpc_node_0]: [d0] solve: status=0 time=0.18ms cost=0.0 pos=(0.03,0.02,-4.99) local=(0.32,-0.11,-4.99) wbirth=(-0.29,0.13,0.00) ref=(0.00,0.00) leader=(0.00,0.00) fallbacks=0
[mpc_node-7] [INFO] [1783592069.943289721] [px4_5.mpc_node_5]: [d5] solve: status=0 time=0.24ms cost=0.0 pos=(3.00,2.99,-5.01) local=(0.13,0.03,-3.48) wbirth=(2.87,2.97,-1.54) ref=(3.00,3.00) leader=(0.00,0.00) fallbacks=0
[mpc_node-5] [INFO] [1783592070.860467742] [px4_3.mpc_node_3]: [d3] solve: status=0 time=0.22ms cost=0.0 pos=(2.97,-0.02,-5.04) local=(-0.41,-0.38,-4.50) wbirth=(3.38,0.36,-0.53) ref=(3.00,0.00) leader=(0.00,0.00) fallbacks=0
[mpc_node-6] [INFO] [1783592070.870382626] [px4_4.mpc_node_4]: [d4] solve: status=0 time=0.24ms cost=0.0 pos=(-2.96,0.01,-4.93) local=(-0.20,0.13,-2.91) wbirth=(-2.75,-0.12,-2.03) ref=(-3.00,0.00) leader=(0.00,0.00) fallbacks=0
[mpc_node-9] [INFO] [1783592070.886393618] [px4_7.mpc_node_7]: [d7] solve: status=0 time=0.17ms cost=0.0 pos=(2.95,-2.99,-5.04) local=(-0.40,-0.09,-4.67) wbirth=(3.35,-2.90,-0.37) ref=(3.00,-3.00) leader=(0.00,0.00) fallbacks=0
[mpc_node-3] [INFO] [1783592070.888077758] [px4_1.mpc_node_1]: [d1] solve: status=0 time=0.20ms cost=0.0 pos=(0.01,3.00,-5.01) local=(-0.06,-0.06,-3.41) wbirth=(0.07,3.06,-1.60) ref=(0.00,3.00) leader=(0.00,0.00) fallbacks=0
[mpc_node-10] [INFO] [1783592070.905439845] [px4_8.mpc_node_8]: [d8] solve: status=0 time=0.21ms cost=0.0 pos=(-2.99,-3.01,-5.00) local=(-0.19,-0.27,-3.88) wbirth=(-2.80,-2.73,-1.13) ref=(-3.00,-3.00) leader=(0.00,0.00) fallbacks=0
[mpc_node-4] [INFO] [1783592070.911556036] [px4_2.mpc_node_2]: [d2] solve: status=0 time=0.21ms cost=0.0 pos=(0.04,-3.02,-5.06) local=(0.22,0.00,-3.27) wbirth=(-0.18,-3.02,-1.79) ref=(0.00,-3.00) leader=(0.00,0.00) fallbacks=0
[mpc_node-8] [INFO] [1783592070.916889528] [px4_6.mpc_node_6]: [d6] solve: status=0 time=0.23ms cost=0.0 pos=(-2.94,3.01,-4.99) local=(-0.27,0.04,-4.12) wbirth=(-2.67,2.97,-0.88) ref=(-3.00,3.00) leader=(0.00,0.00) fallbacks=0
[mpc_node-2] [INFO] [1783592070.924029685] [px4_0.mpc_node_0]: [d0] solve: status=0 time=0.27ms cost=0.0 pos=(0.02,0.01,-5.00) local=(0.31,-0.12,-5.00) wbirth=(-0.29,0.13,0.00) ref=(0.00,0.00) leader=(0.00,0.00) fallbacks=0
[mpc_node-7] [INFO] [1783592070.943905818] [px4_5.mpc_node_5]: [d5] solve: status=0 time=0.20ms cost=0.0 pos=(3.00,2.96,-4.96) local=(0.12,-0.00,-3.43) wbirth=(2.87,2.97,-1.54) ref=(3.00,3.00) leader=(0.00,0.00) fallbacks=0
[mpc_node-5] [INFO] [1783592071.861475261] [px4_3.mpc_node_3]: [d3] solve: status=0 time=0.17ms cost=0.0 pos=(3.01,-0.02,-5.01) local=(-0.38,-0.37,-4.48) wbirth=(3.38,0.36,-0.53) ref=(3.00,0.00) leader=(0.00,0.00) fallbacks=0
[mpc_node-6] [INFO] [1783592071.870631505] [px4_4.mpc_node_4]: [d4] solve: status=0 time=0.24ms cost=0.0 pos=(-2.97,-0.02,-4.94) local=(-0.21,0.10,-2.92) wbirth=(-2.75,-0.12,-2.03) ref=(-3.00,0.00) leader=(0.00,0.00) fallbacks=0
[mpc_node-9] [INFO] [1783592071.887562474] [px4_7.mpc_node_7]: [d7] solve: status=0 time=0.17ms cost=0.0 pos=(2.99,-3.00,-4.97) local=(-0.37,-0.09,-4.60) wbirth=(3.35,-2.90,-0.37) ref=(3.00,-3.00) leader=(0.00,0.00) fallbacks=0
[mpc_node-3] [INFO] [1783592071.887782878] [px4_1.mpc_node_1]: [d1] solve: status=0 time=0.17ms cost=0.0 pos=(0.00,3.02,-5.01) local=(-0.06,-0.04,-3.41) wbirth=(0.07,3.06,-1.60) ref=(0.00,3.00) leader=(0.00,0.00) fallbacks=0
[mpc_node-10] [INFO] [1783592071.905649959] [px4_8.mpc_node_8]: [d8] solve: status=0 time=0.24ms cost=0.0 pos=(-2.97,-3.03,-4.99) local=(-0.17,-0.30,-3.87) wbirth=(-2.80,-2.73,-1.13) ref=(-3.00,-3.00) leader=(0.00,0.00) fallbacks=0
[mpc_node-4] [INFO] [1783592071.909184500] [px4_2.mpc_node_2]: [d2] solve: status=0 time=0.16ms cost=0.0 pos=(0.01,-2.99,-5.00) local=(0.19,0.03,-3.21) wbirth=(-0.18,-3.02,-1.79) ref=(0.00,-3.00) leader=(0.00,0.00) fallbacks=0
[mpc_node-8] [INFO] [1783592071.916887373] [px4_6.mpc_node_6]: [d6] solve: status=0 time=0.26ms cost=0.0 pos=(-2.99,3.03,-5.01) local=(-0.32,0.05,-4.13) wbirth=(-2.67,2.97,-0.88) ref=(-3.00,3.00) leader=(0.00,0.00) fallbacks=0
[mpc_node-2] [INFO] [1783592071.923643478] [px4_0.mpc_node_0]: [d0] solve: status=0 time=0.21ms cost=0.0 pos=(-0.02,-0.01,-5.02) local=(0.27,-0.14,-5.02) wbirth=(-0.29,0.13,0.00) ref=(0.00,0.00) leader=(0.00,0.00) fallbacks=0
[mpc_node-7] [INFO] [1783592071.944388286] [px4_5.mpc_node_5]: [d5] solve: status=0 time=0.24ms cost=0.0 pos=(3.01,2.98,-5.09) local=(0.14,0.01,-3.55) wbirth=(2.87,2.97,-1.54) ref=(3.00,3.00) leader=(0.00,0.00) fallbacks=0
[mpc_node-5] [INFO] [1783592072.859775097] [px4_3.mpc_node_3]: [d3] solve: status=0 time=0.21ms cost=0.0 pos=(3.00,0.01,-4.96) local=(-0.38,-0.35,-4.43) wbirth=(3.38,0.36,-0.53) ref=(3.00,0.00) leader=(0.00,0.00) fallbacks=0
[mpc_node-6] [INFO] [1783592072.869442640] [px4_4.mpc_node_4]: [d4] solve: status=0 time=0.20ms cost=0.0 pos=(-3.02,-0.01,-5.01) local=(-0.27,0.10,-2.98) wbirth=(-2.75,-0.12,-2.03) ref=(-3.00,0.00) leader=(0.00,0.00) fallbacks=0
[mpc_node-9] [INFO] [1783592072.886923792] [px4_7.mpc_node_7]: [d7] solve: status=0 time=0.23ms cost=0.0 pos=(3.00,-2.99,-4.97) local=(-0.35,-0.09,-4.60) wbirth=(3.35,-2.90,-0.37) ref=(3.00,-3.00) leader=(0.00,0.00) fallbacks=0
[mpc_node-3] [INFO] [1783592072.888363432] [px4_1.mpc_node_1]: [d1] solve: status=0 time=0.20ms cost=0.0 pos=(0.01,3.00,-4.98) local=(-0.06,-0.06,-3.39) wbirth=(0.07,3.06,-1.60) ref=(0.00,3.00) leader=(0.00,0.00) fallbacks=0
[mpc_node-10] [INFO] [1783592072.905524883] [px4_8.mpc_node_8]: [d8] solve: status=0 time=0.17ms cost=0.0 pos=(-3.06,-2.97,-4.99) local=(-0.27,-0.24,-3.87) wbirth=(-2.80,-2.73,-1.13) ref=(-3.00,-3.00) leader=(0.00,0.00) fallbacks=0
[mpc_node-4] [INFO] [1783592072.909275934] [px4_2.mpc_node_2]: [d2] solve: status=0 time=0.20ms cost=0.0 pos=(-0.04,-2.99,-5.01) local=(0.15,0.03,-3.22) wbirth=(-0.18,-3.02,-1.79) ref=(0.00,-3.00) leader=(0.00,0.00) fallbacks=0
[mpc_node-8] [INFO] [1783592072.916766255] [px4_6.mpc_node_6]: [d6] solve: status=0 time=0.22ms cost=0.0 pos=(-2.99,2.98,-4.99) local=(-0.31,0.00,-4.11) wbirth=(-2.67,2.97,-0.88) ref=(-3.00,3.00) leader=(0.00,0.00) fallbacks=0
[mpc_node-2] [INFO] [1783592072.922346830] [px4_0.mpc_node_0]: [d0] solve: status=0 time=0.21ms cost=0.0 pos=(-0.02,-0.03,-5.02) local=(0.27,-0.16,-5.02) wbirth=(-0.29,0.13,0.00) ref=(0.00,0.00) leader=(0.00,0.00) fallbacks=0
[mpc_node-7] [INFO] [1783592072.944061771] [px4_5.mpc_node_5]: [d5] solve: status=0 time=0.20ms cost=0.0 pos=(3.00,3.00,-5.06) local=(0.13,0.03,-3.52) wbirth=(2.87,2.97,-1.54) ref=(3.00,3.00) leader=(0.00,0.00) fallbacks=0
[mpc_node-5] [INFO] [1783592073.861346099] [px4_3.mpc_node_3]: [d3] solve: status=0 time=0.18ms cost=0.0 pos=(3.01,0.01,-4.93) local=(-0.38,-0.35,-4.40) wbirth=(3.38,0.36,-0.53) ref=(3.00,0.00) leader=(0.00,0.00) fallbacks=0
[mpc_node-6] [INFO] [1783592073.869332126] [px4_4.mpc_node_4]: [d4] solve: status=0 time=0.20ms cost=0.0 pos=(-3.02,-0.04,-5.02) local=(-0.27,0.08,-2.99) wbirth=(-2.75,-0.12,-2.03) ref=(-3.00,0.00) leader=(0.00,0.00) fallbacks=0
[mpc_node-9] [INFO] [1783592073.887312665] [px4_7.mpc_node_7]: [d7] solve: status=0 time=0.20ms cost=0.0 pos=(3.03,-3.00,-5.00) local=(-0.32,-0.10,-4.63) wbirth=(3.35,-2.90,-0.37) ref=(3.00,-3.00) leader=(0.00,0.00) fallbacks=0
[mpc_node-3] [INFO] [1783592073.889558273] [px4_1.mpc_node_1]: [d1] solve: status=0 time=0.21ms cost=0.0 pos=(-0.07,2.95,-4.92) local=(-0.14,-0.11,-3.32) wbirth=(0.07,3.06,-1.60) ref=(0.00,3.00) leader=(0.00,0.00) fallbacks=0
[mpc_node-10] [INFO] [1783592073.905235661] [px4_8.mpc_node_8]: [d8] solve: status=0 time=0.20ms cost=0.0 pos=(-3.07,-3.01,-5.03) local=(-0.27,-0.27,-3.90) wbirth=(-2.80,-2.73,-1.13) ref=(-3.00,-3.00) leader=(0.00,0.00) fallbacks=0
[mpc_node-4] [INFO] [1783592073.909475650] [px4_2.mpc_node_2]: [d2] solve: status=0 time=0.17ms cost=0.0 pos=(-0.05,-3.03,-4.99) local=(0.13,-0.01,-3.20) wbirth=(-0.18,-3.02,-1.79) ref=(0.00,-3.00) leader=(0.00,0.00) fallbacks=0
[mpc_node-8] [INFO] [1783592073.916460498] [px4_6.mpc_node_6]: [d6] solve: status=0 time=0.21ms cost=0.0 pos=(-3.03,2.99,-4.99) local=(-0.36,0.01,-4.11) wbirth=(-2.67,2.97,-0.88) ref=(-3.00,3.00) leader=(0.00,0.00) fallbacks=0
[mpc_node-2] [INFO] [1783592073.923711908] [px4_0.mpc_node_0]: [d0] solve: status=0 time=0.27ms cost=0.0 pos=(-0.03,-0.05,-5.01) local=(0.26,-0.17,-5.01) wbirth=(-0.29,0.13,0.00) ref=(0.00,0.00) leader=(0.00,0.00) fallbacks=0
[mpc_node-7] [INFO] [1783592073.944025477] [px4_5.mpc_node_5]: [d5] solve: status=0 time=0.17ms cost=0.0 pos=(2.97,3.04,-5.01) local=(0.10,0.08,-3.48) wbirth=(2.87,2.97,-1.54) ref=(3.00,3.00) leader=(0.00,0.00) fallbacks=0
[mpc_node-5] [INFO] [1783592074.859725404] [px4_3.mpc_node_3]: [d3] solve: status=0 time=0.21ms cost=0.0 pos=(3.00,0.03,-4.98) local=(-0.38,-0.33,-4.45) wbirth=(3.38,0.36,-0.53) ref=(3.00,0.00) leader=(0.00,0.00) fallbacks=0
[mpc_node-6] [INFO] [1783592074.869960697] [px4_4.mpc_node_4]: [d4] solve: status=0 time=0.18ms cost=0.0 pos=(-3.00,-0.02,-5.05) local=(-0.25,0.10,-3.02) wbirth=(-2.75,-0.12,-2.03) ref=(-3.00,0.00) leader=(0.00,0.00) fallbacks=0
[mpc_node-3] [INFO] [1783592074.887390028] [px4_1.mpc_node_1]: [d1] solve: status=0 time=0.18ms cost=0.0 pos=(0.01,3.00,-5.01) local=(-0.06,-0.07,-3.41) wbirth=(0.07,3.06,-1.60) ref=(0.00,3.00) leader=(0.00,0.00) fallbacks=0
[mpc_node-9] [INFO] [1783592074.887438340] [px4_7.mpc_node_7]: [d7] solve: status=0 time=0.20ms cost=0.0 pos=(3.02,-3.03,-4.98) local=(-0.33,-0.12,-4.61) wbirth=(3.35,-2.90,-0.37) ref=(3.00,-3.00) leader=(0.00,0.00) fallbacks=0
[mpc_node-10] [INFO] [1783592074.905783298] [px4_8.mpc_node_8]: [d8] solve: status=0 time=0.16ms cost=0.0 pos=(-2.96,-3.06,-4.99) local=(-0.17,-0.33,-3.86) wbirth=(-2.80,-2.73,-1.13) ref=(-3.00,-3.00) leader=(0.00,0.00) fallbacks=0
[mpc_node-4] [INFO] [1783592074.909951445] [px4_2.mpc_node_2]: [d2] solve: status=0 time=0.20ms cost=0.0 pos=(-0.03,-2.96,-4.94) local=(0.15,0.06,-3.15) wbirth=(-0.18,-3.02,-1.79) ref=(0.00,-3.00) leader=(0.00,0.00) fallbacks=0
[mpc_node-8] [INFO] [1783592074.916828193] [px4_6.mpc_node_6]: [d6] solve: status=0 time=0.18ms cost=0.0 pos=(-3.05,2.97,-5.03) local=(-0.38,-0.01,-4.15) wbirth=(-2.67,2.97,-0.88) ref=(-3.00,3.00) leader=(0.00,0.00) fallbacks=0
[mpc_node-2] [INFO] [1783592074.923014130] [px4_0.mpc_node_0]: [d0] solve: status=0 time=0.19ms cost=0.0 pos=(0.02,-0.04,-4.98) local=(0.30,-0.17,-4.98) wbirth=(-0.29,0.13,0.00) ref=(0.00,0.00) leader=(0.00,0.00) fallbacks=0
[mpc_node-7] [INFO] [1783592074.943763240] [px4_5.mpc_node_5]: [d5] solve: status=0 time=0.20ms cost=0.0 pos=(3.00,3.04,-4.95) local=(0.13,0.08,-3.42) wbirth=(2.87,2.97,-1.54) ref=(3.00,3.00) leader=(0.00,0.00) fallbacks=0
[mpc_node-5] [INFO] [1783592075.863118057] [px4_3.mpc_node_3]: [d3] solve: status=0 time=0.17ms cost=0.0 pos=(2.96,-0.03,-5.01) local=(-0.42,-0.39,-4.47) wbirth=(3.38,0.36,-0.53) ref=(3.00,0.00) leader=(0.00,0.00) fallbacks=0
[mpc_node-6] [INFO] [1783592075.869472913] [px4_4.mpc_node_4]: [d4] solve: status=0 time=0.21ms cost=0.0 pos=(-3.03,0.03,-4.98) local=(-0.27,0.14,-2.95) wbirth=(-2.75,-0.12,-2.03) ref=(-3.00,0.00) leader=(0.00,0.00) fallbacks=0
[mpc_node-9] [INFO] [1783592075.886390639] [px4_7.mpc_node_7]: [d7] solve: status=0 time=0.24ms cost=0.0 pos=(3.00,-2.99,-4.98) local=(-0.35,-0.09,-4.61) wbirth=(3.35,-2.90,-0.37) ref=(3.00,-3.00) leader=(0.00,0.00) fallbacks=0
[mpc_node-3] [INFO] [1783592075.886678168] [px4_1.mpc_node_1]: [d1] solve: status=0 time=0.17ms cost=0.0 pos=(-0.01,2.99,-5.03) local=(-0.08,-0.07,-3.43) wbirth=(0.07,3.06,-1.60) ref=(0.00,3.00) leader=(0.00,0.00) fallbacks=0
[mpc_node-10] [INFO] [1783592075.905363652] [px4_8.mpc_node_8]: [d8] solve: status=0 time=0.21ms cost=0.0 pos=(-2.98,-3.00,-4.96) local=(-0.19,-0.26,-3.84) wbirth=(-2.80,-2.73,-1.13) ref=(-3.00,-3.00) leader=(0.00,0.00) fallbacks=0
[mpc_node-4] [INFO] [1783592075.909953278] [px4_2.mpc_node_2]: [d2] solve: status=0 time=0.21ms cost=0.0 pos=(-0.04,-3.00,-5.02) local=(0.14,0.02,-3.23) wbirth=(-0.18,-3.02,-1.79) ref=(0.00,-3.00) leader=(0.00,0.00) fallbacks=0
[mpc_node-8] [INFO] [1783592075.917189377] [px4_6.mpc_node_6]: [d6] solve: status=0 time=0.21ms cost=0.0 pos=(-2.93,3.01,-5.00) local=(-0.25,0.03,-4.12) wbirth=(-2.67,2.97,-0.88) ref=(-3.00,3.00) leader=(0.00,0.00) fallbacks=0
[mpc_node-2] [INFO] [1783592075.922457139] [px4_0.mpc_node_0]: [d0] solve: status=0 time=0.21ms cost=0.0 pos=(0.04,0.03,-4.99) local=(0.33,-0.10,-4.99) wbirth=(-0.29,0.13,0.00) ref=(0.00,0.00) leader=(0.00,0.00) fallbacks=0
[mpc_node-7] [INFO] [1783592075.942900476] [px4_5.mpc_node_5]: [d5] solve: status=0 time=0.20ms cost=0.0 pos=(3.03,3.02,-4.95) local=(0.16,0.05,-3.41) wbirth=(2.87,2.97,-1.54) ref=(3.00,3.00) leader=(0.00,0.00) fallbacks=0
[mpc_node-5] [INFO] [1783592076.859902387] [px4_3.mpc_node_3]: [d3] solve: status=0 time=0.20ms cost=0.0 pos=(3.03,0.01,-5.01) local=(-0.35,-0.35,-4.48) wbirth=(3.38,0.36,-0.53) ref=(3.00,0.00) leader=(0.00,0.00) fallbacks=0
[mpc_node-6] [INFO] [1783592076.871627054] [px4_4.mpc_node_4]: [d4] solve: status=0 time=0.21ms cost=0.0 pos=(-3.06,-0.01,-5.00) local=(-0.31,0.10,-2.98) wbirth=(-2.75,-0.12,-2.03) ref=(-3.00,0.00) leader=(0.00,0.00) fallbacks=0
[mpc_node-9] [INFO] [1783592076.887073900] [px4_7.mpc_node_7]: [d7] solve: status=0 time=0.20ms cost=0.0 pos=(2.98,-2.97,-5.04) local=(-0.37,-0.07,-4.67) wbirth=(3.35,-2.90,-0.37) ref=(3.00,-3.00) leader=(0.00,0.00) fallbacks=0
[mpc_node-3] [INFO] [1783592076.887232625] [px4_1.mpc_node_1]: [d1] solve: status=0 time=0.20ms cost=0.0 pos=(0.03,3.01,-4.98) local=(-0.04,-0.06,-3.38) wbirth=(0.07,3.06,-1.60) ref=(0.00,3.00) leader=(0.00,0.00) fallbacks=0
[mpc_node-10] [INFO] [1783592076.906501279] [px4_8.mpc_node_8]: [d8] solve: status=0 time=0.21ms cost=0.0 pos=(-2.96,-2.95,-4.94) local=(-0.17,-0.22,-3.82) wbirth=(-2.80,-2.73,-1.13) ref=(-3.00,-3.00) leader=(0.00,0.00) fallbacks=0
[mpc_node-4] [INFO] [1783592076.910120220] [px4_2.mpc_node_2]: [d2] solve: status=0 time=0.17ms cost=0.0 pos=(0.07,-2.96,-4.99) local=(0.25,0.06,-3.20) wbirth=(-0.18,-3.02,-1.79) ref=(0.00,-3.00) leader=(0.00,0.00) fallbacks=0
[mpc_node-8] [INFO] [1783592076.917966088] [px4_6.mpc_node_6]: [d6] solve: status=0 time=0.22ms cost=0.0 pos=(-2.99,2.98,-5.04) local=(-0.32,0.01,-4.16) wbirth=(-2.67,2.97,-0.88) ref=(-3.00,3.00) leader=(0.00,0.00) fallbacks=0
[mpc_node-2] [INFO] [1783592076.923533593] [px4_0.mpc_node_0]: [d0] solve: status=0 time=0.24ms cost=0.0 pos=(-0.03,0.05,-4.99) local=(0.26,-0.08,-4.99) wbirth=(-0.29,0.13,0.00) ref=(0.00,0.00) leader=(0.00,0.00) fallbacks=0
[mpc_node-7] [INFO] [1783592076.943784824] [px4_5.mpc_node_5]: [d5] solve: status=0 time=0.43ms cost=0.0 pos=(2.98,2.96,-5.01) local=(0.11,-0.00,-3.47) wbirth=(2.87,2.97,-1.54) ref=(3.00,3.00) leader=(0.00,0.00) fallbacks=0
[mpc_node-5] [INFO] [1783592077.861500102] [px4_3.mpc_node_3]: [d3] solve: status=0 time=0.18ms cost=0.0 pos=(2.96,0.05,-5.04) local=(-0.42,-0.31,-4.50) wbirth=(3.38,0.36,-0.53) ref=(3.00,0.00) leader=(0.00,0.00) fallbacks=0
[mpc_node-6] [INFO] [1783592077.869392143] [px4_4.mpc_node_4]: [d4] solve: status=0 time=0.17ms cost=0.0 pos=(-2.94,0.00,-4.99) local=(-0.19,0.12,-2.96) wbirth=(-2.75,-0.12,-2.03) ref=(-3.00,0.00) leader=(0.00,0.00) fallbacks=0
[mpc_node-9] [INFO] [1783592077.887142530] [px4_7.mpc_node_7]: [d7] solve: status=0 time=0.20ms cost=0.0 pos=(3.03,-3.00,-4.99) local=(-0.32,-0.09,-4.62) wbirth=(3.35,-2.90,-0.37) ref=(3.00,-3.00) leader=(0.00,0.00) fallbacks=0
[mpc_node-3] [INFO] [1783592077.888269011] [px4_1.mpc_node_1]: [d1] solve: status=0 time=0.17ms cost=0.0 pos=(0.09,3.02,-5.02) local=(0.02,-0.04,-3.42) wbirth=(0.07,3.06,-1.60) ref=(0.00,3.00) leader=(0.00,0.00) fallbacks=0
[mpc_node-10] [INFO] [1783592077.905326287] [px4_8.mpc_node_8]: [d8] solve: status=0 time=0.16ms cost=0.0 pos=(-3.02,-2.95,-4.96) local=(-0.22,-0.22,-3.83) wbirth=(-2.80,-2.73,-1.13) ref=(-3.00,-3.00) leader=(0.00,0.00) fallbacks=0
[mpc_node-4] [INFO] [1783592077.909304185] [px4_2.mpc_node_2]: [d2] solve: status=0 time=0.19ms cost=0.0 pos=(-0.02,-3.02,-5.03) local=(0.16,0.00,-3.24) wbirth=(-0.18,-3.02,-1.79) ref=(0.00,-3.00) leader=(0.00,0.00) fallbacks=0
[mpc_node-8] [INFO] [1783592077.916513894] [px4_6.mpc_node_6]: [d6] solve: status=0 time=0.18ms cost=0.0 pos=(-3.02,3.02,-4.97) local=(-0.35,0.04,-4.09) wbirth=(-2.67,2.97,-0.88) ref=(-3.00,3.00) leader=(0.00,0.00) fallbacks=0
[mpc_node-2] [INFO] [1783592077.924677822] [px4_0.mpc_node_0]: [d0] solve: status=0 time=0.22ms cost=0.0 pos=(0.03,0.01,-5.02) local=(0.32,-0.12,-5.02) wbirth=(-0.29,0.13,0.00) ref=(0.00,0.00) leader=(0.00,0.00) fallbacks=0
[mpc_node-7] [INFO] [1783592077.944709543] [px4_5.mpc_node_5]: [d5] solve: status=0 time=0.17ms cost=0.0 pos=(2.99,3.00,-5.00) local=(0.12,0.04,-3.46) wbirth=(2.87,2.97,-1.54) ref=(3.00,3.00) leader=(0.00,0.00) fallbacks=0
[mpc_node-5] [INFO] [1783592078.860296855] [px4_3.mpc_node_3]: [d3] solve: status=0 time=0.24ms cost=0.0 pos=(3.01,0.01,-4.99) local=(-0.38,-0.35,-4.46) wbirth=(3.38,0.36,-0.53) ref=(3.00,0.00) leader=(0.00,0.00) fallbacks=0
[mpc_node-6] [INFO] [1783592078.869594031] [px4_4.mpc_node_4]: [d4] solve: status=0 time=0.20ms cost=0.0 pos=(-3.00,0.03,-5.04) local=(-0.25,0.15,-3.01) wbirth=(-2.75,-0.12,-2.03) ref=(-3.00,0.00) leader=(0.00,0.00) fallbacks=0
[mpc_node-9] [INFO] [1783592078.887270005] [px4_7.mpc_node_7]: [d7] solve: status=0 time=1.03ms cost=0.0 pos=(3.00,-2.96,-5.04) local=(-0.35,-0.06,-4.67) wbirth=(3.35,-2.90,-0.37) ref=(3.00,-3.00) leader=(0.00,0.00) fallbacks=0
[mpc_node-3] [INFO] [1783592078.889164157] [px4_1.mpc_node_1]: [d1] solve: status=0 time=0.17ms cost=0.0 pos=(0.01,3.00,-5.01) local=(-0.06,-0.06,-3.41) wbirth=(0.07,3.06,-1.60) ref=(0.00,3.00) leader=(0.00,0.00) fallbacks=0
[mpc_node-10] [INFO] [1783592078.905259608] [px4_8.mpc_node_8]: [d8] solve: status=0 time=0.17ms cost=0.0 pos=(-3.00,-2.99,-4.99) local=(-0.20,-0.26,-3.87) wbirth=(-2.80,-2.73,-1.13) ref=(-3.00,-3.00) leader=(0.00,0.00) fallbacks=0
[mpc_node-4] [INFO] [1783592078.909513259] [px4_2.mpc_node_2]: [d2] solve: status=0 time=0.21ms cost=0.0 pos=(0.02,-3.03,-4.99) local=(0.20,-0.01,-3.20) wbirth=(-0.18,-3.02,-1.79) ref=(0.00,-3.00) leader=(0.00,0.00) fallbacks=0
[mpc_node-8] [INFO] [1783592078.916910039] [px4_6.mpc_node_6]: [d6] solve: status=0 time=0.28ms cost=0.0 pos=(-2.98,3.02,-5.01) local=(-0.31,0.04,-4.13) wbirth=(-2.67,2.97,-0.88) ref=(-3.00,3.00) leader=(0.00,0.00) fallbacks=0
[mpc_node-2] [INFO] [1783592078.923854966] [px4_0.mpc_node_0]: [d0] solve: status=0 time=0.32ms cost=0.0 pos=(0.01,0.02,-4.99) local=(0.29,-0.11,-4.99) wbirth=(-0.29,0.13,0.00) ref=(0.00,0.00) leader=(0.00,0.00) fallbacks=0
[mpc_node-7] [INFO] [1783592078.944860509] [px4_5.mpc_node_5]: [d5] solve: status=0 time=0.29ms cost=0.0 pos=(3.00,3.02,-4.96) local=(0.13,0.05,-3.42) wbirth=(2.87,2.97,-1.54) ref=(3.00,3.00) leader=(0.00,0.00) fallbacks=0
[mpc_node-5] [INFO] [1783592079.861472053] [px4_3.mpc_node_3]: [d3] solve: status=0 time=0.26ms cost=0.0 pos=(3.02,0.05,-4.94) local=(-0.37,-0.31,-4.41) wbirth=(3.38,0.36,-0.53) ref=(3.00,0.00) leader=(0.00,0.00) fallbacks=0
[mpc_node-6] [INFO] [1783592079.869761501] [px4_4.mpc_node_4]: [d4] solve: status=0 time=0.20ms cost=0.0 pos=(-2.97,0.01,-5.01) local=(-0.21,0.13,-2.98) wbirth=(-2.75,-0.12,-2.03) ref=(-3.00,0.00) leader=(0.00,0.00) fallbacks=0
[mpc_node-9] [INFO] [1783592079.886260251] [px4_7.mpc_node_7]: [d7] solve: status=0 time=0.24ms cost=0.0 pos=(2.99,-3.02,-4.98) local=(-0.36,-0.12,-4.61) wbirth=(3.35,-2.90,-0.37) ref=(3.00,-3.00) leader=(0.00,0.00) fallbacks=0
[mpc_node-3] [INFO] [1783592079.887758882] [px4_1.mpc_node_1]: [d1] solve: status=0 time=0.19ms cost=0.0 pos=(-0.02,3.02,-5.01) local=(-0.09,-0.05,-3.41) wbirth=(0.07,3.06,-1.60) ref=(0.00,3.00) leader=(0.00,0.00) fallbacks=0
[mpc_node-10] [INFO] [1783592079.905509124] [px4_8.mpc_node_8]: [d8] solve: status=0 time=0.19ms cost=0.0 pos=(-3.02,-2.98,-5.02) local=(-0.23,-0.25,-3.90) wbirth=(-2.80,-2.73,-1.13) ref=(-3.00,-3.00) leader=(0.00,0.00) fallbacks=0
[mpc_node-4] [INFO] [1783592079.909322509] [px4_2.mpc_node_2]: [d2] solve: status=0 time=0.20ms cost=0.0 pos=(0.01,-3.03,-4.98) local=(0.19,-0.01,-3.19) wbirth=(-0.18,-3.02,-1.79) ref=(0.00,-3.00) leader=(0.00,0.00) fallbacks=0
[mpc_node-8] [INFO] [1783592079.917710503] [px4_6.mpc_node_6]: [d6] solve: status=0 time=0.26ms cost=0.0 pos=(-3.02,2.97,-4.96) local=(-0.35,-0.00,-4.08) wbirth=(-2.67,2.97,-0.88) ref=(-3.00,3.00) leader=(0.00,0.00) fallbacks=0
[mpc_node-2] [INFO] [1783592079.921908116] [px4_0.mpc_node_0]: [d0] solve: status=0 time=0.18ms cost=0.0 pos=(-0.03,0.01,-5.01) local=(0.26,-0.12,-5.01) wbirth=(-0.29,0.13,0.00) ref=(0.00,0.00) leader=(0.00,0.00) fallbacks=0
[mpc_node-7] [INFO] [1783592079.943253584] [px4_5.mpc_node_5]: [d5] solve: status=0 time=0.20ms cost=0.0 pos=(3.01,2.98,-4.99) local=(0.14,0.01,-3.45) wbirth=(2.87,2.97,-1.54) ref=(3.00,3.00) leader=(0.00,0.00) fallbacks=0
[mpc_node-5] [INFO] [1783592080.864797950] [px4_3.mpc_node_3]: [d3] solve: status=0 time=0.28ms cost=0.0 pos=(3.00,-0.00,-5.00) local=(-0.38,-0.36,-4.47) wbirth=(3.38,0.36,-0.53) ref=(3.00,0.00) leader=(0.00,0.00) fallbacks=0
[mpc_node-6] [INFO] [1783592080.869354884] [px4_4.mpc_node_4]: [d4] solve: status=0 time=0.17ms cost=0.0 pos=(-3.03,0.03,-5.00) local=(-0.28,0.14,-2.97) wbirth=(-2.75,-0.12,-2.03) ref=(-3.00,0.00) leader=(0.00,0.00) fallbacks=0
[mpc_node-9] [INFO] [1783592080.886509386] [px4_7.mpc_node_7]: [d7] solve: status=0 time=0.24ms cost=0.0 pos=(2.98,-3.03,-5.04) local=(-0.37,-0.13,-4.67) wbirth=(3.35,-2.90,-0.37) ref=(3.00,-3.00) leader=(0.00,0.00) fallbacks=0
[mpc_node-3] [INFO] [1783592080.886859210] [px4_1.mpc_node_1]: [d1] solve: status=0 time=0.27ms cost=0.0 pos=(0.01,2.98,-4.99) local=(-0.05,-0.09,-3.39) wbirth=(0.07,3.06,-1.60) ref=(0.00,3.00) leader=(0.00,0.00) fallbacks=0
[mpc_node-10] [INFO] [1783592080.906790218] [px4_8.mpc_node_8]: [d8] solve: status=0 time=0.20ms cost=0.0 pos=(-2.99,-3.00,-4.98) local=(-0.19,-0.27,-3.85) wbirth=(-2.80,-2.73,-1.13) ref=(-3.00,-3.00) leader=(0.00,0.00) fallbacks=0
[mpc_node-4] [INFO] [1783592080.909863022] [px4_2.mpc_node_2]: [d2] solve: status=0 time=0.17ms cost=0.0 pos=(0.01,-2.98,-5.00) local=(0.19,0.04,-3.21) wbirth=(-0.18,-3.02,-1.79) ref=(0.00,-3.00) leader=(0.00,0.00) fallbacks=0
[mpc_node-8] [INFO] [1783592080.917488471] [px4_6.mpc_node_6]: [d6] solve: status=0 time=0.23ms cost=0.0 pos=(-3.01,3.00,-4.92) local=(-0.33,0.03,-4.04) wbirth=(-2.67,2.97,-0.88) ref=(-3.00,3.00) leader=(0.00,0.00) fallbacks=0
[mpc_node-2] [INFO] [1783592080.924445675] [px4_0.mpc_node_0]: [d0] solve: status=0 time=0.22ms cost=0.0 pos=(0.01,-0.01,-5.00) local=(0.30,-0.14,-5.00) wbirth=(-0.29,0.13,0.00) ref=(0.00,0.00) leader=(0.00,0.00) fallbacks=0
[mpc_node-7] [INFO] [1783592080.945258192] [px4_5.mpc_node_5]: [d5] solve: status=0 time=0.20ms cost=0.0 pos=(2.97,3.00,-5.04) local=(0.10,0.03,-3.51) wbirth=(2.87,2.97,-1.54) ref=(3.00,3.00) leader=(0.00,0.00) fallbacks=0
[mpc_node-5] [INFO] [1783592081.860562635] [px4_3.mpc_node_3]: [d3] solve: status=0 time=0.20ms cost=0.0 pos=(3.01,0.01,-4.97) local=(-0.37,-0.35,-4.44) wbirth=(3.38,0.36,-0.53) ref=(3.00,0.00) leader=(0.00,0.00) fallbacks=0
[mpc_node-6] [INFO] [1783592081.871961679] [px4_4.mpc_node_4]: [d4] solve: status=0 time=0.22ms cost=0.0 pos=(-3.01,-0.02,-5.01) local=(-0.26,0.09,-2.98) wbirth=(-2.75,-0.12,-2.03) ref=(-3.00,0.00) leader=(0.00,0.00) fallbacks=0
[mpc_node-9] [INFO] [1783592081.886836109] [px4_7.mpc_node_7]: [d7] solve: status=0 time=0.17ms cost=0.0 pos=(2.97,-3.01,-5.03) local=(-0.38,-0.10,-4.66) wbirth=(3.35,-2.90,-0.37) ref=(3.00,-3.00) leader=(0.00,0.00) fallbacks=0
[mpc_node-3] [INFO] [1783592081.887179150] [px4_1.mpc_node_1]: [d1] solve: status=0 time=0.17ms cost=0.0 pos=(-0.02,2.98,-5.00) local=(-0.09,-0.09,-3.41) wbirth=(0.07,3.06,-1.60) ref=(0.00,3.00) leader=(0.00,0.00) fallbacks=0
[mpc_node-10] [INFO] [1783592081.905826587] [px4_8.mpc_node_8]: [d8] solve: status=0 time=0.20ms cost=0.0 pos=(-2.97,-2.97,-4.99) local=(-0.17,-0.24,-3.86) wbirth=(-2.80,-2.73,-1.13) ref=(-3.00,-3.00) leader=(0.00,0.00) fallbacks=0
[mpc_node-4] [INFO] [1783592081.910763701] [px4_2.mpc_node_2]: [d2] solve: status=0 time=0.26ms cost=0.0 pos=(0.01,-3.03,-5.02) local=(0.19,-0.01,-3.23) wbirth=(-0.18,-3.02,-1.79) ref=(0.00,-3.00) leader=(0.00,0.00) fallbacks=0
[mpc_node-8] [INFO] [1783592081.916439542] [px4_6.mpc_node_6]: [d6] solve: status=0 time=0.17ms cost=0.0 pos=(-3.05,3.05,-5.02) local=(-0.38,0.08,-4.14) wbirth=(-2.67,2.97,-0.88) ref=(-3.00,3.00) leader=(0.00,0.00) fallbacks=0
[mpc_node-2] [INFO] [1783592081.925190057] [px4_0.mpc_node_0]: [d0] solve: status=0 time=0.25ms cost=0.0 pos=(0.01,-0.03,-5.02) local=(0.30,-0.16,-5.02) wbirth=(-0.29,0.13,0.00) ref=(0.00,0.00) leader=(0.00,0.00) fallbacks=0
[mpc_node-7] [INFO] [1783592081.942831193] [px4_5.mpc_node_5]: [d5] solve: status=0 time=0.17ms cost=0.0 pos=(3.06,2.99,-5.07) local=(0.19,0.02,-3.54) wbirth=(2.87,2.97,-1.54) ref=(3.00,3.00) leader=(0.00,0.00) fallbacks=0
[mpc_node-5] [INFO] [1783592082.860935208] [px4_3.mpc_node_3]: [d3] solve: status=0 time=0.27ms cost=0.0 pos=(3.01,-0.03,-4.97) local=(-0.37,-0.39,-4.43) wbirth=(3.38,0.36,-0.53) ref=(3.00,0.00) leader=(0.00,0.00) fallbacks=0
[mpc_node-6] [INFO] [1783592082.869303136] [px4_4.mpc_node_4]: [d4] solve: status=0 time=0.20ms cost=0.0 pos=(-3.03,-0.04,-4.96) local=(-0.28,0.08,-2.94) wbirth=(-2.75,-0.12,-2.03) ref=(-3.00,0.00) leader=(0.00,0.00) fallbacks=0
[mpc_node-9] [INFO] [1783592082.887257285] [px4_7.mpc_node_7]: [d7] solve: status=0 time=0.20ms cost=0.0 pos=(2.95,-3.02,-5.04) local=(-0.40,-0.12,-4.67) wbirth=(3.35,-2.90,-0.37) ref=(3.00,-3.00) leader=(0.00,0.00) fallbacks=0
[mpc_node-3] [INFO] [1783592082.887597382] [px4_1.mpc_node_1]: [d1] solve: status=0 time=0.20ms cost=0.0 pos=(-0.02,2.99,-4.95) local=(-0.09,-0.07,-3.36) wbirth=(0.07,3.06,-1.60) ref=(0.00,3.00) leader=(0.00,0.00) fallbacks=0
[mpc_node-10] [INFO] [1783592082.905114367] [px4_8.mpc_node_8]: [d8] solve: status=0 time=0.16ms cost=0.0 pos=(-2.97,-3.00,-4.99) local=(-0.17,-0.27,-3.87) wbirth=(-2.80,-2.73,-1.13) ref=(-3.00,-3.00) leader=(0.00,0.00) fallbacks=0
[mpc_node-4] [INFO] [1783592082.909681359] [px4_2.mpc_node_2]: [d2] solve: status=0 time=0.20ms cost=0.0 pos=(0.02,-2.98,-5.03) local=(0.20,0.04,-3.24) wbirth=(-0.18,-3.02,-1.79) ref=(0.00,-3.00) leader=(0.00,0.00) fallbacks=0
[mpc_node-8] [INFO] [1783592082.916915625] [px4_6.mpc_node_6]: [d6] solve: status=0 time=0.25ms cost=0.0 pos=(-2.97,3.03,-5.08) local=(-0.30,0.05,-4.20) wbirth=(-2.67,2.97,-0.88) ref=(-3.00,3.00) leader=(0.00,0.00) fallbacks=0
[mpc_node-2] [INFO] [1783592082.923464452] [px4_0.mpc_node_0]: [d0] solve: status=0 time=0.21ms cost=0.0 pos=(0.01,-0.04,-4.99) local=(0.29,-0.17,-4.99) wbirth=(-0.29,0.13,0.00) ref=(0.00,0.00) leader=(0.00,0.00) fallbacks=0
[mpc_node-7] [INFO] [1783592082.942935240] [px4_5.mpc_node_5]: [d5] solve: status=0 time=0.20ms cost=0.0 pos=(2.96,3.00,-4.99) local=(0.09,0.04,-3.46) wbirth=(2.87,2.97,-1.54) ref=(3.00,3.00) leader=(0.00,0.00) fallbacks=0
[mpc_node-5] [INFO] [1783592083.860686005] [px4_3.mpc_node_3]: [d3] solve: status=0 time=0.26ms cost=0.0 pos=(3.00,-0.00,-5.00) local=(-0.38,-0.36,-4.47) wbirth=(3.38,0.36,-0.53) ref=(3.00,0.00) leader=(0.00,0.00) fallbacks=0
[mpc_node-6] [INFO] [1783592083.869242389] [px4_4.mpc_node_4]: [d4] solve: status=0 time=0.20ms cost=0.0 pos=(-2.99,-0.03,-4.97) local=(-0.24,0.09,-2.94) wbirth=(-2.75,-0.12,-2.03) ref=(-3.00,0.00) leader=(0.00,0.00) fallbacks=0
[mpc_node-9] [INFO] [1783592083.887645522] [px4_7.mpc_node_7]: [d7] solve: status=0 time=0.27ms cost=0.0 pos=(2.99,-3.01,-5.06) local=(-0.36,-0.11,-4.69) wbirth=(3.35,-2.90,-0.37) ref=(3.00,-3.00) leader=(0.00,0.00) fallbacks=0
[mpc_node-3] [INFO] [1783592083.889102958] [px4_1.mpc_node_1]: [d1] solve: status=0 time=0.20ms cost=0.0 pos=(-0.01,3.03,-5.03) local=(-0.07,-0.04,-3.43) wbirth=(0.07,3.06,-1.60) ref=(0.00,3.00) leader=(0.00,0.00) fallbacks=0
[mpc_node-10] [INFO] [1783592083.905228164] [px4_8.mpc_node_8]: [d8] solve: status=0 time=0.20ms cost=0.0 pos=(-3.00,-3.01,-4.98) local=(-0.20,-0.28,-3.86) wbirth=(-2.80,-2.73,-1.13) ref=(-3.00,-3.00) leader=(0.00,0.00) fallbacks=0
[mpc_node-4] [INFO] [1783592083.909245198] [px4_2.mpc_node_2]: [d2] solve: status=0 time=0.20ms cost=0.0 pos=(0.01,-2.98,-4.99) local=(0.19,0.04,-3.20) wbirth=(-0.18,-3.02,-1.79) ref=(0.00,-3.00) leader=(0.00,0.00) fallbacks=0
[mpc_node-8] [INFO] [1783592083.916553800] [px4_6.mpc_node_6]: [d6] solve: status=0 time=0.18ms cost=0.0 pos=(-2.98,2.99,-5.02) local=(-0.30,0.01,-4.15) wbirth=(-2.67,2.97,-0.88) ref=(-3.00,3.00) leader=(0.00,0.00) fallbacks=0
[mpc_node-2] [INFO] [1783592083.923708578] [px4_0.mpc_node_0]: [d0] solve: status=0 time=0.18ms cost=0.0 pos=(-0.01,-0.01,-4.96) local=(0.28,-0.14,-4.96) wbirth=(-0.29,0.13,0.00) ref=(0.00,0.00) leader=(0.00,0.00) fallbacks=0
[mpc_node-7] [INFO] [1783592083.943505938] [px4_5.mpc_node_5]: [d5] solve: status=0 time=0.21ms cost=0.0 pos=(2.99,3.02,-5.01) local=(0.12,0.06,-3.47) wbirth=(2.87,2.97,-1.54) ref=(3.00,3.00) leader=(0.00,0.00) fallbacks=0
[mpc_node-5] [INFO] [1783592084.861085442] [px4_3.mpc_node_3]: [d3] solve: status=0 time=0.25ms cost=0.0 pos=(3.00,0.02,-5.05) local=(-0.38,-0.34,-4.52) wbirth=(3.38,0.36,-0.53) ref=(3.00,0.00) leader=(0.00,0.00) fallbacks=0
[mpc_node-6] [INFO] [1783592084.871589195] [px4_4.mpc_node_4]: [d4] solve: status=0 time=0.25ms cost=0.0 pos=(-3.01,-0.06,-4.99) local=(-0.26,0.06,-2.96) wbirth=(-2.75,-0.12,-2.03) ref=(-3.00,0.00) leader=(0.00,0.00) fallbacks=0
[mpc_node-3] [INFO] [1783592084.887042133] [px4_1.mpc_node_1]: [d1] solve: status=0 time=0.20ms cost=0.0 pos=(0.01,2.99,-5.00) local=(-0.06,-0.07,-3.41) wbirth=(0.07,3.06,-1.60) ref=(0.00,3.00) leader=(0.00,0.00) fallbacks=0
[mpc_node-9] [INFO] [1783592084.887765451] [px4_7.mpc_node_7]: [d7] solve: status=0 time=0.24ms cost=0.0 pos=(3.03,-2.99,-5.01) local=(-0.32,-0.08,-4.64) wbirth=(3.35,-2.90,-0.37) ref=(3.00,-3.00) leader=(0.00,0.00) fallbacks=0
[mpc_node-10] [INFO] [1783592084.907644859] [px4_8.mpc_node_8]: [d8] solve: status=0 time=0.37ms cost=0.0 pos=(-3.02,-3.01,-4.99) local=(-0.23,-0.28,-3.87) wbirth=(-2.80,-2.73,-1.13) ref=(-3.00,-3.00) leader=(0.00,0.00) fallbacks=0
[mpc_node-4] [INFO] [1783592084.909363696] [px4_2.mpc_node_2]: [d2] solve: status=0 time=0.20ms cost=0.0 pos=(-0.03,-3.02,-4.96) local=(0.15,0.00,-3.17) wbirth=(-0.18,-3.02,-1.79) ref=(0.00,-3.00) leader=(0.00,0.00) fallbacks=0
[mpc_node-8] [INFO] [1783592084.916937335] [px4_6.mpc_node_6]: [d6] solve: status=0 time=0.24ms cost=0.0 pos=(-2.99,3.05,-5.01) local=(-0.31,0.08,-4.13) wbirth=(-2.67,2.97,-0.88) ref=(-3.00,3.00) leader=(0.00,0.00) fallbacks=0
[mpc_node-2] [INFO] [1783592084.922346083] [px4_0.mpc_node_0]: [d0] solve: status=0 time=0.20ms cost=0.0 pos=(-0.03,-0.02,-5.02) local=(0.26,-0.14,-5.02) wbirth=(-0.29,0.13,0.00) ref=(0.00,0.00) leader=(0.00,0.00) fallbacks=0
[mpc_node-7] [INFO] [1783592084.942903769] [px4_5.mpc_node_5]: [d5] solve: status=0 time=0.20ms cost=0.0 pos=(3.01,3.01,-4.94) local=(0.14,0.04,-3.41) wbirth=(2.87,2.97,-1.54) ref=(3.00,3.00) leader=(0.00,0.00) fallbacks=0
[mpc_node-5] [INFO] [1783592085.859973186] [px4_3.mpc_node_3]: [d3] solve: status=0 time=0.21ms cost=0.0 pos=(2.99,0.03,-5.06) local=(-0.40,-0.33,-4.52) wbirth=(3.38,0.36,-0.53) ref=(3.00,0.00) leader=(0.00,0.00) fallbacks=0
[mpc_node-6] [INFO] [1783592085.870551590] [px4_4.mpc_node_4]: [d4] solve: status=0 time=0.20ms cost=0.0 pos=(-2.96,-0.01,-5.00) local=(-0.21,0.11,-2.97) wbirth=(-2.75,-0.12,-2.03) ref=(-3.00,0.00) leader=(0.00,0.00) fallbacks=0
[mpc_node-9] [INFO] [1783592085.886621099] [px4_7.mpc_node_7]: [d7] solve: status=0 time=0.17ms cost=0.0 pos=(3.00,-3.01,-4.97) local=(-0.36,-0.11,-4.60) wbirth=(3.35,-2.90,-0.37) ref=(3.00,-3.00) leader=(0.00,0.00) fallbacks=0
[mpc_node-3] [INFO] [1783592085.888009278] [px4_1.mpc_node_1]: [d1] solve: status=0 time=0.17ms cost=0.0 pos=(-0.01,2.99,-4.98) local=(-0.08,-0.08,-3.38) wbirth=(0.07,3.06,-1.60) ref=(0.00,3.00) leader=(0.00,0.00) fallbacks=0
[mpc_node-10] [INFO] [1783592085.905507485] [px4_8.mpc_node_8]: [d8] solve: status=0 time=0.20ms cost=0.0 pos=(-3.01,-3.02,-5.01) local=(-0.21,-0.29,-3.89) wbirth=(-2.80,-2.73,-1.13) ref=(-3.00,-3.00) leader=(0.00,0.00) fallbacks=0
[mpc_node-4] [INFO] [1783592085.909300876] [px4_2.mpc_node_2]: [d2] solve: status=0 time=0.17ms cost=0.0 pos=(-0.03,-3.01,-5.02) local=(0.15,0.01,-3.23) wbirth=(-0.18,-3.02,-1.79) ref=(0.00,-3.00) leader=(0.00,0.00) fallbacks=0
[mpc_node-8] [INFO] [1783592085.916672206] [px4_6.mpc_node_6]: [d6] solve: status=0 time=0.31ms cost=0.0 pos=(-2.94,3.03,-5.03) local=(-0.27,0.05,-4.15) wbirth=(-2.67,2.97,-0.88) ref=(-3.00,3.00) leader=(0.00,0.00) fallbacks=0
[mpc_node-2] [INFO] [1783592085.922850805] [px4_0.mpc_node_0]: [d0] solve: status=0 time=0.21ms cost=0.0 pos=(0.03,-0.01,-5.03) local=(0.32,-0.14,-5.03) wbirth=(-0.29,0.13,0.00) ref=(0.00,0.00) leader=(0.00,0.00) fallbacks=0
[mpc_node-7] [INFO] [1783592085.943977356] [px4_5.mpc_node_5]: [d5] solve: status=0 time=0.17ms cost=0.0 pos=(3.02,2.98,-5.00) local=(0.15,0.02,-3.47) wbirth=(2.87,2.97,-1.54) ref=(3.00,3.00) leader=(0.00,0.00) fallbacks=0
[mpc_node-5] [INFO] [1783592086.861717131] [px4_3.mpc_node_3]: [d3] solve: status=0 time=0.21ms cost=0.0 pos=(3.04,-0.01,-5.07) local=(-0.34,-0.37,-4.53) wbirth=(3.38,0.36,-0.53) ref=(3.00,0.00) leader=(0.00,0.00) fallbacks=0
[mpc_node-6] [INFO] [1783592086.869884947] [px4_4.mpc_node_4]: [d4] solve: status=0 time=0.20ms cost=0.0 pos=(-2.99,-0.03,-5.00) local=(-0.23,0.09,-2.98) wbirth=(-2.75,-0.12,-2.03) ref=(-3.00,0.00) leader=(0.00,0.00) fallbacks=0
[mpc_node-9] [INFO] [1783592086.886648339] [px4_7.mpc_node_7]: [d7] solve: status=0 time=0.20ms cost=0.0 pos=(2.98,-2.98,-4.94) local=(-0.37,-0.08,-4.57) wbirth=(3.35,-2.90,-0.37) ref=(3.00,-3.00) leader=(0.00,0.00) fallbacks=0
[mpc_node-3] [INFO] [1783592086.886878743] [px4_1.mpc_node_1]: [d1] solve: status=0 time=0.20ms cost=0.0 pos=(-0.03,2.99,-5.05) local=(-0.10,-0.08,-3.45) wbirth=(0.07,3.06,-1.60) ref=(0.00,3.00) leader=(0.00,0.00) fallbacks=0
[mpc_node-10] [INFO] [1783592086.905527919] [px4_8.mpc_node_8]: [d8] solve: status=0 time=0.20ms cost=0.0 pos=(-3.03,-3.02,-4.97) local=(-0.23,-0.29,-3.84) wbirth=(-2.80,-2.73,-1.13) ref=(-3.00,-3.00) leader=(0.00,0.00) fallbacks=0
[mpc_node-4] [INFO] [1783592086.909769480] [px4_2.mpc_node_2]: [d2] solve: status=0 time=0.17ms cost=0.0 pos=(-0.01,-2.98,-5.00) local=(0.17,0.04,-3.21) wbirth=(-0.18,-3.02,-1.79) ref=(0.00,-3.00) leader=(0.00,0.00) fallbacks=0
[mpc_node-8] [INFO] [1783592086.917414961] [px4_6.mpc_node_6]: [d6] solve: status=0 time=0.18ms cost=0.0 pos=(-3.01,2.97,-5.02) local=(-0.33,-0.00,-4.14) wbirth=(-2.67,2.97,-0.88) ref=(-3.00,3.00) leader=(0.00,0.00) fallbacks=0
[mpc_node-2] [INFO] [1783592086.922756349] [px4_0.mpc_node_0]: [d0] solve: status=0 time=0.22ms cost=0.0 pos=(-0.00,0.00,-4.98) local=(0.29,-0.13,-4.98) wbirth=(-0.29,0.13,0.00) ref=(0.00,0.00) leader=(0.00,0.00) fallbacks=0
[mpc_node-7] [INFO] [1783592086.942865773] [px4_5.mpc_node_5]: [d5] solve: status=0 time=0.20ms cost=0.0 pos=(3.01,2.97,-4.98) local=(0.14,0.01,-3.45) wbirth=(2.87,2.97,-1.54) ref=(3.00,3.00) leader=(0.00,0.00) fallbacks=0
[mpc_node-5] [INFO] [1783592087.863414855] [px4_3.mpc_node_3]: [d3] solve: status=0 time=0.17ms cost=0.0 pos=(2.94,-0.03,-5.05) local=(-0.44,-0.39,-4.52) wbirth=(3.38,0.36,-0.53) ref=(3.00,0.00) leader=(0.00,0.00) fallbacks=0
[mpc_node-6] [INFO] [1783592087.869247140] [px4_4.mpc_node_4]: [d4] solve: status=0 time=0.20ms cost=0.0 pos=(-2.99,0.02,-5.05) local=(-0.24,0.13,-3.03) wbirth=(-2.75,-0.12,-2.03) ref=(-3.00,0.00) leader=(0.00,0.00) fallbacks=0
[mpc_node-9] [INFO] [1783592087.886184984] [px4_7.mpc_node_7]: [d7] solve: status=0 time=0.20ms cost=0.0 pos=(3.00,-3.01,-5.02) local=(-0.36,-0.11,-4.65) wbirth=(3.35,-2.90,-0.37) ref=(3.00,-3.00) leader=(0.00,0.00) fallbacks=0
[mpc_node-3] [INFO] [1783592087.890219528] [px4_1.mpc_node_1]: [d1] solve: status=0 time=0.17ms cost=0.0 pos=(-0.01,3.00,-5.02) local=(-0.07,-0.06,-3.42) wbirth=(0.07,3.06,-1.60) ref=(0.00,3.00) leader=(0.00,0.00) fallbacks=0
[mpc_node-10] [INFO] [1783592087.905127651] [px4_8.mpc_node_8]: [d8] solve: status=0 time=0.20ms cost=0.0 pos=(-3.00,-3.00,-4.98) local=(-0.20,-0.27,-3.85) wbirth=(-2.80,-2.73,-1.13) ref=(-3.00,-3.00) leader=(0.00,0.00) fallbacks=0
[mpc_node-4] [INFO] [1783592087.909270758] [px4_2.mpc_node_2]: [d2] solve: status=0 time=0.20ms cost=0.0 pos=(0.02,-2.99,-5.02) local=(0.20,0.03,-3.23) wbirth=(-0.18,-3.02,-1.79) ref=(0.00,-3.00) leader=(0.00,0.00) fallbacks=0
[mpc_node-8] [INFO] [1783592087.916449447] [px4_6.mpc_node_6]: [d6] solve: status=0 time=0.18ms cost=0.0 pos=(-3.06,3.00,-4.99) local=(-0.38,0.03,-4.11) wbirth=(-2.67,2.97,-0.88) ref=(-3.00,3.00) leader=(0.00,0.00) fallbacks=0
[mpc_node-2] [INFO] [1783592087.921942814] [px4_0.mpc_node_0]: [d0] solve: status=0 time=0.21ms cost=0.0 pos=(0.00,0.01,-4.99) local=(0.29,-0.12,-4.99) wbirth=(-0.29,0.13,0.00) ref=(0.00,0.00) leader=(0.00,0.00) fallbacks=0
[mpc_node-7] [INFO] [1783592087.943494871] [px4_5.mpc_node_5]: [d5] solve: status=0 time=0.20ms cost=0.0 pos=(2.98,3.01,-5.03) local=(0.11,0.05,-3.50) wbirth=(2.87,2.97,-1.54) ref=(3.00,3.00) leader=(0.00,0.00) fallbacks=0
[mpc_node-5] [INFO] [1783592088.864137428] [px4_3.mpc_node_3]: [d3] solve: status=0 time=0.22ms cost=0.0 pos=(2.98,-0.00,-5.04) local=(-0.41,-0.36,-4.50) wbirth=(3.38,0.36,-0.53) ref=(3.00,0.00) leader=(0.00,0.00) fallbacks=0
[mpc_node-6] [INFO] [1783592088.869146580] [px4_4.mpc_node_4]: [d4] solve: status=0 time=0.17ms cost=0.0 pos=(-2.99,0.02,-5.00) local=(-0.24,0.13,-2.97) wbirth=(-2.75,-0.12,-2.03) ref=(-3.00,0.00) leader=(0.00,0.00) fallbacks=0
[mpc_node-9] [INFO] [1783592088.885860098] [px4_7.mpc_node_7]: [d7] solve: status=0 time=0.17ms cost=0.0 pos=(3.01,-3.02,-4.99) local=(-0.34,-0.12,-4.62) wbirth=(3.35,-2.90,-0.37) ref=(3.00,-3.00) leader=(0.00,0.00) fallbacks=0
[mpc_node-3] [INFO] [1783592088.888226249] [px4_1.mpc_node_1]: [d1] solve: status=0 time=0.23ms cost=0.0 pos=(0.01,3.04,-5.00) local=(-0.05,-0.03,-3.41) wbirth=(0.07,3.06,-1.60) ref=(0.00,3.00) leader=(0.00,0.00) fallbacks=0
[mpc_node-10] [INFO] [1783592088.905192733] [px4_8.mpc_node_8]: [d8] solve: status=0 time=0.20ms cost=0.0 pos=(-2.98,-3.00,-4.96) local=(-0.18,-0.27,-3.83) wbirth=(-2.80,-2.73,-1.13) ref=(-3.00,-3.00) leader=(0.00,0.00) fallbacks=0
[mpc_node-4] [INFO] [1783592088.909868180] [px4_2.mpc_node_2]: [d2] solve: status=0 time=0.20ms cost=0.0 pos=(-0.03,-3.00,-4.98) local=(0.15,0.02,-3.19) wbirth=(-0.18,-3.02,-1.79) ref=(0.00,-3.00) leader=(0.00,0.00) fallbacks=0
[mpc_node-8] [INFO] [1783592088.917367480] [px4_6.mpc_node_6]: [d6] solve: status=0 time=0.21ms cost=0.0 pos=(-2.99,2.97,-4.98) local=(-0.32,-0.00,-4.10) wbirth=(-2.67,2.97,-0.88) ref=(-3.00,3.00) leader=(0.00,0.00) fallbacks=0
[mpc_node-2] [INFO] [1783592088.921795250] [px4_0.mpc_node_0]: [d0] solve: status=0 time=0.18ms cost=0.0 pos=(-0.01,0.02,-5.00) local=(0.28,-0.11,-5.00) wbirth=(-0.29,0.13,0.00) ref=(0.00,0.00) leader=(0.00,0.00) fallbacks=0
[mpc_node-7] [INFO] [1783592088.943271075] [px4_5.mpc_node_5]: [d5] solve: status=0 time=0.24ms cost=0.0 pos=(3.02,3.02,-5.03) local=(0.15,0.05,-3.50) wbirth=(2.87,2.97,-1.54) ref=(3.00,3.00) leader=(0.00,0.00) fallbacks=0
[mpc_node-5] [INFO] [1783592089.864963155] [px4_3.mpc_node_3]: [d3] solve: status=0 time=0.21ms cost=0.0 pos=(3.01,0.02,-5.01) local=(-0.37,-0.34,-4.47) wbirth=(3.38,0.36,-0.53) ref=(3.00,0.00) leader=(0.00,0.00) fallbacks=0
[mpc_node-6] [INFO] [1783592089.869216514] [px4_4.mpc_node_4]: [d4] solve: status=0 time=0.17ms cost=0.0 pos=(-3.01,-0.01,-4.96) local=(-0.26,0.11,-2.93) wbirth=(-2.75,-0.12,-2.03) ref=(-3.00,0.00) leader=(0.00,0.00) fallbacks=0
[mpc_node-9] [INFO] [1783592089.885848842] [px4_7.mpc_node_7]: [d7] solve: status=0 time=0.20ms cost=0.0 pos=(2.95,-3.01,-5.02) local=(-0.40,-0.10,-4.65) wbirth=(3.35,-2.90,-0.37) ref=(3.00,-3.00) leader=(0.00,0.00) fallbacks=0
[mpc_node-3] [INFO] [1783592089.886914975] [px4_1.mpc_node_1]: [d1] solve: status=0 time=0.20ms cost=0.0 pos=(0.02,3.00,-5.08) local=(-0.05,-0.06,-3.48) wbirth=(0.07,3.06,-1.60) ref=(0.00,3.00) leader=(0.00,0.00) fallbacks=0
[mpc_node-10] [INFO] [1783592089.905991170] [px4_8.mpc_node_8]: [d8] solve: status=0 time=0.20ms cost=0.0 pos=(-3.05,-3.00,-5.02) local=(-0.26,-0.27,-3.89) wbirth=(-2.80,-2.73,-1.13) ref=(-3.00,-3.00) leader=(0.00,0.00) fallbacks=0
[mpc_node-4] [INFO] [1783592089.909482222] [px4_2.mpc_node_2]: [d2] solve: status=0 time=0.17ms cost=0.0 pos=(-0.03,-2.99,-4.96) local=(0.16,0.03,-3.17) wbirth=(-0.18,-3.02,-1.79) ref=(0.00,-3.00) leader=(0.00,0.00) fallbacks=0
[mpc_node-8] [INFO] [1783592089.917504371] [px4_6.mpc_node_6]: [d6] solve: status=0 time=0.21ms cost=0.0 pos=(-2.94,2.98,-4.98) local=(-0.27,0.00,-4.10) wbirth=(-2.67,2.97,-0.88) ref=(-3.00,3.00) leader=(0.00,0.00) fallbacks=0
[mpc_node-2] [INFO] [1783592089.922663563] [px4_0.mpc_node_0]: [d0] solve: status=0 time=0.18ms cost=0.0 pos=(-0.03,-0.01,-5.00) local=(0.26,-0.14,-5.00) wbirth=(-0.29,0.13,0.00) ref=(0.00,0.00) leader=(0.00,0.00) fallbacks=0
[mpc_node-7] [INFO] [1783592089.944942774] [px4_5.mpc_node_5]: [d5] solve: status=0 time=0.17ms cost=0.0 pos=(3.00,3.00,-4.99) local=(0.13,0.03,-3.45) wbirth=(2.87,2.97,-1.54) ref=(3.00,3.00) leader=(0.00,0.00) fallbacks=0
[mpc_node-5] [INFO] [1783592090.859736681] [px4_3.mpc_node_3]: [d3] solve: status=0 time=0.17ms cost=0.0 pos=(2.97,-0.02,-4.96) local=(-0.41,-0.38,-4.43) wbirth=(3.38,0.36,-0.53) ref=(3.00,0.00) leader=(0.00,0.00) fallbacks=0
[mpc_node-6] [INFO] [1783592090.870928277] [px4_4.mpc_node_4]: [d4] solve: status=0 time=0.17ms cost=0.0 pos=(-3.01,0.01,-4.94) local=(-0.26,0.12,-2.91) wbirth=(-2.75,-0.12,-2.03) ref=(-3.00,0.00) leader=(0.00,0.00) fallbacks=0
[mpc_node-3] [INFO] [1783592090.887150734] [px4_1.mpc_node_1]: [d1] solve: status=0 time=0.20ms cost=0.0 pos=(-0.01,2.96,-5.04) local=(-0.07,-0.10,-3.44) wbirth=(0.07,3.06,-1.60) ref=(0.00,3.00) leader=(0.00,0.00) fallbacks=0
[mpc_node-9] [INFO] [1783592090.887972625] [px4_7.mpc_node_7]: [d7] solve: status=0 time=0.24ms cost=0.0 pos=(3.03,-2.97,-4.98) local=(-0.33,-0.07,-4.61) wbirth=(3.35,-2.90,-0.37) ref=(3.00,-3.00) leader=(0.00,0.00) fallbacks=0
[mpc_node-10] [INFO] [1783592090.905244429] [px4_8.mpc_node_8]: [d8] solve: status=0 time=0.17ms cost=0.0 pos=(-3.06,-3.03,-5.01) local=(-0.26,-0.30,-3.88) wbirth=(-2.80,-2.73,-1.13) ref=(-3.00,-3.00) leader=(0.00,0.00) fallbacks=0
[mpc_node-4] [INFO] [1783592090.909210122] [px4_2.mpc_node_2]: [d2] solve: status=0 time=0.20ms cost=0.0 pos=(-0.00,-3.00,-5.00) local=(0.18,0.02,-3.21) wbirth=(-0.18,-3.02,-1.79) ref=(0.00,-3.00) leader=(0.00,0.00) fallbacks=0
[mpc_node-8] [INFO] [1783592090.916610333] [px4_6.mpc_node_6]: [d6] solve: status=0 time=0.18ms cost=0.0 pos=(-3.00,2.99,-5.02) local=(-0.32,0.02,-4.14) wbirth=(-2.67,2.97,-0.88) ref=(-3.00,3.00) leader=(0.00,0.00) fallbacks=0
[mpc_node-2] [INFO] [1783592090.922611513] [px4_0.mpc_node_0]: [d0] solve: status=0 time=0.21ms cost=0.0 pos=(0.01,-0.02,-5.01) local=(0.29,-0.15,-5.01) wbirth=(-0.29,0.13,0.00) ref=(0.00,0.00) leader=(0.00,0.00) fallbacks=0
[mpc_node-7] [INFO] [1783592090.943618393] [px4_5.mpc_node_5]: [d5] solve: status=0 time=0.18ms cost=0.0 pos=(2.97,2.98,-4.96) local=(0.10,0.01,-3.42) wbirth=(2.87,2.97,-1.54) ref=(3.00,3.00) leader=(0.00,0.00) fallbacks=0
[mpc_node-5] [INFO] [1783592091.861961714] [px4_3.mpc_node_3]: [d3] solve: status=0 time=0.18ms cost=0.0 pos=(2.97,0.01,-5.04) local=(-0.41,-0.34,-4.50) wbirth=(3.38,0.36,-0.53) ref=(3.00,0.00) leader=(0.00,0.00) fallbacks=0
[mpc_node-6] [INFO] [1783592091.869365771] [px4_4.mpc_node_4]: [d4] solve: status=0 time=0.17ms cost=0.0 pos=(-3.04,-0.01,-5.02) local=(-0.29,0.11,-2.99) wbirth=(-2.75,-0.12,-2.03) ref=(-3.00,0.00) leader=(0.00,0.00) fallbacks=0
[mpc_node-9] [INFO] [1783592091.885874421] [px4_7.mpc_node_7]: [d7] solve: status=0 time=0.17ms cost=0.0 pos=(2.98,-2.99,-5.01) local=(-0.38,-0.09,-4.63) wbirth=(3.35,-2.90,-0.37) ref=(3.00,-3.00) leader=(0.00,0.00) fallbacks=0
[mpc_node-3] [INFO] [1783592091.886784031] [px4_1.mpc_node_1]: [d1] solve: status=0 time=0.21ms cost=0.0 pos=(-0.01,3.01,-5.06) local=(-0.07,-0.05,-3.46) wbirth=(0.07,3.06,-1.60) ref=(0.00,3.00) leader=(0.00,0.00) fallbacks=0
[mpc_node-10] [INFO] [1783592091.905389135] [px4_8.mpc_node_8]: [d8] solve: status=0 time=0.20ms cost=0.0 pos=(-3.02,-3.02,-5.00) local=(-0.22,-0.28,-3.87) wbirth=(-2.80,-2.73,-1.13) ref=(-3.00,-3.00) leader=(0.00,0.00) fallbacks=0
[mpc_node-4] [INFO] [1783592091.909695764] [px4_2.mpc_node_2]: [d2] solve: status=0 time=0.21ms cost=0.0 pos=(-0.02,-3.00,-5.02) local=(0.16,0.02,-3.23) wbirth=(-0.18,-3.02,-1.79) ref=(0.00,-3.00) leader=(0.00,0.00) fallbacks=0
[mpc_node-8] [INFO] [1783592091.917738667] [px4_6.mpc_node_6]: [d6] solve: status=0 time=0.17ms cost=0.0 pos=(-3.02,3.02,-5.01) local=(-0.34,0.05,-4.13) wbirth=(-2.67,2.97,-0.88) ref=(-3.00,3.00) leader=(0.00,0.00) fallbacks=0
[mpc_node-2] [INFO] [1783592091.922395378] [px4_0.mpc_node_0]: [d0] solve: status=0 time=0.17ms cost=0.0 pos=(-0.02,-0.00,-4.99) local=(0.27,-0.13,-4.99) wbirth=(-0.29,0.13,0.00) ref=(0.00,0.00) leader=(0.00,0.00) fallbacks=0
[mpc_node-7] [INFO] [1783592091.943702023] [px4_5.mpc_node_5]: [d5] solve: status=0 time=0.17ms cost=0.0 pos=(3.01,3.01,-5.01) local=(0.14,0.04,-3.48) wbirth=(2.87,2.97,-1.54) ref=(3.00,3.00) leader=(0.00,0.00) fallbacks=0
[mpc_node-5] [INFO] [1783592092.862590279] [px4_3.mpc_node_3]: [d3] solve: status=0 time=0.21ms cost=0.0 pos=(2.99,0.01,-4.99) local=(-0.39,-0.35,-4.46) wbirth=(3.38,0.36,-0.53) ref=(3.00,0.00) leader=(0.00,0.00) fallbacks=0
[mpc_node-6] [INFO] [1783592092.869373299] [px4_4.mpc_node_4]: [d4] solve: status=0 time=0.20ms cost=0.0 pos=(-3.00,0.01,-5.03) local=(-0.25,0.13,-3.00) wbirth=(-2.75,-0.12,-2.03) ref=(-3.00,0.00) leader=(0.00,0.00) fallbacks=0
[mpc_node-9] [INFO] [1783592092.886097707] [px4_7.mpc_node_7]: [d7] solve: status=0 time=0.17ms cost=0.0 pos=(3.08,-3.00,-5.00) local=(-0.27,-0.10,-4.63) wbirth=(3.35,-2.90,-0.37) ref=(3.00,-3.00) leader=(0.00,0.00) fallbacks=0
[mpc_node-3] [INFO] [1783592092.889989050] [px4_1.mpc_node_1]: [d1] solve: status=0 time=0.22ms cost=0.0 pos=(0.02,2.99,-5.01) local=(-0.05,-0.08,-3.41) wbirth=(0.07,3.06,-1.60) ref=(0.00,3.00) leader=(0.00,0.00) fallbacks=0
[mpc_node-10] [INFO] [1783592092.905662134] [px4_8.mpc_node_8]: [d8] solve: status=0 time=0.17ms cost=0.0 pos=(-2.96,-3.01,-5.02) local=(-0.17,-0.28,-3.89) wbirth=(-2.80,-2.73,-1.13) ref=(-3.00,-3.00) leader=(0.00,0.00) fallbacks=0
[mpc_node-4] [INFO] [1783592092.909335769] [px4_2.mpc_node_2]: [d2] solve: status=0 time=0.17ms cost=0.0 pos=(0.03,-3.00,-5.01) local=(0.21,0.02,-3.22) wbirth=(-0.18,-3.02,-1.79) ref=(0.00,-3.00) leader=(0.00,0.00) fallbacks=0
[mpc_node-8] [INFO] [1783592092.916826529] [px4_6.mpc_node_6]: [d6] solve: status=0 time=0.21ms cost=0.0 pos=(-3.00,3.02,-4.99) local=(-0.33,0.05,-4.11) wbirth=(-2.67,2.97,-0.88) ref=(-3.00,3.00) leader=(0.00,0.00) fallbacks=0
[mpc_node-2] [INFO] [1783592092.923736858] [px4_0.mpc_node_0]: [d0] solve: status=0 time=0.21ms cost=0.0 pos=(-0.02,-0.01,-5.05) local=(0.27,-0.14,-5.05) wbirth=(-0.29,0.13,0.00) ref=(0.00,0.00) leader=(0.00,0.00) fallbacks=0
[mpc_node-7] [INFO] [1783592092.944488479] [px4_5.mpc_node_5]: [d5] solve: status=0 time=0.21ms cost=0.0 pos=(3.00,3.03,-4.98) local=(0.13,0.06,-3.44) wbirth=(2.87,2.97,-1.54) ref=(3.00,3.00) leader=(0.00,0.00) fallbacks=0
[mpc_node-5] [INFO] [1783592093.863828148] [px4_3.mpc_node_3]: [d3] solve: status=0 time=0.21ms cost=0.0 pos=(3.04,0.03,-5.01) local=(-0.34,-0.33,-4.48) wbirth=(3.38,0.36,-0.53) ref=(3.00,0.00) leader=(0.00,0.00) fallbacks=0
[mpc_node-6] [INFO] [1783592093.870675199] [px4_4.mpc_node_4]: [d4] solve: status=0 time=0.26ms cost=0.0 pos=(-3.05,-0.03,-5.00) local=(-0.29,0.09,-2.98) wbirth=(-2.75,-0.12,-2.03) ref=(-3.00,0.00) leader=(0.00,0.00) fallbacks=0
[mpc_node-3] [INFO] [1783592093.886676102] [px4_1.mpc_node_1]: [d1] solve: status=0 time=0.22ms cost=0.0 pos=(0.02,2.98,-4.98) local=(-0.05,-0.09,-3.38) wbirth=(0.07,3.06,-1.60) ref=(0.00,3.00) leader=(0.00,0.00) fallbacks=0
[mpc_node-9] [INFO] [1783592093.886752685] [px4_7.mpc_node_7]: [d7] solve: status=0 time=0.26ms cost=0.0 pos=(3.09,-2.98,-5.05) local=(-0.27,-0.08,-4.68) wbirth=(3.35,-2.90,-0.37) ref=(3.00,-3.00) leader=(0.00,0.00) fallbacks=0
[mpc_node-10] [INFO] [1783592093.905638619] [px4_8.mpc_node_8]: [d8] solve: status=0 time=0.20ms cost=0.0 pos=(-2.94,-3.01,-5.01) local=(-0.14,-0.27,-3.88) wbirth=(-2.80,-2.73,-1.13) ref=(-3.00,-3.00) leader=(0.00,0.00) fallbacks=0
[mpc_node-4] [INFO] [1783592093.910156507] [px4_2.mpc_node_2]: [d2] solve: status=0 time=0.20ms cost=0.0 pos=(0.00,-3.03,-5.02) local=(0.18,-0.01,-3.23) wbirth=(-0.18,-3.02,-1.79) ref=(0.00,-3.00) leader=(0.00,0.00) fallbacks=0
[mpc_node-8] [INFO] [1783592093.918500157] [px4_6.mpc_node_6]: [d6] solve: status=0 time=0.22ms cost=0.0 pos=(-3.00,2.99,-5.03) local=(-0.33,0.01,-4.15) wbirth=(-2.67,2.97,-0.88) ref=(-3.00,3.00) leader=(0.00,0.00) fallbacks=0
[mpc_node-2] [INFO] [1783592093.925427447] [px4_0.mpc_node_0]: [d0] solve: status=0 time=0.28ms cost=0.0 pos=(-0.04,-0.01,-5.04) local=(0.25,-0.14,-5.04) wbirth=(-0.29,0.13,0.00) ref=(0.00,0.00) leader=(0.00,0.00) fallbacks=0
[mpc_node-7] [INFO] [1783592093.946148377] [px4_5.mpc_node_5]: [d5] solve: status=0 time=0.20ms cost=0.0 pos=(3.04,2.99,-4.92) local=(0.17,0.02,-3.39) wbirth=(2.87,2.97,-1.54) ref=(3.00,3.00) leader=(0.00,0.00) fallbacks=0
[mpc_node-5] [INFO] [1783592094.859768658] [px4_3.mpc_node_3]: [d3] solve: status=0 time=0.20ms cost=0.0 pos=(3.00,0.02,-5.00) local=(-0.38,-0.34,-4.46) wbirth=(3.38,0.36,-0.53) ref=(3.00,0.00) leader=(0.00,0.00) fallbacks=0
[mpc_node-6] [INFO] [1783592094.869985028] [px4_4.mpc_node_4]: [d4] solve: status=0 time=0.20ms cost=0.0 pos=(-2.96,-0.00,-5.02) local=(-0.21,0.11,-2.99) wbirth=(-2.75,-0.12,-2.03) ref=(-3.00,0.00) leader=(0.00,0.00) fallbacks=0
[mpc_node-9] [INFO] [1783592094.885873794] [px4_7.mpc_node_7]: [d7] solve: status=0 time=0.20ms cost=0.0 pos=(2.97,-3.00,-5.05) local=(-0.38,-0.10,-4.68) wbirth=(3.35,-2.90,-0.37) ref=(3.00,-3.00) leader=(0.00,0.00) fallbacks=0
[mpc_node-3] [INFO] [1783592094.886831416] [px4_1.mpc_node_1]: [d1] solve: status=0 time=0.17ms cost=0.0 pos=(-0.04,3.01,-4.99) local=(-0.11,-0.06,-3.39) wbirth=(0.07,3.06,-1.60) ref=(0.00,3.00) leader=(0.00,0.00) fallbacks=0
[mpc_node-10] [INFO] [1783592094.906515267] [px4_8.mpc_node_8]: [d8] solve: status=0 time=0.26ms cost=0.0 pos=(-2.98,-2.96,-4.98) local=(-0.18,-0.23,-3.85) wbirth=(-2.80,-2.73,-1.13) ref=(-3.00,-3.00) leader=(0.00,0.00) fallbacks=0
[mpc_node-4] [INFO] [1783592094.909627815] [px4_2.mpc_node_2]: [d2] solve: status=0 time=0.17ms cost=0.0 pos=(0.05,-2.98,-5.01) local=(0.23,0.04,-3.22) wbirth=(-0.18,-3.02,-1.79) ref=(0.00,-3.00) leader=(0.00,0.00) fallbacks=0
[mpc_node-8] [INFO] [1783592094.916961304] [px4_6.mpc_node_6]: [d6] solve: status=0 time=0.21ms cost=0.0 pos=(-3.01,3.01,-5.04) local=(-0.34,0.04,-4.16) wbirth=(-2.67,2.97,-0.88) ref=(-3.00,3.00) leader=(0.00,0.00) fallbacks=0
[mpc_node-2] [INFO] [1783592094.923336027] [px4_0.mpc_node_0]: [d0] solve: status=0 time=0.21ms cost=0.0 pos=(0.03,0.01,-5.09) local=(0.32,-0.12,-5.09) wbirth=(-0.29,0.13,0.00) ref=(0.00,0.00) leader=(0.00,0.00) fallbacks=0
[mpc_node-7] [INFO] [1783592094.943552869] [px4_5.mpc_node_5]: [d5] solve: status=0 time=0.20ms cost=0.0 pos=(3.00,3.02,-4.95) local=(0.13,0.06,-3.41) wbirth=(2.87,2.97,-1.54) ref=(3.00,3.00) leader=(0.00,0.00) fallbacks=0
[mpc_node-5] [INFO] [1783592095.859733063] [px4_3.mpc_node_3]: [d3] solve: status=0 time=0.20ms cost=0.0 pos=(3.01,0.01,-4.97) local=(-0.37,-0.35,-4.44) wbirth=(3.38,0.36,-0.53) ref=(3.00,0.00) leader=(0.00,0.00) fallbacks=0
[mpc_node-6] [INFO] [1783592095.870794361] [px4_4.mpc_node_4]: [d4] solve: status=0 time=0.20ms cost=0.0 pos=(-2.99,0.01,-5.04) local=(-0.23,0.13,-3.01) wbirth=(-2.75,-0.12,-2.03) ref=(-3.00,0.00) leader=(0.00,0.00) fallbacks=0
[mpc_node-3] [INFO] [1783592095.887052202] [px4_1.mpc_node_1]: [d1] solve: status=0 time=0.20ms cost=0.0 pos=(-0.01,3.01,-4.95) local=(-0.07,-0.05,-3.35) wbirth=(0.07,3.06,-1.60) ref=(0.00,3.00) leader=(0.00,0.00) fallbacks=0
[mpc_node-9] [INFO] [1783592095.887459582] [px4_7.mpc_node_7]: [d7] solve: status=0 time=0.20ms cost=0.0 pos=(2.92,-3.01,-4.99) local=(-0.43,-0.11,-4.62) wbirth=(3.35,-2.90,-0.37) ref=(3.00,-3.00) leader=(0.00,0.00) fallbacks=0
[mpc_node-10] [INFO] [1783592095.906153270] [px4_8.mpc_node_8]: [d8] solve: status=0 time=0.16ms cost=0.0 pos=(-3.00,-2.97,-5.01) local=(-0.20,-0.24,-3.88) wbirth=(-2.80,-2.73,-1.13) ref=(-3.00,-3.00) leader=(0.00,0.00) fallbacks=0
[mpc_node-4] [INFO] [1783592095.910294991] [px4_2.mpc_node_2]: [d2] solve: status=0 time=0.25ms cost=0.0 pos=(0.02,-3.00,-5.05) local=(0.21,0.02,-3.26) wbirth=(-0.18,-3.02,-1.79) ref=(0.00,-3.00) leader=(0.00,0.00) fallbacks=0
[mpc_node-8] [INFO] [1783592095.916715829] [px4_6.mpc_node_6]: [d6] solve: status=0 time=0.21ms cost=0.0 pos=(-2.99,3.03,-5.04) local=(-0.32,0.06,-4.16) wbirth=(-2.67,2.97,-0.88) ref=(-3.00,3.00) leader=(0.00,0.00) fallbacks=0
[mpc_node-2] [INFO] [1783592095.924500256] [px4_0.mpc_node_0]: [d0] solve: status=0 time=0.21ms cost=0.0 pos=(0.05,0.02,-5.02) local=(0.34,-0.11,-5.02) wbirth=(-0.29,0.13,0.00) ref=(0.00,0.00) leader=(0.00,0.00) fallbacks=0
[mpc_node-7] [INFO] [1783592095.945068056] [px4_5.mpc_node_5]: [d5] solve: status=0 time=0.17ms cost=0.0 pos=(2.96,2.99,-4.94) local=(0.09,0.02,-3.41) wbirth=(2.87,2.97,-1.54) ref=(3.00,3.00) leader=(0.00,0.00) fallbacks=0
[mpc_node-5] [INFO] [1783592096.861510901] [px4_3.mpc_node_3]: [d3] solve: status=0 time=0.21ms cost=0.0 pos=(3.01,0.04,-5.04) local=(-0.37,-0.32,-4.50) wbirth=(3.38,0.36,-0.53) ref=(3.00,0.00) leader=(0.00,0.00) fallbacks=0
[mpc_node-6] [INFO] [1783592096.869530131] [px4_4.mpc_node_4]: [d4] solve: status=0 time=0.24ms cost=0.0 pos=(-2.99,0.02,-5.01) local=(-0.24,0.14,-2.98) wbirth=(-2.75,-0.12,-2.03) ref=(-3.00,0.00) leader=(0.00,0.00) fallbacks=0
[mpc_node-9] [INFO] [1783592096.886785475] [px4_7.mpc_node_7]: [d7] solve: status=0 time=0.17ms cost=0.0 pos=(2.94,-2.99,-5.01) local=(-0.41,-0.09,-4.64) wbirth=(3.35,-2.90,-0.37) ref=(3.00,-3.00) leader=(0.00,0.00) fallbacks=0
[mpc_node-3] [INFO] [1783592096.887724788] [px4_1.mpc_node_1]: [d1] solve: status=0 time=0.21ms cost=0.0 pos=(-0.06,3.03,-5.00) local=(-0.13,-0.03,-3.40) wbirth=(0.07,3.06,-1.60) ref=(0.00,3.00) leader=(0.00,0.00) fallbacks=0
[mpc_node-10] [INFO] [1783592096.905210616] [px4_8.mpc_node_8]: [d8] solve: status=0 time=0.20ms cost=0.0 pos=(-3.01,-2.99,-5.04) local=(-0.22,-0.26,-3.92) wbirth=(-2.80,-2.73,-1.13) ref=(-3.00,-3.00) leader=(0.00,0.00) fallbacks=0
[mpc_node-4] [INFO] [1783592096.911347386] [px4_2.mpc_node_2]: [d2] solve: status=0 time=0.24ms cost=0.0 pos=(-0.00,-2.98,-5.03) local=(0.18,0.04,-3.24) wbirth=(-0.18,-3.02,-1.79) ref=(0.00,-3.00) leader=(0.00,0.00) fallbacks=0
[mpc_node-8] [INFO] [1783592096.916893104] [px4_6.mpc_node_6]: [d6] solve: status=0 time=0.22ms cost=0.0 pos=(-2.98,2.99,-5.02) local=(-0.31,0.02,-4.14) wbirth=(-2.67,2.97,-0.88) ref=(-3.00,3.00) leader=(0.00,0.00) fallbacks=0
[mpc_node-2] [INFO] [1783592096.923934234] [px4_0.mpc_node_0]: [d0] solve: status=0 time=0.18ms cost=0.0 pos=(-0.00,0.05,-4.91) local=(0.29,-0.08,-4.91) wbirth=(-0.29,0.13,0.00) ref=(0.00,0.00) leader=(0.00,0.00) fallbacks=0
[mpc_node-7] [INFO] [1783592096.943763949] [px4_5.mpc_node_5]: [d5] solve: status=0 time=0.16ms cost=0.0 pos=(3.04,2.97,-4.96) local=(0.17,0.00,-3.43) wbirth=(2.87,2.97,-1.54) ref=(3.00,3.00) leader=(0.00,0.00) fallbacks=0
[mpc_node-5] [INFO] [1783592097.861569264] [px4_3.mpc_node_3]: [d3] solve: status=0 time=0.22ms cost=0.0 pos=(2.97,-0.00,-5.01) local=(-0.41,-0.36,-4.47) wbirth=(3.38,0.36,-0.53) ref=(3.00,0.00) leader=(0.00,0.00) fallbacks=0
[mpc_node-6] [INFO] [1783592097.869281856] [px4_4.mpc_node_4]: [d4] solve: status=0 time=0.24ms cost=0.0 pos=(-3.01,0.00,-4.97) local=(-0.26,0.12,-2.94) wbirth=(-2.75,-0.12,-2.03) ref=(-3.00,0.00) leader=(0.00,0.00) fallbacks=0
[mpc_node-9] [INFO] [1783592097.886090106] [px4_7.mpc_node_7]: [d7] solve: status=0 time=0.20ms cost=0.0 pos=(2.98,-3.01,-4.99) local=(-0.37,-0.11,-4.62) wbirth=(3.35,-2.90,-0.37) ref=(3.00,-3.00) leader=(0.00,0.00) fallbacks=0
[mpc_node-3] [INFO] [1783592097.889269975] [px4_1.mpc_node_1]: [d1] solve: status=0 time=0.21ms cost=0.0 pos=(-0.00,3.01,-5.05) local=(-0.07,-0.05,-3.45) wbirth=(0.07,3.06,-1.60) ref=(0.00,3.00) leader=(0.00,0.00) fallbacks=0
[mpc_node-10] [INFO] [1783592097.905111395] [px4_8.mpc_node_8]: [d8] solve: status=0 time=0.20ms cost=0.0 pos=(-2.99,-3.00,-5.02) local=(-0.19,-0.27,-3.90) wbirth=(-2.80,-2.73,-1.13) ref=(-3.00,-3.00) leader=(0.00,0.00) fallbacks=0
[mpc_node-4] [INFO] [1783592097.909330784] [px4_2.mpc_node_2]: [d2] solve: status=0 time=0.20ms cost=0.0 pos=(-0.03,-2.99,-4.97) local=(0.16,0.03,-3.18) wbirth=(-0.18,-3.02,-1.79) ref=(0.00,-3.00) leader=(0.00,0.00) fallbacks=0
[mpc_node-8] [INFO] [1783592097.916644550] [px4_6.mpc_node_6]: [d6] solve: status=0 time=0.21ms cost=0.0 pos=(-3.00,2.98,-4.98) local=(-0.33,0.00,-4.10) wbirth=(-2.67,2.97,-0.88) ref=(-3.00,3.00) leader=(0.00,0.00) fallbacks=0
[mpc_node-2] [INFO] [1783592097.924021208] [px4_0.mpc_node_0]: [d0] solve: status=0 time=0.18ms cost=0.0 pos=(-0.04,0.02,-4.98) local=(0.25,-0.11,-4.98) wbirth=(-0.29,0.13,0.00) ref=(0.00,0.00) leader=(0.00,0.00) fallbacks=0
[mpc_node-7] [INFO] [1783592097.944932820] [px4_5.mpc_node_5]: [d5] solve: status=0 time=0.27ms cost=0.0 pos=(2.97,2.98,-5.04) local=(0.10,0.02,-3.50) wbirth=(2.87,2.97,-1.54) ref=(3.00,3.00) leader=(0.00,0.00) fallbacks=0
[mpc_node-5] [INFO] [1783592098.862584753] [px4_3.mpc_node_3]: [d3] solve: status=0 time=0.18ms cost=0.0 pos=(2.98,-0.02,-5.04) local=(-0.40,-0.38,-4.51) wbirth=(3.38,0.36,-0.53) ref=(3.00,0.00) leader=(0.00,0.00) fallbacks=0
[mpc_node-6] [INFO] [1783592098.869984929] [px4_4.mpc_node_4]: [d4] solve: status=0 time=0.17ms cost=0.0 pos=(-3.01,-0.01,-5.00) local=(-0.26,0.11,-2.98) wbirth=(-2.75,-0.12,-2.03) ref=(-3.00,0.00) leader=(0.00,0.00) fallbacks=0
[mpc_node-3] [INFO] [1783592098.887322342] [px4_1.mpc_node_1]: [d1] solve: status=0 time=0.20ms cost=0.0 pos=(0.01,2.99,-5.06) local=(-0.05,-0.08,-3.46) wbirth=(0.07,3.06,-1.60) ref=(0.00,3.00) leader=(0.00,0.00) fallbacks=0
[mpc_node-9] [INFO] [1783592098.887389325] [px4_7.mpc_node_7]: [d7] solve: status=0 time=0.20ms cost=0.0 pos=(3.00,-3.01,-4.99) local=(-0.35,-0.11,-4.62) wbirth=(3.35,-2.90,-0.37) ref=(3.00,-3.00) leader=(0.00,0.00) fallbacks=0
[mpc_node-10] [INFO] [1783592098.905338815] [px4_8.mpc_node_8]: [d8] solve: status=0 time=0.20ms cost=0.0 pos=(-2.98,-2.99,-4.97) local=(-0.18,-0.26,-3.84) wbirth=(-2.80,-2.73,-1.13) ref=(-3.00,-3.00) leader=(0.00,0.00) fallbacks=0
[mpc_node-4] [INFO] [1783592098.910213802] [px4_2.mpc_node_2]: [d2] solve: status=0 time=0.17ms cost=0.0 pos=(0.02,-3.01,-5.00) local=(0.20,0.01,-3.21) wbirth=(-0.18,-3.02,-1.79) ref=(0.00,-3.00) leader=(0.00,0.00) fallbacks=0
[mpc_node-8] [INFO] [1783592098.916747844] [px4_6.mpc_node_6]: [d6] solve: status=0 time=0.21ms cost=0.0 pos=(-3.02,3.01,-5.01) local=(-0.35,0.04,-4.13) wbirth=(-2.67,2.97,-0.88) ref=(-3.00,3.00) leader=(0.00,0.00) fallbacks=0
[mpc_node-2] [INFO] [1783592098.924739878] [px4_0.mpc_node_0]: [d0] solve: status=0 time=0.27ms cost=0.0 pos=(0.03,-0.04,-5.00) local=(0.32,-0.17,-5.00) wbirth=(-0.29,0.13,0.00) ref=(0.00,0.00) leader=(0.00,0.00) fallbacks=0
[mpc_node-7] [INFO] [1783592098.944853985] [px4_5.mpc_node_5]: [d5] solve: status=0 time=0.17ms cost=0.0 pos=(3.02,2.99,-4.99) local=(0.15,0.02,-3.46) wbirth=(2.87,2.97,-1.54) ref=(3.00,3.00) leader=(0.00,0.00) fallbacks=0
[mpc_node-5] [INFO] [1783592099.861927186] [px4_3.mpc_node_3]: [d3] solve: status=0 time=0.21ms cost=0.0 pos=(2.99,-0.00,-5.05) local=(-0.40,-0.36,-4.51) wbirth=(3.38,0.36,-0.53) ref=(3.00,0.00) leader=(0.00,0.00) fallbacks=0
[mpc_node-6] [INFO] [1783592099.869530465] [px4_4.mpc_node_4]: [d4] solve: status=0 time=0.20ms cost=0.0 pos=(-3.02,-0.03,-5.03) local=(-0.27,0.08,-3.00) wbirth=(-2.75,-0.12,-2.03) ref=(-3.00,0.00) leader=(0.00,0.00) fallbacks=0
[mpc_node-9] [INFO] [1783592099.887825095] [px4_7.mpc_node_7]: [d7] solve: status=0 time=0.23ms cost=0.0 pos=(3.05,-3.02,-5.03) local=(-0.30,-0.11,-4.66) wbirth=(3.35,-2.90,-0.37) ref=(3.00,-3.00) leader=(0.00,0.00) fallbacks=0
[mpc_node-3] [INFO] [1783592099.887827263] [px4_1.mpc_node_1]: [d1] solve: status=0 time=0.20ms cost=0.0 pos=(0.04,3.00,-4.93) local=(-0.03,-0.07,-3.33) wbirth=(0.07,3.06,-1.60) ref=(0.00,3.00) leader=(0.00,0.00) fallbacks=0
[mpc_node-10] [INFO] [1783592099.905927858] [px4_8.mpc_node_8]: [d8] solve: status=0 time=0.23ms cost=0.0 pos=(-2.98,-3.01,-4.99) local=(-0.18,-0.28,-3.86) wbirth=(-2.80,-2.73,-1.13) ref=(-3.00,-3.00) leader=(0.00,0.00) fallbacks=0
[mpc_node-4] [INFO] [1783592099.909334915] [px4_2.mpc_node_2]: [d2] solve: status=0 time=0.19ms cost=0.0 pos=(-0.05,-3.01,-4.98) local=(0.13,0.01,-3.19) wbirth=(-0.18,-3.02,-1.79) ref=(0.00,-3.00) leader=(0.00,0.00) fallbacks=0
[mpc_node-8] [INFO] [1783592099.916418958] [px4_6.mpc_node_6]: [d6] solve: status=0 time=0.18ms cost=0.0 pos=(-3.00,3.04,-5.04) local=(-0.33,0.07,-4.17) wbirth=(-2.67,2.97,-0.88) ref=(-3.00,3.00) leader=(0.00,0.00) fallbacks=0
[mpc_node-2] [INFO] [1783592099.924770001] [px4_0.mpc_node_0]: [d0] solve: status=0 time=0.18ms cost=0.0 pos=(0.04,-0.02,-4.95) local=(0.33,-0.15,-4.95) wbirth=(-0.29,0.13,0.00) ref=(0.00,0.00) leader=(0.00,0.00) fallbacks=0
[mpc_node-7] [INFO] [1783592099.945234839] [px4_5.mpc_node_5]: [d5] solve: status=0 time=0.21ms cost=0.0 pos=(2.97,3.00,-5.01) local=(0.10,0.03,-3.47) wbirth=(2.87,2.97,-1.54) ref=(3.00,3.00) leader=(0.00,0.00) fallbacks=0
[mpc_node-5] [INFO] [1783592100.861374349] [px4_3.mpc_node_3]: [d3] solve: status=0 time=0.17ms cost=0.0 pos=(3.00,0.01,-4.99) local=(-0.39,-0.35,-4.45) wbirth=(3.38,0.36,-0.53) ref=(3.00,0.00) leader=(0.00,0.00) fallbacks=0
[mpc_node-6] [INFO] [1783592100.869762609] [px4_4.mpc_node_4]: [d4] solve: status=0 time=0.20ms cost=0.0 pos=(-2.99,-0.01,-4.96) local=(-0.24,0.11,-2.93) wbirth=(-2.75,-0.12,-2.03) ref=(-3.00,0.00) leader=(0.00,0.00) fallbacks=0
[mpc_node-9] [INFO] [1783592100.885822860] [px4_7.mpc_node_7]: [d7] solve: status=0 time=0.18ms cost=0.0 pos=(3.07,-2.98,-5.01) local=(-0.28,-0.07,-4.64) wbirth=(3.35,-2.90,-0.37) ref=(3.00,-3.00) leader=(0.00,0.00) fallbacks=0
[mpc_node-3] [INFO] [1783592100.887076115] [px4_1.mpc_node_1]: [d1] solve: status=0 time=0.20ms cost=0.0 pos=(0.02,3.01,-4.95) local=(-0.05,-0.05,-3.36) wbirth=(0.07,3.06,-1.60) ref=(0.00,3.00) leader=(0.00,0.00) fallbacks=0
[mpc_node-10] [INFO] [1783592100.905283916] [px4_8.mpc_node_8]: [d8] solve: status=0 time=0.17ms cost=0.0 pos=(-3.04,-3.00,-5.05) local=(-0.24,-0.27,-3.93) wbirth=(-2.80,-2.73,-1.13) ref=(-3.00,-3.00) leader=(0.00,0.00) fallbacks=0
[mpc_node-4] [INFO] [1783592100.909897968] [px4_2.mpc_node_2]: [d2] solve: status=0 time=0.20ms cost=0.0 pos=(-0.03,-2.99,-5.00) local=(0.15,0.03,-3.21) wbirth=(-0.18,-3.02,-1.79) ref=(0.00,-3.00) leader=(0.00,0.00) fallbacks=0
[mpc_node-8] [INFO] [1783592100.917708935] [px4_6.mpc_node_6]: [d6] solve: status=0 time=0.22ms cost=0.0 pos=(-3.05,3.02,-4.98) local=(-0.37,0.05,-4.10) wbirth=(-2.67,2.97,-0.88) ref=(-3.00,3.00) leader=(0.00,0.00) fallbacks=0
[mpc_node-2] [INFO] [1783592100.922689400] [px4_0.mpc_node_0]: [d0] solve: status=0 time=0.26ms cost=0.0 pos=(0.00,0.00,-5.01) local=(0.29,-0.13,-5.01) wbirth=(-0.29,0.13,0.00) ref=(0.00,0.00) leader=(0.00,0.00) fallbacks=0
[mpc_node-7] [INFO] [1783592100.943200250] [px4_5.mpc_node_5]: [d5] solve: status=0 time=0.23ms cost=0.0 pos=(3.03,3.00,-5.01) local=(0.16,0.03,-3.47) wbirth=(2.87,2.97,-1.54) ref=(3.00,3.00) leader=(0.00,0.00) fallbacks=0
[mpc_node-5] [INFO] [1783592101.862065723] [px4_3.mpc_node_3]: [d3] solve: status=0 time=0.17ms cost=0.0 pos=(3.02,-0.01,-4.99) local=(-0.36,-0.36,-4.45) wbirth=(3.38,0.36,-0.53) ref=(3.00,0.00) leader=(0.00,0.00) fallbacks=0
[mpc_node-6] [INFO] [1783592101.870304676] [px4_4.mpc_node_4]: [d4] solve: status=0 time=0.20ms cost=0.0 pos=(-3.00,-0.00,-4.91) local=(-0.25,0.12,-2.88) wbirth=(-2.75,-0.12,-2.03) ref=(-3.00,0.00) leader=(0.00,0.00) fallbacks=0
[mpc_node-9] [INFO] [1783592101.886283657] [px4_7.mpc_node_7]: [d7] solve: status=0 time=0.21ms cost=0.0 pos=(3.03,-2.99,-5.03) local=(-0.32,-0.09,-4.66) wbirth=(3.35,-2.90,-0.37) ref=(3.00,-3.00) leader=(0.00,0.00) fallbacks=0
[mpc_node-3] [INFO] [1783592101.887382112] [px4_1.mpc_node_1]: [d1] solve: status=0 time=0.21ms cost=0.0 pos=(0.03,2.98,-5.00) local=(-0.03,-0.08,-3.40) wbirth=(0.07,3.06,-1.60) ref=(0.00,3.00) leader=(0.00,0.00) fallbacks=0
[mpc_node-10] [INFO] [1783592101.906696073] [px4_8.mpc_node_8]: [d8] solve: status=0 time=0.26ms cost=0.0 pos=(-3.02,-3.00,-4.99) local=(-0.22,-0.27,-3.87) wbirth=(-2.80,-2.73,-1.13) ref=(-3.00,-3.00) leader=(0.00,0.00) fallbacks=0
[mpc_node-4] [INFO] [1783592101.910957517] [px4_2.mpc_node_2]: [d2] solve: status=0 time=0.24ms cost=0.0 pos=(0.02,-3.01,-5.03) local=(0.20,0.01,-3.24) wbirth=(-0.18,-3.02,-1.79) ref=(0.00,-3.00) leader=(0.00,0.00) fallbacks=0
[mpc_node-8] [INFO] [1783592101.917760588] [px4_6.mpc_node_6]: [d6] solve: status=0 time=0.21ms cost=0.0 pos=(-3.06,2.98,-5.02) local=(-0.39,0.00,-4.14) wbirth=(-2.67,2.97,-0.88) ref=(-3.00,3.00) leader=(0.00,0.00) fallbacks=0
[mpc_node-2] [INFO] [1783592101.923257368] [px4_0.mpc_node_0]: [d0] solve: status=0 time=0.21ms cost=0.0 pos=(-0.01,0.01,-5.04) local=(0.27,-0.11,-5.04) wbirth=(-0.29,0.13,0.00) ref=(0.00,0.00) leader=(0.00,0.00) fallbacks=0
[mpc_node-7] [INFO] [1783592101.943102002] [px4_5.mpc_node_5]: [d5] solve: status=0 time=0.20ms cost=0.0 pos=(3.07,3.01,-4.95) local=(0.20,0.05,-3.42) wbirth=(2.87,2.97,-1.54) ref=(3.00,3.00) leader=(0.00,0.00) fallbacks=0
[mpc_node-5] [INFO] [1783592102.860891946] [px4_3.mpc_node_3]: [d3] solve: status=0 time=0.20ms cost=0.0 pos=(3.03,-0.02,-4.99) local=(-0.35,-0.38,-4.46) wbirth=(3.38,0.36,-0.53) ref=(3.00,0.00) leader=(0.00,0.00) fallbacks=0
[mpc_node-6] [INFO] [1783592102.870012449] [px4_4.mpc_node_4]: [d4] solve: status=0 time=0.20ms cost=0.0 pos=(-3.02,-0.01,-4.94) local=(-0.27,0.10,-2.92) wbirth=(-2.75,-0.12,-2.03) ref=(-3.00,0.00) leader=(0.00,0.00) fallbacks=0
[mpc_node-9] [INFO] [1783592102.886111965] [px4_7.mpc_node_7]: [d7] solve: status=0 time=0.20ms cost=0.0 pos=(2.98,-3.01,-4.92) local=(-0.37,-0.11,-4.55) wbirth=(3.35,-2.90,-0.37) ref=(3.00,-3.00) leader=(0.00,0.00) fallbacks=0
[mpc_node-3] [INFO] [1783592102.888001529] [px4_1.mpc_node_1]: [d1] solve: status=0 time=0.47ms cost=0.0 pos=(0.03,2.96,-5.01) local=(-0.04,-0.10,-3.41) wbirth=(0.07,3.06,-1.60) ref=(0.00,3.00) leader=(0.00,0.00) fallbacks=0
[mpc_node-10] [INFO] [1783592102.905442661] [px4_8.mpc_node_8]: [d8] solve: status=0 time=0.21ms cost=0.0 pos=(-3.02,-3.01,-4.93) local=(-0.22,-0.27,-3.81) wbirth=(-2.80,-2.73,-1.13) ref=(-3.00,-3.00) leader=(0.00,0.00) fallbacks=0
[mpc_node-4] [INFO] [1783592102.909251430] [px4_2.mpc_node_2]: [d2] solve: status=0 time=0.17ms cost=0.0 pos=(0.04,-3.00,-5.02) local=(0.22,0.02,-3.23) wbirth=(-0.18,-3.02,-1.79) ref=(0.00,-3.00) leader=(0.00,0.00) fallbacks=0
[mpc_node-8] [INFO] [1783592102.917024251] [px4_6.mpc_node_6]: [d6] solve: status=0 time=0.21ms cost=0.0 pos=(-3.00,2.96,-4.96) local=(-0.33,-0.01,-4.08) wbirth=(-2.67,2.97,-0.88) ref=(-3.00,3.00) leader=(0.00,0.00) fallbacks=0
[mpc_node-2] [INFO] [1783592102.924067624] [px4_0.mpc_node_0]: [d0] solve: status=0 time=0.20ms cost=0.0 pos=(-0.06,-0.01,-5.06) local=(0.23,-0.14,-5.06) wbirth=(-0.29,0.13,0.00) ref=(0.00,0.00) leader=(0.00,0.00) fallbacks=0
[mpc_node-7] [INFO] [1783592102.944634374] [px4_5.mpc_node_5]: [d5] solve: status=0 time=0.20ms cost=0.0 pos=(3.00,2.95,-4.98) local=(0.13,-0.01,-3.44) wbirth=(2.87,2.97,-1.54) ref=(3.00,3.00) leader=(0.00,0.00) fallbacks=0
[mpc_node-5] [INFO] [1783592103.861560632] [px4_3.mpc_node_3]: [d3] solve: status=0 time=0.26ms cost=0.0 pos=(2.97,-0.01,-5.00) local=(-0.41,-0.37,-4.46) wbirth=(3.38,0.36,-0.53) ref=(3.00,0.00) leader=(0.00,0.00) fallbacks=0
[mpc_node-6] [INFO] [1783592103.869431191] [px4_4.mpc_node_4]: [d4] solve: status=0 time=0.21ms cost=0.0 pos=(-3.01,-0.01,-5.03) local=(-0.26,0.11,-3.01) wbirth=(-2.75,-0.12,-2.03) ref=(-3.00,0.00) leader=(0.00,0.00) fallbacks=0
[mpc_node-9] [INFO] [1783592103.886031540] [px4_7.mpc_node_7]: [d7] solve: status=0 time=0.20ms cost=0.0 pos=(2.97,-2.97,-4.93) local=(-0.38,-0.07,-4.56) wbirth=(3.35,-2.90,-0.37) ref=(3.00,-3.00) leader=(0.00,0.00) fallbacks=0
[mpc_node-3] [INFO] [1783592103.886928582] [px4_1.mpc_node_1]: [d1] solve: status=0 time=0.20ms cost=0.0 pos=(-0.01,2.99,-4.94) local=(-0.08,-0.07,-3.34) wbirth=(0.07,3.06,-1.60) ref=(0.00,3.00) leader=(0.00,0.00) fallbacks=0
[mpc_node-10] [INFO] [1783592103.905812980] [px4_8.mpc_node_8]: [d8] solve: status=0 time=0.22ms cost=0.0 pos=(-3.03,-3.04,-5.02) local=(-0.24,-0.30,-3.90) wbirth=(-2.80,-2.73,-1.13) ref=(-3.00,-3.00) leader=(0.00,0.00) fallbacks=0
[mpc_node-4] [INFO] [1783592103.910045002] [px4_2.mpc_node_2]: [d2] solve: status=0 time=0.20ms cost=0.0 pos=(-0.03,-3.01,-4.98) local=(0.15,0.01,-3.19) wbirth=(-0.18,-3.02,-1.79) ref=(0.00,-3.00) leader=(0.00,0.00) fallbacks=0
[mpc_node-8] [INFO] [1783592103.917904908] [px4_6.mpc_node_6]: [d6] solve: status=0 time=0.18ms cost=0.0 pos=(-2.99,3.00,-4.92) local=(-0.31,0.02,-4.04) wbirth=(-2.67,2.97,-0.88) ref=(-3.00,3.00) leader=(0.00,0.00) fallbacks=0
[mpc_node-2] [INFO] [1783592103.922256334] [px4_0.mpc_node_0]: [d0] solve: status=0 time=0.20ms cost=0.0 pos=(0.01,-0.00,-5.01) local=(0.30,-0.13,-5.01) wbirth=(-0.29,0.13,0.00) ref=(0.00,0.00) leader=(0.00,0.00) fallbacks=0
[mpc_node-7] [INFO] [1783592103.944950437] [px4_5.mpc_node_5]: [d5] solve: status=0 time=0.26ms cost=0.0 pos=(3.00,3.02,-4.99) local=(0.13,0.05,-3.46) wbirth=(2.87,2.97,-1.54) ref=(3.00,3.00) leader=(0.00,0.00) fallbacks=0
[mpc_node-5] [INFO] [1783592104.861473764] [px4_3.mpc_node_3]: [d3] solve: status=0 time=0.17ms cost=0.0 pos=(2.99,-0.00,-5.01) local=(-0.39,-0.36,-4.47) wbirth=(3.38,0.36,-0.53) ref=(3.00,0.00) leader=(0.00,0.00) fallbacks=0
[mpc_node-6] [INFO] [1783592104.869206881] [px4_4.mpc_node_4]: [d4] solve: status=0 time=0.17ms cost=0.0 pos=(-3.00,0.04,-5.02) local=(-0.25,0.16,-3.00) wbirth=(-2.75,-0.12,-2.03) ref=(-3.00,0.00) leader=(0.00,0.00) fallbacks=0
[mpc_node-9] [INFO] [1783592104.886305381] [px4_7.mpc_node_7]: [d7] solve: status=0 time=0.20ms cost=0.0 pos=(2.97,-2.98,-4.96) local=(-0.38,-0.08,-4.59) wbirth=(3.35,-2.90,-0.37) ref=(3.00,-3.00) leader=(0.00,0.00) fallbacks=0
[mpc_node-3] [INFO] [1783592104.887611059] [px4_1.mpc_node_1]: [d1] solve: status=0 time=0.17ms cost=0.0 pos=(0.00,3.02,-4.97) local=(-0.06,-0.05,-3.37) wbirth=(0.07,3.06,-1.60) ref=(0.00,3.00) leader=(0.00,0.00) fallbacks=0
[mpc_node-10] [INFO] [1783592104.905314518] [px4_8.mpc_node_8]: [d8] solve: status=0 time=0.17ms cost=0.0 pos=(-2.98,-3.01,-5.01) local=(-0.18,-0.27,-3.88) wbirth=(-2.80,-2.73,-1.13) ref=(-3.00,-3.00) leader=(0.00,0.00) fallbacks=0
[mpc_node-4] [INFO] [1783592104.909147109] [px4_2.mpc_node_2]: [d2] solve: status=0 time=0.17ms cost=0.0 pos=(0.03,-3.01,-4.98) local=(0.21,0.01,-3.19) wbirth=(-0.18,-3.02,-1.79) ref=(0.00,-3.00) leader=(0.00,0.00) fallbacks=0
[mpc_node-8] [INFO] [1783592104.916584519] [px4_6.mpc_node_6]: [d6] solve: status=0 time=0.19ms cost=0.0 pos=(-2.96,3.02,-4.98) local=(-0.29,0.04,-4.10) wbirth=(-2.67,2.97,-0.88) ref=(-3.00,3.00) leader=(0.00,0.00) fallbacks=0
[mpc_node-2] [INFO] [1783592104.922801984] [px4_0.mpc_node_0]: [d0] solve: status=0 time=0.21ms cost=0.0 pos=(-0.01,0.00,-5.04) local=(0.28,-0.13,-5.04) wbirth=(-0.29,0.13,0.00) ref=(0.00,0.00) leader=(0.00,0.00) fallbacks=0
[mpc_node-7] [INFO] [1783592104.943284493] [px4_5.mpc_node_5]: [d5] solve: status=0 time=0.20ms cost=0.0 pos=(2.98,3.00,-4.99) local=(0.11,0.03,-3.45) wbirth=(2.87,2.97,-1.54) ref=(3.00,3.00) leader=(0.00,0.00) fallbacks=0
[mpc_node-5] [INFO] [1783592105.859732186] [px4_3.mpc_node_3]: [d3] solve: status=0 time=0.16ms cost=0.0 pos=(2.99,-0.00,-5.03) local=(-0.39,-0.36,-4.50) wbirth=(3.38,0.36,-0.53) ref=(3.00,0.00) leader=(0.00,0.00) fallbacks=0
[mpc_node-6] [INFO] [1783592105.870188677] [px4_4.mpc_node_4]: [d4] solve: status=0 time=0.17ms cost=0.0 pos=(-3.04,0.01,-4.97) local=(-0.29,0.13,-2.94) wbirth=(-2.75,-0.12,-2.03) ref=(-3.00,0.00) leader=(0.00,0.00) fallbacks=0
[mpc_node-9] [INFO] [1783592105.886141069] [px4_7.mpc_node_7]: [d7] solve: status=0 time=0.17ms cost=0.0 pos=(2.96,-3.02,-5.01) local=(-0.39,-0.12,-4.64) wbirth=(3.35,-2.90,-0.37) ref=(3.00,-3.00) leader=(0.00,0.00) fallbacks=0
[mpc_node-3] [INFO] [1783592105.887115317] [px4_1.mpc_node_1]: [d1] solve: status=0 time=0.20ms cost=0.0 pos=(-0.05,2.99,-4.94) local=(-0.12,-0.07,-3.34) wbirth=(0.07,3.06,-1.60) ref=(0.00,3.00) leader=(0.00,0.00) fallbacks=0
[mpc_node-10] [INFO] [1783592105.905764397] [px4_8.mpc_node_8]: [d8] solve: status=0 time=0.17ms cost=0.0 pos=(-2.97,-2.98,-4.97) local=(-0.17,-0.25,-3.84) wbirth=(-2.80,-2.73,-1.13) ref=(-3.00,-3.00) leader=(0.00,0.00) fallbacks=0
[mpc_node-4] [INFO] [1783592105.909879835] [px4_2.mpc_node_2]: [d2] solve: status=0 time=0.20ms cost=0.0 pos=(-0.04,-3.01,-5.00) local=(0.14,0.01,-3.21) wbirth=(-0.18,-3.02,-1.79) ref=(0.00,-3.00) leader=(0.00,0.00) fallbacks=0
[mpc_node-8] [INFO] [1783592105.917133912] [px4_6.mpc_node_6]: [d6] solve: status=0 time=0.19ms cost=0.0 pos=(-3.04,3.02,-5.06) local=(-0.36,0.04,-4.18) wbirth=(-2.67,2.97,-0.88) ref=(-3.00,3.00) leader=(0.00,0.00) fallbacks=0
[mpc_node-2] [INFO] [1783592105.922550240] [px4_0.mpc_node_0]: [d0] solve: status=0 time=0.21ms cost=0.0 pos=(0.02,-0.00,-4.98) local=(0.31,-0.13,-4.98) wbirth=(-0.29,0.13,0.00) ref=(0.00,0.00) leader=(0.00,0.00) fallbacks=0
[mpc_node-7] [INFO] [1783592105.942797473] [px4_5.mpc_node_5]: [d5] solve: status=0 time=0.17ms cost=0.0 pos=(3.01,2.99,-5.01) local=(0.14,0.02,-3.47) wbirth=(2.87,2.97,-1.54) ref=(3.00,3.00) leader=(0.00,0.00) fallbacks=0
[mpc_node-5] [INFO] [1783592106.862498944] [px4_3.mpc_node_3]: [d3] solve: status=0 time=0.17ms cost=0.0 pos=(3.01,0.03,-5.00) local=(-0.37,-0.33,-4.46) wbirth=(3.38,0.36,-0.53) ref=(3.00,0.00) leader=(0.00,0.00) fallbacks=0
[mpc_node-6] [INFO] [1783592106.870987406] [px4_4.mpc_node_4]: [d4] solve: status=0 time=0.17ms cost=0.0 pos=(-3.01,-0.03,-5.03) local=(-0.26,0.09,-3.01) wbirth=(-2.75,-0.12,-2.03) ref=(-3.00,0.00) leader=(0.00,0.00) fallbacks=0
[mpc_node-9] [INFO] [1783592106.886967502] [px4_7.mpc_node_7]: [d7] solve: status=0 time=0.23ms cost=0.0 pos=(2.99,-3.02,-5.00) local=(-0.36,-0.11,-4.63) wbirth=(3.35,-2.90,-0.37) ref=(3.00,-3.00) leader=(0.00,0.00) fallbacks=0
[mpc_node-3] [INFO] [1783592106.889263730] [px4_1.mpc_node_1]: [d1] solve: status=0 time=0.17ms cost=0.0 pos=(-0.00,3.01,-4.98) local=(-0.07,-0.05,-3.39) wbirth=(0.07,3.06,-1.60) ref=(0.00,3.00) leader=(0.00,0.00) fallbacks=0
[mpc_node-10] [INFO] [1783592106.905437829] [px4_8.mpc_node_8]: [d8] solve: status=0 time=0.20ms cost=0.0 pos=(-2.98,-2.98,-5.02) local=(-0.18,-0.24,-3.90) wbirth=(-2.80,-2.73,-1.13) ref=(-3.00,-3.00) leader=(0.00,0.00) fallbacks=0
[mpc_node-4] [INFO] [1783592106.910167286] [px4_2.mpc_node_2]: [d2] solve: status=0 time=0.20ms cost=0.0 pos=(0.02,-2.96,-4.93) local=(0.20,0.06,-3.14) wbirth=(-0.18,-3.02,-1.79) ref=(0.00,-3.00) leader=(0.00,0.00) fallbacks=0
[mpc_node-8] [INFO] [1783592106.917205724] [px4_6.mpc_node_6]: [d6] solve: status=0 time=0.19ms cost=0.0 pos=(-3.04,3.00,-4.99) local=(-0.36,0.03,-4.12) wbirth=(-2.67,2.97,-0.88) ref=(-3.00,3.00) leader=(0.00,0.00) fallbacks=0
[mpc_node-2] [INFO] [1783592106.924021656] [px4_0.mpc_node_0]: [d0] solve: status=0 time=0.24ms cost=0.0 pos=(-0.02,0.02,-4.99) local=(0.26,-0.11,-4.99) wbirth=(-0.29,0.13,0.00) ref=(0.00,0.00) leader=(0.00,0.00) fallbacks=0
[mpc_node-7] [INFO] [1783592106.943417992] [px4_5.mpc_node_5]: [d5] solve: status=0 time=0.25ms cost=0.0 pos=(3.01,3.00,-4.98) local=(0.14,0.03,-3.44) wbirth=(2.87,2.97,-1.54) ref=(3.00,3.00) leader=(0.00,0.00) fallbacks=0
[mpc_node-5] [INFO] [1783592107.862127716] [px4_3.mpc_node_3]: [d3] solve: status=0 time=0.17ms cost=0.0 pos=(3.02,0.02,-4.96) local=(-0.37,-0.34,-4.42) wbirth=(3.38,0.36,-0.53) ref=(3.00,0.00) leader=(0.00,0.00) fallbacks=0
[mpc_node-6] [INFO] [1783592107.870333547] [px4_4.mpc_node_4]: [d4] solve: status=0 time=0.17ms cost=0.0 pos=(-2.96,-0.02,-4.99) local=(-0.21,0.09,-2.96) wbirth=(-2.75,-0.12,-2.03) ref=(-3.00,0.00) leader=(0.00,0.00) fallbacks=0
[mpc_node-3] [INFO] [1783592107.886941203] [px4_1.mpc_node_1]: [d1] solve: status=0 time=0.20ms cost=0.0 pos=(-0.03,2.98,-4.99) local=(-0.09,-0.09,-3.39) wbirth=(0.07,3.06,-1.60) ref=(0.00,3.00) leader=(0.00,0.00) fallbacks=0
[mpc_node-9] [INFO] [1783592107.886946214] [px4_7.mpc_node_7]: [d7] solve: status=0 time=0.20ms cost=0.0 pos=(3.06,-2.97,-5.03) local=(-0.29,-0.07,-4.66) wbirth=(3.35,-2.90,-0.37) ref=(3.00,-3.00) leader=(0.00,0.00) fallbacks=0
[mpc_node-10] [INFO] [1783592107.906643305] [px4_8.mpc_node_8]: [d8] solve: status=0 time=0.20ms cost=0.0 pos=(-2.98,-2.96,-4.99) local=(-0.19,-0.23,-3.87) wbirth=(-2.80,-2.73,-1.13) ref=(-3.00,-3.00) leader=(0.00,0.00) fallbacks=0
[mpc_node-4] [INFO] [1783592107.911005382] [px4_2.mpc_node_2]: [d2] solve: status=0 time=0.20ms cost=0.0 pos=(0.03,-2.98,-4.97) local=(0.21,0.04,-3.18) wbirth=(-0.18,-3.02,-1.79) ref=(0.00,-3.00) leader=(0.00,0.00) fallbacks=0
[mpc_node-8] [INFO] [1783592107.916515387] [px4_6.mpc_node_6]: [d6] solve: status=0 time=0.18ms cost=0.0 pos=(-2.98,2.95,-4.99) local=(-0.31,-0.02,-4.11) wbirth=(-2.67,2.97,-0.88) ref=(-3.00,3.00) leader=(0.00,0.00) fallbacks=0
[mpc_node-2] [INFO] [1783592107.923669712] [px4_0.mpc_node_0]: [d0] solve: status=0 time=0.40ms cost=0.0 pos=(-0.05,0.03,-5.04) local=(0.24,-0.09,-5.04) wbirth=(-0.29,0.13,0.00) ref=(0.00,0.00) leader=(0.00,0.00) fallbacks=0
[mpc_node-7] [INFO] [1783592107.942958215] [px4_5.mpc_node_5]: [d5] solve: status=0 time=0.21ms cost=0.0 pos=(2.99,2.98,-5.02) local=(0.12,0.02,-3.49) wbirth=(2.87,2.97,-1.54) ref=(3.00,3.00) leader=(0.00,0.00) fallbacks=0
[mpc_node-5] [INFO] [1783592108.859915699] [px4_3.mpc_node_3]: [d3] solve: status=0 time=0.20ms cost=0.0 pos=(2.95,0.03,-4.98) local=(-0.43,-0.33,-4.44) wbirth=(3.38,0.36,-0.53) ref=(3.00,0.00) leader=(0.00,0.00) fallbacks=0
[mpc_node-6] [INFO] [1783592108.870382913] [px4_4.mpc_node_4]: [d4] solve: status=0 time=0.24ms cost=0.0 pos=(-2.94,-0.01,-4.98) local=(-0.19,0.11,-2.95) wbirth=(-2.75,-0.12,-2.03) ref=(-3.00,0.00) leader=(0.00,0.00) fallbacks=0
[mpc_node-3] [INFO] [1783592108.886732920] [px4_1.mpc_node_1]: [d1] solve: status=0 time=0.20ms cost=0.0 pos=(-0.01,2.98,-4.99) local=(-0.08,-0.08,-3.39) wbirth=(0.07,3.06,-1.60) ref=(0.00,3.00) leader=(0.00,0.00) fallbacks=0
[mpc_node-9] [INFO] [1783592108.886831702] [px4_7.mpc_node_7]: [d7] solve: status=0 time=0.24ms cost=0.0 pos=(3.05,-2.96,-5.08) local=(-0.30,-0.06,-4.71) wbirth=(3.35,-2.90,-0.37) ref=(3.00,-3.00) leader=(0.00,0.00) fallbacks=0
[mpc_node-10] [INFO] [1783592108.906997557] [px4_8.mpc_node_8]: [d8] solve: status=0 time=0.20ms cost=0.0 pos=(-3.02,-3.00,-5.02) local=(-0.23,-0.27,-3.90) wbirth=(-2.80,-2.73,-1.13) ref=(-3.00,-3.00) leader=(0.00,0.00) fallbacks=0
[mpc_node-4] [INFO] [1783592108.911190520] [px4_2.mpc_node_2]: [d2] solve: status=0 time=0.24ms cost=0.0 pos=(-0.00,-3.02,-5.07) local=(0.18,0.00,-3.28) wbirth=(-0.18,-3.02,-1.79) ref=(0.00,-3.00) leader=(0.00,0.00) fallbacks=0
[mpc_node-8] [INFO] [1783592108.916760460] [px4_6.mpc_node_6]: [d6] solve: status=0 time=0.21ms cost=0.0 pos=(-2.95,2.99,-5.02) local=(-0.28,0.01,-4.14) wbirth=(-2.67,2.97,-0.88) ref=(-3.00,3.00) leader=(0.00,0.00) fallbacks=0
[mpc_node-2] [INFO] [1783592108.924292202] [px4_0.mpc_node_0]: [d0] solve: status=0 time=0.24ms cost=0.0 pos=(-0.02,-0.03,-5.00) local=(0.27,-0.16,-5.00) wbirth=(-0.29,0.13,0.00) ref=(0.00,0.00) leader=(0.00,0.00) fallbacks=0
[mpc_node-7] [INFO] [1783592108.943802274] [px4_5.mpc_node_5]: [d5] solve: status=0 time=0.20ms cost=0.0 pos=(2.96,2.99,-5.04) local=(0.09,0.02,-3.51) wbirth=(2.87,2.97,-1.54) ref=(3.00,3.00) leader=(0.00,0.00) fallbacks=0
[mpc_node-5] [INFO] [1783592109.859711622] [px4_3.mpc_node_3]: [d3] solve: status=0 time=0.20ms cost=0.0 pos=(2.98,-0.00,-4.98) local=(-0.41,-0.36,-4.44) wbirth=(3.38,0.36,-0.53) ref=(3.00,0.00) leader=(0.00,0.00) fallbacks=0
[mpc_node-6] [INFO] [1783592109.870681807] [px4_4.mpc_node_4]: [d4] solve: status=0 time=0.20ms cost=0.0 pos=(-3.02,0.03,-5.00) local=(-0.27,0.15,-2.97) wbirth=(-2.75,-0.12,-2.03) ref=(-3.00,0.00) leader=(0.00,0.00) fallbacks=0
[mpc_node-9] [INFO] [1783592109.886004701] [px4_7.mpc_node_7]: [d7] solve: status=0 time=0.20ms cost=0.0 pos=(3.05,-2.99,-4.96) local=(-0.31,-0.09,-4.59) wbirth=(3.35,-2.90,-0.37) ref=(3.00,-3.00) leader=(0.00,0.00) fallbacks=0
[mpc_node-3] [INFO] [1783592109.887877528] [px4_1.mpc_node_1]: [d1] solve: status=0 time=0.21ms cost=0.0 pos=(0.03,2.99,-4.97) local=(-0.04,-0.08,-3.37) wbirth=(0.07,3.06,-1.60) ref=(0.00,3.00) leader=(0.00,0.00) fallbacks=0
[mpc_node-10] [INFO] [1783592109.905415797] [px4_8.mpc_node_8]: [d8] solve: status=0 time=0.17ms cost=0.0 pos=(-3.01,-3.05,-5.02) local=(-0.21,-0.31,-3.89) wbirth=(-2.80,-2.73,-1.13) ref=(-3.00,-3.00) leader=(0.00,0.00) fallbacks=0
[mpc_node-4] [INFO] [1783592109.910736739] [px4_2.mpc_node_2]: [d2] solve: status=0 time=0.20ms cost=0.0 pos=(0.00,-2.97,-4.95) local=(0.19,0.05,-3.16) wbirth=(-0.18,-3.02,-1.79) ref=(0.00,-3.00) leader=(0.00,0.00) fallbacks=0
[mpc_node-8] [INFO] [1783592109.916827639] [px4_6.mpc_node_6]: [d6] solve: status=0 time=0.21ms cost=0.0 pos=(-2.96,3.04,-4.97) local=(-0.29,0.07,-4.09) wbirth=(-2.67,2.97,-0.88) ref=(-3.00,3.00) leader=(0.00,0.00) fallbacks=0
[mpc_node-2] [INFO] [1783592109.922606543] [px4_0.mpc_node_0]: [d0] solve: status=0 time=0.22ms cost=0.0 pos=(0.05,-0.01,-4.96) local=(0.34,-0.14,-4.96) wbirth=(-0.29,0.13,0.00) ref=(0.00,0.00) leader=(0.00,0.00) fallbacks=0
[mpc_node-7] [INFO] [1783592109.943952137] [px4_5.mpc_node_5]: [d5] solve: status=0 time=0.25ms cost=0.0 pos=(3.00,2.99,-5.04) local=(0.13,0.03,-3.50) wbirth=(2.87,2.97,-1.54) ref=(3.00,3.00) leader=(0.00,0.00) fallbacks=0
[mpc_node-5] [INFO] [1783592110.863863550] [px4_3.mpc_node_3]: [d3] solve: status=0 time=0.17ms cost=0.0 pos=(3.06,-0.00,-5.01) local=(-0.33,-0.36,-4.48) wbirth=(3.38,0.36,-0.53) ref=(3.00,0.00) leader=(0.00,0.00) fallbacks=0
[mpc_node-6] [INFO] [1783592110.871787597] [px4_4.mpc_node_4]: [d4] solve: status=0 time=0.22ms cost=0.0 pos=(-3.05,0.03,-5.00) local=(-0.30,0.14,-2.97) wbirth=(-2.75,-0.12,-2.03) ref=(-3.00,0.00) leader=(0.00,0.00) fallbacks=0
[mpc_node-9] [INFO] [1783592110.886203963] [px4_7.mpc_node_7]: [d7] solve: status=0 time=0.20ms cost=0.0 pos=(2.98,-3.04,-5.01) local=(-0.37,-0.14,-4.64) wbirth=(3.35,-2.90,-0.37) ref=(3.00,-3.00) leader=(0.00,0.00) fallbacks=0
[mpc_node-3] [INFO] [1783592110.888365553] [px4_1.mpc_node_1]: [d1] solve: status=0 time=0.20ms cost=0.0 pos=(-0.01,3.03,-4.97) local=(-0.08,-0.03,-3.37) wbirth=(0.07,3.06,-1.60) ref=(0.00,3.00) leader=(0.00,0.00) fallbacks=0
[mpc_node-10] [INFO] [1783592110.905781088] [px4_8.mpc_node_8]: [d8] solve: status=0 time=0.21ms cost=0.0 pos=(-2.99,-3.01,-4.99) local=(-0.19,-0.28,-3.87) wbirth=(-2.80,-2.73,-1.13) ref=(-3.00,-3.00) leader=(0.00,0.00) fallbacks=0
[mpc_node-4] [INFO] [1783592110.909616124] [px4_2.mpc_node_2]: [d2] solve: status=0 time=0.26ms cost=0.0 pos=(0.04,-3.01,-4.96) local=(0.23,0.01,-3.17) wbirth=(-0.18,-3.02,-1.79) ref=(0.00,-3.00) leader=(0.00,0.00) fallbacks=0
[mpc_node-8] [INFO] [1783592110.916514243] [px4_6.mpc_node_6]: [d6] solve: status=0 time=0.18ms cost=0.0 pos=(-3.01,3.02,-5.01) local=(-0.34,0.05,-4.13) wbirth=(-2.67,2.97,-0.88) ref=(-3.00,3.00) leader=(0.00,0.00) fallbacks=0
[mpc_node-2] [INFO] [1783592110.924097250] [px4_0.mpc_node_0]: [d0] solve: status=0 time=0.18ms cost=0.0 pos=(0.03,-0.02,-4.94) local=(0.32,-0.15,-4.94) wbirth=(-0.29,0.13,0.00) ref=(0.00,0.00) leader=(0.00,0.00) fallbacks=0
[mpc_node-7] [INFO] [1783592110.944294444] [px4_5.mpc_node_5]: [d5] solve: status=0 time=0.20ms cost=0.0 pos=(2.99,3.04,-5.04) local=(0.12,0.07,-3.50) wbirth=(2.87,2.97,-1.54) ref=(3.00,3.00) leader=(0.00,0.00) fallbacks=0
[mpc_node-5] [INFO] [1783592111.862325434] [px4_3.mpc_node_3]: [d3] solve: status=0 time=0.26ms cost=0.0 pos=(3.03,-0.01,-5.06) local=(-0.35,-0.36,-4.52) wbirth=(3.38,0.36,-0.53) ref=(3.00,0.00) leader=(0.00,0.00) fallbacks=0
[mpc_node-6] [INFO] [1783592111.869632752] [px4_4.mpc_node_4]: [d4] solve: status=0 time=0.20ms cost=0.0 pos=(-2.99,-0.01,-5.05) local=(-0.24,0.11,-3.02) wbirth=(-2.75,-0.12,-2.03) ref=(-3.00,0.00) leader=(0.00,0.00) fallbacks=0
[mpc_node-9] [INFO] [1783592111.886166607] [px4_7.mpc_node_7]: [d7] solve: status=0 time=0.20ms cost=0.0 pos=(2.96,-3.06,-5.02) local=(-0.40,-0.16,-4.65) wbirth=(3.35,-2.90,-0.37) ref=(3.00,-3.00) leader=(0.00,0.00) fallbacks=0
[mpc_node-3] [INFO] [1783592111.890137350] [px4_1.mpc_node_1]: [d1] solve: status=0 time=0.26ms cost=0.0 pos=(0.01,3.00,-5.01) local=(-0.06,-0.07,-3.42) wbirth=(0.07,3.06,-1.60) ref=(0.00,3.00) leader=(0.00,0.00) fallbacks=0
[mpc_node-10] [INFO] [1783592111.905761183] [px4_8.mpc_node_8]: [d8] solve: status=0 time=0.18ms cost=0.0 pos=(-3.00,-2.98,-4.95) local=(-0.21,-0.24,-3.83) wbirth=(-2.80,-2.73,-1.13) ref=(-3.00,-3.00) leader=(0.00,0.00) fallbacks=0
[mpc_node-4] [INFO] [1783592111.909729778] [px4_2.mpc_node_2]: [d2] solve: status=0 time=0.17ms cost=0.0 pos=(-0.01,-3.00,-5.00) local=(0.17,0.02,-3.21) wbirth=(-0.18,-3.02,-1.79) ref=(0.00,-3.00) leader=(0.00,0.00) fallbacks=0
[mpc_node-8] [INFO] [1783592111.917254359] [px4_6.mpc_node_6]: [d6] solve: status=0 time=0.21ms cost=0.0 pos=(-3.02,2.99,-5.04) local=(-0.35,0.02,-4.16) wbirth=(-2.67,2.97,-0.88) ref=(-3.00,3.00) leader=(0.00,0.00) fallbacks=0
[mpc_node-2] [INFO] [1783592111.922976913] [px4_0.mpc_node_0]: [d0] solve: status=0 time=0.21ms cost=0.0 pos=(0.03,-0.03,-4.97) local=(0.32,-0.16,-4.97) wbirth=(-0.29,0.13,0.00) ref=(0.00,0.00) leader=(0.00,0.00) fallbacks=0
[mpc_node-7] [INFO] [1783592111.942905388] [px4_5.mpc_node_5]: [d5] solve: status=0 time=0.20ms cost=0.0 pos=(3.02,2.99,-5.04) local=(0.15,0.02,-3.51) wbirth=(2.87,2.97,-1.54) ref=(3.00,3.00) leader=(0.00,0.00) fallbacks=0
[mpc_node-5] [INFO] [1783592112.861564862] [px4_3.mpc_node_3]: [d3] solve: status=0 time=0.21ms cost=0.0 pos=(3.00,-0.02,-5.01) local=(-0.38,-0.38,-4.48) wbirth=(3.38,0.36,-0.53) ref=(3.00,0.00) leader=(0.00,0.00) fallbacks=0
[mpc_node-6] [INFO] [1783592112.869967557] [px4_4.mpc_node_4]: [d4] solve: status=0 time=0.23ms cost=0.0 pos=(-2.96,-0.02,-4.99) local=(-0.21,0.09,-2.96) wbirth=(-2.75,-0.12,-2.03) ref=(-3.00,0.00) leader=(0.00,0.00) fallbacks=0
[mpc_node-9] [INFO] [1783592112.885973185] [px4_7.mpc_node_7]: [d7] solve: status=0 time=0.17ms cost=0.0 pos=(2.99,-3.04,-5.00) local=(-0.37,-0.14,-4.63) wbirth=(3.35,-2.90,-0.37) ref=(3.00,-3.00) leader=(0.00,0.00) fallbacks=0
[mpc_node-3] [INFO] [1783592112.888111673] [px4_1.mpc_node_1]: [d1] solve: status=0 time=0.22ms cost=0.0 pos=(-0.00,3.01,-5.05) local=(-0.07,-0.05,-3.45) wbirth=(0.07,3.06,-1.60) ref=(0.00,3.00) leader=(0.00,0.00) fallbacks=0
[mpc_node-10] [INFO] [1783592112.905913452] [px4_8.mpc_node_8]: [d8] solve: status=0 time=0.20ms cost=0.0 pos=(-3.01,-3.01,-5.00) local=(-0.21,-0.28,-3.87) wbirth=(-2.80,-2.73,-1.13) ref=(-3.00,-3.00) leader=(0.00,0.00) fallbacks=0
[mpc_node-4] [INFO] [1783592112.910062409] [px4_2.mpc_node_2]: [d2] solve: status=0 time=0.20ms cost=0.0 pos=(-0.02,-3.01,-4.98) local=(0.16,0.01,-3.19) wbirth=(-0.18,-3.02,-1.79) ref=(0.00,-3.00) leader=(0.00,0.00) fallbacks=0
[mpc_node-8] [INFO] [1783592112.917270965] [px4_6.mpc_node_6]: [d6] solve: status=0 time=0.21ms cost=0.0 pos=(-3.01,2.98,-5.05) local=(-0.34,0.01,-4.17) wbirth=(-2.67,2.97,-0.88) ref=(-3.00,3.00) leader=(0.00,0.00) fallbacks=0
[mpc_node-2] [INFO] [1783592112.922093013] [px4_0.mpc_node_0]: [d0] solve: status=0 time=0.17ms cost=0.0 pos=(-0.03,-0.01,-5.00) local=(0.26,-0.14,-5.00) wbirth=(-0.29,0.13,0.00) ref=(0.00,0.00) leader=(0.00,0.00) fallbacks=0
[mpc_node-7] [INFO] [1783592112.943331813] [px4_5.mpc_node_5]: [d5] solve: status=0 time=0.20ms cost=0.0 pos=(2.97,2.98,-5.05) local=(0.10,0.01,-3.51) wbirth=(2.87,2.97,-1.54) ref=(3.00,3.00) leader=(0.00,0.00) fallbacks=0
[mpc_node-5] [INFO] [1783592113.860905758] [px4_3.mpc_node_3]: [d3] solve: status=0 time=0.20ms cost=0.0 pos=(2.99,-0.01,-5.01) local=(-0.39,-0.37,-4.48) wbirth=(3.38,0.36,-0.53) ref=(3.00,0.00) leader=(0.00,0.00) fallbacks=0
[mpc_node-6] [INFO] [1783592113.869538143] [px4_4.mpc_node_4]: [d4] solve: status=0 time=0.21ms cost=0.0 pos=(-3.04,0.02,-4.93) local=(-0.29,0.14,-2.91) wbirth=(-2.75,-0.12,-2.03) ref=(-3.00,0.00) leader=(0.00,0.00) fallbacks=0
[mpc_node-9] [INFO] [1783592113.886319559] [px4_7.mpc_node_7]: [d7] solve: status=0 time=0.23ms cost=0.0 pos=(3.01,-2.99,-5.01) local=(-0.34,-0.09,-4.64) wbirth=(3.35,-2.90,-0.37) ref=(3.00,-3.00) leader=(0.00,0.00) fallbacks=0
[mpc_node-3] [INFO] [1783592113.887263132] [px4_1.mpc_node_1]: [d1] solve: status=0 time=0.21ms cost=0.0 pos=(-0.04,3.00,-4.97) local=(-0.10,-0.06,-3.37) wbirth=(0.07,3.06,-1.60) ref=(0.00,3.00) leader=(0.00,0.00) fallbacks=0
[mpc_node-10] [INFO] [1783592113.908874130] [px4_8.mpc_node_8]: [d8] solve: status=0 time=0.60ms cost=0.0 pos=(-2.99,-3.03,-5.02) local=(-0.19,-0.30,-3.89) wbirth=(-2.80,-2.73,-1.13) ref=(-3.00,-3.00) leader=(0.00,0.00) fallbacks=0
[mpc_node-4] [INFO] [1783592113.910973971] [px4_2.mpc_node_2]: [d2] solve: status=0 time=0.17ms cost=0.0 pos=(-0.00,-2.98,-4.98) local=(0.18,0.04,-3.19) wbirth=(-0.18,-3.02,-1.79) ref=(0.00,-3.00) leader=(0.00,0.00) fallbacks=0
[mpc_node-8] [INFO] [1783592113.917638983] [px4_6.mpc_node_6]: [d6] solve: status=0 time=0.23ms cost=0.0 pos=(-2.98,3.00,-5.05) local=(-0.31,0.03,-4.17) wbirth=(-2.67,2.97,-0.88) ref=(-3.00,3.00) leader=(0.00,0.00) fallbacks=0
[mpc_node-2] [INFO] [1783592113.922266574] [px4_0.mpc_node_0]: [d0] solve: status=0 time=0.21ms cost=0.0 pos=(-0.03,0.03,-5.02) local=(0.26,-0.10,-5.02) wbirth=(-0.29,0.13,0.00) ref=(0.00,0.00) leader=(0.00,0.00) fallbacks=0
[mpc_node-7] [INFO] [1783592113.943491105] [px4_5.mpc_node_5]: [d5] solve: status=0 time=0.21ms cost=0.0 pos=(2.97,3.00,-5.02) local=(0.10,0.03,-3.48) wbirth=(2.87,2.97,-1.54) ref=(3.00,3.00) leader=(0.00,0.00) fallbacks=0
[mpc_node-5] [INFO] [1783592114.859686505] [px4_3.mpc_node_3]: [d3] solve: status=0 time=0.17ms cost=0.0 pos=(3.02,0.01,-4.99) local=(-0.36,-0.34,-4.46) wbirth=(3.38,0.36,-0.53) ref=(3.00,0.00) leader=(0.00,0.00) fallbacks=0
[mpc_node-6] [INFO] [1783592114.870251079] [px4_4.mpc_node_4]: [d4] solve: status=0 time=0.20ms cost=0.0 pos=(-3.02,-0.03,-4.99) local=(-0.27,0.09,-2.96) wbirth=(-2.75,-0.12,-2.03) ref=(-3.00,0.00) leader=(0.00,0.00) fallbacks=0
[mpc_node-3] [INFO] [1783592114.887366358] [px4_1.mpc_node_1]: [d1] solve: status=0 time=0.20ms cost=0.0 pos=(-0.02,2.98,-5.00) local=(-0.09,-0.08,-3.40) wbirth=(0.07,3.06,-1.60) ref=(0.00,3.00) leader=(0.00,0.00) fallbacks=0
[mpc_node-9] [INFO] [1783592114.887385203] [px4_7.mpc_node_7]: [d7] solve: status=0 time=0.17ms cost=0.0 pos=(3.00,-3.02,-5.03) local=(-0.35,-0.11,-4.66) wbirth=(3.35,-2.90,-0.37) ref=(3.00,-3.00) leader=(0.00,0.00) fallbacks=0
[mpc_node-10] [INFO] [1783592114.905208148] [px4_8.mpc_node_8]: [d8] solve: status=0 time=0.17ms cost=0.0 pos=(-2.98,-3.00,-5.03) local=(-0.18,-0.27,-3.91) wbirth=(-2.80,-2.73,-1.13) ref=(-3.00,-3.00) leader=(0.00,0.00) fallbacks=0
[mpc_node-4] [INFO] [1783592114.910098615] [px4_2.mpc_node_2]: [d2] solve: status=0 time=0.21ms cost=0.0 pos=(0.03,-2.98,-4.96) local=(0.21,0.04,-3.17) wbirth=(-0.18,-3.02,-1.79) ref=(0.00,-3.00) leader=(0.00,0.00) fallbacks=0
[mpc_node-8] [INFO] [1783592114.916535852] [px4_6.mpc_node_6]: [d6] solve: status=0 time=0.18ms cost=0.0 pos=(-3.01,2.98,-4.97) local=(-0.33,0.00,-4.09) wbirth=(-2.67,2.97,-0.88) ref=(-3.00,3.00) leader=(0.00,0.00) fallbacks=0
[mpc_node-2] [INFO] [1783592114.922983190] [px4_0.mpc_node_0]: [d0] solve: status=0 time=0.20ms cost=0.0 pos=(0.00,0.04,-4.98) local=(0.29,-0.09,-4.98) wbirth=(-0.29,0.13,0.00) ref=(0.00,0.00) leader=(0.00,0.00) fallbacks=0
[mpc_node-7] [INFO] [1783592114.943183578] [px4_5.mpc_node_5]: [d5] solve: status=0 time=0.21ms cost=0.0 pos=(3.04,3.00,-4.96) local=(0.17,0.04,-3.42) wbirth=(2.87,2.97,-1.54) ref=(3.00,3.00) leader=(0.00,0.00) fallbacks=0
[mpc_node-5] [INFO] [1783592115.859811411] [px4_3.mpc_node_3]: [d3] solve: status=0 time=0.20ms cost=0.0 pos=(3.00,-0.01,-4.99) local=(-0.39,-0.37,-4.45) wbirth=(3.38,0.36,-0.53) ref=(3.00,0.00) leader=(0.00,0.00) fallbacks=0
[mpc_node-6] [INFO] [1783592115.870892292] [px4_4.mpc_node_4]: [d4] solve: status=0 time=0.22ms cost=0.0 pos=(-3.03,0.00,-5.07) local=(-0.28,0.12,-3.04) wbirth=(-2.75,-0.12,-2.03) ref=(-3.00,0.00) leader=(0.00,0.00) fallbacks=0
[mpc_node-3] [INFO] [1783592115.886897233] [px4_1.mpc_node_1]: [d1] solve: status=0 time=0.18ms cost=0.0 pos=(-0.01,2.95,-4.99) local=(-0.08,-0.11,-3.39) wbirth=(0.07,3.06,-1.60) ref=(0.00,3.00) leader=(0.00,0.00) fallbacks=0
[mpc_node-9] [INFO] [1783592115.888057494] [px4_7.mpc_node_7]: [d7] solve: status=0 time=0.20ms cost=0.0 pos=(3.02,-2.98,-5.00) local=(-0.33,-0.08,-4.63) wbirth=(3.35,-2.90,-0.37) ref=(3.00,-3.00) leader=(0.00,0.00) fallbacks=0
[mpc_node-10] [INFO] [1783592115.906430295] [px4_8.mpc_node_8]: [d8] solve: status=0 time=0.27ms cost=0.0 pos=(-2.97,-2.98,-5.04) local=(-0.17,-0.24,-3.91) wbirth=(-2.80,-2.73,-1.13) ref=(-3.00,-3.00) leader=(0.00,0.00) fallbacks=0
[mpc_node-4] [INFO] [1783592115.911621779] [px4_2.mpc_node_2]: [d2] solve: status=0 time=0.24ms cost=0.0 pos=(-0.09,-2.98,-5.00) local=(0.09,0.04,-3.21) wbirth=(-0.18,-3.02,-1.79) ref=(0.00,-3.00) leader=(0.00,0.00) fallbacks=0
[mpc_node-8] [INFO] [1783592115.916838695] [px4_6.mpc_node_6]: [d6] solve: status=0 time=0.21ms cost=0.0 pos=(-3.05,3.00,-5.01) local=(-0.38,0.02,-4.14) wbirth=(-2.67,2.97,-0.88) ref=(-3.00,3.00) leader=(0.00,0.00) fallbacks=0
[mpc_node-2] [INFO] [1783592115.922906344] [px4_0.mpc_node_0]: [d0] solve: status=0 time=0.18ms cost=0.0 pos=(-0.01,-0.00,-5.01) local=(0.27,-0.13,-5.01) wbirth=(-0.29,0.13,0.00) ref=(0.00,0.00) leader=(0.00,0.00) fallbacks=0
[mpc_node-7] [INFO] [1783592115.944815666] [px4_5.mpc_node_5]: [d5] solve: status=0 time=0.20ms cost=0.0 pos=(3.02,2.97,-5.00) local=(0.15,0.01,-3.46) wbirth=(2.87,2.97,-1.54) ref=(3.00,3.00) leader=(0.00,0.00) fallbacks=0
[mpc_node-5] [INFO] [1783592116.859914374] [px4_3.mpc_node_3]: [d3] solve: status=0 time=0.17ms cost=0.0 pos=(3.03,-0.03,-5.01) local=(-0.35,-0.39,-4.47) wbirth=(3.38,0.36,-0.53) ref=(3.00,0.00) leader=(0.00,0.00) fallbacks=0
[mpc_node-6] [INFO] [1783592116.869201862] [px4_4.mpc_node_4]: [d4] solve: status=0 time=0.17ms cost=0.0 pos=(-2.98,0.00,-4.99) local=(-0.23,0.12,-2.96) wbirth=(-2.75,-0.12,-2.03) ref=(-3.00,0.00) leader=(0.00,0.00) fallbacks=0
[mpc_node-9] [INFO] [1783592116.887620647] [px4_7.mpc_node_7]: [d7] solve: status=0 time=0.20ms cost=0.0 pos=(2.98,-3.01,-5.03) local=(-0.37,-0.10,-4.66) wbirth=(3.35,-2.90,-0.37) ref=(3.00,-3.00) leader=(0.00,0.00) fallbacks=0
[mpc_node-3] [INFO] [1783592116.888316948] [px4_1.mpc_node_1]: [d1] solve: status=0 time=0.20ms cost=0.0 pos=(-0.02,2.95,-5.00) local=(-0.09,-0.11,-3.41) wbirth=(0.07,3.06,-1.60) ref=(0.00,3.00) leader=(0.00,0.00) fallbacks=0
[mpc_node-10] [INFO] [1783592116.905838857] [px4_8.mpc_node_8]: [d8] solve: status=0 time=0.21ms cost=0.0 pos=(-3.03,-3.02,-5.02) local=(-0.23,-0.28,-3.89) wbirth=(-2.80,-2.73,-1.13) ref=(-3.00,-3.00) leader=(0.00,0.00) fallbacks=0
[mpc_node-4] [INFO] [1783592116.910967371] [px4_2.mpc_node_2]: [d2] solve: status=0 time=0.20ms cost=0.0 pos=(0.04,-3.04,-5.04) local=(0.22,-0.02,-3.25) wbirth=(-0.18,-3.02,-1.79) ref=(0.00,-3.00) leader=(0.00,0.00) fallbacks=0
[mpc_node-8] [INFO] [1783592116.916959116] [px4_6.mpc_node_6]: [d6] solve: status=0 time=0.22ms cost=0.0 pos=(-3.02,3.00,-4.93) local=(-0.34,0.03,-4.05) wbirth=(-2.67,2.97,-0.88) ref=(-3.00,3.00) leader=(0.00,0.00) fallbacks=0
[mpc_node-2] [INFO] [1783592116.923772453] [px4_0.mpc_node_0]: [d0] solve: status=0 time=0.18ms cost=0.0 pos=(0.04,-0.03,-5.01) local=(0.33,-0.16,-5.01) wbirth=(-0.29,0.13,0.00) ref=(0.00,0.00) leader=(0.00,0.00) fallbacks=0
[mpc_node-7] [INFO] [1783592116.944533457] [px4_5.mpc_node_5]: [d5] solve: status=0 time=0.20ms cost=0.0 pos=(2.94,3.00,-4.96) local=(0.07,0.04,-3.43) wbirth=(2.87,2.97,-1.54) ref=(3.00,3.00) leader=(0.00,0.00) fallbacks=0
[mpc_node-5] [INFO] [1783592117.859739525] [px4_3.mpc_node_3]: [d3] solve: status=0 time=0.17ms cost=0.0 pos=(2.98,0.01,-4.96) local=(-0.40,-0.34,-4.42) wbirth=(3.38,0.36,-0.53) ref=(3.00,0.00) leader=(0.00,0.00) fallbacks=0
[mpc_node-6] [INFO] [1783592117.871743292] [px4_4.mpc_node_4]: [d4] solve: status=0 time=0.20ms cost=0.0 pos=(-2.96,-0.02,-4.94) local=(-0.21,0.09,-2.91) wbirth=(-2.75,-0.12,-2.03) ref=(-3.00,0.00) leader=(0.00,0.00) fallbacks=0
[mpc_node-3] [INFO] [1783592117.887223991] [px4_1.mpc_node_1]: [d1] solve: status=0 time=0.17ms cost=0.0 pos=(0.01,3.06,-4.96) local=(-0.05,-0.01,-3.36) wbirth=(0.07,3.06,-1.60) ref=(0.00,3.00) leader=(0.00,0.00) fallbacks=0
[mpc_node-9] [INFO] [1783592117.888648538] [px4_7.mpc_node_7]: [d7] solve: status=0 time=0.17ms cost=0.0 pos=(2.95,-3.01,-5.03) local=(-0.40,-0.11,-4.66) wbirth=(3.35,-2.90,-0.37) ref=(3.00,-3.00) leader=(0.00,0.00) fallbacks=0
[mpc_node-10] [INFO] [1783592117.906132144] [px4_8.mpc_node_8]: [d8] solve: status=0 time=0.20ms cost=0.0 pos=(-3.02,-3.00,-4.95) local=(-0.23,-0.27,-3.82) wbirth=(-2.80,-2.73,-1.13) ref=(-3.00,-3.00) leader=(0.00,0.00) fallbacks=0
[mpc_node-4] [INFO] [1783592117.911201770] [px4_2.mpc_node_2]: [d2] solve: status=0 time=0.17ms cost=0.0 pos=(-0.01,-3.01,-5.06) local=(0.17,0.01,-3.27) wbirth=(-0.18,-3.02,-1.79) ref=(0.00,-3.00) leader=(0.00,0.00) fallbacks=0
[mpc_node-8] [INFO] [1783592117.916359449] [px4_6.mpc_node_6]: [d6] solve: status=0 time=0.20ms cost=0.0 pos=(-3.00,2.98,-5.00) local=(-0.33,0.00,-4.12) wbirth=(-2.67,2.97,-0.88) ref=(-3.00,3.00) leader=(0.00,0.00) fallbacks=0
[mpc_node-2] [INFO] [1783592117.923500187] [px4_0.mpc_node_0]: [d0] solve: status=0 time=0.24ms cost=0.0 pos=(0.02,-0.02,-5.03) local=(0.31,-0.15,-5.03) wbirth=(-0.29,0.13,0.00) ref=(0.00,0.00) leader=(0.00,0.00) fallbacks=0
[mpc_node-7] [INFO] [1783592117.943699096] [px4_5.mpc_node_5]: [d5] solve: status=0 time=0.17ms cost=0.0 pos=(3.05,2.98,-5.00) local=(0.18,0.01,-3.47) wbirth=(2.87,2.97,-1.54) ref=(3.00,3.00) leader=(0.00,0.00) fallbacks=0
[mpc_node-5] [INFO] [1783592118.862005073] [px4_3.mpc_node_3]: [d3] solve: status=0 time=0.21ms cost=0.0 pos=(2.97,-0.00,-4.93) local=(-0.41,-0.36,-4.40) wbirth=(3.38,0.36,-0.53) ref=(3.00,0.00) leader=(0.00,0.00) fallbacks=0
[mpc_node-6] [INFO] [1783592118.869190800] [px4_4.mpc_node_4]: [d4] solve: status=0 time=0.20ms cost=0.0 pos=(-3.01,0.02,-5.04) local=(-0.26,0.13,-3.02) wbirth=(-2.75,-0.12,-2.03) ref=(-3.00,0.00) leader=(0.00,0.00) fallbacks=0
[mpc_node-9] [INFO] [1783592118.885891225] [px4_7.mpc_node_7]: [d7] solve: status=0 time=0.17ms cost=0.0 pos=(2.98,-2.99,-4.98) local=(-0.37,-0.08,-4.61) wbirth=(3.35,-2.90,-0.37) ref=(3.00,-3.00) leader=(0.00,0.00) fallbacks=0
[mpc_node-3] [INFO] [1783592118.888584688] [px4_1.mpc_node_1]: [d1] solve: status=0 time=0.25ms cost=0.0 pos=(0.02,3.04,-4.96) local=(-0.05,-0.03,-3.36) wbirth=(0.07,3.06,-1.60) ref=(0.00,3.00) leader=(0.00,0.00) fallbacks=0
[mpc_node-10] [INFO] [1783592118.905217012] [px4_8.mpc_node_8]: [d8] solve: status=0 time=0.20ms cost=0.0 pos=(-3.02,-3.01,-4.98) local=(-0.22,-0.28,-3.86) wbirth=(-2.80,-2.73,-1.13) ref=(-3.00,-3.00) leader=(0.00,0.00) fallbacks=0
[mpc_node-4] [INFO] [1783592118.909405186] [px4_2.mpc_node_2]: [d2] solve: status=0 time=0.21ms cost=0.0 pos=(0.01,-3.03,-5.02) local=(0.19,-0.01,-3.23) wbirth=(-0.18,-3.02,-1.79) ref=(0.00,-3.00) leader=(0.00,0.00) fallbacks=0
[mpc_node-8] [INFO] [1783592118.916730800] [px4_6.mpc_node_6]: [d6] solve: status=0 time=0.21ms cost=0.0 pos=(-3.01,3.01,-5.04) local=(-0.34,0.04,-4.16) wbirth=(-2.67,2.97,-0.88) ref=(-3.00,3.00) leader=(0.00,0.00) fallbacks=0
[mpc_node-2] [INFO] [1783592118.924376246] [px4_0.mpc_node_0]: [d0] solve: status=0 time=0.25ms cost=0.0 pos=(0.01,-0.01,-5.02) local=(0.30,-0.14,-5.02) wbirth=(-0.29,0.13,0.00) ref=(0.00,0.00) leader=(0.00,0.00) fallbacks=0
[mpc_node-7] [INFO] [1783592118.945441535] [px4_5.mpc_node_5]: [d5] solve: status=0 time=0.17ms cost=0.0 pos=(2.98,3.02,-5.02) local=(0.11,0.05,-3.49) wbirth=(2.87,2.97,-1.54) ref=(3.00,3.00) leader=(0.00,0.00) fallbacks=0
[mpc_node-5] [INFO] [1783592119.861940788] [px4_3.mpc_node_3]: [d3] solve: status=0 time=0.21ms cost=0.0 pos=(3.00,-0.00,-4.97) local=(-0.38,-0.36,-4.44) wbirth=(3.38,0.36,-0.53) ref=(3.00,0.00) leader=(0.00,0.00) fallbacks=0
[mpc_node-6] [INFO] [1783592119.869629234] [px4_4.mpc_node_4]: [d4] solve: status=0 time=0.17ms cost=0.0 pos=(-3.00,-0.03,-5.02) local=(-0.25,0.09,-3.00) wbirth=(-2.75,-0.12,-2.03) ref=(-3.00,0.00) leader=(0.00,0.00) fallbacks=0
[mpc_node-9] [INFO] [1783592119.885823356] [px4_7.mpc_node_7]: [d7] solve: status=0 time=0.17ms cost=0.0 pos=(3.01,-2.99,-5.01) local=(-0.34,-0.09,-4.64) wbirth=(3.35,-2.90,-0.37) ref=(3.00,-3.00) leader=(0.00,0.00) fallbacks=0
[mpc_node-3] [INFO] [1783592119.888587885] [px4_1.mpc_node_1]: [d1] solve: status=0 time=0.24ms cost=0.0 pos=(0.03,3.02,-5.00) local=(-0.03,-0.04,-3.40) wbirth=(0.07,3.06,-1.60) ref=(0.00,3.00) leader=(0.00,0.00) fallbacks=0
[mpc_node-10] [INFO] [1783592119.905412097] [px4_8.mpc_node_8]: [d8] solve: status=0 time=0.17ms cost=0.0 pos=(-3.01,-3.01,-5.05) local=(-0.22,-0.28,-3.93) wbirth=(-2.80,-2.73,-1.13) ref=(-3.00,-3.00) leader=(0.00,0.00) fallbacks=0
[mpc_node-4] [INFO] [1783592119.909456297] [px4_2.mpc_node_2]: [d2] solve: status=0 time=0.28ms cost=0.0 pos=(0.02,-3.00,-5.07) local=(0.20,0.02,-3.28) wbirth=(-0.18,-3.02,-1.79) ref=(0.00,-3.00) leader=(0.00,0.00) fallbacks=0
[mpc_node-8] [INFO] [1783592119.918266057] [px4_6.mpc_node_6]: [d6] solve: status=0 time=0.26ms cost=0.0 pos=(-3.02,3.01,-4.98) local=(-0.35,0.03,-4.10) wbirth=(-2.67,2.97,-0.88) ref=(-3.00,3.00) leader=(0.00,0.00) fallbacks=0
[mpc_node-2] [INFO] [1783592119.922305179] [px4_0.mpc_node_0]: [d0] solve: status=0 time=0.17ms cost=0.0 pos=(-0.04,-0.03,-4.98) local=(0.25,-0.16,-4.98) wbirth=(-0.29,0.13,0.00) ref=(0.00,0.00) leader=(0.00,0.00) fallbacks=0
[mpc_node-7] [INFO] [1783592119.944242258] [px4_5.mpc_node_5]: [d5] solve: status=0 time=0.20ms cost=0.0 pos=(3.01,3.00,-5.00) local=(0.14,0.03,-3.46) wbirth=(2.87,2.97,-1.54) ref=(3.00,3.00) leader=(0.00,0.00) fallbacks=0
[mpc_node-5] [INFO] [1783592120.861734719] [px4_3.mpc_node_3]: [d3] solve: status=0 time=0.21ms cost=0.0 pos=(2.98,-0.00,-5.00) local=(-0.41,-0.36,-4.46) wbirth=(3.38,0.36,-0.53) ref=(3.00,0.00) leader=(0.00,0.00) fallbacks=0
[mpc_node-6] [INFO] [1783592120.869249790] [px4_4.mpc_node_4]: [d4] solve: status=0 time=0.17ms cost=0.0 pos=(-2.98,0.03,-5.02) local=(-0.22,0.14,-3.00) wbirth=(-2.75,-0.12,-2.03) ref=(-3.00,0.00) leader=(0.00,0.00) fallbacks=0
[mpc_node-9] [INFO] [1783592120.885958477] [px4_7.mpc_node_7]: [d7] solve: status=0 time=0.20ms cost=0.0 pos=(3.03,-2.97,-4.95) local=(-0.32,-0.07,-4.58) wbirth=(3.35,-2.90,-0.37) ref=(3.00,-3.00) leader=(0.00,0.00) fallbacks=0
[mpc_node-3] [INFO] [1783592120.889157314] [px4_1.mpc_node_1]: [d1] solve: status=0 time=0.21ms cost=0.0 pos=(0.03,2.98,-5.00) local=(-0.04,-0.08,-3.40) wbirth=(0.07,3.06,-1.60) ref=(0.00,3.00) leader=(0.00,0.00) fallbacks=0
[mpc_node-10] [INFO] [1783592120.905259159] [px4_8.mpc_node_8]: [d8] solve: status=0 time=0.17ms cost=0.0 pos=(-3.00,-2.99,-4.98) local=(-0.20,-0.25,-3.86) wbirth=(-2.80,-2.73,-1.13) ref=(-3.00,-3.00) leader=(0.00,0.00) fallbacks=0
[mpc_node-4] [INFO] [1783592120.909352597] [px4_2.mpc_node_2]: [d2] solve: status=0 time=0.20ms cost=0.0 pos=(-0.01,-2.99,-5.01) local=(0.18,0.03,-3.22) wbirth=(-0.18,-3.02,-1.79) ref=(0.00,-3.00) leader=(0.00,0.00) fallbacks=0
[mpc_node-8] [INFO] [1783592120.917247795] [px4_6.mpc_node_6]: [d6] solve: status=0 time=0.18ms cost=0.0 pos=(-3.00,3.02,-4.96) local=(-0.33,0.04,-4.08) wbirth=(-2.67,2.97,-0.88) ref=(-3.00,3.00) leader=(0.00,0.00) fallbacks=0
[mpc_node-2] [INFO] [1783592120.921839056] [px4_0.mpc_node_0]: [d0] solve: status=0 time=0.21ms cost=0.0 pos=(-0.01,-0.01,-4.97) local=(0.28,-0.14,-4.97) wbirth=(-0.29,0.13,0.00) ref=(0.00,0.00) leader=(0.00,0.00) fallbacks=0
[mpc_node-7] [INFO] [1783592120.942933784] [px4_5.mpc_node_5]: [d5] solve: status=0 time=0.17ms cost=0.0 pos=(3.00,3.01,-5.00) local=(0.13,0.04,-3.47) wbirth=(2.87,2.97,-1.54) ref=(3.00,3.00) leader=(0.00,0.00) fallbacks=0
[mpc_node-5] [INFO] [1783592121.862095013] [px4_3.mpc_node_3]: [d3] solve: status=0 time=0.26ms cost=0.0 pos=(2.99,-0.01,-5.01) local=(-0.39,-0.36,-4.48) wbirth=(3.38,0.36,-0.53) ref=(3.00,0.00) leader=(0.00,0.00) fallbacks=0
[mpc_node-6] [INFO] [1783592121.870174085] [px4_4.mpc_node_4]: [d4] solve: status=0 time=0.25ms cost=0.0 pos=(-2.98,0.02,-4.97) local=(-0.23,0.14,-2.94) wbirth=(-2.75,-0.12,-2.03) ref=(-3.00,0.00) leader=(0.00,0.00) fallbacks=0
[mpc_node-9] [INFO] [1783592121.886014004] [px4_7.mpc_node_7]: [d7] solve: status=0 time=0.21ms cost=0.0 pos=(3.02,-3.00,-4.96) local=(-0.33,-0.09,-4.58) wbirth=(3.35,-2.90,-0.37) ref=(3.00,-3.00) leader=(0.00,0.00) fallbacks=0
[mpc_node-3] [INFO] [1783592121.887028717] [px4_1.mpc_node_1]: [d1] solve: status=0 time=0.31ms cost=0.0 pos=(-0.03,3.01,-5.00) local=(-0.10,-0.05,-3.40) wbirth=(0.07,3.06,-1.60) ref=(0.00,3.00) leader=(0.00,0.00) fallbacks=0
[mpc_node-10] [INFO] [1783592121.905813359] [px4_8.mpc_node_8]: [d8] solve: status=0 time=0.22ms cost=0.0 pos=(-2.98,-2.99,-4.99) local=(-0.18,-0.26,-3.86) wbirth=(-2.80,-2.73,-1.13) ref=(-3.00,-3.00) leader=(0.00,0.00) fallbacks=0
[mpc_node-4] [INFO] [1783592121.910466741] [px4_2.mpc_node_2]: [d2] solve: status=0 time=0.20ms cost=0.0 pos=(-0.01,-2.98,-4.94) local=(0.17,0.04,-3.15) wbirth=(-0.18,-3.02,-1.79) ref=(0.00,-3.00) leader=(0.00,0.00) fallbacks=0
[mpc_node-8] [INFO] [1783592121.918406637] [px4_6.mpc_node_6]: [d6] solve: status=0 time=0.21ms cost=0.0 pos=(-3.02,2.98,-4.97) local=(-0.34,0.01,-4.09) wbirth=(-2.67,2.97,-0.88) ref=(-3.00,3.00) leader=(0.00,0.00) fallbacks=0
[mpc_node-2] [INFO] [1783592121.923241380] [px4_0.mpc_node_0]: [d0] solve: status=0 time=0.21ms cost=0.0 pos=(0.01,0.00,-5.05) local=(0.30,-0.13,-5.05) wbirth=(-0.29,0.13,0.00) ref=(0.00,0.00) leader=(0.00,0.00) fallbacks=0
[mpc_node-7] [INFO] [1783592121.943559994] [px4_5.mpc_node_5]: [d5] solve: status=0 time=0.20ms cost=0.0 pos=(2.97,3.01,-4.98) local=(0.10,0.05,-3.45) wbirth=(2.87,2.97,-1.54) ref=(3.00,3.00) leader=(0.00,0.00) fallbacks=0
[mpc_node-5] [INFO] [1783592122.861372508] [px4_3.mpc_node_3]: [d3] solve: status=0 time=0.20ms cost=0.0 pos=(2.96,0.04,-5.01) local=(-0.42,-0.32,-4.47) wbirth=(3.38,0.36,-0.53) ref=(3.00,0.00) leader=(0.00,0.00) fallbacks=0
[mpc_node-6] [INFO] [1783592122.870336219] [px4_4.mpc_node_4]: [d4] solve: status=0 time=0.24ms cost=0.0 pos=(-3.02,-0.03,-5.04) local=(-0.27,0.08,-3.01) wbirth=(-2.75,-0.12,-2.03) ref=(-3.00,0.00) leader=(0.00,0.00) fallbacks=0
[mpc_node-9] [INFO] [1783592122.886077837] [px4_7.mpc_node_7]: [d7] solve: status=0 time=0.20ms cost=0.0 pos=(3.00,-2.97,-5.01) local=(-0.36,-0.07,-4.64) wbirth=(3.35,-2.90,-0.37) ref=(3.00,-3.00) leader=(0.00,0.00) fallbacks=0
[mpc_node-3] [INFO] [1783592122.886781825] [px4_1.mpc_node_1]: [d1] solve: status=0 time=0.20ms cost=0.0 pos=(-0.05,2.97,-5.06) local=(-0.12,-0.09,-3.46) wbirth=(0.07,3.06,-1.60) ref=(0.00,3.00) leader=(0.00,0.00) fallbacks=0
[mpc_node-10] [INFO] [1783592122.905759667] [px4_8.mpc_node_8]: [d8] solve: status=0 time=0.19ms cost=0.0 pos=(-3.02,-2.99,-4.98) local=(-0.23,-0.26,-3.85) wbirth=(-2.80,-2.73,-1.13) ref=(-3.00,-3.00) leader=(0.00,0.00) fallbacks=0
[mpc_node-4] [INFO] [1783592122.911483864] [px4_2.mpc_node_2]: [d2] solve: status=0 time=0.24ms cost=0.0 pos=(-0.02,-3.04,-4.99) local=(0.16,-0.02,-3.20) wbirth=(-0.18,-3.02,-1.79) ref=(0.00,-3.00) leader=(0.00,0.00) fallbacks=0
[mpc_node-8] [INFO] [1783592122.917667825] [px4_6.mpc_node_6]: [d6] solve: status=0 time=0.21ms cost=0.0 pos=(-2.98,2.97,-5.01) local=(-0.31,-0.00,-4.13) wbirth=(-2.67,2.97,-0.88) ref=(-3.00,3.00) leader=(0.00,0.00) fallbacks=0
[mpc_node-2] [INFO] [1783592122.922830528] [px4_0.mpc_node_0]: [d0] solve: status=0 time=0.21ms cost=0.0 pos=(0.01,0.01,-4.94) local=(0.30,-0.12,-4.94) wbirth=(-0.29,0.13,0.00) ref=(0.00,0.00) leader=(0.00,0.00) fallbacks=0
[mpc_node-7] [INFO] [1783592122.942994291] [px4_5.mpc_node_5]: [d5] solve: status=0 time=0.20ms cost=0.0 pos=(2.98,2.99,-5.05) local=(0.11,0.02,-3.51) wbirth=(2.87,2.97,-1.54) ref=(3.00,3.00) leader=(0.00,0.00) fallbacks=0
[mpc_node-5] [INFO] [1783592123.859673159] [px4_3.mpc_node_3]: [d3] solve: status=0 time=0.17ms cost=0.0 pos=(2.99,-0.02,-5.00) local=(-0.39,-0.37,-4.47) wbirth=(3.38,0.36,-0.53) ref=(3.00,0.00) leader=(0.00,0.00) fallbacks=0
[mpc_node-6] [INFO] [1783592123.869745533] [px4_4.mpc_node_4]: [d4] solve: status=0 time=0.20ms cost=0.0 pos=(-2.98,-0.01,-5.05) local=(-0.23,0.10,-3.03) wbirth=(-2.75,-0.12,-2.03) ref=(-3.00,0.00) leader=(0.00,0.00) fallbacks=0
[mpc_node-3] [INFO] [1783592123.887476700] [px4_1.mpc_node_1]: [d1] solve: status=0 time=0.20ms cost=0.0 pos=(0.00,2.99,-5.06) local=(-0.07,-0.07,-3.46) wbirth=(0.07,3.06,-1.60) ref=(0.00,3.00) leader=(0.00,0.00) fallbacks=0
[mpc_node-9] [INFO] [1783592123.887577271] [px4_7.mpc_node_7]: [d7] solve: status=0 time=0.20ms cost=0.0 pos=(3.01,-3.01,-5.02) local=(-0.34,-0.10,-4.65) wbirth=(3.35,-2.90,-0.37) ref=(3.00,-3.00) leader=(0.00,0.00) fallbacks=0
[mpc_node-10] [INFO] [1783592123.906330958] [px4_8.mpc_node_8]: [d8] solve: status=0 time=0.27ms cost=0.0 pos=(-2.99,-3.01,-5.01) local=(-0.19,-0.28,-3.89) wbirth=(-2.80,-2.73,-1.13) ref=(-3.00,-3.00) leader=(0.00,0.00) fallbacks=0
[mpc_node-4] [INFO] [1783592123.910370629] [px4_2.mpc_node_2]: [d2] solve: status=0 time=0.17ms cost=0.0 pos=(0.02,-3.02,-4.98) local=(0.20,-0.00,-3.19) wbirth=(-0.18,-3.02,-1.79) ref=(0.00,-3.00) leader=(0.00,0.00) fallbacks=0
[mpc_node-8] [INFO] [1783592123.918131911] [px4_6.mpc_node_6]: [d6] solve: status=0 time=0.27ms cost=0.0 pos=(-3.01,3.00,-5.01) local=(-0.34,0.03,-4.14) wbirth=(-2.67,2.97,-0.88) ref=(-3.00,3.00) leader=(0.00,0.00) fallbacks=0
[mpc_node-2] [INFO] [1783592123.923848021] [px4_0.mpc_node_0]: [d0] solve: status=0 time=0.20ms cost=0.0 pos=(0.02,0.01,-4.96) local=(0.31,-0.12,-4.96) wbirth=(-0.29,0.13,0.00) ref=(0.00,0.00) leader=(0.00,0.00) fallbacks=0
[mpc_node-7] [INFO] [1783592123.942829682] [px4_5.mpc_node_5]: [d5] solve: status=0 time=0.17ms cost=0.0 pos=(3.01,2.98,-4.99) local=(0.14,0.02,-3.46) wbirth=(2.87,2.97,-1.54) ref=(3.00,3.00) leader=(0.00,0.00) fallbacks=0
[mpc_node-5] [INFO] [1783592124.862347263] [px4_3.mpc_node_3]: [d3] solve: status=0 time=0.26ms cost=0.0 pos=(2.98,0.01,-5.02) local=(-0.40,-0.34,-4.49) wbirth=(3.38,0.36,-0.53) ref=(3.00,0.00) leader=(0.00,0.00) fallbacks=0
[mpc_node-6] [INFO] [1783592124.871190053] [px4_4.mpc_node_4]: [d4] solve: status=0 time=0.17ms cost=0.0 pos=(-2.99,-0.05,-4.96) local=(-0.24,0.07,-2.94) wbirth=(-2.75,-0.12,-2.03) ref=(-3.00,0.00) leader=(0.00,0.00) fallbacks=0
[mpc_node-9] [INFO] [1783592124.887667139] [px4_7.mpc_node_7]: [d7] solve: status=0 time=0.17ms cost=0.0 pos=(3.03,-3.02,-5.03) local=(-0.32,-0.12,-4.66) wbirth=(3.35,-2.90,-0.37) ref=(3.00,-3.00) leader=(0.00,0.00) fallbacks=0
[mpc_node-3] [INFO] [1783592124.887700441] [px4_1.mpc_node_1]: [d1] solve: status=0 time=0.18ms cost=0.0 pos=(-0.03,3.01,-5.00) local=(-0.10,-0.06,-3.41) wbirth=(0.07,3.06,-1.60) ref=(0.00,3.00) leader=(0.00,0.00) fallbacks=0
[mpc_node-10] [INFO] [1783592124.905680321] [px4_8.mpc_node_8]: [d8] solve: status=0 time=0.24ms cost=0.0 pos=(-2.96,-3.02,-4.97) local=(-0.17,-0.29,-3.84) wbirth=(-2.80,-2.73,-1.13) ref=(-3.00,-3.00) leader=(0.00,0.00) fallbacks=0
[mpc_node-4] [INFO] [1783592124.909319919] [px4_2.mpc_node_2]: [d2] solve: status=0 time=0.17ms cost=0.0 pos=(0.02,-3.00,-4.99) local=(0.21,0.02,-3.20) wbirth=(-0.18,-3.02,-1.79) ref=(0.00,-3.00) leader=(0.00,0.00) fallbacks=0
[mpc_node-8] [INFO] [1783592124.916775031] [px4_6.mpc_node_6]: [d6] solve: status=0 time=0.21ms cost=0.0 pos=(-3.01,2.99,-5.04) local=(-0.34,0.01,-4.17) wbirth=(-2.67,2.97,-0.88) ref=(-3.00,3.00) leader=(0.00,0.00) fallbacks=0
[mpc_node-2] [INFO] [1783592124.923762489] [px4_0.mpc_node_0]: [d0] solve: status=0 time=0.20ms cost=0.0 pos=(0.00,0.04,-5.01) local=(0.29,-0.09,-5.01) wbirth=(-0.29,0.13,0.00) ref=(0.00,0.00) leader=(0.00,0.00) fallbacks=0
[mpc_node-7] [INFO] [1783592124.942919330] [px4_5.mpc_node_5]: [d5] solve: status=0 time=0.21ms cost=0.0 pos=(3.01,3.00,-5.06) local=(0.14,0.03,-3.53) wbirth=(2.87,2.97,-1.54) ref=(3.00,3.00) leader=(0.00,0.00) fallbacks=0
