[INFO] [launch]: All log files can be found below /home/shirui/.ros/log/2026-07-09-18-06-16-557213-idt-109488
[INFO] [launch]: Default logging verbosity is set to INFO
[INFO] [leader_node-1]: process started with pid [109492]
[INFO] [mpc_node-2]: process started with pid [109494]
[INFO] [mpc_node-3]: process started with pid [109496]
[INFO] [mpc_node-4]: process started with pid [109498]
[INFO] [mpc_node-5]: process started with pid [109500]
[INFO] [mpc_node-6]: process started with pid [109502]
[INFO] [mpc_node-7]: process started with pid [109504]
[INFO] [mpc_node-8]: process started with pid [109506]
[INFO] [mpc_node-9]: process started with pid [109508]
[INFO] [mpc_node-10]: process started with pid [109510]
[leader_node-1] [INFO] [1783591576.737233630] [leader_node]: Leader ready: mode=hover, yaw_mode=fixed, alt=-5.0m (NED), speed=0.5m/s, radius=10.0m
[mpc_node-8] [INFO] [1783591576.779509996] [px4_6.mpc_node_6]: building acados OCP for drone 6 (N=30, dt=0.05, neighbours=[1, 4], d_star=[3.0, 3.0])...
[mpc_node-3] [INFO] [1783591576.779595517] [px4_1.mpc_node_1]: building acados OCP for drone 1 (N=30, dt=0.05, neighbours=[0, 5, 6], d_star=[3.0, 3.0, 3.0])...
[mpc_node-5] [INFO] [1783591576.789257379] [px4_3.mpc_node_3]: building acados OCP for drone 3 (N=30, dt=0.05, neighbours=[0, 5, 7], d_star=[3.0, 3.0, 3.0])...
[mpc_node-10] [INFO] [1783591576.793361782] [px4_8.mpc_node_8]: building acados OCP for drone 8 (N=30, dt=0.05, neighbours=[2, 4], d_star=[3.0, 3.0])...
[mpc_node-8] /usr/lib/python3/dist-packages/scipy/__init__.py:146: UserWarning: A NumPy version >=1.17.3 and <1.25.0 is required for this version of SciPy (detected version 1.26.4
[mpc_node-8]   warnings.warn(f"A NumPy version >={np_minversion} and <{np_maxversion}"
[mpc_node-3] /usr/lib/python3/dist-packages/scipy/__init__.py:146: UserWarning: A NumPy version >=1.17.3 and <1.25.0 is required for this version of SciPy (detected version 1.26.4
[mpc_node-3]   warnings.warn(f"A NumPy version >={np_minversion} and <{np_maxversion}"
[mpc_node-5] /usr/lib/python3/dist-packages/scipy/__init__.py:146: UserWarning: A NumPy version >=1.17.3 and <1.25.0 is required for this version of SciPy (detected version 1.26.4
[mpc_node-5]   warnings.warn(f"A NumPy version >={np_minversion} and <{np_maxversion}"
[mpc_node-10] /usr/lib/python3/dist-packages/scipy/__init__.py:146: UserWarning: A NumPy version >=1.17.3 and <1.25.0 is required for this version of SciPy (detected version 1.26.4
[mpc_node-10]   warnings.warn(f"A NumPy version >={np_minversion} and <{np_maxversion}"
[mpc_node-2] [INFO] [1783591576.813925676] [px4_0.mpc_node_0]: building acados OCP for drone 0 (N=30, dt=0.05, neighbours=[1, 2, 3, 4], d_star=[3.0, 3.0, 3.0, 3.0])...
[mpc_node-4] [INFO] [1783591576.817203457] [px4_2.mpc_node_2]: building acados OCP for drone 2 (N=30, dt=0.05, neighbours=[0, 7, 8], d_star=[3.0, 3.0, 3.0])...
[mpc_node-9] [INFO] [1783591576.824834237] [px4_7.mpc_node_7]: building acados OCP for drone 7 (N=30, dt=0.05, neighbours=[2, 3], d_star=[3.0, 3.0])...
[mpc_node-7] [INFO] [1783591576.826944465] [px4_5.mpc_node_5]: building acados OCP for drone 5 (N=30, dt=0.05, neighbours=[1, 3], d_star=[3.0, 3.0])...
[mpc_node-6] [INFO] [1783591576.830873390] [px4_4.mpc_node_4]: building acados OCP for drone 4 (N=30, dt=0.05, neighbours=[0, 6, 8], d_star=[3.0, 3.0, 3.0])...
[mpc_node-2] /usr/lib/python3/dist-packages/scipy/__init__.py:146: UserWarning: A NumPy version >=1.17.3 and <1.25.0 is required for this version of SciPy (detected version 1.26.4
[mpc_node-2]   warnings.warn(f"A NumPy version >={np_minversion} and <{np_maxversion}"
[mpc_node-4] /usr/lib/python3/dist-packages/scipy/__init__.py:146: UserWarning: A NumPy version >=1.17.3 and <1.25.0 is required for this version of SciPy (detected version 1.26.4
[mpc_node-4]   warnings.warn(f"A NumPy version >={np_minversion} and <{np_maxversion}"
[mpc_node-9] /usr/lib/python3/dist-packages/scipy/__init__.py:146: UserWarning: A NumPy version >=1.17.3 and <1.25.0 is required for this version of SciPy (detected version 1.26.4
[mpc_node-9]   warnings.warn(f"A NumPy version >={np_minversion} and <{np_maxversion}"
[mpc_node-7] /usr/lib/python3/dist-packages/scipy/__init__.py:146: UserWarning: A NumPy version >=1.17.3 and <1.25.0 is required for this version of SciPy (detected version 1.26.4
[mpc_node-7]   warnings.warn(f"A NumPy version >={np_minversion} and <{np_maxversion}"
[mpc_node-6] /usr/lib/python3/dist-packages/scipy/__init__.py:146: UserWarning: A NumPy version >=1.17.3 and <1.25.0 is required for this version of SciPy (detected version 1.26.4
[mpc_node-6]   warnings.warn(f"A NumPy version >={np_minversion} and <{np_maxversion}"
[mpc_node-8] rm -f libacados_ocp_solver_di_mpc_i6_m2.so
[mpc_node-8] rm -f di_mpc_i6_m2_cost/di_mpc_i6_m2_cost_y_0_fun.o di_mpc_i6_m2_cost/di_mpc_i6_m2_cost_y_0_fun_jac_ut_xt.o di_mpc_i6_m2_cost/di_mpc_i6_m2_cost_y_0_hess.o di_mpc_i6_m2_cost/di_mpc_i6_m2_cost_y_fun.o di_mpc_i6_m2_cost/di_mpc_i6_m2_cost_y_fun_jac_ut_xt.o di_mpc_i6_m2_cost/di_mpc_i6_m2_cost_y_hess.o di_mpc_i6_m2_cost/di_mpc_i6_m2_cost_y_e_fun.o di_mpc_i6_m2_cost/di_mpc_i6_m2_cost_y_e_fun_jac_ut_xt.o di_mpc_i6_m2_cost/di_mpc_i6_m2_cost_y_e_hess.o acados_solver_di_mpc_i6_m2.o
[mpc_node-8] cc -fPIC -std=c99   -O2 -I/home/shirui/acados/include -I/home/shirui/acados/include/acados -I/home/shirui/acados/include/blasfeo/include -I/home/shirui/acados/include/hpipm/include  -c -o di_mpc_i6_m2_cost/di_mpc_i6_m2_cost_y_0_fun.o di_mpc_i6_m2_cost/di_mpc_i6_m2_cost_y_0_fun.c
[mpc_node-10] rm -f libacados_ocp_solver_di_mpc_i8_m2.so
[mpc_node-10] rm -f di_mpc_i8_m2_cost/di_mpc_i8_m2_cost_y_0_fun.o di_mpc_i8_m2_cost/di_mpc_i8_m2_cost_y_0_fun_jac_ut_xt.o di_mpc_i8_m2_cost/di_mpc_i8_m2_cost_y_0_hess.o di_mpc_i8_m2_cost/di_mpc_i8_m2_cost_y_fun.o di_mpc_i8_m2_cost/di_mpc_i8_m2_cost_y_fun_jac_ut_xt.o di_mpc_i8_m2_cost/di_mpc_i8_m2_cost_y_hess.o di_mpc_i8_m2_cost/di_mpc_i8_m2_cost_y_e_fun.o di_mpc_i8_m2_cost/di_mpc_i8_m2_cost_y_e_fun_jac_ut_xt.o di_mpc_i8_m2_cost/di_mpc_i8_m2_cost_y_e_hess.o acados_solver_di_mpc_i8_m2.o
[mpc_node-10] cc -fPIC -std=c99   -O2 -I/home/shirui/acados/include -I/home/shirui/acados/include/acados -I/home/shirui/acados/include/blasfeo/include -I/home/shirui/acados/include/hpipm/include  -c -o di_mpc_i8_m2_cost/di_mpc_i8_m2_cost_y_0_fun.o di_mpc_i8_m2_cost/di_mpc_i8_m2_cost_y_0_fun.c
[mpc_node-5] rm -f libacados_ocp_solver_di_mpc_i3_m3.so
[mpc_node-5] rm -f di_mpc_i3_m3_cost/di_mpc_i3_m3_cost_y_0_fun.o di_mpc_i3_m3_cost/di_mpc_i3_m3_cost_y_0_fun_jac_ut_xt.o di_mpc_i3_m3_cost/di_mpc_i3_m3_cost_y_0_hess.o di_mpc_i3_m3_cost/di_mpc_i3_m3_cost_y_fun.o di_mpc_i3_m3_cost/di_mpc_i3_m3_cost_y_fun_jac_ut_xt.o di_mpc_i3_m3_cost/di_mpc_i3_m3_cost_y_hess.o di_mpc_i3_m3_cost/di_mpc_i3_m3_cost_y_e_fun.o di_mpc_i3_m3_cost/di_mpc_i3_m3_cost_y_e_fun_jac_ut_xt.o di_mpc_i3_m3_cost/di_mpc_i3_m3_cost_y_e_hess.o acados_solver_di_mpc_i3_m3.o
[mpc_node-5] cc -fPIC -std=c99   -O2 -I/home/shirui/acados/include -I/home/shirui/acados/include/acados -I/home/shirui/acados/include/blasfeo/include -I/home/shirui/acados/include/hpipm/include  -c -o di_mpc_i3_m3_cost/di_mpc_i3_m3_cost_y_0_fun.o di_mpc_i3_m3_cost/di_mpc_i3_m3_cost_y_0_fun.c
[mpc_node-8] cc -fPIC -std=c99   -O2 -I/home/shirui/acados/include -I/home/shirui/acados/include/acados -I/home/shirui/acados/include/blasfeo/include -I/home/shirui/acados/include/hpipm/include  -c -o di_mpc_i6_m2_cost/di_mpc_i6_m2_cost_y_0_fun_jac_ut_xt.o di_mpc_i6_m2_cost/di_mpc_i6_m2_cost_y_0_fun_jac_ut_xt.c
[mpc_node-7] rm -f libacados_ocp_solver_di_mpc_i5_m2.so
[mpc_node-7] rm -f di_mpc_i5_m2_cost/di_mpc_i5_m2_cost_y_0_fun.o di_mpc_i5_m2_cost/di_mpc_i5_m2_cost_y_0_fun_jac_ut_xt.o di_mpc_i5_m2_cost/di_mpc_i5_m2_cost_y_0_hess.o di_mpc_i5_m2_cost/di_mpc_i5_m2_cost_y_fun.o di_mpc_i5_m2_cost/di_mpc_i5_m2_cost_y_fun_jac_ut_xt.o di_mpc_i5_m2_cost/di_mpc_i5_m2_cost_y_hess.o di_mpc_i5_m2_cost/di_mpc_i5_m2_cost_y_e_fun.o di_mpc_i5_m2_cost/di_mpc_i5_m2_cost_y_e_fun_jac_ut_xt.o di_mpc_i5_m2_cost/di_mpc_i5_m2_cost_y_e_hess.o acados_solver_di_mpc_i5_m2.o
[mpc_node-7] cc -fPIC -std=c99   -O2 -I/home/shirui/acados/include -I/home/shirui/acados/include/acados -I/home/shirui/acados/include/blasfeo/include -I/home/shirui/acados/include/hpipm/include  -c -o di_mpc_i5_m2_cost/di_mpc_i5_m2_cost_y_0_fun.o di_mpc_i5_m2_cost/di_mpc_i5_m2_cost_y_0_fun.c
[mpc_node-10] cc -fPIC -std=c99   -O2 -I/home/shirui/acados/include -I/home/shirui/acados/include/acados -I/home/shirui/acados/include/blasfeo/include -I/home/shirui/acados/include/hpipm/include  -c -o di_mpc_i8_m2_cost/di_mpc_i8_m2_cost_y_0_fun_jac_ut_xt.o di_mpc_i8_m2_cost/di_mpc_i8_m2_cost_y_0_fun_jac_ut_xt.c
[mpc_node-9] rm -f libacados_ocp_solver_di_mpc_i7_m2.so
[mpc_node-9] rm -f di_mpc_i7_m2_cost/di_mpc_i7_m2_cost_y_0_fun.o di_mpc_i7_m2_cost/di_mpc_i7_m2_cost_y_0_fun_jac_ut_xt.o di_mpc_i7_m2_cost/di_mpc_i7_m2_cost_y_0_hess.o di_mpc_i7_m2_cost/di_mpc_i7_m2_cost_y_fun.o di_mpc_i7_m2_cost/di_mpc_i7_m2_cost_y_fun_jac_ut_xt.o di_mpc_i7_m2_cost/di_mpc_i7_m2_cost_y_hess.o di_mpc_i7_m2_cost/di_mpc_i7_m2_cost_y_e_fun.o di_mpc_i7_m2_cost/di_mpc_i7_m2_cost_y_e_fun_jac_ut_xt.o di_mpc_i7_m2_cost/di_mpc_i7_m2_cost_y_e_hess.o acados_solver_di_mpc_i7_m2.o
[mpc_node-9] cc -fPIC -std=c99   -O2 -I/home/shirui/acados/include -I/home/shirui/acados/include/acados -I/home/shirui/acados/include/blasfeo/include -I/home/shirui/acados/include/hpipm/include  -c -o di_mpc_i7_m2_cost/di_mpc_i7_m2_cost_y_0_fun.o di_mpc_i7_m2_cost/di_mpc_i7_m2_cost_y_0_fun.c
[mpc_node-3] rm -f libacados_ocp_solver_di_mpc_i1_m3.so
[mpc_node-3] rm -f di_mpc_i1_m3_cost/di_mpc_i1_m3_cost_y_0_fun.o di_mpc_i1_m3_cost/di_mpc_i1_m3_cost_y_0_fun_jac_ut_xt.o di_mpc_i1_m3_cost/di_mpc_i1_m3_cost_y_0_hess.o di_mpc_i1_m3_cost/di_mpc_i1_m3_cost_y_fun.o di_mpc_i1_m3_cost/di_mpc_i1_m3_cost_y_fun_jac_ut_xt.o di_mpc_i1_m3_cost/di_mpc_i1_m3_cost_y_hess.o di_mpc_i1_m3_cost/di_mpc_i1_m3_cost_y_e_fun.o di_mpc_i1_m3_cost/di_mpc_i1_m3_cost_y_e_fun_jac_ut_xt.o di_mpc_i1_m3_cost/di_mpc_i1_m3_cost_y_e_hess.o acados_solver_di_mpc_i1_m3.o
[mpc_node-2] rm -f libacados_ocp_solver_di_mpc_i0_m4.so
[mpc_node-2] rm -f di_mpc_i0_m4_cost/di_mpc_i0_m4_cost_y_0_fun.o di_mpc_i0_m4_cost/di_mpc_i0_m4_cost_y_0_fun_jac_ut_xt.o di_mpc_i0_m4_cost/di_mpc_i0_m4_cost_y_0_hess.o di_mpc_i0_m4_cost/di_mpc_i0_m4_cost_y_fun.o di_mpc_i0_m4_cost/di_mpc_i0_m4_cost_y_fun_jac_ut_xt.o di_mpc_i0_m4_cost/di_mpc_i0_m4_cost_y_hess.o di_mpc_i0_m4_cost/di_mpc_i0_m4_cost_y_e_fun.o di_mpc_i0_m4_cost/di_mpc_i0_m4_cost_y_e_fun_jac_ut_xt.o di_mpc_i0_m4_cost/di_mpc_i0_m4_cost_y_e_hess.o acados_solver_di_mpc_i0_m4.o
[mpc_node-3] cc -fPIC -std=c99   -O2 -I/home/shirui/acados/include -I/home/shirui/acados/include/acados -I/home/shirui/acados/include/blasfeo/include -I/home/shirui/acados/include/hpipm/include  -c -o di_mpc_i1_m3_cost/di_mpc_i1_m3_cost_y_0_fun.o di_mpc_i1_m3_cost/di_mpc_i1_m3_cost_y_0_fun.c
[mpc_node-2] cc -fPIC -std=c99   -O2 -I/home/shirui/acados/include -I/home/shirui/acados/include/acados -I/home/shirui/acados/include/blasfeo/include -I/home/shirui/acados/include/hpipm/include  -c -o di_mpc_i0_m4_cost/di_mpc_i0_m4_cost_y_0_fun.o di_mpc_i0_m4_cost/di_mpc_i0_m4_cost_y_0_fun.c
[mpc_node-5] cc -fPIC -std=c99   -O2 -I/home/shirui/acados/include -I/home/shirui/acados/include/acados -I/home/shirui/acados/include/blasfeo/include -I/home/shirui/acados/include/hpipm/include  -c -o di_mpc_i3_m3_cost/di_mpc_i3_m3_cost_y_0_fun_jac_ut_xt.o di_mpc_i3_m3_cost/di_mpc_i3_m3_cost_y_0_fun_jac_ut_xt.c
[mpc_node-4] rm -f libacados_ocp_solver_di_mpc_i2_m3.so
[mpc_node-4] rm -f di_mpc_i2_m3_cost/di_mpc_i2_m3_cost_y_0_fun.o di_mpc_i2_m3_cost/di_mpc_i2_m3_cost_y_0_fun_jac_ut_xt.o di_mpc_i2_m3_cost/di_mpc_i2_m3_cost_y_0_hess.o di_mpc_i2_m3_cost/di_mpc_i2_m3_cost_y_fun.o di_mpc_i2_m3_cost/di_mpc_i2_m3_cost_y_fun_jac_ut_xt.o di_mpc_i2_m3_cost/di_mpc_i2_m3_cost_y_hess.o di_mpc_i2_m3_cost/di_mpc_i2_m3_cost_y_e_fun.o di_mpc_i2_m3_cost/di_mpc_i2_m3_cost_y_e_fun_jac_ut_xt.o di_mpc_i2_m3_cost/di_mpc_i2_m3_cost_y_e_hess.o acados_solver_di_mpc_i2_m3.o
[mpc_node-8] cc -fPIC -std=c99   -O2 -I/home/shirui/acados/include -I/home/shirui/acados/include/acados -I/home/shirui/acados/include/blasfeo/include -I/home/shirui/acados/include/hpipm/include  -c -o di_mpc_i6_m2_cost/di_mpc_i6_m2_cost_y_0_hess.o di_mpc_i6_m2_cost/di_mpc_i6_m2_cost_y_0_hess.c
[mpc_node-4] cc -fPIC -std=c99   -O2 -I/home/shirui/acados/include -I/home/shirui/acados/include/acados -I/home/shirui/acados/include/blasfeo/include -I/home/shirui/acados/include/hpipm/include  -c -o di_mpc_i2_m3_cost/di_mpc_i2_m3_cost_y_0_fun.o di_mpc_i2_m3_cost/di_mpc_i2_m3_cost_y_0_fun.c
[mpc_node-9] cc -fPIC -std=c99   -O2 -I/home/shirui/acados/include -I/home/shirui/acados/include/acados -I/home/shirui/acados/include/blasfeo/include -I/home/shirui/acados/include/hpipm/include  -c -o di_mpc_i7_m2_cost/di_mpc_i7_m2_cost_y_0_fun_jac_ut_xt.o di_mpc_i7_m2_cost/di_mpc_i7_m2_cost_y_0_fun_jac_ut_xt.c
[mpc_node-7] cc -fPIC -std=c99   -O2 -I/home/shirui/acados/include -I/home/shirui/acados/include/acados -I/home/shirui/acados/include/blasfeo/include -I/home/shirui/acados/include/hpipm/include  -c -o di_mpc_i5_m2_cost/di_mpc_i5_m2_cost_y_0_fun_jac_ut_xt.o di_mpc_i5_m2_cost/di_mpc_i5_m2_cost_y_0_fun_jac_ut_xt.c
[mpc_node-10] cc -fPIC -std=c99   -O2 -I/home/shirui/acados/include -I/home/shirui/acados/include/acados -I/home/shirui/acados/include/blasfeo/include -I/home/shirui/acados/include/hpipm/include  -c -o di_mpc_i8_m2_cost/di_mpc_i8_m2_cost_y_0_hess.o di_mpc_i8_m2_cost/di_mpc_i8_m2_cost_y_0_hess.c
[mpc_node-3] cc -fPIC -std=c99   -O2 -I/home/shirui/acados/include -I/home/shirui/acados/include/acados -I/home/shirui/acados/include/blasfeo/include -I/home/shirui/acados/include/hpipm/include  -c -o di_mpc_i1_m3_cost/di_mpc_i1_m3_cost_y_0_fun_jac_ut_xt.o di_mpc_i1_m3_cost/di_mpc_i1_m3_cost_y_0_fun_jac_ut_xt.c
[mpc_node-2] cc -fPIC -std=c99   -O2 -I/home/shirui/acados/include -I/home/shirui/acados/include/acados -I/home/shirui/acados/include/blasfeo/include -I/home/shirui/acados/include/hpipm/include  -c -o di_mpc_i0_m4_cost/di_mpc_i0_m4_cost_y_0_fun_jac_ut_xt.o di_mpc_i0_m4_cost/di_mpc_i0_m4_cost_y_0_fun_jac_ut_xt.c
[mpc_node-8] cc -fPIC -std=c99   -O2 -I/home/shirui/acados/include -I/home/shirui/acados/include/acados -I/home/shirui/acados/include/blasfeo/include -I/home/shirui/acados/include/hpipm/include  -c -o di_mpc_i6_m2_cost/di_mpc_i6_m2_cost_y_fun.o di_mpc_i6_m2_cost/di_mpc_i6_m2_cost_y_fun.c
[mpc_node-5] cc -fPIC -std=c99   -O2 -I/home/shirui/acados/include -I/home/shirui/acados/include/acados -I/home/shirui/acados/include/blasfeo/include -I/home/shirui/acados/include/hpipm/include  -c -o di_mpc_i3_m3_cost/di_mpc_i3_m3_cost_y_0_hess.o di_mpc_i3_m3_cost/di_mpc_i3_m3_cost_y_0_hess.c
[mpc_node-9] cc -fPIC -std=c99   -O2 -I/home/shirui/acados/include -I/home/shirui/acados/include/acados -I/home/shirui/acados/include/blasfeo/include -I/home/shirui/acados/include/hpipm/include  -c -o di_mpc_i7_m2_cost/di_mpc_i7_m2_cost_y_0_hess.o di_mpc_i7_m2_cost/di_mpc_i7_m2_cost_y_0_hess.c
[mpc_node-4] cc -fPIC -std=c99   -O2 -I/home/shirui/acados/include -I/home/shirui/acados/include/acados -I/home/shirui/acados/include/blasfeo/include -I/home/shirui/acados/include/hpipm/include  -c -o di_mpc_i2_m3_cost/di_mpc_i2_m3_cost_y_0_fun_jac_ut_xt.o di_mpc_i2_m3_cost/di_mpc_i2_m3_cost_y_0_fun_jac_ut_xt.c
[mpc_node-10] cc -fPIC -std=c99   -O2 -I/home/shirui/acados/include -I/home/shirui/acados/include/acados -I/home/shirui/acados/include/blasfeo/include -I/home/shirui/acados/include/hpipm/include  -c -o di_mpc_i8_m2_cost/di_mpc_i8_m2_cost_y_fun.o di_mpc_i8_m2_cost/di_mpc_i8_m2_cost_y_fun.c
[mpc_node-7] cc -fPIC -std=c99   -O2 -I/home/shirui/acados/include -I/home/shirui/acados/include/acados -I/home/shirui/acados/include/blasfeo/include -I/home/shirui/acados/include/hpipm/include  -c -o di_mpc_i5_m2_cost/di_mpc_i5_m2_cost_y_0_hess.o di_mpc_i5_m2_cost/di_mpc_i5_m2_cost_y_0_hess.c
[mpc_node-8] cc -fPIC -std=c99   -O2 -I/home/shirui/acados/include -I/home/shirui/acados/include/acados -I/home/shirui/acados/include/blasfeo/include -I/home/shirui/acados/include/hpipm/include  -c -o di_mpc_i6_m2_cost/di_mpc_i6_m2_cost_y_fun_jac_ut_xt.o di_mpc_i6_m2_cost/di_mpc_i6_m2_cost_y_fun_jac_ut_xt.c
[mpc_node-6] rm -f libacados_ocp_solver_di_mpc_i4_m3.so
[mpc_node-6] rm -f di_mpc_i4_m3_cost/di_mpc_i4_m3_cost_y_0_fun.o di_mpc_i4_m3_cost/di_mpc_i4_m3_cost_y_0_fun_jac_ut_xt.o di_mpc_i4_m3_cost/di_mpc_i4_m3_cost_y_0_hess.o di_mpc_i4_m3_cost/di_mpc_i4_m3_cost_y_fun.o di_mpc_i4_m3_cost/di_mpc_i4_m3_cost_y_fun_jac_ut_xt.o di_mpc_i4_m3_cost/di_mpc_i4_m3_cost_y_hess.o di_mpc_i4_m3_cost/di_mpc_i4_m3_cost_y_e_fun.o di_mpc_i4_m3_cost/di_mpc_i4_m3_cost_y_e_fun_jac_ut_xt.o di_mpc_i4_m3_cost/di_mpc_i4_m3_cost_y_e_hess.o acados_solver_di_mpc_i4_m3.o
[mpc_node-3] cc -fPIC -std=c99   -O2 -I/home/shirui/acados/include -I/home/shirui/acados/include/acados -I/home/shirui/acados/include/blasfeo/include -I/home/shirui/acados/include/hpipm/include  -c -o di_mpc_i1_m3_cost/di_mpc_i1_m3_cost_y_0_hess.o di_mpc_i1_m3_cost/di_mpc_i1_m3_cost_y_0_hess.c
[mpc_node-6] cc -fPIC -std=c99   -O2 -I/home/shirui/acados/include -I/home/shirui/acados/include/acados -I/home/shirui/acados/include/blasfeo/include -I/home/shirui/acados/include/hpipm/include  -c -o di_mpc_i4_m3_cost/di_mpc_i4_m3_cost_y_0_fun.o di_mpc_i4_m3_cost/di_mpc_i4_m3_cost_y_0_fun.c
[mpc_node-5] cc -fPIC -std=c99   -O2 -I/home/shirui/acados/include -I/home/shirui/acados/include/acados -I/home/shirui/acados/include/blasfeo/include -I/home/shirui/acados/include/hpipm/include  -c -o di_mpc_i3_m3_cost/di_mpc_i3_m3_cost_y_fun.o di_mpc_i3_m3_cost/di_mpc_i3_m3_cost_y_fun.c
[mpc_node-2] cc -fPIC -std=c99   -O2 -I/home/shirui/acados/include -I/home/shirui/acados/include/acados -I/home/shirui/acados/include/blasfeo/include -I/home/shirui/acados/include/hpipm/include  -c -o di_mpc_i0_m4_cost/di_mpc_i0_m4_cost_y_0_hess.o di_mpc_i0_m4_cost/di_mpc_i0_m4_cost_y_0_hess.c
[mpc_node-10] cc -fPIC -std=c99   -O2 -I/home/shirui/acados/include -I/home/shirui/acados/include/acados -I/home/shirui/acados/include/blasfeo/include -I/home/shirui/acados/include/hpipm/include  -c -o di_mpc_i8_m2_cost/di_mpc_i8_m2_cost_y_fun_jac_ut_xt.o di_mpc_i8_m2_cost/di_mpc_i8_m2_cost_y_fun_jac_ut_xt.c
[mpc_node-7] cc -fPIC -std=c99   -O2 -I/home/shirui/acados/include -I/home/shirui/acados/include/acados -I/home/shirui/acados/include/blasfeo/include -I/home/shirui/acados/include/hpipm/include  -c -o di_mpc_i5_m2_cost/di_mpc_i5_m2_cost_y_fun.o di_mpc_i5_m2_cost/di_mpc_i5_m2_cost_y_fun.c
[mpc_node-9] cc -fPIC -std=c99   -O2 -I/home/shirui/acados/include -I/home/shirui/acados/include/acados -I/home/shirui/acados/include/blasfeo/include -I/home/shirui/acados/include/hpipm/include  -c -o di_mpc_i7_m2_cost/di_mpc_i7_m2_cost_y_fun.o di_mpc_i7_m2_cost/di_mpc_i7_m2_cost_y_fun.c
[mpc_node-4] cc -fPIC -std=c99   -O2 -I/home/shirui/acados/include -I/home/shirui/acados/include/acados -I/home/shirui/acados/include/blasfeo/include -I/home/shirui/acados/include/hpipm/include  -c -o di_mpc_i2_m3_cost/di_mpc_i2_m3_cost_y_0_hess.o di_mpc_i2_m3_cost/di_mpc_i2_m3_cost_y_0_hess.c
[mpc_node-3] cc -fPIC -std=c99   -O2 -I/home/shirui/acados/include -I/home/shirui/acados/include/acados -I/home/shirui/acados/include/blasfeo/include -I/home/shirui/acados/include/hpipm/include  -c -o di_mpc_i1_m3_cost/di_mpc_i1_m3_cost_y_fun.o di_mpc_i1_m3_cost/di_mpc_i1_m3_cost_y_fun.c
[mpc_node-8] cc -fPIC -std=c99   -O2 -I/home/shirui/acados/include -I/home/shirui/acados/include/acados -I/home/shirui/acados/include/blasfeo/include -I/home/shirui/acados/include/hpipm/include  -c -o di_mpc_i6_m2_cost/di_mpc_i6_m2_cost_y_hess.o di_mpc_i6_m2_cost/di_mpc_i6_m2_cost_y_hess.c
[mpc_node-5] cc -fPIC -std=c99   -O2 -I/home/shirui/acados/include -I/home/shirui/acados/include/acados -I/home/shirui/acados/include/blasfeo/include -I/home/shirui/acados/include/hpipm/include  -c -o di_mpc_i3_m3_cost/di_mpc_i3_m3_cost_y_fun_jac_ut_xt.o di_mpc_i3_m3_cost/di_mpc_i3_m3_cost_y_fun_jac_ut_xt.c
[mpc_node-6] cc -fPIC -std=c99   -O2 -I/home/shirui/acados/include -I/home/shirui/acados/include/acados -I/home/shirui/acados/include/blasfeo/include -I/home/shirui/acados/include/hpipm/include  -c -o di_mpc_i4_m3_cost/di_mpc_i4_m3_cost_y_0_fun_jac_ut_xt.o di_mpc_i4_m3_cost/di_mpc_i4_m3_cost_y_0_fun_jac_ut_xt.c
[mpc_node-7] cc -fPIC -std=c99   -O2 -I/home/shirui/acados/include -I/home/shirui/acados/include/acados -I/home/shirui/acados/include/blasfeo/include -I/home/shirui/acados/include/hpipm/include  -c -o di_mpc_i5_m2_cost/di_mpc_i5_m2_cost_y_fun_jac_ut_xt.o di_mpc_i5_m2_cost/di_mpc_i5_m2_cost_y_fun_jac_ut_xt.c
[mpc_node-2] cc -fPIC -std=c99   -O2 -I/home/shirui/acados/include -I/home/shirui/acados/include/acados -I/home/shirui/acados/include/blasfeo/include -I/home/shirui/acados/include/hpipm/include  -c -o di_mpc_i0_m4_cost/di_mpc_i0_m4_cost_y_fun.o di_mpc_i0_m4_cost/di_mpc_i0_m4_cost_y_fun.c
[mpc_node-10] cc -fPIC -std=c99   -O2 -I/home/shirui/acados/include -I/home/shirui/acados/include/acados -I/home/shirui/acados/include/blasfeo/include -I/home/shirui/acados/include/hpipm/include  -c -o di_mpc_i8_m2_cost/di_mpc_i8_m2_cost_y_hess.o di_mpc_i8_m2_cost/di_mpc_i8_m2_cost_y_hess.c
[mpc_node-9] cc -fPIC -std=c99   -O2 -I/home/shirui/acados/include -I/home/shirui/acados/include/acados -I/home/shirui/acados/include/blasfeo/include -I/home/shirui/acados/include/hpipm/include  -c -o di_mpc_i7_m2_cost/di_mpc_i7_m2_cost_y_fun_jac_ut_xt.o di_mpc_i7_m2_cost/di_mpc_i7_m2_cost_y_fun_jac_ut_xt.c
[mpc_node-4] cc -fPIC -std=c99   -O2 -I/home/shirui/acados/include -I/home/shirui/acados/include/acados -I/home/shirui/acados/include/blasfeo/include -I/home/shirui/acados/include/hpipm/include  -c -o di_mpc_i2_m3_cost/di_mpc_i2_m3_cost_y_fun.o di_mpc_i2_m3_cost/di_mpc_i2_m3_cost_y_fun.c
[mpc_node-8] cc -fPIC -std=c99   -O2 -I/home/shirui/acados/include -I/home/shirui/acados/include/acados -I/home/shirui/acados/include/blasfeo/include -I/home/shirui/acados/include/hpipm/include  -c -o di_mpc_i6_m2_cost/di_mpc_i6_m2_cost_y_e_fun.o di_mpc_i6_m2_cost/di_mpc_i6_m2_cost_y_e_fun.c
[mpc_node-3] cc -fPIC -std=c99   -O2 -I/home/shirui/acados/include -I/home/shirui/acados/include/acados -I/home/shirui/acados/include/blasfeo/include -I/home/shirui/acados/include/hpipm/include  -c -o di_mpc_i1_m3_cost/di_mpc_i1_m3_cost_y_fun_jac_ut_xt.o di_mpc_i1_m3_cost/di_mpc_i1_m3_cost_y_fun_jac_ut_xt.c
[mpc_node-10] cc -fPIC -std=c99   -O2 -I/home/shirui/acados/include -I/home/shirui/acados/include/acados -I/home/shirui/acados/include/blasfeo/include -I/home/shirui/acados/include/hpipm/include  -c -o di_mpc_i8_m2_cost/di_mpc_i8_m2_cost_y_e_fun.o di_mpc_i8_m2_cost/di_mpc_i8_m2_cost_y_e_fun.c
[mpc_node-5] cc -fPIC -std=c99   -O2 -I/home/shirui/acados/include -I/home/shirui/acados/include/acados -I/home/shirui/acados/include/blasfeo/include -I/home/shirui/acados/include/hpipm/include  -c -o di_mpc_i3_m3_cost/di_mpc_i3_m3_cost_y_hess.o di_mpc_i3_m3_cost/di_mpc_i3_m3_cost_y_hess.c
[mpc_node-2] cc -fPIC -std=c99   -O2 -I/home/shirui/acados/include -I/home/shirui/acados/include/acados -I/home/shirui/acados/include/blasfeo/include -I/home/shirui/acados/include/hpipm/include  -c -o di_mpc_i0_m4_cost/di_mpc_i0_m4_cost_y_fun_jac_ut_xt.o di_mpc_i0_m4_cost/di_mpc_i0_m4_cost_y_fun_jac_ut_xt.c
[mpc_node-6] cc -fPIC -std=c99   -O2 -I/home/shirui/acados/include -I/home/shirui/acados/include/acados -I/home/shirui/acados/include/blasfeo/include -I/home/shirui/acados/include/hpipm/include  -c -o di_mpc_i4_m3_cost/di_mpc_i4_m3_cost_y_0_hess.o di_mpc_i4_m3_cost/di_mpc_i4_m3_cost_y_0_hess.c
[mpc_node-7] cc -fPIC -std=c99   -O2 -I/home/shirui/acados/include -I/home/shirui/acados/include/acados -I/home/shirui/acados/include/blasfeo/include -I/home/shirui/acados/include/hpipm/include  -c -o di_mpc_i5_m2_cost/di_mpc_i5_m2_cost_y_hess.o di_mpc_i5_m2_cost/di_mpc_i5_m2_cost_y_hess.c
[mpc_node-8] cc -fPIC -std=c99   -O2 -I/home/shirui/acados/include -I/home/shirui/acados/include/acados -I/home/shirui/acados/include/blasfeo/include -I/home/shirui/acados/include/hpipm/include  -c -o di_mpc_i6_m2_cost/di_mpc_i6_m2_cost_y_e_fun_jac_ut_xt.o di_mpc_i6_m2_cost/di_mpc_i6_m2_cost_y_e_fun_jac_ut_xt.c
[mpc_node-9] cc -fPIC -std=c99   -O2 -I/home/shirui/acados/include -I/home/shirui/acados/include/acados -I/home/shirui/acados/include/blasfeo/include -I/home/shirui/acados/include/hpipm/include  -c -o di_mpc_i7_m2_cost/di_mpc_i7_m2_cost_y_hess.o di_mpc_i7_m2_cost/di_mpc_i7_m2_cost_y_hess.c
[mpc_node-4] cc -fPIC -std=c99   -O2 -I/home/shirui/acados/include -I/home/shirui/acados/include/acados -I/home/shirui/acados/include/blasfeo/include -I/home/shirui/acados/include/hpipm/include  -c -o di_mpc_i2_m3_cost/di_mpc_i2_m3_cost_y_fun_jac_ut_xt.o di_mpc_i2_m3_cost/di_mpc_i2_m3_cost_y_fun_jac_ut_xt.c
[mpc_node-10] cc -fPIC -std=c99   -O2 -I/home/shirui/acados/include -I/home/shirui/acados/include/acados -I/home/shirui/acados/include/blasfeo/include -I/home/shirui/acados/include/hpipm/include  -c -o di_mpc_i8_m2_cost/di_mpc_i8_m2_cost_y_e_fun_jac_ut_xt.o di_mpc_i8_m2_cost/di_mpc_i8_m2_cost_y_e_fun_jac_ut_xt.c
[mpc_node-7] cc -fPIC -std=c99   -O2 -I/home/shirui/acados/include -I/home/shirui/acados/include/acados -I/home/shirui/acados/include/blasfeo/include -I/home/shirui/acados/include/hpipm/include  -c -o di_mpc_i5_m2_cost/di_mpc_i5_m2_cost_y_e_fun.o di_mpc_i5_m2_cost/di_mpc_i5_m2_cost_y_e_fun.c
[mpc_node-8] cc -fPIC -std=c99   -O2 -I/home/shirui/acados/include -I/home/shirui/acados/include/acados -I/home/shirui/acados/include/blasfeo/include -I/home/shirui/acados/include/hpipm/include  -c -o di_mpc_i6_m2_cost/di_mpc_i6_m2_cost_y_e_hess.o di_mpc_i6_m2_cost/di_mpc_i6_m2_cost_y_e_hess.c
[mpc_node-6] cc -fPIC -std=c99   -O2 -I/home/shirui/acados/include -I/home/shirui/acados/include/acados -I/home/shirui/acados/include/blasfeo/include -I/home/shirui/acados/include/hpipm/include  -c -o di_mpc_i4_m3_cost/di_mpc_i4_m3_cost_y_fun.o di_mpc_i4_m3_cost/di_mpc_i4_m3_cost_y_fun.c
[mpc_node-3] cc -fPIC -std=c99   -O2 -I/home/shirui/acados/include -I/home/shirui/acados/include/acados -I/home/shirui/acados/include/blasfeo/include -I/home/shirui/acados/include/hpipm/include  -c -o di_mpc_i1_m3_cost/di_mpc_i1_m3_cost_y_hess.o di_mpc_i1_m3_cost/di_mpc_i1_m3_cost_y_hess.c
[mpc_node-2] cc -fPIC -std=c99   -O2 -I/home/shirui/acados/include -I/home/shirui/acados/include/acados -I/home/shirui/acados/include/blasfeo/include -I/home/shirui/acados/include/hpipm/include  -c -o di_mpc_i0_m4_cost/di_mpc_i0_m4_cost_y_hess.o di_mpc_i0_m4_cost/di_mpc_i0_m4_cost_y_hess.c
[mpc_node-5] cc -fPIC -std=c99   -O2 -I/home/shirui/acados/include -I/home/shirui/acados/include/acados -I/home/shirui/acados/include/blasfeo/include -I/home/shirui/acados/include/hpipm/include  -c -o di_mpc_i3_m3_cost/di_mpc_i3_m3_cost_y_e_fun.o di_mpc_i3_m3_cost/di_mpc_i3_m3_cost_y_e_fun.c
[mpc_node-10] cc -fPIC -std=c99   -O2 -I/home/shirui/acados/include -I/home/shirui/acados/include/acados -I/home/shirui/acados/include/blasfeo/include -I/home/shirui/acados/include/hpipm/include  -c -o di_mpc_i8_m2_cost/di_mpc_i8_m2_cost_y_e_hess.o di_mpc_i8_m2_cost/di_mpc_i8_m2_cost_y_e_hess.c
[mpc_node-9] cc -fPIC -std=c99   -O2 -I/home/shirui/acados/include -I/home/shirui/acados/include/acados -I/home/shirui/acados/include/blasfeo/include -I/home/shirui/acados/include/hpipm/include  -c -o di_mpc_i7_m2_cost/di_mpc_i7_m2_cost_y_e_fun.o di_mpc_i7_m2_cost/di_mpc_i7_m2_cost_y_e_fun.c
[mpc_node-8] cc -fPIC -std=c99   -O2 -I/home/shirui/acados/include -I/home/shirui/acados/include/acados -I/home/shirui/acados/include/blasfeo/include -I/home/shirui/acados/include/hpipm/include  -c -o acados_solver_di_mpc_i6_m2.o acados_solver_di_mpc_i6_m2.c
[mpc_node-4] cc -fPIC -std=c99   -O2 -I/home/shirui/acados/include -I/home/shirui/acados/include/acados -I/home/shirui/acados/include/blasfeo/include -I/home/shirui/acados/include/hpipm/include  -c -o di_mpc_i2_m3_cost/di_mpc_i2_m3_cost_y_hess.o di_mpc_i2_m3_cost/di_mpc_i2_m3_cost_y_hess.c
[mpc_node-7] cc -fPIC -std=c99   -O2 -I/home/shirui/acados/include -I/home/shirui/acados/include/acados -I/home/shirui/acados/include/blasfeo/include -I/home/shirui/acados/include/hpipm/include  -c -o di_mpc_i5_m2_cost/di_mpc_i5_m2_cost_y_e_fun_jac_ut_xt.o di_mpc_i5_m2_cost/di_mpc_i5_m2_cost_y_e_fun_jac_ut_xt.c
[mpc_node-5] cc -fPIC -std=c99   -O2 -I/home/shirui/acados/include -I/home/shirui/acados/include/acados -I/home/shirui/acados/include/blasfeo/include -I/home/shirui/acados/include/hpipm/include  -c -o di_mpc_i3_m3_cost/di_mpc_i3_m3_cost_y_e_fun_jac_ut_xt.o di_mpc_i3_m3_cost/di_mpc_i3_m3_cost_y_e_fun_jac_ut_xt.c
[mpc_node-9] cc -fPIC -std=c99   -O2 -I/home/shirui/acados/include -I/home/shirui/acados/include/acados -I/home/shirui/acados/include/blasfeo/include -I/home/shirui/acados/include/hpipm/include  -c -o di_mpc_i7_m2_cost/di_mpc_i7_m2_cost_y_e_fun_jac_ut_xt.o di_mpc_i7_m2_cost/di_mpc_i7_m2_cost_y_e_fun_jac_ut_xt.c
[mpc_node-6] cc -fPIC -std=c99   -O2 -I/home/shirui/acados/include -I/home/shirui/acados/include/acados -I/home/shirui/acados/include/blasfeo/include -I/home/shirui/acados/include/hpipm/include  -c -o di_mpc_i4_m3_cost/di_mpc_i4_m3_cost_y_fun_jac_ut_xt.o di_mpc_i4_m3_cost/di_mpc_i4_m3_cost_y_fun_jac_ut_xt.c
[mpc_node-10] cc -fPIC -std=c99   -O2 -I/home/shirui/acados/include -I/home/shirui/acados/include/acados -I/home/shirui/acados/include/blasfeo/include -I/home/shirui/acados/include/hpipm/include  -c -o acados_solver_di_mpc_i8_m2.o acados_solver_di_mpc_i8_m2.c
[mpc_node-3] cc -fPIC -std=c99   -O2 -I/home/shirui/acados/include -I/home/shirui/acados/include/acados -I/home/shirui/acados/include/blasfeo/include -I/home/shirui/acados/include/hpipm/include  -c -o di_mpc_i1_m3_cost/di_mpc_i1_m3_cost_y_e_fun.o di_mpc_i1_m3_cost/di_mpc_i1_m3_cost_y_e_fun.c
[mpc_node-2] cc -fPIC -std=c99   -O2 -I/home/shirui/acados/include -I/home/shirui/acados/include/acados -I/home/shirui/acados/include/blasfeo/include -I/home/shirui/acados/include/hpipm/include  -c -o di_mpc_i0_m4_cost/di_mpc_i0_m4_cost_y_e_fun.o di_mpc_i0_m4_cost/di_mpc_i0_m4_cost_y_e_fun.c
[mpc_node-7] cc -fPIC -std=c99   -O2 -I/home/shirui/acados/include -I/home/shirui/acados/include/acados -I/home/shirui/acados/include/blasfeo/include -I/home/shirui/acados/include/hpipm/include  -c -o di_mpc_i5_m2_cost/di_mpc_i5_m2_cost_y_e_hess.o di_mpc_i5_m2_cost/di_mpc_i5_m2_cost_y_e_hess.c
[mpc_node-9] cc -fPIC -std=c99   -O2 -I/home/shirui/acados/include -I/home/shirui/acados/include/acados -I/home/shirui/acados/include/blasfeo/include -I/home/shirui/acados/include/hpipm/include  -c -o di_mpc_i7_m2_cost/di_mpc_i7_m2_cost_y_e_hess.o di_mpc_i7_m2_cost/di_mpc_i7_m2_cost_y_e_hess.c
[mpc_node-3] cc -fPIC -std=c99   -O2 -I/home/shirui/acados/include -I/home/shirui/acados/include/acados -I/home/shirui/acados/include/blasfeo/include -I/home/shirui/acados/include/hpipm/include  -c -o di_mpc_i1_m3_cost/di_mpc_i1_m3_cost_y_e_fun_jac_ut_xt.o di_mpc_i1_m3_cost/di_mpc_i1_m3_cost_y_e_fun_jac_ut_xt.c
[mpc_node-5] cc -fPIC -std=c99   -O2 -I/home/shirui/acados/include -I/home/shirui/acados/include/acados -I/home/shirui/acados/include/blasfeo/include -I/home/shirui/acados/include/hpipm/include  -c -o di_mpc_i3_m3_cost/di_mpc_i3_m3_cost_y_e_hess.o di_mpc_i3_m3_cost/di_mpc_i3_m3_cost_y_e_hess.c
[mpc_node-4] cc -fPIC -std=c99   -O2 -I/home/shirui/acados/include -I/home/shirui/acados/include/acados -I/home/shirui/acados/include/blasfeo/include -I/home/shirui/acados/include/hpipm/include  -c -o di_mpc_i2_m3_cost/di_mpc_i2_m3_cost_y_e_fun.o di_mpc_i2_m3_cost/di_mpc_i2_m3_cost_y_e_fun.c
[mpc_node-2] cc -fPIC -std=c99   -O2 -I/home/shirui/acados/include -I/home/shirui/acados/include/acados -I/home/shirui/acados/include/blasfeo/include -I/home/shirui/acados/include/hpipm/include  -c -o di_mpc_i0_m4_cost/di_mpc_i0_m4_cost_y_e_fun_jac_ut_xt.o di_mpc_i0_m4_cost/di_mpc_i0_m4_cost_y_e_fun_jac_ut_xt.c
[mpc_node-6] cc -fPIC -std=c99   -O2 -I/home/shirui/acados/include -I/home/shirui/acados/include/acados -I/home/shirui/acados/include/blasfeo/include -I/home/shirui/acados/include/hpipm/include  -c -o di_mpc_i4_m3_cost/di_mpc_i4_m3_cost_y_hess.o di_mpc_i4_m3_cost/di_mpc_i4_m3_cost_y_hess.c
[mpc_node-9] cc -fPIC -std=c99   -O2 -I/home/shirui/acados/include -I/home/shirui/acados/include/acados -I/home/shirui/acados/include/blasfeo/include -I/home/shirui/acados/include/hpipm/include  -c -o acados_solver_di_mpc_i7_m2.o acados_solver_di_mpc_i7_m2.c
[mpc_node-7] cc -fPIC -std=c99   -O2 -I/home/shirui/acados/include -I/home/shirui/acados/include/acados -I/home/shirui/acados/include/blasfeo/include -I/home/shirui/acados/include/hpipm/include  -c -o acados_solver_di_mpc_i5_m2.o acados_solver_di_mpc_i5_m2.c
[mpc_node-5] cc -fPIC -std=c99   -O2 -I/home/shirui/acados/include -I/home/shirui/acados/include/acados -I/home/shirui/acados/include/blasfeo/include -I/home/shirui/acados/include/hpipm/include  -c -o acados_solver_di_mpc_i3_m3.o acados_solver_di_mpc_i3_m3.c
[mpc_node-4] cc -fPIC -std=c99   -O2 -I/home/shirui/acados/include -I/home/shirui/acados/include/acados -I/home/shirui/acados/include/blasfeo/include -I/home/shirui/acados/include/hpipm/include  -c -o di_mpc_i2_m3_cost/di_mpc_i2_m3_cost_y_e_fun_jac_ut_xt.o di_mpc_i2_m3_cost/di_mpc_i2_m3_cost_y_e_fun_jac_ut_xt.c
[mpc_node-3] cc -fPIC -std=c99   -O2 -I/home/shirui/acados/include -I/home/shirui/acados/include/acados -I/home/shirui/acados/include/blasfeo/include -I/home/shirui/acados/include/hpipm/include  -c -o di_mpc_i1_m3_cost/di_mpc_i1_m3_cost_y_e_hess.o di_mpc_i1_m3_cost/di_mpc_i1_m3_cost_y_e_hess.c
[mpc_node-2] cc -fPIC -std=c99   -O2 -I/home/shirui/acados/include -I/home/shirui/acados/include/acados -I/home/shirui/acados/include/blasfeo/include -I/home/shirui/acados/include/hpipm/include  -c -o di_mpc_i0_m4_cost/di_mpc_i0_m4_cost_y_e_hess.o di_mpc_i0_m4_cost/di_mpc_i0_m4_cost_y_e_hess.c
[mpc_node-4] cc -fPIC -std=c99   -O2 -I/home/shirui/acados/include -I/home/shirui/acados/include/acados -I/home/shirui/acados/include/blasfeo/include -I/home/shirui/acados/include/hpipm/include  -c -o di_mpc_i2_m3_cost/di_mpc_i2_m3_cost_y_e_hess.o di_mpc_i2_m3_cost/di_mpc_i2_m3_cost_y_e_hess.c
[mpc_node-3] cc -fPIC -std=c99   -O2 -I/home/shirui/acados/include -I/home/shirui/acados/include/acados -I/home/shirui/acados/include/blasfeo/include -I/home/shirui/acados/include/hpipm/include  -c -o acados_solver_di_mpc_i1_m3.o acados_solver_di_mpc_i1_m3.c
[mpc_node-2] cc -fPIC -std=c99   -O2 -I/home/shirui/acados/include -I/home/shirui/acados/include/acados -I/home/shirui/acados/include/blasfeo/include -I/home/shirui/acados/include/hpipm/include  -c -o acados_solver_di_mpc_i0_m4.o acados_solver_di_mpc_i0_m4.c
[mpc_node-6] cc -fPIC -std=c99   -O2 -I/home/shirui/acados/include -I/home/shirui/acados/include/acados -I/home/shirui/acados/include/blasfeo/include -I/home/shirui/acados/include/hpipm/include  -c -o di_mpc_i4_m3_cost/di_mpc_i4_m3_cost_y_e_fun.o di_mpc_i4_m3_cost/di_mpc_i4_m3_cost_y_e_fun.c
[mpc_node-4] cc -fPIC -std=c99   -O2 -I/home/shirui/acados/include -I/home/shirui/acados/include/acados -I/home/shirui/acados/include/blasfeo/include -I/home/shirui/acados/include/hpipm/include  -c -o acados_solver_di_mpc_i2_m3.o acados_solver_di_mpc_i2_m3.c
[mpc_node-6] cc -fPIC -std=c99   -O2 -I/home/shirui/acados/include -I/home/shirui/acados/include/acados -I/home/shirui/acados/include/blasfeo/include -I/home/shirui/acados/include/hpipm/include  -c -o di_mpc_i4_m3_cost/di_mpc_i4_m3_cost_y_e_fun_jac_ut_xt.o di_mpc_i4_m3_cost/di_mpc_i4_m3_cost_y_e_fun_jac_ut_xt.c
[mpc_node-8] cc -fPIC -std=c99   -O2 -I/home/shirui/acados/include -I/home/shirui/acados/include/acados -I/home/shirui/acados/include/blasfeo/include -I/home/shirui/acados/include/hpipm/include  -c -o di_mpc_i6_m2_model/di_mpc_i6_m2_expl_ode_fun.o di_mpc_i6_m2_model/di_mpc_i6_m2_expl_ode_fun.c
[mpc_node-10] cc -fPIC -std=c99   -O2 -I/home/shirui/acados/include -I/home/shirui/acados/include/acados -I/home/shirui/acados/include/blasfeo/include -I/home/shirui/acados/include/hpipm/include  -c -o di_mpc_i8_m2_model/di_mpc_i8_m2_expl_ode_fun.o di_mpc_i8_m2_model/di_mpc_i8_m2_expl_ode_fun.c
[mpc_node-8] cc -fPIC -std=c99   -O2 -I/home/shirui/acados/include -I/home/shirui/acados/include/acados -I/home/shirui/acados/include/blasfeo/include -I/home/shirui/acados/include/hpipm/include  -c -o di_mpc_i6_m2_model/di_mpc_i6_m2_expl_vde_forw.o di_mpc_i6_m2_model/di_mpc_i6_m2_expl_vde_forw.c
[mpc_node-6] cc -fPIC -std=c99   -O2 -I/home/shirui/acados/include -I/home/shirui/acados/include/acados -I/home/shirui/acados/include/blasfeo/include -I/home/shirui/acados/include/hpipm/include  -c -o di_mpc_i4_m3_cost/di_mpc_i4_m3_cost_y_e_hess.o di_mpc_i4_m3_cost/di_mpc_i4_m3_cost_y_e_hess.c
[mpc_node-10] cc -fPIC -std=c99   -O2 -I/home/shirui/acados/include -I/home/shirui/acados/include/acados -I/home/shirui/acados/include/blasfeo/include -I/home/shirui/acados/include/hpipm/include  -c -o di_mpc_i8_m2_model/di_mpc_i8_m2_expl_vde_forw.o di_mpc_i8_m2_model/di_mpc_i8_m2_expl_vde_forw.c
[mpc_node-7] cc -fPIC -std=c99   -O2 -I/home/shirui/acados/include -I/home/shirui/acados/include/acados -I/home/shirui/acados/include/blasfeo/include -I/home/shirui/acados/include/hpipm/include  -c -o di_mpc_i5_m2_model/di_mpc_i5_m2_expl_ode_fun.o di_mpc_i5_m2_model/di_mpc_i5_m2_expl_ode_fun.c
[mpc_node-6] cc -fPIC -std=c99   -O2 -I/home/shirui/acados/include -I/home/shirui/acados/include/acados -I/home/shirui/acados/include/blasfeo/include -I/home/shirui/acados/include/hpipm/include  -c -o acados_solver_di_mpc_i4_m3.o acados_solver_di_mpc_i4_m3.c
[mpc_node-9] cc -fPIC -std=c99   -O2 -I/home/shirui/acados/include -I/home/shirui/acados/include/acados -I/home/shirui/acados/include/blasfeo/include -I/home/shirui/acados/include/hpipm/include  -c -o di_mpc_i7_m2_model/di_mpc_i7_m2_expl_ode_fun.o di_mpc_i7_m2_model/di_mpc_i7_m2_expl_ode_fun.c
[mpc_node-5] cc -fPIC -std=c99   -O2 -I/home/shirui/acados/include -I/home/shirui/acados/include/acados -I/home/shirui/acados/include/blasfeo/include -I/home/shirui/acados/include/hpipm/include  -c -o di_mpc_i3_m3_model/di_mpc_i3_m3_expl_ode_fun.o di_mpc_i3_m3_model/di_mpc_i3_m3_expl_ode_fun.c
[mpc_node-8] cc -fPIC -std=c99   -O2 -I/home/shirui/acados/include -I/home/shirui/acados/include/acados -I/home/shirui/acados/include/blasfeo/include -I/home/shirui/acados/include/hpipm/include  -c -o di_mpc_i6_m2_model/di_mpc_i6_m2_expl_vde_adj.o di_mpc_i6_m2_model/di_mpc_i6_m2_expl_vde_adj.c
[mpc_node-10] cc -fPIC -std=c99   -O2 -I/home/shirui/acados/include -I/home/shirui/acados/include/acados -I/home/shirui/acados/include/blasfeo/include -I/home/shirui/acados/include/hpipm/include  -c -o di_mpc_i8_m2_model/di_mpc_i8_m2_expl_vde_adj.o di_mpc_i8_m2_model/di_mpc_i8_m2_expl_vde_adj.c
[mpc_node-7] cc -fPIC -std=c99   -O2 -I/home/shirui/acados/include -I/home/shirui/acados/include/acados -I/home/shirui/acados/include/blasfeo/include -I/home/shirui/acados/include/hpipm/include  -c -o di_mpc_i5_m2_model/di_mpc_i5_m2_expl_vde_forw.o di_mpc_i5_m2_model/di_mpc_i5_m2_expl_vde_forw.c
[mpc_node-9] cc -fPIC -std=c99   -O2 -I/home/shirui/acados/include -I/home/shirui/acados/include/acados -I/home/shirui/acados/include/blasfeo/include -I/home/shirui/acados/include/hpipm/include  -c -o di_mpc_i7_m2_model/di_mpc_i7_m2_expl_vde_forw.o di_mpc_i7_m2_model/di_mpc_i7_m2_expl_vde_forw.c
[mpc_node-5] cc -fPIC -std=c99   -O2 -I/home/shirui/acados/include -I/home/shirui/acados/include/acados -I/home/shirui/acados/include/blasfeo/include -I/home/shirui/acados/include/hpipm/include  -c -o di_mpc_i3_m3_model/di_mpc_i3_m3_expl_vde_forw.o di_mpc_i3_m3_model/di_mpc_i3_m3_expl_vde_forw.c
[mpc_node-8] cc -shared di_mpc_i6_m2_cost/di_mpc_i6_m2_cost_y_0_fun.o di_mpc_i6_m2_cost/di_mpc_i6_m2_cost_y_0_fun_jac_ut_xt.o di_mpc_i6_m2_cost/di_mpc_i6_m2_cost_y_0_hess.o di_mpc_i6_m2_cost/di_mpc_i6_m2_cost_y_fun.o di_mpc_i6_m2_cost/di_mpc_i6_m2_cost_y_fun_jac_ut_xt.o di_mpc_i6_m2_cost/di_mpc_i6_m2_cost_y_hess.o di_mpc_i6_m2_cost/di_mpc_i6_m2_cost_y_e_fun.o di_mpc_i6_m2_cost/di_mpc_i6_m2_cost_y_e_fun_jac_ut_xt.o di_mpc_i6_m2_cost/di_mpc_i6_m2_cost_y_e_hess.o acados_solver_di_mpc_i6_m2.o di_mpc_i6_m2_model/di_mpc_i6_m2_expl_ode_fun.o di_mpc_i6_m2_model/di_mpc_i6_m2_expl_vde_forw.o di_mpc_i6_m2_model/di_mpc_i6_m2_expl_vde_adj.o -o libacados_ocp_solver_di_mpc_i6_m2.so -L/home/shirui/acados/lib -lacados -lhpipm -lblasfeo -lm \
[mpc_node-8] -L -l
[mpc_node-3] cc -fPIC -std=c99   -O2 -I/home/shirui/acados/include -I/home/shirui/acados/include/acados -I/home/shirui/acados/include/blasfeo/include -I/home/shirui/acados/include/hpipm/include  -c -o di_mpc_i1_m3_model/di_mpc_i1_m3_expl_ode_fun.o di_mpc_i1_m3_model/di_mpc_i1_m3_expl_ode_fun.c
[mpc_node-10] cc -shared di_mpc_i8_m2_cost/di_mpc_i8_m2_cost_y_0_fun.o di_mpc_i8_m2_cost/di_mpc_i8_m2_cost_y_0_fun_jac_ut_xt.o di_mpc_i8_m2_cost/di_mpc_i8_m2_cost_y_0_hess.o di_mpc_i8_m2_cost/di_mpc_i8_m2_cost_y_fun.o di_mpc_i8_m2_cost/di_mpc_i8_m2_cost_y_fun_jac_ut_xt.o di_mpc_i8_m2_cost/di_mpc_i8_m2_cost_y_hess.o di_mpc_i8_m2_cost/di_mpc_i8_m2_cost_y_e_fun.o di_mpc_i8_m2_cost/di_mpc_i8_m2_cost_y_e_fun_jac_ut_xt.o di_mpc_i8_m2_cost/di_mpc_i8_m2_cost_y_e_hess.o acados_solver_di_mpc_i8_m2.o di_mpc_i8_m2_model/di_mpc_i8_m2_expl_ode_fun.o di_mpc_i8_m2_model/di_mpc_i8_m2_expl_vde_forw.o di_mpc_i8_m2_model/di_mpc_i8_m2_expl_vde_adj.o -o libacados_ocp_solver_di_mpc_i8_m2.so -L/home/shirui/acados/lib -lacados -lhpipm -lblasfeo -lm \
[mpc_node-10] -L -l
[mpc_node-2] cc -fPIC -std=c99   -O2 -I/home/shirui/acados/include -I/home/shirui/acados/include/acados -I/home/shirui/acados/include/blasfeo/include -I/home/shirui/acados/include/hpipm/include  -c -o di_mpc_i0_m4_model/di_mpc_i0_m4_expl_ode_fun.o di_mpc_i0_m4_model/di_mpc_i0_m4_expl_ode_fun.c
[mpc_node-8] [INFO] [1783591578.122643236] [px4_6.mpc_node_6]: acados OCP ready. model = double-integrator (v_dot=u, publish x_pred[1]) [legacy]
[mpc_node-8] [INFO] [1783591578.122905622] [px4_6.mpc_node_6]: safety_filter ON: track<6.0m alt[0.3,8.0]m d_emerg=1.2m d_warn=2.0m self_timeout=0.3s
[mpc_node-3] cc -fPIC -std=c99   -O2 -I/home/shirui/acados/include -I/home/shirui/acados/include/acados -I/home/shirui/acados/include/blasfeo/include -I/home/shirui/acados/include/hpipm/include  -c -o di_mpc_i1_m3_model/di_mpc_i1_m3_expl_vde_forw.o di_mpc_i1_m3_model/di_mpc_i1_m3_expl_vde_forw.c
[mpc_node-7] cc -fPIC -std=c99   -O2 -I/home/shirui/acados/include -I/home/shirui/acados/include/acados -I/home/shirui/acados/include/blasfeo/include -I/home/shirui/acados/include/hpipm/include  -c -o di_mpc_i5_m2_model/di_mpc_i5_m2_expl_vde_adj.o di_mpc_i5_m2_model/di_mpc_i5_m2_expl_vde_adj.c
[mpc_node-4] cc -fPIC -std=c99   -O2 -I/home/shirui/acados/include -I/home/shirui/acados/include/acados -I/home/shirui/acados/include/blasfeo/include -I/home/shirui/acados/include/hpipm/include  -c -o di_mpc_i2_m3_model/di_mpc_i2_m3_expl_ode_fun.o di_mpc_i2_m3_model/di_mpc_i2_m3_expl_ode_fun.c
[mpc_node-8] [INFO] [1783591578.128096849] [px4_6.mpc_node_6]: mpc_controller drone 6 ready. birth=[-3.  3.  0.], r_i0=[-3.  3.  0.], neighbours=[1, 4]
[mpc_node-9] cc -fPIC -std=c99   -O2 -I/home/shirui/acados/include -I/home/shirui/acados/include/acados -I/home/shirui/acados/include/blasfeo/include -I/home/shirui/acados/include/hpipm/include  -c -o di_mpc_i7_m2_model/di_mpc_i7_m2_expl_vde_adj.o di_mpc_i7_m2_model/di_mpc_i7_m2_expl_vde_adj.c
[mpc_node-5] cc -fPIC -std=c99   -O2 -I/home/shirui/acados/include -I/home/shirui/acados/include/acados -I/home/shirui/acados/include/blasfeo/include -I/home/shirui/acados/include/hpipm/include  -c -o di_mpc_i3_m3_model/di_mpc_i3_m3_expl_vde_adj.o di_mpc_i3_m3_model/di_mpc_i3_m3_expl_vde_adj.c
[mpc_node-10] [INFO] [1783591578.133110034] [px4_8.mpc_node_8]: acados OCP ready. model = double-integrator (v_dot=u, publish x_pred[1]) [legacy]
[mpc_node-10] [INFO] [1783591578.133287900] [px4_8.mpc_node_8]: safety_filter ON: track<6.0m alt[0.3,8.0]m d_emerg=1.2m d_warn=2.0m self_timeout=0.3s
[mpc_node-10] [INFO] [1783591578.138411511] [px4_8.mpc_node_8]: mpc_controller drone 8 ready. birth=[-3. -3.  0.], r_i0=[-3. -3.  0.], neighbours=[2, 4]
[mpc_node-2] cc -fPIC -std=c99   -O2 -I/home/shirui/acados/include -I/home/shirui/acados/include/acados -I/home/shirui/acados/include/blasfeo/include -I/home/shirui/acados/include/hpipm/include  -c -o di_mpc_i0_m4_model/di_mpc_i0_m4_expl_vde_forw.o di_mpc_i0_m4_model/di_mpc_i0_m4_expl_vde_forw.c
[mpc_node-7] cc -shared di_mpc_i5_m2_cost/di_mpc_i5_m2_cost_y_0_fun.o di_mpc_i5_m2_cost/di_mpc_i5_m2_cost_y_0_fun_jac_ut_xt.o di_mpc_i5_m2_cost/di_mpc_i5_m2_cost_y_0_hess.o di_mpc_i5_m2_cost/di_mpc_i5_m2_cost_y_fun.o di_mpc_i5_m2_cost/di_mpc_i5_m2_cost_y_fun_jac_ut_xt.o di_mpc_i5_m2_cost/di_mpc_i5_m2_cost_y_hess.o di_mpc_i5_m2_cost/di_mpc_i5_m2_cost_y_e_fun.o di_mpc_i5_m2_cost/di_mpc_i5_m2_cost_y_e_fun_jac_ut_xt.o di_mpc_i5_m2_cost/di_mpc_i5_m2_cost_y_e_hess.o acados_solver_di_mpc_i5_m2.o di_mpc_i5_m2_model/di_mpc_i5_m2_expl_ode_fun.o di_mpc_i5_m2_model/di_mpc_i5_m2_expl_vde_forw.o di_mpc_i5_m2_model/di_mpc_i5_m2_expl_vde_adj.o -o libacados_ocp_solver_di_mpc_i5_m2.so -L/home/shirui/acados/lib -lacados -lhpipm -lblasfeo -lm \
[mpc_node-7] -L -l
[mpc_node-3] cc -fPIC -std=c99   -O2 -I/home/shirui/acados/include -I/home/shirui/acados/include/acados -I/home/shirui/acados/include/blasfeo/include -I/home/shirui/acados/include/hpipm/include  -c -o di_mpc_i1_m3_model/di_mpc_i1_m3_expl_vde_adj.o di_mpc_i1_m3_model/di_mpc_i1_m3_expl_vde_adj.c
[mpc_node-5] cc -shared di_mpc_i3_m3_cost/di_mpc_i3_m3_cost_y_0_fun.o di_mpc_i3_m3_cost/di_mpc_i3_m3_cost_y_0_fun_jac_ut_xt.o di_mpc_i3_m3_cost/di_mpc_i3_m3_cost_y_0_hess.o di_mpc_i3_m3_cost/di_mpc_i3_m3_cost_y_fun.o di_mpc_i3_m3_cost/di_mpc_i3_m3_cost_y_fun_jac_ut_xt.o di_mpc_i3_m3_cost/di_mpc_i3_m3_cost_y_hess.o di_mpc_i3_m3_cost/di_mpc_i3_m3_cost_y_e_fun.o di_mpc_i3_m3_cost/di_mpc_i3_m3_cost_y_e_fun_jac_ut_xt.o di_mpc_i3_m3_cost/di_mpc_i3_m3_cost_y_e_hess.o acados_solver_di_mpc_i3_m3.o di_mpc_i3_m3_model/di_mpc_i3_m3_expl_ode_fun.o di_mpc_i3_m3_model/di_mpc_i3_m3_expl_vde_forw.o di_mpc_i3_m3_model/di_mpc_i3_m3_expl_vde_adj.o -o libacados_ocp_solver_di_mpc_i3_m3.so -L/home/shirui/acados/lib -lacados -lhpipm -lblasfeo -lm \
[mpc_node-5] -L -l
[mpc_node-9] cc -shared di_mpc_i7_m2_cost/di_mpc_i7_m2_cost_y_0_fun.o di_mpc_i7_m2_cost/di_mpc_i7_m2_cost_y_0_fun_jac_ut_xt.o di_mpc_i7_m2_cost/di_mpc_i7_m2_cost_y_0_hess.o di_mpc_i7_m2_cost/di_mpc_i7_m2_cost_y_fun.o di_mpc_i7_m2_cost/di_mpc_i7_m2_cost_y_fun_jac_ut_xt.o di_mpc_i7_m2_cost/di_mpc_i7_m2_cost_y_hess.o di_mpc_i7_m2_cost/di_mpc_i7_m2_cost_y_e_fun.o di_mpc_i7_m2_cost/di_mpc_i7_m2_cost_y_e_fun_jac_ut_xt.o di_mpc_i7_m2_cost/di_mpc_i7_m2_cost_y_e_hess.o acados_solver_di_mpc_i7_m2.o di_mpc_i7_m2_model/di_mpc_i7_m2_expl_ode_fun.o di_mpc_i7_m2_model/di_mpc_i7_m2_expl_vde_forw.o di_mpc_i7_m2_model/di_mpc_i7_m2_expl_vde_adj.o -o libacados_ocp_solver_di_mpc_i7_m2.so -L/home/shirui/acados/lib -lacados -lhpipm -lblasfeo -lm \
[mpc_node-9] -L -l
[mpc_node-4] cc -fPIC -std=c99   -O2 -I/home/shirui/acados/include -I/home/shirui/acados/include/acados -I/home/shirui/acados/include/blasfeo/include -I/home/shirui/acados/include/hpipm/include  -c -o di_mpc_i2_m3_model/di_mpc_i2_m3_expl_vde_forw.o di_mpc_i2_m3_model/di_mpc_i2_m3_expl_vde_forw.c
[mpc_node-7] [INFO] [1783591578.165967614] [px4_5.mpc_node_5]: acados OCP ready. model = double-integrator (v_dot=u, publish x_pred[1]) [legacy]
[mpc_node-7] [INFO] [1783591578.166156009] [px4_5.mpc_node_5]: safety_filter ON: track<6.0m alt[0.3,8.0]m d_emerg=1.2m d_warn=2.0m self_timeout=0.3s
[mpc_node-5] [INFO] [1783591578.170047203] [px4_3.mpc_node_3]: acados OCP ready. model = double-integrator (v_dot=u, publish x_pred[1]) [legacy]
[mpc_node-5] [INFO] [1783591578.170231659] [px4_3.mpc_node_3]: safety_filter ON: track<6.0m alt[0.3,8.0]m d_emerg=1.2m d_warn=2.0m self_timeout=0.3s
[mpc_node-2] cc -fPIC -std=c99   -O2 -I/home/shirui/acados/include -I/home/shirui/acados/include/acados -I/home/shirui/acados/include/blasfeo/include -I/home/shirui/acados/include/hpipm/include  -c -o di_mpc_i0_m4_model/di_mpc_i0_m4_expl_vde_adj.o di_mpc_i0_m4_model/di_mpc_i0_m4_expl_vde_adj.c
[mpc_node-9] [INFO] [1783591578.170324388] [px4_7.mpc_node_7]: acados OCP ready. model = double-integrator (v_dot=u, publish x_pred[1]) [legacy]
[mpc_node-9] [INFO] [1783591578.170493490] [px4_7.mpc_node_7]: safety_filter ON: track<6.0m alt[0.3,8.0]m d_emerg=1.2m d_warn=2.0m self_timeout=0.3s
[mpc_node-7] [INFO] [1783591578.170966098] [px4_5.mpc_node_5]: mpc_controller drone 5 ready. birth=[3. 3. 0.], r_i0=[3. 3. 0.], neighbours=[1, 3]
[mpc_node-9] [INFO] [1783591578.176156996] [px4_7.mpc_node_7]: mpc_controller drone 7 ready. birth=[ 3. -3.  0.], r_i0=[ 3. -3.  0.], neighbours=[2, 3]
[mpc_node-3] cc -shared di_mpc_i1_m3_cost/di_mpc_i1_m3_cost_y_0_fun.o di_mpc_i1_m3_cost/di_mpc_i1_m3_cost_y_0_fun_jac_ut_xt.o di_mpc_i1_m3_cost/di_mpc_i1_m3_cost_y_0_hess.o di_mpc_i1_m3_cost/di_mpc_i1_m3_cost_y_fun.o di_mpc_i1_m3_cost/di_mpc_i1_m3_cost_y_fun_jac_ut_xt.o di_mpc_i1_m3_cost/di_mpc_i1_m3_cost_y_hess.o di_mpc_i1_m3_cost/di_mpc_i1_m3_cost_y_e_fun.o di_mpc_i1_m3_cost/di_mpc_i1_m3_cost_y_e_fun_jac_ut_xt.o di_mpc_i1_m3_cost/di_mpc_i1_m3_cost_y_e_hess.o acados_solver_di_mpc_i1_m3.o di_mpc_i1_m3_model/di_mpc_i1_m3_expl_ode_fun.o di_mpc_i1_m3_model/di_mpc_i1_m3_expl_vde_forw.o di_mpc_i1_m3_model/di_mpc_i1_m3_expl_vde_adj.o -o libacados_ocp_solver_di_mpc_i1_m3.so -L/home/shirui/acados/lib -lacados -lhpipm -lblasfeo -lm \
[mpc_node-3] -L -l
[mpc_node-5] [INFO] [1783591578.178216165] [px4_3.mpc_node_3]: mpc_controller drone 3 ready. birth=[3. 0. 0.], r_i0=[3. 0. 0.], neighbours=[0, 5, 7]
[mpc_node-4] cc -fPIC -std=c99   -O2 -I/home/shirui/acados/include -I/home/shirui/acados/include/acados -I/home/shirui/acados/include/blasfeo/include -I/home/shirui/acados/include/hpipm/include  -c -o di_mpc_i2_m3_model/di_mpc_i2_m3_expl_vde_adj.o di_mpc_i2_m3_model/di_mpc_i2_m3_expl_vde_adj.c
[mpc_node-2] cc -shared di_mpc_i0_m4_cost/di_mpc_i0_m4_cost_y_0_fun.o di_mpc_i0_m4_cost/di_mpc_i0_m4_cost_y_0_fun_jac_ut_xt.o di_mpc_i0_m4_cost/di_mpc_i0_m4_cost_y_0_hess.o di_mpc_i0_m4_cost/di_mpc_i0_m4_cost_y_fun.o di_mpc_i0_m4_cost/di_mpc_i0_m4_cost_y_fun_jac_ut_xt.o di_mpc_i0_m4_cost/di_mpc_i0_m4_cost_y_hess.o di_mpc_i0_m4_cost/di_mpc_i0_m4_cost_y_e_fun.o di_mpc_i0_m4_cost/di_mpc_i0_m4_cost_y_e_fun_jac_ut_xt.o di_mpc_i0_m4_cost/di_mpc_i0_m4_cost_y_e_hess.o acados_solver_di_mpc_i0_m4.o di_mpc_i0_m4_model/di_mpc_i0_m4_expl_ode_fun.o di_mpc_i0_m4_model/di_mpc_i0_m4_expl_vde_forw.o di_mpc_i0_m4_model/di_mpc_i0_m4_expl_vde_adj.o -o libacados_ocp_solver_di_mpc_i0_m4.so -L/home/shirui/acados/lib -lacados -lhpipm -lblasfeo -lm \
[mpc_node-2] -L -l
[mpc_node-6] cc -fPIC -std=c99   -O2 -I/home/shirui/acados/include -I/home/shirui/acados/include/acados -I/home/shirui/acados/include/blasfeo/include -I/home/shirui/acados/include/hpipm/include  -c -o di_mpc_i4_m3_model/di_mpc_i4_m3_expl_ode_fun.o di_mpc_i4_m3_model/di_mpc_i4_m3_expl_ode_fun.c
[mpc_node-3] [INFO] [1783591578.197371445] [px4_1.mpc_node_1]: acados OCP ready. model = double-integrator (v_dot=u, publish x_pred[1]) [legacy]
[mpc_node-3] [INFO] [1783591578.197552852] [px4_1.mpc_node_1]: safety_filter ON: track<6.0m alt[0.3,8.0]m d_emerg=1.2m d_warn=2.0m self_timeout=0.3s
[mpc_node-4] cc -shared di_mpc_i2_m3_cost/di_mpc_i2_m3_cost_y_0_fun.o di_mpc_i2_m3_cost/di_mpc_i2_m3_cost_y_0_fun_jac_ut_xt.o di_mpc_i2_m3_cost/di_mpc_i2_m3_cost_y_0_hess.o di_mpc_i2_m3_cost/di_mpc_i2_m3_cost_y_fun.o di_mpc_i2_m3_cost/di_mpc_i2_m3_cost_y_fun_jac_ut_xt.o di_mpc_i2_m3_cost/di_mpc_i2_m3_cost_y_hess.o di_mpc_i2_m3_cost/di_mpc_i2_m3_cost_y_e_fun.o di_mpc_i2_m3_cost/di_mpc_i2_m3_cost_y_e_fun_jac_ut_xt.o di_mpc_i2_m3_cost/di_mpc_i2_m3_cost_y_e_hess.o acados_solver_di_mpc_i2_m3.o di_mpc_i2_m3_model/di_mpc_i2_m3_expl_ode_fun.o di_mpc_i2_m3_model/di_mpc_i2_m3_expl_vde_forw.o di_mpc_i2_m3_model/di_mpc_i2_m3_expl_vde_adj.o -o libacados_ocp_solver_di_mpc_i2_m3.so -L/home/shirui/acados/lib -lacados -lhpipm -lblasfeo -lm \
[mpc_node-4] -L -l
[mpc_node-2] [INFO] [1783591578.207320577] [px4_0.mpc_node_0]: acados OCP ready. model = double-integrator (v_dot=u, publish x_pred[1]) [legacy]
[mpc_node-2] [INFO] [1783591578.207515076] [px4_0.mpc_node_0]: safety_filter ON: track<6.0m alt[0.3,8.0]m d_emerg=1.2m d_warn=2.0m self_timeout=0.3s
[mpc_node-3] [INFO] [1783591578.208878571] [px4_1.mpc_node_1]: mpc_controller drone 1 ready. birth=[0. 3. 0.], r_i0=[0. 3. 0.], neighbours=[0, 5, 6]
[mpc_node-6] cc -fPIC -std=c99   -O2 -I/home/shirui/acados/include -I/home/shirui/acados/include/acados -I/home/shirui/acados/include/blasfeo/include -I/home/shirui/acados/include/hpipm/include  -c -o di_mpc_i4_m3_model/di_mpc_i4_m3_expl_vde_forw.o di_mpc_i4_m3_model/di_mpc_i4_m3_expl_vde_forw.c
[mpc_node-2] [INFO] [1783591578.213669408] [px4_0.mpc_node_0]: mpc_controller drone 0 ready. birth=[0. 0. 0.], r_i0=[0. 0. 0.], neighbours=[1, 2, 3, 4]
[mpc_node-4] [INFO] [1783591578.220460499] [px4_2.mpc_node_2]: acados OCP ready. model = double-integrator (v_dot=u, publish x_pred[1]) [legacy]
[mpc_node-4] [INFO] [1783591578.220643955] [px4_2.mpc_node_2]: safety_filter ON: track<6.0m alt[0.3,8.0]m d_emerg=1.2m d_warn=2.0m self_timeout=0.3s
[mpc_node-4] [INFO] [1783591578.230901534] [px4_2.mpc_node_2]: mpc_controller drone 2 ready. birth=[ 0. -3.  0.], r_i0=[ 0. -3.  0.], neighbours=[0, 7, 8]
[mpc_node-6] cc -fPIC -std=c99   -O2 -I/home/shirui/acados/include -I/home/shirui/acados/include/acados -I/home/shirui/acados/include/blasfeo/include -I/home/shirui/acados/include/hpipm/include  -c -o di_mpc_i4_m3_model/di_mpc_i4_m3_expl_vde_adj.o di_mpc_i4_m3_model/di_mpc_i4_m3_expl_vde_adj.c
[mpc_node-6] cc -shared di_mpc_i4_m3_cost/di_mpc_i4_m3_cost_y_0_fun.o di_mpc_i4_m3_cost/di_mpc_i4_m3_cost_y_0_fun_jac_ut_xt.o di_mpc_i4_m3_cost/di_mpc_i4_m3_cost_y_0_hess.o di_mpc_i4_m3_cost/di_mpc_i4_m3_cost_y_fun.o di_mpc_i4_m3_cost/di_mpc_i4_m3_cost_y_fun_jac_ut_xt.o di_mpc_i4_m3_cost/di_mpc_i4_m3_cost_y_hess.o di_mpc_i4_m3_cost/di_mpc_i4_m3_cost_y_e_fun.o di_mpc_i4_m3_cost/di_mpc_i4_m3_cost_y_e_fun_jac_ut_xt.o di_mpc_i4_m3_cost/di_mpc_i4_m3_cost_y_e_hess.o acados_solver_di_mpc_i4_m3.o di_mpc_i4_m3_model/di_mpc_i4_m3_expl_ode_fun.o di_mpc_i4_m3_model/di_mpc_i4_m3_expl_vde_forw.o di_mpc_i4_m3_model/di_mpc_i4_m3_expl_vde_adj.o -o libacados_ocp_solver_di_mpc_i4_m3.so -L/home/shirui/acados/lib -lacados -lhpipm -lblasfeo -lm \
[mpc_node-6] -L -l
[mpc_node-6] [INFO] [1783591578.280283492] [px4_4.mpc_node_4]: acados OCP ready. model = double-integrator (v_dot=u, publish x_pred[1]) [legacy]
[mpc_node-6] [INFO] [1783591578.280461488] [px4_4.mpc_node_4]: safety_filter ON: track<6.0m alt[0.3,8.0]m d_emerg=1.2m d_warn=2.0m self_timeout=0.3s
[mpc_node-6] [INFO] [1783591578.287616798] [px4_4.mpc_node_4]: mpc_controller drone 4 ready. birth=[-3.  0.  0.], r_i0=[-3.  0.  0.], neighbours=[0, 6, 8]
[mpc_node-8] [INFO] [1783591578.445093293] [px4_6.mpc_node_6]: [veh 1] alt_sync disabled, using birth_z=0.00
[mpc_node-8] [INFO] [1783591578.445329407] [px4_6.mpc_node_6]: first position from drone 1 (calibrated [STABLE] after 40 frames, spread=(0.013,0.009,0.008)): local_mean=(-0.05, 0.13, -0.33) world_birth=(0.05, 2.87, 0.00)
[mpc_node-8] [INFO] [1783591578.446524105] [px4_6.mpc_node_6]: [veh 6] alt_sync disabled, using birth_z=0.00
[mpc_node-8] [INFO] [1783591578.446660717] [px4_6.mpc_node_6]: first position from drone 6 (calibrated [STABLE] after 40 frames, spread=(0.031,0.003,0.010)): local_mean=(0.09, 0.07, -0.25) world_birth=(-3.09, 2.93, 0.00)
[mpc_node-8] [INFO] [1783591578.447401417] [px4_6.mpc_node_6]: [veh 4] alt_sync disabled, using birth_z=0.00
[mpc_node-8] [INFO] [1783591578.447604572] [px4_6.mpc_node_6]: first position from drone 4 (calibrated [STABLE] after 40 frames, spread=(0.028,0.006,0.012)): local_mean=(0.15, -0.03, -0.48) world_birth=(-3.15, 0.03, 0.00)
[mpc_node-10] [INFO] [1783591578.452702356] [px4_8.mpc_node_8]: [veh 8] alt_sync disabled, using birth_z=0.00
[mpc_node-10] [INFO] [1783591578.453297179] [px4_8.mpc_node_8]: first position from drone 8 (calibrated [STABLE] after 40 frames, spread=(0.005,0.008,0.039)): local_mean=(0.18, -0.10, -0.02) world_birth=(-3.18, -2.90, 0.00)
[mpc_node-10] [INFO] [1783591578.454198852] [px4_8.mpc_node_8]: [veh 2] alt_sync disabled, using birth_z=0.00
[mpc_node-10] [INFO] [1783591578.454333470] [px4_8.mpc_node_8]: first position from drone 2 (calibrated [STABLE] after 40 frames, spread=(0.020,0.007,0.042)): local_mean=(-0.39, -0.13, -0.19) world_birth=(0.39, -2.87, 0.00)
[mpc_node-10] [INFO] [1783591578.455051992] [px4_8.mpc_node_8]: [veh 4] alt_sync disabled, using birth_z=0.00
[mpc_node-10] [INFO] [1783591578.455183077] [px4_8.mpc_node_8]: first position from drone 4 (calibrated [STABLE] after 40 frames, spread=(0.028,0.006,0.012)): local_mean=(0.15, -0.03, -0.48) world_birth=(-3.15, 0.03, 0.00)
[mpc_node-7] [INFO] [1783591578.484539167] [px4_5.mpc_node_5]: [veh 1] alt_sync disabled, using birth_z=0.00
[mpc_node-7] [INFO] [1783591578.484694558] [px4_5.mpc_node_5]: first position from drone 1 (calibrated [STABLE] after 40 frames, spread=(0.016,0.011,0.010)): local_mean=(-0.05, 0.13, -0.33) world_birth=(0.05, 2.87, 0.00)
[mpc_node-7] [INFO] [1783591578.488372639] [px4_5.mpc_node_5]: [veh 3] alt_sync disabled, using birth_z=0.00
[mpc_node-7] [INFO] [1783591578.488506840] [px4_5.mpc_node_5]: first position from drone 3 (calibrated [STABLE] after 40 frames, spread=(0.017,0.018,0.035)): local_mean=(0.07, -0.07, 0.25) world_birth=(2.93, 0.07, 0.00)
[mpc_node-9] [INFO] [1783591578.492051718] [px4_7.mpc_node_7]: [veh 2] alt_sync disabled, using birth_z=0.00
[mpc_node-9] [INFO] [1783591578.492206314] [px4_7.mpc_node_7]: first position from drone 2 (calibrated [STABLE] after 40 frames, spread=(0.021,0.007,0.044)): local_mean=(-0.38, -0.14, -0.19) world_birth=(0.38, -2.86, 0.00)
[mpc_node-5] [INFO] [1783591578.492608631] [px4_3.mpc_node_3]: [veh 0] alt_sync disabled, using birth_z=0.00
[mpc_node-7] [INFO] [1783591578.492874018] [px4_5.mpc_node_5]: [veh 5] alt_sync disabled, using birth_z=0.00
[mpc_node-7] [INFO] [1783591578.493350928] [px4_5.mpc_node_5]: first position from drone 5 (calibrated [STABLE] after 40 frames, spread=(0.017,0.004,0.033)): local_mean=(0.07, 0.14, -0.58) world_birth=(2.93, 2.86, 0.00)
[mpc_node-5] [INFO] [1783591578.493367631] [px4_3.mpc_node_3]: first position from drone 0 (calibrated [STABLE] after 40 frames, spread=(0.017,0.013,0.016)): local_mean=(0.02, -0.34, 0.20) world_birth=(-0.02, 0.34, 0.00)
[mpc_node-5] [INFO] [1783591578.494160085] [px4_3.mpc_node_3]: [veh 5] alt_sync disabled, using birth_z=0.00
[mpc_node-5] [INFO] [1783591578.494292488] [px4_3.mpc_node_3]: first position from drone 5 (calibrated [STABLE] after 40 frames, spread=(0.017,0.004,0.033)): local_mean=(0.07, 0.14, -0.58) world_birth=(2.93, 2.86, 0.00)
[mpc_node-9] [INFO] [1783591578.495840696] [px4_7.mpc_node_7]: [veh 3] alt_sync disabled, using birth_z=0.00
[mpc_node-5] [INFO] [1783591578.496643298] [px4_3.mpc_node_3]: [veh 3] alt_sync disabled, using birth_z=0.00
[mpc_node-9] [INFO] [1783591578.496689785] [px4_7.mpc_node_7]: first position from drone 3 (calibrated [STABLE] after 40 frames, spread=(0.018,0.018,0.035)): local_mean=(0.07, -0.07, 0.25) world_birth=(2.93, 0.07, 0.00)
[mpc_node-5] [INFO] [1783591578.496777177] [px4_3.mpc_node_3]: first position from drone 3 (calibrated [STABLE] after 40 frames, spread=(0.018,0.018,0.035)): local_mean=(0.07, -0.07, 0.25) world_birth=(2.93, 0.07, 0.00)
[mpc_node-9] [INFO] [1783591578.497658532] [px4_7.mpc_node_7]: [veh 7] alt_sync disabled, using birth_z=0.00
[mpc_node-9] [INFO] [1783591578.497787930] [px4_7.mpc_node_7]: first position from drone 7 (calibrated [STABLE] after 40 frames, spread=(0.003,0.012,0.011)): local_mean=(0.10, -0.07, -0.06) world_birth=(2.90, -2.93, 0.00)
[mpc_node-5] [INFO] [1783591578.498547862] [px4_3.mpc_node_3]: [veh 7] alt_sync disabled, using birth_z=0.00
[mpc_node-5] [INFO] [1783591578.498679320] [px4_3.mpc_node_3]: first position from drone 7 (calibrated [STABLE] after 40 frames, spread=(0.003,0.012,0.011)): local_mean=(0.10, -0.07, -0.06) world_birth=(2.90, -2.93, 0.00)
[mpc_node-3] [INFO] [1783591578.524349802] [px4_1.mpc_node_1]: [veh 1] alt_sync disabled, using birth_z=0.00
[mpc_node-2] [INFO] [1783591578.524462084] [px4_0.mpc_node_0]: [veh 0] alt_sync disabled, using birth_z=0.00
[mpc_node-3] [INFO] [1783591578.524509436] [px4_1.mpc_node_1]: first position from drone 1 (calibrated [STABLE] after 40 frames, spread=(0.019,0.011,0.011)): local_mean=(-0.05, 0.13, -0.33) world_birth=(0.05, 2.87, 0.00)
[mpc_node-2] [INFO] [1783591578.524652223] [px4_0.mpc_node_0]: first position from drone 0 (calibrated [STABLE] after 40 frames, spread=(0.016,0.009,0.018)): local_mean=(0.02, -0.34, 0.20) world_birth=(-0.02, 0.34, 0.00)
[mpc_node-3] [INFO] [1783591578.525445441] [px4_1.mpc_node_1]: [veh 0] alt_sync disabled, using birth_z=0.00
[mpc_node-3] [INFO] [1783591578.525572420] [px4_1.mpc_node_1]: first position from drone 0 (calibrated [STABLE] after 40 frames, spread=(0.016,0.009,0.018)): local_mean=(0.02, -0.34, 0.20) world_birth=(-0.02, 0.34, 0.00)
[mpc_node-2] [INFO] [1783591578.525634687] [px4_0.mpc_node_0]: [veh 1] alt_sync disabled, using birth_z=0.00
[mpc_node-2] [INFO] [1783591578.525768119] [px4_0.mpc_node_0]: first position from drone 1 (calibrated [STABLE] after 40 frames, spread=(0.019,0.011,0.011)): local_mean=(-0.05, 0.13, -0.33) world_birth=(0.05, 2.87, 0.00)
[mpc_node-3] [INFO] [1783591578.526369976] [px4_1.mpc_node_1]: [veh 5] alt_sync disabled, using birth_z=0.00
[mpc_node-3] [INFO] [1783591578.526576297] [px4_1.mpc_node_1]: first position from drone 5 (calibrated [STABLE] after 40 frames, spread=(0.018,0.005,0.033)): local_mean=(0.07, 0.14, -0.57) world_birth=(2.93, 2.86, 0.00)
[mpc_node-2] [INFO] [1783591578.526579698] [px4_0.mpc_node_0]: [veh 2] alt_sync disabled, using birth_z=0.00
[mpc_node-2] [INFO] [1783591578.526710372] [px4_0.mpc_node_0]: first position from drone 2 (calibrated [STABLE] after 40 frames, spread=(0.019,0.007,0.042)): local_mean=(-0.38, -0.14, -0.20) world_birth=(0.38, -2.86, 0.00)
[mpc_node-3] [INFO] [1783591578.526997430] [px4_1.mpc_node_1]: [veh 6] alt_sync disabled, using birth_z=0.00
[mpc_node-3] [INFO] [1783591578.527116966] [px4_1.mpc_node_1]: first position from drone 6 (calibrated [STABLE] after 40 frames, spread=(0.025,0.008,0.006)): local_mean=(0.10, 0.07, -0.25) world_birth=(-3.10, 2.93, 0.00)
[mpc_node-2] [INFO] [1783591578.529595081] [px4_0.mpc_node_0]: [veh 4] alt_sync disabled, using birth_z=0.00
[mpc_node-2] [INFO] [1783591578.529729045] [px4_0.mpc_node_0]: first position from drone 4 (calibrated [STABLE] after 40 frames, spread=(0.023,0.005,0.012)): local_mean=(0.16, -0.03, -0.48) world_birth=(-3.16, 0.03, 0.00)
[mpc_node-2] [INFO] [1783591578.530363801] [px4_0.mpc_node_0]: [veh 3] alt_sync disabled, using birth_z=0.00
[mpc_node-2] [INFO] [1783591578.530485782] [px4_0.mpc_node_0]: first position from drone 3 (calibrated [STABLE] after 40 frames, spread=(0.018,0.019,0.038)): local_mean=(0.07, -0.08, 0.24) world_birth=(2.93, 0.08, 0.00)
[mpc_node-4] [INFO] [1783591578.540825131] [px4_2.mpc_node_2]: [veh 2] alt_sync disabled, using birth_z=0.00
[mpc_node-4] [INFO] [1783591578.541036596] [px4_2.mpc_node_2]: first position from drone 2 (calibrated [STABLE] after 40 frames, spread=(0.018,0.007,0.041)): local_mean=(-0.38, -0.14, -0.20) world_birth=(0.38, -2.86, 0.00)
[mpc_node-4] [INFO] [1783591578.541786871] [px4_2.mpc_node_2]: [veh 0] alt_sync disabled, using birth_z=0.00
[mpc_node-4] [INFO] [1783591578.541964206] [px4_2.mpc_node_2]: first position from drone 0 (calibrated [STABLE] after 40 frames, spread=(0.016,0.007,0.019)): local_mean=(0.02, -0.34, 0.20) world_birth=(-0.02, 0.34, 0.00)
[mpc_node-4] [INFO] [1783591578.543909931] [px4_2.mpc_node_2]: [veh 7] alt_sync disabled, using birth_z=0.00
[mpc_node-4] [INFO] [1783591578.544162883] [px4_2.mpc_node_2]: first position from drone 7 (calibrated [STABLE] after 40 frames, spread=(0.002,0.011,0.011)): local_mean=(0.10, -0.07, -0.06) world_birth=(2.90, -2.93, 0.00)
[mpc_node-4] [INFO] [1783591578.549406288] [px4_2.mpc_node_2]: [veh 8] alt_sync disabled, using birth_z=0.00
[mpc_node-4] [INFO] [1783591578.549547422] [px4_2.mpc_node_2]: first position from drone 8 (calibrated [STABLE] after 40 frames, spread=(0.002,0.005,0.036)): local_mean=(0.18, -0.10, -0.01) world_birth=(-3.18, -2.90, 0.00)
[mpc_node-6] [INFO] [1783591578.604845828] [px4_4.mpc_node_4]: [veh 0] alt_sync disabled, using birth_z=0.00
[mpc_node-6] [INFO] [1783591578.605005521] [px4_4.mpc_node_4]: first position from drone 0 (calibrated [STABLE] after 40 frames, spread=(0.014,0.006,0.020)): local_mean=(0.02, -0.34, 0.20) world_birth=(-0.02, 0.34, 0.00)
[mpc_node-6] [INFO] [1783591578.605917619] [px4_4.mpc_node_4]: [veh 4] alt_sync disabled, using birth_z=0.00
[mpc_node-6] [INFO] [1783591578.606269460] [px4_4.mpc_node_4]: first position from drone 4 (calibrated [STABLE] after 40 frames, spread=(0.015,0.006,0.011)): local_mean=(0.16, -0.03, -0.48) world_birth=(-3.16, 0.03, 0.00)
[mpc_node-6] [INFO] [1783591578.607528063] [px4_4.mpc_node_4]: [veh 6] alt_sync disabled, using birth_z=0.00
[mpc_node-6] [INFO] [1783591578.608248960] [px4_4.mpc_node_4]: first position from drone 6 (calibrated [STABLE] after 40 frames, spread=(0.014,0.011,0.006)): local_mean=(0.10, 0.07, -0.25) world_birth=(-3.10, 2.93, 0.00)
[mpc_node-6] [INFO] [1783591578.609297509] [px4_4.mpc_node_4]: [veh 8] alt_sync disabled, using birth_z=0.00
[mpc_node-6] [INFO] [1783591578.609419634] [px4_4.mpc_node_4]: first position from drone 8 (calibrated [STABLE] after 40 frames, spread=(0.002,0.003,0.034)): local_mean=(0.18, -0.10, -0.00) world_birth=(-3.18, -2.90, 0.00)
[mpc_node-8] [INFO] [1783591580.148599571] [px4_6.mpc_node_6]: drone 6: retry ARM+OFFBOARD (nav=4, arm=1) frame=1
[mpc_node-10] [INFO] [1783591580.158759536] [px4_8.mpc_node_8]: drone 8: retry ARM+OFFBOARD (nav=4, arm=1) frame=1
[mpc_node-7] [INFO] [1783591580.191617791] [px4_5.mpc_node_5]: drone 5: retry ARM+OFFBOARD (nav=4, arm=1) frame=1
[mpc_node-9] [INFO] [1783591580.196336346] [px4_7.mpc_node_7]: drone 7: retry ARM+OFFBOARD (nav=4, arm=1) frame=1
[mpc_node-5] [INFO] [1783591580.198592409] [px4_3.mpc_node_3]: drone 3: retry ARM+OFFBOARD (nav=4, arm=1) frame=1
[mpc_node-3] [INFO] [1783591580.229134018] [px4_1.mpc_node_1]: drone 1: retry ARM+OFFBOARD (nav=4, arm=1) frame=1
[mpc_node-2] [INFO] [1783591580.234838184] [px4_0.mpc_node_0]: drone 0: retry ARM+OFFBOARD (nav=4, arm=1) frame=1
[mpc_node-4] [INFO] [1783591580.252187977] [px4_2.mpc_node_2]: drone 2: retry ARM+OFFBOARD (nav=4, arm=1) frame=1
[mpc_node-6] [INFO] [1783591580.308776308] [px4_4.mpc_node_4]: drone 4: retry ARM+OFFBOARD (nav=4, arm=1) frame=1
[mpc_node-8] [INFO] [1783591581.148295302] [px4_6.mpc_node_6]: drone 6: OFFBOARD + ARMED confirmed
[mpc_node-10] [INFO] [1783591581.158928833] [px4_8.mpc_node_8]: drone 8: OFFBOARD + ARMED confirmed
[mpc_node-8] [WARN] [1783591581.169238262] [px4_6.mpc_node_6]: DEBUG d6: x0=(-3.03,3.01,-0.24) ref0=(-3.00,3.00,-5.00) pred1=(-3.03,3.01,-0.24) leader=(0.00,0.00,-5.00)
[mpc_node-10] [WARN] [1783591581.180301461] [px4_8.mpc_node_8]: DEBUG d8: x0=(-3.07,-2.98,0.03) ref0=(-3.00,-3.00,-5.00) pred1=(-3.07,-2.98,0.02) leader=(0.00,0.00,-5.00)
[mpc_node-8] [WARN] [1783591581.189535058] [px4_6.mpc_node_6]: DEBUG d6: x0=(-3.03,3.01,-0.23) ref0=(-3.00,3.00,-5.00) pred1=(-3.03,3.01,-0.24) leader=(0.00,0.00,-5.00)
[mpc_node-7] [INFO] [1783591581.191270771] [px4_5.mpc_node_5]: drone 5: OFFBOARD + ARMED confirmed
[mpc_node-9] [INFO] [1783591581.196270853] [px4_7.mpc_node_7]: drone 7: OFFBOARD + ARMED confirmed
[mpc_node-5] [INFO] [1783591581.199351290] [px4_3.mpc_node_3]: drone 3: OFFBOARD + ARMED confirmed
[mpc_node-10] [WARN] [1783591581.199859298] [px4_8.mpc_node_8]: DEBUG d8: x0=(-3.07,-2.98,0.03) ref0=(-3.00,-3.00,-5.00) pred1=(-3.07,-2.98,0.02) leader=(0.00,0.00,-5.00)
[mpc_node-8] [WARN] [1783591581.209170057] [px4_6.mpc_node_6]: DEBUG d6: x0=(-3.03,3.01,-0.23) ref0=(-3.00,3.00,-5.00) pred1=(-3.03,3.01,-0.24) leader=(0.00,0.00,-5.00)
[mpc_node-7] [WARN] [1783591581.212164558] [px4_5.mpc_node_5]: DEBUG d5: x0=(2.97,2.92,-0.53) ref0=(3.00,3.00,-5.00) pred1=(2.97,2.92,-0.53) leader=(0.00,0.00,-5.00)
[mpc_node-9] [WARN] [1783591581.217549037] [px4_7.mpc_node_7]: DEBUG d7: x0=(3.01,-2.97,-0.12) ref0=(3.00,-3.00,-5.00) pred1=(3.01,-2.97,-0.13) leader=(0.00,0.00,-5.00)
[mpc_node-5] [WARN] [1783591581.220645435] [px4_3.mpc_node_3]: DEBUG d3: x0=(2.98,0.01,0.25) ref0=(3.00,0.00,-5.00) pred1=(2.99,0.01,0.24) leader=(0.00,0.00,-5.00)
[mpc_node-10] [WARN] [1783591581.220856552] [px4_8.mpc_node_8]: DEBUG d8: x0=(-3.07,-2.98,0.03) ref0=(-3.00,-3.00,-5.00) pred1=(-3.07,-2.98,0.02) leader=(0.00,0.00,-5.00)
[mpc_node-8] [WARN] [1783591581.229430955] [px4_6.mpc_node_6]: DEBUG d6: x0=(-3.03,3.01,-0.23) ref0=(-3.00,3.00,-5.00) pred1=(-3.03,3.01,-0.23) leader=(0.00,0.00,-5.00)
[mpc_node-3] [INFO] [1783591581.231068222] [px4_1.mpc_node_1]: drone 1: OFFBOARD + ARMED confirmed
[mpc_node-7] [WARN] [1783591581.233372695] [px4_5.mpc_node_5]: DEBUG d5: x0=(2.97,2.92,-0.53) ref0=(3.00,3.00,-5.00) pred1=(2.97,2.92,-0.53) leader=(0.00,0.00,-5.00)
[mpc_node-2] [INFO] [1783591581.236563904] [px4_0.mpc_node_0]: drone 0: OFFBOARD + ARMED confirmed
[mpc_node-9] [WARN] [1783591581.237182948] [px4_7.mpc_node_7]: DEBUG d7: x0=(3.01,-2.97,-0.12) ref0=(3.00,-3.00,-5.00) pred1=(3.01,-2.98,-0.13) leader=(0.00,0.00,-5.00)
[mpc_node-10] [WARN] [1783591581.240980085] [px4_8.mpc_node_8]: DEBUG d8: x0=(-3.06,-2.98,0.03) ref0=(-3.00,-3.00,-5.00) pred1=(-3.06,-2.98,0.02) leader=(0.00,0.00,-5.00)
[mpc_node-5] [WARN] [1783591581.242314054] [px4_3.mpc_node_3]: DEBUG d3: x0=(2.99,0.01,0.25) ref0=(3.00,0.00,-5.00) pred1=(2.99,0.01,0.24) leader=(0.00,0.00,-5.00)
[mpc_node-8] [WARN] [1783591581.249096416] [px4_6.mpc_node_6]: DEBUG d6: x0=(-3.04,3.01,-0.23) ref0=(-3.00,3.00,-5.00) pred1=(-3.04,3.01,-0.23) leader=(0.00,0.00,-5.00)
[mpc_node-4] [INFO] [1783591581.251738839] [px4_2.mpc_node_2]: drone 2: OFFBOARD + ARMED confirmed
[mpc_node-7] [WARN] [1783591581.253262624] [px4_5.mpc_node_5]: DEBUG d5: x0=(2.97,2.92,-0.53) ref0=(3.00,3.00,-5.00) pred1=(2.97,2.92,-0.54) leader=(0.00,0.00,-5.00)
[mpc_node-3] [WARN] [1783591581.253287006] [px4_1.mpc_node_1]: DEBUG d1: x0=(0.08,2.98,-0.21) ref0=(0.00,3.00,-5.00) pred1=(0.09,2.98,-0.21) leader=(0.00,0.00,-5.00)
[mpc_node-2] [WARN] [1783591581.256929255] [px4_0.mpc_node_0]: DEBUG d0: x0=(-0.01,0.07,0.07) ref0=(0.00,0.00,-5.00) pred1=(-0.01,0.07,0.06) leader=(0.00,0.00,-5.00)
[mpc_node-9] [WARN] [1783591581.257153478] [px4_7.mpc_node_7]: DEBUG d7: x0=(3.01,-2.97,-0.12) ref0=(3.00,-3.00,-5.00) pred1=(3.01,-2.97,-0.13) leader=(0.00,0.00,-5.00)
[mpc_node-10] [WARN] [1783591581.260462012] [px4_8.mpc_node_8]: DEBUG d8: x0=(-3.06,-2.98,0.03) ref0=(-3.00,-3.00,-5.00) pred1=(-3.06,-2.98,0.02) leader=(0.00,0.00,-5.00)
[mpc_node-5] [WARN] [1783591581.260673996] [px4_3.mpc_node_3]: DEBUG d3: x0=(2.98,0.01,0.25) ref0=(3.00,0.00,-5.00) pred1=(2.98,0.01,0.25) leader=(0.00,0.00,-5.00)
[mpc_node-3] [WARN] [1783591581.270262366] [px4_1.mpc_node_1]: DEBUG d1: x0=(0.08,2.99,-0.21) ref0=(0.00,3.00,-5.00) pred1=(0.08,2.99,-0.21) leader=(0.00,0.00,-5.00)
[mpc_node-4] [WARN] [1783591581.274871099] [px4_2.mpc_node_2]: DEBUG d2: x0=(-0.07,-2.97,-0.28) ref0=(0.00,-3.00,-5.00) pred1=(-0.08,-2.97,-0.28) leader=(0.00,0.00,-5.00)
[mpc_node-7] [WARN] [1783591581.276118755] [px4_5.mpc_node_5]: DEBUG d5: x0=(2.96,2.92,-0.53) ref0=(3.00,3.00,-5.00) pred1=(2.96,2.92,-0.54) leader=(0.00,0.00,-5.00)
[mpc_node-2] [WARN] [1783591581.278200033] [px4_0.mpc_node_0]: DEBUG d0: x0=(-0.01,0.07,0.07) ref0=(0.00,0.00,-5.00) pred1=(-0.01,0.07,0.06) leader=(0.00,0.00,-5.00)
[mpc_node-9] [WARN] [1783591581.278230133] [px4_7.mpc_node_7]: DEBUG d7: x0=(3.01,-2.97,-0.12) ref0=(3.00,-3.00,-5.00) pred1=(3.01,-2.97,-0.13) leader=(0.00,0.00,-5.00)
[mpc_node-5] [WARN] [1783591581.279216016] [px4_3.mpc_node_3]: DEBUG d3: x0=(2.98,0.01,0.25) ref0=(3.00,0.00,-5.00) pred1=(2.98,0.01,0.25) leader=(0.00,0.00,-5.00)
[mpc_node-3] [WARN] [1783591581.291665723] [px4_1.mpc_node_1]: DEBUG d1: x0=(0.08,2.99,-0.21) ref0=(0.00,3.00,-5.00) pred1=(0.08,2.99,-0.21) leader=(0.00,0.00,-5.00)
[mpc_node-7] [WARN] [1783591581.293205509] [px4_5.mpc_node_5]: DEBUG d5: x0=(2.96,2.92,-0.53) ref0=(3.00,3.00,-5.00) pred1=(2.96,2.92,-0.54) leader=(0.00,0.00,-5.00)
[mpc_node-4] [WARN] [1783591581.295456859] [px4_2.mpc_node_2]: DEBUG d2: x0=(-0.08,-2.97,-0.28) ref0=(0.00,-3.00,-5.00) pred1=(-0.08,-2.97,-0.29) leader=(0.00,0.00,-5.00)
[mpc_node-9] [WARN] [1783591581.297887224] [px4_7.mpc_node_7]: DEBUG d7: x0=(3.01,-2.97,-0.12) ref0=(3.00,-3.00,-5.00) pred1=(3.01,-2.97,-0.13) leader=(0.00,0.00,-5.00)
[mpc_node-2] [WARN] [1783591581.300364771] [px4_0.mpc_node_0]: DEBUG d0: x0=(-0.01,0.07,0.07) ref0=(0.00,0.00,-5.00) pred1=(-0.01,0.07,0.06) leader=(0.00,0.00,-5.00)
[mpc_node-5] [WARN] [1783591581.301369340] [px4_3.mpc_node_3]: DEBUG d3: x0=(2.98,0.02,0.26) ref0=(3.00,0.00,-5.00) pred1=(2.98,0.01,0.25) leader=(0.00,0.00,-5.00)
[mpc_node-6] [INFO] [1783591581.308489837] [px4_4.mpc_node_4]: drone 4: OFFBOARD + ARMED confirmed
[mpc_node-3] [WARN] [1783591581.310505959] [px4_1.mpc_node_1]: DEBUG d1: x0=(0.08,2.99,-0.21) ref0=(0.00,3.00,-5.00) pred1=(0.08,2.99,-0.22) leader=(0.00,0.00,-5.00)
[mpc_node-4] [WARN] [1783591581.313602559] [px4_2.mpc_node_2]: DEBUG d2: x0=(-0.08,-2.97,-0.28) ref0=(0.00,-3.00,-5.00) pred1=(-0.08,-2.97,-0.29) leader=(0.00,0.00,-5.00)
[mpc_node-2] [WARN] [1783591581.317040236] [px4_0.mpc_node_0]: DEBUG d0: x0=(-0.01,0.07,0.07) ref0=(0.00,0.00,-5.00) pred1=(-0.01,0.07,0.06) leader=(0.00,0.00,-5.00)
[mpc_node-6] [WARN] [1783591581.330157276] [px4_4.mpc_node_4]: DEBUG d4: x0=(-3.05,0.02,-0.34) ref0=(-3.00,0.00,-5.00) pred1=(-3.04,0.01,-0.34) leader=(0.00,0.00,-5.00)
[mpc_node-4] [WARN] [1783591581.333390242] [px4_2.mpc_node_2]: DEBUG d2: x0=(-0.08,-2.97,-0.28) ref0=(0.00,-3.00,-5.00) pred1=(-0.08,-2.97,-0.29) leader=(0.00,0.00,-5.00)
[mpc_node-3] [WARN] [1783591581.335779196] [px4_1.mpc_node_1]: DEBUG d1: x0=(0.08,2.99,-0.22) ref0=(0.00,3.00,-5.00) pred1=(0.08,2.99,-0.22) leader=(0.00,0.00,-5.00)
[mpc_node-2] [WARN] [1783591581.338373727] [px4_0.mpc_node_0]: DEBUG d0: x0=(-0.01,0.07,0.06) ref0=(0.00,0.00,-5.00) pred1=(-0.01,0.07,0.06) leader=(0.00,0.00,-5.00)
[mpc_node-6] [WARN] [1783591581.350005487] [px4_4.mpc_node_4]: DEBUG d4: x0=(-3.04,0.01,-0.34) ref0=(-3.00,0.00,-5.00) pred1=(-3.05,0.01,-0.34) leader=(0.00,0.00,-5.00)
[mpc_node-4] [WARN] [1783591581.353571481] [px4_2.mpc_node_2]: DEBUG d2: x0=(-0.08,-2.97,-0.28) ref0=(0.00,-3.00,-5.00) pred1=(-0.08,-2.97,-0.29) leader=(0.00,0.00,-5.00)
[mpc_node-6] [WARN] [1783591581.373651212] [px4_4.mpc_node_4]: DEBUG d4: x0=(-3.04,0.01,-0.34) ref0=(-3.00,0.00,-5.00) pred1=(-3.04,0.01,-0.34) leader=(0.00,0.00,-5.00)
[mpc_node-6] [WARN] [1783591581.389484102] [px4_4.mpc_node_4]: DEBUG d4: x0=(-3.04,0.01,-0.34) ref0=(-3.00,0.00,-5.00) pred1=(-3.04,0.01,-0.34) leader=(0.00,0.00,-5.00)
[mpc_node-6] [WARN] [1783591581.409131682] [px4_4.mpc_node_4]: DEBUG d4: x0=(-3.04,0.01,-0.34) ref0=(-3.00,0.00,-5.00) pred1=(-3.04,0.01,-0.34) leader=(0.00,0.00,-5.00)
[mpc_node-8] [INFO] [1783591582.150603512] [px4_6.mpc_node_6]: [d6] solve: status=0 time=0.23ms cost=83.0 pos=(-3.07,3.00,-0.24) local=(0.02,0.06,-0.24) wbirth=(-3.09,2.93,0.00) ref=(-3.00,3.00) leader=(0.00,0.00) fallbacks=0
[mpc_node-10] [INFO] [1783591582.159977055] [px4_8.mpc_node_8]: [d8] solve: status=0 time=0.27ms cost=92.1 pos=(-3.06,-3.00,-0.05) local=(0.12,-0.09,-0.05) wbirth=(-3.18,-2.90,0.00) ref=(-3.00,-3.00) leader=(0.00,0.00) fallbacks=0
[mpc_node-7] [INFO] [1783591582.196246866] [px4_5.mpc_node_5]: [d5] solve: status=0 time=0.22ms cost=72.4 pos=(2.95,2.94,-0.49) local=(0.02,0.08,-0.49) wbirth=(2.93,2.86,0.00) ref=(3.00,3.00) leader=(0.00,0.00) fallbacks=0
[mpc_node-9] [INFO] [1783591582.198903191] [px4_7.mpc_node_7]: [d7] solve: status=0 time=0.25ms cost=86.9 pos=(2.99,-2.97,-0.16) local=(0.09,-0.04,-0.16) wbirth=(2.90,-2.93,0.00) ref=(3.00,-3.00) leader=(0.00,0.00) fallbacks=0
[mpc_node-5] [INFO] [1783591582.202276638] [px4_3.mpc_node_3]: [d3] solve: status=0 time=0.23ms cost=111.7 pos=(2.98,0.04,0.32) local=(0.05,-0.04,0.32) wbirth=(2.93,0.07,0.00) ref=(3.00,0.00) leader=(0.00,0.00) fallbacks=0
[mpc_node-3] [INFO] [1783591582.234789223] [px4_1.mpc_node_1]: [d1] solve: status=0 time=0.23ms cost=85.3 pos=(0.07,2.98,-0.21) local=(0.01,0.11,-0.21) wbirth=(0.05,2.87,0.00) ref=(0.00,3.00) leader=(0.00,0.00) fallbacks=0
[mpc_node-2] [INFO] [1783591582.236920311] [px4_0.mpc_node_0]: [d0] solve: status=0 time=0.27ms cost=92.9 pos=(-0.03,0.09,-0.02) local=(-0.01,-0.25,-0.02) wbirth=(-0.02,0.34,0.00) ref=(0.00,0.00) leader=(0.00,0.00) fallbacks=0
[mpc_node-4] [INFO] [1783591582.254923505] [px4_2.mpc_node_2]: [d2] solve: status=0 time=0.27ms cost=81.5 pos=(-0.08,-2.98,-0.27) local=(-0.46,-0.12,-0.27) wbirth=(0.38,-2.86,0.00) ref=(0.00,-3.00) leader=(0.00,0.00) fallbacks=0
[mpc_node-6] [INFO] [1783591582.309061493] [px4_4.mpc_node_4]: [d4] solve: status=0 time=0.29ms cost=74.8 pos=(-3.09,0.02,-0.43) local=(0.07,-0.00,-0.43) wbirth=(-3.16,0.03,0.00) ref=(-3.00,0.00) leader=(0.00,0.00) fallbacks=0
[mpc_node-8] [INFO] [1783591583.152933220] [px4_6.mpc_node_6]: [d6] solve: status=0 time=0.28ms cost=81.6 pos=(-3.06,3.00,-0.27) local=(0.03,0.06,-0.27) wbirth=(-3.09,2.93,0.00) ref=(-3.00,3.00) leader=(0.00,0.00) fallbacks=0
[mpc_node-10] [INFO] [1783591583.160749838] [px4_8.mpc_node_8]: [d8] solve: status=0 time=0.23ms cost=91.7 pos=(-3.10,-3.01,-0.06) local=(0.08,-0.10,-0.06) wbirth=(-3.18,-2.90,0.00) ref=(-3.00,-3.00) leader=(0.00,0.00) fallbacks=0
[mpc_node-7] [INFO] [1783591583.194209449] [px4_5.mpc_node_5]: [d5] solve: status=0 time=0.26ms cost=69.0 pos=(3.00,2.95,-0.56) local=(0.07,0.09,-0.56) wbirth=(2.93,2.86,0.00) ref=(3.00,3.00) leader=(0.00,0.00) fallbacks=0
[mpc_node-9] [INFO] [1783591583.197105986] [px4_7.mpc_node_7]: [d7] solve: status=0 time=0.24ms cost=86.7 pos=(3.00,-2.97,-0.16) local=(0.10,-0.04,-0.16) wbirth=(2.90,-2.93,0.00) ref=(3.00,-3.00) leader=(0.00,0.00) fallbacks=0
[mpc_node-5] [INFO] [1783591583.201866827] [px4_3.mpc_node_3]: [d3] solve: status=0 time=0.27ms cost=115.9 pos=(3.02,0.06,0.39) local=(0.10,-0.01,0.39) wbirth=(2.93,0.07,0.00) ref=(3.00,0.00) leader=(0.00,0.00) fallbacks=0
[mpc_node-3] [INFO] [1783591583.233157025] [px4_1.mpc_node_1]: [d1] solve: status=0 time=0.40ms cost=84.3 pos=(0.03,3.03,-0.22) local=(-0.02,0.16,-0.22) wbirth=(0.05,2.87,0.00) ref=(0.00,3.00) leader=(0.00,0.00) fallbacks=0
[mpc_node-2] [INFO] [1783591583.236466109] [px4_0.mpc_node_0]: [d0] solve: status=0 time=0.24ms cost=97.4 pos=(-0.09,0.10,0.06) local=(-0.07,-0.23,0.06) wbirth=(-0.02,0.34,0.00) ref=(0.00,0.00) leader=(0.00,0.00) fallbacks=0
[mpc_node-4] [INFO] [1783591583.253596328] [px4_2.mpc_node_2]: [d2] solve: status=0 time=0.23ms cost=81.8 pos=(-0.06,-2.99,-0.26) local=(-0.44,-0.13,-0.26) wbirth=(0.38,-2.86,0.00) ref=(0.00,-3.00) leader=(0.00,0.00) fallbacks=0
[mpc_node-6] [INFO] [1783591583.310345597] [px4_4.mpc_node_4]: [d4] solve: status=0 time=0.23ms cost=75.8 pos=(-3.06,-0.02,-0.41) local=(0.09,-0.05,-0.41) wbirth=(-3.16,0.03,0.00) ref=(-3.00,0.00) leader=(0.00,0.00) fallbacks=0
[mpc_node-8] [INFO] [1783591584.149133991] [px4_6.mpc_node_6]: [d6] solve: status=0 time=0.25ms cost=63.1 pos=(-3.00,2.99,-0.50) local=(0.09,0.06,-0.50) wbirth=(-3.09,2.93,0.00) ref=(-3.00,3.00) leader=(0.00,0.00) fallbacks=0
[mpc_node-10] [INFO] [1783591584.160757772] [px4_8.mpc_node_8]: [d8] solve: status=0 time=0.23ms cost=72.3 pos=(-3.01,-2.99,-0.30) local=(0.17,-0.09,-0.30) wbirth=(-3.18,-2.90,0.00) ref=(-3.00,-3.00) leader=(0.00,0.00) fallbacks=0
[mpc_node-7] [INFO] [1783591584.197021899] [px4_5.mpc_node_5]: [d5] solve: status=0 time=0.23ms cost=52.0 pos=(3.03,3.00,-0.81) local=(0.11,0.13,-0.81) wbirth=(2.93,2.86,0.00) ref=(3.00,3.00) leader=(0.00,0.00) fallbacks=0
[mpc_node-9] [INFO] [1783591584.198221186] [px4_7.mpc_node_7]: [d7] solve: status=0 time=0.34ms cost=68.5 pos=(3.06,-3.01,-0.37) local=(0.16,-0.08,-0.37) wbirth=(2.90,-2.93,0.00) ref=(3.00,-3.00) leader=(0.00,0.00) fallbacks=0
[mpc_node-5] [INFO] [1783591584.200651753] [px4_3.mpc_node_3]: [d3] solve: status=0 time=0.23ms cost=87.0 pos=(3.02,0.05,0.06) local=(0.09,-0.02,0.06) wbirth=(2.93,0.07,0.00) ref=(3.00,0.00) leader=(0.00,0.00) fallbacks=0
[mpc_node-3] [INFO] [1783591584.230268766] [px4_1.mpc_node_1]: [d1] solve: status=0 time=0.23ms cost=61.3 pos=(-0.04,3.03,-0.57) local=(-0.09,0.17,-0.57) wbirth=(0.05,2.87,0.00) ref=(0.00,3.00) leader=(0.00,0.00) fallbacks=0
[mpc_node-2] [INFO] [1783591584.237401556] [px4_0.mpc_node_0]: [d0] solve: status=0 time=0.23ms cost=75.3 pos=(-0.06,0.04,-0.21) local=(-0.04,-0.29,-0.21) wbirth=(-0.02,0.34,0.00) ref=(0.00,0.00) leader=(0.00,0.00) fallbacks=0
[mpc_node-4] [INFO] [1783591584.251984048] [px4_2.mpc_node_2]: [d2] solve: status=0 time=0.23ms cost=61.2 pos=(0.05,-2.98,-0.55) local=(-0.33,-0.11,-0.55) wbirth=(0.38,-2.86,0.00) ref=(0.00,-3.00) leader=(0.00,0.00) fallbacks=0
[mpc_node-6] [INFO] [1783591584.308894150] [px4_4.mpc_node_4]: [d4] solve: status=0 time=0.24ms cost=56.5 pos=(-3.01,-0.01,-0.69) local=(0.15,-0.04,-0.69) wbirth=(-3.16,0.03,0.00) ref=(-3.00,0.00) leader=(0.00,0.00) fallbacks=0
[mpc_node-8] [INFO] [1783591585.150218653] [px4_6.mpc_node_6]: [d6] solve: status=0 time=0.27ms cost=31.8 pos=(-2.84,3.07,-1.43) local=(0.24,0.14,-1.54) wbirth=(-3.09,2.93,0.10) ref=(-3.00,3.00) leader=(0.00,0.00) fallbacks=0
[mpc_node-10] [INFO] [1783591585.160590198] [px4_8.mpc_node_8]: [d8] solve: status=0 time=0.34ms cost=36.6 pos=(-2.94,-2.96,-1.26) local=(0.24,-0.06,-1.31) wbirth=(-3.18,-2.90,0.05) ref=(-3.00,-3.00) leader=(0.00,0.00) fallbacks=0
[mpc_node-7] [INFO] [1783591585.193218916] [px4_5.mpc_node_5]: [d5] solve: status=0 time=0.53ms cost=25.5 pos=(3.00,3.10,-1.70) local=(0.07,0.24,-1.86) wbirth=(2.93,2.86,0.16) ref=(3.00,3.00) leader=(0.00,0.00) fallbacks=0
[mpc_node-9] [INFO] [1783591585.198357032] [px4_7.mpc_node_7]: [d7] solve: status=0 time=0.28ms cost=34.3 pos=(3.06,-2.94,-1.34) local=(0.16,-0.00,-1.41) wbirth=(2.90,-2.93,0.07) ref=(3.00,-3.00) leader=(0.00,0.00) fallbacks=0
[mpc_node-5] [INFO] [1783591585.200563304] [px4_3.mpc_node_3]: [d3] solve: status=0 time=0.23ms cost=56.6 pos=(2.98,0.09,-0.72) local=(0.05,0.02,-0.72) wbirth=(2.93,0.07,0.00) ref=(3.00,0.00) leader=(0.00,0.00) fallbacks=0
[mpc_node-3] [INFO] [1783591585.230957580] [px4_1.mpc_node_1]: [d1] solve: status=0 time=0.29ms cost=31.8 pos=(-0.04,3.06,-1.44) local=(-0.09,0.19,-1.55) wbirth=(0.05,2.87,0.11) ref=(0.00,3.00) leader=(0.00,0.00) fallbacks=0
[mpc_node-2] [INFO] [1783591585.237530757] [px4_0.mpc_node_0]: [d0] solve: status=0 time=0.29ms cost=36.5 pos=(0.10,0.06,-1.27) local=(0.12,-0.27,-1.27) wbirth=(-0.02,0.34,0.00) ref=(0.00,0.00) leader=(0.00,0.00) fallbacks=0
[mpc_node-4] [INFO] [1783591585.253389276] [px4_2.mpc_node_2]: [d2] solve: status=0 time=0.25ms cost=30.4 pos=(0.06,-2.96,-1.49) local=(-0.32,-0.09,-1.61) wbirth=(0.38,-2.86,0.12) ref=(0.00,-3.00) leader=(0.00,0.00) fallbacks=0
[mpc_node-6] [INFO] [1783591585.309666215] [px4_4.mpc_node_4]: [d4] solve: status=0 time=0.24ms cost=29.1 pos=(-2.92,0.10,-1.54) local=(0.24,0.07,-1.68) wbirth=(-3.16,0.03,0.14) ref=(-3.00,0.00) leader=(0.00,0.00) fallbacks=0
[mpc_node-8] [INFO] [1783591586.149181196] [px4_6.mpc_node_6]: [d6] solve: status=0 time=0.27ms cost=11.9 pos=(-2.88,3.06,-2.47) local=(0.21,0.12,-2.77) wbirth=(-3.09,2.93,0.30) ref=(-3.00,3.00) leader=(0.00,0.00) fallbacks=0
[mpc_node-10] [INFO] [1783591586.160462245] [px4_8.mpc_node_8]: [d8] solve: status=0 time=0.31ms cost=14.4 pos=(-2.90,-2.99,-2.29) local=(0.28,-0.09,-2.54) wbirth=(-3.18,-2.90,0.25) ref=(-3.00,-3.00) leader=(0.00,0.00) fallbacks=0
[mpc_node-7] [INFO] [1783591586.194555200] [px4_5.mpc_node_5]: [d5] solve: status=0 time=0.29ms cost=10.1 pos=(3.01,3.09,-2.63) local=(0.08,0.22,-2.99) wbirth=(2.93,2.86,0.36) ref=(3.00,3.00) leader=(0.00,0.00) fallbacks=0
[mpc_node-9] [INFO] [1783591586.197703747] [px4_7.mpc_node_7]: [d7] solve: status=0 time=0.42ms cost=12.7 pos=(2.94,-2.95,-2.41) local=(0.04,-0.02,-2.68) wbirth=(2.90,-2.93,0.27) ref=(3.00,-3.00) leader=(0.00,0.00) fallbacks=0
[mpc_node-5] [INFO] [1783591586.201466459] [px4_3.mpc_node_3]: [d3] solve: status=0 time=0.31ms cost=18.6 pos=(2.95,-0.02,-2.03) local=(0.02,-0.09,-1.88) wbirth=(2.93,0.07,-0.15) ref=(3.00,0.00) leader=(0.00,0.00) fallbacks=0
[mpc_node-3] [INFO] [1783591586.230032881] [px4_1.mpc_node_1]: [d1] solve: status=0 time=0.26ms cost=12.4 pos=(0.05,2.98,-2.43) local=(0.00,0.11,-2.74) wbirth=(0.05,2.87,0.31) ref=(0.00,3.00) leader=(0.00,0.00) fallbacks=0
[mpc_node-2] [INFO] [1783591586.235188502] [px4_0.mpc_node_0]: [d0] solve: status=0 time=0.26ms cost=13.3 pos=(0.14,0.05,-2.35) local=(0.16,-0.29,-2.35) wbirth=(-0.02,0.34,0.00) ref=(0.00,0.00) leader=(0.00,0.00) fallbacks=0
[mpc_node-4] [INFO] [1783591586.253857861] [px4_2.mpc_node_2]: [d2] solve: status=0 time=0.33ms cost=11.3 pos=(0.07,-2.96,-2.51) local=(-0.31,-0.10,-2.79) wbirth=(0.38,-2.86,0.28) ref=(0.00,-3.00) leader=(0.00,0.00) fallbacks=0
[mpc_node-6] [INFO] [1783591586.310905177] [px4_4.mpc_node_4]: [d4] solve: status=0 time=0.29ms cost=11.4 pos=(-2.94,0.15,-2.51) local=(0.22,0.12,-2.84) wbirth=(-3.16,0.03,0.34) ref=(-3.00,0.00) leader=(0.00,0.00) fallbacks=0
[mpc_node-8] [INFO] [1783591587.149500455] [px4_6.mpc_node_6]: [d6] solve: status=0 time=0.17ms cost=2.5 pos=(-2.87,2.96,-3.74) local=(0.22,0.03,-4.06) wbirth=(-3.09,2.93,0.33) ref=(-3.00,3.00) leader=(0.00,0.00) fallbacks=0
[mpc_node-10] [INFO] [1783591587.160620084] [px4_8.mpc_node_8]: [d8] solve: status=0 time=0.29ms cost=3.5 pos=(-2.87,-2.91,-3.52) local=(0.31,-0.01,-3.89) wbirth=(-3.18,-2.90,0.37) ref=(-3.00,-3.00) leader=(0.00,0.00) fallbacks=0
[mpc_node-7] [INFO] [1783591587.193075899] [px4_5.mpc_node_5]: [d5] solve: status=0 time=0.21ms cost=2.5 pos=(2.98,3.01,-3.75) local=(0.06,0.15,-4.32) wbirth=(2.93,2.86,0.56) ref=(3.00,3.00) leader=(0.00,0.00) fallbacks=0
[mpc_node-9] [INFO] [1783591587.197390502] [px4_7.mpc_node_7]: [d7] solve: status=0 time=0.18ms cost=3.0 pos=(2.90,-2.97,-3.62) local=(0.00,-0.04,-3.98) wbirth=(2.90,-2.93,0.36) ref=(3.00,-3.00) leader=(0.00,0.00) fallbacks=0
[mpc_node-5] [INFO] [1783591587.200579942] [px4_3.mpc_node_3]: [d3] solve: status=0 time=0.27ms cost=4.2 pos=(3.05,-0.10,-3.38) local=(0.12,-0.18,-3.22) wbirth=(2.93,0.07,-0.17) ref=(3.00,0.00) leader=(0.00,0.00) fallbacks=0
[mpc_node-3] [INFO] [1783591587.233293645] [px4_1.mpc_node_1]: [d1] solve: status=0 time=0.20ms cost=2.9 pos=(0.20,2.98,-3.67) local=(0.15,0.11,-4.03) wbirth=(0.05,2.87,0.36) ref=(0.00,3.00) leader=(0.00,0.00) fallbacks=0
[mpc_node-2] [INFO] [1783591587.237922517] [px4_0.mpc_node_0]: [d0] solve: status=0 time=0.25ms cost=2.7 pos=(0.08,-0.02,-3.70) local=(0.10,-0.36,-3.70) wbirth=(-0.02,0.34,0.00) ref=(0.00,0.00) leader=(0.00,0.00) fallbacks=0
[mpc_node-4] [INFO] [1783591587.254491981] [px4_2.mpc_node_2]: [d2] solve: status=0 time=0.21ms cost=2.2 pos=(0.04,-2.90,-3.83) local=(-0.34,-0.03,-4.11) wbirth=(0.38,-2.86,0.28) ref=(0.00,-3.00) leader=(0.00,0.00) fallbacks=0
[mpc_node-6] [INFO] [1783591587.309453127] [px4_4.mpc_node_4]: [d4] solve: status=0 time=0.18ms cost=2.9 pos=(-2.96,0.01,-3.64) local=(0.20,-0.01,-4.17) wbirth=(-3.16,0.03,0.54) ref=(-3.00,0.00) leader=(0.00,0.00) fallbacks=0
[mpc_node-8] [INFO] [1783591588.149435622] [px4_6.mpc_node_6]: [d6] solve: status=0 time=0.21ms cost=0.4 pos=(-2.98,2.91,-4.54) local=(0.11,-0.02,-4.86) wbirth=(-3.09,2.93,0.33) ref=(-3.00,3.00) leader=(0.00,0.00) fallbacks=0
[mpc_node-10] [INFO] [1783591588.160651004] [px4_8.mpc_node_8]: [d8] solve: status=0 time=0.17ms cost=0.6 pos=(-2.98,-2.85,-4.42) local=(0.20,0.05,-4.80) wbirth=(-3.18,-2.90,0.37) ref=(-3.00,-3.00) leader=(0.00,0.00) fallbacks=0
[mpc_node-7] [INFO] [1783591588.196908257] [px4_5.mpc_node_5]: [d5] solve: status=0 time=0.23ms cost=0.6 pos=(3.00,3.00,-4.39) local=(0.07,0.14,-5.15) wbirth=(2.93,2.86,0.76) ref=(3.00,3.00) leader=(0.00,0.00) fallbacks=0
[mpc_node-9] [INFO] [1783591588.197356229] [px4_7.mpc_node_7]: [d7] solve: status=0 time=0.17ms cost=0.4 pos=(2.92,-3.03,-4.48) local=(0.02,-0.10,-4.84) wbirth=(2.90,-2.93,0.36) ref=(3.00,-3.00) leader=(0.00,0.00) fallbacks=0
[mpc_node-5] [INFO] [1783591588.200801240] [px4_3.mpc_node_3]: [d3] solve: status=0 time=0.25ms cost=0.6 pos=(3.00,-0.10,-4.42) local=(0.07,-0.17,-4.25) wbirth=(2.93,0.07,-0.17) ref=(3.00,0.00) leader=(0.00,0.00) fallbacks=0
[mpc_node-3] [INFO] [1783591588.230944279] [px4_1.mpc_node_1]: [d1] solve: status=0 time=0.19ms cost=0.5 pos=(0.14,3.03,-4.48) local=(0.08,0.16,-4.84) wbirth=(0.05,2.87,0.36) ref=(0.00,3.00) leader=(0.00,0.00) fallbacks=0
[mpc_node-2] [INFO] [1783591588.237638379] [px4_0.mpc_node_0]: [d0] solve: status=0 time=0.19ms cost=0.4 pos=(-0.03,-0.11,-4.54) local=(-0.01,-0.45,-4.54) wbirth=(-0.02,0.34,0.00) ref=(0.00,0.00) leader=(0.00,0.00) fallbacks=0
[mpc_node-4] [INFO] [1783591588.253717320] [px4_2.mpc_node_2]: [d2] solve: status=0 time=0.18ms cost=0.4 pos=(0.07,-2.89,-4.53) local=(-0.31,-0.03,-4.81) wbirth=(0.38,-2.86,0.28) ref=(0.00,-3.00) leader=(0.00,0.00) fallbacks=0
[mpc_node-6] [INFO] [1783591588.309755775] [px4_4.mpc_node_4]: [d4] solve: status=0 time=0.19ms cost=0.5 pos=(-3.02,-0.04,-4.42) local=(0.13,-0.07,-5.11) wbirth=(-3.16,0.03,0.69) ref=(-3.00,0.00) leader=(0.00,0.00) fallbacks=0
[mpc_node-8] [INFO] [1783591589.150197173] [px4_6.mpc_node_6]: [d6] solve: status=0 time=0.54ms cost=0.1 pos=(-3.02,2.94,-4.77) local=(0.07,0.01,-5.09) wbirth=(-3.09,2.93,0.33) ref=(-3.00,3.00) leader=(0.00,0.00) fallbacks=0
[mpc_node-10] [INFO] [1783591589.161099720] [px4_8.mpc_node_8]: [d8] solve: status=0 time=0.22ms cost=0.1 pos=(-3.03,-2.89,-4.73) local=(0.15,0.01,-5.10) wbirth=(-3.18,-2.90,0.37) ref=(-3.00,-3.00) leader=(0.00,0.00) fallbacks=0
[mpc_node-7] [INFO] [1783591589.193700950] [px4_5.mpc_node_5]: [d5] solve: status=0 time=0.21ms cost=0.1 pos=(2.98,2.99,-4.73) local=(0.05,0.13,-5.50) wbirth=(2.93,2.86,0.77) ref=(3.00,3.00) leader=(0.00,0.00) fallbacks=0
[mpc_node-9] [INFO] [1783591589.198448467] [px4_7.mpc_node_7]: [d7] solve: status=0 time=0.18ms cost=0.1 pos=(2.92,-3.08,-4.75) local=(0.02,-0.15,-5.10) wbirth=(2.90,-2.93,0.36) ref=(3.00,-3.00) leader=(0.00,0.00) fallbacks=0
[mpc_node-5] [INFO] [1783591589.200589794] [px4_3.mpc_node_3]: [d3] solve: status=0 time=0.17ms cost=0.1 pos=(3.05,-0.08,-4.77) local=(0.13,-0.16,-4.61) wbirth=(2.93,0.07,-0.17) ref=(3.00,0.00) leader=(0.00,0.00) fallbacks=0
[mpc_node-3] [INFO] [1783591589.231616202] [px4_1.mpc_node_1]: [d1] solve: status=0 time=0.17ms cost=0.2 pos=(0.17,3.03,-4.75) local=(0.12,0.16,-5.11) wbirth=(0.05,2.87,0.36) ref=(0.00,3.00) leader=(0.00,0.00) fallbacks=0
[mpc_node-2] [INFO] [1783591589.235440600] [px4_0.mpc_node_0]: [d0] solve: status=0 time=0.16ms cost=0.1 pos=(-0.07,-0.13,-4.80) local=(-0.05,-0.46,-4.80) wbirth=(-0.02,0.34,0.00) ref=(0.00,0.00) leader=(0.00,0.00) fallbacks=0
[mpc_node-4] [INFO] [1783591589.253285369] [px4_2.mpc_node_2]: [d2] solve: status=0 time=0.19ms cost=0.1 pos=(-0.06,-3.00,-4.81) local=(-0.44,-0.14,-5.09) wbirth=(0.38,-2.86,0.28) ref=(0.00,-3.00) leader=(0.00,0.00) fallbacks=0
[mpc_node-6] [INFO] [1783591589.310276904] [px4_4.mpc_node_4]: [d4] solve: status=0 time=0.30ms cost=0.2 pos=(-3.07,-0.10,-4.73) local=(0.09,-0.13,-5.41) wbirth=(-3.16,0.03,0.69) ref=(-3.00,0.00) leader=(0.00,0.00) fallbacks=0
[mpc_node-8] [INFO] [1783591590.151121678] [px4_6.mpc_node_6]: [d6] solve: status=0 time=0.18ms cost=0.0 pos=(-3.05,3.00,-4.99) local=(0.04,0.07,-5.31) wbirth=(-3.09,2.93,0.33) ref=(-3.00,3.00) leader=(0.00,0.00) fallbacks=0
[mpc_node-10] [INFO] [1783591590.161836093] [px4_8.mpc_node_8]: [d8] solve: status=0 time=0.17ms cost=0.0 pos=(-3.07,-3.02,-4.87) local=(0.12,-0.12,-5.24) wbirth=(-3.18,-2.90,0.37) ref=(-3.00,-3.00) leader=(0.00,0.00) fallbacks=0
[mpc_node-7] [INFO] [1783591590.193360350] [px4_5.mpc_node_5]: [d5] solve: status=0 time=0.15ms cost=0.0 pos=(2.95,3.02,-4.89) local=(0.03,0.16,-5.66) wbirth=(2.93,2.86,0.77) ref=(3.00,3.00) leader=(0.00,0.00) fallbacks=0
[mpc_node-9] [INFO] [1783591590.199112741] [px4_7.mpc_node_7]: [d7] solve: status=0 time=0.15ms cost=0.0 pos=(3.02,-3.11,-4.89) local=(0.12,-0.17,-5.24) wbirth=(2.90,-2.93,0.36) ref=(3.00,-3.00) leader=(0.00,0.00) fallbacks=0
[mpc_node-5] [INFO] [1783591590.199267726] [px4_3.mpc_node_3]: [d3] solve: status=0 time=0.17ms cost=0.1 pos=(3.14,-0.04,-4.85) local=(0.22,-0.12,-4.68) wbirth=(2.93,0.07,-0.17) ref=(3.00,0.00) leader=(0.00,0.00) fallbacks=0
[mpc_node-3] [INFO] [1783591590.230476692] [px4_1.mpc_node_1]: [d1] solve: status=0 time=0.17ms cost=0.0 pos=(0.04,3.04,-4.88) local=(-0.02,0.18,-5.24) wbirth=(0.05,2.87,0.36) ref=(0.00,3.00) leader=(0.00,0.00) fallbacks=0
[mpc_node-2] [INFO] [1783591590.234980064] [px4_0.mpc_node_0]: [d0] solve: status=0 time=0.17ms cost=0.0 pos=(-0.05,-0.02,-4.89) local=(-0.03,-0.35,-4.89) wbirth=(-0.02,0.34,0.00) ref=(0.00,0.00) leader=(0.00,0.00) fallbacks=0
[mpc_node-4] [INFO] [1783591590.253348243] [px4_2.mpc_node_2]: [d2] solve: status=0 time=0.17ms cost=0.0 pos=(-0.05,-2.98,-4.90) local=(-0.43,-0.12,-5.18) wbirth=(0.38,-2.86,0.28) ref=(0.00,-3.00) leader=(0.00,0.00) fallbacks=0
[mpc_node-6] [INFO] [1783591590.308970736] [px4_4.mpc_node_4]: [d4] solve: status=0 time=0.23ms cost=0.0 pos=(-3.06,-0.12,-4.92) local=(0.10,-0.15,-5.60) wbirth=(-3.16,0.03,0.69) ref=(-3.00,0.00) leader=(0.00,0.00) fallbacks=0
[mpc_node-8] [INFO] [1783591591.150989885] [px4_6.mpc_node_6]: [d6] solve: status=0 time=0.19ms cost=0.0 pos=(-3.04,3.04,-5.04) local=(0.05,0.10,-5.36) wbirth=(-3.09,2.93,0.33) ref=(-3.00,3.00) leader=(0.00,0.00) fallbacks=0
[mpc_node-10] [INFO] [1783591591.159601202] [px4_8.mpc_node_8]: [d8] solve: status=0 time=0.21ms cost=0.1 pos=(-3.07,-3.15,-4.90) local=(0.11,-0.25,-5.28) wbirth=(-3.18,-2.90,0.37) ref=(-3.00,-3.00) leader=(0.00,0.00) fallbacks=0
[mpc_node-7] [INFO] [1783591591.193498228] [px4_5.mpc_node_5]: [d5] solve: status=0 time=0.34ms cost=0.0 pos=(2.99,3.00,-4.92) local=(0.06,0.14,-5.69) wbirth=(2.93,2.86,0.77) ref=(3.00,3.00) leader=(0.00,0.00) fallbacks=0
[mpc_node-9] [INFO] [1783591591.199461613] [px4_7.mpc_node_7]: [d7] solve: status=0 time=0.15ms cost=0.1 pos=(3.01,-3.12,-4.86) local=(0.11,-0.18,-5.21) wbirth=(2.90,-2.93,0.36) ref=(3.00,-3.00) leader=(0.00,0.00) fallbacks=0
[mpc_node-5] [INFO] [1783591591.202262770] [px4_3.mpc_node_3]: [d3] solve: status=0 time=0.21ms cost=0.0 pos=(3.06,0.03,-4.93) local=(0.13,-0.04,-4.77) wbirth=(2.93,0.07,-0.17) ref=(3.00,0.00) leader=(0.00,0.00) fallbacks=0
[mpc_node-3] [INFO] [1783591591.231151796] [px4_1.mpc_node_1]: [d1] solve: status=0 time=0.17ms cost=0.1 pos=(-0.09,3.09,-4.88) local=(-0.15,0.22,-5.25) wbirth=(0.05,2.87,0.36) ref=(0.00,3.00) leader=(0.00,0.00) fallbacks=0
[mpc_node-2] [INFO] [1783591591.236040848] [px4_0.mpc_node_0]: [d0] solve: status=0 time=0.21ms cost=0.0 pos=(-0.07,0.09,-4.93) local=(-0.05,-0.25,-4.93) wbirth=(-0.02,0.34,0.00) ref=(0.00,0.00) leader=(0.00,0.00) fallbacks=0
[mpc_node-4] [INFO] [1783591591.255444942] [px4_2.mpc_node_2]: [d2] solve: status=0 time=0.17ms cost=0.0 pos=(0.06,-3.01,-4.97) local=(-0.32,-0.15,-5.25) wbirth=(0.38,-2.86,0.28) ref=(0.00,-3.00) leader=(0.00,0.00) fallbacks=0
[mpc_node-6] [INFO] [1783591591.308777769] [px4_4.mpc_node_4]: [d4] solve: status=0 time=0.15ms cost=0.1 pos=(-3.05,-0.13,-4.90) local=(0.11,-0.16,-5.59) wbirth=(-3.16,0.03,0.69) ref=(-3.00,0.00) leader=(0.00,0.00) fallbacks=0
[mpc_node-8] [INFO] [1783591592.149255539] [px4_6.mpc_node_6]: [d6] solve: status=0 time=0.17ms cost=0.0 pos=(-3.00,2.99,-4.95) local=(0.09,0.06,-5.28) wbirth=(-3.09,2.93,0.33) ref=(-3.00,3.00) leader=(0.00,0.00) fallbacks=0
[mpc_node-10] [INFO] [1783591592.159775981] [px4_8.mpc_node_8]: [d8] solve: status=0 time=0.21ms cost=0.1 pos=(-3.11,-3.16,-4.91) local=(0.07,-0.26,-5.29) wbirth=(-3.18,-2.90,0.37) ref=(-3.00,-3.00) leader=(0.00,0.00) fallbacks=0
[mpc_node-7] [INFO] [1783591592.192123716] [px4_5.mpc_node_5]: [d5] solve: status=0 time=0.15ms cost=0.0 pos=(3.00,2.98,-4.95) local=(0.07,0.12,-5.72) wbirth=(2.93,2.86,0.77) ref=(3.00,3.00) leader=(0.00,0.00) fallbacks=0
[mpc_node-9] [INFO] [1783591592.197548017] [px4_7.mpc_node_7]: [d7] solve: status=0 time=0.21ms cost=0.0 pos=(3.01,-3.11,-4.92) local=(0.10,-0.18,-5.28) wbirth=(2.90,-2.93,0.36) ref=(3.00,-3.00) leader=(0.00,0.00) fallbacks=0
[mpc_node-5] [INFO] [1783591592.200387809] [px4_3.mpc_node_3]: [d3] solve: status=0 time=0.17ms cost=0.0 pos=(2.93,0.09,-4.94) local=(0.00,0.02,-4.77) wbirth=(2.93,0.07,-0.17) ref=(3.00,0.00) leader=(0.00,0.00) fallbacks=0
[mpc_node-3] [INFO] [1783591592.230925565] [px4_1.mpc_node_1]: [d1] solve: status=0 time=0.17ms cost=0.1 pos=(-0.22,3.02,-4.94) local=(-0.27,0.15,-5.30) wbirth=(0.05,2.87,0.36) ref=(0.00,3.00) leader=(0.00,0.00) fallbacks=0
[mpc_node-2] [INFO] [1783591592.238024545] [px4_0.mpc_node_0]: [d0] solve: status=0 time=0.22ms cost=0.1 pos=(-0.11,0.14,-4.98) local=(-0.09,-0.20,-4.98) wbirth=(-0.02,0.34,0.00) ref=(0.00,0.00) leader=(0.00,0.00) fallbacks=0
[mpc_node-4] [INFO] [1783591592.253427421] [px4_2.mpc_node_2]: [d2] solve: status=0 time=0.15ms cost=0.0 pos=(0.02,-3.09,-4.93) local=(-0.36,-0.22,-5.21) wbirth=(0.38,-2.86,0.28) ref=(0.00,-3.00) leader=(0.00,0.00) fallbacks=0
[mpc_node-6] [INFO] [1783591592.308549392] [px4_4.mpc_node_4]: [d4] solve: status=0 time=0.16ms cost=0.1 pos=(-3.10,-0.14,-4.98) local=(0.06,-0.17,-5.66) wbirth=(-3.16,0.03,0.69) ref=(-3.00,0.00) leader=(0.00,0.00) fallbacks=0
[mpc_node-8] [INFO] [1783591593.149434123] [px4_6.mpc_node_6]: [d6] solve: status=0 time=0.20ms cost=0.0 pos=(-3.02,3.02,-5.04) local=(0.07,0.08,-5.36) wbirth=(-3.09,2.93,0.33) ref=(-3.00,3.00) leader=(0.00,0.00) fallbacks=0
[mpc_node-10] [INFO] [1783591593.159885392] [px4_8.mpc_node_8]: [d8] solve: status=0 time=0.17ms cost=0.0 pos=(-3.09,-3.10,-4.91) local=(0.10,-0.20,-5.29) wbirth=(-3.18,-2.90,0.37) ref=(-3.00,-3.00) leader=(0.00,0.00) fallbacks=0
[mpc_node-7] [INFO] [1783591593.192467270] [px4_5.mpc_node_5]: [d5] solve: status=0 time=0.20ms cost=0.0 pos=(3.02,2.95,-4.91) local=(0.09,0.08,-5.68) wbirth=(2.93,2.86,0.77) ref=(3.00,3.00) leader=(0.00,0.00) fallbacks=0
[mpc_node-9] [INFO] [1783591593.198660163] [px4_7.mpc_node_7]: [d7] solve: status=0 time=0.17ms cost=0.0 pos=(3.05,-2.99,-5.02) local=(0.15,-0.06,-5.37) wbirth=(2.90,-2.93,0.36) ref=(3.00,-3.00) leader=(0.00,0.00) fallbacks=0
[mpc_node-5] [INFO] [1783591593.200186131] [px4_3.mpc_node_3]: [d3] solve: status=0 time=0.15ms cost=0.1 pos=(2.84,0.07,-4.94) local=(-0.09,-0.01,-4.77) wbirth=(2.93,0.07,-0.17) ref=(3.00,0.00) leader=(0.00,0.00) fallbacks=0
[mpc_node-3] [INFO] [1783591593.231146494] [px4_1.mpc_node_1]: [d1] solve: status=0 time=0.18ms cost=0.1 pos=(-0.17,2.93,-4.98) local=(-0.22,0.07,-5.34) wbirth=(0.05,2.87,0.36) ref=(0.00,3.00) leader=(0.00,0.00) fallbacks=0
[mpc_node-2] [INFO] [1783591593.235847035] [px4_0.mpc_node_0]: [d0] solve: status=0 time=0.16ms cost=0.0 pos=(0.02,0.08,-5.05) local=(0.04,-0.26,-5.05) wbirth=(-0.02,0.34,0.00) ref=(0.00,0.00) leader=(0.00,0.00) fallbacks=0
[mpc_node-4] [INFO] [1783591593.251855288] [px4_2.mpc_node_2]: [d2] solve: status=0 time=0.18ms cost=0.0 pos=(-0.05,-3.08,-4.97) local=(-0.43,-0.22,-5.26) wbirth=(0.38,-2.86,0.28) ref=(0.00,-3.00) leader=(0.00,0.00) fallbacks=0
[mpc_node-6] [INFO] [1783591593.308741968] [px4_4.mpc_node_4]: [d4] solve: status=0 time=0.19ms cost=0.0 pos=(-3.05,-0.00,-4.97) local=(0.11,-0.03,-5.65) wbirth=(-3.16,0.03,0.69) ref=(-3.00,0.00) leader=(0.00,0.00) fallbacks=0
[mpc_node-8] [INFO] [1783591594.149568397] [px4_6.mpc_node_6]: [d6] solve: status=0 time=0.18ms cost=0.0 pos=(-3.06,2.99,-4.98) local=(0.03,0.05,-5.30) wbirth=(-3.09,2.93,0.33) ref=(-3.00,3.00) leader=(0.00,0.00) fallbacks=0
[mpc_node-10] [INFO] [1783591594.159696435] [px4_8.mpc_node_8]: [d8] solve: status=0 time=0.18ms cost=0.0 pos=(-3.06,-2.94,-4.95) local=(0.12,-0.04,-5.33) wbirth=(-3.18,-2.90,0.37) ref=(-3.00,-3.00) leader=(0.00,0.00) fallbacks=0
[mpc_node-7] [INFO] [1783591594.192938353] [px4_5.mpc_node_5]: [d5] solve: status=0 time=0.14ms cost=0.0 pos=(2.95,2.96,-4.94) local=(0.02,0.10,-5.72) wbirth=(2.93,2.86,0.77) ref=(3.00,3.00) leader=(0.00,0.00) fallbacks=0
[mpc_node-9] [INFO] [1783591594.196953547] [px4_7.mpc_node_7]: [d7] solve: status=0 time=0.16ms cost=0.0 pos=(2.99,-2.89,-5.00) local=(0.09,0.05,-5.35) wbirth=(2.90,-2.93,0.36) ref=(3.00,-3.00) leader=(0.00,0.00) fallbacks=0
[mpc_node-5] [INFO] [1783591594.200407776] [px4_3.mpc_node_3]: [d3] solve: status=0 time=0.20ms cost=0.1 pos=(2.81,0.07,-5.01) local=(-0.12,-0.00,-4.85) wbirth=(2.93,0.07,-0.17) ref=(3.00,0.00) leader=(0.00,0.00) fallbacks=0
[mpc_node-3] [INFO] [1783591594.230187927] [px4_1.mpc_node_1]: [d1] solve: status=0 time=0.17ms cost=0.0 pos=(-0.03,2.91,-4.99) local=(-0.08,0.04,-5.35) wbirth=(0.05,2.87,0.36) ref=(0.00,3.00) leader=(0.00,0.00) fallbacks=0
[mpc_node-2] [INFO] [1783591594.239948095] [px4_0.mpc_node_0]: [d0] solve: status=0 time=0.15ms cost=0.0 pos=(0.05,0.01,-5.03) local=(0.07,-0.33,-5.03) wbirth=(-0.02,0.34,0.00) ref=(0.00,0.00) leader=(0.00,0.00) fallbacks=0
[mpc_node-4] [INFO] [1783591594.254967288] [px4_2.mpc_node_2]: [d2] solve: status=0 time=0.15ms cost=0.1 pos=(-0.14,-3.09,-5.03) local=(-0.52,-0.22,-5.31) wbirth=(0.38,-2.86,0.28) ref=(0.00,-3.00) leader=(0.00,0.00) fallbacks=0
[mpc_node-6] [INFO] [1783591594.309176578] [px4_4.mpc_node_4]: [d4] solve: status=0 time=0.18ms cost=0.0 pos=(-2.98,0.11,-5.01) local=(0.18,0.08,-5.69) wbirth=(-3.16,0.03,0.69) ref=(-3.00,0.00) leader=(0.00,0.00) fallbacks=0
[mpc_node-8] [INFO] [1783591595.150090648] [px4_6.mpc_node_6]: [d6] solve: status=0 time=0.18ms cost=0.0 pos=(-3.04,2.93,-4.96) local=(0.05,-0.01,-5.28) wbirth=(-3.09,2.93,0.33) ref=(-3.00,3.00) leader=(0.00,0.00) fallbacks=0
[mpc_node-10] [INFO] [1783591595.160868348] [px4_8.mpc_node_8]: [d8] solve: status=0 time=0.17ms cost=0.1 pos=(-2.96,-2.83,-4.95) local=(0.23,0.07,-5.32) wbirth=(-3.18,-2.90,0.37) ref=(-3.00,-3.00) leader=(0.00,0.00) fallbacks=0
[mpc_node-7] [INFO] [1783591595.194386228] [px4_5.mpc_node_5]: [d5] solve: status=0 time=0.15ms cost=0.0 pos=(2.97,3.04,-4.97) local=(0.04,0.18,-5.74) wbirth=(2.93,2.86,0.77) ref=(3.00,3.00) leader=(0.00,0.00) fallbacks=0
[mpc_node-9] [INFO] [1783591595.197262015] [px4_7.mpc_node_7]: [d7] solve: status=0 time=0.15ms cost=0.0 pos=(2.98,-2.88,-5.10) local=(0.08,0.05,-5.46) wbirth=(2.90,-2.93,0.36) ref=(3.00,-3.00) leader=(0.00,0.00) fallbacks=0
[mpc_node-5] [INFO] [1783591595.199638913] [px4_3.mpc_node_3]: [d3] solve: status=0 time=0.19ms cost=0.0 pos=(2.89,0.03,-5.04) local=(-0.04,-0.04,-4.87) wbirth=(2.93,0.07,-0.17) ref=(3.00,0.00) leader=(0.00,0.00) fallbacks=0
[mpc_node-3] [INFO] [1783591595.230693938] [px4_1.mpc_node_1]: [d1] solve: status=0 time=0.21ms cost=0.0 pos=(0.03,2.91,-5.00) local=(-0.02,0.04,-5.36) wbirth=(0.05,2.87,0.36) ref=(0.00,3.00) leader=(0.00,0.00) fallbacks=0
[mpc_node-2] [INFO] [1783591595.236611603] [px4_0.mpc_node_0]: [d0] solve: status=0 time=0.18ms cost=0.0 pos=(0.05,-0.00,-5.03) local=(0.07,-0.34,-5.03) wbirth=(-0.02,0.34,0.00) ref=(0.00,0.00) leader=(0.00,0.00) fallbacks=0
[mpc_node-4] [INFO] [1783591595.254823105] [px4_2.mpc_node_2]: [d2] solve: status=0 time=0.21ms cost=0.0 pos=(-0.10,-3.07,-5.04) local=(-0.48,-0.20,-5.32) wbirth=(0.38,-2.86,0.28) ref=(0.00,-3.00) leader=(0.00,0.00) fallbacks=0
[mpc_node-6] [INFO] [1783591595.309175470] [px4_4.mpc_node_4]: [d4] solve: status=0 time=0.18ms cost=0.0 pos=(-2.92,0.11,-5.03) local=(0.24,0.08,-5.72) wbirth=(-3.16,0.03,0.69) ref=(-3.00,0.00) leader=(0.00,0.00) fallbacks=0
[mpc_node-8] [INFO] [1783591596.154467525] [px4_6.mpc_node_6]: [d6] solve: status=0 time=0.15ms cost=0.0 pos=(-3.02,2.93,-4.95) local=(0.07,-0.00,-5.27) wbirth=(-3.09,2.93,0.33) ref=(-3.00,3.00) leader=(0.00,0.00) fallbacks=0
[mpc_node-10] [INFO] [1783591596.159354716] [px4_8.mpc_node_8]: [d8] solve: status=0 time=0.17ms cost=0.1 pos=(-2.85,-2.90,-5.01) local=(0.33,0.00,-5.39) wbirth=(-3.18,-2.90,0.37) ref=(-3.00,-3.00) leader=(0.00,0.00) fallbacks=0
[mpc_node-7] [INFO] [1783591596.191898832] [px4_5.mpc_node_5]: [d5] solve: status=0 time=0.17ms cost=0.0 pos=(2.99,3.11,-5.01) local=(0.06,0.25,-5.78) wbirth=(2.93,2.86,0.77) ref=(3.00,3.00) leader=(0.00,0.00) fallbacks=0
[mpc_node-9] [INFO] [1783591596.198778398] [px4_7.mpc_node_7]: [d7] solve: status=0 time=0.16ms cost=0.0 pos=(2.94,-2.91,-5.06) local=(0.04,0.02,-5.41) wbirth=(2.90,-2.93,0.36) ref=(3.00,-3.00) leader=(0.00,0.00) fallbacks=0
[mpc_node-5] [INFO] [1783591596.201468622] [px4_3.mpc_node_3]: [d3] solve: status=0 time=0.17ms cost=0.0 pos=(3.06,-0.01,-5.00) local=(0.14,-0.09,-4.83) wbirth=(2.93,0.07,-0.17) ref=(3.00,0.00) leader=(0.00,0.00) fallbacks=0
[mpc_node-3] [INFO] [1783591596.230053935] [px4_1.mpc_node_1]: [d1] solve: status=0 time=0.17ms cost=0.0 pos=(0.08,2.96,-5.01) local=(0.03,0.09,-5.37) wbirth=(0.05,2.87,0.36) ref=(0.00,3.00) leader=(0.00,0.00) fallbacks=0
[mpc_node-2] [INFO] [1783591596.236678875] [px4_0.mpc_node_0]: [d0] solve: status=0 time=0.15ms cost=0.0 pos=(0.04,-0.09,-5.01) local=(0.06,-0.42,-5.01) wbirth=(-0.02,0.34,0.00) ref=(0.00,0.00) leader=(0.00,0.00) fallbacks=0
[mpc_node-4] [INFO] [1783591596.252062955] [px4_2.mpc_node_2]: [d2] solve: status=0 time=0.15ms cost=0.0 pos=(-0.01,-2.97,-5.05) local=(-0.39,-0.11,-5.33) wbirth=(0.38,-2.86,0.28) ref=(0.00,-3.00) leader=(0.00,0.00) fallbacks=0
[mpc_node-6] [INFO] [1783591596.310814944] [px4_4.mpc_node_4]: [d4] solve: status=0 time=0.18ms cost=0.0 pos=(-2.98,0.07,-5.00) local=(0.18,0.04,-5.69) wbirth=(-3.16,0.03,0.69) ref=(-3.00,0.00) leader=(0.00,0.00) fallbacks=0
[mpc_node-8] [INFO] [1783591597.152143167] [px4_6.mpc_node_6]: [d6] solve: status=0 time=0.20ms cost=0.0 pos=(-3.01,2.99,-5.01) local=(0.08,0.06,-5.34) wbirth=(-3.09,2.93,0.33) ref=(-3.00,3.00) leader=(0.00,0.00) fallbacks=0
[mpc_node-10] [INFO] [1783591597.162061783] [px4_8.mpc_node_8]: [d8] solve: status=0 time=0.17ms cost=0.1 pos=(-2.82,-2.99,-5.03) local=(0.36,-0.09,-5.41) wbirth=(-3.18,-2.90,0.37) ref=(-3.00,-3.00) leader=(0.00,0.00) fallbacks=0
[mpc_node-7] [INFO] [1783591597.195672936] [px4_5.mpc_node_5]: [d5] solve: status=0 time=0.23ms cost=0.0 pos=(3.03,3.12,-5.01) local=(0.10,0.26,-5.79) wbirth=(2.93,2.86,0.77) ref=(3.00,3.00) leader=(0.00,0.00) fallbacks=0
[mpc_node-9] [INFO] [1783591597.198253415] [px4_7.mpc_node_7]: [d7] solve: status=0 time=0.24ms cost=0.0 pos=(2.99,-2.95,-5.07) local=(0.09,-0.01,-5.43) wbirth=(2.90,-2.93,0.36) ref=(3.00,-3.00) leader=(0.00,0.00) fallbacks=0
[mpc_node-5] [INFO] [1783591597.200246398] [px4_3.mpc_node_3]: [d3] solve: status=0 time=0.17ms cost=0.1 pos=(3.18,-0.08,-5.03) local=(0.25,-0.16,-4.87) wbirth=(2.93,0.07,-0.17) ref=(3.00,0.00) leader=(0.00,0.00) fallbacks=0
[mpc_node-3] [INFO] [1783591597.230257420] [px4_1.mpc_node_1]: [d1] solve: status=0 time=0.15ms cost=0.1 pos=(0.12,3.06,-5.09) local=(0.07,0.19,-5.45) wbirth=(0.05,2.87,0.36) ref=(0.00,3.00) leader=(0.00,0.00) fallbacks=0
[mpc_node-2] [INFO] [1783591597.236335448] [px4_0.mpc_node_0]: [d0] solve: status=0 time=0.15ms cost=0.1 pos=(-0.08,-0.10,-4.96) local=(-0.06,-0.44,-4.96) wbirth=(-0.02,0.34,0.00) ref=(0.00,0.00) leader=(0.00,0.00) fallbacks=0
[mpc_node-4] [INFO] [1783591597.253283786] [px4_2.mpc_node_2]: [d2] solve: status=0 time=0.15ms cost=0.1 pos=(0.14,-2.89,-5.02) local=(-0.25,-0.03,-5.30) wbirth=(0.38,-2.86,0.28) ref=(0.00,-3.00) leader=(0.00,0.00) fallbacks=0
[mpc_node-6] [INFO] [1783591597.308563537] [px4_4.mpc_node_4]: [d4] solve: status=0 time=0.18ms cost=0.0 pos=(-3.05,-0.01,-4.98) local=(0.11,-0.04,-5.67) wbirth=(-3.16,0.03,0.69) ref=(-3.00,0.00) leader=(0.00,0.00) fallbacks=0
[mpc_node-8] [INFO] [1783591598.151698500] [px4_6.mpc_node_6]: [d6] solve: status=0 time=0.15ms cost=0.0 pos=(-2.95,3.00,-5.07) local=(0.14,0.07,-5.39) wbirth=(-3.09,2.93,0.33) ref=(-3.00,3.00) leader=(0.00,0.00) fallbacks=0
[mpc_node-10] [INFO] [1783591598.159393877] [px4_8.mpc_node_8]: [d8] solve: status=0 time=0.17ms cost=0.0 pos=(-2.87,-3.01,-5.01) local=(0.32,-0.10,-5.38) wbirth=(-3.18,-2.90,0.37) ref=(-3.00,-3.00) leader=(0.00,0.00) fallbacks=0
[mpc_node-7] [INFO] [1783591598.195442735] [px4_5.mpc_node_5]: [d5] solve: status=0 time=0.17ms cost=0.0 pos=(3.10,3.00,-5.04) local=(0.17,0.14,-5.81) wbirth=(2.93,2.86,0.77) ref=(3.00,3.00) leader=(0.00,0.00) fallbacks=0
[mpc_node-9] [INFO] [1783591598.198467728] [px4_7.mpc_node_7]: [d7] solve: status=0 time=0.18ms cost=0.0 pos=(2.96,-3.07,-5.00) local=(0.06,-0.14,-5.35) wbirth=(2.90,-2.93,0.36) ref=(3.00,-3.00) leader=(0.00,0.00) fallbacks=0
[mpc_node-5] [INFO] [1783591598.199390388] [px4_3.mpc_node_3]: [d3] solve: status=0 time=0.18ms cost=0.0 pos=(3.11,-0.07,-5.00) local=(0.18,-0.15,-4.84) wbirth=(2.93,0.07,-0.17) ref=(3.00,0.00) leader=(0.00,0.00) fallbacks=0
[mpc_node-3] [INFO] [1783591598.232183366] [px4_1.mpc_node_1]: [d1] solve: status=0 time=0.14ms cost=0.0 pos=(0.06,3.09,-5.04) local=(0.00,0.22,-5.40) wbirth=(0.05,2.87,0.36) ref=(0.00,3.00) leader=(0.00,0.00) fallbacks=0
[mpc_node-2] [INFO] [1783591598.236586863] [px4_0.mpc_node_0]: [d0] solve: status=0 time=0.22ms cost=0.0 pos=(-0.04,-0.06,-4.96) local=(-0.02,-0.39,-4.96) wbirth=(-0.02,0.34,0.00) ref=(0.00,0.00) leader=(0.00,0.00) fallbacks=0
[mpc_node-4] [INFO] [1783591598.251986665] [px4_2.mpc_node_2]: [d2] solve: status=0 time=0.15ms cost=0.0 pos=(0.09,-2.91,-5.02) local=(-0.29,-0.04,-5.30) wbirth=(0.38,-2.86,0.28) ref=(0.00,-3.00) leader=(0.00,0.00) fallbacks=0
[mpc_node-6] [INFO] [1783591598.309333380] [px4_4.mpc_node_4]: [d4] solve: status=0 time=0.22ms cost=0.0 pos=(-3.12,-0.02,-4.99) local=(0.04,-0.05,-5.67) wbirth=(-3.16,0.03,0.69) ref=(-3.00,0.00) leader=(0.00,0.00) fallbacks=0
[mpc_node-8] [INFO] [1783591599.149128112] [px4_6.mpc_node_6]: [d6] solve: status=0 time=0.16ms cost=0.0 pos=(-2.96,3.03,-5.06) local=(0.13,0.10,-5.39) wbirth=(-3.09,2.93,0.33) ref=(-3.00,3.00) leader=(0.00,0.00) fallbacks=0
[mpc_node-10] [INFO] [1783591599.161066190] [px4_8.mpc_node_8]: [d8] solve: status=0 time=0.17ms cost=0.0 pos=(-3.00,-2.99,-5.01) local=(0.19,-0.09,-5.38) wbirth=(-3.18,-2.90,0.37) ref=(-3.00,-3.00) leader=(0.00,0.00) fallbacks=0
[mpc_node-7] [INFO] [1783591599.192097149] [px4_5.mpc_node_5]: [d5] solve: status=0 time=0.17ms cost=0.0 pos=(3.10,2.98,-5.03) local=(0.17,0.12,-5.80) wbirth=(2.93,2.86,0.77) ref=(3.00,3.00) leader=(0.00,0.00) fallbacks=0
[mpc_node-9] [INFO] [1783591599.199189703] [px4_7.mpc_node_7]: [d7] solve: status=0 time=0.14ms cost=0.0 pos=(2.94,-3.05,-5.00) local=(0.04,-0.12,-5.36) wbirth=(2.90,-2.93,0.36) ref=(3.00,-3.00) leader=(0.00,0.00) fallbacks=0
[mpc_node-5] [INFO] [1783591599.202698352] [px4_3.mpc_node_3]: [d3] solve: status=0 time=0.16ms cost=0.0 pos=(3.12,-0.03,-4.96) local=(0.19,-0.11,-4.79) wbirth=(2.93,0.07,-0.17) ref=(3.00,0.00) leader=(0.00,0.00) fallbacks=0
[mpc_node-3] [INFO] [1783591599.231556137] [px4_1.mpc_node_1]: [d1] solve: status=0 time=0.18ms cost=0.0 pos=(0.04,3.03,-4.98) local=(-0.02,0.16,-5.34) wbirth=(0.05,2.87,0.36) ref=(0.00,3.00) leader=(0.00,0.00) fallbacks=0
[mpc_node-2] [INFO] [1783591599.235649507] [px4_0.mpc_node_0]: [d0] solve: status=0 time=0.18ms cost=0.0 pos=(-0.08,-0.02,-4.97) local=(-0.06,-0.35,-4.97) wbirth=(-0.02,0.34,0.00) ref=(0.00,0.00) leader=(0.00,0.00) fallbacks=0
[mpc_node-4] [INFO] [1783591599.253860734] [px4_2.mpc_node_2]: [d2] solve: status=0 time=0.22ms cost=0.0 pos=(0.01,-2.93,-5.04) local=(-0.37,-0.07,-5.32) wbirth=(0.38,-2.86,0.28) ref=(0.00,-3.00) leader=(0.00,0.00) fallbacks=0
[mpc_node-6] [INFO] [1783591599.308608729] [px4_4.mpc_node_4]: [d4] solve: status=0 time=0.18ms cost=0.0 pos=(-2.98,0.01,-4.96) local=(0.18,-0.02,-5.65) wbirth=(-3.16,0.03,0.69) ref=(-3.00,0.00) leader=(0.00,0.00) fallbacks=0
[mpc_node-8] [INFO] [1783591600.150419401] [px4_6.mpc_node_6]: [d6] solve: status=0 time=0.18ms cost=0.0 pos=(-2.96,3.05,-4.97) local=(0.12,0.11,-5.29) wbirth=(-3.09,2.93,0.33) ref=(-3.00,3.00) leader=(0.00,0.00) fallbacks=0
[mpc_node-10] [INFO] [1783591600.159765186] [px4_8.mpc_node_8]: [d8] solve: status=0 time=0.17ms cost=0.1 pos=(-3.17,-2.98,-5.00) local=(0.01,-0.08,-5.37) wbirth=(-3.18,-2.90,0.37) ref=(-3.00,-3.00) leader=(0.00,0.00) fallbacks=0
[mpc_node-7] [INFO] [1783591600.194397931] [px4_5.mpc_node_5]: [d5] solve: status=0 time=0.17ms cost=0.0 pos=(2.99,2.93,-5.03) local=(0.06,0.07,-5.80) wbirth=(2.93,2.86,0.77) ref=(3.00,3.00) leader=(0.00,0.00) fallbacks=0
[mpc_node-5] [INFO] [1783591600.200208783] [px4_3.mpc_node_3]: [d3] solve: status=0 time=0.21ms cost=0.0 pos=(3.02,0.01,-5.04) local=(0.10,-0.07,-4.87) wbirth=(2.93,0.07,-0.17) ref=(3.00,0.00) leader=(0.00,0.00) fallbacks=0
[mpc_node-9] [INFO] [1783591600.200650197] [px4_7.mpc_node_7]: [d7] solve: status=0 time=0.18ms cost=0.0 pos=(3.02,-3.05,-5.00) local=(0.12,-0.12,-5.36) wbirth=(2.90,-2.93,0.36) ref=(3.00,-3.00) leader=(0.00,0.00) fallbacks=0
[mpc_node-3] [INFO] [1783591600.234921575] [px4_1.mpc_node_1]: [d1] solve: status=0 time=0.18ms cost=0.0 pos=(0.00,3.04,-4.94) local=(-0.05,0.18,-5.30) wbirth=(0.05,2.87,0.36) ref=(0.00,3.00) leader=(0.00,0.00) fallbacks=0
[mpc_node-2] [INFO] [1783591600.238654368] [px4_0.mpc_node_0]: [d0] solve: status=0 time=0.15ms cost=0.0 pos=(-0.09,0.03,-4.96) local=(-0.07,-0.31,-4.96) wbirth=(-0.02,0.34,0.00) ref=(0.00,0.00) leader=(0.00,0.00) fallbacks=0
[mpc_node-4] [INFO] [1783591600.253419719] [px4_2.mpc_node_2]: [d2] solve: status=0 time=0.17ms cost=0.0 pos=(-0.09,-3.00,-5.01) local=(-0.47,-0.14,-5.29) wbirth=(0.38,-2.86,0.28) ref=(0.00,-3.00) leader=(0.00,0.00) fallbacks=0
[mpc_node-6] [INFO] [1783591600.308614914] [px4_4.mpc_node_4]: [d4] solve: status=0 time=0.16ms cost=0.0 pos=(-2.88,-0.01,-5.01) local=(0.28,-0.04,-5.70) wbirth=(-3.16,0.03,0.69) ref=(-3.00,0.00) leader=(0.00,0.00) fallbacks=0
[mpc_node-8] [INFO] [1783591601.152097034] [px4_6.mpc_node_6]: [d6] solve: status=0 time=0.21ms cost=0.0 pos=(-3.01,3.04,-4.99) local=(0.07,0.11,-5.32) wbirth=(-3.09,2.93,0.33) ref=(-3.00,3.00) leader=(0.00,0.00) fallbacks=0
[mpc_node-10] [INFO] [1783591601.159865288] [px4_8.mpc_node_8]: [d8] solve: status=0 time=0.18ms cost=0.1 pos=(-3.25,-2.99,-5.04) local=(-0.06,-0.09,-5.41) wbirth=(-3.18,-2.90,0.37) ref=(-3.00,-3.00) leader=(0.00,0.00) fallbacks=0
[mpc_node-7] [INFO] [1783591601.195198089] [px4_5.mpc_node_5]: [d5] solve: status=0 time=0.20ms cost=0.0 pos=(2.98,2.87,-5.02) local=(0.05,0.01,-5.79) wbirth=(2.93,2.86,0.77) ref=(3.00,3.00) leader=(0.00,0.00) fallbacks=0
[mpc_node-9] [INFO] [1783591601.197035412] [px4_7.mpc_node_7]: [d7] solve: status=0 time=0.15ms cost=0.0 pos=(3.07,-3.08,-4.94) local=(0.17,-0.14,-5.30) wbirth=(2.90,-2.93,0.36) ref=(3.00,-3.00) leader=(0.00,0.00) fallbacks=0
[mpc_node-5] [INFO] [1783591601.199639871] [px4_3.mpc_node_3]: [d3] solve: status=0 time=0.17ms cost=0.0 pos=(3.02,0.02,-5.05) local=(0.09,-0.05,-4.89) wbirth=(2.93,0.07,-0.17) ref=(3.00,0.00) leader=(0.00,0.00) fallbacks=0
[mpc_node-3] [INFO] [1783591601.231327645] [px4_1.mpc_node_1]: [d1] solve: status=0 time=0.17ms cost=0.0 pos=(-0.01,3.04,-4.98) local=(-0.06,0.17,-5.34) wbirth=(0.05,2.87,0.36) ref=(0.00,3.00) leader=(0.00,0.00) fallbacks=0
[mpc_node-2] [INFO] [1783591601.236181699] [px4_0.mpc_node_0]: [d0] solve: status=0 time=0.19ms cost=0.0 pos=(-0.00,0.08,-5.00) local=(0.02,-0.25,-5.00) wbirth=(-0.02,0.34,0.00) ref=(0.00,0.00) leader=(0.00,0.00) fallbacks=0
[mpc_node-4] [INFO] [1783591601.251977981] [px4_2.mpc_node_2]: [d2] solve: status=0 time=0.17ms cost=0.0 pos=(-0.05,-3.06,-4.99) local=(-0.43,-0.19,-5.27) wbirth=(0.38,-2.86,0.28) ref=(0.00,-3.00) leader=(0.00,0.00) fallbacks=0
[mpc_node-6] [INFO] [1783591601.308812615] [px4_4.mpc_node_4]: [d4] solve: status=0 time=0.19ms cost=0.0 pos=(-2.93,0.02,-5.01) local=(0.23,-0.01,-5.70) wbirth=(-3.16,0.03,0.69) ref=(-3.00,0.00) leader=(0.00,0.00) fallbacks=0
[mpc_node-8] [INFO] [1783591602.150991225] [px4_6.mpc_node_6]: [d6] solve: status=0 time=0.19ms cost=0.0 pos=(-3.09,3.03,-5.02) local=(0.00,0.09,-5.34) wbirth=(-3.09,2.93,0.33) ref=(-3.00,3.00) leader=(0.00,0.00) fallbacks=0
[mpc_node-10] [INFO] [1783591602.161276217] [px4_8.mpc_node_8]: [d8] solve: status=0 time=0.20ms cost=0.1 pos=(-3.21,-3.01,-5.03) local=(-0.03,-0.11,-5.40) wbirth=(-3.18,-2.90,0.37) ref=(-3.00,-3.00) leader=(0.00,0.00) fallbacks=0
[mpc_node-7] [INFO] [1783591602.196282712] [px4_5.mpc_node_5]: [d5] solve: status=0 time=0.23ms cost=0.0 pos=(2.94,2.95,-4.96) local=(0.01,0.09,-5.74) wbirth=(2.93,2.86,0.77) ref=(3.00,3.00) leader=(0.00,0.00) fallbacks=0
[mpc_node-9] [INFO] [1783591602.197013331] [px4_7.mpc_node_7]: [d7] solve: status=0 time=0.18ms cost=0.0 pos=(3.04,-3.04,-4.96) local=(0.14,-0.11,-5.31) wbirth=(2.90,-2.93,0.36) ref=(3.00,-3.00) leader=(0.00,0.00) fallbacks=0
[mpc_node-5] [INFO] [1783591602.200787820] [px4_3.mpc_node_3]: [d3] solve: status=0 time=0.18ms cost=0.1 pos=(2.83,0.10,-5.04) local=(-0.10,0.02,-4.87) wbirth=(2.93,0.07,-0.17) ref=(3.00,0.00) leader=(0.00,0.00) fallbacks=0
[mpc_node-3] [INFO] [1783591602.230632390] [px4_1.mpc_node_1]: [d1] solve: status=0 time=0.18ms cost=0.0 pos=(-0.01,3.02,-4.99) local=(-0.07,0.15,-5.36) wbirth=(0.05,2.87,0.36) ref=(0.00,3.00) leader=(0.00,0.00) fallbacks=0
[mpc_node-2] [INFO] [1783591602.236679570] [px4_0.mpc_node_0]: [d0] solve: status=0 time=0.18ms cost=0.0 pos=(0.01,0.07,-5.03) local=(0.03,-0.27,-5.03) wbirth=(-0.02,0.34,0.00) ref=(0.00,0.00) leader=(0.00,0.00) fallbacks=0
[mpc_node-4] [INFO] [1783591602.254432749] [px4_2.mpc_node_2]: [d2] solve: status=0 time=0.15ms cost=0.0 pos=(0.03,-3.01,-4.96) local=(-0.35,-0.15,-5.24) wbirth=(0.38,-2.86,0.28) ref=(0.00,-3.00) leader=(0.00,0.00) fallbacks=0
[mpc_node-6] [INFO] [1783591602.309021426] [px4_4.mpc_node_4]: [d4] solve: status=0 time=0.16ms cost=0.0 pos=(-2.96,0.00,-4.98) local=(0.20,-0.03,-5.67) wbirth=(-3.16,0.03,0.69) ref=(-3.00,0.00) leader=(0.00,0.00) fallbacks=0
[mpc_node-8] [INFO] [1783591603.149237881] [px4_6.mpc_node_6]: [d6] solve: status=0 time=0.16ms cost=0.0 pos=(-3.11,2.98,-5.01) local=(-0.02,0.04,-5.33) wbirth=(-3.09,2.93,0.33) ref=(-3.00,3.00) leader=(0.00,0.00) fallbacks=0
[mpc_node-10] [INFO] [1783591603.160278149] [px4_8.mpc_node_8]: [d8] solve: status=0 time=0.18ms cost=0.0 pos=(-3.09,-3.05,-5.01) local=(0.09,-0.15,-5.39) wbirth=(-3.18,-2.90,0.37) ref=(-3.00,-3.00) leader=(0.00,0.00) fallbacks=0
[mpc_node-7] [INFO] [1783591603.193675872] [px4_5.mpc_node_5]: [d5] solve: status=0 time=0.18ms cost=0.0 pos=(2.94,3.06,-5.01) local=(0.02,0.19,-5.79) wbirth=(2.93,2.86,0.77) ref=(3.00,3.00) leader=(0.00,0.00) fallbacks=0
[mpc_node-9] [INFO] [1783591603.198039604] [px4_7.mpc_node_7]: [d7] solve: status=0 time=0.17ms cost=0.0 pos=(2.97,-2.98,-4.99) local=(0.07,-0.04,-5.35) wbirth=(2.90,-2.93,0.36) ref=(3.00,-3.00) leader=(0.00,0.00) fallbacks=0
[mpc_node-5] [INFO] [1783591603.200840704] [px4_3.mpc_node_3]: [d3] solve: status=0 time=0.18ms cost=0.1 pos=(2.84,0.11,-5.04) local=(-0.08,0.03,-4.88) wbirth=(2.93,0.07,-0.17) ref=(3.00,0.00) leader=(0.00,0.00) fallbacks=0
[mpc_node-3] [INFO] [1783591603.230235338] [px4_1.mpc_node_1]: [d1] solve: status=0 time=0.17ms cost=0.0 pos=(-0.10,3.00,-5.07) local=(-0.15,0.13,-5.43) wbirth=(0.05,2.87,0.36) ref=(0.00,3.00) leader=(0.00,0.00) fallbacks=0
[mpc_node-2] [INFO] [1783591603.238749935] [px4_0.mpc_node_0]: [d0] solve: status=0 time=0.17ms cost=0.0 pos=(0.10,0.01,-5.00) local=(0.12,-0.33,-5.00) wbirth=(-0.02,0.34,0.00) ref=(0.00,0.00) leader=(0.00,0.00) fallbacks=0
[mpc_node-4] [INFO] [1783591603.253356463] [px4_2.mpc_node_2]: [d2] solve: status=0 time=0.15ms cost=0.0 pos=(0.02,-3.03,-5.02) local=(-0.36,-0.17,-5.30) wbirth=(0.38,-2.86,0.28) ref=(0.00,-3.00) leader=(0.00,0.00) fallbacks=0
[mpc_node-6] [INFO] [1783591603.309626793] [px4_4.mpc_node_4]: [d4] solve: status=0 time=0.19ms cost=0.0 pos=(-2.97,-0.02,-5.01) local=(0.19,-0.04,-5.69) wbirth=(-3.16,0.03,0.69) ref=(-3.00,0.00) leader=(0.00,0.00) fallbacks=0
[mpc_node-8] [INFO] [1783591604.150115455] [px4_6.mpc_node_6]: [d6] solve: status=0 time=0.16ms cost=0.0 pos=(-3.05,2.99,-5.01) local=(0.04,0.05,-5.33) wbirth=(-3.09,2.93,0.33) ref=(-3.00,3.00) leader=(0.00,0.00) fallbacks=0
[mpc_node-10] [INFO] [1783591604.160210470] [px4_8.mpc_node_8]: [d8] solve: status=0 time=0.18ms cost=0.0 pos=(-2.93,-3.03,-5.00) local=(0.25,-0.13,-5.37) wbirth=(-3.18,-2.90,0.37) ref=(-3.00,-3.00) leader=(0.00,0.00) fallbacks=0
[mpc_node-7] [INFO] [1783591604.193559446] [px4_5.mpc_node_5]: [d5] solve: status=0 time=0.18ms cost=0.0 pos=(2.99,3.05,-5.02) local=(0.07,0.19,-5.79) wbirth=(2.93,2.86,0.77) ref=(3.00,3.00) leader=(0.00,0.00) fallbacks=0
[mpc_node-9] [INFO] [1783591604.197880689] [px4_7.mpc_node_7]: [d7] solve: status=0 time=0.15ms cost=0.0 pos=(2.96,-2.95,-4.99) local=(0.06,-0.02,-5.35) wbirth=(2.90,-2.93,0.36) ref=(3.00,-3.00) leader=(0.00,0.00) fallbacks=0
[mpc_node-5] [INFO] [1783591604.200350739] [px4_3.mpc_node_3]: [d3] solve: status=0 time=0.18ms cost=0.0 pos=(2.89,0.06,-5.03) local=(-0.04,-0.02,-4.86) wbirth=(2.93,0.07,-0.17) ref=(3.00,0.00) leader=(0.00,0.00) fallbacks=0
[mpc_node-3] [INFO] [1783591604.229718121] [px4_1.mpc_node_1]: [d1] solve: status=0 time=0.15ms cost=0.0 pos=(-0.06,2.99,-5.06) local=(-0.11,0.12,-5.42) wbirth=(0.05,2.87,0.36) ref=(0.00,3.00) leader=(0.00,0.00) fallbacks=0
[mpc_node-2] [INFO] [1783591604.237735803] [px4_0.mpc_node_0]: [d0] solve: status=0 time=0.16ms cost=0.1 pos=(0.14,-0.02,-5.02) local=(0.16,-0.36,-5.02) wbirth=(-0.02,0.34,0.00) ref=(0.00,0.00) leader=(0.00,0.00) fallbacks=0
[mpc_node-4] [INFO] [1783591604.254569022] [px4_2.mpc_node_2]: [d2] solve: status=0 time=0.21ms cost=0.0 pos=(0.01,-3.02,-4.97) local=(-0.37,-0.16,-5.25) wbirth=(0.38,-2.86,0.28) ref=(0.00,-3.00) leader=(0.00,0.00) fallbacks=0
[mpc_node-6] [INFO] [1783591604.309654817] [px4_4.mpc_node_4]: [d4] solve: status=0 time=0.27ms cost=0.0 pos=(-3.07,0.01,-5.03) local=(0.09,-0.02,-5.72) wbirth=(-3.16,0.03,0.69) ref=(-3.00,0.00) leader=(0.00,0.00) fallbacks=0
[mpc_node-8] [INFO] [1783591605.151126024] [px4_6.mpc_node_6]: [d6] solve: status=0 time=0.15ms cost=0.0 pos=(-3.02,2.99,-4.93) local=(0.07,0.06,-5.26) wbirth=(-3.09,2.93,0.33) ref=(-3.00,3.00) leader=(0.00,0.00) fallbacks=0
[mpc_node-10] [INFO] [1783591605.159514786] [px4_8.mpc_node_8]: [d8] solve: status=0 time=0.15ms cost=0.0 pos=(-2.91,-3.01,-4.98) local=(0.27,-0.11,-5.36) wbirth=(-3.18,-2.90,0.37) ref=(-3.00,-3.00) leader=(0.00,0.00) fallbacks=0
[mpc_node-7] [INFO] [1783591605.193367592] [px4_5.mpc_node_5]: [d5] solve: status=0 time=0.17ms cost=0.0 pos=(2.91,3.03,-5.06) local=(-0.02,0.17,-5.83) wbirth=(2.93,2.86,0.77) ref=(3.00,3.00) leader=(0.00,0.00) fallbacks=0
[mpc_node-9] [INFO] [1783591605.198516283] [px4_7.mpc_node_7]: [d7] solve: status=0 time=0.17ms cost=0.0 pos=(3.01,-2.93,-4.99) local=(0.11,-0.00,-5.34) wbirth=(2.90,-2.93,0.36) ref=(3.00,-3.00) leader=(0.00,0.00) fallbacks=0
[mpc_node-5] [INFO] [1783591605.201908380] [px4_3.mpc_node_3]: [d3] solve: status=0 time=0.17ms cost=0.0 pos=(3.04,-0.06,-5.04) local=(0.11,-0.13,-4.87) wbirth=(2.93,0.07,-0.17) ref=(3.00,0.00) leader=(0.00,0.00) fallbacks=0
[mpc_node-3] [INFO] [1783591605.235821404] [px4_1.mpc_node_1]: [d1] solve: status=0 time=0.15ms cost=0.0 pos=(-0.03,2.98,-5.04) local=(-0.08,0.11,-5.40) wbirth=(0.05,2.87,0.36) ref=(0.00,3.00) leader=(0.00,0.00) fallbacks=0
[mpc_node-2] [INFO] [1783591605.235990078] [px4_0.mpc_node_0]: [d0] solve: status=0 time=0.21ms cost=0.0 pos=(0.09,-0.03,-5.01) local=(0.11,-0.36,-5.01) wbirth=(-0.02,0.34,0.00) ref=(0.00,0.00) leader=(0.00,0.00) fallbacks=0
[mpc_node-4] [INFO] [1783591605.255087833] [px4_2.mpc_node_2]: [d2] solve: status=0 time=0.16ms cost=0.0 pos=(0.01,-3.00,-5.00) local=(-0.37,-0.13,-5.28) wbirth=(0.38,-2.86,0.28) ref=(0.00,-3.00) leader=(0.00,0.00) fallbacks=0
[mpc_node-6] [INFO] [1783591605.312073718] [px4_4.mpc_node_4]: [d4] solve: status=0 time=0.21ms cost=0.0 pos=(-3.10,-0.03,-5.08) local=(0.06,-0.06,-5.76) wbirth=(-3.16,0.03,0.69) ref=(-3.00,0.00) leader=(0.00,0.00) fallbacks=0
[mpc_node-8] [INFO] [1783591606.151313953] [px4_6.mpc_node_6]: [d6] solve: status=0 time=0.15ms cost=0.0 pos=(-3.02,3.00,-4.92) local=(0.07,0.07,-5.24) wbirth=(-3.09,2.93,0.33) ref=(-3.00,3.00) leader=(0.00,0.00) fallbacks=0
[mpc_node-10] [INFO] [1783591606.159490186] [px4_8.mpc_node_8]: [d8] solve: status=0 time=0.15ms cost=0.0 pos=(-2.89,-3.03,-4.99) local=(0.30,-0.13,-5.36) wbirth=(-3.18,-2.90,0.37) ref=(-3.00,-3.00) leader=(0.00,0.00) fallbacks=0
[mpc_node-7] [INFO] [1783591606.194883438] [px4_5.mpc_node_5]: [d5] solve: status=0 time=0.18ms cost=0.0 pos=(2.99,3.01,-5.01) local=(0.06,0.15,-5.79) wbirth=(2.93,2.86,0.77) ref=(3.00,3.00) leader=(0.00,0.00) fallbacks=0
[mpc_node-9] [INFO] [1783591606.197993933] [px4_7.mpc_node_7]: [d7] solve: status=0 time=0.15ms cost=0.0 pos=(2.96,-2.95,-5.05) local=(0.06,-0.02,-5.41) wbirth=(2.90,-2.93,0.36) ref=(3.00,-3.00) leader=(0.00,0.00) fallbacks=0
[mpc_node-5] [INFO] [1783591606.199761315] [px4_3.mpc_node_3]: [d3] solve: status=0 time=0.15ms cost=0.0 pos=(3.11,-0.07,-5.06) local=(0.18,-0.14,-4.89) wbirth=(2.93,0.07,-0.17) ref=(3.00,0.00) leader=(0.00,0.00) fallbacks=0
[mpc_node-3] [INFO] [1783591606.232108273] [px4_1.mpc_node_1]: [d1] solve: status=0 time=0.19ms cost=0.0 pos=(0.06,2.96,-5.01) local=(0.01,0.09,-5.37) wbirth=(0.05,2.87,0.36) ref=(0.00,3.00) leader=(0.00,0.00) fallbacks=0
[mpc_node-2] [INFO] [1783591606.237514327] [px4_0.mpc_node_0]: [d0] solve: status=0 time=0.18ms cost=0.0 pos=(-0.03,-0.05,-5.00) local=(-0.01,-0.39,-5.00) wbirth=(-0.02,0.34,0.00) ref=(0.00,0.00) leader=(0.00,0.00) fallbacks=0
[mpc_node-4] [INFO] [1783591606.251972194] [px4_2.mpc_node_2]: [d2] solve: status=0 time=0.18ms cost=0.0 pos=(-0.11,-3.02,-5.01) local=(-0.49,-0.16,-5.29) wbirth=(0.38,-2.86,0.28) ref=(0.00,-3.00) leader=(0.00,0.00) fallbacks=0
[mpc_node-6] [INFO] [1783591606.308719593] [px4_4.mpc_node_4]: [d4] solve: status=0 time=0.20ms cost=0.0 pos=(-3.11,-0.02,-5.00) local=(0.05,-0.05,-5.69) wbirth=(-3.16,0.03,0.69) ref=(-3.00,0.00) leader=(0.00,0.00) fallbacks=0
[mpc_node-8] [INFO] [1783591607.149339212] [px4_6.mpc_node_6]: [d6] solve: status=0 time=0.25ms cost=0.0 pos=(-2.93,2.98,-4.96) local=(0.16,0.05,-5.29) wbirth=(-3.09,2.93,0.33) ref=(-3.00,3.00) leader=(0.00,0.00) fallbacks=0
[mpc_node-10] [INFO] [1783591607.159769822] [px4_8.mpc_node_8]: [d8] solve: status=0 time=0.14ms cost=0.0 pos=(-2.88,-3.05,-4.98) local=(0.30,-0.14,-5.36) wbirth=(-3.18,-2.90,0.37) ref=(-3.00,-3.00) leader=(0.00,0.00) fallbacks=0
[mpc_node-7] [INFO] [1783591607.191927557] [px4_5.mpc_node_5]: [d5] solve: status=0 time=0.17ms cost=0.0 pos=(2.98,3.01,-5.00) local=(0.05,0.15,-5.77) wbirth=(2.93,2.86,0.77) ref=(3.00,3.00) leader=(0.00,0.00) fallbacks=0
[mpc_node-9] [INFO] [1783591607.197137760] [px4_7.mpc_node_7]: [d7] solve: status=0 time=0.17ms cost=0.0 pos=(2.91,-2.97,-5.02) local=(0.01,-0.04,-5.37) wbirth=(2.90,-2.93,0.36) ref=(3.00,-3.00) leader=(0.00,0.00) fallbacks=0
[mpc_node-5] [INFO] [1783591607.200415105] [px4_3.mpc_node_3]: [d3] solve: status=0 time=0.23ms cost=0.0 pos=(3.08,-0.09,-4.96) local=(0.15,-0.17,-4.80) wbirth=(2.93,0.07,-0.17) ref=(3.00,0.00) leader=(0.00,0.00) fallbacks=0
[mpc_node-3] [INFO] [1783591607.234786416] [px4_1.mpc_node_1]: [d1] solve: status=0 time=0.15ms cost=0.0 pos=(0.05,2.95,-5.00) local=(0.00,0.09,-5.36) wbirth=(0.05,2.87,0.36) ref=(0.00,3.00) leader=(0.00,0.00) fallbacks=0
[mpc_node-2] [INFO] [1783591607.236449495] [px4_0.mpc_node_0]: [d0] solve: status=0 time=0.19ms cost=0.0 pos=(-0.12,-0.06,-5.00) local=(-0.10,-0.40,-5.00) wbirth=(-0.02,0.34,0.00) ref=(0.00,0.00) leader=(0.00,0.00) fallbacks=0
[mpc_node-4] [INFO] [1783591607.255751273] [px4_2.mpc_node_2]: [d2] solve: status=0 time=0.21ms cost=0.0 pos=(-0.06,-3.02,-5.00) local=(-0.44,-0.15,-5.28) wbirth=(0.38,-2.86,0.28) ref=(0.00,-3.00) leader=(0.00,0.00) fallbacks=0
[mpc_node-6] [INFO] [1783591607.308522395] [px4_4.mpc_node_4]: [d4] solve: status=0 time=0.16ms cost=0.0 pos=(-3.04,0.04,-4.99) local=(0.12,0.01,-5.68) wbirth=(-3.16,0.03,0.69) ref=(-3.00,0.00) leader=(0.00,0.00) fallbacks=0
[mpc_node-8] [INFO] [1783591608.150867125] [px4_6.mpc_node_6]: [d6] solve: status=0 time=0.21ms cost=0.0 pos=(-2.95,3.01,-4.99) local=(0.14,0.07,-5.32) wbirth=(-3.09,2.93,0.33) ref=(-3.00,3.00) leader=(0.00,0.00) fallbacks=0
[mpc_node-10] [INFO] [1783591608.160705719] [px4_8.mpc_node_8]: [d8] solve: status=0 time=0.22ms cost=0.0 pos=(-2.92,-2.95,-5.06) local=(0.27,-0.05,-5.44) wbirth=(-3.18,-2.90,0.37) ref=(-3.00,-3.00) leader=(0.00,0.00) fallbacks=0
[mpc_node-7] [INFO] [1783591608.192193097] [px4_5.mpc_node_5]: [d5] solve: status=0 time=0.15ms cost=0.0 pos=(2.96,2.99,-5.00) local=(0.04,0.13,-5.77) wbirth=(2.93,2.86,0.77) ref=(3.00,3.00) leader=(0.00,0.00) fallbacks=0
[mpc_node-9] [INFO] [1783591608.197782216] [px4_7.mpc_node_7]: [d7] solve: status=0 time=0.20ms cost=0.0 pos=(2.96,-3.01,-4.97) local=(0.06,-0.08,-5.33) wbirth=(2.90,-2.93,0.36) ref=(3.00,-3.00) leader=(0.00,0.00) fallbacks=0
[mpc_node-5] [INFO] [1783591608.200165914] [px4_3.mpc_node_3]: [d3] solve: status=0 time=0.17ms cost=0.0 pos=(2.99,-0.03,-4.98) local=(0.06,-0.11,-4.81) wbirth=(2.93,0.07,-0.17) ref=(3.00,0.00) leader=(0.00,0.00) fallbacks=0
[mpc_node-3] [INFO] [1783591608.229879618] [px4_1.mpc_node_1]: [d1] solve: status=0 time=0.18ms cost=0.0 pos=(-0.03,2.99,-4.98) local=(-0.08,0.12,-5.34) wbirth=(0.05,2.87,0.36) ref=(0.00,3.00) leader=(0.00,0.00) fallbacks=0
[mpc_node-2] [INFO] [1783591608.235591961] [px4_0.mpc_node_0]: [d0] solve: status=0 time=0.19ms cost=0.1 pos=(-0.17,0.01,-4.91) local=(-0.15,-0.33,-4.91) wbirth=(-0.02,0.34,0.00) ref=(0.00,0.00) leader=(0.00,0.00) fallbacks=0
[mpc_node-4] [INFO] [1783591608.255089374] [px4_2.mpc_node_2]: [d2] solve: status=0 time=0.20ms cost=0.0 pos=(-0.02,-3.02,-5.00) local=(-0.40,-0.16,-5.28) wbirth=(0.38,-2.86,0.28) ref=(0.00,-3.00) leader=(0.00,0.00) fallbacks=0
[mpc_node-6] [INFO] [1783591608.310350069] [px4_4.mpc_node_4]: [d4] solve: status=0 time=0.20ms cost=0.0 pos=(-2.98,0.04,-5.00) local=(0.18,0.01,-5.69) wbirth=(-3.16,0.03,0.69) ref=(-3.00,0.00) leader=(0.00,0.00) fallbacks=0
[mpc_node-8] [INFO] [1783591609.149172566] [px4_6.mpc_node_6]: [d6] solve: status=0 time=0.15ms cost=0.0 pos=(-3.02,3.06,-5.04) local=(0.07,0.13,-5.37) wbirth=(-3.09,2.93,0.33) ref=(-3.00,3.00) leader=(0.00,0.00) fallbacks=0
[mpc_node-10] [INFO] [1783591609.160027475] [px4_8.mpc_node_8]: [d8] solve: status=0 time=0.15ms cost=0.0 pos=(-2.95,-2.92,-5.03) local=(0.23,-0.02,-5.41) wbirth=(-3.18,-2.90,0.37) ref=(-3.00,-3.00) leader=(0.00,0.00) fallbacks=0
[mpc_node-7] [INFO] [1783591609.192306151] [px4_5.mpc_node_5]: [d5] solve: status=0 time=0.20ms cost=0.0 pos=(3.05,2.96,-4.96) local=(0.12,0.10,-5.74) wbirth=(2.93,2.86,0.77) ref=(3.00,3.00) leader=(0.00,0.00) fallbacks=0
[mpc_node-9] [INFO] [1783591609.200051110] [px4_7.mpc_node_7]: [d7] solve: status=0 time=0.15ms cost=0.0 pos=(3.07,-3.02,-4.94) local=(0.17,-0.09,-5.30) wbirth=(2.90,-2.93,0.36) ref=(3.00,-3.00) leader=(0.00,0.00) fallbacks=0
[mpc_node-5] [INFO] [1783591609.200284010] [px4_3.mpc_node_3]: [d3] solve: status=0 time=0.15ms cost=0.0 pos=(3.00,-0.01,-4.99) local=(0.07,-0.09,-4.83) wbirth=(2.93,0.07,-0.17) ref=(3.00,0.00) leader=(0.00,0.00) fallbacks=0
[mpc_node-3] [INFO] [1783591609.232023697] [px4_1.mpc_node_1]: [d1] solve: status=0 time=0.16ms cost=0.0 pos=(-0.06,3.02,-4.97) local=(-0.12,0.15,-5.33) wbirth=(0.05,2.87,0.36) ref=(0.00,3.00) leader=(0.00,0.00) fallbacks=0
[mpc_node-2] [INFO] [1783591609.236761459] [px4_0.mpc_node_0]: [d0] solve: status=0 time=0.16ms cost=0.0 pos=(-0.10,0.06,-4.97) local=(-0.08,-0.27,-4.97) wbirth=(-0.02,0.34,0.00) ref=(0.00,0.00) leader=(0.00,0.00) fallbacks=0
[mpc_node-4] [INFO] [1783591609.251868552] [px4_2.mpc_node_2]: [d2] solve: status=0 time=0.17ms cost=0.0 pos=(0.08,-3.01,-5.00) local=(-0.30,-0.15,-5.28) wbirth=(0.38,-2.86,0.28) ref=(0.00,-3.00) leader=(0.00,0.00) fallbacks=0
[mpc_node-6] [INFO] [1783591609.308632764] [px4_4.mpc_node_4]: [d4] solve: status=0 time=0.19ms cost=0.0 pos=(-2.96,0.05,-4.99) local=(0.20,0.02,-5.68) wbirth=(-3.16,0.03,0.69) ref=(-3.00,0.00) leader=(0.00,0.00) fallbacks=0
[mpc_node-8] [INFO] [1783591610.149020232] [px4_6.mpc_node_6]: [d6] solve: status=0 time=0.16ms cost=0.0 pos=(-3.00,3.00,-5.06) local=(0.09,0.06,-5.39) wbirth=(-3.09,2.93,0.33) ref=(-3.00,3.00) leader=(0.00,0.00) fallbacks=0
[mpc_node-10] [INFO] [1783591610.160152534] [px4_8.mpc_node_8]: [d8] solve: status=0 time=0.18ms cost=0.0 pos=(-2.99,-2.93,-5.02) local=(0.19,-0.03,-5.40) wbirth=(-3.18,-2.90,0.37) ref=(-3.00,-3.00) leader=(0.00,0.00) fallbacks=0
[mpc_node-7] [INFO] [1783591610.193905271] [px4_5.mpc_node_5]: [d5] solve: status=0 time=0.20ms cost=0.0 pos=(3.11,2.96,-5.05) local=(0.19,0.09,-5.82) wbirth=(2.93,2.86,0.77) ref=(3.00,3.00) leader=(0.00,0.00) fallbacks=0
[mpc_node-9] [INFO] [1783591610.196922543] [px4_7.mpc_node_7]: [d7] solve: status=0 time=0.15ms cost=0.0 pos=(3.09,-3.05,-5.00) local=(0.19,-0.12,-5.36) wbirth=(2.90,-2.93,0.36) ref=(3.00,-3.00) leader=(0.00,0.00) fallbacks=0
[mpc_node-5] [INFO] [1783591610.200695866] [px4_3.mpc_node_3]: [d3] solve: status=0 time=0.18ms cost=0.0 pos=(3.02,-0.00,-4.95) local=(0.10,-0.08,-4.79) wbirth=(2.93,0.07,-0.17) ref=(3.00,0.00) leader=(0.00,0.00) fallbacks=0
[mpc_node-3] [INFO] [1783591610.230528393] [px4_1.mpc_node_1]: [d1] solve: status=0 time=0.17ms cost=0.0 pos=(-0.07,3.03,-4.99) local=(-0.13,0.16,-5.35) wbirth=(0.05,2.87,0.36) ref=(0.00,3.00) leader=(0.00,0.00) fallbacks=0
[mpc_node-2] [INFO] [1783591610.236536181] [px4_0.mpc_node_0]: [d0] solve: status=0 time=0.15ms cost=0.0 pos=(0.03,0.06,-4.92) local=(0.05,-0.28,-4.92) wbirth=(-0.02,0.34,0.00) ref=(0.00,0.00) leader=(0.00,0.00) fallbacks=0
[mpc_node-4] [INFO] [1783591610.255191436] [px4_2.mpc_node_2]: [d2] solve: status=0 time=0.21ms cost=0.0 pos=(0.09,-3.04,-5.07) local=(-0.29,-0.17,-5.35) wbirth=(0.38,-2.86,0.28) ref=(0.00,-3.00) leader=(0.00,0.00) fallbacks=0
[mpc_node-6] [INFO] [1783591610.310060622] [px4_4.mpc_node_4]: [d4] solve: status=0 time=0.17ms cost=0.0 pos=(-2.92,0.00,-4.99) local=(0.24,-0.03,-5.68) wbirth=(-3.16,0.03,0.69) ref=(-3.00,0.00) leader=(0.00,0.00) fallbacks=0
[mpc_node-8] [INFO] [1783591611.149724872] [px4_6.mpc_node_6]: [d6] solve: status=0 time=0.15ms cost=0.0 pos=(-3.04,2.96,-4.96) local=(0.05,0.03,-5.28) wbirth=(-3.09,2.93,0.33) ref=(-3.00,3.00) leader=(0.00,0.00) fallbacks=0
[mpc_node-10] [INFO] [1783591611.161270727] [px4_8.mpc_node_8]: [d8] solve: status=0 time=0.20ms cost=0.0 pos=(-3.06,-2.94,-4.97) local=(0.12,-0.04,-5.34) wbirth=(-3.18,-2.90,0.37) ref=(-3.00,-3.00) leader=(0.00,0.00) fallbacks=0
[mpc_node-7] [INFO] [1783591611.194936377] [px4_5.mpc_node_5]: [d5] solve: status=0 time=0.23ms cost=0.0 pos=(3.08,3.02,-5.06) local=(0.15,0.16,-5.83) wbirth=(2.93,2.86,0.77) ref=(3.00,3.00) leader=(0.00,0.00) fallbacks=0
[mpc_node-9] [INFO] [1783591611.197583975] [px4_7.mpc_node_7]: [d7] solve: status=0 time=0.18ms cost=0.0 pos=(3.07,-3.03,-5.05) local=(0.17,-0.10,-5.41) wbirth=(2.90,-2.93,0.36) ref=(3.00,-3.00) leader=(0.00,0.00) fallbacks=0
[mpc_node-5] [INFO] [1783591611.201901274] [px4_3.mpc_node_3]: [d3] solve: status=0 time=0.18ms cost=0.0 pos=(3.06,0.03,-5.00) local=(0.13,-0.04,-4.83) wbirth=(2.93,0.07,-0.17) ref=(3.00,0.00) leader=(0.00,0.00) fallbacks=0
[mpc_node-3] [INFO] [1783591611.230628153] [px4_1.mpc_node_1]: [d1] solve: status=0 time=0.15ms cost=0.0 pos=(0.02,3.00,-5.01) local=(-0.04,0.13,-5.37) wbirth=(0.05,2.87,0.36) ref=(0.00,3.00) leader=(0.00,0.00) fallbacks=0
[mpc_node-2] [INFO] [1783591611.235176902] [px4_0.mpc_node_0]: [d0] solve: status=0 time=0.15ms cost=0.0 pos=(0.09,0.03,-5.00) local=(0.11,-0.30,-5.00) wbirth=(-0.02,0.34,0.00) ref=(0.00,0.00) leader=(0.00,0.00) fallbacks=0
[mpc_node-4] [INFO] [1783591611.253557283] [px4_2.mpc_node_2]: [d2] solve: status=0 time=0.18ms cost=0.0 pos=(0.12,-2.97,-5.02) local=(-0.26,-0.11,-5.30) wbirth=(0.38,-2.86,0.28) ref=(0.00,-3.00) leader=(0.00,0.00) fallbacks=0
[mpc_node-6] [INFO] [1783591611.313601309] [px4_4.mpc_node_4]: [d4] solve: status=0 time=0.15ms cost=0.0 pos=(-2.87,-0.01,-5.00) local=(0.29,-0.04,-5.69) wbirth=(-3.16,0.03,0.69) ref=(-3.00,0.00) leader=(0.00,0.00) fallbacks=0
[mpc_node-8] [INFO] [1783591612.149832802] [px4_6.mpc_node_6]: [d6] solve: status=0 time=0.18ms cost=0.0 pos=(-3.01,2.98,-5.03) local=(0.07,0.04,-5.36) wbirth=(-3.09,2.93,0.33) ref=(-3.00,3.00) leader=(0.00,0.00) fallbacks=0
[mpc_node-10] [INFO] [1783591612.160165790] [px4_8.mpc_node_8]: [d8] solve: status=0 time=0.20ms cost=0.0 pos=(-3.06,-2.98,-4.97) local=(0.12,-0.08,-5.35) wbirth=(-3.18,-2.90,0.37) ref=(-3.00,-3.00) leader=(0.00,0.00) fallbacks=0
[mpc_node-7] [INFO] [1783591612.194454613] [px4_5.mpc_node_5]: [d5] solve: status=0 time=0.17ms cost=0.0 pos=(3.07,3.03,-4.97) local=(0.14,0.17,-5.74) wbirth=(2.93,2.86,0.77) ref=(3.00,3.00) leader=(0.00,0.00) fallbacks=0
[mpc_node-9] [INFO] [1783591612.199265862] [px4_7.mpc_node_7]: [d7] solve: status=0 time=0.22ms cost=0.0 pos=(2.95,-3.02,-5.07) local=(0.05,-0.09,-5.43) wbirth=(2.90,-2.93,0.36) ref=(3.00,-3.00) leader=(0.00,0.00) fallbacks=0
[mpc_node-5] [INFO] [1783591612.199335867] [px4_3.mpc_node_3]: [d3] solve: status=0 time=0.14ms cost=0.0 pos=(3.02,0.00,-5.02) local=(0.10,-0.07,-4.85) wbirth=(2.93,0.07,-0.17) ref=(3.00,0.00) leader=(0.00,0.00) fallbacks=0
[mpc_node-3] [INFO] [1783591612.231904430] [px4_1.mpc_node_1]: [d1] solve: status=0 time=0.20ms cost=0.0 pos=(-0.01,2.99,-4.95) local=(-0.07,0.12,-5.31) wbirth=(0.05,2.87,0.36) ref=(0.00,3.00) leader=(0.00,0.00) fallbacks=0
[mpc_node-2] [INFO] [1783591612.235170473] [px4_0.mpc_node_0]: [d0] solve: status=0 time=0.16ms cost=0.1 pos=(0.16,0.01,-5.03) local=(0.18,-0.33,-5.03) wbirth=(-0.02,0.34,0.00) ref=(0.00,0.00) leader=(0.00,0.00) fallbacks=0
[mpc_node-4] [INFO] [1783591612.252234252] [px4_2.mpc_node_2]: [d2] solve: status=0 time=0.17ms cost=0.0 pos=(0.04,-2.94,-4.98) local=(-0.34,-0.07,-5.26) wbirth=(0.38,-2.86,0.28) ref=(0.00,-3.00) leader=(0.00,0.00) fallbacks=0
[mpc_node-6] [INFO] [1783591612.309436165] [px4_4.mpc_node_4]: [d4] solve: status=0 time=0.16ms cost=0.0 pos=(-2.88,-0.02,-5.04) local=(0.28,-0.05,-5.73) wbirth=(-3.16,0.03,0.69) ref=(-3.00,0.00) leader=(0.00,0.00) fallbacks=0
[mpc_node-8] [INFO] [1783591613.151316247] [px4_6.mpc_node_6]: [d6] solve: status=0 time=0.17ms cost=0.0 pos=(-2.99,2.99,-5.00) local=(0.10,0.05,-5.33) wbirth=(-3.09,2.93,0.33) ref=(-3.00,3.00) leader=(0.00,0.00) fallbacks=0
[mpc_node-10] [INFO] [1783591613.159672936] [px4_8.mpc_node_8]: [d8] solve: status=0 time=0.15ms cost=0.0 pos=(-3.08,-3.05,-4.95) local=(0.10,-0.15,-5.33) wbirth=(-3.18,-2.90,0.37) ref=(-3.00,-3.00) leader=(0.00,0.00) fallbacks=0
[mpc_node-7] [INFO] [1783591613.194923387] [px4_5.mpc_node_5]: [d5] solve: status=0 time=0.18ms cost=0.0 pos=(3.00,3.06,-4.98) local=(0.07,0.20,-5.75) wbirth=(2.93,2.86,0.77) ref=(3.00,3.00) leader=(0.00,0.00) fallbacks=0
[mpc_node-9] [INFO] [1783591613.197894340] [px4_7.mpc_node_7]: [d7] solve: status=0 time=0.17ms cost=0.0 pos=(2.92,-2.98,-5.05) local=(0.02,-0.05,-5.41) wbirth=(2.90,-2.93,0.36) ref=(3.00,-3.00) leader=(0.00,0.00) fallbacks=0
[mpc_node-5] [INFO] [1783591613.200006721] [px4_3.mpc_node_3]: [d3] solve: status=0 time=0.17ms cost=0.0 pos=(3.01,0.10,-4.99) local=(0.09,0.03,-4.82) wbirth=(2.93,0.07,-0.17) ref=(3.00,0.00) leader=(0.00,0.00) fallbacks=0
[mpc_node-3] [INFO] [1783591613.230709404] [px4_1.mpc_node_1]: [d1] solve: status=0 time=0.18ms cost=0.0 pos=(0.07,3.03,-5.03) local=(0.02,0.16,-5.39) wbirth=(0.05,2.87,0.36) ref=(0.00,3.00) leader=(0.00,0.00) fallbacks=0
[mpc_node-2] [INFO] [1783591613.238120151] [px4_0.mpc_node_0]: [d0] solve: status=0 time=0.16ms cost=0.0 pos=(0.14,0.03,-5.03) local=(0.16,-0.31,-5.03) wbirth=(-0.02,0.34,0.00) ref=(0.00,0.00) leader=(0.00,0.00) fallbacks=0
[mpc_node-4] [INFO] [1783591613.252259147] [px4_2.mpc_node_2]: [d2] solve: status=0 time=0.23ms cost=0.0 pos=(-0.05,-2.90,-4.98) local=(-0.43,-0.04,-5.26) wbirth=(0.38,-2.86,0.28) ref=(0.00,-3.00) leader=(0.00,0.00) fallbacks=0
[mpc_node-6] [INFO] [1783591613.309545624] [px4_4.mpc_node_4]: [d4] solve: status=0 time=0.19ms cost=0.0 pos=(-2.99,0.04,-4.97) local=(0.17,0.01,-5.66) wbirth=(-3.16,0.03,0.69) ref=(-3.00,0.00) leader=(0.00,0.00) fallbacks=0
[mpc_node-8] [INFO] [1783591614.150850479] [px4_6.mpc_node_6]: [d6] solve: status=0 time=0.15ms cost=0.0 pos=(-2.95,3.02,-5.04) local=(0.14,0.09,-5.37) wbirth=(-3.09,2.93,0.33) ref=(-3.00,3.00) leader=(0.00,0.00) fallbacks=0
[mpc_node-10] [INFO] [1783591614.159381239] [px4_8.mpc_node_8]: [d8] solve: status=0 time=0.15ms cost=0.0 pos=(-3.09,-3.09,-5.01) local=(0.10,-0.19,-5.38) wbirth=(-3.18,-2.90,0.37) ref=(-3.00,-3.00) leader=(0.00,0.00) fallbacks=0
[mpc_node-7] [INFO] [1783591614.194510818] [px4_5.mpc_node_5]: [d5] solve: status=0 time=0.17ms cost=0.0 pos=(2.92,3.03,-4.96) local=(-0.01,0.17,-5.74) wbirth=(2.93,2.86,0.77) ref=(3.00,3.00) leader=(0.00,0.00) fallbacks=0
[mpc_node-9] [INFO] [1783591614.197168071] [px4_7.mpc_node_7]: [d7] solve: status=0 time=0.18ms cost=0.0 pos=(2.98,-2.98,-5.00) local=(0.08,-0.05,-5.35) wbirth=(2.90,-2.93,0.36) ref=(3.00,-3.00) leader=(0.00,0.00) fallbacks=0
[mpc_node-5] [INFO] [1783591614.200452151] [px4_3.mpc_node_3]: [d3] solve: status=0 time=0.20ms cost=0.0 pos=(2.98,0.09,-5.00) local=(0.05,0.01,-4.83) wbirth=(2.93,0.07,-0.17) ref=(3.00,0.00) leader=(0.00,0.00) fallbacks=0
[mpc_node-3] [INFO] [1783591614.231484023] [px4_1.mpc_node_1]: [d1] solve: status=0 time=0.18ms cost=0.0 pos=(0.05,3.01,-5.04) local=(-0.00,0.14,-5.40) wbirth=(0.05,2.87,0.36) ref=(0.00,3.00) leader=(0.00,0.00) fallbacks=0
[mpc_node-2] [INFO] [1783591614.235886754] [px4_0.mpc_node_0]: [d0] solve: status=0 time=0.16ms cost=0.0 pos=(0.04,-0.01,-5.03) local=(0.06,-0.34,-5.03) wbirth=(-0.02,0.34,0.00) ref=(0.00,0.00) leader=(0.00,0.00) fallbacks=0
[mpc_node-4] [INFO] [1783591614.254899912] [px4_2.mpc_node_2]: [d2] solve: status=0 time=0.17ms cost=0.1 pos=(-0.15,-2.93,-4.95) local=(-0.53,-0.07,-5.23) wbirth=(0.38,-2.86,0.28) ref=(0.00,-3.00) leader=(0.00,0.00) fallbacks=0
[mpc_node-6] [INFO] [1783591614.308841541] [px4_4.mpc_node_4]: [d4] solve: status=0 time=0.19ms cost=0.0 pos=(-3.10,0.03,-5.03) local=(0.06,0.01,-5.72) wbirth=(-3.16,0.03,0.69) ref=(-3.00,0.00) leader=(0.00,0.00) fallbacks=0
[mpc_node-8] [INFO] [1783591615.151378577] [px4_6.mpc_node_6]: [d6] solve: status=0 time=0.18ms cost=0.0 pos=(-2.95,3.02,-5.02) local=(0.14,0.09,-5.34) wbirth=(-3.09,2.93,0.33) ref=(-3.00,3.00) leader=(0.00,0.00) fallbacks=0
[mpc_node-10] [INFO] [1783591615.159730414] [px4_8.mpc_node_8]: [d8] solve: status=0 time=0.20ms cost=0.0 pos=(-3.05,-3.13,-5.05) local=(0.13,-0.23,-5.42) wbirth=(-3.18,-2.90,0.37) ref=(-3.00,-3.00) leader=(0.00,0.00) fallbacks=0
[mpc_node-7] [INFO] [1783591615.195069594] [px4_5.mpc_node_5]: [d5] solve: status=0 time=0.18ms cost=0.0 pos=(2.88,2.99,-4.99) local=(-0.05,0.12,-5.77) wbirth=(2.93,2.86,0.77) ref=(3.00,3.00) leader=(0.00,0.00) fallbacks=0
[mpc_node-9] [INFO] [1783591615.197431580] [px4_7.mpc_node_7]: [d7] solve: status=0 time=0.21ms cost=0.0 pos=(3.03,-2.97,-4.98) local=(0.12,-0.04,-5.34) wbirth=(2.90,-2.93,0.36) ref=(3.00,-3.00) leader=(0.00,0.00) fallbacks=0
[mpc_node-5] [INFO] [1783591615.200244289] [px4_3.mpc_node_3]: [d3] solve: status=0 time=0.21ms cost=0.0 pos=(2.91,0.02,-5.02) local=(-0.02,-0.06,-4.85) wbirth=(2.93,0.07,-0.17) ref=(3.00,0.00) leader=(0.00,0.00) fallbacks=0
[mpc_node-3] [INFO] [1783591615.230450909] [px4_1.mpc_node_1]: [d1] solve: status=0 time=0.17ms cost=0.0 pos=(0.03,3.00,-5.04) local=(-0.03,0.13,-5.40) wbirth=(0.05,2.87,0.36) ref=(0.00,3.00) leader=(0.00,0.00) fallbacks=0
[mpc_node-2] [INFO] [1783591615.236650263] [px4_0.mpc_node_0]: [d0] solve: status=0 time=0.18ms cost=0.0 pos=(-0.09,-0.00,-4.98) local=(-0.07,-0.34,-4.98) wbirth=(-0.02,0.34,0.00) ref=(0.00,0.00) leader=(0.00,0.00) fallbacks=0
[mpc_node-4] [INFO] [1783591615.254326483] [px4_2.mpc_node_2]: [d2] solve: status=0 time=0.20ms cost=0.0 pos=(-0.14,-3.00,-5.01) local=(-0.52,-0.14,-5.29) wbirth=(0.38,-2.86,0.28) ref=(0.00,-3.00) leader=(0.00,0.00) fallbacks=0
[mpc_node-6] [INFO] [1783591615.313435363] [px4_4.mpc_node_4]: [d4] solve: status=0 time=0.16ms cost=0.1 pos=(-3.21,0.00,-5.03) local=(-0.05,-0.03,-5.72) wbirth=(-3.16,0.03,0.69) ref=(-3.00,0.00) leader=(0.00,0.00) fallbacks=0
[mpc_node-8] [INFO] [1783591616.153227017] [px4_6.mpc_node_6]: [d6] solve: status=0 time=1.38ms cost=0.0 pos=(-2.98,3.00,-4.99) local=(0.11,0.06,-5.31) wbirth=(-3.09,2.93,0.33) ref=(-3.00,3.00) leader=(0.00,0.00) fallbacks=0
[mpc_node-10] [INFO] [1783591616.159422244] [px4_8.mpc_node_8]: [d8] solve: status=0 time=0.23ms cost=0.0 pos=(-2.92,-3.08,-5.02) local=(0.27,-0.18,-5.40) wbirth=(-3.18,-2.90,0.37) ref=(-3.00,-3.00) leader=(0.00,0.00) fallbacks=0
[mpc_node-9] [INFO] [1783591616.197343223] [px4_7.mpc_node_7]: [d7] solve: status=0 time=0.18ms cost=0.0 pos=(3.08,-2.98,-5.01) local=(0.18,-0.05,-5.36) wbirth=(2.90,-2.93,0.36) ref=(3.00,-3.00) leader=(0.00,0.00) fallbacks=0
[mpc_node-7] [INFO] [1783591616.198109544] [px4_5.mpc_node_5]: [d5] solve: status=0 time=0.18ms cost=0.0 pos=(2.91,2.93,-5.00) local=(-0.02,0.07,-5.77) wbirth=(2.93,2.86,0.77) ref=(3.00,3.00) leader=(0.00,0.00) fallbacks=0
[mpc_node-5] [INFO] [1783591616.202392570] [px4_3.mpc_node_3]: [d3] solve: status=0 time=0.21ms cost=0.0 pos=(2.89,-0.09,-5.04) local=(-0.03,-0.17,-4.87) wbirth=(2.93,0.07,-0.17) ref=(3.00,0.00) leader=(0.00,0.00) fallbacks=0
[mpc_node-3] [INFO] [1783591616.230630534] [px4_1.mpc_node_1]: [d1] solve: status=0 time=0.15ms cost=0.0 pos=(-0.04,3.04,-4.97) local=(-0.10,0.17,-5.33) wbirth=(0.05,2.87,0.36) ref=(0.00,3.00) leader=(0.00,0.00) fallbacks=0
[mpc_node-2] [INFO] [1783591616.237242358] [px4_0.mpc_node_0]: [d0] solve: status=0 time=0.18ms cost=0.1 pos=(-0.17,-0.07,-4.93) local=(-0.15,-0.40,-4.93) wbirth=(-0.02,0.34,0.00) ref=(0.00,0.00) leader=(0.00,0.00) fallbacks=0
[mpc_node-4] [INFO] [1783591616.253202138] [px4_2.mpc_node_2]: [d2] solve: status=0 time=0.18ms cost=0.0 pos=(-0.07,-3.06,-4.98) local=(-0.45,-0.20,-5.26) wbirth=(0.38,-2.86,0.28) ref=(0.00,-3.00) leader=(0.00,0.00) fallbacks=0
[mpc_node-6] [INFO] [1783591616.309512768] [px4_4.mpc_node_4]: [d4] solve: status=0 time=0.16ms cost=0.1 pos=(-3.17,-0.07,-4.97) local=(-0.01,-0.10,-5.66) wbirth=(-3.16,0.03,0.69) ref=(-3.00,0.00) leader=(0.00,0.00) fallbacks=0
[mpc_node-8] [INFO] [1783591617.151670265] [px4_6.mpc_node_6]: [d6] solve: status=0 time=0.18ms cost=0.0 pos=(-2.96,3.01,-4.94) local=(0.13,0.07,-5.27) wbirth=(-3.09,2.93,0.33) ref=(-3.00,3.00) leader=(0.00,0.00) fallbacks=0
[mpc_node-10] [INFO] [1783591617.159383521] [px4_8.mpc_node_8]: [d8] solve: status=0 time=0.14ms cost=0.0 pos=(-2.87,-3.04,-5.03) local=(0.32,-0.14,-5.40) wbirth=(-3.18,-2.90,0.37) ref=(-3.00,-3.00) leader=(0.00,0.00) fallbacks=0
[mpc_node-7] [INFO] [1783591617.193504671] [px4_5.mpc_node_5]: [d5] solve: status=0 time=0.18ms cost=0.0 pos=(2.91,2.95,-4.93) local=(-0.02,0.09,-5.70) wbirth=(2.93,2.86,0.77) ref=(3.00,3.00) leader=(0.00,0.00) fallbacks=0
[mpc_node-9] [INFO] [1783591617.197773959] [px4_7.mpc_node_7]: [d7] solve: status=0 time=0.19ms cost=0.0 pos=(3.03,-3.05,-5.04) local=(0.13,-0.12,-5.40) wbirth=(2.90,-2.93,0.36) ref=(3.00,-3.00) leader=(0.00,0.00) fallbacks=0
[mpc_node-5] [INFO] [1783591617.202388086] [px4_3.mpc_node_3]: [d3] solve: status=0 time=0.18ms cost=0.0 pos=(3.00,-0.11,-5.01) local=(0.08,-0.18,-4.84) wbirth=(2.93,0.07,-0.17) ref=(3.00,0.00) leader=(0.00,0.00) fallbacks=0
[mpc_node-3] [INFO] [1783591617.230041439] [px4_1.mpc_node_1]: [d1] solve: status=0 time=0.17ms cost=0.0 pos=(-0.09,3.01,-5.03) local=(-0.15,0.14,-5.39) wbirth=(0.05,2.87,0.36) ref=(0.00,3.00) leader=(0.00,0.00) fallbacks=0
[mpc_node-2] [INFO] [1783591617.235332487] [px4_0.mpc_node_0]: [d0] solve: status=0 time=0.16ms cost=0.1 pos=(-0.18,-0.02,-4.98) local=(-0.16,-0.36,-4.98) wbirth=(-0.02,0.34,0.00) ref=(0.00,0.00) leader=(0.00,0.00) fallbacks=0
[mpc_node-4] [INFO] [1783591617.254036621] [px4_2.mpc_node_2]: [d2] solve: status=0 time=0.18ms cost=0.0 pos=(0.08,-3.06,-5.09) local=(-0.30,-0.19,-5.37) wbirth=(0.38,-2.86,0.28) ref=(0.00,-3.00) leader=(0.00,0.00) fallbacks=0
[mpc_node-6] [INFO] [1783591617.310655395] [px4_4.mpc_node_4]: [d4] solve: status=0 time=0.22ms cost=0.0 pos=(-3.05,-0.04,-5.01) local=(0.10,-0.06,-5.70) wbirth=(-3.16,0.03,0.69) ref=(-3.00,0.00) leader=(0.00,0.00) fallbacks=0
[mpc_node-8] [INFO] [1783591618.150524127] [px4_6.mpc_node_6]: [d6] solve: status=0 time=0.28ms cost=0.0 pos=(-2.97,2.99,-4.98) local=(0.12,0.05,-5.31) wbirth=(-3.09,2.93,0.33) ref=(-3.00,3.00) leader=(0.00,0.00) fallbacks=0
[mpc_node-10] [INFO] [1783591618.159772329] [px4_8.mpc_node_8]: [d8] solve: status=0 time=0.20ms cost=0.0 pos=(-2.95,-2.96,-5.01) local=(0.24,-0.06,-5.38) wbirth=(-3.18,-2.90,0.37) ref=(-3.00,-3.00) leader=(0.00,0.00) fallbacks=0
[mpc_node-7] [INFO] [1783591618.192322805] [px4_5.mpc_node_5]: [d5] solve: status=0 time=0.17ms cost=0.0 pos=(3.00,2.96,-4.97) local=(0.07,0.10,-5.75) wbirth=(2.93,2.86,0.77) ref=(3.00,3.00) leader=(0.00,0.00) fallbacks=0
[mpc_node-9] [INFO] [1783591618.199299793] [px4_7.mpc_node_7]: [d7] solve: status=0 time=0.15ms cost=0.0 pos=(2.93,-3.04,-5.05) local=(0.03,-0.11,-5.40) wbirth=(2.90,-2.93,0.36) ref=(3.00,-3.00) leader=(0.00,0.00) fallbacks=0
[mpc_node-5] [INFO] [1783591618.199467097] [px4_3.mpc_node_3]: [d3] solve: status=0 time=0.18ms cost=0.0 pos=(3.09,-0.07,-4.98) local=(0.17,-0.14,-4.81) wbirth=(2.93,0.07,-0.17) ref=(3.00,0.00) leader=(0.00,0.00) fallbacks=0
[mpc_node-3] [INFO] [1783591618.231515454] [px4_1.mpc_node_1]: [d1] solve: status=0 time=0.18ms cost=0.0 pos=(-0.09,3.01,-5.02) local=(-0.14,0.14,-5.38) wbirth=(0.05,2.87,0.36) ref=(0.00,3.00) leader=(0.00,0.00) fallbacks=0
[mpc_node-2] [INFO] [1783591618.235722406] [px4_0.mpc_node_0]: [d0] solve: status=0 time=0.18ms cost=0.0 pos=(-0.12,0.02,-5.01) local=(-0.10,-0.32,-5.01) wbirth=(-0.02,0.34,0.00) ref=(0.00,0.00) leader=(0.00,0.00) fallbacks=0
[mpc_node-4] [INFO] [1783591618.254512600] [px4_2.mpc_node_2]: [d2] solve: status=0 time=0.17ms cost=0.0 pos=(0.10,-3.04,-4.98) local=(-0.28,-0.18,-5.26) wbirth=(0.38,-2.86,0.28) ref=(0.00,-3.00) leader=(0.00,0.00) fallbacks=0
[mpc_node-6] [INFO] [1783591618.309625487] [px4_4.mpc_node_4]: [d4] solve: status=0 time=0.18ms cost=0.0 pos=(-2.93,-0.06,-5.00) local=(0.23,-0.09,-5.69) wbirth=(-3.16,0.03,0.69) ref=(-3.00,0.00) leader=(0.00,0.00) fallbacks=0
[mpc_node-8] [INFO] [1783591619.150230232] [px4_6.mpc_node_6]: [d6] solve: status=0 time=0.19ms cost=0.0 pos=(-3.12,3.00,-4.96) local=(-0.03,0.06,-5.29) wbirth=(-3.09,2.93,0.33) ref=(-3.00,3.00) leader=(0.00,0.00) fallbacks=0
[mpc_node-10] [INFO] [1783591619.159853834] [px4_8.mpc_node_8]: [d8] solve: status=0 time=0.18ms cost=0.0 pos=(-3.02,-2.92,-4.92) local=(0.16,-0.01,-5.30) wbirth=(-3.18,-2.90,0.37) ref=(-3.00,-3.00) leader=(0.00,0.00) fallbacks=0
[mpc_node-7] [INFO] [1783591619.194477403] [px4_5.mpc_node_5]: [d5] solve: status=0 time=0.18ms cost=0.0 pos=(3.06,3.01,-5.06) local=(0.13,0.14,-5.83) wbirth=(2.93,2.86,0.77) ref=(3.00,3.00) leader=(0.00,0.00) fallbacks=0
[mpc_node-9] [INFO] [1783591619.198093321] [px4_7.mpc_node_7]: [d7] solve: status=0 time=0.15ms cost=0.0 pos=(2.96,-3.01,-4.98) local=(0.06,-0.08,-5.33) wbirth=(2.90,-2.93,0.36) ref=(3.00,-3.00) leader=(0.00,0.00) fallbacks=0
[mpc_node-5] [INFO] [1783591619.200894412] [px4_3.mpc_node_3]: [d3] solve: status=0 time=0.15ms cost=0.0 pos=(3.08,-0.00,-5.00) local=(0.15,-0.08,-4.83) wbirth=(2.93,0.07,-0.17) ref=(3.00,0.00) leader=(0.00,0.00) fallbacks=0
[mpc_node-3] [INFO] [1783591619.234734214] [px4_1.mpc_node_1]: [d1] solve: status=0 time=0.17ms cost=0.0 pos=(-0.06,3.04,-5.02) local=(-0.12,0.17,-5.38) wbirth=(0.05,2.87,0.36) ref=(0.00,3.00) leader=(0.00,0.00) fallbacks=0
[mpc_node-2] [INFO] [1783591619.236396216] [px4_0.mpc_node_0]: [d0] solve: status=0 time=0.24ms cost=0.0 pos=(0.03,0.05,-4.99) local=(0.05,-0.29,-4.99) wbirth=(-0.02,0.34,0.00) ref=(0.00,0.00) leader=(0.00,0.00) fallbacks=0
[mpc_node-4] [INFO] [1783591619.254366137] [px4_2.mpc_node_2]: [d2] solve: status=0 time=0.17ms cost=0.0 pos=(0.10,-2.98,-4.95) local=(-0.28,-0.12,-5.24) wbirth=(0.38,-2.86,0.28) ref=(0.00,-3.00) leader=(0.00,0.00) fallbacks=0
[mpc_node-6] [INFO] [1783591619.308648611] [px4_4.mpc_node_4]: [d4] solve: status=0 time=0.19ms cost=0.1 pos=(-2.85,-0.05,-4.99) local=(0.31,-0.07,-5.68) wbirth=(-3.16,0.03,0.69) ref=(-3.00,0.00) leader=(0.00,0.00) fallbacks=0
[mpc_node-8] [INFO] [1783591620.150361170] [px4_6.mpc_node_6]: [d6] solve: status=0 time=0.22ms cost=0.1 pos=(-3.20,3.01,-5.01) local=(-0.11,0.08,-5.34) wbirth=(-3.09,2.93,0.33) ref=(-3.00,3.00) leader=(0.00,0.00) fallbacks=0
[mpc_node-10] [INFO] [1783591620.159600717] [px4_8.mpc_node_8]: [d8] solve: status=0 time=0.15ms cost=0.0 pos=(-3.03,-2.86,-4.99) local=(0.15,0.04,-5.36) wbirth=(-3.18,-2.90,0.37) ref=(-3.00,-3.00) leader=(0.00,0.00) fallbacks=0
[mpc_node-7] [INFO] [1783591620.193674441] [px4_5.mpc_node_5]: [d5] solve: status=0 time=0.15ms cost=0.0 pos=(3.09,3.03,-4.98) local=(0.16,0.17,-5.75) wbirth=(2.93,2.86,0.77) ref=(3.00,3.00) leader=(0.00,0.00) fallbacks=0
[mpc_node-9] [INFO] [1783591620.198153854] [px4_7.mpc_node_7]: [d7] solve: status=0 time=0.15ms cost=0.0 pos=(2.95,-3.01,-5.01) local=(0.05,-0.08,-5.36) wbirth=(2.90,-2.93,0.36) ref=(3.00,-3.00) leader=(0.00,0.00) fallbacks=0
[mpc_node-5] [INFO] [1783591620.200004796] [px4_3.mpc_node_3]: [d3] solve: status=0 time=0.17ms cost=0.0 pos=(3.04,0.04,-5.01) local=(0.12,-0.03,-4.85) wbirth=(2.93,0.07,-0.17) ref=(3.00,0.00) leader=(0.00,0.00) fallbacks=0
[mpc_node-3] [INFO] [1783591620.231531191] [px4_1.mpc_node_1]: [d1] solve: status=0 time=0.18ms cost=0.0 pos=(0.11,3.03,-4.99) local=(0.05,0.16,-5.35) wbirth=(0.05,2.87,0.36) ref=(0.00,3.00) leader=(0.00,0.00) fallbacks=0
[mpc_node-2] [INFO] [1783591620.236800773] [px4_0.mpc_node_0]: [d0] solve: status=0 time=0.22ms cost=0.1 pos=(0.21,0.01,-5.01) local=(0.23,-0.33,-5.01) wbirth=(-0.02,0.34,0.00) ref=(0.00,0.00) leader=(0.00,0.00) fallbacks=0
[mpc_node-4] [INFO] [1783591620.252851166] [px4_2.mpc_node_2]: [d2] solve: status=0 time=0.20ms cost=0.0 pos=(0.01,-2.93,-5.04) local=(-0.37,-0.06,-5.32) wbirth=(0.38,-2.86,0.28) ref=(0.00,-3.00) leader=(0.00,0.00) fallbacks=0
[mpc_node-6] [INFO] [1783591620.308867276] [px4_4.mpc_node_4]: [d4] solve: status=0 time=0.19ms cost=0.1 pos=(-2.82,-0.00,-5.03) local=(0.34,-0.03,-5.71) wbirth=(-3.16,0.03,0.69) ref=(-3.00,0.00) leader=(0.00,0.00) fallbacks=0
[mpc_node-8] [INFO] [1783591621.149044939] [px4_6.mpc_node_6]: [d6] solve: status=0 time=0.15ms cost=0.0 pos=(-3.11,3.01,-5.03) local=(-0.02,0.08,-5.36) wbirth=(-3.09,2.93,0.33) ref=(-3.00,3.00) leader=(0.00,0.00) fallbacks=0
[mpc_node-10] [INFO] [1783591621.159591234] [px4_8.mpc_node_8]: [d8] solve: status=0 time=0.15ms cost=0.0 pos=(-3.06,-2.90,-4.95) local=(0.13,0.00,-5.32) wbirth=(-3.18,-2.90,0.37) ref=(-3.00,-3.00) leader=(0.00,0.00) fallbacks=0
[mpc_node-7] [INFO] [1783591621.192600636] [px4_5.mpc_node_5]: [d5] solve: status=0 time=0.15ms cost=0.0 pos=(3.10,3.08,-5.02) local=(0.17,0.21,-5.80) wbirth=(2.93,2.86,0.77) ref=(3.00,3.00) leader=(0.00,0.00) fallbacks=0
[mpc_node-9] [INFO] [1783591621.197196669] [px4_7.mpc_node_7]: [d7] solve: status=0 time=0.17ms cost=0.0 pos=(3.06,-3.05,-4.97) local=(0.16,-0.12,-5.32) wbirth=(2.90,-2.93,0.36) ref=(3.00,-3.00) leader=(0.00,0.00) fallbacks=0
[mpc_node-5] [INFO] [1783591621.200961142] [px4_3.mpc_node_3]: [d3] solve: status=0 time=0.15ms cost=0.0 pos=(3.05,0.03,-4.98) local=(0.12,-0.04,-4.81) wbirth=(2.93,0.07,-0.17) ref=(3.00,0.00) leader=(0.00,0.00) fallbacks=0
[mpc_node-3] [INFO] [1783591621.231767470] [px4_1.mpc_node_1]: [d1] solve: status=0 time=0.18ms cost=0.0 pos=(0.12,2.97,-5.02) local=(0.07,0.10,-5.38) wbirth=(0.05,2.87,0.36) ref=(0.00,3.00) leader=(0.00,0.00) fallbacks=0
[mpc_node-2] [INFO] [1783591621.235944879] [px4_0.mpc_node_0]: [d0] solve: status=0 time=0.19ms cost=0.0 pos=(0.15,-0.02,-5.00) local=(0.17,-0.36,-5.00) wbirth=(-0.02,0.34,0.00) ref=(0.00,0.00) leader=(0.00,0.00) fallbacks=0
[mpc_node-4] [INFO] [1783591621.252877398] [px4_2.mpc_node_2]: [d2] solve: status=0 time=0.17ms cost=0.0 pos=(-0.08,-2.95,-5.01) local=(-0.46,-0.09,-5.29) wbirth=(0.38,-2.86,0.28) ref=(0.00,-3.00) leader=(0.00,0.00) fallbacks=0
[mpc_node-6] [INFO] [1783591621.308579881] [px4_4.mpc_node_4]: [d4] solve: status=0 time=0.18ms cost=0.0 pos=(-2.93,0.03,-4.97) local=(0.23,0.00,-5.66) wbirth=(-3.16,0.03,0.69) ref=(-3.00,0.00) leader=(0.00,0.00) fallbacks=0
[mpc_node-8] [INFO] [1783591622.150646773] [px4_6.mpc_node_6]: [d6] solve: status=0 time=0.18ms cost=0.0 pos=(-3.01,3.04,-5.04) local=(0.08,0.10,-5.37) wbirth=(-3.09,2.93,0.33) ref=(-3.00,3.00) leader=(0.00,0.00) fallbacks=0
[mpc_node-10] [INFO] [1783591622.159755187] [px4_8.mpc_node_8]: [d8] solve: status=0 time=0.17ms cost=0.0 pos=(-3.09,-2.95,-4.99) local=(0.09,-0.05,-5.36) wbirth=(-3.18,-2.90,0.37) ref=(-3.00,-3.00) leader=(0.00,0.00) fallbacks=0
[mpc_node-7] [INFO] [1783591622.194035269] [px4_5.mpc_node_5]: [d5] solve: status=0 time=0.17ms cost=0.0 pos=(3.04,3.06,-5.02) local=(0.11,0.20,-5.80) wbirth=(2.93,2.86,0.77) ref=(3.00,3.00) leader=(0.00,0.00) fallbacks=0
[mpc_node-9] [INFO] [1783591622.197031221] [px4_7.mpc_node_7]: [d7] solve: status=0 time=0.14ms cost=0.0 pos=(3.11,-3.02,-4.99) local=(0.21,-0.08,-5.35) wbirth=(2.90,-2.93,0.36) ref=(3.00,-3.00) leader=(0.00,0.00) fallbacks=0
[mpc_node-5] [INFO] [1783591622.200330942] [px4_3.mpc_node_3]: [d3] solve: status=0 time=0.15ms cost=0.0 pos=(2.97,0.02,-4.91) local=(0.04,-0.06,-4.75) wbirth=(2.93,0.07,-0.17) ref=(3.00,0.00) leader=(0.00,0.00) fallbacks=0
[mpc_node-3] [INFO] [1783591622.231851388] [px4_1.mpc_node_1]: [d1] solve: status=0 time=0.18ms cost=0.0 pos=(0.14,2.94,-4.97) local=(0.09,0.08,-5.33) wbirth=(0.05,2.87,0.36) ref=(0.00,3.00) leader=(0.00,0.00) fallbacks=0
[mpc_node-2] [INFO] [1783591622.238012681] [px4_0.mpc_node_0]: [d0] solve: status=0 time=0.18ms cost=0.0 pos=(0.09,0.00,-5.02) local=(0.11,-0.33,-5.02) wbirth=(-0.02,0.34,0.00) ref=(0.00,0.00) leader=(0.00,0.00) fallbacks=0
[mpc_node-4] [INFO] [1783591622.252793702] [px4_2.mpc_node_2]: [d2] solve: status=0 time=0.18ms cost=0.0 pos=(-0.03,-2.96,-5.01) local=(-0.41,-0.10,-5.29) wbirth=(0.38,-2.86,0.28) ref=(0.00,-3.00) leader=(0.00,0.00) fallbacks=0
[mpc_node-6] [INFO] [1783591622.308951078] [px4_4.mpc_node_4]: [d4] solve: status=0 time=0.21ms cost=0.0 pos=(-3.06,0.06,-4.97) local=(0.10,0.03,-5.66) wbirth=(-3.16,0.03,0.69) ref=(-3.00,0.00) leader=(0.00,0.00) fallbacks=0
[mpc_node-8] [INFO] [1783591623.149933987] [px4_6.mpc_node_6]: [d6] solve: status=0 time=0.22ms cost=0.0 pos=(-2.87,2.96,-5.04) local=(0.22,0.03,-5.36) wbirth=(-3.09,2.93,0.33) ref=(-3.00,3.00) leader=(0.00,0.00) fallbacks=0
[mpc_node-10] [INFO] [1783591623.159965213] [px4_8.mpc_node_8]: [d8] solve: status=0 time=0.14ms cost=0.0 pos=(-3.02,-3.03,-5.01) local=(0.16,-0.13,-5.39) wbirth=(-3.18,-2.90,0.37) ref=(-3.00,-3.00) leader=(0.00,0.00) fallbacks=0
[mpc_node-7] [INFO] [1783591623.193757731] [px4_5.mpc_node_5]: [d5] solve: status=0 time=0.28ms cost=0.0 pos=(3.00,3.05,-5.05) local=(0.07,0.19,-5.83) wbirth=(2.93,2.86,0.77) ref=(3.00,3.00) leader=(0.00,0.00) fallbacks=0
[mpc_node-9] [INFO] [1783591623.196947768] [px4_7.mpc_node_7]: [d7] solve: status=0 time=0.18ms cost=0.0 pos=(3.01,-2.98,-5.04) local=(0.11,-0.05,-5.40) wbirth=(2.90,-2.93,0.36) ref=(3.00,-3.00) leader=(0.00,0.00) fallbacks=0
[mpc_node-5] [INFO] [1783591623.200513463] [px4_3.mpc_node_3]: [d3] solve: status=0 time=0.17ms cost=0.0 pos=(2.97,-0.01,-4.97) local=(0.04,-0.08,-4.80) wbirth=(2.93,0.07,-0.17) ref=(3.00,0.00) leader=(0.00,0.00) fallbacks=0
[mpc_node-3] [INFO] [1783591623.229948514] [px4_1.mpc_node_1]: [d1] solve: status=0 time=0.17ms cost=0.0 pos=(0.13,2.93,-5.01) local=(0.08,0.06,-5.37) wbirth=(0.05,2.87,0.36) ref=(0.00,3.00) leader=(0.00,0.00) fallbacks=0
[mpc_node-2] [INFO] [1783591623.236584458] [px4_0.mpc_node_0]: [d0] solve: status=0 time=0.19ms cost=0.0 pos=(0.02,0.03,-5.00) local=(0.04,-0.31,-5.00) wbirth=(-0.02,0.34,0.00) ref=(0.00,0.00) leader=(0.00,0.00) fallbacks=0
[mpc_node-4] [INFO] [1783591623.256764438] [px4_2.mpc_node_2]: [d2] solve: status=0 time=0.18ms cost=0.0 pos=(0.06,-3.00,-5.02) local=(-0.32,-0.13,-5.30) wbirth=(0.38,-2.86,0.28) ref=(0.00,-3.00) leader=(0.00,0.00) fallbacks=0
[mpc_node-6] [INFO] [1783591623.308548463] [px4_4.mpc_node_4]: [d4] solve: status=0 time=0.16ms cost=0.0 pos=(-3.09,0.02,-5.04) local=(0.07,-0.01,-5.73) wbirth=(-3.16,0.03,0.69) ref=(-3.00,0.00) leader=(0.00,0.00) fallbacks=0
[mpc_node-8] [INFO] [1783591624.149185704] [px4_6.mpc_node_6]: [d6] solve: status=0 time=0.15ms cost=0.1 pos=(-2.82,2.98,-4.97) local=(0.27,0.05,-5.30) wbirth=(-3.09,2.93,0.33) ref=(-3.00,3.00) leader=(0.00,0.00) fallbacks=0
[mpc_node-10] [INFO] [1783591624.160191827] [px4_8.mpc_node_8]: [d8] solve: status=0 time=0.17ms cost=0.0 pos=(-3.01,-3.05,-5.05) local=(0.17,-0.14,-5.42) wbirth=(-3.18,-2.90,0.37) ref=(-3.00,-3.00) leader=(0.00,0.00) fallbacks=0
[mpc_node-7] [INFO] [1783591624.192846179] [px4_5.mpc_node_5]: [d5] solve: status=0 time=0.15ms cost=0.0 pos=(3.04,3.00,-5.00) local=(0.11,0.13,-5.77) wbirth=(2.93,2.86,0.77) ref=(3.00,3.00) leader=(0.00,0.00) fallbacks=0
[mpc_node-9] [INFO] [1783591624.196952178] [px4_7.mpc_node_7]: [d7] solve: status=0 time=0.14ms cost=0.0 pos=(2.93,-2.99,-5.03) local=(0.03,-0.05,-5.38) wbirth=(2.90,-2.93,0.36) ref=(3.00,-3.00) leader=(0.00,0.00) fallbacks=0
[mpc_node-5] [INFO] [1783591624.200579540] [px4_3.mpc_node_3]: [d3] solve: status=0 time=0.15ms cost=0.0 pos=(2.98,-0.05,-5.06) local=(0.06,-0.13,-4.90) wbirth=(2.93,0.07,-0.17) ref=(3.00,0.00) leader=(0.00,0.00) fallbacks=0
[mpc_node-3] [INFO] [1783591624.231220718] [px4_1.mpc_node_1]: [d1] solve: status=0 time=0.18ms cost=0.0 pos=(-0.02,2.96,-5.03) local=(-0.07,0.10,-5.39) wbirth=(0.05,2.87,0.36) ref=(0.00,3.00) leader=(0.00,0.00) fallbacks=0
[mpc_node-2] [INFO] [1783591624.235940200] [px4_0.mpc_node_0]: [d0] solve: status=0 time=0.18ms cost=0.0 pos=(0.02,-0.02,-5.05) local=(0.04,-0.35,-5.05) wbirth=(-0.02,0.34,0.00) ref=(0.00,0.00) leader=(0.00,0.00) fallbacks=0
[mpc_node-4] [INFO] [1783591624.253483448] [px4_2.mpc_node_2]: [d2] solve: status=0 time=0.27ms cost=0.0 pos=(0.01,-3.04,-5.05) local=(-0.37,-0.17,-5.34) wbirth=(0.38,-2.86,0.28) ref=(0.00,-3.00) leader=(0.00,0.00) fallbacks=0
[mpc_node-6] [INFO] [1783591624.310252056] [px4_4.mpc_node_4]: [d4] solve: status=0 time=0.17ms cost=0.0 pos=(-3.09,0.01,-5.07) local=(0.07,-0.02,-5.75) wbirth=(-3.16,0.03,0.69) ref=(-3.00,0.00) leader=(0.00,0.00) fallbacks=0
[mpc_node-8] [INFO] [1783591625.150215926] [px4_6.mpc_node_6]: [d6] solve: status=0 time=0.28ms cost=0.0 pos=(-2.87,3.03,-4.95) local=(0.22,0.10,-5.27) wbirth=(-3.09,2.93,0.33) ref=(-3.00,3.00) leader=(0.00,0.00) fallbacks=0
[mpc_node-10] [INFO] [1783591625.160719880] [px4_8.mpc_node_8]: [d8] solve: status=0 time=0.15ms cost=0.0 pos=(-2.99,-3.03,-5.05) local=(0.19,-0.13,-5.42) wbirth=(-3.18,-2.90,0.37) ref=(-3.00,-3.00) leader=(0.00,0.00) fallbacks=0
[mpc_node-7] [INFO] [1783591625.193925143] [px4_5.mpc_node_5]: [d5] solve: status=0 time=0.15ms cost=0.0 pos=(2.96,2.94,-4.99) local=(0.03,0.07,-5.76) wbirth=(2.93,2.86,0.77) ref=(3.00,3.00) leader=(0.00,0.00) fallbacks=0
[mpc_node-9] [INFO] [1783591625.197864873] [px4_7.mpc_node_7]: [d7] solve: status=0 time=0.15ms cost=0.0 pos=(2.98,-2.98,-5.02) local=(0.08,-0.04,-5.38) wbirth=(2.90,-2.93,0.36) ref=(3.00,-3.00) leader=(0.00,0.00) fallbacks=0
[mpc_node-5] [INFO] [1783591625.201390495] [px4_3.mpc_node_3]: [d3] solve: status=0 time=0.18ms cost=0.0 pos=(2.95,-0.04,-5.03) local=(0.03,-0.12,-4.87) wbirth=(2.93,0.07,-0.17) ref=(3.00,0.00) leader=(0.00,0.00) fallbacks=0
[mpc_node-3] [INFO] [1783591625.230065168] [px4_1.mpc_node_1]: [d1] solve: status=0 time=0.15ms cost=0.1 pos=(-0.15,3.03,-5.01) local=(-0.20,0.16,-5.37) wbirth=(0.05,2.87,0.36) ref=(0.00,3.00) leader=(0.00,0.00) fallbacks=0
[mpc_node-2] [INFO] [1783591625.236831128] [px4_0.mpc_node_0]: [d0] solve: status=0 time=0.19ms cost=0.0 pos=(-0.02,-0.04,-4.94) local=(0.00,-0.37,-4.94) wbirth=(-0.02,0.34,0.00) ref=(0.00,0.00) leader=(0.00,0.00) fallbacks=0
[mpc_node-4] [INFO] [1783591625.253056442] [px4_2.mpc_node_2]: [d2] solve: status=0 time=0.18ms cost=0.0 pos=(0.00,-3.07,-4.98) local=(-0.38,-0.20,-5.27) wbirth=(0.38,-2.86,0.28) ref=(0.00,-3.00) leader=(0.00,0.00) fallbacks=0
[mpc_node-6] [INFO] [1783591625.309586585] [px4_4.mpc_node_4]: [d4] solve: status=0 time=0.18ms cost=0.0 pos=(-3.09,0.02,-5.04) local=(0.07,-0.01,-5.73) wbirth=(-3.16,0.03,0.69) ref=(-3.00,0.00) leader=(0.00,0.00) fallbacks=0
[mpc_node-8] [INFO] [1783591626.149814564] [px4_6.mpc_node_6]: [d6] solve: status=0 time=0.17ms cost=0.0 pos=(-2.96,3.04,-4.98) local=(0.13,0.11,-5.30) wbirth=(-3.09,2.93,0.33) ref=(-3.00,3.00) leader=(0.00,0.00) fallbacks=0
[mpc_node-10] [INFO] [1783591626.161606578] [px4_8.mpc_node_8]: [d8] solve: status=0 time=0.17ms cost=0.0 pos=(-2.97,-3.04,-5.01) local=(0.22,-0.13,-5.38) wbirth=(-3.18,-2.90,0.37) ref=(-3.00,-3.00) leader=(0.00,0.00) fallbacks=0
[mpc_node-7] [INFO] [1783591626.193518972] [px4_5.mpc_node_5]: [d5] solve: status=0 time=0.18ms cost=0.1 pos=(2.86,2.92,-4.99) local=(-0.07,0.05,-5.77) wbirth=(2.93,2.86,0.77) ref=(3.00,3.00) leader=(0.00,0.00) fallbacks=0
[mpc_node-9] [INFO] [1783591626.198199826] [px4_7.mpc_node_7]: [d7] solve: status=0 time=0.15ms cost=0.0 pos=(3.07,-2.96,-4.96) local=(0.17,-0.03,-5.32) wbirth=(2.90,-2.93,0.36) ref=(3.00,-3.00) leader=(0.00,0.00) fallbacks=0
[mpc_node-5] [INFO] [1783591626.202597041] [px4_3.mpc_node_3]: [d3] solve: status=0 time=0.16ms cost=0.0 pos=(3.00,-0.04,-5.00) local=(0.07,-0.11,-4.83) wbirth=(2.93,0.07,-0.17) ref=(3.00,0.00) leader=(0.00,0.00) fallbacks=0
[mpc_node-3] [INFO] [1783591626.231039886] [px4_1.mpc_node_1]: [d1] solve: status=0 time=0.15ms cost=0.0 pos=(-0.13,3.08,-5.04) local=(-0.18,0.21,-5.40) wbirth=(0.05,2.87,0.36) ref=(0.00,3.00) leader=(0.00,0.00) fallbacks=0
[mpc_node-2] [INFO] [1783591626.235834359] [px4_0.mpc_node_0]: [d0] solve: status=0 time=0.16ms cost=0.0 pos=(-0.07,-0.01,-5.01) local=(-0.05,-0.35,-5.01) wbirth=(-0.02,0.34,0.00) ref=(0.00,0.00) leader=(0.00,0.00) fallbacks=0
[mpc_node-4] [INFO] [1783591626.251795716] [px4_2.mpc_node_2]: [d2] solve: status=0 time=0.14ms cost=0.0 pos=(0.06,-3.07,-5.00) local=(-0.32,-0.20,-5.28) wbirth=(0.38,-2.86,0.28) ref=(0.00,-3.00) leader=(0.00,0.00) fallbacks=0
[mpc_node-6] [INFO] [1783591626.308654527] [px4_4.mpc_node_4]: [d4] solve: status=0 time=0.16ms cost=0.0 pos=(-3.06,0.04,-4.99) local=(0.10,0.01,-5.68) wbirth=(-3.16,0.03,0.69) ref=(-3.00,0.00) leader=(0.00,0.00) fallbacks=0
[mpc_node-8] [INFO] [1783591627.150350358] [px4_6.mpc_node_6]: [d6] solve: status=0 time=0.17ms cost=0.0 pos=(-3.04,3.01,-4.97) local=(0.04,0.08,-5.30) wbirth=(-3.09,2.93,0.33) ref=(-3.00,3.00) leader=(0.00,0.00) fallbacks=0
[mpc_node-10] [INFO] [1783591627.159548575] [px4_8.mpc_node_8]: [d8] solve: status=0 time=0.14ms cost=0.0 pos=(-2.98,-3.01,-5.08) local=(0.20,-0.11,-5.46) wbirth=(-3.18,-2.90,0.37) ref=(-3.00,-3.00) leader=(0.00,0.00) fallbacks=0
[mpc_node-7] [INFO] [1783591627.195435596] [px4_5.mpc_node_5]: [d5] solve: status=0 time=0.18ms cost=0.0 pos=(2.97,2.95,-5.00) local=(0.04,0.08,-5.78) wbirth=(2.93,2.86,0.77) ref=(3.00,3.00) leader=(0.00,0.00) fallbacks=0
[mpc_node-9] [INFO] [1783591627.198247326] [px4_7.mpc_node_7]: [d7] solve: status=0 time=0.15ms cost=0.0 pos=(3.02,-2.96,-4.96) local=(0.12,-0.03,-5.32) wbirth=(2.90,-2.93,0.36) ref=(3.00,-3.00) leader=(0.00,0.00) fallbacks=0
[mpc_node-5] [INFO] [1783591627.202696888] [px4_3.mpc_node_3]: [d3] solve: status=0 time=0.21ms cost=0.0 pos=(2.95,0.03,-4.97) local=(0.03,-0.05,-4.81) wbirth=(2.93,0.07,-0.17) ref=(3.00,0.00) leader=(0.00,0.00) fallbacks=0
[mpc_node-3] [INFO] [1783591627.229873209] [px4_1.mpc_node_1]: [d1] solve: status=0 time=0.15ms cost=0.0 pos=(-0.11,3.07,-5.05) local=(-0.16,0.20,-5.41) wbirth=(0.05,2.87,0.36) ref=(0.00,3.00) leader=(0.00,0.00) fallbacks=0
[mpc_node-2] [INFO] [1783591627.235411803] [px4_0.mpc_node_0]: [d0] solve: status=0 time=0.16ms cost=0.0 pos=(-0.08,-0.03,-5.03) local=(-0.06,-0.37,-5.03) wbirth=(-0.02,0.34,0.00) ref=(0.00,0.00) leader=(0.00,0.00) fallbacks=0
[mpc_node-4] [INFO] [1783591627.252302060] [px4_2.mpc_node_2]: [d2] solve: status=0 time=0.20ms cost=0.0 pos=(-0.04,-3.00,-5.08) local=(-0.42,-0.14,-5.36) wbirth=(0.38,-2.86,0.28) ref=(0.00,-3.00) leader=(0.00,0.00) fallbacks=0
[mpc_node-6] [INFO] [1783591627.308930270] [px4_4.mpc_node_4]: [d4] solve: status=0 time=0.22ms cost=0.0 pos=(-3.03,0.02,-5.00) local=(0.13,-0.01,-5.68) wbirth=(-3.16,0.03,0.69) ref=(-3.00,0.00) leader=(0.00,0.00) fallbacks=0
[mpc_node-8] [INFO] [1783591628.152438516] [px4_6.mpc_node_6]: [d6] solve: status=0 time=0.21ms cost=0.0 pos=(-3.10,3.03,-5.01) local=(-0.01,0.09,-5.33) wbirth=(-3.09,2.93,0.33) ref=(-3.00,3.00) leader=(0.00,0.00) fallbacks=0
[mpc_node-10] [INFO] [1783591628.159484477] [px4_8.mpc_node_8]: [d8] solve: status=0 time=0.15ms cost=0.0 pos=(-2.98,-3.00,-5.00) local=(0.20,-0.10,-5.38) wbirth=(-3.18,-2.90,0.37) ref=(-3.00,-3.00) leader=(0.00,0.00) fallbacks=0
[mpc_node-7] [INFO] [1783591628.195477055] [px4_5.mpc_node_5]: [d5] solve: status=0 time=0.18ms cost=0.0 pos=(3.03,3.00,-5.00) local=(0.10,0.14,-5.77) wbirth=(2.93,2.86,0.77) ref=(3.00,3.00) leader=(0.00,0.00) fallbacks=0
[mpc_node-9] [INFO] [1783591628.196993751] [px4_7.mpc_node_7]: [d7] solve: status=0 time=0.15ms cost=0.0 pos=(2.98,-2.99,-4.99) local=(0.08,-0.05,-5.35) wbirth=(2.90,-2.93,0.36) ref=(3.00,-3.00) leader=(0.00,0.00) fallbacks=0
[mpc_node-5] [INFO] [1783591628.199839090] [px4_3.mpc_node_3]: [d3] solve: status=0 time=0.17ms cost=0.0 pos=(2.98,0.07,-4.98) local=(0.06,-0.01,-4.81) wbirth=(2.93,0.07,-0.17) ref=(3.00,0.00) leader=(0.00,0.00) fallbacks=0
[mpc_node-3] [INFO] [1783591628.234332975] [px4_1.mpc_node_1]: [d1] solve: status=0 time=0.22ms cost=0.0 pos=(-0.05,2.96,-5.01) local=(-0.10,0.09,-5.37) wbirth=(0.05,2.87,0.36) ref=(0.00,3.00) leader=(0.00,0.00) fallbacks=0
[mpc_node-2] [INFO] [1783591628.236658780] [px4_0.mpc_node_0]: [d0] solve: status=0 time=0.19ms cost=0.0 pos=(-0.11,-0.05,-4.99) local=(-0.09,-0.39,-4.99) wbirth=(-0.02,0.34,0.00) ref=(0.00,0.00) leader=(0.00,0.00) fallbacks=0
[mpc_node-4] [INFO] [1783591628.253124560] [px4_2.mpc_node_2]: [d2] solve: status=0 time=0.17ms cost=0.0 pos=(-0.02,-2.96,-5.02) local=(-0.40,-0.10,-5.30) wbirth=(0.38,-2.86,0.28) ref=(0.00,-3.00) leader=(0.00,0.00) fallbacks=0
[mpc_node-6] [INFO] [1783591628.308965237] [px4_4.mpc_node_4]: [d4] solve: status=0 time=0.20ms cost=0.0 pos=(-2.97,0.00,-5.03) local=(0.18,-0.03,-5.72) wbirth=(-3.16,0.03,0.69) ref=(-3.00,0.00) leader=(0.00,0.00) fallbacks=0
[mpc_node-8] [INFO] [1783591629.149330782] [px4_6.mpc_node_6]: [d6] solve: status=0 time=0.21ms cost=0.0 pos=(-3.07,2.95,-4.96) local=(0.02,0.02,-5.29) wbirth=(-3.09,2.93,0.33) ref=(-3.00,3.00) leader=(0.00,0.00) fallbacks=0
[mpc_node-10] [INFO] [1783591629.159748796] [px4_8.mpc_node_8]: [d8] solve: status=0 time=0.18ms cost=0.0 pos=(-3.00,-3.00,-4.94) local=(0.18,-0.10,-5.32) wbirth=(-3.18,-2.90,0.37) ref=(-3.00,-3.00) leader=(0.00,0.00) fallbacks=0
[mpc_node-7] [INFO] [1783591629.191900826] [px4_5.mpc_node_5]: [d5] solve: status=0 time=0.14ms cost=0.0 pos=(3.01,2.98,-4.99) local=(0.08,0.12,-5.77) wbirth=(2.93,2.86,0.77) ref=(3.00,3.00) leader=(0.00,0.00) fallbacks=0
[mpc_node-9] [INFO] [1783591629.196970796] [px4_7.mpc_node_7]: [d7] solve: status=0 time=0.15ms cost=0.0 pos=(3.02,-3.01,-5.00) local=(0.12,-0.08,-5.36) wbirth=(2.90,-2.93,0.36) ref=(3.00,-3.00) leader=(0.00,0.00) fallbacks=0
[mpc_node-5] [INFO] [1783591629.199839693] [px4_3.mpc_node_3]: [d3] solve: status=0 time=0.17ms cost=0.0 pos=(3.05,0.06,-4.97) local=(0.12,-0.02,-4.81) wbirth=(2.93,0.07,-0.17) ref=(3.00,0.00) leader=(0.00,0.00) fallbacks=0
[mpc_node-3] [INFO] [1783591629.231631770] [px4_1.mpc_node_1]: [d1] solve: status=0 time=0.15ms cost=0.0 pos=(-0.02,2.89,-4.95) local=(-0.07,0.02,-5.31) wbirth=(0.05,2.87,0.36) ref=(0.00,3.00) leader=(0.00,0.00) fallbacks=0
[mpc_node-2] [INFO] [1783591629.236597475] [px4_0.mpc_node_0]: [d0] solve: status=0 time=0.22ms cost=0.0 pos=(-0.02,-0.02,-5.09) local=(0.00,-0.35,-5.09) wbirth=(-0.02,0.34,0.00) ref=(0.00,0.00) leader=(0.00,0.00) fallbacks=0
[mpc_node-4] [INFO] [1783591629.253517975] [px4_2.mpc_node_2]: [d2] solve: status=0 time=0.18ms cost=0.0 pos=(-0.04,-2.98,-5.00) local=(-0.42,-0.12,-5.28) wbirth=(0.38,-2.86,0.28) ref=(0.00,-3.00) leader=(0.00,0.00) fallbacks=0
[mpc_node-6] [INFO] [1783591629.308843069] [px4_4.mpc_node_4]: [d4] solve: status=0 time=0.19ms cost=0.0 pos=(-2.89,-0.01,-5.04) local=(0.26,-0.04,-5.72) wbirth=(-3.16,0.03,0.69) ref=(-3.00,0.00) leader=(0.00,0.00) fallbacks=0
[mpc_node-8] [INFO] [1783591630.151936284] [px4_6.mpc_node_6]: [d6] solve: status=0 time=0.18ms cost=0.0 pos=(-3.08,2.92,-5.01) local=(0.01,-0.01,-5.33) wbirth=(-3.09,2.93,0.33) ref=(-3.00,3.00) leader=(0.00,0.00) fallbacks=0
[mpc_node-10] [INFO] [1783591630.160201711] [px4_8.mpc_node_8]: [d8] solve: status=0 time=0.15ms cost=0.0 pos=(-3.07,-2.99,-4.96) local=(0.12,-0.09,-5.33) wbirth=(-3.18,-2.90,0.37) ref=(-3.00,-3.00) leader=(0.00,0.00) fallbacks=0
[mpc_node-7] [INFO] [1783591630.193617432] [px4_5.mpc_node_5]: [d5] solve: status=0 time=0.18ms cost=0.0 pos=(3.01,2.98,-5.00) local=(0.08,0.12,-5.77) wbirth=(2.93,2.86,0.77) ref=(3.00,3.00) leader=(0.00,0.00) fallbacks=0
[mpc_node-9] [INFO] [1783591630.198056938] [px4_7.mpc_node_7]: [d7] solve: status=0 time=0.20ms cost=0.0 pos=(2.93,-3.06,-4.97) local=(0.03,-0.12,-5.33) wbirth=(2.90,-2.93,0.36) ref=(3.00,-3.00) leader=(0.00,0.00) fallbacks=0
[mpc_node-5] [INFO] [1783591630.200544454] [px4_3.mpc_node_3]: [d3] solve: status=0 time=0.15ms cost=0.0 pos=(3.04,0.02,-5.01) local=(0.11,-0.06,-4.84) wbirth=(2.93,0.07,-0.17) ref=(3.00,0.00) leader=(0.00,0.00) fallbacks=0
[mpc_node-3] [INFO] [1783591630.235203093] [px4_1.mpc_node_1]: [d1] solve: status=0 time=0.17ms cost=0.0 pos=(-0.02,2.95,-4.98) local=(-0.07,0.08,-5.34) wbirth=(0.05,2.87,0.36) ref=(0.00,3.00) leader=(0.00,0.00) fallbacks=0
[mpc_node-2] [INFO] [1783591630.237743282] [px4_0.mpc_node_0]: [d0] solve: status=0 time=0.15ms cost=0.0 pos=(0.05,0.01,-5.04) local=(0.07,-0.33,-5.04) wbirth=(-0.02,0.34,0.00) ref=(0.00,0.00) leader=(0.00,0.00) fallbacks=0
[mpc_node-4] [INFO] [1783591630.253182244] [px4_2.mpc_node_2]: [d2] solve: status=0 time=0.16ms cost=0.0 pos=(-0.03,-2.97,-4.93) local=(-0.41,-0.10,-5.21) wbirth=(0.38,-2.86,0.28) ref=(0.00,-3.00) leader=(0.00,0.00) fallbacks=0
[mpc_node-6] [INFO] [1783591630.308871020] [px4_4.mpc_node_4]: [d4] solve: status=0 time=0.19ms cost=0.0 pos=(-2.93,-0.01,-5.00) local=(0.23,-0.03,-5.69) wbirth=(-3.16,0.03,0.69) ref=(-3.00,0.00) leader=(0.00,0.00) fallbacks=0
[mpc_node-8] [INFO] [1783591631.149242856] [px4_6.mpc_node_6]: [d6] solve: status=0 time=0.18ms cost=0.0 pos=(-3.01,2.94,-5.00) local=(0.08,0.00,-5.32) wbirth=(-3.09,2.93,0.33) ref=(-3.00,3.00) leader=(0.00,0.00) fallbacks=0
[mpc_node-10] [INFO] [1783591631.160396114] [px4_8.mpc_node_8]: [d8] solve: status=0 time=0.15ms cost=0.0 pos=(-3.04,-2.99,-4.97) local=(0.14,-0.08,-5.35) wbirth=(-3.18,-2.90,0.37) ref=(-3.00,-3.00) leader=(0.00,0.00) fallbacks=0
[mpc_node-7] [INFO] [1783591631.195176033] [px4_5.mpc_node_5]: [d5] solve: status=0 time=0.18ms cost=0.0 pos=(3.03,3.02,-4.98) local=(0.10,0.15,-5.76) wbirth=(2.93,2.86,0.77) ref=(3.00,3.00) leader=(0.00,0.00) fallbacks=0
[mpc_node-9] [INFO] [1783591631.197314908] [px4_7.mpc_node_7]: [d7] solve: status=0 time=0.15ms cost=0.0 pos=(2.87,-3.06,-4.94) local=(-0.03,-0.13,-5.29) wbirth=(2.90,-2.93,0.36) ref=(3.00,-3.00) leader=(0.00,0.00) fallbacks=0
[mpc_node-5] [INFO] [1783591631.201011881] [px4_3.mpc_node_3]: [d3] solve: status=0 time=0.17ms cost=0.0 pos=(3.05,0.01,-5.00) local=(0.12,-0.06,-4.83) wbirth=(2.93,0.07,-0.17) ref=(3.00,0.00) leader=(0.00,0.00) fallbacks=0
[mpc_node-3] [INFO] [1783591631.230723466] [px4_1.mpc_node_1]: [d1] solve: status=0 time=0.18ms cost=0.0 pos=(0.10,3.04,-5.03) local=(0.05,0.17,-5.39) wbirth=(0.05,2.87,0.36) ref=(0.00,3.00) leader=(0.00,0.00) fallbacks=0
[mpc_node-2] [INFO] [1783591631.237671282] [px4_0.mpc_node_0]: [d0] solve: status=0 time=0.16ms cost=0.0 pos=(0.03,0.00,-4.93) local=(0.05,-0.33,-4.93) wbirth=(-0.02,0.34,0.00) ref=(0.00,0.00) leader=(0.00,0.00) fallbacks=0
[mpc_node-4] [INFO] [1783591631.253327577] [px4_2.mpc_node_2]: [d2] solve: status=0 time=0.57ms cost=0.0 pos=(-0.08,-2.97,-4.95) local=(-0.46,-0.11,-5.23) wbirth=(0.38,-2.86,0.28) ref=(0.00,-3.00) leader=(0.00,0.00) fallbacks=0
[mpc_node-6] [INFO] [1783591631.310880352] [px4_4.mpc_node_4]: [d4] solve: status=0 time=0.19ms cost=0.0 pos=(-3.00,0.04,-4.98) local=(0.16,0.01,-5.67) wbirth=(-3.16,0.03,0.69) ref=(-3.00,0.00) leader=(0.00,0.00) fallbacks=0
[mpc_node-8] [INFO] [1783591632.149910575] [px4_6.mpc_node_6]: [d6] solve: status=0 time=0.21ms cost=0.0 pos=(-3.09,3.02,-5.04) local=(-0.00,0.08,-5.36) wbirth=(-3.09,2.93,0.33) ref=(-3.00,3.00) leader=(0.00,0.00) fallbacks=0
[mpc_node-10] [INFO] [1783591632.161382336] [px4_8.mpc_node_8]: [d8] solve: status=0 time=0.18ms cost=0.0 pos=(-2.98,-2.94,-4.96) local=(0.20,-0.04,-5.34) wbirth=(-3.18,-2.90,0.37) ref=(-3.00,-3.00) leader=(0.00,0.00) fallbacks=0
[mpc_node-7] [INFO] [1783591632.194911813] [px4_5.mpc_node_5]: [d5] solve: status=0 time=0.22ms cost=0.0 pos=(3.10,3.02,-4.97) local=(0.17,0.16,-5.75) wbirth=(2.93,2.86,0.77) ref=(3.00,3.00) leader=(0.00,0.00) fallbacks=0
[mpc_node-9] [INFO] [1783591632.197074191] [px4_7.mpc_node_7]: [d7] solve: status=0 time=0.17ms cost=0.0 pos=(2.94,-3.03,-4.94) local=(0.04,-0.09,-5.30) wbirth=(2.90,-2.93,0.36) ref=(3.00,-3.00) leader=(0.00,0.00) fallbacks=0
[mpc_node-5] [INFO] [1783591632.199778660] [px4_3.mpc_node_3]: [d3] solve: status=0 time=0.21ms cost=0.0 pos=(3.10,0.02,-4.98) local=(0.17,-0.06,-4.81) wbirth=(2.93,0.07,-0.17) ref=(3.00,0.00) leader=(0.00,0.00) fallbacks=0
[mpc_node-3] [INFO] [1783591632.230792935] [px4_1.mpc_node_1]: [d1] solve: status=0 time=0.18ms cost=0.1 pos=(0.17,3.12,-5.06) local=(0.12,0.25,-5.42) wbirth=(0.05,2.87,0.36) ref=(0.00,3.00) leader=(0.00,0.00) fallbacks=0
[mpc_node-2] [INFO] [1783591632.235884848] [px4_0.mpc_node_0]: [d0] solve: status=0 time=0.15ms cost=0.0 pos=(0.07,0.03,-5.02) local=(0.09,-0.30,-5.02) wbirth=(-0.02,0.34,0.00) ref=(0.00,0.00) leader=(0.00,0.00) fallbacks=0
[mpc_node-4] [INFO] [1783591632.254365478] [px4_2.mpc_node_2]: [d2] solve: status=0 time=0.19ms cost=0.0 pos=(-0.07,-3.02,-5.01) local=(-0.45,-0.16,-5.29) wbirth=(0.38,-2.86,0.28) ref=(0.00,-3.00) leader=(0.00,0.00) fallbacks=0
[mpc_node-6] [INFO] [1783591632.311019965] [px4_4.mpc_node_4]: [d4] solve: status=0 time=0.59ms cost=0.0 pos=(-3.01,0.02,-5.05) local=(0.14,-0.01,-5.74) wbirth=(-3.16,0.03,0.69) ref=(-3.00,0.00) leader=(0.00,0.00) fallbacks=0
[mpc_node-8] [INFO] [1783591633.149751656] [px4_6.mpc_node_6]: [d6] solve: status=0 time=0.23ms cost=0.1 pos=(-2.91,3.13,-4.95) local=(0.18,0.19,-5.28) wbirth=(-3.09,2.93,0.33) ref=(-3.00,3.00) leader=(0.00,0.00) fallbacks=0
[mpc_node-10] [INFO] [1783591633.159312756] [px4_8.mpc_node_8]: [d8] solve: status=0 time=0.15ms cost=0.0 pos=(-2.96,-2.96,-4.97) local=(0.23,-0.06,-5.34) wbirth=(-3.18,-2.90,0.37) ref=(-3.00,-3.00) leader=(0.00,0.00) fallbacks=0
[mpc_node-7] [INFO] [1783591633.193554904] [px4_5.mpc_node_5]: [d5] solve: status=0 time=0.14ms cost=0.0 pos=(3.08,3.09,-4.99) local=(0.15,0.23,-5.77) wbirth=(2.93,2.86,0.77) ref=(3.00,3.00) leader=(0.00,0.00) fallbacks=0
[mpc_node-9] [INFO] [1783591633.197811353] [px4_7.mpc_node_7]: [d7] solve: status=0 time=0.15ms cost=0.0 pos=(3.02,-3.00,-5.05) local=(0.12,-0.06,-5.41) wbirth=(2.90,-2.93,0.36) ref=(3.00,-3.00) leader=(0.00,0.00) fallbacks=0
[mpc_node-5] [INFO] [1783591633.201457583] [px4_3.mpc_node_3]: [d3] solve: status=0 time=0.15ms cost=0.0 pos=(3.10,-0.00,-5.05) local=(0.17,-0.08,-4.89) wbirth=(2.93,0.07,-0.17) ref=(3.00,0.00) leader=(0.00,0.00) fallbacks=0
[mpc_node-3] [INFO] [1783591633.230497450] [px4_1.mpc_node_1]: [d1] solve: status=0 time=0.17ms cost=0.0 pos=(0.14,3.07,-4.94) local=(0.08,0.20,-5.31) wbirth=(0.05,2.87,0.36) ref=(0.00,3.00) leader=(0.00,0.00) fallbacks=0
[mpc_node-2] [INFO] [1783591633.237841558] [px4_0.mpc_node_0]: [d0] solve: status=0 time=0.19ms cost=0.0 pos=(0.05,0.02,-5.02) local=(0.07,-0.32,-5.02) wbirth=(-0.02,0.34,0.00) ref=(0.00,0.00) leader=(0.00,0.00) fallbacks=0
[mpc_node-4] [INFO] [1783591633.252782508] [px4_2.mpc_node_2]: [d2] solve: status=0 time=0.17ms cost=0.0 pos=(-0.01,-3.01,-5.04) local=(-0.39,-0.14,-5.32) wbirth=(0.38,-2.86,0.28) ref=(0.00,-3.00) leader=(0.00,0.00) fallbacks=0
[mpc_node-6] [INFO] [1783591633.309619147] [px4_4.mpc_node_4]: [d4] solve: status=0 time=0.20ms cost=0.0 pos=(-3.09,-0.03,-5.00) local=(0.07,-0.06,-5.69) wbirth=(-3.16,0.03,0.69) ref=(-3.00,0.00) leader=(0.00,0.00) fallbacks=0
[mpc_node-8] [INFO] [1783591634.149526665] [px4_6.mpc_node_6]: [d6] solve: status=0 time=0.23ms cost=0.0 pos=(-2.90,3.07,-4.97) local=(0.19,0.14,-5.30) wbirth=(-3.09,2.93,0.33) ref=(-3.00,3.00) leader=(0.00,0.00) fallbacks=0
[mpc_node-10] [INFO] [1783591634.161494317] [px4_8.mpc_node_8]: [d8] solve: status=0 time=0.18ms cost=0.0 pos=(-2.97,-3.07,-5.02) local=(0.21,-0.17,-5.40) wbirth=(-3.18,-2.90,0.37) ref=(-3.00,-3.00) leader=(0.00,0.00) fallbacks=0
[mpc_node-7] [INFO] [1783591634.191940619] [px4_5.mpc_node_5]: [d5] solve: status=0 time=0.17ms cost=0.0 pos=(2.91,3.08,-4.95) local=(-0.02,0.22,-5.72) wbirth=(2.93,2.86,0.77) ref=(3.00,3.00) leader=(0.00,0.00) fallbacks=0
[mpc_node-9] [INFO] [1783591634.198177586] [px4_7.mpc_node_7]: [d7] solve: status=0 time=0.19ms cost=0.0 pos=(3.00,-3.01,-5.00) local=(0.10,-0.07,-5.35) wbirth=(2.90,-2.93,0.36) ref=(3.00,-3.00) leader=(0.00,0.00) fallbacks=0
[mpc_node-5] [INFO] [1783591634.199867894] [px4_3.mpc_node_3]: [d3] solve: status=0 time=0.17ms cost=0.0 pos=(2.99,-0.03,-4.98) local=(0.07,-0.10,-4.81) wbirth=(2.93,0.07,-0.17) ref=(3.00,0.00) leader=(0.00,0.00) fallbacks=0
[mpc_node-3] [INFO] [1783591634.230463803] [px4_1.mpc_node_1]: [d1] solve: status=0 time=0.21ms cost=0.0 pos=(-0.00,3.02,-4.94) local=(-0.06,0.15,-5.30) wbirth=(0.05,2.87,0.36) ref=(0.00,3.00) leader=(0.00,0.00) fallbacks=0
[mpc_node-2] [INFO] [1783591634.235500261] [px4_0.mpc_node_0]: [d0] solve: status=0 time=0.18ms cost=0.0 pos=(0.03,0.01,-5.06) local=(0.05,-0.32,-5.06) wbirth=(-0.02,0.34,0.00) ref=(0.00,0.00) leader=(0.00,0.00) fallbacks=0
[mpc_node-4] [INFO] [1783591634.251925256] [px4_2.mpc_node_2]: [d2] solve: status=0 time=0.17ms cost=0.1 pos=(0.16,-3.06,-4.94) local=(-0.22,-0.19,-5.22) wbirth=(0.38,-2.86,0.28) ref=(0.00,-3.00) leader=(0.00,0.00) fallbacks=0
[mpc_node-6] [INFO] [1783591634.310167855] [px4_4.mpc_node_4]: [d4] solve: status=0 time=0.16ms cost=0.0 pos=(-3.04,-0.05,-5.01) local=(0.12,-0.07,-5.70) wbirth=(-3.16,0.03,0.69) ref=(-3.00,0.00) leader=(0.00,0.00) fallbacks=0
[mpc_node-8] [INFO] [1783591635.154933945] [px4_6.mpc_node_6]: [d6] solve: status=0 time=0.15ms cost=0.1 pos=(-2.83,3.03,-5.04) local=(0.26,0.10,-5.36) wbirth=(-3.09,2.93,0.33) ref=(-3.00,3.00) leader=(0.00,0.00) fallbacks=0
[mpc_node-10] [INFO] [1783591635.159468255] [px4_8.mpc_node_8]: [d8] solve: status=0 time=0.18ms cost=0.0 pos=(-3.00,-3.10,-4.99) local=(0.18,-0.20,-5.37) wbirth=(-3.18,-2.90,0.37) ref=(-3.00,-3.00) leader=(0.00,0.00) fallbacks=0
[mpc_node-7] [INFO] [1783591635.192049412] [px4_5.mpc_node_5]: [d5] solve: status=0 time=0.18ms cost=0.0 pos=(2.90,3.04,-4.96) local=(-0.03,0.18,-5.74) wbirth=(2.93,2.86,0.77) ref=(3.00,3.00) leader=(0.00,0.00) fallbacks=0
[mpc_node-9] [INFO] [1783591635.197155989] [px4_7.mpc_node_7]: [d7] solve: status=0 time=0.19ms cost=0.0 pos=(3.07,-2.98,-5.05) local=(0.17,-0.05,-5.40) wbirth=(2.90,-2.93,0.36) ref=(3.00,-3.00) leader=(0.00,0.00) fallbacks=0
[mpc_node-5] [INFO] [1783591635.199848148] [px4_3.mpc_node_3]: [d3] solve: status=0 time=0.18ms cost=0.1 pos=(2.83,0.03,-5.04) local=(-0.10,-0.05,-4.88) wbirth=(2.93,0.07,-0.17) ref=(3.00,0.00) leader=(0.00,0.00) fallbacks=0
[mpc_node-3] [INFO] [1783591635.229922200] [px4_1.mpc_node_1]: [d1] solve: status=0 time=0.15ms cost=0.0 pos=(-0.08,2.96,-5.00) local=(-0.14,0.09,-5.36) wbirth=(0.05,2.87,0.36) ref=(0.00,3.00) leader=(0.00,0.00) fallbacks=0
[mpc_node-2] [INFO] [1783591635.237155019] [px4_0.mpc_node_0]: [d0] solve: status=0 time=0.22ms cost=0.0 pos=(-0.04,-0.01,-5.02) local=(-0.02,-0.35,-5.02) wbirth=(-0.02,0.34,0.00) ref=(0.00,0.00) leader=(0.00,0.00) fallbacks=0
[mpc_node-4] [INFO] [1783591635.255588613] [px4_2.mpc_node_2]: [d2] solve: status=0 time=0.18ms cost=0.1 pos=(0.22,-3.01,-4.97) local=(-0.16,-0.15,-5.25) wbirth=(0.38,-2.86,0.28) ref=(0.00,-3.00) leader=(0.00,0.00) fallbacks=0
[mpc_node-6] [INFO] [1783591635.308613386] [px4_4.mpc_node_4]: [d4] solve: status=0 time=0.16ms cost=0.0 pos=(-3.05,-0.07,-5.03) local=(0.11,-0.10,-5.72) wbirth=(-3.16,0.03,0.69) ref=(-3.00,0.00) leader=(0.00,0.00) fallbacks=0
[mpc_node-8] [INFO] [1783591636.151167119] [px4_6.mpc_node_6]: [d6] solve: status=0 time=0.27ms cost=0.0 pos=(-2.94,2.95,-5.03) local=(0.15,0.01,-5.35) wbirth=(-3.09,2.93,0.33) ref=(-3.00,3.00) leader=(0.00,0.00) fallbacks=0
[mpc_node-10] [INFO] [1783591636.161645285] [px4_8.mpc_node_8]: [d8] solve: status=0 time=0.17ms cost=0.0 pos=(-3.07,-3.06,-5.00) local=(0.11,-0.16,-5.38) wbirth=(-3.18,-2.90,0.37) ref=(-3.00,-3.00) leader=(0.00,0.00) fallbacks=0
[mpc_node-7] [INFO] [1783591636.192171723] [px4_5.mpc_node_5]: [d5] solve: status=0 time=0.15ms cost=0.0 pos=(2.96,2.96,-5.04) local=(0.03,0.10,-5.81) wbirth=(2.93,2.86,0.77) ref=(3.00,3.00) leader=(0.00,0.00) fallbacks=0
[mpc_node-9] [INFO] [1783591636.197282611] [px4_7.mpc_node_7]: [d7] solve: status=0 time=0.15ms cost=0.0 pos=(3.11,-2.98,-4.99) local=(0.21,-0.05,-5.34) wbirth=(2.90,-2.93,0.36) ref=(3.00,-3.00) leader=(0.00,0.00) fallbacks=0
[mpc_node-5] [INFO] [1783591636.200117049] [px4_3.mpc_node_3]: [d3] solve: status=0 time=0.21ms cost=0.0 pos=(2.87,0.02,-5.06) local=(-0.06,-0.06,-4.90) wbirth=(2.93,0.07,-0.17) ref=(3.00,0.00) leader=(0.00,0.00) fallbacks=0
[mpc_node-3] [INFO] [1783591636.231500546] [px4_1.mpc_node_1]: [d1] solve: status=0 time=0.26ms cost=0.1 pos=(-0.16,2.94,-4.97) local=(-0.22,0.07,-5.33) wbirth=(0.05,2.87,0.36) ref=(0.00,3.00) leader=(0.00,0.00) fallbacks=0
[mpc_node-2] [INFO] [1783591636.236369762] [px4_0.mpc_node_0]: [d0] solve: status=0 time=0.20ms cost=0.0 pos=(-0.08,-0.01,-4.97) local=(-0.06,-0.35,-4.97) wbirth=(-0.02,0.34,0.00) ref=(0.00,0.00) leader=(0.00,0.00) fallbacks=0
[mpc_node-4] [INFO] [1783591636.255555042] [px4_2.mpc_node_2]: [d2] solve: status=0 time=0.22ms cost=0.0 pos=(0.10,-2.97,-4.98) local=(-0.28,-0.10,-5.26) wbirth=(0.38,-2.86,0.28) ref=(0.00,-3.00) leader=(0.00,0.00) fallbacks=0
[mpc_node-6] [INFO] [1783591636.308867908] [px4_4.mpc_node_4]: [d4] solve: status=0 time=0.19ms cost=0.0 pos=(-2.97,-0.02,-4.97) local=(0.19,-0.05,-5.66) wbirth=(-3.16,0.03,0.69) ref=(-3.00,0.00) leader=(0.00,0.00) fallbacks=0
[mpc_node-8] [INFO] [1783591637.149124632] [px4_6.mpc_node_6]: [d6] solve: status=0 time=0.18ms cost=0.0 pos=(-3.05,2.90,-4.96) local=(0.03,-0.04,-5.29) wbirth=(-3.09,2.93,0.33) ref=(-3.00,3.00) leader=(0.00,0.00) fallbacks=0
[mpc_node-10] [INFO] [1783591637.160289442] [px4_8.mpc_node_8]: [d8] solve: status=0 time=0.21ms cost=0.0 pos=(-3.02,-3.00,-5.02) local=(0.16,-0.10,-5.39) wbirth=(-3.18,-2.90,0.37) ref=(-3.00,-3.00) leader=(0.00,0.00) fallbacks=0
[mpc_node-7] [INFO] [1783591637.192233007] [px4_5.mpc_node_5]: [d5] solve: status=0 time=0.17ms cost=0.0 pos=(3.07,2.92,-5.01) local=(0.14,0.06,-5.79) wbirth=(2.93,2.86,0.77) ref=(3.00,3.00) leader=(0.00,0.00) fallbacks=0
[mpc_node-9] [INFO] [1783591637.197312911] [px4_7.mpc_node_7]: [d7] solve: status=0 time=0.17ms cost=0.0 pos=(3.07,-2.99,-4.99) local=(0.17,-0.06,-5.34) wbirth=(2.90,-2.93,0.36) ref=(3.00,-3.00) leader=(0.00,0.00) fallbacks=0
[mpc_node-5] [INFO] [1783591637.200774340] [px4_3.mpc_node_3]: [d3] solve: status=0 time=0.18ms cost=0.0 pos=(2.95,0.01,-5.02) local=(0.02,-0.07,-4.85) wbirth=(2.93,0.07,-0.17) ref=(3.00,0.00) leader=(0.00,0.00) fallbacks=0
[mpc_node-3] [INFO] [1783591637.232172840] [px4_1.mpc_node_1]: [d1] solve: status=0 time=0.23ms cost=0.0 pos=(-0.12,2.98,-4.99) local=(-0.18,0.11,-5.35) wbirth=(0.05,2.87,0.36) ref=(0.00,3.00) leader=(0.00,0.00) fallbacks=0
[mpc_node-2] [INFO] [1783591637.236169105] [px4_0.mpc_node_0]: [d0] solve: status=0 time=0.16ms cost=0.0 pos=(-0.09,-0.00,-4.98) local=(-0.07,-0.34,-4.98) wbirth=(-0.02,0.34,0.00) ref=(0.00,0.00) leader=(0.00,0.00) fallbacks=0
[mpc_node-4] [INFO] [1783591637.254886479] [px4_2.mpc_node_2]: [d2] solve: status=0 time=0.18ms cost=0.0 pos=(-0.07,-2.98,-5.01) local=(-0.45,-0.11,-5.29) wbirth=(0.38,-2.86,0.28) ref=(0.00,-3.00) leader=(0.00,0.00) fallbacks=0
[mpc_node-6] [INFO] [1783591637.308547117] [px4_4.mpc_node_4]: [d4] solve: status=0 time=0.16ms cost=0.0 pos=(-2.90,0.02,-5.06) local=(0.26,-0.00,-5.75) wbirth=(-3.16,0.03,0.69) ref=(-3.00,0.00) leader=(0.00,0.00) fallbacks=0
[mpc_node-8] [INFO] [1783591638.150385679] [px4_6.mpc_node_6]: [d6] solve: status=0 time=0.15ms cost=0.1 pos=(-3.20,2.92,-5.01) local=(-0.11,-0.01,-5.33) wbirth=(-3.09,2.93,0.33) ref=(-3.00,3.00) leader=(0.00,0.00) fallbacks=0
[mpc_node-10] [INFO] [1783591638.160699262] [px4_8.mpc_node_8]: [d8] solve: status=0 time=0.20ms cost=0.0 pos=(-3.01,-2.93,-5.03) local=(0.17,-0.02,-5.40) wbirth=(-3.18,-2.90,0.37) ref=(-3.00,-3.00) leader=(0.00,0.00) fallbacks=0
[mpc_node-7] [INFO] [1783591638.193385445] [px4_5.mpc_node_5]: [d5] solve: status=0 time=0.17ms cost=0.0 pos=(3.05,2.98,-4.96) local=(0.12,0.12,-5.73) wbirth=(2.93,2.86,0.77) ref=(3.00,3.00) leader=(0.00,0.00) fallbacks=0
[mpc_node-9] [INFO] [1783591638.196996285] [px4_7.mpc_node_7]: [d7] solve: status=0 time=0.15ms cost=0.0 pos=(2.98,-3.00,-5.01) local=(0.08,-0.07,-5.37) wbirth=(2.90,-2.93,0.36) ref=(3.00,-3.00) leader=(0.00,0.00) fallbacks=0
[mpc_node-5] [INFO] [1783591638.200462723] [px4_3.mpc_node_3]: [d3] solve: status=0 time=0.18ms cost=0.0 pos=(3.05,-0.01,-5.01) local=(0.12,-0.08,-4.84) wbirth=(2.93,0.07,-0.17) ref=(3.00,0.00) leader=(0.00,0.00) fallbacks=0
[mpc_node-3] [INFO] [1783591638.231921073] [px4_1.mpc_node_1]: [d1] solve: status=0 time=0.19ms cost=0.0 pos=(0.01,3.00,-5.05) local=(-0.04,0.14,-5.41) wbirth=(0.05,2.87,0.36) ref=(0.00,3.00) leader=(0.00,0.00) fallbacks=0
[mpc_node-2] [INFO] [1783591638.236968737] [px4_0.mpc_node_0]: [d0] solve: status=0 time=0.22ms cost=0.0 pos=(-0.03,0.01,-4.99) local=(-0.01,-0.33,-4.99) wbirth=(-0.02,0.34,0.00) ref=(0.00,0.00) leader=(0.00,0.00) fallbacks=0
[mpc_node-4] [INFO] [1783591638.255976873] [px4_2.mpc_node_2]: [d2] solve: status=0 time=0.25ms cost=0.1 pos=(-0.19,-2.93,-5.03) local=(-0.57,-0.06,-5.31) wbirth=(0.38,-2.86,0.28) ref=(0.00,-3.00) leader=(0.00,0.00) fallbacks=0
[mpc_node-6] [INFO] [1783591638.309871029] [px4_4.mpc_node_4]: [d4] solve: status=0 time=0.17ms cost=0.0 pos=(-2.90,0.02,-4.91) local=(0.26,-0.01,-5.60) wbirth=(-3.16,0.03,0.69) ref=(-3.00,0.00) leader=(0.00,0.00) fallbacks=0
[mpc_node-8] [INFO] [1783591639.149089167] [px4_6.mpc_node_6]: [d6] solve: status=0 time=0.19ms cost=0.1 pos=(-3.16,2.96,-4.95) local=(-0.08,0.03,-5.28) wbirth=(-3.09,2.93,0.33) ref=(-3.00,3.00) leader=(0.00,0.00) fallbacks=0
[mpc_node-10] [INFO] [1783591639.159484594] [px4_8.mpc_node_8]: [d8] solve: status=0 time=0.15ms cost=0.0 pos=(-2.94,-2.92,-4.99) local=(0.24,-0.02,-5.36) wbirth=(-3.18,-2.90,0.37) ref=(-3.00,-3.00) leader=(0.00,0.00) fallbacks=0
[mpc_node-7] [INFO] [1783591639.193854777] [px4_5.mpc_node_5]: [d5] solve: status=0 time=0.22ms cost=0.0 pos=(2.99,2.95,-5.02) local=(0.06,0.09,-5.79) wbirth=(2.93,2.86,0.77) ref=(3.00,3.00) leader=(0.00,0.00) fallbacks=0
[mpc_node-9] [INFO] [1783591639.198388818] [px4_7.mpc_node_7]: [d7] solve: status=0 time=0.21ms cost=0.0 pos=(2.88,-3.06,-5.03) local=(-0.02,-0.13,-5.39) wbirth=(2.90,-2.93,0.36) ref=(3.00,-3.00) leader=(0.00,0.00) fallbacks=0
[mpc_node-5] [INFO] [1783591639.200264390] [px4_3.mpc_node_3]: [d3] solve: status=0 time=0.17ms cost=0.0 pos=(3.08,-0.02,-5.02) local=(0.15,-0.10,-4.86) wbirth=(2.93,0.07,-0.17) ref=(3.00,0.00) leader=(0.00,0.00) fallbacks=0
[mpc_node-3] [INFO] [1783591639.231040454] [px4_1.mpc_node_1]: [d1] solve: status=0 time=0.16ms cost=0.0 pos=(0.04,3.03,-5.06) local=(-0.01,0.16,-5.42) wbirth=(0.05,2.87,0.36) ref=(0.00,3.00) leader=(0.00,0.00) fallbacks=0
[mpc_node-2] [INFO] [1783591639.235803522] [px4_0.mpc_node_0]: [d0] solve: status=0 time=0.18ms cost=0.0 pos=(0.02,0.04,-5.03) local=(0.04,-0.30,-5.03) wbirth=(-0.02,0.34,0.00) ref=(0.00,0.00) leader=(0.00,0.00) fallbacks=0
[mpc_node-4] [INFO] [1783591639.253920695] [px4_2.mpc_node_2]: [d2] solve: status=0 time=0.17ms cost=0.0 pos=(-0.13,-2.98,-5.06) local=(-0.51,-0.12,-5.34) wbirth=(0.38,-2.86,0.28) ref=(0.00,-3.00) leader=(0.00,0.00) fallbacks=0
[mpc_node-6] [INFO] [1783591639.310219377] [px4_4.mpc_node_4]: [d4] solve: status=0 time=0.16ms cost=0.0 pos=(-2.91,0.07,-5.02) local=(0.25,0.04,-5.71) wbirth=(-3.16,0.03,0.69) ref=(-3.00,0.00) leader=(0.00,0.00) fallbacks=0
[mpc_node-8] [INFO] [1783591640.150077249] [px4_6.mpc_node_6]: [d6] solve: status=0 time=0.19ms cost=0.0 pos=(-3.05,3.07,-5.01) local=(0.04,0.13,-5.34) wbirth=(-3.09,2.93,0.33) ref=(-3.00,3.00) leader=(0.00,0.00) fallbacks=0
[mpc_node-10] [INFO] [1783591640.160975749] [px4_8.mpc_node_8]: [d8] solve: status=0 time=0.21ms cost=0.0 pos=(-3.00,-2.92,-5.01) local=(0.18,-0.01,-5.38) wbirth=(-3.18,-2.90,0.37) ref=(-3.00,-3.00) leader=(0.00,0.00) fallbacks=0
[mpc_node-7] [INFO] [1783591640.193222159] [px4_5.mpc_node_5]: [d5] solve: status=0 time=0.16ms cost=0.0 pos=(3.02,2.94,-5.03) local=(0.09,0.08,-5.80) wbirth=(2.93,2.86,0.77) ref=(3.00,3.00) leader=(0.00,0.00) fallbacks=0
[mpc_node-9] [INFO] [1783591640.198138965] [px4_7.mpc_node_7]: [d7] solve: status=0 time=0.18ms cost=0.0 pos=(2.95,-3.05,-4.98) local=(0.05,-0.11,-5.33) wbirth=(2.90,-2.93,0.36) ref=(3.00,-3.00) leader=(0.00,0.00) fallbacks=0
[mpc_node-5] [INFO] [1783591640.201050330] [px4_3.mpc_node_3]: [d3] solve: status=0 time=0.17ms cost=0.0 pos=(3.07,-0.06,-5.11) local=(0.14,-0.13,-4.94) wbirth=(2.93,0.07,-0.17) ref=(3.00,0.00) leader=(0.00,0.00) fallbacks=0
[mpc_node-3] [INFO] [1783591640.231401938] [px4_1.mpc_node_1]: [d1] solve: status=0 time=0.21ms cost=0.0 pos=(0.10,3.05,-4.98) local=(0.05,0.18,-5.34) wbirth=(0.05,2.87,0.36) ref=(0.00,3.00) leader=(0.00,0.00) fallbacks=0
[mpc_node-2] [INFO] [1783591640.236065226] [px4_0.mpc_node_0]: [d0] solve: status=0 time=0.16ms cost=0.0 pos=(0.03,0.00,-4.97) local=(0.05,-0.34,-4.97) wbirth=(-0.02,0.34,0.00) ref=(0.00,0.00) leader=(0.00,0.00) fallbacks=0
[mpc_node-4] [INFO] [1783591640.252912826] [px4_2.mpc_node_2]: [d2] solve: status=0 time=0.18ms cost=0.0 pos=(-0.05,-3.04,-5.03) local=(-0.43,-0.17,-5.31) wbirth=(0.38,-2.86,0.28) ref=(0.00,-3.00) leader=(0.00,0.00) fallbacks=0
[mpc_node-6] [INFO] [1783591640.308895517] [px4_4.mpc_node_4]: [d4] solve: status=0 time=0.24ms cost=0.0 pos=(-3.01,0.09,-5.07) local=(0.15,0.06,-5.76) wbirth=(-3.16,0.03,0.69) ref=(-3.00,0.00) leader=(0.00,0.00) fallbacks=0
[mpc_node-8] [INFO] [1783591641.149990603] [px4_6.mpc_node_6]: [d6] solve: status=0 time=0.18ms cost=0.0 pos=(-2.99,3.06,-5.03) local=(0.10,0.13,-5.35) wbirth=(-3.09,2.93,0.33) ref=(-3.00,3.00) leader=(0.00,0.00) fallbacks=0
[mpc_node-10] [INFO] [1783591641.159469157] [px4_8.mpc_node_8]: [d8] solve: status=0 time=0.15ms cost=0.0 pos=(-3.04,-3.00,-4.97) local=(0.14,-0.10,-5.34) wbirth=(-3.18,-2.90,0.37) ref=(-3.00,-3.00) leader=(0.00,0.00) fallbacks=0
[mpc_node-7] [INFO] [1783591641.192995734] [px4_5.mpc_node_5]: [d5] solve: status=0 time=0.17ms cost=0.0 pos=(3.03,3.02,-4.95) local=(0.11,0.15,-5.72) wbirth=(2.93,2.86,0.77) ref=(3.00,3.00) leader=(0.00,0.00) fallbacks=0
[mpc_node-9] [INFO] [1783591641.197677223] [px4_7.mpc_node_7]: [d7] solve: status=0 time=0.18ms cost=0.0 pos=(3.02,-2.97,-4.96) local=(0.12,-0.03,-5.32) wbirth=(2.90,-2.93,0.36) ref=(3.00,-3.00) leader=(0.00,0.00) fallbacks=0
[mpc_node-5] [INFO] [1783591641.202106490] [px4_3.mpc_node_3]: [d3] solve: status=0 time=0.17ms cost=0.0 pos=(2.99,-0.03,-4.98) local=(0.07,-0.11,-4.82) wbirth=(2.93,0.07,-0.17) ref=(3.00,0.00) leader=(0.00,0.00) fallbacks=0
[mpc_node-3] [INFO] [1783591641.230641760] [px4_1.mpc_node_1]: [d1] solve: status=0 time=0.17ms cost=0.0 pos=(0.10,3.05,-4.95) local=(0.05,0.18,-5.31) wbirth=(0.05,2.87,0.36) ref=(0.00,3.00) leader=(0.00,0.00) fallbacks=0
[mpc_node-2] [INFO] [1783591641.236781839] [px4_0.mpc_node_0]: [d0] solve: status=0 time=0.18ms cost=0.0 pos=(-0.01,-0.00,-5.01) local=(0.01,-0.34,-5.01) wbirth=(-0.02,0.34,0.00) ref=(0.00,0.00) leader=(0.00,0.00) fallbacks=0
[mpc_node-4] [INFO] [1783591641.252994314] [px4_2.mpc_node_2]: [d2] solve: status=0 time=0.17ms cost=0.0 pos=(0.07,-3.08,-5.06) local=(-0.31,-0.21,-5.34) wbirth=(0.38,-2.86,0.28) ref=(0.00,-3.00) leader=(0.00,0.00) fallbacks=0
[mpc_node-6] [INFO] [1783591641.308721845] [px4_4.mpc_node_4]: [d4] solve: status=0 time=0.16ms cost=0.1 pos=(-3.13,0.10,-4.98) local=(0.02,0.07,-5.66) wbirth=(-3.16,0.03,0.69) ref=(-3.00,0.00) leader=(0.00,0.00) fallbacks=0
[mpc_node-8] [INFO] [1783591642.151106117] [px4_6.mpc_node_6]: [d6] solve: status=0 time=0.17ms cost=0.0 pos=(-2.91,3.01,-5.04) local=(0.18,0.07,-5.36) wbirth=(-3.09,2.93,0.33) ref=(-3.00,3.00) leader=(0.00,0.00) fallbacks=0
[mpc_node-10] [INFO] [1783591642.159239884] [px4_8.mpc_node_8]: [d8] solve: status=0 time=0.17ms cost=0.0 pos=(-3.01,-2.99,-5.07) local=(0.17,-0.09,-5.44) wbirth=(-3.18,-2.90,0.37) ref=(-3.00,-3.00) leader=(0.00,0.00) fallbacks=0
[mpc_node-7] [INFO] [1783591642.193414358] [px4_5.mpc_node_5]: [d5] solve: status=0 time=0.17ms cost=0.0 pos=(3.03,3.09,-5.03) local=(0.10,0.23,-5.81) wbirth=(2.93,2.86,0.77) ref=(3.00,3.00) leader=(0.00,0.00) fallbacks=0
[mpc_node-9] [INFO] [1783591642.198084974] [px4_7.mpc_node_7]: [d7] solve: status=0 time=0.18ms cost=0.0 pos=(3.00,-2.90,-5.00) local=(0.10,0.03,-5.35) wbirth=(2.90,-2.93,0.36) ref=(3.00,-3.00) leader=(0.00,0.00) fallbacks=0
[mpc_node-5] [INFO] [1783591642.199677276] [px4_3.mpc_node_3]: [d3] solve: status=0 time=0.17ms cost=0.0 pos=(2.98,-0.00,-4.96) local=(0.05,-0.08,-4.79) wbirth=(2.93,0.07,-0.17) ref=(3.00,0.00) leader=(0.00,0.00) fallbacks=0
[mpc_node-3] [INFO] [1783591642.231847583] [px4_1.mpc_node_1]: [d1] solve: status=0 time=0.17ms cost=0.0 pos=(0.02,3.01,-5.03) local=(-0.03,0.14,-5.39) wbirth=(0.05,2.87,0.36) ref=(0.00,3.00) leader=(0.00,0.00) fallbacks=0
[mpc_node-2] [INFO] [1783591642.235621158] [px4_0.mpc_node_0]: [d0] solve: status=0 time=0.18ms cost=0.0 pos=(0.06,0.02,-5.00) local=(0.08,-0.32,-5.00) wbirth=(-0.02,0.34,0.00) ref=(0.00,0.00) leader=(0.00,0.00) fallbacks=0
[mpc_node-4] [INFO] [1783591642.251986624] [px4_2.mpc_node_2]: [d2] solve: status=0 time=0.14ms cost=0.0 pos=(0.03,-3.02,-4.99) local=(-0.35,-0.16,-5.27) wbirth=(0.38,-2.86,0.28) ref=(0.00,-3.00) leader=(0.00,0.00) fallbacks=0
[mpc_node-6] [INFO] [1783591642.310987088] [px4_4.mpc_node_4]: [d4] solve: status=0 time=0.19ms cost=0.0 pos=(-3.08,0.01,-5.00) local=(0.08,-0.01,-5.69) wbirth=(-3.16,0.03,0.69) ref=(-3.00,0.00) leader=(0.00,0.00) fallbacks=0
[mpc_node-8] [INFO] [1783591643.150346132] [px4_6.mpc_node_6]: [d6] solve: status=0 time=0.17ms cost=0.0 pos=(-2.90,2.95,-4.99) local=(0.19,0.02,-5.31) wbirth=(-3.09,2.93,0.33) ref=(-3.00,3.00) leader=(0.00,0.00) fallbacks=0
[mpc_node-10] [INFO] [1783591643.159843918] [px4_8.mpc_node_8]: [d8] solve: status=0 time=0.21ms cost=0.0 pos=(-2.97,-3.03,-5.00) local=(0.21,-0.13,-5.37) wbirth=(-3.18,-2.90,0.37) ref=(-3.00,-3.00) leader=(0.00,0.00) fallbacks=0
[mpc_node-7] [INFO] [1783591643.193555636] [px4_5.mpc_node_5]: [d5] solve: status=0 time=0.14ms cost=0.0 pos=(2.97,3.10,-5.02) local=(0.04,0.23,-5.80) wbirth=(2.93,2.86,0.77) ref=(3.00,3.00) leader=(0.00,0.00) fallbacks=0
[mpc_node-9] [INFO] [1783591643.196975153] [px4_7.mpc_node_7]: [d7] solve: status=0 time=0.18ms cost=0.0 pos=(3.02,-2.95,-5.01) local=(0.12,-0.02,-5.37) wbirth=(2.90,-2.93,0.36) ref=(3.00,-3.00) leader=(0.00,0.00) fallbacks=0
[mpc_node-5] [INFO] [1783591643.200080921] [px4_3.mpc_node_3]: [d3] solve: status=0 time=0.17ms cost=0.0 pos=(2.99,0.07,-4.95) local=(0.07,-0.01,-4.78) wbirth=(2.93,0.07,-0.17) ref=(3.00,0.00) leader=(0.00,0.00) fallbacks=0
[mpc_node-3] [INFO] [1783591643.231788261] [px4_1.mpc_node_1]: [d1] solve: status=0 time=0.18ms cost=0.0 pos=(0.00,3.02,-4.98) local=(-0.05,0.15,-5.35) wbirth=(0.05,2.87,0.36) ref=(0.00,3.00) leader=(0.00,0.00) fallbacks=0
[mpc_node-2] [INFO] [1783591643.237008134] [px4_0.mpc_node_0]: [d0] solve: status=0 time=0.15ms cost=0.0 pos=(0.05,0.00,-5.01) local=(0.07,-0.33,-5.01) wbirth=(-0.02,0.34,0.00) ref=(0.00,0.00) leader=(0.00,0.00) fallbacks=0
[mpc_node-4] [INFO] [1783591643.252862417] [px4_2.mpc_node_2]: [d2] solve: status=0 time=0.21ms cost=0.0 pos=(0.07,-3.01,-5.01) local=(-0.31,-0.14,-5.29) wbirth=(0.38,-2.86,0.28) ref=(0.00,-3.00) leader=(0.00,0.00) fallbacks=0
[mpc_node-6] [INFO] [1783591643.308489989] [px4_4.mpc_node_4]: [d4] solve: status=0 time=0.19ms cost=0.0 pos=(-3.12,-0.05,-4.97) local=(0.04,-0.08,-5.66) wbirth=(-3.16,0.03,0.69) ref=(-3.00,0.00) leader=(0.00,0.00) fallbacks=0
[mpc_node-8] [INFO] [1783591644.151471638] [px4_6.mpc_node_6]: [d6] solve: status=0 time=0.18ms cost=0.0 pos=(-2.90,2.95,-5.04) local=(0.19,0.01,-5.37) wbirth=(-3.09,2.93,0.33) ref=(-3.00,3.00) leader=(0.00,0.00) fallbacks=0
[mpc_node-10] [INFO] [1783591644.161632368] [px4_8.mpc_node_8]: [d8] solve: status=0 time=0.18ms cost=0.0 pos=(-2.98,-3.10,-4.98) local=(0.20,-0.20,-5.35) wbirth=(-3.18,-2.90,0.37) ref=(-3.00,-3.00) leader=(0.00,0.00) fallbacks=0
[mpc_node-7] [INFO] [1783591644.193709298] [px4_5.mpc_node_5]: [d5] solve: status=0 time=0.15ms cost=0.0 pos=(2.98,3.03,-5.00) local=(0.05,0.16,-5.77) wbirth=(2.93,2.86,0.77) ref=(3.00,3.00) leader=(0.00,0.00) fallbacks=0
[mpc_node-9] [INFO] [1783591644.197046345] [px4_7.mpc_node_7]: [d7] solve: status=0 time=0.17ms cost=0.0 pos=(3.02,-3.01,-4.96) local=(0.12,-0.07,-5.32) wbirth=(2.90,-2.93,0.36) ref=(3.00,-3.00) leader=(0.00,0.00) fallbacks=0
[mpc_node-5] [INFO] [1783591644.201298560] [px4_3.mpc_node_3]: [d3] solve: status=0 time=0.18ms cost=0.0 pos=(3.00,0.07,-4.95) local=(0.08,-0.01,-4.78) wbirth=(2.93,0.07,-0.17) ref=(3.00,0.00) leader=(0.00,0.00) fallbacks=0
[mpc_node-3] [INFO] [1783591644.231585099] [px4_1.mpc_node_1]: [d1] solve: status=0 time=0.18ms cost=0.0 pos=(-0.06,2.99,-5.03) local=(-0.11,0.12,-5.39) wbirth=(0.05,2.87,0.36) ref=(0.00,3.00) leader=(0.00,0.00) fallbacks=0
[mpc_node-2] [INFO] [1783591644.238209349] [px4_0.mpc_node_0]: [d0] solve: status=0 time=0.18ms cost=0.0 pos=(0.02,0.01,-5.05) local=(0.04,-0.33,-5.05) wbirth=(-0.02,0.34,0.00) ref=(0.00,0.00) leader=(0.00,0.00) fallbacks=0
[mpc_node-4] [INFO] [1783591644.253598397] [px4_2.mpc_node_2]: [d2] solve: status=0 time=0.18ms cost=0.0 pos=(0.04,-2.90,-5.01) local=(-0.34,-0.04,-5.29) wbirth=(0.38,-2.86,0.28) ref=(0.00,-3.00) leader=(0.00,0.00) fallbacks=0
[mpc_node-6] [INFO] [1783591644.309623679] [px4_4.mpc_node_4]: [d4] solve: status=0 time=0.17ms cost=0.1 pos=(-3.09,-0.14,-4.99) local=(0.07,-0.17,-5.68) wbirth=(-3.16,0.03,0.69) ref=(-3.00,0.00) leader=(0.00,0.00) fallbacks=0
[mpc_node-8] [INFO] [1783591645.151478609] [px4_6.mpc_node_6]: [d6] solve: status=0 time=0.18ms cost=0.0 pos=(-2.90,2.96,-5.01) local=(0.19,0.03,-5.34) wbirth=(-3.09,2.93,0.33) ref=(-3.00,3.00) leader=(0.00,0.00) fallbacks=0
[mpc_node-10] [INFO] [1783591645.160385503] [px4_8.mpc_node_8]: [d8] solve: status=0 time=0.18ms cost=0.0 pos=(-2.97,-3.13,-4.98) local=(0.21,-0.22,-5.35) wbirth=(-3.18,-2.90,0.37) ref=(-3.00,-3.00) leader=(0.00,0.00) fallbacks=0
[mpc_node-7] [INFO] [1783591645.195335222] [px4_5.mpc_node_5]: [d5] solve: status=0 time=0.14ms cost=0.0 pos=(2.85,3.01,-5.01) local=(-0.08,0.14,-5.78) wbirth=(2.93,2.86,0.77) ref=(3.00,3.00) leader=(0.00,0.00) fallbacks=0
[mpc_node-9] [INFO] [1783591645.197050468] [px4_7.mpc_node_7]: [d7] solve: status=0 time=0.17ms cost=0.0 pos=(3.02,-3.05,-5.04) local=(0.12,-0.11,-5.40) wbirth=(2.90,-2.93,0.36) ref=(3.00,-3.00) leader=(0.00,0.00) fallbacks=0
[mpc_node-5] [INFO] [1783591645.201558879] [px4_3.mpc_node_3]: [d3] solve: status=0 time=0.14ms cost=0.0 pos=(2.98,0.00,-4.99) local=(0.05,-0.07,-4.83) wbirth=(2.93,0.07,-0.17) ref=(3.00,0.00) leader=(0.00,0.00) fallbacks=0
[mpc_node-3] [INFO] [1783591645.230174974] [px4_1.mpc_node_1]: [d1] solve: status=0 time=0.14ms cost=0.0 pos=(-0.06,2.95,-5.03) local=(-0.11,0.08,-5.39) wbirth=(0.05,2.87,0.36) ref=(0.00,3.00) leader=(0.00,0.00) fallbacks=0
[mpc_node-2] [INFO] [1783591645.237937578] [px4_0.mpc_node_0]: [d0] solve: status=0 time=0.15ms cost=0.0 pos=(-0.04,-0.05,-5.03) local=(-0.02,-0.39,-5.03) wbirth=(-0.02,0.34,0.00) ref=(0.00,0.00) leader=(0.00,0.00) fallbacks=0
[mpc_node-4] [INFO] [1783591645.254094328] [px4_2.mpc_node_2]: [d2] solve: status=0 time=0.20ms cost=0.0 pos=(-0.00,-2.90,-4.96) local=(-0.38,-0.04,-5.24) wbirth=(0.38,-2.86,0.28) ref=(0.00,-3.00) leader=(0.00,0.00) fallbacks=0
[mpc_node-6] [INFO] [1783591645.309659527] [px4_4.mpc_node_4]: [d4] solve: status=0 time=0.18ms cost=0.0 pos=(-3.02,-0.13,-5.02) local=(0.14,-0.16,-5.71) wbirth=(-3.16,0.03,0.69) ref=(-3.00,0.00) leader=(0.00,0.00) fallbacks=0
[mpc_node-8] [INFO] [1783591646.149631616] [px4_6.mpc_node_6]: [d6] solve: status=0 time=0.18ms cost=0.0 pos=(-3.00,2.99,-4.96) local=(0.09,0.05,-5.29) wbirth=(-3.09,2.93,0.33) ref=(-3.00,3.00) leader=(0.00,0.00) fallbacks=0
[mpc_node-10] [INFO] [1783591646.160978238] [px4_8.mpc_node_8]: [d8] solve: status=0 time=0.15ms cost=0.0 pos=(-3.03,-3.07,-4.98) local=(0.15,-0.16,-5.35) wbirth=(-3.18,-2.90,0.37) ref=(-3.00,-3.00) leader=(0.00,0.00) fallbacks=0
[mpc_node-7] [INFO] [1783591646.193490901] [px4_5.mpc_node_5]: [d5] solve: status=0 time=0.17ms cost=0.0 pos=(2.88,2.97,-4.95) local=(-0.05,0.10,-5.72) wbirth=(2.93,2.86,0.77) ref=(3.00,3.00) leader=(0.00,0.00) fallbacks=0
[mpc_node-9] [INFO] [1783591646.196910958] [px4_7.mpc_node_7]: [d7] solve: status=0 time=0.17ms cost=0.0 pos=(3.05,-3.06,-4.98) local=(0.15,-0.13,-5.34) wbirth=(2.90,-2.93,0.36) ref=(3.00,-3.00) leader=(0.00,0.00) fallbacks=0
[mpc_node-5] [INFO] [1783591646.200581762] [px4_3.mpc_node_3]: [d3] solve: status=0 time=0.15ms cost=0.0 pos=(3.01,-0.01,-5.02) local=(0.09,-0.09,-4.86) wbirth=(2.93,0.07,-0.17) ref=(3.00,0.00) leader=(0.00,0.00) fallbacks=0
[mpc_node-3] [INFO] [1783591646.230304125] [px4_1.mpc_node_1]: [d1] solve: status=0 time=0.21ms cost=0.0 pos=(0.07,2.98,-4.97) local=(0.01,0.11,-5.33) wbirth=(0.05,2.87,0.36) ref=(0.00,3.00) leader=(0.00,0.00) fallbacks=0
[mpc_node-2] [INFO] [1783591646.237668318] [px4_0.mpc_node_0]: [d0] solve: status=0 time=0.18ms cost=0.0 pos=(0.04,0.02,-5.04) local=(0.06,-0.32,-5.04) wbirth=(-0.02,0.34,0.00) ref=(0.00,0.00) leader=(0.00,0.00) fallbacks=0
[mpc_node-4] [INFO] [1783591646.254025976] [px4_2.mpc_node_2]: [d2] solve: status=0 time=0.17ms cost=0.0 pos=(-0.13,-2.96,-4.95) local=(-0.51,-0.09,-5.23) wbirth=(0.38,-2.86,0.28) ref=(0.00,-3.00) leader=(0.00,0.00) fallbacks=0
[mpc_node-6] [INFO] [1783591646.309730067] [px4_4.mpc_node_4]: [d4] solve: status=0 time=0.15ms cost=0.0 pos=(-2.90,-0.04,-5.00) local=(0.26,-0.07,-5.68) wbirth=(-3.16,0.03,0.69) ref=(-3.00,0.00) leader=(0.00,0.00) fallbacks=0
[mpc_node-8] [INFO] [1783591647.150584895] [px4_6.mpc_node_6]: [d6] solve: status=0 time=0.17ms cost=0.0 pos=(-3.07,2.97,-4.94) local=(0.02,0.03,-5.27) wbirth=(-3.09,2.93,0.33) ref=(-3.00,3.00) leader=(0.00,0.00) fallbacks=0
[mpc_node-10] [INFO] [1783591647.160118980] [px4_8.mpc_node_8]: [d8] solve: status=0 time=0.18ms cost=0.0 pos=(-3.04,-3.01,-5.04) local=(0.14,-0.11,-5.41) wbirth=(-3.18,-2.90,0.37) ref=(-3.00,-3.00) leader=(0.00,0.00) fallbacks=0
[mpc_node-7] [INFO] [1783591647.194430649] [px4_5.mpc_node_5]: [d5] solve: status=0 time=0.21ms cost=0.0 pos=(3.04,2.92,-4.99) local=(0.11,0.05,-5.76) wbirth=(2.93,2.86,0.77) ref=(3.00,3.00) leader=(0.00,0.00) fallbacks=0
[mpc_node-9] [INFO] [1783591647.197358882] [px4_7.mpc_node_7]: [d7] solve: status=0 time=0.18ms cost=0.0 pos=(3.00,-3.07,-5.01) local=(0.10,-0.14,-5.37) wbirth=(2.90,-2.93,0.36) ref=(3.00,-3.00) leader=(0.00,0.00) fallbacks=0
[mpc_node-5] [INFO] [1783591647.199136401] [px4_3.mpc_node_3]: [d3] solve: status=0 time=0.14ms cost=0.0 pos=(2.99,-0.04,-4.96) local=(0.06,-0.11,-4.79) wbirth=(2.93,0.07,-0.17) ref=(3.00,0.00) leader=(0.00,0.00) fallbacks=0
[mpc_node-3] [INFO] [1783591647.229851778] [px4_1.mpc_node_1]: [d1] solve: status=0 time=0.18ms cost=0.0 pos=(0.09,3.04,-5.00) local=(0.03,0.17,-5.36) wbirth=(0.05,2.87,0.36) ref=(0.00,3.00) leader=(0.00,0.00) fallbacks=0
[mpc_node-2] [INFO] [1783591647.235241744] [px4_0.mpc_node_0]: [d0] solve: status=0 time=0.17ms cost=0.0 pos=(0.02,0.07,-4.96) local=(0.04,-0.27,-4.96) wbirth=(-0.02,0.34,0.00) ref=(0.00,0.00) leader=(0.00,0.00) fallbacks=0
[mpc_node-4] [INFO] [1783591647.251795106] [px4_2.mpc_node_2]: [d2] solve: status=0 time=0.15ms cost=0.0 pos=(-0.09,-3.05,-4.96) local=(-0.47,-0.18,-5.24) wbirth=(0.38,-2.86,0.28) ref=(0.00,-3.00) leader=(0.00,0.00) fallbacks=0
[mpc_node-6] [INFO] [1783591647.309507414] [px4_4.mpc_node_4]: [d4] solve: status=0 time=0.17ms cost=0.0 pos=(-2.87,0.00,-4.99) local=(0.29,-0.03,-5.68) wbirth=(-3.16,0.03,0.69) ref=(-3.00,0.00) leader=(0.00,0.00) fallbacks=0
[mpc_node-8] [INFO] [1783591648.150559589] [px4_6.mpc_node_6]: [d6] solve: status=0 time=0.15ms cost=0.0 pos=(-3.07,3.01,-4.93) local=(0.02,0.08,-5.26) wbirth=(-3.09,2.93,0.33) ref=(-3.00,3.00) leader=(0.00,0.00) fallbacks=0
[mpc_node-10] [INFO] [1783591648.159674173] [px4_8.mpc_node_8]: [d8] solve: status=0 time=0.14ms cost=0.0 pos=(-3.00,-2.95,-4.99) local=(0.18,-0.05,-5.36) wbirth=(-3.18,-2.90,0.37) ref=(-3.00,-3.00) leader=(0.00,0.00) fallbacks=0
[mpc_node-7] [INFO] [1783591648.195385966] [px4_5.mpc_node_5]: [d5] solve: status=0 time=0.21ms cost=0.1 pos=(3.13,2.91,-4.99) local=(0.20,0.05,-5.76) wbirth=(2.93,2.86,0.77) ref=(3.00,3.00) leader=(0.00,0.00) fallbacks=0
[mpc_node-9] [INFO] [1783591648.197876090] [px4_7.mpc_node_7]: [d7] solve: status=0 time=0.15ms cost=0.0 pos=(3.02,-2.97,-4.98) local=(0.12,-0.04,-5.34) wbirth=(2.90,-2.93,0.36) ref=(3.00,-3.00) leader=(0.00,0.00) fallbacks=0
[mpc_node-5] [INFO] [1783591648.199980940] [px4_3.mpc_node_3]: [d3] solve: status=0 time=0.17ms cost=0.0 pos=(3.00,-0.05,-4.98) local=(0.07,-0.12,-4.81) wbirth=(2.93,0.07,-0.17) ref=(3.00,0.00) leader=(0.00,0.00) fallbacks=0
[mpc_node-3] [INFO] [1783591648.231689050] [px4_1.mpc_node_1]: [d1] solve: status=0 time=0.15ms cost=0.0 pos=(0.06,3.04,-5.05) local=(0.01,0.17,-5.41) wbirth=(0.05,2.87,0.36) ref=(0.00,3.00) leader=(0.00,0.00) fallbacks=0
[mpc_node-2] [INFO] [1783591648.235484249] [px4_0.mpc_node_0]: [d0] solve: status=0 time=0.20ms cost=0.0 pos=(-0.04,0.09,-4.97) local=(-0.02,-0.25,-4.97) wbirth=(-0.02,0.34,0.00) ref=(0.00,0.00) leader=(0.00,0.00) fallbacks=0
[mpc_node-4] [INFO] [1783591648.253885074] [px4_2.mpc_node_2]: [d2] solve: status=0 time=0.18ms cost=0.0 pos=(0.01,-3.09,-4.91) local=(-0.37,-0.22,-5.19) wbirth=(0.38,-2.86,0.28) ref=(0.00,-3.00) leader=(0.00,0.00) fallbacks=0
[mpc_node-6] [INFO] [1783591648.308791359] [px4_4.mpc_node_4]: [d4] solve: status=0 time=0.20ms cost=0.0 pos=(-2.88,0.08,-5.02) local=(0.27,0.06,-5.70) wbirth=(-3.16,0.03,0.69) ref=(-3.00,0.00) leader=(0.00,0.00) fallbacks=0
[mpc_node-8] [INFO] [1783591649.150384556] [px4_6.mpc_node_6]: [d6] solve: status=0 time=0.15ms cost=0.0 pos=(-3.14,3.05,-5.04) local=(-0.05,0.12,-5.36) wbirth=(-3.09,2.93,0.33) ref=(-3.00,3.00) leader=(0.00,0.00) fallbacks=0
[mpc_node-10] [INFO] [1783591649.159449625] [px4_8.mpc_node_8]: [d8] solve: status=0 time=0.17ms cost=0.0 pos=(-2.95,-2.93,-5.01) local=(0.23,-0.03,-5.38) wbirth=(-3.18,-2.90,0.37) ref=(-3.00,-3.00) leader=(0.00,0.00) fallbacks=0
[mpc_node-7] [INFO] [1783591649.191981969] [px4_5.mpc_node_5]: [d5] solve: status=0 time=0.17ms cost=0.0 pos=(3.12,2.96,-4.94) local=(0.19,0.10,-5.72) wbirth=(2.93,2.86,0.77) ref=(3.00,3.00) leader=(0.00,0.00) fallbacks=0
[mpc_node-9] [INFO] [1783591649.198384503] [px4_7.mpc_node_7]: [d7] solve: status=0 time=0.22ms cost=0.0 pos=(2.94,-2.99,-4.98) local=(0.04,-0.06,-5.34) wbirth=(2.90,-2.93,0.36) ref=(3.00,-3.00) leader=(0.00,0.00) fallbacks=0
[mpc_node-5] [INFO] [1783591649.200095288] [px4_3.mpc_node_3]: [d3] solve: status=0 time=0.15ms cost=0.0 pos=(2.99,-0.02,-4.95) local=(0.07,-0.09,-4.79) wbirth=(2.93,0.07,-0.17) ref=(3.00,0.00) leader=(0.00,0.00) fallbacks=0
[mpc_node-3] [INFO] [1783591649.230319901] [px4_1.mpc_node_1]: [d1] solve: status=0 time=0.18ms cost=0.0 pos=(-0.02,3.04,-5.03) local=(-0.07,0.17,-5.39) wbirth=(0.05,2.87,0.36) ref=(0.00,3.00) leader=(0.00,0.00) fallbacks=0
[mpc_node-2] [INFO] [1783591649.235475063] [px4_0.mpc_node_0]: [d0] solve: status=0 time=0.18ms cost=0.0 pos=(-0.08,0.00,-4.95) local=(-0.06,-0.34,-4.95) wbirth=(-0.02,0.34,0.00) ref=(0.00,0.00) leader=(0.00,0.00) fallbacks=0
[mpc_node-4] [INFO] [1783591649.251984719] [px4_2.mpc_node_2]: [d2] solve: status=0 time=0.15ms cost=0.0 pos=(0.04,-3.12,-4.99) local=(-0.34,-0.25,-5.27) wbirth=(0.38,-2.86,0.28) ref=(0.00,-3.00) leader=(0.00,0.00) fallbacks=0
[mpc_node-6] [INFO] [1783591649.310691085] [px4_4.mpc_node_4]: [d4] solve: status=0 time=0.20ms cost=0.0 pos=(-2.94,0.09,-5.01) local=(0.22,0.06,-5.70) wbirth=(-3.16,0.03,0.69) ref=(-3.00,0.00) leader=(0.00,0.00) fallbacks=0
[mpc_node-8] [INFO] [1783591650.152103937] [px4_6.mpc_node_6]: [d6] solve: status=0 time=0.17ms cost=0.0 pos=(-3.04,3.10,-5.01) local=(0.05,0.17,-5.34) wbirth=(-3.09,2.93,0.33) ref=(-3.00,3.00) leader=(0.00,0.00) fallbacks=0
[mpc_node-10] [INFO] [1783591650.159570997] [px4_8.mpc_node_8]: [d8] solve: status=0 time=0.17ms cost=0.0 pos=(-2.98,-2.90,-4.98) local=(0.20,0.00,-5.36) wbirth=(-3.18,-2.90,0.37) ref=(-3.00,-3.00) leader=(0.00,0.00) fallbacks=0
[mpc_node-7] [INFO] [1783591650.193518817] [px4_5.mpc_node_5]: [d5] solve: status=0 time=0.17ms cost=0.0 pos=(3.12,3.01,-4.97) local=(0.19,0.15,-5.75) wbirth=(2.93,2.86,0.77) ref=(3.00,3.00) leader=(0.00,0.00) fallbacks=0
[mpc_node-9] [INFO] [1783591650.197074492] [px4_7.mpc_node_7]: [d7] solve: status=0 time=0.14ms cost=0.0 pos=(2.91,-2.99,-4.98) local=(0.01,-0.06,-5.33) wbirth=(2.90,-2.93,0.36) ref=(3.00,-3.00) leader=(0.00,0.00) fallbacks=0
[mpc_node-5] [INFO] [1783591650.199845358] [px4_3.mpc_node_3]: [d3] solve: status=0 time=0.14ms cost=0.0 pos=(3.00,-0.02,-4.97) local=(0.07,-0.10,-4.80) wbirth=(2.93,0.07,-0.17) ref=(3.00,0.00) leader=(0.00,0.00) fallbacks=0
[mpc_node-3] [INFO] [1783591650.231118084] [px4_1.mpc_node_1]: [d1] solve: status=0 time=0.18ms cost=0.0 pos=(-0.04,2.99,-4.95) local=(-0.09,0.12,-5.31) wbirth=(0.05,2.87,0.36) ref=(0.00,3.00) leader=(0.00,0.00) fallbacks=0
[mpc_node-2] [INFO] [1783591650.236556719] [px4_0.mpc_node_0]: [d0] solve: status=0 time=0.19ms cost=0.0 pos=(-0.05,-0.04,-5.00) local=(-0.03,-0.38,-5.00) wbirth=(-0.02,0.34,0.00) ref=(0.00,0.00) leader=(0.00,0.00) fallbacks=0
[mpc_node-4] [INFO] [1783591650.253441740] [px4_2.mpc_node_2]: [d2] solve: status=0 time=0.21ms cost=0.0 pos=(0.08,-3.07,-5.02) local=(-0.30,-0.21,-5.30) wbirth=(0.38,-2.86,0.28) ref=(0.00,-3.00) leader=(0.00,0.00) fallbacks=0
[mpc_node-6] [INFO] [1783591650.308792501] [px4_4.mpc_node_4]: [d4] solve: status=0 time=0.19ms cost=0.0 pos=(-3.01,0.09,-4.98) local=(0.15,0.07,-5.67) wbirth=(-3.16,0.03,0.69) ref=(-3.00,0.00) leader=(0.00,0.00) fallbacks=0
[mpc_node-8] [INFO] [1783591651.149088198] [px4_6.mpc_node_6]: [d6] solve: status=0 time=0.15ms cost=0.0 pos=(-2.95,3.06,-4.93) local=(0.14,0.13,-5.26) wbirth=(-3.09,2.93,0.33) ref=(-3.00,3.00) leader=(0.00,0.00) fallbacks=0
[mpc_node-10] [INFO] [1783591651.159690867] [px4_8.mpc_node_8]: [d8] solve: status=0 time=0.18ms cost=0.0 pos=(-3.00,-2.88,-4.99) local=(0.18,0.02,-5.36) wbirth=(-3.18,-2.90,0.37) ref=(-3.00,-3.00) leader=(0.00,0.00) fallbacks=0
[mpc_node-7] [INFO] [1783591651.195344444] [px4_5.mpc_node_5]: [d5] solve: status=0 time=0.19ms cost=0.0 pos=(3.05,3.09,-4.98) local=(0.12,0.22,-5.75) wbirth=(2.93,2.86,0.77) ref=(3.00,3.00) leader=(0.00,0.00) fallbacks=0
[mpc_node-9] [INFO] [1783591651.197189739] [px4_7.mpc_node_7]: [d7] solve: status=0 time=0.15ms cost=0.0 pos=(2.92,-2.95,-5.05) local=(0.02,-0.01,-5.41) wbirth=(2.90,-2.93,0.36) ref=(3.00,-3.00) leader=(0.00,0.00) fallbacks=0
[mpc_node-5] [INFO] [1783591651.200635274] [px4_3.mpc_node_3]: [d3] solve: status=0 time=0.18ms cost=0.0 pos=(3.00,0.00,-5.02) local=(0.07,-0.07,-4.85) wbirth=(2.93,0.07,-0.17) ref=(3.00,0.00) leader=(0.00,0.00) fallbacks=0
[mpc_node-3] [INFO] [1783591651.235073249] [px4_1.mpc_node_1]: [d1] solve: status=0 time=0.17ms cost=0.0 pos=(-0.05,2.98,-4.97) local=(-0.11,0.11,-5.33) wbirth=(0.05,2.87,0.36) ref=(0.00,3.00) leader=(0.00,0.00) fallbacks=0
[mpc_node-2] [INFO] [1783591651.236693782] [px4_0.mpc_node_0]: [d0] solve: status=0 time=0.18ms cost=0.0 pos=(0.04,-0.04,-4.99) local=(0.06,-0.37,-4.99) wbirth=(-0.02,0.34,0.00) ref=(0.00,0.00) leader=(0.00,0.00) fallbacks=0
[mpc_node-4] [INFO] [1783591651.252802753] [px4_2.mpc_node_2]: [d2] solve: status=0 time=0.17ms cost=0.0 pos=(0.08,-2.99,-4.97) local=(-0.30,-0.12,-5.26) wbirth=(0.38,-2.86,0.28) ref=(0.00,-3.00) leader=(0.00,0.00) fallbacks=0
[mpc_node-6] [INFO] [1783591651.308562056] [px4_4.mpc_node_4]: [d4] solve: status=0 time=0.16ms cost=0.0 pos=(-3.04,0.07,-4.98) local=(0.11,0.04,-5.66) wbirth=(-3.16,0.03,0.69) ref=(-3.00,0.00) leader=(0.00,0.00) fallbacks=0
[mpc_node-8] [INFO] [1783591652.149085041] [px4_6.mpc_node_6]: [d6] solve: status=0 time=0.15ms cost=0.0 pos=(-2.94,3.04,-4.98) local=(0.15,0.11,-5.30) wbirth=(-3.09,2.93,0.33) ref=(-3.00,3.00) leader=(0.00,0.00) fallbacks=0
[mpc_node-10] [INFO] [1783591652.159788338] [px4_8.mpc_node_8]: [d8] solve: status=0 time=0.17ms cost=0.0 pos=(-3.03,-2.92,-5.00) local=(0.15,-0.02,-5.38) wbirth=(-3.18,-2.90,0.37) ref=(-3.00,-3.00) leader=(0.00,0.00) fallbacks=0
[mpc_node-7] [INFO] [1783591652.193294293] [px4_5.mpc_node_5]: [d5] solve: status=0 time=0.14ms cost=0.0 pos=(2.99,3.12,-4.96) local=(0.06,0.26,-5.73) wbirth=(2.93,2.86,0.77) ref=(3.00,3.00) leader=(0.00,0.00) fallbacks=0
[mpc_node-9] [INFO] [1783591652.197361811] [px4_7.mpc_node_7]: [d7] solve: status=0 time=0.21ms cost=0.0 pos=(2.98,-2.94,-5.05) local=(0.08,-0.01,-5.41) wbirth=(2.90,-2.93,0.36) ref=(3.00,-3.00) leader=(0.00,0.00) fallbacks=0
[mpc_node-5] [INFO] [1783591652.199780221] [px4_3.mpc_node_3]: [d3] solve: status=0 time=0.17ms cost=0.0 pos=(2.97,0.04,-5.04) local=(0.05,-0.04,-4.87) wbirth=(2.93,0.07,-0.17) ref=(3.00,0.00) leader=(0.00,0.00) fallbacks=0
[mpc_node-3] [INFO] [1783591652.231366137] [px4_1.mpc_node_1]: [d1] solve: status=0 time=0.17ms cost=0.0 pos=(-0.06,2.98,-4.98) local=(-0.11,0.11,-5.34) wbirth=(0.05,2.87,0.36) ref=(0.00,3.00) leader=(0.00,0.00) fallbacks=0
[mpc_node-2] [INFO] [1783591652.235942817] [px4_0.mpc_node_0]: [d0] solve: status=0 time=0.19ms cost=0.0 pos=(0.06,0.08,-4.97) local=(0.08,-0.26,-4.97) wbirth=(-0.02,0.34,0.00) ref=(0.00,0.00) leader=(0.00,0.00) fallbacks=0
[mpc_node-4] [INFO] [1783591652.256003646] [px4_2.mpc_node_2]: [d2] solve: status=0 time=0.15ms cost=0.0 pos=(0.07,-2.88,-5.05) local=(-0.31,-0.02,-5.33) wbirth=(0.38,-2.86,0.28) ref=(0.00,-3.00) leader=(0.00,0.00) fallbacks=0
[mpc_node-6] [INFO] [1783591652.309164273] [px4_4.mpc_node_4]: [d4] solve: status=0 time=0.25ms cost=0.0 pos=(-3.08,-0.02,-4.94) local=(0.08,-0.04,-5.63) wbirth=(-3.16,0.03,0.69) ref=(-3.00,0.00) leader=(0.00,0.00) fallbacks=0
[mpc_node-8] [INFO] [1783591653.149650058] [px4_6.mpc_node_6]: [d6] solve: status=0 time=0.19ms cost=0.0 pos=(-2.99,3.00,-5.01) local=(0.10,0.06,-5.34) wbirth=(-3.09,2.93,0.33) ref=(-3.00,3.00) leader=(0.00,0.00) fallbacks=0
[mpc_node-10] [INFO] [1783591653.160734923] [px4_8.mpc_node_8]: [d8] solve: status=0 time=0.34ms cost=0.0 pos=(-2.99,-3.00,-5.06) local=(0.19,-0.10,-5.43) wbirth=(-3.18,-2.90,0.37) ref=(-3.00,-3.00) leader=(0.00,0.00) fallbacks=0
[mpc_node-7] [INFO] [1783591653.195533059] [px4_5.mpc_node_5]: [d5] solve: status=0 time=0.18ms cost=0.0 pos=(2.89,3.10,-4.95) local=(-0.03,0.24,-5.73) wbirth=(2.93,2.86,0.77) ref=(3.00,3.00) leader=(0.00,0.00) fallbacks=0
[mpc_node-9] [INFO] [1783591653.197280588] [px4_7.mpc_node_7]: [d7] solve: status=0 time=0.17ms cost=0.0 pos=(3.09,-2.93,-4.99) local=(0.19,0.00,-5.35) wbirth=(2.90,-2.93,0.36) ref=(3.00,-3.00) leader=(0.00,0.00) fallbacks=0
[mpc_node-5] [INFO] [1783591653.201146804] [px4_3.mpc_node_3]: [d3] solve: status=0 time=0.18ms cost=0.0 pos=(2.97,-0.01,-5.01) local=(0.04,-0.08,-4.84) wbirth=(2.93,0.07,-0.17) ref=(3.00,0.00) leader=(0.00,0.00) fallbacks=0
[mpc_node-3] [INFO] [1783591653.231008110] [px4_1.mpc_node_1]: [d1] solve: status=0 time=0.15ms cost=0.0 pos=(-0.06,2.94,-5.04) local=(-0.12,0.07,-5.40) wbirth=(0.05,2.87,0.36) ref=(0.00,3.00) leader=(0.00,0.00) fallbacks=0
[mpc_node-2] [INFO] [1783591653.236500146] [px4_0.mpc_node_0]: [d0] solve: status=0 time=0.18ms cost=0.0 pos=(0.07,0.07,-4.98) local=(0.09,-0.26,-4.98) wbirth=(-0.02,0.34,0.00) ref=(0.00,0.00) leader=(0.00,0.00) fallbacks=0
[mpc_node-4] [INFO] [1783591653.254238558] [px4_2.mpc_node_2]: [d2] solve: status=0 time=0.18ms cost=0.1 pos=(-0.03,-2.85,-5.04) local=(-0.41,0.01,-5.32) wbirth=(0.38,-2.86,0.28) ref=(0.00,-3.00) leader=(0.00,0.00) fallbacks=0
[mpc_node-6] [INFO] [1783591653.310362303] [px4_4.mpc_node_4]: [d4] solve: status=0 time=0.18ms cost=0.0 pos=(-3.11,-0.06,-4.98) local=(0.05,-0.09,-5.67) wbirth=(-3.16,0.03,0.69) ref=(-3.00,0.00) leader=(0.00,0.00) fallbacks=0
[mpc_node-8] [INFO] [1783591654.149493934] [px4_6.mpc_node_6]: [d6] solve: status=0 time=0.15ms cost=0.0 pos=(-3.03,2.94,-5.07) local=(0.06,0.01,-5.40) wbirth=(-3.09,2.93,0.33) ref=(-3.00,3.00) leader=(0.00,0.00) fallbacks=0
[mpc_node-10] [INFO] [1783591654.160352805] [px4_8.mpc_node_8]: [d8] solve: status=0 time=0.20ms cost=0.0 pos=(-2.96,-3.11,-4.99) local=(0.22,-0.21,-5.36) wbirth=(-3.18,-2.90,0.37) ref=(-3.00,-3.00) leader=(0.00,0.00) fallbacks=0
[mpc_node-7] [INFO] [1783591654.193250414] [px4_5.mpc_node_5]: [d5] solve: status=0 time=0.15ms cost=0.0 pos=(2.90,3.02,-5.00) local=(-0.03,0.16,-5.78) wbirth=(2.93,2.86,0.77) ref=(3.00,3.00) leader=(0.00,0.00) fallbacks=0
[mpc_node-9] [INFO] [1783591654.197642278] [px4_7.mpc_node_7]: [d7] solve: status=0 time=0.19ms cost=0.0 pos=(3.06,-3.02,-4.93) local=(0.16,-0.09,-5.29) wbirth=(2.90,-2.93,0.36) ref=(3.00,-3.00) leader=(0.00,0.00) fallbacks=0
[mpc_node-5] [INFO] [1783591654.200536821] [px4_3.mpc_node_3]: [d3] solve: status=0 time=0.18ms cost=0.0 pos=(2.97,-0.02,-5.03) local=(0.04,-0.10,-4.86) wbirth=(2.93,0.07,-0.17) ref=(3.00,0.00) leader=(0.00,0.00) fallbacks=0
[mpc_node-3] [INFO] [1783591654.229876166] [px4_1.mpc_node_1]: [d1] solve: status=0 time=0.15ms cost=0.0 pos=(-0.03,2.95,-5.05) local=(-0.08,0.09,-5.41) wbirth=(0.05,2.87,0.36) ref=(0.00,3.00) leader=(0.00,0.00) fallbacks=0
[mpc_node-2] [INFO] [1783591654.237421056] [px4_0.mpc_node_0]: [d0] solve: status=0 time=0.17ms cost=0.0 pos=(0.01,0.00,-5.01) local=(0.03,-0.33,-5.01) wbirth=(-0.02,0.34,0.00) ref=(0.00,0.00) leader=(0.00,0.00) fallbacks=0
[mpc_node-4] [INFO] [1783591654.253953275] [px4_2.mpc_node_2]: [d2] solve: status=0 time=0.15ms cost=0.0 pos=(-0.08,-2.87,-5.01) local=(-0.46,-0.00,-5.29) wbirth=(0.38,-2.86,0.28) ref=(0.00,-3.00) leader=(0.00,0.00) fallbacks=0
[mpc_node-6] [INFO] [1783591654.311840970] [px4_4.mpc_node_4]: [d4] solve: status=0 time=0.18ms cost=0.0 pos=(-3.09,-0.08,-4.98) local=(0.07,-0.11,-5.67) wbirth=(-3.16,0.03,0.69) ref=(-3.00,0.00) leader=(0.00,0.00) fallbacks=0
[mpc_node-8] [INFO] [1783591655.149886831] [px4_6.mpc_node_6]: [d6] solve: status=0 time=0.19ms cost=0.0 pos=(-3.01,2.92,-5.01) local=(0.08,-0.01,-5.34) wbirth=(-3.09,2.93,0.33) ref=(-3.00,3.00) leader=(0.00,0.00) fallbacks=0
[mpc_node-10] [INFO] [1783591655.159389162] [px4_8.mpc_node_8]: [d8] solve: status=0 time=0.15ms cost=0.0 pos=(-3.02,-3.14,-4.95) local=(0.17,-0.23,-5.32) wbirth=(-3.18,-2.90,0.37) ref=(-3.00,-3.00) leader=(0.00,0.00) fallbacks=0
[mpc_node-7] [INFO] [1783591655.194505402] [px4_5.mpc_node_5]: [d5] solve: status=0 time=0.21ms cost=0.0 pos=(2.93,2.96,-4.97) local=(0.00,0.09,-5.75) wbirth=(2.93,2.86,0.77) ref=(3.00,3.00) leader=(0.00,0.00) fallbacks=0
[mpc_node-9] [INFO] [1783591655.198300290] [px4_7.mpc_node_7]: [d7] solve: status=0 time=0.17ms cost=0.0 pos=(3.07,-3.08,-5.01) local=(0.17,-0.15,-5.36) wbirth=(2.90,-2.93,0.36) ref=(3.00,-3.00) leader=(0.00,0.00) fallbacks=0
[mpc_node-5] [INFO] [1783591655.200253424] [px4_3.mpc_node_3]: [d3] solve: status=0 time=0.15ms cost=0.0 pos=(2.95,-0.01,-5.03) local=(0.02,-0.09,-4.86) wbirth=(2.93,0.07,-0.17) ref=(3.00,0.00) leader=(0.00,0.00) fallbacks=0
[mpc_node-3] [INFO] [1783591655.231321558] [px4_1.mpc_node_1]: [d1] solve: status=0 time=0.15ms cost=0.0 pos=(-0.04,3.02,-5.02) local=(-0.09,0.15,-5.38) wbirth=(0.05,2.87,0.36) ref=(0.00,3.00) leader=(0.00,0.00) fallbacks=0
[mpc_node-2] [INFO] [1783591655.235157718] [px4_0.mpc_node_0]: [d0] solve: status=0 time=0.18ms cost=0.0 pos=(-0.03,-0.04,-5.03) local=(-0.01,-0.37,-5.03) wbirth=(-0.02,0.34,0.00) ref=(0.00,0.00) leader=(0.00,0.00) fallbacks=0
[mpc_node-4] [INFO] [1783591655.253899872] [px4_2.mpc_node_2]: [d2] solve: status=0 time=0.18ms cost=0.0 pos=(-0.06,-2.96,-5.00) local=(-0.44,-0.10,-5.28) wbirth=(0.38,-2.86,0.28) ref=(0.00,-3.00) leader=(0.00,0.00) fallbacks=0
[mpc_node-6] [INFO] [1783591655.308617965] [px4_4.mpc_node_4]: [d4] solve: status=0 time=0.18ms cost=0.0 pos=(-3.01,-0.07,-5.07) local=(0.15,-0.10,-5.76) wbirth=(-3.16,0.03,0.69) ref=(-3.00,0.00) leader=(0.00,0.00) fallbacks=0
[mpc_node-8] [INFO] [1783591656.149764454] [px4_6.mpc_node_6]: [d6] solve: status=0 time=0.19ms cost=0.0 pos=(-2.97,2.91,-4.96) local=(0.12,-0.03,-5.28) wbirth=(-3.09,2.93,0.33) ref=(-3.00,3.00) leader=(0.00,0.00) fallbacks=0
[mpc_node-10] [INFO] [1783591656.159797462] [px4_8.mpc_node_8]: [d8] solve: status=0 time=0.17ms cost=0.0 pos=(-3.02,-3.07,-4.99) local=(0.17,-0.16,-5.37) wbirth=(-3.18,-2.90,0.37) ref=(-3.00,-3.00) leader=(0.00,0.00) fallbacks=0
[mpc_node-7] [INFO] [1783591656.194057023] [px4_5.mpc_node_5]: [d5] solve: status=0 time=0.14ms cost=0.0 pos=(2.93,2.93,-5.01) local=(0.00,0.06,-5.78) wbirth=(2.93,2.86,0.77) ref=(3.00,3.00) leader=(0.00,0.00) fallbacks=0
[mpc_node-9] [INFO] [1783591656.197902241] [px4_7.mpc_node_7]: [d7] solve: status=0 time=0.18ms cost=0.0 pos=(3.09,-3.06,-5.00) local=(0.19,-0.13,-5.36) wbirth=(2.90,-2.93,0.36) ref=(3.00,-3.00) leader=(0.00,0.00) fallbacks=0
[mpc_node-5] [INFO] [1783591656.199399754] [px4_3.mpc_node_3]: [d3] solve: status=0 time=0.15ms cost=0.0 pos=(2.99,0.02,-5.02) local=(0.06,-0.05,-4.85) wbirth=(2.93,0.07,-0.17) ref=(3.00,0.00) leader=(0.00,0.00) fallbacks=0
[mpc_node-3] [INFO] [1783591656.230482053] [px4_1.mpc_node_1]: [d1] solve: status=0 time=0.19ms cost=0.0 pos=(0.04,3.01,-4.93) local=(-0.01,0.14,-5.29) wbirth=(0.05,2.87,0.36) ref=(0.00,3.00) leader=(0.00,0.00) fallbacks=0
[mpc_node-2] [INFO] [1783591656.236828576] [px4_0.mpc_node_0]: [d0] solve: status=0 time=0.16ms cost=0.0 pos=(-0.06,-0.08,-5.05) local=(-0.04,-0.41,-5.05) wbirth=(-0.02,0.34,0.00) ref=(0.00,0.00) leader=(0.00,0.00) fallbacks=0
[mpc_node-4] [INFO] [1783591656.253964900] [px4_2.mpc_node_2]: [d2] solve: status=0 time=0.16ms cost=0.0 pos=(-0.12,-3.04,-4.97) local=(-0.50,-0.18,-5.25) wbirth=(0.38,-2.86,0.28) ref=(0.00,-3.00) leader=(0.00,0.00) fallbacks=0
[mpc_node-6] [INFO] [1783591656.310464422] [px4_4.mpc_node_4]: [d4] solve: status=0 time=0.23ms cost=0.1 pos=(-2.88,-0.09,-5.01) local=(0.28,-0.12,-5.69) wbirth=(-3.16,0.03,0.69) ref=(-3.00,0.00) leader=(0.00,0.00) fallbacks=0
[mpc_node-8] [INFO] [1783591657.150279591] [px4_6.mpc_node_6]: [d6] solve: status=0 time=0.17ms cost=0.0 pos=(-3.00,2.95,-4.98) local=(0.09,0.01,-5.31) wbirth=(-3.09,2.93,0.33) ref=(-3.00,3.00) leader=(0.00,0.00) fallbacks=0
[mpc_node-10] [INFO] [1783591657.159664696] [px4_8.mpc_node_8]: [d8] solve: status=0 time=0.16ms cost=0.0 pos=(-3.03,-3.05,-5.03) local=(0.15,-0.15,-5.40) wbirth=(-3.18,-2.90,0.37) ref=(-3.00,-3.00) leader=(0.00,0.00) fallbacks=0
[mpc_node-7] [INFO] [1783591657.195141829] [px4_5.mpc_node_5]: [d5] solve: status=0 time=0.17ms cost=0.0 pos=(2.94,2.92,-5.04) local=(0.01,0.06,-5.81) wbirth=(2.93,2.86,0.77) ref=(3.00,3.00) leader=(0.00,0.00) fallbacks=0
[mpc_node-9] [INFO] [1783591657.197450261] [px4_7.mpc_node_7]: [d7] solve: status=0 time=0.15ms cost=0.0 pos=(3.07,-2.98,-4.98) local=(0.17,-0.05,-5.34) wbirth=(2.90,-2.93,0.36) ref=(3.00,-3.00) leader=(0.00,0.00) fallbacks=0
[mpc_node-5] [INFO] [1783591657.199374431] [px4_3.mpc_node_3]: [d3] solve: status=0 time=0.18ms cost=0.0 pos=(3.02,0.01,-5.01) local=(0.09,-0.06,-4.85) wbirth=(2.93,0.07,-0.17) ref=(3.00,0.00) leader=(0.00,0.00) fallbacks=0
[mpc_node-3] [INFO] [1783591657.230905983] [px4_1.mpc_node_1]: [d1] solve: status=0 time=0.15ms cost=0.0 pos=(0.04,2.98,-4.93) local=(-0.01,0.11,-5.29) wbirth=(0.05,2.87,0.36) ref=(0.00,3.00) leader=(0.00,0.00) fallbacks=0
[mpc_node-2] [INFO] [1783591657.236826267] [px4_0.mpc_node_0]: [d0] solve: status=0 time=0.18ms cost=0.0 pos=(-0.03,-0.08,-4.97) local=(-0.01,-0.42,-4.97) wbirth=(-0.02,0.34,0.00) ref=(0.00,0.00) leader=(0.00,0.00) fallbacks=0
[mpc_node-4] [INFO] [1783591657.253297724] [px4_2.mpc_node_2]: [d2] solve: status=0 time=0.15ms cost=0.0 pos=(-0.04,-3.10,-5.03) local=(-0.42,-0.24,-5.31) wbirth=(0.38,-2.86,0.28) ref=(0.00,-3.00) leader=(0.00,0.00) fallbacks=0
[mpc_node-6] [INFO] [1783591657.308917243] [px4_4.mpc_node_4]: [d4] solve: status=0 time=0.18ms cost=0.1 pos=(-2.83,-0.03,-5.01) local=(0.33,-0.06,-5.70) wbirth=(-3.16,0.03,0.69) ref=(-3.00,0.00) leader=(0.00,0.00) fallbacks=0
[mpc_node-8] [INFO] [1783591658.149039413] [px4_6.mpc_node_6]: [d6] solve: status=0 time=0.18ms cost=0.0 pos=(-3.04,2.99,-5.00) local=(0.05,0.06,-5.32) wbirth=(-3.09,2.93,0.33) ref=(-3.00,3.00) leader=(0.00,0.00) fallbacks=0
[mpc_node-10] [INFO] [1783591658.159902425] [px4_8.mpc_node_8]: [d8] solve: status=0 time=0.18ms cost=0.0 pos=(-3.08,-3.06,-4.98) local=(0.10,-0.15,-5.36) wbirth=(-3.18,-2.90,0.37) ref=(-3.00,-3.00) leader=(0.00,0.00) fallbacks=0
[mpc_node-7] [INFO] [1783591658.192517342] [px4_5.mpc_node_5]: [d5] solve: status=0 time=0.18ms cost=0.0 pos=(3.02,2.90,-5.05) local=(0.09,0.04,-5.83) wbirth=(2.93,2.86,0.77) ref=(3.00,3.00) leader=(0.00,0.00) fallbacks=0
[mpc_node-9] [INFO] [1783591658.197365402] [px4_7.mpc_node_7]: [d7] solve: status=0 time=0.17ms cost=0.0 pos=(2.96,-2.96,-5.04) local=(0.06,-0.03,-5.40) wbirth=(2.90,-2.93,0.36) ref=(3.00,-3.00) leader=(0.00,0.00) fallbacks=0
[mpc_node-5] [INFO] [1783591658.200062974] [px4_3.mpc_node_3]: [d3] solve: status=0 time=0.14ms cost=0.0 pos=(3.06,0.04,-5.05) local=(0.13,-0.03,-4.89) wbirth=(2.93,0.07,-0.17) ref=(3.00,0.00) leader=(0.00,0.00) fallbacks=0
[mpc_node-3] [INFO] [1783591658.233063559] [px4_1.mpc_node_1]: [d1] solve: status=0 time=0.15ms cost=0.1 pos=(0.15,3.03,-5.02) local=(0.09,0.16,-5.38) wbirth=(0.05,2.87,0.36) ref=(0.00,3.00) leader=(0.00,0.00) fallbacks=0
[mpc_node-2] [INFO] [1783591658.236385158] [px4_0.mpc_node_0]: [d0] solve: status=0 time=0.15ms cost=0.0 pos=(0.01,-0.02,-4.96) local=(0.03,-0.36,-4.96) wbirth=(-0.02,0.34,0.00) ref=(0.00,0.00) leader=(0.00,0.00) fallbacks=0
[mpc_node-4] [INFO] [1783591658.253653453] [px4_2.mpc_node_2]: [d2] solve: status=0 time=0.18ms cost=0.0 pos=(-0.01,-3.15,-5.01) local=(-0.39,-0.28,-5.29) wbirth=(0.38,-2.86,0.28) ref=(0.00,-3.00) leader=(0.00,0.00) fallbacks=0
[mpc_node-6] [INFO] [1783591658.308680029] [px4_4.mpc_node_4]: [d4] solve: status=0 time=0.18ms cost=0.0 pos=(-2.89,0.01,-5.02) local=(0.27,-0.01,-5.70) wbirth=(-3.16,0.03,0.69) ref=(-3.00,0.00) leader=(0.00,0.00) fallbacks=0
[mpc_node-8] [INFO] [1783591659.149515872] [px4_6.mpc_node_6]: [d6] solve: status=0 time=0.17ms cost=0.0 pos=(-2.95,3.04,-5.00) local=(0.14,0.10,-5.32) wbirth=(-3.09,2.93,0.33) ref=(-3.00,3.00) leader=(0.00,0.00) fallbacks=0
[mpc_node-10] [INFO] [1783591659.160564693] [px4_8.mpc_node_8]: [d8] solve: status=0 time=0.18ms cost=0.0 pos=(-3.01,-2.97,-5.01) local=(0.17,-0.07,-5.38) wbirth=(-3.18,-2.90,0.37) ref=(-3.00,-3.00) leader=(0.00,0.00) fallbacks=0
[mpc_node-7] [INFO] [1783591659.195811398] [px4_5.mpc_node_5]: [d5] solve: status=0 time=0.21ms cost=0.0 pos=(3.09,2.87,-5.04) local=(0.16,0.01,-5.81) wbirth=(2.93,2.86,0.77) ref=(3.00,3.00) leader=(0.00,0.00) fallbacks=0
[mpc_node-9] [INFO] [1783591659.197350015] [px4_7.mpc_node_7]: [d7] solve: status=0 time=0.18ms cost=0.1 pos=(2.84,-2.92,-4.98) local=(-0.06,0.01,-5.33) wbirth=(2.90,-2.93,0.36) ref=(3.00,-3.00) leader=(0.00,0.00) fallbacks=0
[mpc_node-5] [INFO] [1783591659.200427226] [px4_3.mpc_node_3]: [d3] solve: status=0 time=0.18ms cost=0.0 pos=(3.04,0.03,-5.02) local=(0.11,-0.04,-4.85) wbirth=(2.93,0.07,-0.17) ref=(3.00,0.00) leader=(0.00,0.00) fallbacks=0
[mpc_node-3] [INFO] [1783591659.231626060] [px4_1.mpc_node_1]: [d1] solve: status=0 time=0.15ms cost=0.0 pos=(0.12,3.05,-5.00) local=(0.07,0.18,-5.36) wbirth=(0.05,2.87,0.36) ref=(0.00,3.00) leader=(0.00,0.00) fallbacks=0
[mpc_node-2] [INFO] [1783591659.235386142] [px4_0.mpc_node_0]: [d0] solve: status=0 time=0.18ms cost=0.0 pos=(-0.05,-0.02,-4.98) local=(-0.03,-0.35,-4.98) wbirth=(-0.02,0.34,0.00) ref=(0.00,0.00) leader=(0.00,0.00) fallbacks=0
[mpc_node-4] [INFO] [1783591659.254992419] [px4_2.mpc_node_2]: [d2] solve: status=0 time=0.18ms cost=0.1 pos=(0.03,-3.15,-4.95) local=(-0.35,-0.29,-5.23) wbirth=(0.38,-2.86,0.28) ref=(0.00,-3.00) leader=(0.00,0.00) fallbacks=0
[mpc_node-6] [INFO] [1783591659.309892039] [px4_4.mpc_node_4]: [d4] solve: status=0 time=0.15ms cost=0.0 pos=(-2.97,0.09,-4.99) local=(0.19,0.06,-5.68) wbirth=(-3.16,0.03,0.69) ref=(-3.00,0.00) leader=(0.00,0.00) fallbacks=0
[mpc_node-8] [INFO] [1783591660.149672332] [px4_6.mpc_node_6]: [d6] solve: status=0 time=0.15ms cost=0.1 pos=(-2.86,3.09,-5.01) local=(0.23,0.15,-5.33) wbirth=(-3.09,2.93,0.33) ref=(-3.00,3.00) leader=(0.00,0.00) fallbacks=0
[mpc_node-10] [INFO] [1783591660.160947883] [px4_8.mpc_node_8]: [d8] solve: status=0 time=0.17ms cost=0.0 pos=(-2.94,-2.95,-5.01) local=(0.24,-0.05,-5.39) wbirth=(-3.18,-2.90,0.37) ref=(-3.00,-3.00) leader=(0.00,0.00) fallbacks=0
[mpc_node-7] [INFO] [1783591660.193612309] [px4_5.mpc_node_5]: [d5] solve: status=0 time=0.18ms cost=0.1 pos=(3.18,2.98,-5.04) local=(0.25,0.11,-5.81) wbirth=(2.93,2.86,0.77) ref=(3.00,3.00) leader=(0.00,0.00) fallbacks=0
[mpc_node-9] [INFO] [1783591660.197286505] [px4_7.mpc_node_7]: [d7] solve: status=0 time=0.17ms cost=0.0 pos=(2.85,-2.97,-5.02) local=(-0.05,-0.04,-5.38) wbirth=(2.90,-2.93,0.36) ref=(3.00,-3.00) leader=(0.00,0.00) fallbacks=0
[mpc_node-5] [INFO] [1783591660.201217207] [px4_3.mpc_node_3]: [d3] solve: status=0 time=0.15ms cost=0.0 pos=(3.12,-0.03,-5.03) local=(0.19,-0.11,-4.86) wbirth=(2.93,0.07,-0.17) ref=(3.00,0.00) leader=(0.00,0.00) fallbacks=0
[mpc_node-3] [INFO] [1783591660.231316757] [px4_1.mpc_node_1]: [d1] solve: status=0 time=0.32ms cost=0.0 pos=(0.03,3.06,-5.00) local=(-0.02,0.19,-5.36) wbirth=(0.05,2.87,0.36) ref=(0.00,3.00) leader=(0.00,0.00) fallbacks=0
[mpc_node-2] [INFO] [1783591660.236629736] [px4_0.mpc_node_0]: [d0] solve: status=0 time=0.18ms cost=0.0 pos=(-0.00,0.04,-4.98) local=(0.02,-0.30,-4.98) wbirth=(-0.02,0.34,0.00) ref=(0.00,0.00) leader=(0.00,0.00) fallbacks=0
[mpc_node-4] [INFO] [1783591660.257883330] [px4_2.mpc_node_2]: [d2] solve: status=0 time=0.20ms cost=0.0 pos=(0.05,-3.10,-5.01) local=(-0.33,-0.24,-5.29) wbirth=(0.38,-2.86,0.28) ref=(0.00,-3.00) leader=(0.00,0.00) fallbacks=0
[mpc_node-6] [INFO] [1783591660.309100607] [px4_4.mpc_node_4]: [d4] solve: status=0 time=0.15ms cost=0.0 pos=(-3.10,0.06,-5.00) local=(0.06,0.04,-5.69) wbirth=(-3.16,0.03,0.69) ref=(-3.00,0.00) leader=(0.00,0.00) fallbacks=0
[mpc_node-8] [INFO] [1783591661.148955262] [px4_6.mpc_node_6]: [d6] solve: status=0 time=0.18ms cost=0.0 pos=(-2.94,3.08,-5.03) local=(0.14,0.14,-5.36) wbirth=(-3.09,2.93,0.33) ref=(-3.00,3.00) leader=(0.00,0.00) fallbacks=0
[mpc_node-10] [INFO] [1783591661.160967323] [px4_8.mpc_node_8]: [d8] solve: status=0 time=0.20ms cost=0.0 pos=(-2.88,-2.92,-5.03) local=(0.30,-0.01,-5.40) wbirth=(-3.18,-2.90,0.37) ref=(-3.00,-3.00) leader=(0.00,0.00) fallbacks=0
[mpc_node-7] [INFO] [1783591661.193267184] [px4_5.mpc_node_5]: [d5] solve: status=0 time=0.21ms cost=0.1 pos=(3.16,3.06,-4.98) local=(0.23,0.20,-5.76) wbirth=(2.93,2.86,0.77) ref=(3.00,3.00) leader=(0.00,0.00) fallbacks=0
[mpc_node-9] [INFO] [1783591661.198209520] [px4_7.mpc_node_7]: [d7] solve: status=0 time=0.21ms cost=0.0 pos=(2.89,-2.99,-4.96) local=(-0.01,-0.06,-5.32) wbirth=(2.90,-2.93,0.36) ref=(3.00,-3.00) leader=(0.00,0.00) fallbacks=0
[mpc_node-5] [INFO] [1783591661.201536286] [px4_3.mpc_node_3]: [d3] solve: status=0 time=0.18ms cost=0.0 pos=(3.08,-0.04,-5.01) local=(0.15,-0.12,-4.85) wbirth=(2.93,0.07,-0.17) ref=(3.00,0.00) leader=(0.00,0.00) fallbacks=0
[mpc_node-3] [INFO] [1783591661.230795681] [px4_1.mpc_node_1]: [d1] solve: status=0 time=0.14ms cost=0.0 pos=(-0.05,3.06,-5.00) local=(-0.10,0.19,-5.36) wbirth=(0.05,2.87,0.36) ref=(0.00,3.00) leader=(0.00,0.00) fallbacks=0
[mpc_node-2] [INFO] [1783591661.236594912] [px4_0.mpc_node_0]: [d0] solve: status=0 time=0.15ms cost=0.0 pos=(0.10,0.05,-4.99) local=(0.12,-0.29,-4.99) wbirth=(-0.02,0.34,0.00) ref=(0.00,0.00) leader=(0.00,0.00) fallbacks=0
[mpc_node-4] [INFO] [1783591661.253469899] [px4_2.mpc_node_2]: [d2] solve: status=0 time=0.16ms cost=0.0 pos=(0.14,-3.01,-4.95) local=(-0.24,-0.14,-5.23) wbirth=(0.38,-2.86,0.28) ref=(0.00,-3.00) leader=(0.00,0.00) fallbacks=0
[mpc_node-6] [INFO] [1783591661.310926062] [px4_4.mpc_node_4]: [d4] solve: status=0 time=0.18ms cost=0.0 pos=(-3.11,0.07,-5.01) local=(0.05,0.05,-5.69) wbirth=(-3.16,0.03,0.69) ref=(-3.00,0.00) leader=(0.00,0.00) fallbacks=0
[mpc_node-8] [INFO] [1783591662.149612591] [px4_6.mpc_node_6]: [d6] solve: status=0 time=0.18ms cost=0.0 pos=(-3.07,3.06,-5.03) local=(0.02,0.13,-5.36) wbirth=(-3.09,2.93,0.33) ref=(-3.00,3.00) leader=(0.00,0.00) fallbacks=0
[mpc_node-10] [INFO] [1783591662.159404744] [px4_8.mpc_node_8]: [d8] solve: status=0 time=0.18ms cost=0.0 pos=(-2.93,-2.91,-5.01) local=(0.26,-0.01,-5.38) wbirth=(-3.18,-2.90,0.37) ref=(-3.00,-3.00) leader=(0.00,0.00) fallbacks=0
[mpc_node-7] [INFO] [1783591662.195193479] [px4_5.mpc_node_5]: [d5] solve: status=0 time=0.18ms cost=0.1 pos=(3.05,3.14,-4.97) local=(0.12,0.28,-5.74) wbirth=(2.93,2.86,0.77) ref=(3.00,3.00) leader=(0.00,0.00) fallbacks=0
[mpc_node-9] [INFO] [1783591662.198385888] [px4_7.mpc_node_7]: [d7] solve: status=0 time=0.15ms cost=0.0 pos=(3.00,-3.03,-5.03) local=(0.10,-0.10,-5.38) wbirth=(2.90,-2.93,0.36) ref=(3.00,-3.00) leader=(0.00,0.00) fallbacks=0
[mpc_node-5] [INFO] [1783591662.200361924] [px4_3.mpc_node_3]: [d3] solve: status=0 time=0.17ms cost=0.0 pos=(2.93,-0.05,-5.00) local=(0.00,-0.12,-4.84) wbirth=(2.93,0.07,-0.17) ref=(3.00,0.00) leader=(0.00,0.00) fallbacks=0
[mpc_node-3] [INFO] [1783591662.231882842] [px4_1.mpc_node_1]: [d1] solve: status=0 time=0.21ms cost=0.0 pos=(-0.03,3.00,-4.98) local=(-0.09,0.13,-5.34) wbirth=(0.05,2.87,0.36) ref=(0.00,3.00) leader=(0.00,0.00) fallbacks=0
[mpc_node-2] [INFO] [1783591662.236250173] [px4_0.mpc_node_0]: [d0] solve: status=0 time=0.22ms cost=0.0 pos=(0.10,0.07,-5.02) local=(0.12,-0.27,-5.02) wbirth=(-0.02,0.34,0.00) ref=(0.00,0.00) leader=(0.00,0.00) fallbacks=0
[mpc_node-4] [INFO] [1783591662.252870417] [px4_2.mpc_node_2]: [d2] solve: status=0 time=0.18ms cost=0.0 pos=(0.12,-2.92,-4.98) local=(-0.26,-0.05,-5.27) wbirth=(0.38,-2.86,0.28) ref=(0.00,-3.00) leader=(0.00,0.00) fallbacks=0
[mpc_node-6] [INFO] [1783591662.309020267] [px4_4.mpc_node_4]: [d4] solve: status=0 time=0.22ms cost=0.0 pos=(-3.10,0.09,-5.04) local=(0.06,0.06,-5.73) wbirth=(-3.16,0.03,0.69) ref=(-3.00,0.00) leader=(0.00,0.00) fallbacks=0
[mpc_node-8] [INFO] [1783591663.150334960] [px4_6.mpc_node_6]: [d6] solve: status=0 time=0.15ms cost=0.1 pos=(-3.17,2.98,-5.02) local=(-0.08,0.05,-5.35) wbirth=(-3.09,2.93,0.33) ref=(-3.00,3.00) leader=(0.00,0.00) fallbacks=0
[mpc_node-10] [INFO] [1783591663.160111553] [px4_8.mpc_node_8]: [d8] solve: status=0 time=0.20ms cost=0.0 pos=(-2.97,-2.95,-5.01) local=(0.21,-0.05,-5.38) wbirth=(-3.18,-2.90,0.37) ref=(-3.00,-3.00) leader=(0.00,0.00) fallbacks=0
[mpc_node-7] [INFO] [1783591663.194487227] [px4_5.mpc_node_5]: [d5] solve: status=0 time=0.17ms cost=0.1 pos=(2.85,3.17,-5.00) local=(-0.08,0.31,-5.77) wbirth=(2.93,2.86,0.77) ref=(3.00,3.00) leader=(0.00,0.00) fallbacks=0
[mpc_node-9] [INFO] [1783591663.197019619] [px4_7.mpc_node_7]: [d7] solve: status=0 time=0.18ms cost=0.0 pos=(3.09,-3.05,-5.01) local=(0.19,-0.12,-5.36) wbirth=(2.90,-2.93,0.36) ref=(3.00,-3.00) leader=(0.00,0.00) fallbacks=0
[mpc_node-5] [INFO] [1783591663.200258155] [px4_3.mpc_node_3]: [d3] solve: status=0 time=0.20ms cost=0.0 pos=(2.88,-0.06,-5.01) local=(-0.04,-0.13,-4.84) wbirth=(2.93,0.07,-0.17) ref=(3.00,0.00) leader=(0.00,0.00) fallbacks=0
[mpc_node-3] [INFO] [1783591663.232749243] [px4_1.mpc_node_1]: [d1] solve: status=0 time=0.18ms cost=0.0 pos=(-0.01,2.93,-5.03) local=(-0.06,0.06,-5.39) wbirth=(0.05,2.87,0.36) ref=(0.00,3.00) leader=(0.00,0.00) fallbacks=0
[mpc_node-2] [INFO] [1783591663.236786915] [px4_0.mpc_node_0]: [d0] solve: status=0 time=0.19ms cost=0.0 pos=(0.08,0.06,-5.02) local=(0.10,-0.27,-5.02) wbirth=(-0.02,0.34,0.00) ref=(0.00,0.00) leader=(0.00,0.00) fallbacks=0
[mpc_node-4] [INFO] [1783591663.254304374] [px4_2.mpc_node_2]: [d2] solve: status=0 time=0.19ms cost=0.1 pos=(0.02,-2.84,-5.03) local=(-0.36,0.02,-5.31) wbirth=(0.38,-2.86,0.28) ref=(0.00,-3.00) leader=(0.00,0.00) fallbacks=0
[mpc_node-6] [INFO] [1783591663.308941806] [px4_4.mpc_node_4]: [d4] solve: status=0 time=0.18ms cost=0.0 pos=(-3.04,0.08,-4.96) local=(0.12,0.05,-5.65) wbirth=(-3.16,0.03,0.69) ref=(-3.00,0.00) leader=(0.00,0.00) fallbacks=0
[mpc_node-8] [INFO] [1783591664.151947455] [px4_6.mpc_node_6]: [d6] solve: status=0 time=0.18ms cost=0.1 pos=(-3.17,2.93,-4.98) local=(-0.08,-0.01,-5.31) wbirth=(-3.09,2.93,0.33) ref=(-3.00,3.00) leader=(0.00,0.00) fallbacks=0
[mpc_node-10] [INFO] [1783591664.159758499] [px4_8.mpc_node_8]: [d8] solve: status=0 time=0.17ms cost=0.0 pos=(-3.02,-3.06,-4.98) local=(0.16,-0.16,-5.36) wbirth=(-3.18,-2.90,0.37) ref=(-3.00,-3.00) leader=(0.00,0.00) fallbacks=0
[mpc_node-7] [INFO] [1783591664.194583490] [px4_5.mpc_node_5]: [d5] solve: status=0 time=0.17ms cost=0.1 pos=(2.78,3.10,-5.03) local=(-0.15,0.24,-5.80) wbirth=(2.93,2.86,0.77) ref=(3.00,3.00) leader=(0.00,0.00) fallbacks=0
[mpc_node-9] [INFO] [1783591664.196977258] [px4_7.mpc_node_7]: [d7] solve: status=0 time=0.15ms cost=0.1 pos=(3.16,-3.01,-5.04) local=(0.26,-0.08,-5.39) wbirth=(2.90,-2.93,0.36) ref=(3.00,-3.00) leader=(0.00,0.00) fallbacks=0
[mpc_node-5] [INFO] [1783591664.201103816] [px4_3.mpc_node_3]: [d3] solve: status=0 time=0.17ms cost=0.0 pos=(2.89,0.05,-4.92) local=(-0.04,-0.02,-4.75) wbirth=(2.93,0.07,-0.17) ref=(3.00,0.00) leader=(0.00,0.00) fallbacks=0
[mpc_node-3] [INFO] [1783591664.230926443] [px4_1.mpc_node_1]: [d1] solve: status=0 time=0.17ms cost=0.0 pos=(-0.03,2.96,-5.04) local=(-0.09,0.09,-5.40) wbirth=(0.05,2.87,0.36) ref=(0.00,3.00) leader=(0.00,0.00) fallbacks=0
[mpc_node-2] [INFO] [1783591664.238934873] [px4_0.mpc_node_0]: [d0] solve: status=0 time=0.18ms cost=0.0 pos=(0.00,0.04,-5.07) local=(0.02,-0.30,-5.07) wbirth=(-0.02,0.34,0.00) ref=(0.00,0.00) leader=(0.00,0.00) fallbacks=0
[mpc_node-4] [INFO] [1783591664.251885878] [px4_2.mpc_node_2]: [d2] solve: status=0 time=0.18ms cost=0.1 pos=(-0.09,-2.83,-5.03) local=(-0.47,0.04,-5.31) wbirth=(0.38,-2.86,0.28) ref=(0.00,-3.00) leader=(0.00,0.00) fallbacks=0
[mpc_node-6] [INFO] [1783591664.308539879] [px4_4.mpc_node_4]: [d4] solve: status=0 time=0.19ms cost=0.0 pos=(-3.05,-0.01,-4.97) local=(0.11,-0.04,-5.66) wbirth=(-3.16,0.03,0.69) ref=(-3.00,0.00) leader=(0.00,0.00) fallbacks=0
[mpc_node-8] [INFO] [1783591665.149357875] [px4_6.mpc_node_6]: [d6] solve: status=0 time=0.19ms cost=0.0 pos=(-3.02,2.94,-5.00) local=(0.07,0.01,-5.33) wbirth=(-3.09,2.93,0.33) ref=(-3.00,3.00) leader=(0.00,0.00) fallbacks=0
[mpc_node-10] [INFO] [1783591665.159425331] [px4_8.mpc_node_8]: [d8] solve: status=0 time=0.17ms cost=0.0 pos=(-3.05,-3.07,-5.00) local=(0.13,-0.17,-5.38) wbirth=(-3.18,-2.90,0.37) ref=(-3.00,-3.00) leader=(0.00,0.00) fallbacks=0
[mpc_node-7] [INFO] [1783591665.194002864] [px4_5.mpc_node_5]: [d5] solve: status=0 time=0.18ms cost=0.1 pos=(2.80,2.96,-4.98) local=(-0.12,0.10,-5.76) wbirth=(2.93,2.86,0.77) ref=(3.00,3.00) leader=(0.00,0.00) fallbacks=0
[mpc_node-9] [INFO] [1783591665.197230945] [px4_7.mpc_node_7]: [d7] solve: status=0 time=0.15ms cost=0.1 pos=(3.18,-3.01,-5.02) local=(0.28,-0.08,-5.38) wbirth=(2.90,-2.93,0.36) ref=(3.00,-3.00) leader=(0.00,0.00) fallbacks=0
[mpc_node-5] [INFO] [1783591665.200039347] [px4_3.mpc_node_3]: [d3] solve: status=0 time=0.18ms cost=0.0 pos=(2.85,0.05,-4.96) local=(-0.07,-0.02,-4.79) wbirth=(2.93,0.07,-0.17) ref=(3.00,0.00) leader=(0.00,0.00) fallbacks=0
[mpc_node-3] [INFO] [1783591665.231214499] [px4_1.mpc_node_1]: [d1] solve: status=0 time=0.15ms cost=0.0 pos=(-0.11,3.00,-5.03) local=(-0.16,0.13,-5.39) wbirth=(0.05,2.87,0.36) ref=(0.00,3.00) leader=(0.00,0.00) fallbacks=0
[mpc_node-2] [INFO] [1783591665.236818611] [px4_0.mpc_node_0]: [d0] solve: status=0 time=0.18ms cost=0.0 pos=(-0.10,0.01,-5.01) local=(-0.08,-0.33,-5.01) wbirth=(-0.02,0.34,0.00) ref=(0.00,0.00) leader=(0.00,0.00) fallbacks=0
[mpc_node-4] [INFO] [1783591665.251912242] [px4_2.mpc_node_2]: [d2] solve: status=0 time=0.18ms cost=0.1 pos=(-0.13,-2.92,-5.04) local=(-0.51,-0.05,-5.33) wbirth=(0.38,-2.86,0.28) ref=(0.00,-3.00) leader=(0.00,0.00) fallbacks=0
[mpc_node-6] [INFO] [1783591665.312589718] [px4_4.mpc_node_4]: [d4] solve: status=0 time=0.17ms cost=0.0 pos=(-3.02,-0.08,-5.01) local=(0.13,-0.10,-5.70) wbirth=(-3.16,0.03,0.69) ref=(-3.00,0.00) leader=(0.00,0.00) fallbacks=0
[mpc_node-8] [INFO] [1783591666.148985278] [px4_6.mpc_node_6]: [d6] solve: status=0 time=0.19ms cost=0.0 pos=(-2.92,2.93,-4.98) local=(0.17,-0.00,-5.30) wbirth=(-3.09,2.93,0.33) ref=(-3.00,3.00) leader=(0.00,0.00) fallbacks=0
[mpc_node-10] [INFO] [1783591666.160888208] [px4_8.mpc_node_8]: [d8] solve: status=0 time=0.18ms cost=0.0 pos=(-3.03,-3.06,-4.95) local=(0.15,-0.15,-5.33) wbirth=(-3.18,-2.90,0.37) ref=(-3.00,-3.00) leader=(0.00,0.00) fallbacks=0
[mpc_node-7] [INFO] [1783591666.192417342] [px4_5.mpc_node_5]: [d5] solve: status=0 time=0.18ms cost=0.0 pos=(2.99,2.90,-4.95) local=(0.06,0.03,-5.72) wbirth=(2.93,2.86,0.77) ref=(3.00,3.00) leader=(0.00,0.00) fallbacks=0
[mpc_node-9] [INFO] [1783591666.197632491] [px4_7.mpc_node_7]: [d7] solve: status=0 time=0.18ms cost=0.0 pos=(3.08,-2.97,-5.01) local=(0.18,-0.04,-5.36) wbirth=(2.90,-2.93,0.36) ref=(3.00,-3.00) leader=(0.00,0.00) fallbacks=0
[mpc_node-5] [INFO] [1783591666.200595969] [px4_3.mpc_node_3]: [d3] solve: status=0 time=0.17ms cost=0.0 pos=(2.96,0.04,-5.00) local=(0.03,-0.03,-4.83) wbirth=(2.93,0.07,-0.17) ref=(3.00,0.00) leader=(0.00,0.00) fallbacks=0
[mpc_node-3] [INFO] [1783591666.229828663] [px4_1.mpc_node_1]: [d1] solve: status=0 time=0.18ms cost=0.0 pos=(-0.01,3.00,-5.07) local=(-0.07,0.14,-5.43) wbirth=(0.05,2.87,0.36) ref=(0.00,3.00) leader=(0.00,0.00) fallbacks=0
[mpc_node-2] [INFO] [1783591666.236803094] [px4_0.mpc_node_0]: [d0] solve: status=0 time=0.16ms cost=0.0 pos=(-0.14,-0.03,-5.00) local=(-0.12,-0.37,-5.00) wbirth=(-0.02,0.34,0.00) ref=(0.00,0.00) leader=(0.00,0.00) fallbacks=0
[mpc_node-4] [INFO] [1783591666.254788828] [px4_2.mpc_node_2]: [d2] solve: status=0 time=0.16ms cost=0.0 pos=(-0.10,-3.00,-5.00) local=(-0.48,-0.14,-5.28) wbirth=(0.38,-2.86,0.28) ref=(0.00,-3.00) leader=(0.00,0.00) fallbacks=0
[mpc_node-6] [INFO] [1783591666.309016106] [px4_4.mpc_node_4]: [d4] solve: status=0 time=0.19ms cost=0.0 pos=(-2.96,-0.14,-5.03) local=(0.20,-0.17,-5.71) wbirth=(-3.16,0.03,0.69) ref=(-3.00,0.00) leader=(0.00,0.00) fallbacks=0
[mpc_node-8] [INFO] [1783591667.148966019] [px4_6.mpc_node_6]: [d6] solve: status=0 time=0.16ms cost=0.0 pos=(-2.88,3.01,-4.94) local=(0.21,0.07,-5.27) wbirth=(-3.09,2.93,0.33) ref=(-3.00,3.00) leader=(0.00,0.00) fallbacks=0
[mpc_node-10] [INFO] [1783591667.161244516] [px4_8.mpc_node_8]: [d8] solve: status=0 time=0.20ms cost=0.0 pos=(-3.00,-2.99,-5.00) local=(0.18,-0.09,-5.38) wbirth=(-3.18,-2.90,0.37) ref=(-3.00,-3.00) leader=(0.00,0.00) fallbacks=0
[mpc_node-7] [INFO] [1783591667.194855009] [px4_5.mpc_node_5]: [d5] solve: status=0 time=0.17ms cost=0.1 pos=(3.17,2.87,-5.03) local=(0.25,0.00,-5.80) wbirth=(2.93,2.86,0.77) ref=(3.00,3.00) leader=(0.00,0.00) fallbacks=0
[mpc_node-9] [INFO] [1783591667.197276600] [px4_7.mpc_node_7]: [d7] solve: status=0 time=0.18ms cost=0.0 pos=(2.90,-2.96,-5.00) local=(0.00,-0.03,-5.35) wbirth=(2.90,-2.93,0.36) ref=(3.00,-3.00) leader=(0.00,0.00) fallbacks=0
[mpc_node-5] [INFO] [1783591667.199377581] [px4_3.mpc_node_3]: [d3] solve: status=0 time=0.17ms cost=0.0 pos=(3.12,-0.01,-4.97) local=(0.19,-0.09,-4.80) wbirth=(2.93,0.07,-0.17) ref=(3.00,0.00) leader=(0.00,0.00) fallbacks=0
[mpc_node-3] [INFO] [1783591667.231630005] [px4_1.mpc_node_1]: [d1] solve: status=0 time=0.30ms cost=0.0 pos=(0.01,2.99,-4.99) local=(-0.04,0.13,-5.35) wbirth=(0.05,2.87,0.36) ref=(0.00,3.00) leader=(0.00,0.00) fallbacks=0
[mpc_node-2] [INFO] [1783591667.238071167] [px4_0.mpc_node_0]: [d0] solve: status=0 time=0.16ms cost=0.1 pos=(-0.15,-0.04,-4.94) local=(-0.13,-0.37,-4.94) wbirth=(-0.02,0.34,0.00) ref=(0.00,0.00) leader=(0.00,0.00) fallbacks=0
[mpc_node-4] [INFO] [1783591667.253196776] [px4_2.mpc_node_2]: [d2] solve: status=0 time=0.18ms cost=0.0 pos=(-0.04,-3.08,-5.00) local=(-0.42,-0.22,-5.28) wbirth=(0.38,-2.86,0.28) ref=(0.00,-3.00) leader=(0.00,0.00) fallbacks=0
[mpc_node-6] [INFO] [1783591667.309110447] [px4_4.mpc_node_4]: [d4] solve: status=0 time=0.16ms cost=0.0 pos=(-2.96,-0.12,-5.02) local=(0.20,-0.14,-5.71) wbirth=(-3.16,0.03,0.69) ref=(-3.00,0.00) leader=(0.00,0.00) fallbacks=0
[mpc_node-8] [INFO] [1783591668.149816016] [px4_6.mpc_node_6]: [d6] solve: status=0 time=0.16ms cost=0.0 pos=(-2.90,3.04,-4.94) local=(0.19,0.10,-5.27) wbirth=(-3.09,2.93,0.33) ref=(-3.00,3.00) leader=(0.00,0.00) fallbacks=0
[mpc_node-10] [INFO] [1783591668.159400884] [px4_8.mpc_node_8]: [d8] solve: status=0 time=0.17ms cost=0.0 pos=(-3.04,-2.98,-5.03) local=(0.14,-0.08,-5.41) wbirth=(-3.18,-2.90,0.37) ref=(-3.00,-3.00) leader=(0.00,0.00) fallbacks=0
[mpc_node-7] [INFO] [1783591668.194940538] [px4_5.mpc_node_5]: [d5] solve: status=0 time=0.17ms cost=0.1 pos=(3.19,2.90,-5.07) local=(0.26,0.04,-5.84) wbirth=(2.93,2.86,0.77) ref=(3.00,3.00) leader=(0.00,0.00) fallbacks=0
[mpc_node-9] [INFO] [1783591668.197810257] [px4_7.mpc_node_7]: [d7] solve: status=0 time=0.15ms cost=0.1 pos=(2.84,-3.01,-4.99) local=(-0.06,-0.08,-5.35) wbirth=(2.90,-2.93,0.36) ref=(3.00,-3.00) leader=(0.00,0.00) fallbacks=0
[mpc_node-5] [INFO] [1783591668.201577615] [px4_3.mpc_node_3]: [d3] solve: status=0 time=0.18ms cost=0.1 pos=(3.18,-0.06,-4.96) local=(0.25,-0.13,-4.79) wbirth=(2.93,0.07,-0.17) ref=(3.00,0.00) leader=(0.00,0.00) fallbacks=0
[mpc_node-3] [INFO] [1783591668.230454144] [px4_1.mpc_node_1]: [d1] solve: status=0 time=0.17ms cost=0.0 pos=(0.03,2.96,-5.01) local=(-0.02,0.09,-5.37) wbirth=(0.05,2.87,0.36) ref=(0.00,3.00) leader=(0.00,0.00) fallbacks=0
[mpc_node-2] [INFO] [1783591668.237750094] [px4_0.mpc_node_0]: [d0] solve: status=0 time=0.18ms cost=0.0 pos=(-0.07,-0.07,-4.97) local=(-0.05,-0.41,-4.97) wbirth=(-0.02,0.34,0.00) ref=(0.00,0.00) leader=(0.00,0.00) fallbacks=0
[mpc_node-4] [INFO] [1783591668.253446850] [px4_2.mpc_node_2]: [d2] solve: status=0 time=0.15ms cost=0.0 pos=(0.03,-3.13,-4.99) local=(-0.35,-0.27,-5.27) wbirth=(0.38,-2.86,0.28) ref=(0.00,-3.00) leader=(0.00,0.00) fallbacks=0
[mpc_node-6] [INFO] [1783591668.310793438] [px4_4.mpc_node_4]: [d4] solve: status=0 time=0.17ms cost=0.0 pos=(-2.96,-0.05,-5.01) local=(0.20,-0.08,-5.70) wbirth=(-3.16,0.03,0.69) ref=(-3.00,0.00) leader=(0.00,0.00) fallbacks=0
[mpc_node-8] [INFO] [1783591669.151391271] [px4_6.mpc_node_6]: [d6] solve: status=0 time=0.17ms cost=0.0 pos=(-2.97,3.05,-4.99) local=(0.12,0.12,-5.32) wbirth=(-3.09,2.93,0.33) ref=(-3.00,3.00) leader=(0.00,0.00) fallbacks=0
[mpc_node-10] [INFO] [1783591669.161191183] [px4_8.mpc_node_8]: [d8] solve: status=0 time=0.21ms cost=0.0 pos=(-3.09,-2.98,-5.03) local=(0.09,-0.08,-5.41) wbirth=(-3.18,-2.90,0.37) ref=(-3.00,-3.00) leader=(0.00,0.00) fallbacks=0
[mpc_node-7] [INFO] [1783591669.194511576] [px4_5.mpc_node_5]: [d5] solve: status=0 time=0.17ms cost=0.1 pos=(3.17,2.94,-5.04) local=(0.24,0.08,-5.82) wbirth=(2.93,2.86,0.77) ref=(3.00,3.00) leader=(0.00,0.00) fallbacks=0
[mpc_node-9] [INFO] [1783591669.197548464] [px4_7.mpc_node_7]: [d7] solve: status=0 time=0.18ms cost=0.1 pos=(2.84,-3.04,-4.98) local=(-0.06,-0.11,-5.34) wbirth=(2.90,-2.93,0.36) ref=(3.00,-3.00) leader=(0.00,0.00) fallbacks=0
[mpc_node-5] [INFO] [1783591669.201256768] [px4_3.mpc_node_3]: [d3] solve: status=0 time=0.17ms cost=0.0 pos=(3.11,-0.12,-4.98) local=(0.18,-0.19,-4.81) wbirth=(2.93,0.07,-0.17) ref=(3.00,0.00) leader=(0.00,0.00) fallbacks=0
[mpc_node-3] [INFO] [1783591669.232427241] [px4_1.mpc_node_1]: [d1] solve: status=0 time=0.14ms cost=0.0 pos=(0.04,2.93,-4.97) local=(-0.01,0.06,-5.33) wbirth=(0.05,2.87,0.36) ref=(0.00,3.00) leader=(0.00,0.00) fallbacks=0
[mpc_node-2] [INFO] [1783591669.235660159] [px4_0.mpc_node_0]: [d0] solve: status=0 time=0.18ms cost=0.0 pos=(0.03,-0.03,-5.04) local=(0.05,-0.37,-5.04) wbirth=(-0.02,0.34,0.00) ref=(0.00,0.00) leader=(0.00,0.00) fallbacks=0
[mpc_node-4] [INFO] [1783591669.252457729] [px4_2.mpc_node_2]: [d2] solve: status=0 time=0.18ms cost=0.1 pos=(0.07,-3.13,-5.01) local=(-0.31,-0.27,-5.29) wbirth=(0.38,-2.86,0.28) ref=(0.00,-3.00) leader=(0.00,0.00) fallbacks=0
[mpc_node-6] [INFO] [1783591669.308869148] [px4_4.mpc_node_4]: [d4] solve: status=0 time=0.37ms cost=0.0 pos=(-2.96,0.04,-4.95) local=(0.20,0.02,-5.64) wbirth=(-3.16,0.03,0.69) ref=(-3.00,0.00) leader=(0.00,0.00) fallbacks=0
[mpc_node-8] [INFO] [1783591670.150575340] [px4_6.mpc_node_6]: [d6] solve: status=0 time=0.17ms cost=0.0 pos=(-3.06,3.06,-5.05) local=(0.03,0.12,-5.37) wbirth=(-3.09,2.93,0.33) ref=(-3.00,3.00) leader=(0.00,0.00) fallbacks=0
[mpc_node-10] [INFO] [1783591670.160211968] [px4_8.mpc_node_8]: [d8] solve: status=0 time=0.22ms cost=0.0 pos=(-3.07,-2.98,-5.03) local=(0.12,-0.08,-5.40) wbirth=(-3.18,-2.90,0.37) ref=(-3.00,-3.00) leader=(0.00,0.00) fallbacks=0
[mpc_node-7] [INFO] [1783591670.191954291] [px4_5.mpc_node_5]: [d5] solve: status=0 time=0.17ms cost=0.0 pos=(3.06,3.07,-4.99) local=(0.13,0.21,-5.77) wbirth=(2.93,2.86,0.77) ref=(3.00,3.00) leader=(0.00,0.00) fallbacks=0
[mpc_node-9] [INFO] [1783591670.198277571] [px4_7.mpc_node_7]: [d7] solve: status=0 time=0.18ms cost=0.0 pos=(2.94,-2.98,-4.97) local=(0.04,-0.05,-5.32) wbirth=(2.90,-2.93,0.36) ref=(3.00,-3.00) leader=(0.00,0.00) fallbacks=0
[mpc_node-5] [INFO] [1783591670.200791850] [px4_3.mpc_node_3]: [d3] solve: status=0 time=0.20ms cost=0.0 pos=(2.95,-0.02,-5.00) local=(0.03,-0.09,-4.83) wbirth=(2.93,0.07,-0.17) ref=(3.00,0.00) leader=(0.00,0.00) fallbacks=0
[mpc_node-3] [INFO] [1783591670.231033365] [px4_1.mpc_node_1]: [d1] solve: status=0 time=0.19ms cost=0.0 pos=(0.10,3.01,-4.98) local=(0.05,0.14,-5.34) wbirth=(0.05,2.87,0.36) ref=(0.00,3.00) leader=(0.00,0.00) fallbacks=0
[mpc_node-2] [INFO] [1783591670.237126788] [px4_0.mpc_node_0]: [d0] solve: status=0 time=0.15ms cost=0.0 pos=(0.12,0.03,-5.05) local=(0.14,-0.31,-5.05) wbirth=(-0.02,0.34,0.00) ref=(0.00,0.00) leader=(0.00,0.00) fallbacks=0
[mpc_node-4] [INFO] [1783591670.252865891] [px4_2.mpc_node_2]: [d2] solve: status=0 time=0.17ms cost=0.0 pos=(0.05,-3.06,-5.03) local=(-0.33,-0.20,-5.31) wbirth=(0.38,-2.86,0.28) ref=(0.00,-3.00) leader=(0.00,0.00) fallbacks=0
[mpc_node-6] [INFO] [1783591670.309813610] [px4_4.mpc_node_4]: [d4] solve: status=0 time=0.17ms cost=0.0 pos=(-2.93,0.13,-5.03) local=(0.23,0.10,-5.72) wbirth=(-3.16,0.03,0.69) ref=(-3.00,0.00) leader=(0.00,0.00) fallbacks=0
[mpc_node-8] [INFO] [1783591671.151307130] [px4_6.mpc_node_6]: [d6] solve: status=0 time=0.21ms cost=0.0 pos=(-3.05,3.02,-5.01) local=(0.04,0.09,-5.34) wbirth=(-3.09,2.93,0.33) ref=(-3.00,3.00) leader=(0.00,0.00) fallbacks=0
[mpc_node-10] [INFO] [1783591671.159902253] [px4_8.mpc_node_8]: [d8] solve: status=0 time=0.20ms cost=0.0 pos=(-2.96,-3.00,-4.96) local=(0.22,-0.10,-5.34) wbirth=(-3.18,-2.90,0.37) ref=(-3.00,-3.00) leader=(0.00,0.00) fallbacks=0
[mpc_node-7] [INFO] [1783591671.196991795] [px4_5.mpc_node_5]: [d5] solve: status=0 time=0.22ms cost=0.0 pos=(2.96,3.10,-4.95) local=(0.03,0.24,-5.72) wbirth=(2.93,2.86,0.77) ref=(3.00,3.00) leader=(0.00,0.00) fallbacks=0
[mpc_node-9] [INFO] [1783591671.198642382] [px4_7.mpc_node_7]: [d7] solve: status=0 time=0.20ms cost=0.0 pos=(2.90,-3.01,-5.01) local=(0.00,-0.07,-5.36) wbirth=(2.90,-2.93,0.36) ref=(3.00,-3.00) leader=(0.00,0.00) fallbacks=0
[mpc_node-5] [INFO] [1783591671.199814367] [px4_3.mpc_node_3]: [d3] solve: status=0 time=0.17ms cost=0.0 pos=(2.89,0.01,-4.99) local=(-0.04,-0.06,-4.82) wbirth=(2.93,0.07,-0.17) ref=(3.00,0.00) leader=(0.00,0.00) fallbacks=0
[mpc_node-3] [INFO] [1783591671.230037890] [px4_1.mpc_node_1]: [d1] solve: status=0 time=0.15ms cost=0.0 pos=(0.02,3.06,-4.96) local=(-0.03,0.19,-5.32) wbirth=(0.05,2.87,0.36) ref=(0.00,3.00) leader=(0.00,0.00) fallbacks=0
[mpc_node-2] [INFO] [1783591671.235551575] [px4_0.mpc_node_0]: [d0] solve: status=0 time=0.22ms cost=0.1 pos=(0.16,0.04,-4.96) local=(0.18,-0.29,-4.96) wbirth=(-0.02,0.34,0.00) ref=(0.00,0.00) leader=(0.00,0.00) fallbacks=0
[mpc_node-4] [INFO] [1783591671.251979057] [px4_2.mpc_node_2]: [d2] solve: status=0 time=0.18ms cost=0.0 pos=(0.00,-2.98,-5.04) local=(-0.38,-0.12,-5.33) wbirth=(0.38,-2.86,0.28) ref=(0.00,-3.00) leader=(0.00,0.00) fallbacks=0
[mpc_node-6] [INFO] [1783591671.309420332] [px4_4.mpc_node_4]: [d4] solve: status=0 time=0.18ms cost=0.0 pos=(-2.98,0.12,-5.02) local=(0.18,0.10,-5.71) wbirth=(-3.16,0.03,0.69) ref=(-3.00,0.00) leader=(0.00,0.00) fallbacks=0
[mpc_node-8] [INFO] [1783591672.151255485] [px4_6.mpc_node_6]: [d6] solve: status=0 time=0.15ms cost=0.0 pos=(-2.98,3.03,-5.01) local=(0.11,0.09,-5.33) wbirth=(-3.09,2.93,0.33) ref=(-3.00,3.00) leader=(0.00,0.00) fallbacks=0
[mpc_node-10] [INFO] [1783591672.159258464] [px4_8.mpc_node_8]: [d8] solve: status=0 time=0.15ms cost=0.1 pos=(-2.81,-3.02,-4.96) local=(0.37,-0.12,-5.33) wbirth=(-3.18,-2.90,0.37) ref=(-3.00,-3.00) leader=(0.00,0.00) fallbacks=0
[mpc_node-7] [INFO] [1783591672.195255189] [px4_5.mpc_node_5]: [d5] solve: status=0 time=0.18ms cost=0.0 pos=(2.91,3.03,-4.95) local=(-0.02,0.16,-5.72) wbirth=(2.93,2.86,0.77) ref=(3.00,3.00) leader=(0.00,0.00) fallbacks=0
[mpc_node-9] [INFO] [1783591672.197026436] [px4_7.mpc_node_7]: [d7] solve: status=0 time=0.17ms cost=0.0 pos=(2.98,-3.05,-4.97) local=(0.08,-0.12,-5.33) wbirth=(2.90,-2.93,0.36) ref=(3.00,-3.00) leader=(0.00,0.00) fallbacks=0
[mpc_node-5] [INFO] [1783591672.199327713] [px4_3.mpc_node_3]: [d3] solve: status=0 time=0.18ms cost=0.0 pos=(2.86,0.02,-4.97) local=(-0.07,-0.05,-4.80) wbirth=(2.93,0.07,-0.17) ref=(3.00,0.00) leader=(0.00,0.00) fallbacks=0
[mpc_node-3] [INFO] [1783591672.231594525] [px4_1.mpc_node_1]: [d1] solve: status=0 time=0.22ms cost=0.0 pos=(0.00,3.05,-5.04) local=(-0.05,0.18,-5.40) wbirth=(0.05,2.87,0.36) ref=(0.00,3.00) leader=(0.00,0.00) fallbacks=0
[mpc_node-2] [INFO] [1783591672.235405364] [px4_0.mpc_node_0]: [d0] solve: status=0 time=0.19ms cost=0.0 pos=(0.08,0.05,-5.02) local=(0.09,-0.29,-5.02) wbirth=(-0.02,0.34,0.00) ref=(0.00,0.00) leader=(0.00,0.00) fallbacks=0
[mpc_node-4] [INFO] [1783591672.251846712] [px4_2.mpc_node_2]: [d2] solve: status=0 time=0.17ms cost=0.0 pos=(-0.01,-2.92,-5.05) local=(-0.39,-0.05,-5.33) wbirth=(0.38,-2.86,0.28) ref=(0.00,-3.00) leader=(0.00,0.00) fallbacks=0
[mpc_node-6] [INFO] [1783591672.308738642] [px4_4.mpc_node_4]: [d4] solve: status=0 time=0.16ms cost=0.0 pos=(-2.99,0.11,-5.05) local=(0.17,0.08,-5.74) wbirth=(-3.16,0.03,0.69) ref=(-3.00,0.00) leader=(0.00,0.00) fallbacks=0
[mpc_node-8] [INFO] [1783591673.149027417] [px4_6.mpc_node_6]: [d6] solve: status=0 time=0.17ms cost=0.0 pos=(-3.01,3.01,-4.96) local=(0.08,0.07,-5.28) wbirth=(-3.09,2.93,0.33) ref=(-3.00,3.00) leader=(0.00,0.00) fallbacks=0
[mpc_node-10] [INFO] [1783591673.160357415] [px4_8.mpc_node_8]: [d8] solve: status=0 time=0.17ms cost=0.0 pos=(-2.85,-3.02,-4.99) local=(0.33,-0.12,-5.37) wbirth=(-3.18,-2.90,0.37) ref=(-3.00,-3.00) leader=(0.00,0.00) fallbacks=0
[mpc_node-7] [INFO] [1783591673.192950640] [px4_5.mpc_node_5]: [d5] solve: status=0 time=0.15ms cost=0.0 pos=(2.86,3.02,-5.02) local=(-0.07,0.16,-5.79) wbirth=(2.93,2.86,0.77) ref=(3.00,3.00) leader=(0.00,0.00) fallbacks=0
[mpc_node-9] [INFO] [1783591673.197692667] [px4_7.mpc_node_7]: [d7] solve: status=0 time=0.18ms cost=0.0 pos=(3.09,-3.03,-4.95) local=(0.19,-0.10,-5.31) wbirth=(2.90,-2.93,0.36) ref=(3.00,-3.00) leader=(0.00,0.00) fallbacks=0
[mpc_node-5] [INFO] [1783591673.199996705] [px4_3.mpc_node_3]: [d3] solve: status=0 time=0.18ms cost=0.0 pos=(2.95,0.04,-5.00) local=(0.03,-0.03,-4.84) wbirth=(2.93,0.07,-0.17) ref=(3.00,0.00) leader=(0.00,0.00) fallbacks=0
[mpc_node-3] [INFO] [1783591673.229836336] [px4_1.mpc_node_1]: [d1] solve: status=0 time=0.17ms cost=0.0 pos=(-0.00,3.02,-5.04) local=(-0.05,0.15,-5.40) wbirth=(0.05,2.87,0.36) ref=(0.00,3.00) leader=(0.00,0.00) fallbacks=0
[mpc_node-2] [INFO] [1783591673.235981119] [px4_0.mpc_node_0]: [d0] solve: status=0 time=0.16ms cost=0.0 pos=(-0.06,0.07,-4.97) local=(-0.04,-0.26,-4.97) wbirth=(-0.02,0.34,0.00) ref=(0.00,0.00) leader=(0.00,0.00) fallbacks=0
[mpc_node-4] [INFO] [1783591673.253435307] [px4_2.mpc_node_2]: [d2] solve: status=0 time=0.18ms cost=0.0 pos=(0.02,-2.88,-4.98) local=(-0.36,-0.02,-5.26) wbirth=(0.38,-2.86,0.28) ref=(0.00,-3.00) leader=(0.00,0.00) fallbacks=0
[mpc_node-6] [INFO] [1783591673.310358976] [px4_4.mpc_node_4]: [d4] solve: status=0 time=0.17ms cost=0.0 pos=(-3.02,0.08,-4.99) local=(0.14,0.05,-5.67) wbirth=(-3.16,0.03,0.69) ref=(-3.00,0.00) leader=(0.00,0.00) fallbacks=0
[mpc_node-8] [INFO] [1783591674.149448794] [px4_6.mpc_node_6]: [d6] solve: status=0 time=0.15ms cost=0.0 pos=(-3.02,2.96,-4.98) local=(0.07,0.02,-5.30) wbirth=(-3.09,2.93,0.33) ref=(-3.00,3.00) leader=(0.00,0.00) fallbacks=0
[mpc_node-10] [INFO] [1783591674.161328905] [px4_8.mpc_node_8]: [d8] solve: status=0 time=0.18ms cost=0.0 pos=(-2.97,-3.04,-5.01) local=(0.21,-0.14,-5.39) wbirth=(-3.18,-2.90,0.37) ref=(-3.00,-3.00) leader=(0.00,0.00) fallbacks=0
[mpc_node-7] [INFO] [1783591674.193303783] [px4_5.mpc_node_5]: [d5] solve: status=0 time=0.18ms cost=0.0 pos=(2.89,3.00,-5.12) local=(-0.04,0.14,-5.89) wbirth=(2.93,2.86,0.77) ref=(3.00,3.00) leader=(0.00,0.00) fallbacks=0
[mpc_node-9] [INFO] [1783591674.196859719] [px4_7.mpc_node_7]: [d7] solve: status=0 time=0.15ms cost=0.0 pos=(3.14,-3.01,-5.00) local=(0.24,-0.08,-5.35) wbirth=(2.90,-2.93,0.36) ref=(3.00,-3.00) leader=(0.00,0.00) fallbacks=0
[mpc_node-5] [INFO] [1783591674.200722659] [px4_3.mpc_node_3]: [d3] solve: status=0 time=0.18ms cost=0.0 pos=(3.09,0.04,-4.97) local=(0.17,-0.03,-4.81) wbirth=(2.93,0.07,-0.17) ref=(3.00,0.00) leader=(0.00,0.00) fallbacks=0
[mpc_node-3] [INFO] [1783591674.229932624] [px4_1.mpc_node_1]: [d1] solve: status=0 time=0.15ms cost=0.0 pos=(-0.00,3.02,-4.97) local=(-0.05,0.15,-5.33) wbirth=(0.05,2.87,0.36) ref=(0.00,3.00) leader=(0.00,0.00) fallbacks=0
[mpc_node-2] [INFO] [1783591674.235270268] [px4_0.mpc_node_0]: [d0] solve: status=0 time=0.18ms cost=0.0 pos=(-0.06,0.05,-4.98) local=(-0.04,-0.29,-4.98) wbirth=(-0.02,0.34,0.00) ref=(0.00,0.00) leader=(0.00,0.00) fallbacks=0
[mpc_node-4] [INFO] [1783591674.253316902] [px4_2.mpc_node_2]: [d2] solve: status=0 time=0.18ms cost=0.0 pos=(0.01,-2.92,-5.00) local=(-0.37,-0.05,-5.28) wbirth=(0.38,-2.86,0.28) ref=(0.00,-3.00) leader=(0.00,0.00) fallbacks=0
[mpc_node-6] [INFO] [1783591674.309008013] [px4_4.mpc_node_4]: [d4] solve: status=0 time=0.19ms cost=0.0 pos=(-3.09,0.01,-5.01) local=(0.07,-0.02,-5.70) wbirth=(-3.16,0.03,0.69) ref=(-3.00,0.00) leader=(0.00,0.00) fallbacks=0
[mpc_node-8] [INFO] [1783591675.149020680] [px4_6.mpc_node_6]: [d6] solve: status=0 time=0.18ms cost=0.0 pos=(-3.04,2.94,-5.01) local=(0.05,0.00,-5.34) wbirth=(-3.09,2.93,0.33) ref=(-3.00,3.00) leader=(0.00,0.00) fallbacks=0
[mpc_node-10] [INFO] [1783591675.160554194] [px4_8.mpc_node_8]: [d8] solve: status=0 time=0.19ms cost=0.0 pos=(-3.05,-3.07,-5.00) local=(0.14,-0.17,-5.37) wbirth=(-3.18,-2.90,0.37) ref=(-3.00,-3.00) leader=(0.00,0.00) fallbacks=0
[mpc_node-7] [INFO] [1783591675.194861033] [px4_5.mpc_node_5]: [d5] solve: status=0 time=0.18ms cost=0.0 pos=(2.97,2.98,-5.02) local=(0.05,0.11,-5.79) wbirth=(2.93,2.86,0.77) ref=(3.00,3.00) leader=(0.00,0.00) fallbacks=0
[mpc_node-9] [INFO] [1783591675.198427778] [px4_7.mpc_node_7]: [d7] solve: status=0 time=0.18ms cost=0.0 pos=(3.13,-2.99,-4.98) local=(0.23,-0.06,-5.34) wbirth=(2.90,-2.93,0.36) ref=(3.00,-3.00) leader=(0.00,0.00) fallbacks=0
[mpc_node-5] [INFO] [1783591675.199407017] [px4_3.mpc_node_3]: [d3] solve: status=0 time=0.15ms cost=0.0 pos=(3.14,0.01,-5.01) local=(0.21,-0.06,-4.85) wbirth=(2.93,0.07,-0.17) ref=(3.00,0.00) leader=(0.00,0.00) fallbacks=0
[mpc_node-3] [INFO] [1783591675.230305312] [px4_1.mpc_node_1]: [d1] solve: status=0 time=0.15ms cost=0.0 pos=(-0.03,2.99,-4.99) local=(-0.08,0.12,-5.35) wbirth=(0.05,2.87,0.36) ref=(0.00,3.00) leader=(0.00,0.00) fallbacks=0
[mpc_node-2] [INFO] [1783591675.235257608] [px4_0.mpc_node_0]: [d0] solve: status=0 time=0.18ms cost=0.0 pos=(-0.01,0.02,-4.99) local=(0.01,-0.32,-4.99) wbirth=(-0.02,0.34,0.00) ref=(0.00,0.00) leader=(0.00,0.00) fallbacks=0
[mpc_node-4] [INFO] [1783591675.253157977] [px4_2.mpc_node_2]: [d2] solve: status=0 time=0.15ms cost=0.0 pos=(-0.02,-2.96,-5.04) local=(-0.40,-0.10,-5.32) wbirth=(0.38,-2.86,0.28) ref=(0.00,-3.00) leader=(0.00,0.00) fallbacks=0
[mpc_node-6] [INFO] [1783591675.310555466] [px4_4.mpc_node_4]: [d4] solve: status=0 time=0.18ms cost=0.0 pos=(-3.08,-0.11,-5.00) local=(0.08,-0.13,-5.69) wbirth=(-3.16,0.03,0.69) ref=(-3.00,0.00) leader=(0.00,0.00) fallbacks=0
[mpc_node-8] [INFO] [1783591676.150031029] [px4_6.mpc_node_6]: [d6] solve: status=0 time=0.18ms cost=0.0 pos=(-3.06,2.96,-5.06) local=(0.03,0.03,-5.38) wbirth=(-3.09,2.93,0.33) ref=(-3.00,3.00) leader=(0.00,0.00) fallbacks=0
[mpc_node-10] [INFO] [1783591676.159378096] [px4_8.mpc_node_8]: [d8] solve: status=0 time=0.14ms cost=0.0 pos=(-3.09,-3.04,-4.98) local=(0.09,-0.14,-5.35) wbirth=(-3.18,-2.90,0.37) ref=(-3.00,-3.00) leader=(0.00,0.00) fallbacks=0
[mpc_node-7] [INFO] [1783591676.193445543] [px4_5.mpc_node_5]: [d5] solve: status=0 time=0.17ms cost=0.0 pos=(3.05,2.91,-4.98) local=(0.12,0.05,-5.75) wbirth=(2.93,2.86,0.77) ref=(3.00,3.00) leader=(0.00,0.00) fallbacks=0
[mpc_node-9] [INFO] [1783591676.198286984] [px4_7.mpc_node_7]: [d7] solve: status=0 time=0.21ms cost=0.0 pos=(3.06,-2.91,-4.96) local=(0.16,0.02,-5.32) wbirth=(2.90,-2.93,0.36) ref=(3.00,-3.00) leader=(0.00,0.00) fallbacks=0
[mpc_node-5] [INFO] [1783591676.202283177] [px4_3.mpc_node_3]: [d3] solve: status=0 time=0.21ms cost=0.0 pos=(3.10,-0.04,-5.06) local=(0.17,-0.11,-4.90) wbirth=(2.93,0.07,-0.17) ref=(3.00,0.00) leader=(0.00,0.00) fallbacks=0
[mpc_node-3] [INFO] [1783591676.229858516] [px4_1.mpc_node_1]: [d1] solve: status=0 time=0.15ms cost=0.0 pos=(-0.01,2.93,-5.00) local=(-0.06,0.07,-5.36) wbirth=(0.05,2.87,0.36) ref=(0.00,3.00) leader=(0.00,0.00) fallbacks=0
[mpc_node-2] [INFO] [1783591676.235706211] [px4_0.mpc_node_0]: [d0] solve: status=0 time=0.18ms cost=0.0 pos=(0.01,-0.04,-4.95) local=(0.03,-0.37,-4.95) wbirth=(-0.02,0.34,0.00) ref=(0.00,0.00) leader=(0.00,0.00) fallbacks=0
[mpc_node-4] [INFO] [1783591676.251965328] [px4_2.mpc_node_2]: [d2] solve: status=0 time=0.15ms cost=0.0 pos=(0.01,-3.05,-5.02) local=(-0.37,-0.18,-5.30) wbirth=(0.38,-2.86,0.28) ref=(0.00,-3.00) leader=(0.00,0.00) fallbacks=0
[mpc_node-6] [INFO] [1783591676.309468625] [px4_4.mpc_node_4]: [d4] solve: status=0 time=0.21ms cost=0.0 pos=(-3.03,-0.15,-4.99) local=(0.13,-0.18,-5.68) wbirth=(-3.16,0.03,0.69) ref=(-3.00,0.00) leader=(0.00,0.00) fallbacks=0
[mpc_node-8] [INFO] [1783591677.150548073] [px4_6.mpc_node_6]: [d6] solve: status=0 time=0.16ms cost=0.0 pos=(-3.00,2.97,-5.04) local=(0.09,0.04,-5.36) wbirth=(-3.09,2.93,0.33) ref=(-3.00,3.00) leader=(0.00,0.00) fallbacks=0
[mpc_node-10] [INFO] [1783591677.159434654] [px4_8.mpc_node_8]: [d8] solve: status=0 time=0.17ms cost=0.0 pos=(-3.12,-2.97,-5.03) local=(0.06,-0.07,-5.41) wbirth=(-3.18,-2.90,0.37) ref=(-3.00,-3.00) leader=(0.00,0.00) fallbacks=0
[mpc_node-7] [INFO] [1783591677.193581736] [px4_5.mpc_node_5]: [d5] solve: status=0 time=0.17ms cost=0.0 pos=(3.09,2.96,-4.95) local=(0.16,0.10,-5.72) wbirth=(2.93,2.86,0.77) ref=(3.00,3.00) leader=(0.00,0.00) fallbacks=0
[mpc_node-9] [INFO] [1783591677.198163109] [px4_7.mpc_node_7]: [d7] solve: status=0 time=0.18ms cost=0.0 pos=(2.95,-2.90,-5.02) local=(0.05,0.03,-5.38) wbirth=(2.90,-2.93,0.36) ref=(3.00,-3.00) leader=(0.00,0.00) fallbacks=0
[mpc_node-5] [INFO] [1783591677.199707548] [px4_3.mpc_node_3]: [d3] solve: status=0 time=0.17ms cost=0.0 pos=(2.97,-0.02,-4.96) local=(0.04,-0.09,-4.79) wbirth=(2.93,0.07,-0.17) ref=(3.00,0.00) leader=(0.00,0.00) fallbacks=0
[mpc_node-3] [INFO] [1783591677.230299271] [px4_1.mpc_node_1]: [d1] solve: status=0 time=0.17ms cost=0.0 pos=(0.01,2.96,-5.05) local=(-0.05,0.10,-5.41) wbirth=(0.05,2.87,0.36) ref=(0.00,3.00) leader=(0.00,0.00) fallbacks=0
[mpc_node-2] [INFO] [1783591677.235434534] [px4_0.mpc_node_0]: [d0] solve: status=0 time=0.19ms cost=0.0 pos=(0.02,-0.07,-4.99) local=(0.04,-0.41,-4.99) wbirth=(-0.02,0.34,0.00) ref=(0.00,0.00) leader=(0.00,0.00) fallbacks=0
[mpc_node-4] [INFO] [1783591677.253176526] [px4_2.mpc_node_2]: [d2] solve: status=0 time=0.15ms cost=0.0 pos=(-0.02,-3.06,-4.99) local=(-0.40,-0.20,-5.27) wbirth=(0.38,-2.86,0.28) ref=(0.00,-3.00) leader=(0.00,0.00) fallbacks=0
[mpc_node-6] [INFO] [1783591677.309911370] [px4_4.mpc_node_4]: [d4] solve: status=0 time=0.19ms cost=0.1 pos=(-3.02,-0.16,-4.98) local=(0.14,-0.19,-5.67) wbirth=(-3.16,0.03,0.69) ref=(-3.00,0.00) leader=(0.00,0.00) fallbacks=0
[mpc_node-8] [INFO] [1783591678.149651607] [px4_6.mpc_node_6]: [d6] solve: status=0 time=0.16ms cost=0.0 pos=(-3.07,3.01,-5.04) local=(0.02,0.07,-5.36) wbirth=(-3.09,2.93,0.33) ref=(-3.00,3.00) leader=(0.00,0.00) fallbacks=0
[mpc_node-10] [INFO] [1783591678.160986709] [px4_8.mpc_node_8]: [d8] solve: status=0 time=0.15ms cost=0.0 pos=(-3.09,-2.94,-5.06) local=(0.10,-0.04,-5.44) wbirth=(-3.18,-2.90,0.37) ref=(-3.00,-3.00) leader=(0.00,0.00) fallbacks=0
[mpc_node-7] [INFO] [1783591678.194928619] [px4_5.mpc_node_5]: [d5] solve: status=0 time=0.23ms cost=0.0 pos=(3.08,2.99,-4.93) local=(0.15,0.13,-5.71) wbirth=(2.93,2.86,0.77) ref=(3.00,3.00) leader=(0.00,0.00) fallbacks=0
[mpc_node-9] [INFO] [1783591678.198499903] [px4_7.mpc_node_7]: [d7] solve: status=0 time=0.22ms cost=0.0 pos=(2.91,-2.97,-5.02) local=(0.01,-0.04,-5.38) wbirth=(2.90,-2.93,0.36) ref=(3.00,-3.00) leader=(0.00,0.00) fallbacks=0
[mpc_node-5] [INFO] [1783591678.199971821] [px4_3.mpc_node_3]: [d3] solve: status=0 time=0.17ms cost=0.0 pos=(2.92,-0.01,-4.97) local=(-0.01,-0.09,-4.81) wbirth=(2.93,0.07,-0.17) ref=(3.00,0.00) leader=(0.00,0.00) fallbacks=0
[mpc_node-3] [INFO] [1783591678.231036871] [px4_1.mpc_node_1]: [d1] solve: status=0 time=0.25ms cost=0.0 pos=(-0.03,3.01,-5.01) local=(-0.08,0.14,-5.37) wbirth=(0.05,2.87,0.36) ref=(0.00,3.00) leader=(0.00,0.00) fallbacks=0
[mpc_node-2] [INFO] [1783591678.235783859] [px4_0.mpc_node_0]: [d0] solve: status=0 time=0.18ms cost=0.0 pos=(0.07,-0.01,-5.03) local=(0.09,-0.35,-5.03) wbirth=(-0.02,0.34,0.00) ref=(0.00,0.00) leader=(0.00,0.00) fallbacks=0
[mpc_node-4] [INFO] [1783591678.252178482] [px4_2.mpc_node_2]: [d2] solve: status=0 time=0.15ms cost=0.0 pos=(-0.02,-3.03,-5.01) local=(-0.40,-0.17,-5.29) wbirth=(0.38,-2.86,0.28) ref=(0.00,-3.00) leader=(0.00,0.00) fallbacks=0
[mpc_node-6] [INFO] [1783591678.308581303] [px4_4.mpc_node_4]: [d4] solve: status=0 time=0.19ms cost=0.0 pos=(-2.98,-0.10,-5.02) local=(0.18,-0.12,-5.71) wbirth=(-3.16,0.03,0.69) ref=(-3.00,0.00) leader=(0.00,0.00) fallbacks=0
[mpc_node-8] [INFO] [1783591679.151064214] [px4_6.mpc_node_6]: [d6] solve: status=0 time=0.22ms cost=0.0 pos=(-3.06,3.00,-4.99) local=(0.03,0.07,-5.31) wbirth=(-3.09,2.93,0.33) ref=(-3.00,3.00) leader=(0.00,0.00) fallbacks=0
[mpc_node-10] [INFO] [1783591679.159874784] [px4_8.mpc_node_8]: [d8] solve: status=0 time=0.21ms cost=0.0 pos=(-3.01,-2.92,-5.07) local=(0.17,-0.01,-5.45) wbirth=(-3.18,-2.90,0.37) ref=(-3.00,-3.00) leader=(0.00,0.00) fallbacks=0
[mpc_node-7] [INFO] [1783591679.194436272] [px4_5.mpc_node_5]: [d5] solve: status=0 time=0.14ms cost=0.0 pos=(3.07,2.97,-5.03) local=(0.15,0.11,-5.80) wbirth=(2.93,2.86,0.77) ref=(3.00,3.00) leader=(0.00,0.00) fallbacks=0
[mpc_node-9] [INFO] [1783591679.198614347] [px4_7.mpc_node_7]: [d7] solve: status=0 time=0.18ms cost=0.0 pos=(2.99,-3.02,-4.99) local=(0.09,-0.09,-5.35) wbirth=(2.90,-2.93,0.36) ref=(3.00,-3.00) leader=(0.00,0.00) fallbacks=0
[mpc_node-5] [INFO] [1783591679.202385890] [px4_3.mpc_node_3]: [d3] solve: status=0 time=0.15ms cost=0.0 pos=(2.95,-0.01,-5.01) local=(0.03,-0.08,-4.84) wbirth=(2.93,0.07,-0.17) ref=(3.00,0.00) leader=(0.00,0.00) fallbacks=0
[mpc_node-3] [INFO] [1783591679.233355551] [px4_1.mpc_node_1]: [d1] solve: status=0 time=0.18ms cost=0.0 pos=(-0.02,3.03,-5.01) local=(-0.07,0.16,-5.37) wbirth=(0.05,2.87,0.36) ref=(0.00,3.00) leader=(0.00,0.00) fallbacks=0
[mpc_node-2] [INFO] [1783591679.235891636] [px4_0.mpc_node_0]: [d0] solve: status=0 time=0.18ms cost=0.0 pos=(0.04,0.06,-5.02) local=(0.06,-0.28,-5.02) wbirth=(-0.02,0.34,0.00) ref=(0.00,0.00) leader=(0.00,0.00) fallbacks=0
[mpc_node-4] [INFO] [1783591679.252659958] [px4_2.mpc_node_2]: [d2] solve: status=0 time=0.21ms cost=0.0 pos=(0.03,-3.07,-4.98) local=(-0.35,-0.21,-5.26) wbirth=(0.38,-2.86,0.28) ref=(0.00,-3.00) leader=(0.00,0.00) fallbacks=0
[mpc_node-6] [INFO] [1783591679.308623761] [px4_4.mpc_node_4]: [d4] solve: status=0 time=0.15ms cost=0.0 pos=(-2.94,-0.02,-5.00) local=(0.22,-0.05,-5.68) wbirth=(-3.16,0.03,0.69) ref=(-3.00,0.00) leader=(0.00,0.00) fallbacks=0
[mpc_node-8] [INFO] [1783591680.150861015] [px4_6.mpc_node_6]: [d6] solve: status=0 time=0.21ms cost=0.0 pos=(-2.96,3.00,-4.95) local=(0.13,0.07,-5.27) wbirth=(-3.09,2.93,0.33) ref=(-3.00,3.00) leader=(0.00,0.00) fallbacks=0
[mpc_node-10] [INFO] [1783591680.159353043] [px4_8.mpc_node_8]: [d8] solve: status=0 time=0.17ms cost=0.0 pos=(-2.99,-2.96,-4.98) local=(0.19,-0.06,-5.35) wbirth=(-3.18,-2.90,0.37) ref=(-3.00,-3.00) leader=(0.00,0.00) fallbacks=0
[mpc_node-7] [INFO] [1783591680.193007605] [px4_5.mpc_node_5]: [d5] solve: status=0 time=0.29ms cost=0.0 pos=(2.97,3.05,-5.08) local=(0.04,0.18,-5.85) wbirth=(2.93,2.86,0.77) ref=(3.00,3.00) leader=(0.00,0.00) fallbacks=0
[mpc_node-9] [INFO] [1783591680.197283613] [px4_7.mpc_node_7]: [d7] solve: status=0 time=0.18ms cost=0.0 pos=(2.99,-3.05,-5.00) local=(0.09,-0.11,-5.35) wbirth=(2.90,-2.93,0.36) ref=(3.00,-3.00) leader=(0.00,0.00) fallbacks=0
[mpc_node-5] [INFO] [1783591680.199847722] [px4_3.mpc_node_3]: [d3] solve: status=0 time=0.17ms cost=0.0 pos=(2.94,-0.01,-5.00) local=(0.01,-0.08,-4.83) wbirth=(2.93,0.07,-0.17) ref=(3.00,0.00) leader=(0.00,0.00) fallbacks=0
[mpc_node-3] [INFO] [1783591680.229907464] [px4_1.mpc_node_1]: [d1] solve: status=0 time=0.18ms cost=0.0 pos=(0.02,2.96,-5.03) local=(-0.03,0.09,-5.39) wbirth=(0.05,2.87,0.36) ref=(0.00,3.00) leader=(0.00,0.00) fallbacks=0
[mpc_node-2] [INFO] [1783591680.235992671] [px4_0.mpc_node_0]: [d0] solve: status=0 time=0.15ms cost=0.0 pos=(-0.02,0.06,-5.07) local=(0.00,-0.28,-5.07) wbirth=(-0.02,0.34,0.00) ref=(0.00,0.00) leader=(0.00,0.00) fallbacks=0
[mpc_node-4] [INFO] [1783591680.253748150] [px4_2.mpc_node_2]: [d2] solve: status=0 time=0.15ms cost=0.0 pos=(0.01,-3.04,-4.98) local=(-0.37,-0.18,-5.26) wbirth=(0.38,-2.86,0.28) ref=(0.00,-3.00) leader=(0.00,0.00) fallbacks=0
[mpc_node-6] [INFO] [1783591680.308893793] [px4_4.mpc_node_4]: [d4] solve: status=0 time=0.16ms cost=0.0 pos=(-3.01,0.08,-5.00) local=(0.15,0.05,-5.69) wbirth=(-3.16,0.03,0.69) ref=(-3.00,0.00) leader=(0.00,0.00) fallbacks=0
[mpc_node-8] [INFO] [1783591681.149137732] [px4_6.mpc_node_6]: [d6] solve: status=0 time=0.15ms cost=0.0 pos=(-2.91,3.01,-4.95) local=(0.18,0.07,-5.28) wbirth=(-3.09,2.93,0.33) ref=(-3.00,3.00) leader=(0.00,0.00) fallbacks=0
[mpc_node-10] [INFO] [1783591681.160037555] [px4_8.mpc_node_8]: [d8] solve: status=0 time=0.20ms cost=0.0 pos=(-2.92,-2.95,-5.01) local=(0.27,-0.05,-5.38) wbirth=(-3.18,-2.90,0.37) ref=(-3.00,-3.00) leader=(0.00,0.00) fallbacks=0
[mpc_node-7] [INFO] [1783591681.192880777] [px4_5.mpc_node_5]: [d5] solve: status=0 time=0.15ms cost=0.0 pos=(2.90,3.08,-5.03) local=(-0.03,0.22,-5.80) wbirth=(2.93,2.86,0.77) ref=(3.00,3.00) leader=(0.00,0.00) fallbacks=0
[mpc_node-9] [INFO] [1783591681.197006343] [px4_7.mpc_node_7]: [d7] solve: status=0 time=0.17ms cost=0.0 pos=(2.94,-3.03,-5.00) local=(0.04,-0.10,-5.36) wbirth=(2.90,-2.93,0.36) ref=(3.00,-3.00) leader=(0.00,0.00) fallbacks=0
[mpc_node-5] [INFO] [1783591681.200909470] [px4_3.mpc_node_3]: [d3] solve: status=0 time=0.17ms cost=0.0 pos=(3.00,-0.00,-5.00) local=(0.07,-0.08,-4.83) wbirth=(2.93,0.07,-0.17) ref=(3.00,0.00) leader=(0.00,0.00) fallbacks=0
[mpc_node-3] [INFO] [1783591681.229987472] [px4_1.mpc_node_1]: [d1] solve: status=0 time=0.15ms cost=0.0 pos=(0.09,2.98,-5.06) local=(0.04,0.11,-5.42) wbirth=(0.05,2.87,0.36) ref=(0.00,3.00) leader=(0.00,0.00) fallbacks=0
[mpc_node-2] [INFO] [1783591681.236151814] [px4_0.mpc_node_0]: [d0] solve: status=0 time=0.20ms cost=0.0 pos=(-0.02,-0.02,-5.04) local=(-0.00,-0.36,-5.04) wbirth=(-0.02,0.34,0.00) ref=(0.00,0.00) leader=(0.00,0.00) fallbacks=0
[mpc_node-4] [INFO] [1783591681.251989901] [px4_2.mpc_node_2]: [d2] solve: status=0 time=0.17ms cost=0.0 pos=(-0.03,-3.02,-4.98) local=(-0.41,-0.16,-5.26) wbirth=(0.38,-2.86,0.28) ref=(0.00,-3.00) leader=(0.00,0.00) fallbacks=0
[mpc_node-6] [INFO] [1783591681.308563885] [px4_4.mpc_node_4]: [d4] solve: status=0 time=0.19ms cost=0.1 pos=(-3.01,0.17,-4.99) local=(0.15,0.14,-5.67) wbirth=(-3.16,0.03,0.69) ref=(-3.00,0.00) leader=(0.00,0.00) fallbacks=0
[mpc_node-8] [INFO] [1783591682.149344363] [px4_6.mpc_node_6]: [d6] solve: status=0 time=0.17ms cost=0.0 pos=(-2.90,3.02,-4.94) local=(0.19,0.08,-5.27) wbirth=(-3.09,2.93,0.33) ref=(-3.00,3.00) leader=(0.00,0.00) fallbacks=0
[mpc_node-10] [INFO] [1783591682.159667186] [px4_8.mpc_node_8]: [d8] solve: status=0 time=0.17ms cost=0.0 pos=(-2.91,-2.99,-4.96) local=(0.27,-0.09,-5.34) wbirth=(-3.18,-2.90,0.37) ref=(-3.00,-3.00) leader=(0.00,0.00) fallbacks=0
[mpc_node-7] [INFO] [1783591682.193393824] [px4_5.mpc_node_5]: [d5] solve: status=0 time=0.18ms cost=0.0 pos=(2.89,3.03,-5.00) local=(-0.03,0.16,-5.78) wbirth=(2.93,2.86,0.77) ref=(3.00,3.00) leader=(0.00,0.00) fallbacks=0
[mpc_node-9] [INFO] [1783591682.197626202] [px4_7.mpc_node_7]: [d7] solve: status=0 time=0.14ms cost=0.0 pos=(2.96,-3.03,-4.99) local=(0.06,-0.10,-5.35) wbirth=(2.90,-2.93,0.36) ref=(3.00,-3.00) leader=(0.00,0.00) fallbacks=0
[mpc_node-5] [INFO] [1783591682.201473827] [px4_3.mpc_node_3]: [d3] solve: status=0 time=0.15ms cost=0.0 pos=(3.06,0.00,-5.01) local=(0.13,-0.07,-4.84) wbirth=(2.93,0.07,-0.17) ref=(3.00,0.00) leader=(0.00,0.00) fallbacks=0
[mpc_node-3] [INFO] [1783591682.231883462] [px4_1.mpc_node_1]: [d1] solve: status=0 time=0.15ms cost=0.0 pos=(-0.01,3.02,-4.98) local=(-0.06,0.15,-5.34) wbirth=(0.05,2.87,0.36) ref=(0.00,3.00) leader=(0.00,0.00) fallbacks=0
[mpc_node-2] [INFO] [1783591682.236304255] [px4_0.mpc_node_0]: [d0] solve: status=0 time=0.16ms cost=0.0 pos=(-0.02,-0.06,-5.00) local=(-0.00,-0.40,-5.00) wbirth=(-0.02,0.34,0.00) ref=(0.00,0.00) leader=(0.00,0.00) fallbacks=0
[mpc_node-4] [INFO] [1783591682.253151158] [px4_2.mpc_node_2]: [d2] solve: status=0 time=0.22ms cost=0.0 pos=(0.00,-2.95,-4.95) local=(-0.38,-0.08,-5.23) wbirth=(0.38,-2.86,0.28) ref=(0.00,-3.00) leader=(0.00,0.00) fallbacks=0
[mpc_node-6] [INFO] [1783591682.308922926] [px4_4.mpc_node_4]: [d4] solve: status=0 time=0.18ms cost=0.1 pos=(-3.01,0.17,-5.02) local=(0.15,0.15,-5.70) wbirth=(-3.16,0.03,0.69) ref=(-3.00,0.00) leader=(0.00,0.00) fallbacks=0
[mpc_node-8] [INFO] [1783591683.149331531] [px4_6.mpc_node_6]: [d6] solve: status=0 time=0.15ms cost=0.1 pos=(-2.80,3.07,-4.96) local=(0.29,0.14,-5.29) wbirth=(-3.09,2.93,0.33) ref=(-3.00,3.00) leader=(0.00,0.00) fallbacks=0
[mpc_node-10] [INFO] [1783591683.160012248] [px4_8.mpc_node_8]: [d8] solve: status=0 time=0.21ms cost=0.0 pos=(-2.96,-3.05,-5.00) local=(0.22,-0.15,-5.37) wbirth=(-3.18,-2.90,0.37) ref=(-3.00,-3.00) leader=(0.00,0.00) fallbacks=0
[mpc_node-7] [INFO] [1783591683.193434874] [px4_5.mpc_node_5]: [d5] solve: status=0 time=0.15ms cost=0.0 pos=(2.87,3.00,-5.01) local=(-0.06,0.14,-5.79) wbirth=(2.93,2.86,0.77) ref=(3.00,3.00) leader=(0.00,0.00) fallbacks=0
[mpc_node-9] [INFO] [1783591683.196921331] [px4_7.mpc_node_7]: [d7] solve: status=0 time=0.18ms cost=0.0 pos=(3.05,-3.01,-5.03) local=(0.15,-0.08,-5.39) wbirth=(2.90,-2.93,0.36) ref=(3.00,-3.00) leader=(0.00,0.00) fallbacks=0
[mpc_node-5] [INFO] [1783591683.200256704] [px4_3.mpc_node_3]: [d3] solve: status=0 time=0.17ms cost=0.0 pos=(3.09,0.00,-4.99) local=(0.16,-0.07,-4.82) wbirth=(2.93,0.07,-0.17) ref=(3.00,0.00) leader=(0.00,0.00) fallbacks=0
[mpc_node-3] [INFO] [1783591683.231631750] [px4_1.mpc_node_1]: [d1] solve: status=0 time=0.16ms cost=0.0 pos=(-0.04,2.99,-5.01) local=(-0.10,0.12,-5.37) wbirth=(0.05,2.87,0.36) ref=(0.00,3.00) leader=(0.00,0.00) fallbacks=0
[mpc_node-2] [INFO] [1783591683.236526231] [px4_0.mpc_node_0]: [d0] solve: status=0 time=0.16ms cost=0.0 pos=(-0.04,-0.08,-4.95) local=(-0.02,-0.42,-4.95) wbirth=(-0.02,0.34,0.00) ref=(0.00,0.00) leader=(0.00,0.00) fallbacks=0
[mpc_node-4] [INFO] [1783591683.253486962] [px4_2.mpc_node_2]: [d2] solve: status=0 time=0.15ms cost=0.1 pos=(0.04,-2.84,-4.93) local=(-0.34,0.02,-5.21) wbirth=(0.38,-2.86,0.28) ref=(0.00,-3.00) leader=(0.00,0.00) fallbacks=0
[mpc_node-6] [INFO] [1783591683.309310308] [px4_4.mpc_node_4]: [d4] solve: status=0 time=0.22ms cost=0.0 pos=(-2.97,0.03,-5.09) local=(0.19,0.01,-5.78) wbirth=(-3.16,0.03,0.69) ref=(-3.00,0.00) leader=(0.00,0.00) fallbacks=0
[mpc_node-8] [INFO] [1783591684.149503478] [px4_6.mpc_node_6]: [d6] solve: status=0 time=0.18ms cost=0.0 pos=(-2.93,3.09,-4.93) local=(0.16,0.16,-5.26) wbirth=(-3.09,2.93,0.33) ref=(-3.00,3.00) leader=(0.00,0.00) fallbacks=0
[mpc_node-10] [INFO] [1783591684.161508317] [px4_8.mpc_node_8]: [d8] solve: status=0 time=0.18ms cost=0.0 pos=(-3.02,-3.08,-5.05) local=(0.16,-0.18,-5.43) wbirth=(-3.18,-2.90,0.37) ref=(-3.00,-3.00) leader=(0.00,0.00) fallbacks=0
[mpc_node-7] [INFO] [1783591684.194020060] [px4_5.mpc_node_5]: [d5] solve: status=0 time=0.17ms cost=0.0 pos=(2.98,2.99,-5.01) local=(0.05,0.12,-5.78) wbirth=(2.93,2.86,0.77) ref=(3.00,3.00) leader=(0.00,0.00) fallbacks=0
[mpc_node-9] [INFO] [1783591684.197279624] [px4_7.mpc_node_7]: [d7] solve: status=0 time=0.17ms cost=0.0 pos=(3.06,-2.98,-4.97) local=(0.16,-0.05,-5.33) wbirth=(2.90,-2.93,0.36) ref=(3.00,-3.00) leader=(0.00,0.00) fallbacks=0
[mpc_node-5] [INFO] [1783591684.200667326] [px4_3.mpc_node_3]: [d3] solve: status=0 time=0.18ms cost=0.0 pos=(3.02,0.02,-5.02) local=(0.09,-0.06,-4.86) wbirth=(2.93,0.07,-0.17) ref=(3.00,0.00) leader=(0.00,0.00) fallbacks=0
[mpc_node-3] [INFO] [1783591684.233707373] [px4_1.mpc_node_1]: [d1] solve: status=0 time=0.23ms cost=0.0 pos=(-0.05,2.97,-4.97) local=(-0.10,0.10,-5.33) wbirth=(0.05,2.87,0.36) ref=(0.00,3.00) leader=(0.00,0.00) fallbacks=0
[mpc_node-2] [INFO] [1783591684.238141763] [px4_0.mpc_node_0]: [d0] solve: status=0 time=0.21ms cost=0.0 pos=(-0.13,-0.02,-4.96) local=(-0.11,-0.36,-4.96) wbirth=(-0.02,0.34,0.00) ref=(0.00,0.00) leader=(0.00,0.00) fallbacks=0
[mpc_node-4] [INFO] [1783591684.253690683] [px4_2.mpc_node_2]: [d2] solve: status=0 time=0.17ms cost=0.0 pos=(0.03,-2.92,-5.01) local=(-0.35,-0.06,-5.29) wbirth=(0.38,-2.86,0.28) ref=(0.00,-3.00) leader=(0.00,0.00) fallbacks=0
[mpc_node-6] [INFO] [1783591684.309041010] [px4_4.mpc_node_4]: [d4] solve: status=0 time=0.16ms cost=0.0 pos=(-3.02,-0.03,-5.11) local=(0.14,-0.06,-5.80) wbirth=(-3.16,0.03,0.69) ref=(-3.00,0.00) leader=(0.00,0.00) fallbacks=0
[mpc_node-8] [INFO] [1783591685.149724308] [px4_6.mpc_node_6]: [d6] solve: status=0 time=0.15ms cost=0.0 pos=(-3.04,3.11,-4.96) local=(0.04,0.18,-5.29) wbirth=(-3.09,2.93,0.33) ref=(-3.00,3.00) leader=(0.00,0.00) fallbacks=0
[mpc_node-10] [INFO] [1783591685.159422282] [px4_8.mpc_node_8]: [d8] solve: status=0 time=0.18ms cost=0.0 pos=(-3.05,-3.06,-5.00) local=(0.13,-0.15,-5.38) wbirth=(-3.18,-2.90,0.37) ref=(-3.00,-3.00) leader=(0.00,0.00) fallbacks=0
[mpc_node-7] [INFO] [1783591685.194810780] [px4_5.mpc_node_5]: [d5] solve: status=0 time=0.17ms cost=0.0 pos=(3.00,2.94,-5.00) local=(0.08,0.08,-5.77) wbirth=(2.93,2.86,0.77) ref=(3.00,3.00) leader=(0.00,0.00) fallbacks=0
[mpc_node-9] [INFO] [1783591685.197402726] [px4_7.mpc_node_7]: [d7] solve: status=0 time=0.15ms cost=0.0 pos=(3.01,-2.95,-4.99) local=(0.11,-0.02,-5.34) wbirth=(2.90,-2.93,0.36) ref=(3.00,-3.00) leader=(0.00,0.00) fallbacks=0
[mpc_node-5] [INFO] [1783591685.200071480] [px4_3.mpc_node_3]: [d3] solve: status=0 time=0.17ms cost=0.0 pos=(2.95,0.02,-5.11) local=(0.02,-0.06,-4.94) wbirth=(2.93,0.07,-0.17) ref=(3.00,0.00) leader=(0.00,0.00) fallbacks=0
[mpc_node-3] [INFO] [1783591685.230314177] [px4_1.mpc_node_1]: [d1] solve: status=0 time=0.15ms cost=0.0 pos=(-0.04,2.99,-4.99) local=(-0.09,0.12,-5.35) wbirth=(0.05,2.87,0.36) ref=(0.00,3.00) leader=(0.00,0.00) fallbacks=0
[mpc_node-2] [INFO] [1783591685.237704413] [px4_0.mpc_node_0]: [d0] solve: status=0 time=0.15ms cost=0.0 pos=(-0.11,0.02,-5.00) local=(-0.09,-0.32,-5.00) wbirth=(-0.02,0.34,0.00) ref=(0.00,0.00) leader=(0.00,0.00) fallbacks=0
[mpc_node-4] [INFO] [1783591685.254032575] [px4_2.mpc_node_2]: [d2] solve: status=0 time=0.18ms cost=0.0 pos=(0.02,-2.99,-4.97) local=(-0.36,-0.13,-5.26) wbirth=(0.38,-2.86,0.28) ref=(0.00,-3.00) leader=(0.00,0.00) fallbacks=0
[mpc_node-6] [INFO] [1783591685.311372262] [px4_4.mpc_node_4]: [d4] solve: status=0 time=0.17ms cost=0.0 pos=(-3.01,-0.03,-5.01) local=(0.15,-0.05,-5.70) wbirth=(-3.16,0.03,0.69) ref=(-3.00,0.00) leader=(0.00,0.00) fallbacks=0
[mpc_node-8] [INFO] [1783591686.152001120] [px4_6.mpc_node_6]: [d6] solve: status=0 time=0.23ms cost=0.1 pos=(-3.22,3.05,-5.05) local=(-0.13,0.11,-5.37) wbirth=(-3.09,2.93,0.33) ref=(-3.00,3.00) leader=(0.00,0.00) fallbacks=0
[mpc_node-10] [INFO] [1783591686.161597219] [px4_8.mpc_node_8]: [d8] solve: status=0 time=0.18ms cost=0.0 pos=(-3.07,-3.00,-4.99) local=(0.11,-0.10,-5.36) wbirth=(-3.18,-2.90,0.37) ref=(-3.00,-3.00) leader=(0.00,0.00) fallbacks=0
[mpc_node-7] [INFO] [1783591686.196276107] [px4_5.mpc_node_5]: [d5] solve: status=0 time=0.17ms cost=0.1 pos=(3.15,2.95,-5.04) local=(0.23,0.09,-5.81) wbirth=(2.93,2.86,0.77) ref=(3.00,3.00) leader=(0.00,0.00) fallbacks=0
[mpc_node-9] [INFO] [1783591686.197880289] [px4_7.mpc_node_7]: [d7] solve: status=0 time=0.15ms cost=0.0 pos=(2.98,-2.95,-4.97) local=(0.08,-0.02,-5.33) wbirth=(2.90,-2.93,0.36) ref=(3.00,-3.00) leader=(0.00,0.00) fallbacks=0
[mpc_node-5] [INFO] [1783591686.201787945] [px4_3.mpc_node_3]: [d3] solve: status=0 time=0.15ms cost=0.0 pos=(2.95,-0.02,-5.03) local=(0.03,-0.09,-4.86) wbirth=(2.93,0.07,-0.17) ref=(3.00,0.00) leader=(0.00,0.00) fallbacks=0
[mpc_node-3] [INFO] [1783591686.234350461] [px4_1.mpc_node_1]: [d1] solve: status=0 time=0.15ms cost=0.0 pos=(0.01,2.98,-4.97) local=(-0.05,0.11,-5.33) wbirth=(0.05,2.87,0.36) ref=(0.00,3.00) leader=(0.00,0.00) fallbacks=0
[mpc_node-2] [INFO] [1783591686.236724580] [px4_0.mpc_node_0]: [d0] solve: status=0 time=0.19ms cost=0.0 pos=(-0.00,0.06,-5.00) local=(0.02,-0.28,-5.00) wbirth=(-0.02,0.34,0.00) ref=(0.00,0.00) leader=(0.00,0.00) fallbacks=0
[mpc_node-4] [INFO] [1783591686.255254554] [px4_2.mpc_node_2]: [d2] solve: status=0 time=0.16ms cost=0.0 pos=(-0.06,-3.02,-4.96) local=(-0.44,-0.15,-5.24) wbirth=(0.38,-2.86,0.28) ref=(0.00,-3.00) leader=(0.00,0.00) fallbacks=0
[mpc_node-6] [INFO] [1783591686.309656181] [px4_4.mpc_node_4]: [d4] solve: status=0 time=0.15ms cost=0.0 pos=(-2.92,-0.03,-4.92) local=(0.24,-0.06,-5.61) wbirth=(-3.16,0.03,0.69) ref=(-3.00,0.00) leader=(0.00,0.00) fallbacks=0
[mpc_node-8] [INFO] [1783591687.149849658] [px4_6.mpc_node_6]: [d6] solve: status=0 time=0.18ms cost=0.1 pos=(-3.24,2.94,-5.06) local=(-0.15,0.01,-5.39) wbirth=(-3.09,2.93,0.33) ref=(-3.00,3.00) leader=(0.00,0.00) fallbacks=0
[mpc_node-10] [INFO] [1783591687.159710287] [px4_8.mpc_node_8]: [d8] solve: status=0 time=0.21ms cost=0.0 pos=(-3.01,-2.96,-4.92) local=(0.17,-0.06,-5.29) wbirth=(-3.18,-2.90,0.37) ref=(-3.00,-3.00) leader=(0.00,0.00) fallbacks=0
[mpc_node-7] [INFO] [1783591687.194873784] [px4_5.mpc_node_5]: [d5] solve: status=0 time=0.18ms cost=0.1 pos=(3.21,2.99,-5.01) local=(0.28,0.12,-5.78) wbirth=(2.93,2.86,0.77) ref=(3.00,3.00) leader=(0.00,0.00) fallbacks=0
[mpc_node-9] [INFO] [1783591687.198879967] [px4_7.mpc_node_7]: [d7] solve: status=0 time=0.20ms cost=0.0 pos=(2.94,-3.00,-5.02) local=(0.04,-0.06,-5.37) wbirth=(2.90,-2.93,0.36) ref=(3.00,-3.00) leader=(0.00,0.00) fallbacks=0
[mpc_node-5] [INFO] [1783591687.199981081] [px4_3.mpc_node_3]: [d3] solve: status=0 time=0.18ms cost=0.0 pos=(2.98,-0.00,-4.96) local=(0.05,-0.08,-4.80) wbirth=(2.93,0.07,-0.17) ref=(3.00,0.00) leader=(0.00,0.00) fallbacks=0
[mpc_node-3] [INFO] [1783591687.231705325] [px4_1.mpc_node_1]: [d1] solve: status=0 time=0.15ms cost=0.0 pos=(0.01,3.02,-5.03) local=(-0.04,0.15,-5.39) wbirth=(0.05,2.87,0.36) ref=(0.00,3.00) leader=(0.00,0.00) fallbacks=0
[mpc_node-2] [INFO] [1783591687.236001535] [px4_0.mpc_node_0]: [d0] solve: status=0 time=0.19ms cost=0.0 pos=(0.11,0.03,-5.02) local=(0.13,-0.30,-5.02) wbirth=(-0.02,0.34,0.00) ref=(0.00,0.00) leader=(0.00,0.00) fallbacks=0
[mpc_node-4] [INFO] [1783591687.252954788] [px4_2.mpc_node_2]: [d2] solve: status=0 time=0.14ms cost=0.0 pos=(-0.11,-3.04,-5.04) local=(-0.49,-0.18,-5.33) wbirth=(0.38,-2.86,0.28) ref=(0.00,-3.00) leader=(0.00,0.00) fallbacks=0
[mpc_node-6] [INFO] [1783591687.308870128] [px4_4.mpc_node_4]: [d4] solve: status=0 time=0.19ms cost=0.0 pos=(-2.94,-0.00,-4.97) local=(0.22,-0.03,-5.65) wbirth=(-3.16,0.03,0.69) ref=(-3.00,0.00) leader=(0.00,0.00) fallbacks=0
[mpc_node-8] [INFO] [1783591688.151347183] [px4_6.mpc_node_6]: [d6] solve: status=0 time=0.18ms cost=0.1 pos=(-3.13,2.82,-5.05) local=(-0.04,-0.12,-5.37) wbirth=(-3.09,2.93,0.33) ref=(-3.00,3.00) leader=(0.00,0.00) fallbacks=0
[mpc_node-10] [INFO] [1783591688.160210773] [px4_8.mpc_node_8]: [d8] solve: status=0 time=0.18ms cost=0.0 pos=(-2.92,-2.89,-4.98) local=(0.26,0.02,-5.35) wbirth=(-3.18,-2.90,0.37) ref=(-3.00,-3.00) leader=(0.00,0.00) fallbacks=0
[mpc_node-7] [INFO] [1783591688.192996501] [px4_5.mpc_node_5]: [d5] solve: status=0 time=0.20ms cost=0.1 pos=(3.18,3.02,-4.97) local=(0.25,0.16,-5.75) wbirth=(2.93,2.86,0.77) ref=(3.00,3.00) leader=(0.00,0.00) fallbacks=0
[mpc_node-9] [INFO] [1783591688.197001505] [px4_7.mpc_node_7]: [d7] solve: status=0 time=0.18ms cost=0.0 pos=(2.97,-3.08,-5.07) local=(0.07,-0.14,-5.42) wbirth=(2.90,-2.93,0.36) ref=(3.00,-3.00) leader=(0.00,0.00) fallbacks=0
[mpc_node-5] [INFO] [1783591688.201432549] [px4_3.mpc_node_3]: [d3] solve: status=0 time=0.15ms cost=0.0 pos=(3.03,0.01,-4.94) local=(0.10,-0.07,-4.78) wbirth=(2.93,0.07,-0.17) ref=(3.00,0.00) leader=(0.00,0.00) fallbacks=0
[mpc_node-3] [INFO] [1783591688.231659097] [px4_1.mpc_node_1]: [d1] solve: status=0 time=0.15ms cost=0.0 pos=(-0.01,3.03,-4.97) local=(-0.06,0.16,-5.33) wbirth=(0.05,2.87,0.36) ref=(0.00,3.00) leader=(0.00,0.00) fallbacks=0
[mpc_node-2] [INFO] [1783591688.236638233] [px4_0.mpc_node_0]: [d0] solve: status=0 time=0.18ms cost=0.0 pos=(0.12,0.04,-5.00) local=(0.14,-0.30,-5.00) wbirth=(-0.02,0.34,0.00) ref=(0.00,0.00) leader=(0.00,0.00) fallbacks=0
[mpc_node-4] [INFO] [1783591688.253155037] [px4_2.mpc_node_2]: [d2] solve: status=0 time=0.16ms cost=0.0 pos=(-0.05,-3.08,-5.01) local=(-0.43,-0.21,-5.29) wbirth=(0.38,-2.86,0.28) ref=(0.00,-3.00) leader=(0.00,0.00) fallbacks=0
[mpc_node-6] [INFO] [1783591688.308909135] [px4_4.mpc_node_4]: [d4] solve: status=0 time=0.21ms cost=0.0 pos=(-2.98,0.01,-5.00) local=(0.18,-0.02,-5.69) wbirth=(-3.16,0.03,0.69) ref=(-3.00,0.00) leader=(0.00,0.00) fallbacks=0
[mpc_node-8] [INFO] [1783591689.149817513] [px4_6.mpc_node_6]: [d6] solve: status=0 time=0.17ms cost=0.1 pos=(-2.97,2.83,-4.99) local=(0.11,-0.11,-5.32) wbirth=(-3.09,2.93,0.33) ref=(-3.00,3.00) leader=(0.00,0.00) fallbacks=0
[mpc_node-10] [INFO] [1783591689.159844175] [px4_8.mpc_node_8]: [d8] solve: status=0 time=0.18ms cost=0.0 pos=(-2.89,-2.89,-4.99) local=(0.29,0.01,-5.37) wbirth=(-3.18,-2.90,0.37) ref=(-3.00,-3.00) leader=(0.00,0.00) fallbacks=0
[mpc_node-7] [INFO] [1783591689.193305118] [px4_5.mpc_node_5]: [d5] solve: status=0 time=0.18ms cost=0.0 pos=(2.97,3.03,-5.04) local=(0.04,0.17,-5.82) wbirth=(2.93,2.86,0.77) ref=(3.00,3.00) leader=(0.00,0.00) fallbacks=0
[mpc_node-9] [INFO] [1783591689.196981500] [px4_7.mpc_node_7]: [d7] solve: status=0 time=0.17ms cost=0.0 pos=(2.98,-3.08,-4.99) local=(0.08,-0.14,-5.35) wbirth=(2.90,-2.93,0.36) ref=(3.00,-3.00) leader=(0.00,0.00) fallbacks=0
[mpc_node-5] [INFO] [1783591689.200110938] [px4_3.mpc_node_3]: [d3] solve: status=0 time=0.15ms cost=0.0 pos=(3.00,0.00,-5.02) local=(0.08,-0.07,-4.86) wbirth=(2.93,0.07,-0.17) ref=(3.00,0.00) leader=(0.00,0.00) fallbacks=0
[mpc_node-3] [INFO] [1783591689.230315631] [px4_1.mpc_node_1]: [d1] solve: status=0 time=0.15ms cost=0.0 pos=(-0.02,3.04,-5.00) local=(-0.08,0.17,-5.36) wbirth=(0.05,2.87,0.36) ref=(0.00,3.00) leader=(0.00,0.00) fallbacks=0
[mpc_node-2] [INFO] [1783591689.236211596] [px4_0.mpc_node_0]: [d0] solve: status=0 time=0.18ms cost=0.0 pos=(0.01,0.00,-5.01) local=(0.03,-0.33,-5.01) wbirth=(-0.02,0.34,0.00) ref=(0.00,0.00) leader=(0.00,0.00) fallbacks=0
[mpc_node-4] [INFO] [1783591689.253142509] [px4_2.mpc_node_2]: [d2] solve: status=0 time=0.17ms cost=0.0 pos=(0.01,-3.08,-4.99) local=(-0.37,-0.21,-5.27) wbirth=(0.38,-2.86,0.28) ref=(0.00,-3.00) leader=(0.00,0.00) fallbacks=0
[mpc_node-6] [INFO] [1783591689.309505587] [px4_4.mpc_node_4]: [d4] solve: status=0 time=0.19ms cost=0.0 pos=(-3.02,0.01,-5.06) local=(0.14,-0.02,-5.75) wbirth=(-3.16,0.03,0.69) ref=(-3.00,0.00) leader=(0.00,0.00) fallbacks=0
[mpc_node-8] [INFO] [1783591690.149050268] [px4_6.mpc_node_6]: [d6] solve: status=0 time=0.18ms cost=0.1 pos=(-2.83,2.88,-4.97) local=(0.26,-0.05,-5.29) wbirth=(-3.09,2.93,0.33) ref=(-3.00,3.00) leader=(0.00,0.00) fallbacks=0
[mpc_node-10] [INFO] [1783591690.163118707] [px4_8.mpc_node_8]: [d8] solve: status=0 time=0.20ms cost=0.0 pos=(-3.01,-2.97,-5.03) local=(0.17,-0.07,-5.40) wbirth=(-3.18,-2.90,0.37) ref=(-3.00,-3.00) leader=(0.00,0.00) fallbacks=0
[mpc_node-7] [INFO] [1783591690.193331521] [px4_5.mpc_node_5]: [d5] solve: status=0 time=0.18ms cost=0.1 pos=(2.85,3.02,-5.01) local=(-0.08,0.15,-5.78) wbirth=(2.93,2.86,0.77) ref=(3.00,3.00) leader=(0.00,0.00) fallbacks=0
[mpc_node-9] [INFO] [1783591690.197776675] [px4_7.mpc_node_7]: [d7] solve: status=0 time=0.19ms cost=0.0 pos=(3.05,-3.05,-5.02) local=(0.15,-0.12,-5.38) wbirth=(2.90,-2.93,0.36) ref=(3.00,-3.00) leader=(0.00,0.00) fallbacks=0
[mpc_node-5] [INFO] [1783591690.200623355] [px4_3.mpc_node_3]: [d3] solve: status=0 time=0.15ms cost=0.0 pos=(2.99,-0.04,-4.98) local=(0.06,-0.11,-4.82) wbirth=(2.93,0.07,-0.17) ref=(3.00,0.00) leader=(0.00,0.00) fallbacks=0
[mpc_node-3] [INFO] [1783591690.230638778] [px4_1.mpc_node_1]: [d1] solve: status=0 time=0.16ms cost=0.0 pos=(0.03,3.01,-5.00) local=(-0.02,0.14,-5.36) wbirth=(0.05,2.87,0.36) ref=(0.00,3.00) leader=(0.00,0.00) fallbacks=0
[mpc_node-2] [INFO] [1783591690.236714533] [px4_0.mpc_node_0]: [d0] solve: status=0 time=0.19ms cost=0.0 pos=(-0.08,0.02,-5.04) local=(-0.07,-0.32,-5.04) wbirth=(-0.02,0.34,0.00) ref=(0.00,0.00) leader=(0.00,0.00) fallbacks=0
[mpc_node-4] [INFO] [1783591690.256434485] [px4_2.mpc_node_2]: [d2] solve: status=0 time=0.17ms cost=0.0 pos=(-0.00,-3.02,-5.01) local=(-0.38,-0.15,-5.29) wbirth=(0.38,-2.86,0.28) ref=(0.00,-3.00) leader=(0.00,0.00) fallbacks=0
[mpc_node-6] [INFO] [1783591690.308973140] [px4_4.mpc_node_4]: [d4] solve: status=0 time=0.16ms cost=0.0 pos=(-3.10,-0.02,-4.97) local=(0.06,-0.05,-5.66) wbirth=(-3.16,0.03,0.69) ref=(-3.00,0.00) leader=(0.00,0.00) fallbacks=0
[mpc_node-8] [INFO] [1783591691.149778479] [px4_6.mpc_node_6]: [d6] solve: status=0 time=0.18ms cost=0.1 pos=(-2.76,2.98,-4.96) local=(0.33,0.05,-5.28) wbirth=(-3.09,2.93,0.33) ref=(-3.00,3.00) leader=(0.00,0.00) fallbacks=0
[mpc_node-10] [INFO] [1783591691.160371259] [px4_8.mpc_node_8]: [d8] solve: status=0 time=0.15ms cost=0.0 pos=(-3.09,-3.02,-5.01) local=(0.09,-0.12,-5.38) wbirth=(-3.18,-2.90,0.37) ref=(-3.00,-3.00) leader=(0.00,0.00) fallbacks=0
[mpc_node-7] [INFO] [1783591691.194339095] [px4_5.mpc_node_5]: [d5] solve: status=0 time=0.17ms cost=0.0 pos=(2.85,2.99,-5.03) local=(-0.08,0.13,-5.80) wbirth=(2.93,2.86,0.77) ref=(3.00,3.00) leader=(0.00,0.00) fallbacks=0
[mpc_node-9] [INFO] [1783591691.197710838] [px4_7.mpc_node_7]: [d7] solve: status=0 time=0.20ms cost=0.0 pos=(3.09,-3.03,-5.04) local=(0.19,-0.10,-5.40) wbirth=(2.90,-2.93,0.36) ref=(3.00,-3.00) leader=(0.00,0.00) fallbacks=0
[mpc_node-5] [INFO] [1783591691.200998469] [px4_3.mpc_node_3]: [d3] solve: status=0 time=0.14ms cost=0.0 pos=(2.93,0.00,-4.99) local=(0.01,-0.07,-4.82) wbirth=(2.93,0.07,-0.17) ref=(3.00,0.00) leader=(0.00,0.00) fallbacks=0
[mpc_node-3] [INFO] [1783591691.232098475] [px4_1.mpc_node_1]: [d1] solve: status=0 time=0.18ms cost=0.0 pos=(0.03,2.98,-5.02) local=(-0.02,0.11,-5.38) wbirth=(0.05,2.87,0.36) ref=(0.00,3.00) leader=(0.00,0.00) fallbacks=0
[mpc_node-2] [INFO] [1783591691.236792101] [px4_0.mpc_node_0]: [d0] solve: status=0 time=0.15ms cost=0.0 pos=(-0.03,0.03,-5.04) local=(-0.01,-0.31,-5.04) wbirth=(-0.02,0.34,0.00) ref=(0.00,0.00) leader=(0.00,0.00) fallbacks=0
[mpc_node-4] [INFO] [1783591691.254291883] [px4_2.mpc_node_2]: [d2] solve: status=0 time=0.15ms cost=0.0 pos=(-0.01,-2.98,-5.00) local=(-0.39,-0.12,-5.29) wbirth=(0.38,-2.86,0.28) ref=(0.00,-3.00) leader=(0.00,0.00) fallbacks=0
[mpc_node-6] [INFO] [1783591691.309351326] [px4_4.mpc_node_4]: [d4] solve: status=0 time=0.18ms cost=0.0 pos=(-3.13,-0.06,-5.00) local=(0.03,-0.08,-5.69) wbirth=(-3.16,0.03,0.69) ref=(-3.00,0.00) leader=(0.00,0.00) fallbacks=0
[mpc_node-8] [INFO] [1783591692.149037771] [px4_6.mpc_node_6]: [d6] solve: status=0 time=0.18ms cost=0.1 pos=(-2.80,3.10,-5.02) local=(0.29,0.16,-5.35) wbirth=(-3.09,2.93,0.33) ref=(-3.00,3.00) leader=(0.00,0.00) fallbacks=0
[mpc_node-10] [INFO] [1783591692.161217785] [px4_8.mpc_node_8]: [d8] solve: status=0 time=0.23ms cost=0.0 pos=(-3.09,-3.03,-4.97) local=(0.10,-0.13,-5.35) wbirth=(-3.18,-2.90,0.37) ref=(-3.00,-3.00) leader=(0.00,0.00) fallbacks=0
[mpc_node-7] [INFO] [1783591692.195912563] [px4_5.mpc_node_5]: [d5] solve: status=0 time=0.15ms cost=0.0 pos=(2.93,2.96,-4.99) local=(-0.00,0.10,-5.77) wbirth=(2.93,2.86,0.77) ref=(3.00,3.00) leader=(0.00,0.00) fallbacks=0
[mpc_node-9] [INFO] [1783591692.197410304] [px4_7.mpc_node_7]: [d7] solve: status=0 time=0.18ms cost=0.0 pos=(3.14,-3.00,-4.98) local=(0.24,-0.06,-5.34) wbirth=(2.90,-2.93,0.36) ref=(3.00,-3.00) leader=(0.00,0.00) fallbacks=0
[mpc_node-5] [INFO] [1783591692.200609318] [px4_3.mpc_node_3]: [d3] solve: status=0 time=0.18ms cost=0.0 pos=(2.98,0.01,-5.01) local=(0.05,-0.07,-4.85) wbirth=(2.93,0.07,-0.17) ref=(3.00,0.00) leader=(0.00,0.00) fallbacks=0
[mpc_node-3] [INFO] [1783591692.230105506] [px4_1.mpc_node_1]: [d1] solve: status=0 time=0.17ms cost=0.0 pos=(-0.03,2.95,-5.03) local=(-0.09,0.08,-5.39) wbirth=(0.05,2.87,0.36) ref=(0.00,3.00) leader=(0.00,0.00) fallbacks=0
[mpc_node-2] [INFO] [1783591692.237330757] [px4_0.mpc_node_0]: [d0] solve: status=0 time=0.19ms cost=0.0 pos=(0.04,-0.00,-4.99) local=(0.06,-0.34,-4.99) wbirth=(-0.02,0.34,0.00) ref=(0.00,0.00) leader=(0.00,0.00) fallbacks=0
[mpc_node-4] [INFO] [1783591692.255010057] [px4_2.mpc_node_2]: [d2] solve: status=0 time=0.19ms cost=0.0 pos=(-0.00,-2.96,-4.98) local=(-0.38,-0.10,-5.26) wbirth=(0.38,-2.86,0.28) ref=(0.00,-3.00) leader=(0.00,0.00) fallbacks=0
[mpc_node-6] [INFO] [1783591692.309271408] [px4_4.mpc_node_4]: [d4] solve: status=0 time=0.16ms cost=0.0 pos=(-3.11,-0.04,-4.96) local=(0.05,-0.07,-5.65) wbirth=(-3.16,0.03,0.69) ref=(-3.00,0.00) leader=(0.00,0.00) fallbacks=0
[mpc_node-8] [INFO] [1783591693.151178913] [px4_6.mpc_node_6]: [d6] solve: status=0 time=0.18ms cost=0.1 pos=(-2.97,3.17,-5.02) local=(0.12,0.24,-5.35) wbirth=(-3.09,2.93,0.33) ref=(-3.00,3.00) leader=(0.00,0.00) fallbacks=0
[mpc_node-10] [INFO] [1783591693.159369981] [px4_8.mpc_node_8]: [d8] solve: status=0 time=0.17ms cost=0.0 pos=(-3.01,-3.05,-5.02) local=(0.17,-0.14,-5.40) wbirth=(-3.18,-2.90,0.37) ref=(-3.00,-3.00) leader=(0.00,0.00) fallbacks=0
[mpc_node-7] [INFO] [1783591693.193468683] [px4_5.mpc_node_5]: [d5] solve: status=0 time=0.15ms cost=0.0 pos=(2.94,2.99,-4.94) local=(0.01,0.13,-5.71) wbirth=(2.93,2.86,0.77) ref=(3.00,3.00) leader=(0.00,0.00) fallbacks=0
[mpc_node-9] [INFO] [1783591693.199364438] [px4_7.mpc_node_7]: [d7] solve: status=0 time=0.18ms cost=0.0 pos=(3.08,-2.96,-4.96) local=(0.18,-0.03,-5.31) wbirth=(2.90,-2.93,0.36) ref=(3.00,-3.00) leader=(0.00,0.00) fallbacks=0
[mpc_node-5] [INFO] [1783591693.200886559] [px4_3.mpc_node_3]: [d3] solve: status=0 time=0.15ms cost=0.0 pos=(3.05,-0.05,-5.03) local=(0.12,-0.13,-4.87) wbirth=(2.93,0.07,-0.17) ref=(3.00,0.00) leader=(0.00,0.00) fallbacks=0
[mpc_node-3] [INFO] [1783591693.229969802] [px4_1.mpc_node_1]: [d1] solve: status=0 time=0.15ms cost=0.0 pos=(-0.01,2.99,-4.99) local=(-0.06,0.13,-5.35) wbirth=(0.05,2.87,0.36) ref=(0.00,3.00) leader=(0.00,0.00) fallbacks=0
[mpc_node-2] [INFO] [1783591693.235539532] [px4_0.mpc_node_0]: [d0] solve: status=0 time=0.16ms cost=0.0 pos=(0.04,0.01,-4.99) local=(0.06,-0.33,-4.99) wbirth=(-0.02,0.34,0.00) ref=(0.00,0.00) leader=(0.00,0.00) fallbacks=0
[mpc_node-4] [INFO] [1783591693.252959703] [px4_2.mpc_node_2]: [d2] solve: status=0 time=0.15ms cost=0.0 pos=(0.05,-2.97,-5.00) local=(-0.33,-0.11,-5.28) wbirth=(0.38,-2.86,0.28) ref=(0.00,-3.00) leader=(0.00,0.00) fallbacks=0
[mpc_node-6] [INFO] [1783591693.318776331] [px4_4.mpc_node_4]: [d4] solve: status=0 time=0.15ms cost=0.0 pos=(-2.98,0.01,-4.97) local=(0.18,-0.02,-5.66) wbirth=(-3.16,0.03,0.69) ref=(-3.00,0.00) leader=(0.00,0.00) fallbacks=0
[mpc_node-8] [INFO] [1783591694.149835835] [px4_6.mpc_node_6]: [d6] solve: status=0 time=0.15ms cost=0.1 pos=(-3.17,3.18,-5.00) local=(-0.08,0.24,-5.32) wbirth=(-3.09,2.93,0.33) ref=(-3.00,3.00) leader=(0.00,0.00) fallbacks=0
[mpc_node-10] [INFO] [1783591694.160819902] [px4_8.mpc_node_8]: [d8] solve: status=0 time=0.14ms cost=0.0 pos=(-3.02,-3.03,-4.97) local=(0.16,-0.13,-5.34) wbirth=(-3.18,-2.90,0.37) ref=(-3.00,-3.00) leader=(0.00,0.00) fallbacks=0
[mpc_node-7] [INFO] [1783591694.194536108] [px4_5.mpc_node_5]: [d5] solve: status=0 time=0.19ms cost=0.0 pos=(2.94,3.04,-4.99) local=(0.01,0.17,-5.76) wbirth=(2.93,2.86,0.77) ref=(3.00,3.00) leader=(0.00,0.00) fallbacks=0
[mpc_node-9] [INFO] [1783591694.198238789] [px4_7.mpc_node_7]: [d7] solve: status=0 time=0.18ms cost=0.0 pos=(2.93,-2.91,-4.98) local=(0.03,0.02,-5.34) wbirth=(2.90,-2.93,0.36) ref=(3.00,-3.00) leader=(0.00,0.00) fallbacks=0
[mpc_node-5] [INFO] [1783591694.201530597] [px4_3.mpc_node_3]: [d3] solve: status=0 time=0.22ms cost=0.0 pos=(3.13,-0.04,-5.00) local=(0.20,-0.11,-4.84) wbirth=(2.93,0.07,-0.17) ref=(3.00,0.00) leader=(0.00,0.00) fallbacks=0
[mpc_node-3] [INFO] [1783591694.230414223] [px4_1.mpc_node_1]: [d1] solve: status=0 time=0.15ms cost=0.0 pos=(0.04,2.97,-4.99) local=(-0.01,0.10,-5.35) wbirth=(0.05,2.87,0.36) ref=(0.00,3.00) leader=(0.00,0.00) fallbacks=0
[mpc_node-2] [INFO] [1783591694.235058386] [px4_0.mpc_node_0]: [d0] solve: status=0 time=0.18ms cost=0.0 pos=(0.02,0.06,-5.02) local=(0.04,-0.28,-5.02) wbirth=(-0.02,0.34,0.00) ref=(0.00,0.00) leader=(0.00,0.00) fallbacks=0
[mpc_node-4] [INFO] [1783591694.251765271] [px4_2.mpc_node_2]: [d2] solve: status=0 time=0.14ms cost=0.0 pos=(0.02,-2.99,-5.02) local=(-0.36,-0.13,-5.30) wbirth=(0.38,-2.86,0.28) ref=(0.00,-3.00) leader=(0.00,0.00) fallbacks=0
[mpc_node-6] [INFO] [1783591694.308556255] [px4_4.mpc_node_4]: [d4] solve: status=0 time=0.16ms cost=0.0 pos=(-2.93,0.06,-4.93) local=(0.23,0.03,-5.62) wbirth=(-3.16,0.03,0.69) ref=(-3.00,0.00) leader=(0.00,0.00) fallbacks=0
[mpc_node-8] [INFO] [1783591695.153916712] [px4_6.mpc_node_6]: [d6] solve: status=0 time=0.20ms cost=0.1 pos=(-3.14,3.10,-5.03) local=(-0.05,0.16,-5.35) wbirth=(-3.09,2.93,0.33) ref=(-3.00,3.00) leader=(0.00,0.00) fallbacks=0
[mpc_node-10] [INFO] [1783591695.159366724] [px4_8.mpc_node_8]: [d8] solve: status=0 time=0.17ms cost=0.0 pos=(-3.04,-3.04,-5.04) local=(0.15,-0.13,-5.41) wbirth=(-3.18,-2.90,0.37) ref=(-3.00,-3.00) leader=(0.00,0.00) fallbacks=0
[mpc_node-7] [INFO] [1783591695.194942614] [px4_5.mpc_node_5]: [d5] solve: status=0 time=0.18ms cost=0.0 pos=(3.00,3.06,-5.03) local=(0.07,0.20,-5.80) wbirth=(2.93,2.86,0.77) ref=(3.00,3.00) leader=(0.00,0.00) fallbacks=0
[mpc_node-9] [INFO] [1783591695.199415075] [px4_7.mpc_node_7]: [d7] solve: status=0 time=0.21ms cost=0.1 pos=(2.78,-2.90,-5.06) local=(-0.12,0.03,-5.41) wbirth=(2.90,-2.93,0.36) ref=(3.00,-3.00) leader=(0.00,0.00) fallbacks=0
[mpc_node-5] [INFO] [1783591695.199646023] [px4_3.mpc_node_3]: [d3] solve: status=0 time=0.21ms cost=0.0 pos=(3.08,-0.00,-4.97) local=(0.16,-0.08,-4.81) wbirth=(2.93,0.07,-0.17) ref=(3.00,0.00) leader=(0.00,0.00) fallbacks=0
[mpc_node-3] [INFO] [1783591695.231636097] [px4_1.mpc_node_1]: [d1] solve: status=0 time=0.18ms cost=0.0 pos=(0.06,2.99,-4.99) local=(0.01,0.13,-5.35) wbirth=(0.05,2.87,0.36) ref=(0.00,3.00) leader=(0.00,0.00) fallbacks=0
[mpc_node-2] [INFO] [1783591695.235521029] [px4_0.mpc_node_0]: [d0] solve: status=0 time=0.17ms cost=0.0 pos=(0.02,0.01,-4.99) local=(0.04,-0.33,-4.99) wbirth=(-0.02,0.34,0.00) ref=(0.00,0.00) leader=(0.00,0.00) fallbacks=0
[mpc_node-4] [INFO] [1783591695.252793218] [px4_2.mpc_node_2]: [d2] solve: status=0 time=0.18ms cost=0.0 pos=(0.03,-3.02,-5.00) local=(-0.36,-0.15,-5.28) wbirth=(0.38,-2.86,0.28) ref=(0.00,-3.00) leader=(0.00,0.00) fallbacks=0
[mpc_node-6] [INFO] [1783591695.308615203] [px4_4.mpc_node_4]: [d4] solve: status=0 time=0.18ms cost=0.0 pos=(-2.97,0.05,-5.03) local=(0.19,0.02,-5.72) wbirth=(-3.16,0.03,0.69) ref=(-3.00,0.00) leader=(0.00,0.00) fallbacks=0
[mpc_node-8] [INFO] [1783591696.149371252] [px4_6.mpc_node_6]: [d6] solve: status=0 time=0.20ms cost=0.0 pos=(-3.09,2.97,-4.99) local=(-0.00,0.04,-5.31) wbirth=(-3.09,2.93,0.33) ref=(-3.00,3.00) leader=(0.00,0.00) fallbacks=0
[mpc_node-10] [INFO] [1783591696.159691738] [px4_8.mpc_node_8]: [d8] solve: status=0 time=0.15ms cost=0.0 pos=(-3.03,-2.96,-5.05) local=(0.16,-0.06,-5.42) wbirth=(-3.18,-2.90,0.37) ref=(-3.00,-3.00) leader=(0.00,0.00) fallbacks=0
[mpc_node-7] [INFO] [1783591696.192100075] [px4_5.mpc_node_5]: [d5] solve: status=0 time=0.18ms cost=0.1 pos=(3.14,3.01,-5.06) local=(0.21,0.15,-5.83) wbirth=(2.93,2.86,0.77) ref=(3.00,3.00) leader=(0.00,0.00) fallbacks=0
[mpc_node-9] [INFO] [1783591696.197614511] [px4_7.mpc_node_7]: [d7] solve: status=0 time=0.15ms cost=0.1 pos=(2.83,-2.91,-5.05) local=(-0.07,0.02,-5.41) wbirth=(2.90,-2.93,0.36) ref=(3.00,-3.00) leader=(0.00,0.00) fallbacks=0
[mpc_node-5] [INFO] [1783591696.200079691] [px4_3.mpc_node_3]: [d3] solve: status=0 time=0.17ms cost=0.0 pos=(2.99,0.02,-4.97) local=(0.07,-0.05,-4.80) wbirth=(2.93,0.07,-0.17) ref=(3.00,0.00) leader=(0.00,0.00) fallbacks=0
[mpc_node-3] [INFO] [1783591696.231626344] [px4_1.mpc_node_1]: [d1] solve: status=0 time=0.18ms cost=0.0 pos=(-0.00,3.05,-5.00) local=(-0.06,0.19,-5.36) wbirth=(0.05,2.87,0.36) ref=(0.00,3.00) leader=(0.00,0.00) fallbacks=0
[mpc_node-2] [INFO] [1783591696.235936954] [px4_0.mpc_node_0]: [d0] solve: status=0 time=0.24ms cost=0.0 pos=(0.04,-0.07,-4.97) local=(0.06,-0.40,-4.97) wbirth=(-0.02,0.34,0.00) ref=(0.00,0.00) leader=(0.00,0.00) fallbacks=0
[mpc_node-4] [INFO] [1783591696.252980472] [px4_2.mpc_node_2]: [d2] solve: status=0 time=0.18ms cost=0.0 pos=(0.00,-3.01,-4.97) local=(-0.38,-0.15,-5.25) wbirth=(0.38,-2.86,0.28) ref=(0.00,-3.00) leader=(0.00,0.00) fallbacks=0
[mpc_node-6] [INFO] [1783591696.309314356] [px4_4.mpc_node_4]: [d4] solve: status=0 time=0.19ms cost=0.0 pos=(-2.95,0.00,-5.10) local=(0.21,-0.03,-5.78) wbirth=(-3.16,0.03,0.69) ref=(-3.00,0.00) leader=(0.00,0.00) fallbacks=0
[mpc_node-8] [INFO] [1783591697.149190066] [px4_6.mpc_node_6]: [d6] solve: status=0 time=0.15ms cost=0.0 pos=(-3.02,2.87,-5.00) local=(0.07,-0.06,-5.33) wbirth=(-3.09,2.93,0.33) ref=(-3.00,3.00) leader=(0.00,0.00) fallbacks=0
[mpc_node-10] [INFO] [1783591697.160223021] [px4_8.mpc_node_8]: [d8] solve: status=0 time=0.17ms cost=0.0 pos=(-2.95,-2.97,-5.00) local=(0.23,-0.07,-5.37) wbirth=(-3.18,-2.90,0.37) ref=(-3.00,-3.00) leader=(0.00,0.00) fallbacks=0
[mpc_node-7] [INFO] [1783591697.194224418] [px4_5.mpc_node_5]: [d5] solve: status=0 time=0.17ms cost=0.0 pos=(3.14,2.97,-5.00) local=(0.21,0.10,-5.77) wbirth=(2.93,2.86,0.77) ref=(3.00,3.00) leader=(0.00,0.00) fallbacks=0
[mpc_node-9] [INFO] [1783591697.197124422] [px4_7.mpc_node_7]: [d7] solve: status=0 time=0.17ms cost=0.0 pos=(2.95,-3.01,-5.02) local=(0.05,-0.08,-5.38) wbirth=(2.90,-2.93,0.36) ref=(3.00,-3.00) leader=(0.00,0.00) fallbacks=0
[mpc_node-5] [INFO] [1783591697.200444557] [px4_3.mpc_node_3]: [d3] solve: status=0 time=0.20ms cost=0.0 pos=(2.95,0.02,-5.04) local=(0.02,-0.06,-4.88) wbirth=(2.93,0.07,-0.17) ref=(3.00,0.00) leader=(0.00,0.00) fallbacks=0
[mpc_node-3] [INFO] [1783591697.231368873] [px4_1.mpc_node_1]: [d1] solve: status=0 time=0.17ms cost=0.1 pos=(-0.10,3.10,-5.05) local=(-0.16,0.23,-5.41) wbirth=(0.05,2.87,0.36) ref=(0.00,3.00) leader=(0.00,0.00) fallbacks=0
[mpc_node-2] [INFO] [1783591697.235956133] [px4_0.mpc_node_0]: [d0] solve: status=0 time=0.16ms cost=0.0 pos=(-0.00,-0.12,-4.98) local=(0.02,-0.46,-4.98) wbirth=(-0.02,0.34,0.00) ref=(0.00,0.00) leader=(0.00,0.00) fallbacks=0
[mpc_node-4] [INFO] [1783591697.252803169] [px4_2.mpc_node_2]: [d2] solve: status=0 time=0.18ms cost=0.0 pos=(-0.01,-2.99,-5.00) local=(-0.39,-0.12,-5.28) wbirth=(0.38,-2.86,0.28) ref=(0.00,-3.00) leader=(0.00,0.00) fallbacks=0
[mpc_node-6] [INFO] [1783591697.308992574] [px4_4.mpc_node_4]: [d4] solve: status=0 time=0.22ms cost=0.0 pos=(-2.90,-0.01,-5.07) local=(0.26,-0.04,-5.76) wbirth=(-3.16,0.03,0.69) ref=(-3.00,0.00) leader=(0.00,0.00) fallbacks=0
[mpc_node-8] [INFO] [1783591698.150128826] [px4_6.mpc_node_6]: [d6] solve: status=0 time=0.17ms cost=0.1 pos=(-2.92,2.84,-4.99) local=(0.16,-0.09,-5.31) wbirth=(-3.09,2.93,0.33) ref=(-3.00,3.00) leader=(0.00,0.00) fallbacks=0
[mpc_node-10] [INFO] [1783591698.160521306] [px4_8.mpc_node_8]: [d8] solve: status=0 time=0.18ms cost=0.0 pos=(-2.87,-2.97,-5.01) local=(0.31,-0.07,-5.38) wbirth=(-3.18,-2.90,0.37) ref=(-3.00,-3.00) leader=(0.00,0.00) fallbacks=0
[mpc_node-7] [INFO] [1783591698.194789471] [px4_5.mpc_node_5]: [d5] solve: status=0 time=0.14ms cost=0.0 pos=(3.12,2.93,-4.98) local=(0.19,0.06,-5.75) wbirth=(2.93,2.86,0.77) ref=(3.00,3.00) leader=(0.00,0.00) fallbacks=0
[mpc_node-9] [INFO] [1783591698.197675581] [px4_7.mpc_node_7]: [d7] solve: status=0 time=0.18ms cost=0.0 pos=(3.07,-3.11,-5.03) local=(0.17,-0.17,-5.38) wbirth=(2.90,-2.93,0.36) ref=(3.00,-3.00) leader=(0.00,0.00) fallbacks=0
[mpc_node-5] [INFO] [1783591698.200940385] [px4_3.mpc_node_3]: [d3] solve: status=0 time=0.15ms cost=0.0 pos=(2.93,-0.05,-5.00) local=(0.00,-0.12,-4.84) wbirth=(2.93,0.07,-0.17) ref=(3.00,0.00) leader=(0.00,0.00) fallbacks=0
[mpc_node-3] [INFO] [1783591698.229978044] [px4_1.mpc_node_1]: [d1] solve: status=0 time=0.18ms cost=0.0 pos=(-0.08,3.00,-5.05) local=(-0.13,0.13,-5.41) wbirth=(0.05,2.87,0.36) ref=(0.00,3.00) leader=(0.00,0.00) fallbacks=0
[mpc_node-2] [INFO] [1783591698.236725018] [px4_0.mpc_node_0]: [d0] solve: status=0 time=0.19ms cost=0.0 pos=(-0.07,-0.07,-5.04) local=(-0.05,-0.41,-5.04) wbirth=(-0.02,0.34,0.00) ref=(0.00,0.00) leader=(0.00,0.00) fallbacks=0
[mpc_node-4] [INFO] [1783591698.252925777] [px4_2.mpc_node_2]: [d2] solve: status=0 time=0.15ms cost=0.0 pos=(-0.07,-2.97,-4.95) local=(-0.45,-0.11,-5.23) wbirth=(0.38,-2.86,0.28) ref=(0.00,-3.00) leader=(0.00,0.00) fallbacks=0
[mpc_node-6] [INFO] [1783591698.309298413] [px4_4.mpc_node_4]: [d4] solve: status=0 time=0.16ms cost=0.0 pos=(-2.95,-0.02,-5.03) local=(0.21,-0.05,-5.72) wbirth=(-3.16,0.03,0.69) ref=(-3.00,0.00) leader=(0.00,0.00) fallbacks=0
[mpc_node-8] [INFO] [1783591699.150903941] [px4_6.mpc_node_6]: [d6] solve: status=0 time=0.22ms cost=0.1 pos=(-2.90,2.87,-5.02) local=(0.19,-0.07,-5.34) wbirth=(-3.09,2.93,0.33) ref=(-3.00,3.00) leader=(0.00,0.00) fallbacks=0
[mpc_node-10] [INFO] [1783591699.159718643] [px4_8.mpc_node_8]: [d8] solve: status=0 time=0.18ms cost=0.0 pos=(-2.90,-2.98,-4.94) local=(0.28,-0.08,-5.32) wbirth=(-3.18,-2.90,0.37) ref=(-3.00,-3.00) leader=(0.00,0.00) fallbacks=0
[mpc_node-7] [INFO] [1783591699.192784155] [px4_5.mpc_node_5]: [d5] solve: status=0 time=0.18ms cost=0.0 pos=(3.08,2.93,-4.95) local=(0.15,0.06,-5.73) wbirth=(2.93,2.86,0.77) ref=(3.00,3.00) leader=(0.00,0.00) fallbacks=0
[mpc_node-9] [INFO] [1783591699.198320176] [px4_7.mpc_node_7]: [d7] solve: status=0 time=0.15ms cost=0.1 pos=(3.12,-3.13,-5.07) local=(0.22,-0.20,-5.43) wbirth=(2.90,-2.93,0.36) ref=(3.00,-3.00) leader=(0.00,0.00) fallbacks=0
[mpc_node-5] [INFO] [1783591699.199943844] [px4_3.mpc_node_3]: [d3] solve: status=0 time=0.17ms cost=0.0 pos=(2.90,-0.04,-4.95) local=(-0.03,-0.12,-4.79) wbirth=(2.93,0.07,-0.17) ref=(3.00,0.00) leader=(0.00,0.00) fallbacks=0
[mpc_node-3] [INFO] [1783591699.231929308] [px4_1.mpc_node_1]: [d1] solve: status=0 time=0.18ms cost=0.0 pos=(-0.01,2.93,-5.07) local=(-0.06,0.06,-5.43) wbirth=(0.05,2.87,0.36) ref=(0.00,3.00) leader=(0.00,0.00) fallbacks=0
[mpc_node-2] [INFO] [1783591699.239228579] [px4_0.mpc_node_0]: [d0] solve: status=0 time=0.18ms cost=0.0 pos=(-0.06,-0.01,-5.02) local=(-0.04,-0.35,-5.02) wbirth=(-0.02,0.34,0.00) ref=(0.00,0.00) leader=(0.00,0.00) fallbacks=0
[mpc_node-4] [INFO] [1783591699.252815149] [px4_2.mpc_node_2]: [d2] solve: status=0 time=0.17ms cost=0.0 pos=(-0.10,-3.05,-4.97) local=(-0.48,-0.19,-5.25) wbirth=(0.38,-2.86,0.28) ref=(0.00,-3.00) leader=(0.00,0.00) fallbacks=0
[mpc_node-6] [INFO] [1783591699.308674038] [px4_4.mpc_node_4]: [d4] solve: status=0 time=0.19ms cost=0.0 pos=(-2.98,-0.00,-4.98) local=(0.18,-0.03,-5.67) wbirth=(-3.16,0.03,0.69) ref=(-3.00,0.00) leader=(0.00,0.00) fallbacks=0
[mpc_node-8] [INFO] [1783591700.154308962] [px4_6.mpc_node_6]: [d6] solve: status=0 time=0.18ms cost=0.0 pos=(-2.88,2.98,-4.96) local=(0.21,0.05,-5.28) wbirth=(-3.09,2.93,0.33) ref=(-3.00,3.00) leader=(0.00,0.00) fallbacks=0
[mpc_node-10] [INFO] [1783591700.159409025] [px4_8.mpc_node_8]: [d8] solve: status=0 time=0.15ms cost=0.0 pos=(-2.97,-3.00,-5.01) local=(0.21,-0.09,-5.38) wbirth=(-3.18,-2.90,0.37) ref=(-3.00,-3.00) leader=(0.00,0.00) fallbacks=0
[mpc_node-7] [INFO] [1783591700.195089229] [px4_5.mpc_node_5]: [d5] solve: status=0 time=0.15ms cost=0.0 pos=(3.03,3.01,-4.98) local=(0.10,0.15,-5.75) wbirth=(2.93,2.86,0.77) ref=(3.00,3.00) leader=(0.00,0.00) fallbacks=0
[mpc_node-9] [INFO] [1783591700.198988361] [px4_7.mpc_node_7]: [d7] solve: status=0 time=0.19ms cost=0.0 pos=(3.07,-3.10,-5.01) local=(0.17,-0.17,-5.36) wbirth=(2.90,-2.93,0.36) ref=(3.00,-3.00) leader=(0.00,0.00) fallbacks=0
[mpc_node-5] [INFO] [1783591700.200007467] [px4_3.mpc_node_3]: [d3] solve: status=0 time=0.18ms cost=0.1 pos=(2.85,0.03,-5.04) local=(-0.08,-0.04,-4.88) wbirth=(2.93,0.07,-0.17) ref=(3.00,0.00) leader=(0.00,0.00) fallbacks=0
[mpc_node-3] [INFO] [1783591700.230774062] [px4_1.mpc_node_1]: [d1] solve: status=0 time=0.14ms cost=0.0 pos=(0.05,2.88,-4.95) local=(-0.01,0.01,-5.31) wbirth=(0.05,2.87,0.36) ref=(0.00,3.00) leader=(0.00,0.00) fallbacks=0
[mpc_node-2] [INFO] [1783591700.236026243] [px4_0.mpc_node_0]: [d0] solve: status=0 time=0.18ms cost=0.0 pos=(-0.06,0.01,-5.04) local=(-0.04,-0.32,-5.04) wbirth=(-0.02,0.34,0.00) ref=(0.00,0.00) leader=(0.00,0.00) fallbacks=0
[mpc_node-4] [INFO] [1783591700.255223830] [px4_2.mpc_node_2]: [d2] solve: status=0 time=0.18ms cost=0.0 pos=(0.05,-3.05,-4.99) local=(-0.33,-0.18,-5.27) wbirth=(0.38,-2.86,0.28) ref=(0.00,-3.00) leader=(0.00,0.00) fallbacks=0
[mpc_node-6] [INFO] [1783591700.309143223] [px4_4.mpc_node_4]: [d4] solve: status=0 time=0.22ms cost=0.0 pos=(-3.06,0.01,-5.01) local=(0.10,-0.02,-5.70) wbirth=(-3.16,0.03,0.69) ref=(-3.00,0.00) leader=(0.00,0.00) fallbacks=0
[mpc_node-8] [INFO] [1783591701.149209566] [px4_6.mpc_node_6]: [d6] solve: status=0 time=0.19ms cost=0.0 pos=(-2.99,3.01,-4.99) local=(0.10,0.07,-5.31) wbirth=(-3.09,2.93,0.33) ref=(-3.00,3.00) leader=(0.00,0.00) fallbacks=0
[mpc_node-10] [INFO] [1783591701.159658602] [px4_8.mpc_node_8]: [d8] solve: status=0 time=0.15ms cost=0.0 pos=(-3.06,-2.98,-5.05) local=(0.13,-0.08,-5.43) wbirth=(-3.18,-2.90,0.37) ref=(-3.00,-3.00) leader=(0.00,0.00) fallbacks=0
[mpc_node-7] [INFO] [1783591701.194789195] [px4_5.mpc_node_5]: [d5] solve: status=0 time=0.18ms cost=0.0 pos=(2.93,3.05,-4.97) local=(-0.00,0.18,-5.74) wbirth=(2.93,2.86,0.77) ref=(3.00,3.00) leader=(0.00,0.00) fallbacks=0
[mpc_node-9] [INFO] [1783591701.198480837] [px4_7.mpc_node_7]: [d7] solve: status=0 time=0.20ms cost=0.0 pos=(3.03,-3.03,-5.03) local=(0.13,-0.10,-5.38) wbirth=(2.90,-2.93,0.36) ref=(3.00,-3.00) leader=(0.00,0.00) fallbacks=0
[mpc_node-5] [INFO] [1783591701.200706991] [px4_3.mpc_node_3]: [d3] solve: status=0 time=0.17ms cost=0.1 pos=(2.88,0.10,-5.06) local=(-0.04,0.03,-4.90) wbirth=(2.93,0.07,-0.17) ref=(3.00,0.00) leader=(0.00,0.00) fallbacks=0
[mpc_node-3] [INFO] [1783591701.231533152] [px4_1.mpc_node_1]: [d1] solve: status=0 time=0.17ms cost=0.0 pos=(0.08,2.94,-4.94) local=(0.02,0.07,-5.30) wbirth=(0.05,2.87,0.36) ref=(0.00,3.00) leader=(0.00,0.00) fallbacks=0
[mpc_node-2] [INFO] [1783591701.235522588] [px4_0.mpc_node_0]: [d0] solve: status=0 time=0.19ms cost=0.0 pos=(0.04,0.01,-4.99) local=(0.06,-0.32,-4.99) wbirth=(-0.02,0.34,0.00) ref=(0.00,0.00) leader=(0.00,0.00) fallbacks=0
[mpc_node-4] [INFO] [1783591701.251789430] [px4_2.mpc_node_2]: [d2] solve: status=0 time=0.15ms cost=0.0 pos=(0.06,-3.03,-4.95) local=(-0.32,-0.17,-5.23) wbirth=(0.38,-2.86,0.28) ref=(0.00,-3.00) leader=(0.00,0.00) fallbacks=0
[mpc_node-6] [INFO] [1783591701.308941425] [px4_4.mpc_node_4]: [d4] solve: status=0 time=0.21ms cost=0.0 pos=(-3.08,-0.01,-4.95) local=(0.08,-0.03,-5.64) wbirth=(-3.16,0.03,0.69) ref=(-3.00,0.00) leader=(0.00,0.00) fallbacks=0
[mpc_node-8] [INFO] [1783591702.151022630] [px4_6.mpc_node_6]: [d6] solve: status=0 time=0.18ms cost=0.0 pos=(-3.05,3.06,-5.03) local=(0.03,0.13,-5.36) wbirth=(-3.09,2.93,0.33) ref=(-3.00,3.00) leader=(0.00,0.00) fallbacks=0
[mpc_node-10] [INFO] [1783591702.160134858] [px4_8.mpc_node_8]: [d8] solve: status=0 time=0.14ms cost=0.0 pos=(-3.08,-2.95,-5.03) local=(0.10,-0.05,-5.41) wbirth=(-3.18,-2.90,0.37) ref=(-3.00,-3.00) leader=(0.00,0.00) fallbacks=0
[mpc_node-7] [INFO] [1783591702.192308461] [px4_5.mpc_node_5]: [d5] solve: status=0 time=0.15ms cost=0.1 pos=(2.84,3.06,-5.08) local=(-0.09,0.20,-5.86) wbirth=(2.93,2.86,0.77) ref=(3.00,3.00) leader=(0.00,0.00) fallbacks=0
[mpc_node-9] [INFO] [1783591702.197037851] [px4_7.mpc_node_7]: [d7] solve: status=0 time=0.15ms cost=0.0 pos=(3.04,-2.95,-4.98) local=(0.14,-0.02,-5.33) wbirth=(2.90,-2.93,0.36) ref=(3.00,-3.00) leader=(0.00,0.00) fallbacks=0
[mpc_node-5] [INFO] [1783591702.201465698] [px4_3.mpc_node_3]: [d3] solve: status=0 time=0.16ms cost=0.0 pos=(3.05,0.05,-5.07) local=(0.13,-0.03,-4.90) wbirth=(2.93,0.07,-0.17) ref=(3.00,0.00) leader=(0.00,0.00) fallbacks=0
[mpc_node-3] [INFO] [1783591702.231756990] [px4_1.mpc_node_1]: [d1] solve: status=0 time=0.18ms cost=0.0 pos=(0.05,2.99,-4.97) local=(0.00,0.12,-5.33) wbirth=(0.05,2.87,0.36) ref=(0.00,3.00) leader=(0.00,0.00) fallbacks=0
[mpc_node-2] [INFO] [1783591702.236493908] [px4_0.mpc_node_0]: [d0] solve: status=0 time=0.19ms cost=0.0 pos=(0.03,0.02,-4.99) local=(0.05,-0.32,-4.99) wbirth=(-0.02,0.34,0.00) ref=(0.00,0.00) leader=(0.00,0.00) fallbacks=0
[mpc_node-4] [INFO] [1783591702.257146463] [px4_2.mpc_node_2]: [d2] solve: status=0 time=0.14ms cost=0.0 pos=(0.11,-3.01,-4.97) local=(-0.27,-0.15,-5.25) wbirth=(0.38,-2.86,0.28) ref=(0.00,-3.00) leader=(0.00,0.00) fallbacks=0
[mpc_node-6] [INFO] [1783591702.308997049] [px4_4.mpc_node_4]: [d4] solve: status=0 time=0.18ms cost=0.0 pos=(-3.14,-0.03,-4.94) local=(0.02,-0.05,-5.63) wbirth=(-3.16,0.03,0.69) ref=(-3.00,0.00) leader=(0.00,0.00) fallbacks=0
[mpc_node-8] [INFO] [1783591703.150951092] [px4_6.mpc_node_6]: [d6] solve: status=0 time=0.15ms cost=0.0 pos=(-3.04,3.13,-5.03) local=(0.05,0.20,-5.35) wbirth=(-3.09,2.93,0.33) ref=(-3.00,3.00) leader=(0.00,0.00) fallbacks=0
[mpc_node-10] [INFO] [1783591703.161777455] [px4_8.mpc_node_8]: [d8] solve: status=0 time=0.18ms cost=0.0 pos=(-3.13,-2.97,-5.00) local=(0.05,-0.06,-5.38) wbirth=(-3.18,-2.90,0.37) ref=(-3.00,-3.00) leader=(0.00,0.00) fallbacks=0
[mpc_node-7] [INFO] [1783591703.193793186] [px4_5.mpc_node_5]: [d5] solve: status=0 time=0.18ms cost=0.1 pos=(2.84,3.05,-5.05) local=(-0.09,0.18,-5.82) wbirth=(2.93,2.86,0.77) ref=(3.00,3.00) leader=(0.00,0.00) fallbacks=0
[mpc_node-9] [INFO] [1783591703.197349384] [px4_7.mpc_node_7]: [d7] solve: status=0 time=0.15ms cost=0.0 pos=(3.02,-2.95,-4.99) local=(0.12,-0.02,-5.35) wbirth=(2.90,-2.93,0.36) ref=(3.00,-3.00) leader=(0.00,0.00) fallbacks=0
[mpc_node-5] [INFO] [1783591703.200747776] [px4_3.mpc_node_3]: [d3] solve: status=0 time=0.20ms cost=0.0 pos=(3.14,0.03,-5.00) local=(0.21,-0.04,-4.84) wbirth=(2.93,0.07,-0.17) ref=(3.00,0.00) leader=(0.00,0.00) fallbacks=0
[mpc_node-3] [INFO] [1783591703.230046093] [px4_1.mpc_node_1]: [d1] solve: status=0 time=0.18ms cost=0.0 pos=(0.04,3.01,-5.07) local=(-0.01,0.14,-5.43) wbirth=(0.05,2.87,0.36) ref=(0.00,3.00) leader=(0.00,0.00) fallbacks=0
[mpc_node-2] [INFO] [1783591703.235061340] [px4_0.mpc_node_0]: [d0] solve: status=0 time=0.15ms cost=0.0 pos=(0.03,0.01,-4.98) local=(0.05,-0.32,-4.98) wbirth=(-0.02,0.34,0.00) ref=(0.00,0.00) leader=(0.00,0.00) fallbacks=0
[mpc_node-4] [INFO] [1783591703.257051536] [px4_2.mpc_node_2]: [d2] solve: status=0 time=0.18ms cost=0.0 pos=(0.08,-2.99,-4.95) local=(-0.30,-0.12,-5.23) wbirth=(0.38,-2.86,0.28) ref=(0.00,-3.00) leader=(0.00,0.00) fallbacks=0
[mpc_node-6] [INFO] [1783591703.310272168] [px4_4.mpc_node_4]: [d4] solve: status=0 time=0.14ms cost=0.0 pos=(-3.05,-0.04,-5.06) local=(0.11,-0.07,-5.74) wbirth=(-3.16,0.03,0.69) ref=(-3.00,0.00) leader=(0.00,0.00) fallbacks=0
[mpc_node-8] [INFO] [1783591704.149021359] [px4_6.mpc_node_6]: [d6] solve: status=0 time=0.15ms cost=0.0 pos=(-3.03,3.08,-5.00) local=(0.06,0.15,-5.33) wbirth=(-3.09,2.93,0.33) ref=(-3.00,3.00) leader=(0.00,0.00) fallbacks=0
[mpc_node-10] [INFO] [1783591704.162320997] [px4_8.mpc_node_8]: [d8] solve: status=0 time=0.21ms cost=0.0 pos=(-3.05,-3.01,-4.96) local=(0.14,-0.11,-5.33) wbirth=(-3.18,-2.90,0.37) ref=(-3.00,-3.00) leader=(0.00,0.00) fallbacks=0
[mpc_node-7] [INFO] [1783591704.193945794] [px4_5.mpc_node_5]: [d5] solve: status=0 time=0.17ms cost=0.0 pos=(2.88,3.03,-4.99) local=(-0.05,0.17,-5.77) wbirth=(2.93,2.86,0.77) ref=(3.00,3.00) leader=(0.00,0.00) fallbacks=0
[mpc_node-9] [INFO] [1783591704.196954803] [px4_7.mpc_node_7]: [d7] solve: status=0 time=0.18ms cost=0.0 pos=(2.99,-2.97,-5.00) local=(0.09,-0.04,-5.36) wbirth=(2.90,-2.93,0.36) ref=(3.00,-3.00) leader=(0.00,0.00) fallbacks=0
[mpc_node-5] [INFO] [1783591704.200189337] [px4_3.mpc_node_3]: [d3] solve: status=0 time=0.18ms cost=0.1 pos=(3.18,0.04,-4.93) local=(0.26,-0.04,-4.77) wbirth=(2.93,0.07,-0.17) ref=(3.00,0.00) leader=(0.00,0.00) fallbacks=0
[mpc_node-3] [INFO] [1783591704.230661354] [px4_1.mpc_node_1]: [d1] solve: status=0 time=0.17ms cost=0.0 pos=(-0.06,3.06,-4.96) local=(-0.11,0.19,-5.32) wbirth=(0.05,2.87,0.36) ref=(0.00,3.00) leader=(0.00,0.00) fallbacks=0
[mpc_node-2] [INFO] [1783591704.236580680] [px4_0.mpc_node_0]: [d0] solve: status=0 time=0.18ms cost=0.0 pos=(-0.03,-0.01,-4.99) local=(-0.01,-0.34,-4.99) wbirth=(-0.02,0.34,0.00) ref=(0.00,0.00) leader=(0.00,0.00) fallbacks=0
[mpc_node-4] [INFO] [1783591704.254650341] [px4_2.mpc_node_2]: [d2] solve: status=0 time=0.17ms cost=0.0 pos=(-0.04,-2.95,-5.00) local=(-0.42,-0.09,-5.28) wbirth=(0.38,-2.86,0.28) ref=(0.00,-3.00) leader=(0.00,0.00) fallbacks=0
[mpc_node-6] [INFO] [1783591704.310335421] [px4_4.mpc_node_4]: [d4] solve: status=0 time=0.17ms cost=0.0 pos=(-2.92,-0.02,-4.96) local=(0.24,-0.05,-5.65) wbirth=(-3.16,0.03,0.69) ref=(-3.00,0.00) leader=(0.00,0.00) fallbacks=0
[mpc_node-8] [INFO] [1783591705.151379095] [px4_6.mpc_node_6]: [d6] solve: status=0 time=0.20ms cost=0.0 pos=(-3.03,3.02,-5.00) local=(0.06,0.08,-5.33) wbirth=(-3.09,2.93,0.33) ref=(-3.00,3.00) leader=(0.00,0.00) fallbacks=0
[mpc_node-10] [INFO] [1783591705.159584183] [px4_8.mpc_node_8]: [d8] solve: status=0 time=0.17ms cost=0.0 pos=(-2.96,-3.04,-4.98) local=(0.22,-0.14,-5.36) wbirth=(-3.18,-2.90,0.37) ref=(-3.00,-3.00) leader=(0.00,0.00) fallbacks=0
[mpc_node-7] [INFO] [1783591705.193518543] [px4_5.mpc_node_5]: [d5] solve: status=0 time=0.17ms cost=0.0 pos=(2.96,2.98,-5.01) local=(0.03,0.12,-5.79) wbirth=(2.93,2.86,0.77) ref=(3.00,3.00) leader=(0.00,0.00) fallbacks=0
[mpc_node-9] [INFO] [1783591705.199757543] [px4_7.mpc_node_7]: [d7] solve: status=0 time=0.19ms cost=0.0 pos=(2.91,-2.99,-5.01) local=(0.01,-0.06,-5.37) wbirth=(2.90,-2.93,0.36) ref=(3.00,-3.00) leader=(0.00,0.00) fallbacks=0
[mpc_node-5] [INFO] [1783591705.202213372] [px4_3.mpc_node_3]: [d3] solve: status=0 time=0.14ms cost=0.0 pos=(3.11,-0.03,-4.98) local=(0.18,-0.11,-4.81) wbirth=(2.93,0.07,-0.17) ref=(3.00,0.00) leader=(0.00,0.00) fallbacks=0
[mpc_node-3] [INFO] [1783591705.230616952] [px4_1.mpc_node_1]: [d1] solve: status=0 time=0.15ms cost=0.0 pos=(-0.08,3.08,-5.03) local=(-0.13,0.21,-5.39) wbirth=(0.05,2.87,0.36) ref=(0.00,3.00) leader=(0.00,0.00) fallbacks=0
[mpc_node-2] [INFO] [1783591705.235765761] [px4_0.mpc_node_0]: [d0] solve: status=0 time=0.18ms cost=0.0 pos=(-0.01,0.01,-4.98) local=(0.01,-0.33,-4.98) wbirth=(-0.02,0.34,0.00) ref=(0.00,0.00) leader=(0.00,0.00) fallbacks=0
[mpc_node-4] [INFO] [1783591705.251932498] [px4_2.mpc_node_2]: [d2] solve: status=0 time=0.15ms cost=0.1 pos=(-0.16,-2.89,-5.03) local=(-0.54,-0.02,-5.31) wbirth=(0.38,-2.86,0.28) ref=(0.00,-3.00) leader=(0.00,0.00) fallbacks=0
[mpc_node-6] [INFO] [1783591705.309990052] [px4_4.mpc_node_4]: [d4] solve: status=0 time=0.21ms cost=0.0 pos=(-2.94,-0.05,-5.03) local=(0.22,-0.07,-5.71) wbirth=(-3.16,0.03,0.69) ref=(-3.00,0.00) leader=(0.00,0.00) fallbacks=0
[mpc_node-8] [INFO] [1783591706.151299585] [px4_6.mpc_node_6]: [d6] solve: status=0 time=0.18ms cost=0.0 pos=(-3.02,2.94,-4.99) local=(0.07,0.00,-5.31) wbirth=(-3.09,2.93,0.33) ref=(-3.00,3.00) leader=(0.00,0.00) fallbacks=0
[mpc_node-10] [INFO] [1783591706.160372040] [px4_8.mpc_node_8]: [d8] solve: status=0 time=0.20ms cost=0.1 pos=(-2.87,-3.08,-4.97) local=(0.32,-0.18,-5.35) wbirth=(-3.18,-2.90,0.37) ref=(-3.00,-3.00) leader=(0.00,0.00) fallbacks=0
[mpc_node-7] [INFO] [1783591706.192825112] [px4_5.mpc_node_5]: [d5] solve: status=0 time=0.17ms cost=0.1 pos=(3.13,2.91,-5.07) local=(0.20,0.04,-5.84) wbirth=(2.93,2.86,0.77) ref=(3.00,3.00) leader=(0.00,0.00) fallbacks=0
[mpc_node-5] [INFO] [1783591706.199367766] [px4_3.mpc_node_3]: [d3] solve: status=0 time=0.17ms cost=0.0 pos=(2.99,-0.09,-5.03) local=(0.07,-0.16,-4.87) wbirth=(2.93,0.07,-0.17) ref=(3.00,0.00) leader=(0.00,0.00) fallbacks=0
[mpc_node-9] [INFO] [1783591706.199399005] [px4_7.mpc_node_7]: [d7] solve: status=0 time=0.19ms cost=0.0 pos=(2.93,-2.99,-4.99) local=(0.03,-0.06,-5.35) wbirth=(2.90,-2.93,0.36) ref=(3.00,-3.00) leader=(0.00,0.00) fallbacks=0
[mpc_node-3] [INFO] [1783591706.229791964] [px4_1.mpc_node_1]: [d1] solve: status=0 time=0.15ms cost=0.0 pos=(-0.08,3.06,-5.05) local=(-0.13,0.19,-5.41) wbirth=(0.05,2.87,0.36) ref=(0.00,3.00) leader=(0.00,0.00) fallbacks=0
[mpc_node-2] [INFO] [1783591706.236486016] [px4_0.mpc_node_0]: [d0] solve: status=0 time=0.18ms cost=0.0 pos=(0.05,0.02,-5.05) local=(0.07,-0.32,-5.05) wbirth=(-0.02,0.34,0.00) ref=(0.00,0.00) leader=(0.00,0.00) fallbacks=0
[mpc_node-4] [INFO] [1783591706.252246103] [px4_2.mpc_node_2]: [d2] solve: status=0 time=0.20ms cost=0.0 pos=(-0.11,-2.94,-5.02) local=(-0.49,-0.07,-5.30) wbirth=(0.38,-2.86,0.28) ref=(0.00,-3.00) leader=(0.00,0.00) fallbacks=0
[mpc_node-6] [INFO] [1783591706.308625266] [px4_4.mpc_node_4]: [d4] solve: status=0 time=0.18ms cost=0.0 pos=(-2.87,-0.01,-4.97) local=(0.29,-0.04,-5.66) wbirth=(-3.16,0.03,0.69) ref=(-3.00,0.00) leader=(0.00,0.00) fallbacks=0
[mpc_node-8] [INFO] [1783591707.151729527] [px4_6.mpc_node_6]: [d6] solve: status=0 time=0.16ms cost=0.0 pos=(-2.99,2.91,-5.01) local=(0.09,-0.02,-5.34) wbirth=(-3.09,2.93,0.33) ref=(-3.00,3.00) leader=(0.00,0.00) fallbacks=0
[mpc_node-10] [INFO] [1783591707.160173638] [px4_8.mpc_node_8]: [d8] solve: status=0 time=0.20ms cost=0.0 pos=(-2.92,-3.08,-4.97) local=(0.26,-0.18,-5.35) wbirth=(-3.18,-2.90,0.37) ref=(-3.00,-3.00) leader=(0.00,0.00) fallbacks=0
[mpc_node-7] [INFO] [1783591707.193407467] [px4_5.mpc_node_5]: [d5] solve: status=0 time=0.17ms cost=0.1 pos=(3.14,2.91,-5.01) local=(0.21,0.04,-5.79) wbirth=(2.93,2.86,0.77) ref=(3.00,3.00) leader=(0.00,0.00) fallbacks=0
[mpc_node-9] [INFO] [1783591707.196889529] [px4_7.mpc_node_7]: [d7] solve: status=0 time=0.18ms cost=0.0 pos=(2.93,-2.91,-4.90) local=(0.03,0.02,-5.26) wbirth=(2.90,-2.93,0.36) ref=(3.00,-3.00) leader=(0.00,0.00) fallbacks=0
[mpc_node-5] [INFO] [1783591707.200300427] [px4_3.mpc_node_3]: [d3] solve: status=0 time=0.21ms cost=0.1 pos=(2.84,-0.09,-5.02) local=(-0.09,-0.16,-4.85) wbirth=(2.93,0.07,-0.17) ref=(3.00,0.00) leader=(0.00,0.00) fallbacks=0
[mpc_node-3] [INFO] [1783591707.231733361] [px4_1.mpc_node_1]: [d1] solve: status=0 time=0.19ms cost=0.0 pos=(-0.08,3.08,-5.00) local=(-0.13,0.21,-5.36) wbirth=(0.05,2.87,0.36) ref=(0.00,3.00) leader=(0.00,0.00) fallbacks=0
[mpc_node-2] [INFO] [1783591707.236033659] [px4_0.mpc_node_0]: [d0] solve: status=0 time=0.18ms cost=0.0 pos=(0.05,-0.02,-5.03) local=(0.07,-0.36,-5.03) wbirth=(-0.02,0.34,0.00) ref=(0.00,0.00) leader=(0.00,0.00) fallbacks=0
[mpc_node-4] [INFO] [1783591707.251901392] [px4_2.mpc_node_2]: [d2] solve: status=0 time=0.18ms cost=0.0 pos=(0.06,-2.99,-5.01) local=(-0.32,-0.12,-5.29) wbirth=(0.38,-2.86,0.28) ref=(0.00,-3.00) leader=(0.00,0.00) fallbacks=0
[mpc_node-6] [INFO] [1783591707.308668951] [px4_4.mpc_node_4]: [d4] solve: status=0 time=0.19ms cost=0.0 pos=(-2.94,0.01,-5.04) local=(0.22,-0.02,-5.73) wbirth=(-3.16,0.03,0.69) ref=(-3.00,0.00) leader=(0.00,0.00) fallbacks=0
[mpc_node-8] [INFO] [1783591708.149112123] [px4_6.mpc_node_6]: [d6] solve: status=0 time=0.19ms cost=0.0 pos=(-3.01,2.90,-4.99) local=(0.08,-0.04,-5.32) wbirth=(-3.09,2.93,0.33) ref=(-3.00,3.00) leader=(0.00,0.00) fallbacks=0
[mpc_node-10] [INFO] [1783591708.160002726] [px4_8.mpc_node_8]: [d8] solve: status=0 time=0.17ms cost=0.0 pos=(-3.03,-3.05,-4.99) local=(0.15,-0.15,-5.37) wbirth=(-3.18,-2.90,0.37) ref=(-3.00,-3.00) leader=(0.00,0.00) fallbacks=0
[mpc_node-7] [INFO] [1783591708.192611471] [px4_5.mpc_node_5]: [d5] solve: status=0 time=0.17ms cost=0.0 pos=(3.01,2.97,-4.99) local=(0.08,0.11,-5.76) wbirth=(2.93,2.86,0.77) ref=(3.00,3.00) leader=(0.00,0.00) fallbacks=0
[mpc_node-9] [INFO] [1783591708.197438658] [px4_7.mpc_node_7]: [d7] solve: status=0 time=0.18ms cost=0.0 pos=(3.03,-2.90,-4.99) local=(0.13,0.04,-5.35) wbirth=(2.90,-2.93,0.36) ref=(3.00,-3.00) leader=(0.00,0.00) fallbacks=0
[mpc_node-5] [INFO] [1783591708.200382833] [px4_3.mpc_node_3]: [d3] solve: status=0 time=0.18ms cost=0.1 pos=(2.80,-0.05,-4.97) local=(-0.12,-0.13,-4.80) wbirth=(2.93,0.07,-0.17) ref=(3.00,0.00) leader=(0.00,0.00) fallbacks=0
[mpc_node-3] [INFO] [1783591708.231389635] [px4_1.mpc_node_1]: [d1] solve: status=0 time=0.15ms cost=0.0 pos=(0.01,3.01,-5.01) local=(-0.04,0.14,-5.37) wbirth=(0.05,2.87,0.36) ref=(0.00,3.00) leader=(0.00,0.00) fallbacks=0
[mpc_node-2] [INFO] [1783591708.236211507] [px4_0.mpc_node_0]: [d0] solve: status=0 time=0.16ms cost=0.0 pos=(-0.03,0.07,-5.01) local=(-0.01,-0.26,-5.01) wbirth=(-0.02,0.34,0.00) ref=(0.00,0.00) leader=(0.00,0.00) fallbacks=0
[mpc_node-4] [INFO] [1783591708.251746274] [px4_2.mpc_node_2]: [d2] solve: status=0 time=0.17ms cost=0.0 pos=(0.10,-2.99,-4.97) local=(-0.28,-0.13,-5.26) wbirth=(0.38,-2.86,0.28) ref=(0.00,-3.00) leader=(0.00,0.00) fallbacks=0
[mpc_node-6] [INFO] [1783591708.308648286] [px4_4.mpc_node_4]: [d4] solve: status=0 time=0.18ms cost=0.0 pos=(-3.01,0.05,-5.02) local=(0.15,0.02,-5.71) wbirth=(-3.16,0.03,0.69) ref=(-3.00,0.00) leader=(0.00,0.00) fallbacks=0
[mpc_node-8] [INFO] [1783591709.150480647] [px4_6.mpc_node_6]: [d6] solve: status=0 time=0.15ms cost=0.0 pos=(-2.98,2.98,-4.97) local=(0.11,0.04,-5.29) wbirth=(-3.09,2.93,0.33) ref=(-3.00,3.00) leader=(0.00,0.00) fallbacks=0
[mpc_node-10] [INFO] [1783591709.161034566] [px4_8.mpc_node_8]: [d8] solve: status=0 time=0.20ms cost=0.0 pos=(-3.09,-2.97,-5.03) local=(0.09,-0.07,-5.41) wbirth=(-3.18,-2.90,0.37) ref=(-3.00,-3.00) leader=(0.00,0.00) fallbacks=0
[mpc_node-7] [INFO] [1783591709.193295434] [px4_5.mpc_node_5]: [d5] solve: status=0 time=0.15ms cost=0.0 pos=(2.99,3.07,-4.95) local=(0.06,0.21,-5.72) wbirth=(2.93,2.86,0.77) ref=(3.00,3.00) leader=(0.00,0.00) fallbacks=0
[mpc_node-9] [INFO] [1783591709.196837123] [px4_7.mpc_node_7]: [d7] solve: status=0 time=0.17ms cost=0.0 pos=(3.06,-2.97,-5.01) local=(0.16,-0.04,-5.36) wbirth=(2.90,-2.93,0.36) ref=(3.00,-3.00) leader=(0.00,0.00) fallbacks=0
[mpc_node-5] [INFO] [1783591709.200595250] [px4_3.mpc_node_3]: [d3] solve: status=0 time=0.21ms cost=0.0 pos=(2.90,0.05,-4.91) local=(-0.03,-0.03,-4.74) wbirth=(2.93,0.07,-0.17) ref=(3.00,0.00) leader=(0.00,0.00) fallbacks=0
[mpc_node-3] [INFO] [1783591709.229925374] [px4_1.mpc_node_1]: [d1] solve: status=0 time=0.14ms cost=0.0 pos=(0.05,2.97,-5.02) local=(-0.00,0.10,-5.38) wbirth=(0.05,2.87,0.36) ref=(0.00,3.00) leader=(0.00,0.00) fallbacks=0
[mpc_node-2] [INFO] [1783591709.237469097] [px4_0.mpc_node_0]: [d0] solve: status=0 time=0.19ms cost=0.0 pos=(-0.04,0.08,-4.98) local=(-0.02,-0.25,-4.98) wbirth=(-0.02,0.34,0.00) ref=(0.00,0.00) leader=(0.00,0.00) fallbacks=0
[mpc_node-4] [INFO] [1783591709.252040019] [px4_2.mpc_node_2]: [d2] solve: status=0 time=0.15ms cost=0.0 pos=(0.09,-3.02,-4.99) local=(-0.29,-0.15,-5.27) wbirth=(0.38,-2.86,0.28) ref=(0.00,-3.00) leader=(0.00,0.00) fallbacks=0
[mpc_node-6] [INFO] [1783591709.308628263] [px4_4.mpc_node_4]: [d4] solve: status=0 time=0.18ms cost=0.0 pos=(-3.05,0.04,-5.00) local=(0.11,0.01,-5.69) wbirth=(-3.16,0.03,0.69) ref=(-3.00,0.00) leader=(0.00,0.00) fallbacks=0
[mpc_node-8] [INFO] [1783591710.149796545] [px4_6.mpc_node_6]: [d6] solve: status=0 time=0.17ms cost=0.0 pos=(-2.95,3.07,-5.04) local=(0.14,0.14,-5.36) wbirth=(-3.09,2.93,0.33) ref=(-3.00,3.00) leader=(0.00,0.00) fallbacks=0
[mpc_node-10] [INFO] [1783591710.160139882] [px4_8.mpc_node_8]: [d8] solve: status=0 time=0.17ms cost=0.0 pos=(-3.04,-2.90,-4.95) local=(0.14,0.00,-5.33) wbirth=(-3.18,-2.90,0.37) ref=(-3.00,-3.00) leader=(0.00,0.00) fallbacks=0
[mpc_node-7] [INFO] [1783591710.192035829] [px4_5.mpc_node_5]: [d5] solve: status=0 time=0.15ms cost=0.0 pos=(3.05,3.10,-5.03) local=(0.12,0.24,-5.80) wbirth=(2.93,2.86,0.77) ref=(3.00,3.00) leader=(0.00,0.00) fallbacks=0
[mpc_node-9] [INFO] [1783591710.196935473] [px4_7.mpc_node_7]: [d7] solve: status=0 time=0.15ms cost=0.0 pos=(3.04,-3.02,-5.00) local=(0.14,-0.08,-5.35) wbirth=(2.90,-2.93,0.36) ref=(3.00,-3.00) leader=(0.00,0.00) fallbacks=0
[mpc_node-5] [INFO] [1783591710.200336584] [px4_3.mpc_node_3]: [d3] solve: status=0 time=0.19ms cost=0.0 pos=(3.04,0.08,-4.97) local=(0.12,0.00,-4.81) wbirth=(2.93,0.07,-0.17) ref=(3.00,0.00) leader=(0.00,0.00) fallbacks=0
[mpc_node-3] [INFO] [1783591710.231688603] [px4_1.mpc_node_1]: [d1] solve: status=0 time=0.17ms cost=0.0 pos=(0.08,2.91,-5.02) local=(0.02,0.04,-5.38) wbirth=(0.05,2.87,0.36) ref=(0.00,3.00) leader=(0.00,0.00) fallbacks=0
[mpc_node-2] [INFO] [1783591710.236415015] [px4_0.mpc_node_0]: [d0] solve: status=0 time=0.18ms cost=0.0 pos=(-0.06,0.06,-4.91) local=(-0.04,-0.28,-4.91) wbirth=(-0.02,0.34,0.00) ref=(0.00,0.00) leader=(0.00,0.00) fallbacks=0
[mpc_node-4] [INFO] [1783591710.253402762] [px4_2.mpc_node_2]: [d2] solve: status=0 time=0.17ms cost=0.0 pos=(0.06,-3.11,-5.02) local=(-0.32,-0.24,-5.31) wbirth=(0.38,-2.86,0.28) ref=(0.00,-3.00) leader=(0.00,0.00) fallbacks=0
[mpc_node-6] [INFO] [1783591710.309936833] [px4_4.mpc_node_4]: [d4] solve: status=0 time=0.18ms cost=0.0 pos=(-3.09,0.04,-5.06) local=(0.07,0.01,-5.75) wbirth=(-3.16,0.03,0.69) ref=(-3.00,0.00) leader=(0.00,0.00) fallbacks=0
[mpc_node-8] [INFO] [1783591711.150725339] [px4_6.mpc_node_6]: [d6] solve: status=0 time=0.20ms cost=0.0 pos=(-2.95,3.10,-4.98) local=(0.14,0.17,-5.30) wbirth=(-3.09,2.93,0.33) ref=(-3.00,3.00) leader=(0.00,0.00) fallbacks=0
[mpc_node-10] [INFO] [1783591711.161312715] [px4_8.mpc_node_8]: [d8] solve: status=0 time=0.21ms cost=0.0 pos=(-3.06,-2.92,-4.99) local=(0.12,-0.01,-5.37) wbirth=(-3.18,-2.90,0.37) ref=(-3.00,-3.00) leader=(0.00,0.00) fallbacks=0
[mpc_node-7] [INFO] [1783591711.193563319] [px4_5.mpc_node_5]: [d5] solve: status=0 time=0.17ms cost=0.0 pos=(3.02,3.02,-5.01) local=(0.09,0.16,-5.79) wbirth=(2.93,2.86,0.77) ref=(3.00,3.00) leader=(0.00,0.00) fallbacks=0
[mpc_node-9] [INFO] [1783591711.197361862] [px4_7.mpc_node_7]: [d7] solve: status=0 time=0.17ms cost=0.0 pos=(3.00,-3.03,-5.03) local=(0.10,-0.10,-5.38) wbirth=(2.90,-2.93,0.36) ref=(3.00,-3.00) leader=(0.00,0.00) fallbacks=0
[mpc_node-5] [INFO] [1783591711.200542160] [px4_3.mpc_node_3]: [d3] solve: status=0 time=0.19ms cost=0.1 pos=(3.17,0.12,-4.99) local=(0.25,0.04,-4.82) wbirth=(2.93,0.07,-0.17) ref=(3.00,0.00) leader=(0.00,0.00) fallbacks=0
[mpc_node-3] [INFO] [1783591711.233200178] [px4_1.mpc_node_1]: [d1] solve: status=0 time=0.17ms cost=0.0 pos=(0.12,2.92,-5.03) local=(0.06,0.06,-5.39) wbirth=(0.05,2.87,0.36) ref=(0.00,3.00) leader=(0.00,0.00) fallbacks=0
[mpc_node-2] [INFO] [1783591711.238257435] [px4_0.mpc_node_0]: [d0] solve: status=0 time=0.18ms cost=0.0 pos=(0.01,-0.03,-5.01) local=(0.03,-0.37,-5.01) wbirth=(-0.02,0.34,0.00) ref=(0.00,0.00) leader=(0.00,0.00) fallbacks=0
[mpc_node-4] [INFO] [1783591711.253539898] [px4_2.mpc_node_2]: [d2] solve: status=0 time=0.15ms cost=0.0 pos=(0.03,-3.10,-5.03) local=(-0.35,-0.24,-5.31) wbirth=(0.38,-2.86,0.28) ref=(0.00,-3.00) leader=(0.00,0.00) fallbacks=0
[mpc_node-6] [INFO] [1783591711.308782449] [px4_4.mpc_node_4]: [d4] solve: status=0 time=0.15ms cost=0.0 pos=(-3.09,0.00,-4.97) local=(0.07,-0.02,-5.66) wbirth=(-3.16,0.03,0.69) ref=(-3.00,0.00) leader=(0.00,0.00) fallbacks=0
[mpc_node-8] [INFO] [1783591712.152652577] [px4_6.mpc_node_6]: [d6] solve: status=0 time=0.15ms cost=0.0 pos=(-2.91,3.11,-4.98) local=(0.18,0.18,-5.30) wbirth=(-3.09,2.93,0.33) ref=(-3.00,3.00) leader=(0.00,0.00) fallbacks=0
[mpc_node-10] [INFO] [1783591712.160499107] [px4_8.mpc_node_8]: [d8] solve: status=0 time=0.18ms cost=0.0 pos=(-2.98,-2.94,-4.99) local=(0.20,-0.04,-5.37) wbirth=(-3.18,-2.90,0.37) ref=(-3.00,-3.00) leader=(0.00,0.00) fallbacks=0
[mpc_node-7] [INFO] [1783591712.192953274] [px4_5.mpc_node_5]: [d5] solve: status=0 time=0.17ms cost=0.0 pos=(3.02,3.00,-4.98) local=(0.09,0.14,-5.76) wbirth=(2.93,2.86,0.77) ref=(3.00,3.00) leader=(0.00,0.00) fallbacks=0
[mpc_node-5] [INFO] [1783591712.199166093] [px4_3.mpc_node_3]: [d3] solve: status=0 time=0.19ms cost=0.1 pos=(3.25,0.05,-5.04) local=(0.32,-0.03,-4.88) wbirth=(2.93,0.07,-0.17) ref=(3.00,0.00) leader=(0.00,0.00) fallbacks=0
[mpc_node-9] [INFO] [1783591712.199347220] [px4_7.mpc_node_7]: [d7] solve: status=0 time=0.15ms cost=0.0 pos=(3.03,-3.06,-5.05) local=(0.13,-0.13,-5.40) wbirth=(2.90,-2.93,0.36) ref=(3.00,-3.00) leader=(0.00,0.00) fallbacks=0
[mpc_node-2] [INFO] [1783591712.235184267] [px4_0.mpc_node_0]: [d0] solve: status=0 time=0.18ms cost=0.0 pos=(-0.05,-0.08,-5.02) local=(-0.03,-0.42,-5.02) wbirth=(-0.02,0.34,0.00) ref=(0.00,0.00) leader=(0.00,0.00) fallbacks=0
[mpc_node-3] [INFO] [1783591712.238401127] [px4_1.mpc_node_1]: [d1] solve: status=0 time=0.20ms cost=0.0 pos=(0.07,2.95,-5.04) local=(0.02,0.08,-5.41) wbirth=(0.05,2.87,0.36) ref=(0.00,3.00) leader=(0.00,0.00) fallbacks=0
[mpc_node-4] [INFO] [1783591712.253092355] [px4_2.mpc_node_2]: [d2] solve: status=0 time=0.17ms cost=0.0 pos=(-0.09,-3.03,-5.00) local=(-0.47,-0.17,-5.28) wbirth=(0.38,-2.86,0.28) ref=(0.00,-3.00) leader=(0.00,0.00) fallbacks=0
[mpc_node-6] [INFO] [1783591712.310224499] [px4_4.mpc_node_4]: [d4] solve: status=0 time=0.18ms cost=0.0 pos=(-3.06,0.05,-5.01) local=(0.10,0.02,-5.70) wbirth=(-3.16,0.03,0.69) ref=(-3.00,0.00) leader=(0.00,0.00) fallbacks=0
[mpc_node-8] [INFO] [1783591713.149050356] [px4_6.mpc_node_6]: [d6] solve: status=0 time=0.17ms cost=0.0 pos=(-2.90,3.11,-5.00) local=(0.18,0.17,-5.32) wbirth=(-3.09,2.93,0.33) ref=(-3.00,3.00) leader=(0.00,0.00) fallbacks=0
[mpc_node-10] [INFO] [1783591713.160930579] [px4_8.mpc_node_8]: [d8] solve: status=0 time=0.20ms cost=0.0 pos=(-2.93,-2.98,-4.99) local=(0.25,-0.08,-5.37) wbirth=(-3.18,-2.90,0.37) ref=(-3.00,-3.00) leader=(0.00,0.00) fallbacks=0
[mpc_node-7] [INFO] [1783591713.194577548] [px4_5.mpc_node_5]: [d5] solve: status=0 time=0.15ms cost=0.0 pos=(2.94,2.98,-5.00) local=(0.01,0.12,-5.77) wbirth=(2.93,2.86,0.77) ref=(3.00,3.00) leader=(0.00,0.00) fallbacks=0
[mpc_node-9] [INFO] [1783591713.198139819] [px4_7.mpc_node_7]: [d7] solve: status=0 time=0.18ms cost=0.0 pos=(3.04,-3.07,-5.07) local=(0.13,-0.14,-5.43) wbirth=(2.90,-2.93,0.36) ref=(3.00,-3.00) leader=(0.00,0.00) fallbacks=0
[mpc_node-5] [INFO] [1783591713.200816844] [px4_3.mpc_node_3]: [d3] solve: status=0 time=0.18ms cost=0.0 pos=(3.17,0.02,-4.98) local=(0.24,-0.06,-4.81) wbirth=(2.93,0.07,-0.17) ref=(3.00,0.00) leader=(0.00,0.00) fallbacks=0
[mpc_node-3] [INFO] [1783591713.230084064] [px4_1.mpc_node_1]: [d1] solve: status=0 time=0.15ms cost=0.0 pos=(-0.02,2.94,-5.02) local=(-0.07,0.07,-5.38) wbirth=(0.05,2.87,0.36) ref=(0.00,3.00) leader=(0.00,0.00) fallbacks=0
[mpc_node-2] [INFO] [1783591713.238486136] [px4_0.mpc_node_0]: [d0] solve: status=0 time=0.18ms cost=0.0 pos=(0.02,-0.08,-4.98) local=(0.04,-0.42,-4.98) wbirth=(-0.02,0.34,0.00) ref=(0.00,0.00) leader=(0.00,0.00) fallbacks=0
[mpc_node-4] [INFO] [1783591713.253523803] [px4_2.mpc_node_2]: [d2] solve: status=0 time=0.21ms cost=0.1 pos=(-0.10,-2.92,-5.07) local=(-0.48,-0.05,-5.35) wbirth=(0.38,-2.86,0.28) ref=(0.00,-3.00) leader=(0.00,0.00) fallbacks=0
[mpc_node-6] [INFO] [1783591713.309630985] [px4_4.mpc_node_4]: [d4] solve: status=0 time=0.21ms cost=0.0 pos=(-2.97,0.03,-4.99) local=(0.19,0.00,-5.68) wbirth=(-3.16,0.03,0.69) ref=(-3.00,0.00) leader=(0.00,0.00) fallbacks=0
[mpc_node-8] [INFO] [1783591714.150740824] [px4_6.mpc_node_6]: [d6] solve: status=0 time=0.18ms cost=0.0 pos=(-2.96,3.02,-4.98) local=(0.13,0.09,-5.30) wbirth=(-3.09,2.93,0.33) ref=(-3.00,3.00) leader=(0.00,0.00) fallbacks=0
[mpc_node-10] [INFO] [1783591714.161311322] [px4_8.mpc_node_8]: [d8] solve: status=0 time=0.15ms cost=0.0 pos=(-2.97,-3.01,-4.97) local=(0.21,-0.11,-5.34) wbirth=(-3.18,-2.90,0.37) ref=(-3.00,-3.00) leader=(0.00,0.00) fallbacks=0
[mpc_node-7] [INFO] [1783591714.192157029] [px4_5.mpc_node_5]: [d5] solve: status=0 time=0.15ms cost=0.0 pos=(2.94,2.95,-4.97) local=(0.01,0.09,-5.74) wbirth=(2.93,2.86,0.77) ref=(3.00,3.00) leader=(0.00,0.00) fallbacks=0
[mpc_node-5] [INFO] [1783591714.199375809] [px4_3.mpc_node_3]: [d3] solve: status=0 time=0.18ms cost=0.0 pos=(3.04,-0.08,-5.05) local=(0.11,-0.16,-4.89) wbirth=(2.93,0.07,-0.17) ref=(3.00,0.00) leader=(0.00,0.00) fallbacks=0
[mpc_node-9] [INFO] [1783591714.200579515] [px4_7.mpc_node_7]: [d7] solve: status=0 time=0.20ms cost=0.0 pos=(3.02,-3.07,-5.00) local=(0.12,-0.13,-5.35) wbirth=(2.90,-2.93,0.36) ref=(3.00,-3.00) leader=(0.00,0.00) fallbacks=0
[mpc_node-3] [INFO] [1783591714.232901532] [px4_1.mpc_node_1]: [d1] solve: status=0 time=0.19ms cost=0.0 pos=(-0.08,3.03,-5.00) local=(-0.13,0.16,-5.36) wbirth=(0.05,2.87,0.36) ref=(0.00,3.00) leader=(0.00,0.00) fallbacks=0
[mpc_node-2] [INFO] [1783591714.236312698] [px4_0.mpc_node_0]: [d0] solve: status=0 time=0.16ms cost=0.0 pos=(0.05,-0.09,-5.04) local=(0.07,-0.43,-5.04) wbirth=(-0.02,0.34,0.00) ref=(0.00,0.00) leader=(0.00,0.00) fallbacks=0
[mpc_node-4] [INFO] [1783591714.254988072] [px4_2.mpc_node_2]: [d2] solve: status=0 time=0.18ms cost=0.0 pos=(-0.06,-2.93,-4.99) local=(-0.44,-0.06,-5.27) wbirth=(0.38,-2.86,0.28) ref=(0.00,-3.00) leader=(0.00,0.00) fallbacks=0
[mpc_node-6] [INFO] [1783591714.310760670] [px4_4.mpc_node_4]: [d4] solve: status=0 time=0.47ms cost=0.0 pos=(-2.97,0.03,-5.02) local=(0.19,0.00,-5.71) wbirth=(-3.16,0.03,0.69) ref=(-3.00,0.00) leader=(0.00,0.00) fallbacks=0
[mpc_node-8] [INFO] [1783591715.149399498] [px4_6.mpc_node_6]: [d6] solve: status=0 time=0.16ms cost=0.0 pos=(-3.08,2.92,-5.03) local=(0.00,-0.01,-5.36) wbirth=(-3.09,2.93,0.33) ref=(-3.00,3.00) leader=(0.00,0.00) fallbacks=0
[mpc_node-10] [INFO] [1783591715.159437828] [px4_8.mpc_node_8]: [d8] solve: status=0 time=0.18ms cost=0.0 pos=(-3.07,-3.09,-4.96) local=(0.11,-0.19,-5.33) wbirth=(-3.18,-2.90,0.37) ref=(-3.00,-3.00) leader=(0.00,0.00) fallbacks=0
[mpc_node-7] [INFO] [1783591715.195062772] [px4_5.mpc_node_5]: [d5] solve: status=0 time=0.15ms cost=0.0 pos=(2.94,2.99,-4.97) local=(0.01,0.12,-5.75) wbirth=(2.93,2.86,0.77) ref=(3.00,3.00) leader=(0.00,0.00) fallbacks=0
[mpc_node-9] [INFO] [1783591715.197939884] [px4_7.mpc_node_7]: [d7] solve: status=0 time=0.18ms cost=0.0 pos=(3.04,-3.03,-4.99) local=(0.14,-0.10,-5.35) wbirth=(2.90,-2.93,0.36) ref=(3.00,-3.00) leader=(0.00,0.00) fallbacks=0
[mpc_node-5] [INFO] [1783591715.202289496] [px4_3.mpc_node_3]: [d3] solve: status=0 time=0.21ms cost=0.1 pos=(2.88,-0.14,-5.03) local=(-0.04,-0.21,-4.87) wbirth=(2.93,0.07,-0.17) ref=(3.00,0.00) leader=(0.00,0.00) fallbacks=0
[mpc_node-3] [INFO] [1783591715.231584750] [px4_1.mpc_node_1]: [d1] solve: status=0 time=0.14ms cost=0.0 pos=(-0.05,3.08,-4.98) local=(-0.10,0.21,-5.34) wbirth=(0.05,2.87,0.36) ref=(0.00,3.00) leader=(0.00,0.00) fallbacks=0
[mpc_node-2] [INFO] [1783591715.235418130] [px4_0.mpc_node_0]: [d0] solve: status=0 time=0.20ms cost=0.0 pos=(-0.01,-0.05,-5.06) local=(0.01,-0.38,-5.06) wbirth=(-0.02,0.34,0.00) ref=(0.00,0.00) leader=(0.00,0.00) fallbacks=0
[mpc_node-4] [INFO] [1783591715.253624140] [px4_2.mpc_node_2]: [d2] solve: status=0 time=0.18ms cost=0.0 pos=(-0.06,-2.97,-5.00) local=(-0.44,-0.11,-5.28) wbirth=(0.38,-2.86,0.28) ref=(0.00,-3.00) leader=(0.00,0.00) fallbacks=0
[mpc_node-6] [INFO] [1783591715.309488119] [px4_4.mpc_node_4]: [d4] solve: status=0 time=0.23ms cost=0.0 pos=(-2.94,0.03,-4.99) local=(0.22,-0.00,-5.68) wbirth=(-3.16,0.03,0.69) ref=(-3.00,0.00) leader=(0.00,0.00) fallbacks=0
[mpc_node-8] [INFO] [1783591716.151024192] [px4_6.mpc_node_6]: [d6] solve: status=0 time=0.21ms cost=0.1 pos=(-3.13,2.90,-5.00) local=(-0.05,-0.04,-5.33) wbirth=(-3.09,2.93,0.33) ref=(-3.00,3.00) leader=(0.00,0.00) fallbacks=0
[mpc_node-10] [INFO] [1783591716.160360620] [px4_8.mpc_node_8]: [d8] solve: status=0 time=0.17ms cost=0.0 pos=(-3.09,-3.11,-4.96) local=(0.09,-0.21,-5.34) wbirth=(-3.18,-2.90,0.37) ref=(-3.00,-3.00) leader=(0.00,0.00) fallbacks=0
[mpc_node-7] [INFO] [1783591716.193661405] [px4_5.mpc_node_5]: [d5] solve: status=0 time=0.15ms cost=0.0 pos=(2.96,2.96,-4.95) local=(0.04,0.10,-5.72) wbirth=(2.93,2.86,0.77) ref=(3.00,3.00) leader=(0.00,0.00) fallbacks=0
[mpc_node-9] [INFO] [1783591716.198329811] [px4_7.mpc_node_7]: [d7] solve: status=0 time=0.18ms cost=0.0 pos=(2.94,-2.96,-5.00) local=(0.04,-0.03,-5.35) wbirth=(2.90,-2.93,0.36) ref=(3.00,-3.00) leader=(0.00,0.00) fallbacks=0
[mpc_node-5] [INFO] [1783591716.202444203] [px4_3.mpc_node_3]: [d3] solve: status=0 time=0.16ms cost=0.1 pos=(2.83,-0.08,-4.96) local=(-0.10,-0.15,-4.79) wbirth=(2.93,0.07,-0.17) ref=(3.00,0.00) leader=(0.00,0.00) fallbacks=0
[mpc_node-3] [INFO] [1783591716.232121111] [px4_1.mpc_node_1]: [d1] solve: status=0 time=0.16ms cost=0.0 pos=(-0.07,3.11,-5.01) local=(-0.12,0.24,-5.37) wbirth=(0.05,2.87,0.36) ref=(0.00,3.00) leader=(0.00,0.00) fallbacks=0
[mpc_node-2] [INFO] [1783591716.236325144] [px4_0.mpc_node_0]: [d0] solve: status=0 time=0.19ms cost=0.0 pos=(-0.01,0.05,-5.02) local=(0.01,-0.28,-5.02) wbirth=(-0.02,0.34,0.00) ref=(0.00,0.00) leader=(0.00,0.00) fallbacks=0
[mpc_node-4] [INFO] [1783591716.256340487] [px4_2.mpc_node_2]: [d2] solve: status=0 time=0.15ms cost=0.0 pos=(0.03,-3.03,-4.97) local=(-0.35,-0.16,-5.25) wbirth=(0.38,-2.86,0.28) ref=(0.00,-3.00) leader=(0.00,0.00) fallbacks=0
[mpc_node-6] [INFO] [1783591716.308552739] [px4_4.mpc_node_4]: [d4] solve: status=0 time=0.18ms cost=0.0 pos=(-2.91,-0.03,-5.02) local=(0.25,-0.05,-5.71) wbirth=(-3.16,0.03,0.69) ref=(-3.00,0.00) leader=(0.00,0.00) fallbacks=0
[mpc_node-8] [INFO] [1783591717.150250661] [px4_6.mpc_node_6]: [d6] solve: status=0 time=0.22ms cost=0.1 pos=(-3.11,2.89,-4.93) local=(-0.02,-0.05,-5.26) wbirth=(-3.09,2.93,0.33) ref=(-3.00,3.00) leader=(0.00,0.00) fallbacks=0
[mpc_node-10] [INFO] [1783591717.159530060] [px4_8.mpc_node_8]: [d8] solve: status=0 time=0.14ms cost=0.0 pos=(-3.04,-3.05,-5.00) local=(0.14,-0.15,-5.38) wbirth=(-3.18,-2.90,0.37) ref=(-3.00,-3.00) leader=(0.00,0.00) fallbacks=0
[mpc_node-7] [INFO] [1783591717.193564307] [px4_5.mpc_node_5]: [d5] solve: status=0 time=0.17ms cost=0.0 pos=(2.99,2.97,-4.98) local=(0.06,0.10,-5.76) wbirth=(2.93,2.86,0.77) ref=(3.00,3.00) leader=(0.00,0.00) fallbacks=0
[mpc_node-9] [INFO] [1783591717.198145492] [px4_7.mpc_node_7]: [d7] solve: status=0 time=0.17ms cost=0.0 pos=(2.90,-2.91,-4.96) local=(0.00,0.02,-5.31) wbirth=(2.90,-2.93,0.36) ref=(3.00,-3.00) leader=(0.00,0.00) fallbacks=0
[mpc_node-5] [INFO] [1783591717.199789467] [px4_3.mpc_node_3]: [d3] solve: status=0 time=0.15ms cost=0.1 pos=(2.82,-0.01,-4.93) local=(-0.11,-0.08,-4.76) wbirth=(2.93,0.07,-0.17) ref=(3.00,0.00) leader=(0.00,0.00) fallbacks=0
[mpc_node-3] [INFO] [1783591717.231850217] [px4_1.mpc_node_1]: [d1] solve: status=0 time=0.18ms cost=0.0 pos=(-0.08,3.11,-4.98) local=(-0.13,0.24,-5.34) wbirth=(0.05,2.87,0.36) ref=(0.00,3.00) leader=(0.00,0.00) fallbacks=0
[mpc_node-2] [INFO] [1783591717.236521388] [px4_0.mpc_node_0]: [d0] solve: status=0 time=0.23ms cost=0.0 pos=(-0.00,0.05,-5.06) local=(0.02,-0.28,-5.06) wbirth=(-0.02,0.34,0.00) ref=(0.00,0.00) leader=(0.00,0.00) fallbacks=0
[mpc_node-4] [INFO] [1783591717.252882388] [px4_2.mpc_node_2]: [d2] solve: status=0 time=0.18ms cost=0.0 pos=(0.00,-3.09,-4.96) local=(-0.38,-0.23,-5.24) wbirth=(0.38,-2.86,0.28) ref=(0.00,-3.00) leader=(0.00,0.00) fallbacks=0
[mpc_node-6] [INFO] [1783591717.308516448] [px4_4.mpc_node_4]: [d4] solve: status=0 time=0.18ms cost=0.0 pos=(-2.98,-0.08,-5.03) local=(0.18,-0.11,-5.72) wbirth=(-3.16,0.03,0.69) ref=(-3.00,0.00) leader=(0.00,0.00) fallbacks=0
[mpc_node-8] [INFO] [1783591718.151589515] [px4_6.mpc_node_6]: [d6] solve: status=0 time=0.18ms cost=0.0 pos=(-3.06,2.91,-4.96) local=(0.02,-0.03,-5.28) wbirth=(-3.09,2.93,0.33) ref=(-3.00,3.00) leader=(0.00,0.00) fallbacks=0
[mpc_node-10] [INFO] [1783591718.160110053] [px4_8.mpc_node_8]: [d8] solve: status=0 time=0.17ms cost=0.0 pos=(-2.93,-2.97,-5.06) local=(0.25,-0.06,-5.43) wbirth=(-3.18,-2.90,0.37) ref=(-3.00,-3.00) leader=(0.00,0.00) fallbacks=0
[mpc_node-7] [INFO] [1783591718.192081607] [px4_5.mpc_node_5]: [d5] solve: status=0 time=0.18ms cost=0.0 pos=(3.05,3.05,-4.97) local=(0.13,0.19,-5.75) wbirth=(2.93,2.86,0.77) ref=(3.00,3.00) leader=(0.00,0.00) fallbacks=0
[mpc_node-9] [INFO] [1783591718.197173812] [px4_7.mpc_node_7]: [d7] solve: status=0 time=0.17ms cost=0.0 pos=(2.94,-2.91,-4.95) local=(0.04,0.03,-5.31) wbirth=(2.90,-2.93,0.36) ref=(3.00,-3.00) leader=(0.00,0.00) fallbacks=0
[mpc_node-5] [INFO] [1783591718.199806498] [px4_3.mpc_node_3]: [d3] solve: status=0 time=0.18ms cost=0.0 pos=(2.89,0.05,-4.94) local=(-0.04,-0.02,-4.78) wbirth=(2.93,0.07,-0.17) ref=(3.00,0.00) leader=(0.00,0.00) fallbacks=0
[mpc_node-3] [INFO] [1783591718.234274849] [px4_1.mpc_node_1]: [d1] solve: status=0 time=0.14ms cost=0.0 pos=(-0.01,3.02,-5.00) local=(-0.06,0.15,-5.36) wbirth=(0.05,2.87,0.36) ref=(0.00,3.00) leader=(0.00,0.00) fallbacks=0
[mpc_node-2] [INFO] [1783591718.237149054] [px4_0.mpc_node_0]: [d0] solve: status=0 time=0.22ms cost=0.0 pos=(-0.03,0.04,-5.04) local=(-0.01,-0.30,-5.04) wbirth=(-0.02,0.34,0.00) ref=(0.00,0.00) leader=(0.00,0.00) fallbacks=0
[mpc_node-4] [INFO] [1783591718.252755360] [px4_2.mpc_node_2]: [d2] solve: status=0 time=0.15ms cost=0.0 pos=(-0.03,-3.08,-4.98) local=(-0.41,-0.21,-5.26) wbirth=(0.38,-2.86,0.28) ref=(0.00,-3.00) leader=(0.00,0.00) fallbacks=0
[mpc_node-6] [INFO] [1783591718.308926775] [px4_4.mpc_node_4]: [d4] solve: status=0 time=0.18ms cost=0.0 pos=(-3.01,-0.09,-4.98) local=(0.15,-0.12,-5.66) wbirth=(-3.16,0.03,0.69) ref=(-3.00,0.00) leader=(0.00,0.00) fallbacks=0
[mpc_node-8] [INFO] [1783591719.152542869] [px4_6.mpc_node_6]: [d6] solve: status=0 time=0.22ms cost=0.0 pos=(-2.99,2.99,-5.00) local=(0.10,0.05,-5.33) wbirth=(-3.09,2.93,0.33) ref=(-3.00,3.00) leader=(0.00,0.00) fallbacks=0
[mpc_node-10] [INFO] [1783591719.159845275] [px4_8.mpc_node_8]: [d8] solve: status=0 time=0.15ms cost=0.0 pos=(-2.93,-2.87,-5.01) local=(0.25,0.03,-5.38) wbirth=(-3.18,-2.90,0.37) ref=(-3.00,-3.00) leader=(0.00,0.00) fallbacks=0
[mpc_node-7] [INFO] [1783591719.193134578] [px4_5.mpc_node_5]: [d5] solve: status=0 time=0.17ms cost=0.0 pos=(3.09,3.07,-5.00) local=(0.16,0.20,-5.77) wbirth=(2.93,2.86,0.77) ref=(3.00,3.00) leader=(0.00,0.00) fallbacks=0
[mpc_node-9] [INFO] [1783591719.197212312] [px4_7.mpc_node_7]: [d7] solve: status=0 time=0.25ms cost=0.0 pos=(3.00,-2.96,-5.02) local=(0.10,-0.03,-5.38) wbirth=(2.90,-2.93,0.36) ref=(3.00,-3.00) leader=(0.00,0.00) fallbacks=0
[mpc_node-5] [INFO] [1783591719.199717833] [px4_3.mpc_node_3]: [d3] solve: status=0 time=0.17ms cost=0.0 pos=(3.03,0.09,-5.00) local=(0.11,0.01,-4.84) wbirth=(2.93,0.07,-0.17) ref=(3.00,0.00) leader=(0.00,0.00) fallbacks=0
[mpc_node-3] [INFO] [1783591719.231886579] [px4_1.mpc_node_1]: [d1] solve: status=0 time=0.15ms cost=0.0 pos=(0.03,2.96,-4.96) local=(-0.03,0.09,-5.32) wbirth=(0.05,2.87,0.36) ref=(0.00,3.00) leader=(0.00,0.00) fallbacks=0
[mpc_node-2] [INFO] [1783591719.236501647] [px4_0.mpc_node_0]: [d0] solve: status=0 time=0.18ms cost=0.0 pos=(-0.02,0.00,-4.98) local=(-0.00,-0.33,-4.98) wbirth=(-0.02,0.34,0.00) ref=(0.00,0.00) leader=(0.00,0.00) fallbacks=0
[mpc_node-4] [INFO] [1783591719.253281824] [px4_2.mpc_node_2]: [d2] solve: status=0 time=0.18ms cost=0.0 pos=(-0.00,-3.05,-4.99) local=(-0.38,-0.18,-5.27) wbirth=(0.38,-2.86,0.28) ref=(0.00,-3.00) leader=(0.00,0.00) fallbacks=0
[mpc_node-6] [INFO] [1783591719.308830729] [px4_4.mpc_node_4]: [d4] solve: status=0 time=0.19ms cost=0.0 pos=(-3.05,-0.03,-5.03) local=(0.11,-0.06,-5.72) wbirth=(-3.16,0.03,0.69) ref=(-3.00,0.00) leader=(0.00,0.00) fallbacks=0
[mpc_node-8] [INFO] [1783591720.151924678] [px4_6.mpc_node_6]: [d6] solve: status=0 time=0.26ms cost=0.0 pos=(-2.94,3.07,-5.01) local=(0.14,0.14,-5.34) wbirth=(-3.09,2.93,0.33) ref=(-3.00,3.00) leader=(0.00,0.00) fallbacks=0
[mpc_node-10] [INFO] [1783591720.160679960] [px4_8.mpc_node_8]: [d8] solve: status=0 time=0.22ms cost=0.0 pos=(-2.98,-2.88,-5.04) local=(0.20,0.02,-5.41) wbirth=(-3.18,-2.90,0.37) ref=(-3.00,-3.00) leader=(0.00,0.00) fallbacks=0
[mpc_node-7] [INFO] [1783591720.193169721] [px4_5.mpc_node_5]: [d5] solve: status=0 time=0.15ms cost=0.0 pos=(3.11,3.00,-4.98) local=(0.18,0.14,-5.75) wbirth=(2.93,2.86,0.77) ref=(3.00,3.00) leader=(0.00,0.00) fallbacks=0
[mpc_node-9] [INFO] [1783591720.196902140] [px4_7.mpc_node_7]: [d7] solve: status=0 time=0.15ms cost=0.0 pos=(2.98,-2.99,-5.03) local=(0.08,-0.05,-5.39) wbirth=(2.90,-2.93,0.36) ref=(3.00,-3.00) leader=(0.00,0.00) fallbacks=0
[mpc_node-5] [INFO] [1783591720.201226426] [px4_3.mpc_node_3]: [d3] solve: status=0 time=0.21ms cost=0.0 pos=(3.10,0.07,-5.02) local=(0.18,-0.01,-4.85) wbirth=(2.93,0.07,-0.17) ref=(3.00,0.00) leader=(0.00,0.00) fallbacks=0
[mpc_node-3] [INFO] [1783591720.229808042] [px4_1.mpc_node_1]: [d1] solve: status=0 time=0.15ms cost=0.0 pos=(0.06,2.92,-4.98) local=(0.01,0.05,-5.34) wbirth=(0.05,2.87,0.36) ref=(0.00,3.00) leader=(0.00,0.00) fallbacks=0
[mpc_node-2] [INFO] [1783591720.236873209] [px4_0.mpc_node_0]: [d0] solve: status=0 time=0.18ms cost=0.0 pos=(0.04,-0.02,-5.01) local=(0.06,-0.36,-5.01) wbirth=(-0.02,0.34,0.00) ref=(0.00,0.00) leader=(0.00,0.00) fallbacks=0
[mpc_node-4] [INFO] [1783591720.252669878] [px4_2.mpc_node_2]: [d2] solve: status=0 time=0.14ms cost=0.0 pos=(0.01,-2.98,-4.97) local=(-0.37,-0.11,-5.25) wbirth=(0.38,-2.86,0.28) ref=(0.00,-3.00) leader=(0.00,0.00) fallbacks=0
[mpc_node-6] [INFO] [1783591720.308597798] [px4_4.mpc_node_4]: [d4] solve: status=0 time=0.18ms cost=0.0 pos=(-3.03,-0.04,-4.97) local=(0.13,-0.07,-5.66) wbirth=(-3.16,0.03,0.69) ref=(-3.00,0.00) leader=(0.00,0.00) fallbacks=0
[mpc_node-8] [INFO] [1783591721.149952706] [px4_6.mpc_node_6]: [d6] solve: status=0 time=0.21ms cost=0.1 pos=(-2.89,3.13,-4.98) local=(0.20,0.20,-5.31) wbirth=(-3.09,2.93,0.33) ref=(-3.00,3.00) leader=(0.00,0.00) fallbacks=0
[mpc_node-10] [INFO] [1783591721.159597242] [px4_8.mpc_node_8]: [d8] solve: status=0 time=0.15ms cost=0.0 pos=(-2.99,-2.98,-4.98) local=(0.19,-0.08,-5.36) wbirth=(-3.18,-2.90,0.37) ref=(-3.00,-3.00) leader=(0.00,0.00) fallbacks=0
[mpc_node-7] [INFO] [1783591721.191997843] [px4_5.mpc_node_5]: [d5] solve: status=0 time=0.21ms cost=0.0 pos=(3.04,2.99,-5.00) local=(0.11,0.13,-5.78) wbirth=(2.93,2.86,0.77) ref=(3.00,3.00) leader=(0.00,0.00) fallbacks=0
[mpc_node-9] [INFO] [1783591721.197190544] [px4_7.mpc_node_7]: [d7] solve: status=0 time=0.17ms cost=0.0 pos=(3.06,-3.04,-4.94) local=(0.16,-0.11,-5.30) wbirth=(2.90,-2.93,0.36) ref=(3.00,-3.00) leader=(0.00,0.00) fallbacks=0
[mpc_node-5] [INFO] [1783591721.201894156] [px4_3.mpc_node_3]: [d3] solve: status=0 time=0.17ms cost=0.0 pos=(3.08,-0.01,-5.01) local=(0.15,-0.08,-4.84) wbirth=(2.93,0.07,-0.17) ref=(3.00,0.00) leader=(0.00,0.00) fallbacks=0
[mpc_node-3] [INFO] [1783591721.231623484] [px4_1.mpc_node_1]: [d1] solve: status=0 time=0.15ms cost=0.1 pos=(0.12,2.89,-5.04) local=(0.06,0.02,-5.40) wbirth=(0.05,2.87,0.36) ref=(0.00,3.00) leader=(0.00,0.00) fallbacks=0
[mpc_node-2] [INFO] [1783591721.236895034] [px4_0.mpc_node_0]: [d0] solve: status=0 time=0.16ms cost=0.0 pos=(0.08,0.00,-5.00) local=(0.10,-0.33,-5.00) wbirth=(-0.02,0.34,0.00) ref=(0.00,0.00) leader=(0.00,0.00) fallbacks=0
[mpc_node-4] [INFO] [1783591721.256440626] [px4_2.mpc_node_2]: [d2] solve: status=0 time=0.18ms cost=0.0 pos=(0.10,-2.92,-5.06) local=(-0.28,-0.06,-5.34) wbirth=(0.38,-2.86,0.28) ref=(0.00,-3.00) leader=(0.00,0.00) fallbacks=0
[mpc_node-6] [INFO] [1783591721.308590439] [px4_4.mpc_node_4]: [d4] solve: status=0 time=0.19ms cost=0.0 pos=(-3.00,-0.00,-4.96) local=(0.16,-0.03,-5.65) wbirth=(-3.16,0.03,0.69) ref=(-3.00,0.00) leader=(0.00,0.00) fallbacks=0
[mpc_node-8] [INFO] [1783591722.149107195] [px4_6.mpc_node_6]: [d6] solve: status=0 time=0.19ms cost=0.1 pos=(-2.88,3.14,-4.98) local=(0.21,0.20,-5.30) wbirth=(-3.09,2.93,0.33) ref=(-3.00,3.00) leader=(0.00,0.00) fallbacks=0
[mpc_node-10] [INFO] [1783591722.159391375] [px4_8.mpc_node_8]: [d8] solve: status=0 time=0.14ms cost=0.0 pos=(-2.97,-3.06,-4.94) local=(0.22,-0.16,-5.31) wbirth=(-3.18,-2.90,0.37) ref=(-3.00,-3.00) leader=(0.00,0.00) fallbacks=0
[mpc_node-7] [INFO] [1783591722.193178663] [px4_5.mpc_node_5]: [d5] solve: status=0 time=0.17ms cost=0.0 pos=(2.96,2.99,-5.08) local=(0.04,0.13,-5.85) wbirth=(2.93,2.86,0.77) ref=(3.00,3.00) leader=(0.00,0.00) fallbacks=0
[mpc_node-9] [INFO] [1783591722.197932330] [px4_7.mpc_node_7]: [d7] solve: status=0 time=0.18ms cost=0.0 pos=(3.02,-3.08,-4.97) local=(0.12,-0.15,-5.33) wbirth=(2.90,-2.93,0.36) ref=(3.00,-3.00) leader=(0.00,0.00) fallbacks=0
[mpc_node-5] [INFO] [1783591722.201247231] [px4_3.mpc_node_3]: [d3] solve: status=0 time=0.15ms cost=0.0 pos=(3.01,-0.02,-5.02) local=(0.08,-0.10,-4.85) wbirth=(2.93,0.07,-0.17) ref=(3.00,0.00) leader=(0.00,0.00) fallbacks=0
[mpc_node-3] [INFO] [1783591722.229845745] [px4_1.mpc_node_1]: [d1] solve: status=0 time=0.18ms cost=0.0 pos=(0.10,2.91,-4.95) local=(0.05,0.04,-5.31) wbirth=(0.05,2.87,0.36) ref=(0.00,3.00) leader=(0.00,0.00) fallbacks=0
[mpc_node-2] [INFO] [1783591722.237277998] [px4_0.mpc_node_0]: [d0] solve: status=0 time=0.20ms cost=0.0 pos=(0.08,0.01,-5.01) local=(0.10,-0.32,-5.01) wbirth=(-0.02,0.34,0.00) ref=(0.00,0.00) leader=(0.00,0.00) fallbacks=0
[mpc_node-4] [INFO] [1783591722.252897776] [px4_2.mpc_node_2]: [d2] solve: status=0 time=0.17ms cost=0.0 pos=(0.06,-2.88,-5.02) local=(-0.32,-0.01,-5.30) wbirth=(0.38,-2.86,0.28) ref=(0.00,-3.00) leader=(0.00,0.00) fallbacks=0
[mpc_node-6] [INFO] [1783591722.309705905] [px4_4.mpc_node_4]: [d4] solve: status=0 time=0.22ms cost=0.0 pos=(-3.02,0.11,-5.01) local=(0.14,0.08,-5.69) wbirth=(-3.16,0.03,0.69) ref=(-3.00,0.00) leader=(0.00,0.00) fallbacks=0
[mpc_node-8] [INFO] [1783591723.152450746] [px4_6.mpc_node_6]: [d6] solve: status=0 time=0.17ms cost=0.0 pos=(-2.91,3.03,-5.02) local=(0.18,0.10,-5.35) wbirth=(-3.09,2.93,0.33) ref=(-3.00,3.00) leader=(0.00,0.00) fallbacks=0
[mpc_node-10] [INFO] [1783591723.160375548] [px4_8.mpc_node_8]: [d8] solve: status=0 time=0.22ms cost=0.0 pos=(-2.99,-3.09,-4.94) local=(0.19,-0.19,-5.32) wbirth=(-3.18,-2.90,0.37) ref=(-3.00,-3.00) leader=(0.00,0.00) fallbacks=0
[mpc_node-7] [INFO] [1783591723.193027428] [px4_5.mpc_node_5]: [d5] solve: status=0 time=0.30ms cost=0.0 pos=(2.92,2.98,-5.03) local=(-0.01,0.12,-5.80) wbirth=(2.93,2.86,0.77) ref=(3.00,3.00) leader=(0.00,0.00) fallbacks=0
[mpc_node-9] [INFO] [1783591723.197725668] [px4_7.mpc_node_7]: [d7] solve: status=0 time=0.18ms cost=0.0 pos=(2.97,-3.13,-5.00) local=(0.07,-0.20,-5.36) wbirth=(2.90,-2.93,0.36) ref=(3.00,-3.00) leader=(0.00,0.00) fallbacks=0
[mpc_node-5] [INFO] [1783591723.199434666] [px4_3.mpc_node_3]: [d3] solve: status=0 time=0.15ms cost=0.0 pos=(3.04,0.02,-5.00) local=(0.11,-0.05,-4.84) wbirth=(2.93,0.07,-0.17) ref=(3.00,0.00) leader=(0.00,0.00) fallbacks=0
[mpc_node-3] [INFO] [1783591723.230277421] [px4_1.mpc_node_1]: [d1] solve: status=0 time=0.17ms cost=0.0 pos=(0.03,3.03,-5.00) local=(-0.02,0.16,-5.36) wbirth=(0.05,2.87,0.36) ref=(0.00,3.00) leader=(0.00,0.00) fallbacks=0
[mpc_node-2] [INFO] [1783591723.234986164] [px4_0.mpc_node_0]: [d0] solve: status=0 time=0.18ms cost=0.0 pos=(0.01,0.03,-5.00) local=(0.03,-0.30,-5.00) wbirth=(-0.02,0.34,0.00) ref=(0.00,0.00) leader=(0.00,0.00) fallbacks=0
[mpc_node-4] [INFO] [1783591723.252053327] [px4_2.mpc_node_2]: [d2] solve: status=0 time=0.15ms cost=0.0 pos=(0.01,-2.91,-4.99) local=(-0.37,-0.05,-5.27) wbirth=(0.38,-2.86,0.28) ref=(0.00,-3.00) leader=(0.00,0.00) fallbacks=0
[mpc_node-6] [INFO] [1783591723.309843395] [px4_4.mpc_node_4]: [d4] solve: status=0 time=0.18ms cost=0.0 pos=(-2.94,0.08,-4.98) local=(0.22,0.05,-5.67) wbirth=(-3.16,0.03,0.69) ref=(-3.00,0.00) leader=(0.00,0.00) fallbacks=0
[mpc_node-8] [INFO] [1783591724.149829229] [px4_6.mpc_node_6]: [d6] solve: status=0 time=0.24ms cost=0.0 pos=(-2.97,2.91,-5.04) local=(0.12,-0.02,-5.37) wbirth=(-3.09,2.93,0.33) ref=(-3.00,3.00) leader=(0.00,0.00) fallbacks=0
[mpc_node-10] [INFO] [1783591724.159789421] [px4_8.mpc_node_8]: [d8] solve: status=0 time=0.17ms cost=0.0 pos=(-3.08,-3.05,-5.05) local=(0.10,-0.15,-5.42) wbirth=(-3.18,-2.90,0.37) ref=(-3.00,-3.00) leader=(0.00,0.00) fallbacks=0
[mpc_node-7] [INFO] [1783591724.194370645] [px4_5.mpc_node_5]: [d5] solve: status=0 time=0.15ms cost=0.0 pos=(2.95,3.00,-5.05) local=(0.02,0.14,-5.83) wbirth=(2.93,2.86,0.77) ref=(3.00,3.00) leader=(0.00,0.00) fallbacks=0
[mpc_node-9] [INFO] [1783591724.197652013] [px4_7.mpc_node_7]: [d7] solve: status=0 time=0.18ms cost=0.0 pos=(2.98,-3.05,-4.95) local=(0.08,-0.12,-5.31) wbirth=(2.90,-2.93,0.36) ref=(3.00,-3.00) leader=(0.00,0.00) fallbacks=0
[mpc_node-5] [INFO] [1783591724.201695368] [px4_3.mpc_node_3]: [d3] solve: status=0 time=0.15ms cost=0.0 pos=(2.99,0.01,-5.00) local=(0.07,-0.06,-4.83) wbirth=(2.93,0.07,-0.17) ref=(3.00,0.00) leader=(0.00,0.00) fallbacks=0
[mpc_node-3] [INFO] [1783591724.231844847] [px4_1.mpc_node_1]: [d1] solve: status=0 time=0.16ms cost=0.0 pos=(0.03,3.05,-5.06) local=(-0.02,0.18,-5.42) wbirth=(0.05,2.87,0.36) ref=(0.00,3.00) leader=(0.00,0.00) fallbacks=0
[mpc_node-2] [INFO] [1783591724.235457119] [px4_0.mpc_node_0]: [d0] solve: status=0 time=0.19ms cost=0.1 pos=(-0.12,0.02,-4.90) local=(-0.10,-0.31,-4.90) wbirth=(-0.02,0.34,0.00) ref=(0.00,0.00) leader=(0.00,0.00) fallbacks=0
[mpc_node-4] [INFO] [1783591724.251932509] [px4_2.mpc_node_2]: [d2] solve: status=0 time=0.18ms cost=0.0 pos=(-0.03,-2.98,-4.97) local=(-0.41,-0.11,-5.26) wbirth=(0.38,-2.86,0.28) ref=(0.00,-3.00) leader=(0.00,0.00) fallbacks=0
[mpc_node-6] [INFO] [1783591724.308943071] [px4_4.mpc_node_4]: [d4] solve: status=0 time=0.19ms cost=0.0 pos=(-2.95,0.03,-5.00) local=(0.21,-0.00,-5.69) wbirth=(-3.16,0.03,0.69) ref=(-3.00,0.00) leader=(0.00,0.00) fallbacks=0
[mpc_node-8] [INFO] [1783591725.149097232] [px4_6.mpc_node_6]: [d6] solve: status=0 time=0.17ms cost=0.1 pos=(-3.16,2.91,-5.03) local=(-0.07,-0.02,-5.36) wbirth=(-3.09,2.93,0.33) ref=(-3.00,3.00) leader=(0.00,0.00) fallbacks=0
[mpc_node-10] [INFO] [1783591725.160172382] [px4_8.mpc_node_8]: [d8] solve: status=0 time=0.18ms cost=0.0 pos=(-3.05,-3.00,-5.03) local=(0.13,-0.09,-5.40) wbirth=(-3.18,-2.90,0.37) ref=(-3.00,-3.00) leader=(0.00,0.00) fallbacks=0
[mpc_node-7] [INFO] [1783591725.193581337] [px4_5.mpc_node_5]: [d5] solve: status=0 time=0.17ms cost=0.0 pos=(3.03,2.98,-5.00) local=(0.10,0.12,-5.77) wbirth=(2.93,2.86,0.77) ref=(3.00,3.00) leader=(0.00,0.00) fallbacks=0
[mpc_node-9] [INFO] [1783591725.197135950] [px4_7.mpc_node_7]: [d7] solve: status=0 time=0.16ms cost=0.0 pos=(3.02,-2.97,-5.00) local=(0.12,-0.03,-5.36) wbirth=(2.90,-2.93,0.36) ref=(3.00,-3.00) leader=(0.00,0.00) fallbacks=0
[mpc_node-5] [INFO] [1783591725.199585807] [px4_3.mpc_node_3]: [d3] solve: status=0 time=0.18ms cost=0.0 pos=(2.98,-0.07,-5.06) local=(0.06,-0.15,-4.90) wbirth=(2.93,0.07,-0.17) ref=(3.00,0.00) leader=(0.00,0.00) fallbacks=0
[mpc_node-3] [INFO] [1783591725.231873352] [px4_1.mpc_node_1]: [d1] solve: status=0 time=0.23ms cost=0.0 pos=(-0.08,3.08,-5.00) local=(-0.14,0.21,-5.36) wbirth=(0.05,2.87,0.36) ref=(0.00,3.00) leader=(0.00,0.00) fallbacks=0
[mpc_node-2] [INFO] [1783591725.236947713] [px4_0.mpc_node_0]: [d0] solve: status=0 time=0.19ms cost=0.1 pos=(-0.17,-0.01,-4.96) local=(-0.15,-0.35,-4.96) wbirth=(-0.02,0.34,0.00) ref=(0.00,0.00) leader=(0.00,0.00) fallbacks=0
[mpc_node-4] [INFO] [1783591725.253541512] [px4_2.mpc_node_2]: [d2] solve: status=0 time=0.18ms cost=0.0 pos=(-0.08,-3.05,-4.96) local=(-0.46,-0.19,-5.24) wbirth=(0.38,-2.86,0.28) ref=(0.00,-3.00) leader=(0.00,0.00) fallbacks=0
[mpc_node-6] [INFO] [1783591725.308821839] [px4_4.mpc_node_4]: [d4] solve: status=0 time=0.16ms cost=0.0 pos=(-2.99,0.03,-5.03) local=(0.17,0.00,-5.72) wbirth=(-3.16,0.03,0.69) ref=(-3.00,0.00) leader=(0.00,0.00) fallbacks=0
[mpc_node-8] [INFO] [1783591726.149720524] [px4_6.mpc_node_6]: [d6] solve: status=0 time=0.17ms cost=0.1 pos=(-3.18,2.98,-4.91) local=(-0.09,0.05,-5.23) wbirth=(-3.09,2.93,0.33) ref=(-3.00,3.00) leader=(0.00,0.00) fallbacks=0
[mpc_node-10] [INFO] [1783591726.159860776] [px4_8.mpc_node_8]: [d8] solve: status=0 time=0.17ms cost=0.0 pos=(-3.00,-3.02,-5.04) local=(0.18,-0.12,-5.42) wbirth=(-3.18,-2.90,0.37) ref=(-3.00,-3.00) leader=(0.00,0.00) fallbacks=0
[mpc_node-7] [INFO] [1783591726.193676353] [px4_5.mpc_node_5]: [d5] solve: status=0 time=0.15ms cost=0.0 pos=(3.05,2.94,-5.01) local=(0.12,0.08,-5.79) wbirth=(2.93,2.86,0.77) ref=(3.00,3.00) leader=(0.00,0.00) fallbacks=0
[mpc_node-9] [INFO] [1783591726.198957672] [px4_7.mpc_node_7]: [d7] solve: status=0 time=0.15ms cost=0.0 pos=(3.01,-2.97,-4.98) local=(0.11,-0.04,-5.34) wbirth=(2.90,-2.93,0.36) ref=(3.00,-3.00) leader=(0.00,0.00) fallbacks=0
[mpc_node-5] [INFO] [1783591726.200994761] [px4_3.mpc_node_3]: [d3] solve: status=0 time=0.14ms cost=0.0 pos=(2.91,-0.08,-4.97) local=(-0.02,-0.16,-4.80) wbirth=(2.93,0.07,-0.17) ref=(3.00,0.00) leader=(0.00,0.00) fallbacks=0
[mpc_node-3] [INFO] [1783591726.230481506] [px4_1.mpc_node_1]: [d1] solve: status=0 time=0.18ms cost=0.0 pos=(-0.13,3.03,-4.94) local=(-0.18,0.16,-5.30) wbirth=(0.05,2.87,0.36) ref=(0.00,3.00) leader=(0.00,0.00) fallbacks=0
[mpc_node-2] [INFO] [1783591726.236732262] [px4_0.mpc_node_0]: [d0] solve: status=0 time=0.15ms cost=0.0 pos=(-0.07,-0.04,-4.97) local=(-0.05,-0.38,-4.97) wbirth=(-0.02,0.34,0.00) ref=(0.00,0.00) leader=(0.00,0.00) fallbacks=0
[mpc_node-4] [INFO] [1783591726.254752722] [px4_2.mpc_node_2]: [d2] solve: status=0 time=0.22ms cost=0.0 pos=(-0.05,-3.09,-5.01) local=(-0.43,-0.23,-5.29) wbirth=(0.38,-2.86,0.28) ref=(0.00,-3.00) leader=(0.00,0.00) fallbacks=0
[mpc_node-6] [INFO] [1783591726.310057899] [px4_4.mpc_node_4]: [d4] solve: status=0 time=0.15ms cost=0.0 pos=(-3.03,0.01,-5.00) local=(0.13,-0.02,-5.68) wbirth=(-3.16,0.03,0.69) ref=(-3.00,0.00) leader=(0.00,0.00) fallbacks=0
[mpc_node-8] [INFO] [1783591727.149940805] [px4_6.mpc_node_6]: [d6] solve: status=0 time=0.21ms cost=0.0 pos=(-3.08,3.02,-4.95) local=(0.01,0.09,-5.28) wbirth=(-3.09,2.93,0.33) ref=(-3.00,3.00) leader=(0.00,0.00) fallbacks=0
[mpc_node-10] [INFO] [1783591727.161284608] [px4_8.mpc_node_8]: [d8] solve: status=0 time=0.18ms cost=0.0 pos=(-3.01,-3.02,-5.02) local=(0.18,-0.12,-5.39) wbirth=(-3.18,-2.90,0.37) ref=(-3.00,-3.00) leader=(0.00,0.00) fallbacks=0
[mpc_node-7] [INFO] [1783591727.194298938] [px4_5.mpc_node_5]: [d5] solve: status=0 time=0.18ms cost=0.0 pos=(3.00,2.94,-5.02) local=(0.07,0.07,-5.80) wbirth=(2.93,2.86,0.77) ref=(3.00,3.00) leader=(0.00,0.00) fallbacks=0
[mpc_node-9] [INFO] [1783591727.197453720] [px4_7.mpc_node_7]: [d7] solve: status=0 time=0.18ms cost=0.0 pos=(3.00,-2.97,-4.96) local=(0.10,-0.04,-5.31) wbirth=(2.90,-2.93,0.36) ref=(3.00,-3.00) leader=(0.00,0.00) fallbacks=0
[mpc_node-5] [INFO] [1783591727.200370614] [px4_3.mpc_node_3]: [d3] solve: status=0 time=0.18ms cost=0.0 pos=(2.94,0.01,-5.01) local=(0.01,-0.07,-4.85) wbirth=(2.93,0.07,-0.17) ref=(3.00,0.00) leader=(0.00,0.00) fallbacks=0
[mpc_node-3] [INFO] [1783591727.230516801] [px4_1.mpc_node_1]: [d1] solve: status=0 time=0.15ms cost=0.0 pos=(-0.08,2.92,-5.01) local=(-0.13,0.05,-5.37) wbirth=(0.05,2.87,0.36) ref=(0.00,3.00) leader=(0.00,0.00) fallbacks=0
[mpc_node-2] [INFO] [1783591727.236555046] [px4_0.mpc_node_0]: [d0] solve: status=0 time=0.22ms cost=0.0 pos=(0.04,-0.06,-5.01) local=(0.06,-0.40,-5.01) wbirth=(-0.02,0.34,0.00) ref=(0.00,0.00) leader=(0.00,0.00) fallbacks=0
[mpc_node-4] [INFO] [1783591727.255699591] [px4_2.mpc_node_2]: [d2] solve: status=0 time=0.15ms cost=0.0 pos=(-0.02,-3.12,-4.95) local=(-0.40,-0.25,-5.23) wbirth=(0.38,-2.86,0.28) ref=(0.00,-3.00) leader=(0.00,0.00) fallbacks=0
[mpc_node-6] [INFO] [1783591727.308637975] [px4_4.mpc_node_4]: [d4] solve: status=0 time=0.16ms cost=0.0 pos=(-3.05,0.03,-5.00) local=(0.11,-0.00,-5.69) wbirth=(-3.16,0.03,0.69) ref=(-3.00,0.00) leader=(0.00,0.00) fallbacks=0
[mpc_node-8] [INFO] [1783591728.150187964] [px4_6.mpc_node_6]: [d6] solve: status=0 time=0.18ms cost=0.0 pos=(-2.95,3.00,-5.03) local=(0.14,0.07,-5.36) wbirth=(-3.09,2.93,0.33) ref=(-3.00,3.00) leader=(0.00,0.00) fallbacks=0
[mpc_node-10] [INFO] [1783591728.160152035] [px4_8.mpc_node_8]: [d8] solve: status=0 time=0.18ms cost=0.0 pos=(-2.97,-3.01,-4.98) local=(0.21,-0.11,-5.36) wbirth=(-3.18,-2.90,0.37) ref=(-3.00,-3.00) leader=(0.00,0.00) fallbacks=0
[mpc_node-7] [INFO] [1783591728.193692245] [px4_5.mpc_node_5]: [d5] solve: status=0 time=0.18ms cost=0.0 pos=(2.92,2.99,-5.02) local=(-0.01,0.13,-5.79) wbirth=(2.93,2.86,0.77) ref=(3.00,3.00) leader=(0.00,0.00) fallbacks=0
[mpc_node-9] [INFO] [1783591728.197397492] [px4_7.mpc_node_7]: [d7] solve: status=0 time=0.21ms cost=0.0 pos=(3.11,-2.96,-5.01) local=(0.21,-0.03,-5.36) wbirth=(2.90,-2.93,0.36) ref=(3.00,-3.00) leader=(0.00,0.00) fallbacks=0
[mpc_node-5] [INFO] [1783591728.200646808] [px4_3.mpc_node_3]: [d3] solve: status=0 time=0.17ms cost=0.0 pos=(2.92,0.03,-5.06) local=(-0.01,-0.04,-4.89) wbirth=(2.93,0.07,-0.17) ref=(3.00,0.00) leader=(0.00,0.00) fallbacks=0
[mpc_node-3] [INFO] [1783591728.233255686] [px4_1.mpc_node_1]: [d1] solve: status=0 time=0.15ms cost=0.0 pos=(-0.10,2.93,-4.98) local=(-0.15,0.06,-5.34) wbirth=(0.05,2.87,0.36) ref=(0.00,3.00) leader=(0.00,0.00) fallbacks=0
[mpc_node-2] [INFO] [1783591728.237722802] [px4_0.mpc_node_0]: [d0] solve: status=0 time=0.16ms cost=0.1 pos=(0.16,-0.05,-4.98) local=(0.18,-0.39,-4.98) wbirth=(-0.02,0.34,0.00) ref=(0.00,0.00) leader=(0.00,0.00) fallbacks=0
[mpc_node-4] [INFO] [1783591728.254838251] [px4_2.mpc_node_2]: [d2] solve: status=0 time=0.19ms cost=0.0 pos=(0.03,-3.05,-4.96) local=(-0.35,-0.19,-5.24) wbirth=(0.38,-2.86,0.28) ref=(0.00,-3.00) leader=(0.00,0.00) fallbacks=0
[mpc_node-6] [INFO] [1783591728.310749750] [px4_4.mpc_node_4]: [d4] solve: status=0 time=0.14ms cost=0.0 pos=(-3.05,0.01,-4.96) local=(0.11,-0.02,-5.65) wbirth=(-3.16,0.03,0.69) ref=(-3.00,0.00) leader=(0.00,0.00) fallbacks=0
[mpc_node-8] [INFO] [1783591729.149848687] [px4_6.mpc_node_6]: [d6] solve: status=0 time=0.16ms cost=0.0 pos=(-2.96,3.00,-5.02) local=(0.13,0.06,-5.34) wbirth=(-3.09,2.93,0.33) ref=(-3.00,3.00) leader=(0.00,0.00) fallbacks=0
[mpc_node-10] [INFO] [1783591729.159898957] [px4_8.mpc_node_8]: [d8] solve: status=0 time=0.20ms cost=0.0 pos=(-2.94,-2.97,-5.01) local=(0.24,-0.07,-5.38) wbirth=(-3.18,-2.90,0.37) ref=(-3.00,-3.00) leader=(0.00,0.00) fallbacks=0
[mpc_node-7] [INFO] [1783591729.195056564] [px4_5.mpc_node_5]: [d5] solve: status=0 time=0.22ms cost=0.0 pos=(2.95,3.06,-5.02) local=(0.02,0.20,-5.79) wbirth=(2.93,2.86,0.77) ref=(3.00,3.00) leader=(0.00,0.00) fallbacks=0
[mpc_node-9] [INFO] [1783591729.198109274] [px4_7.mpc_node_7]: [d7] solve: status=0 time=0.18ms cost=0.0 pos=(3.01,-2.92,-5.01) local=(0.11,0.01,-5.37) wbirth=(2.90,-2.93,0.36) ref=(3.00,-3.00) leader=(0.00,0.00) fallbacks=0
[mpc_node-5] [INFO] [1783591729.199985282] [px4_3.mpc_node_3]: [d3] solve: status=0 time=0.17ms cost=0.0 pos=(3.05,-0.00,-5.00) local=(0.12,-0.08,-4.84) wbirth=(2.93,0.07,-0.17) ref=(3.00,0.00) leader=(0.00,0.00) fallbacks=0
[mpc_node-3] [INFO] [1783591729.231406790] [px4_1.mpc_node_1]: [d1] solve: status=0 time=0.20ms cost=0.0 pos=(-0.01,3.00,-4.99) local=(-0.07,0.13,-5.35) wbirth=(0.05,2.87,0.36) ref=(0.00,3.00) leader=(0.00,0.00) fallbacks=0
[mpc_node-2] [INFO] [1783591729.235473482] [px4_0.mpc_node_0]: [d0] solve: status=0 time=0.19ms cost=0.0 pos=(0.11,0.01,-5.00) local=(0.13,-0.33,-5.00) wbirth=(-0.02,0.34,0.00) ref=(0.00,0.00) leader=(0.00,0.00) fallbacks=0
[mpc_node-4] [INFO] [1783591729.253633204] [px4_2.mpc_node_2]: [d2] solve: status=0 time=0.15ms cost=0.0 pos=(0.07,-2.95,-5.06) local=(-0.31,-0.09,-5.34) wbirth=(0.38,-2.86,0.28) ref=(0.00,-3.00) leader=(0.00,0.00) fallbacks=0
[mpc_node-6] [INFO] [1783591729.308558503] [px4_4.mpc_node_4]: [d4] solve: status=0 time=0.19ms cost=0.0 pos=(-3.06,-0.06,-4.98) local=(0.10,-0.09,-5.66) wbirth=(-3.16,0.03,0.69) ref=(-3.00,0.00) leader=(0.00,0.00) fallbacks=0
[mpc_node-8] [INFO] [1783591730.150279789] [px4_6.mpc_node_6]: [d6] solve: status=0 time=0.17ms cost=0.0 pos=(-2.93,2.94,-4.98) local=(0.16,0.00,-5.31) wbirth=(-3.09,2.93,0.33) ref=(-3.00,3.00) leader=(0.00,0.00) fallbacks=0
[mpc_node-10] [INFO] [1783591730.159744745] [px4_8.mpc_node_8]: [d8] solve: status=0 time=0.18ms cost=0.0 pos=(-2.93,-2.99,-4.97) local=(0.25,-0.09,-5.34) wbirth=(-3.18,-2.90,0.37) ref=(-3.00,-3.00) leader=(0.00,0.00) fallbacks=0
[mpc_node-7] [INFO] [1783591730.195119866] [px4_5.mpc_node_5]: [d5] solve: status=0 time=0.15ms cost=0.0 pos=(3.02,3.08,-5.03) local=(0.10,0.21,-5.80) wbirth=(2.93,2.86,0.77) ref=(3.00,3.00) leader=(0.00,0.00) fallbacks=0
[mpc_node-9] [INFO] [1783591730.198085876] [px4_7.mpc_node_7]: [d7] solve: status=0 time=0.20ms cost=0.0 pos=(2.95,-2.99,-5.01) local=(0.05,-0.05,-5.36) wbirth=(2.90,-2.93,0.36) ref=(3.00,-3.00) leader=(0.00,0.00) fallbacks=0
[mpc_node-5] [INFO] [1783591730.200161071] [px4_3.mpc_node_3]: [d3] solve: status=0 time=0.18ms cost=0.0 pos=(3.13,0.04,-5.00) local=(0.21,-0.04,-4.83) wbirth=(2.93,0.07,-0.17) ref=(3.00,0.00) leader=(0.00,0.00) fallbacks=0
[mpc_node-3] [INFO] [1783591730.231435194] [px4_1.mpc_node_1]: [d1] solve: status=0 time=0.33ms cost=0.1 pos=(0.13,3.11,-4.98) local=(0.07,0.24,-5.34) wbirth=(0.05,2.87,0.36) ref=(0.00,3.00) leader=(0.00,0.00) fallbacks=0
[mpc_node-2] [INFO] [1783591730.236126332] [px4_0.mpc_node_0]: [d0] solve: status=0 time=0.18ms cost=0.0 pos=(0.04,0.01,-5.00) local=(0.06,-0.33,-5.00) wbirth=(-0.02,0.34,0.00) ref=(0.00,0.00) leader=(0.00,0.00) fallbacks=0
[mpc_node-4] [INFO] [1783591730.251918039] [px4_2.mpc_node_2]: [d2] solve: status=0 time=0.15ms cost=0.0 pos=(0.06,-2.90,-5.03) local=(-0.32,-0.04,-5.31) wbirth=(0.38,-2.86,0.28) ref=(0.00,-3.00) leader=(0.00,0.00) fallbacks=0
[mpc_node-6] [INFO] [1783591730.308549343] [px4_4.mpc_node_4]: [d4] solve: status=0 time=0.16ms cost=0.0 pos=(-3.02,-0.10,-5.04) local=(0.14,-0.12,-5.73) wbirth=(-3.16,0.03,0.69) ref=(-3.00,0.00) leader=(0.00,0.00) fallbacks=0
[mpc_node-8] [INFO] [1783591731.149053988] [px4_6.mpc_node_6]: [d6] solve: status=0 time=0.18ms cost=0.0 pos=(-2.91,2.93,-4.98) local=(0.18,-0.00,-5.31) wbirth=(-3.09,2.93,0.33) ref=(-3.00,3.00) leader=(0.00,0.00) fallbacks=0
[mpc_node-10] [INFO] [1783591731.160452657] [px4_8.mpc_node_8]: [d8] solve: status=0 time=0.21ms cost=0.0 pos=(-2.99,-3.01,-4.98) local=(0.19,-0.11,-5.35) wbirth=(-3.18,-2.90,0.37) ref=(-3.00,-3.00) leader=(0.00,0.00) fallbacks=0
[mpc_node-7] [INFO] [1783591731.193514158] [px4_5.mpc_node_5]: [d5] solve: status=0 time=0.17ms cost=0.0 pos=(2.98,3.03,-4.99) local=(0.05,0.17,-5.76) wbirth=(2.93,2.86,0.77) ref=(3.00,3.00) leader=(0.00,0.00) fallbacks=0
[mpc_node-9] [INFO] [1783591731.197140700] [px4_7.mpc_node_7]: [d7] solve: status=0 time=0.19ms cost=0.0 pos=(2.94,-3.03,-4.95) local=(0.04,-0.10,-5.31) wbirth=(2.90,-2.93,0.36) ref=(3.00,-3.00) leader=(0.00,0.00) fallbacks=0
[mpc_node-5] [INFO] [1783591731.200932008] [px4_3.mpc_node_3]: [d3] solve: status=0 time=0.20ms cost=0.0 pos=(3.08,0.05,-5.00) local=(0.15,-0.02,-4.84) wbirth=(2.93,0.07,-0.17) ref=(3.00,0.00) leader=(0.00,0.00) fallbacks=0
[mpc_node-3] [INFO] [1783591731.231111318] [px4_1.mpc_node_1]: [d1] solve: status=0 time=0.17ms cost=0.1 pos=(0.13,3.08,-4.94) local=(0.08,0.21,-5.31) wbirth=(0.05,2.87,0.36) ref=(0.00,3.00) leader=(0.00,0.00) fallbacks=0
[mpc_node-2] [INFO] [1783591731.236397430] [px4_0.mpc_node_0]: [d0] solve: status=0 time=0.41ms cost=0.0 pos=(-0.04,-0.01,-5.02) local=(-0.02,-0.35,-5.02) wbirth=(-0.02,0.34,0.00) ref=(0.00,0.00) leader=(0.00,0.00) fallbacks=0
[mpc_node-4] [INFO] [1783591731.253897920] [px4_2.mpc_node_2]: [d2] solve: status=0 time=0.18ms cost=0.0 pos=(0.07,-2.90,-4.95) local=(-0.31,-0.04,-5.23) wbirth=(0.38,-2.86,0.28) ref=(0.00,-3.00) leader=(0.00,0.00) fallbacks=0
[mpc_node-6] [INFO] [1783591731.309238718] [px4_4.mpc_node_4]: [d4] solve: status=0 time=0.18ms cost=0.0 pos=(-3.03,-0.12,-4.97) local=(0.13,-0.15,-5.66) wbirth=(-3.16,0.03,0.69) ref=(-3.00,0.00) leader=(0.00,0.00) fallbacks=0
[mpc_node-8] [INFO] [1783591732.149453211] [px4_6.mpc_node_6]: [d6] solve: status=0 time=0.17ms cost=0.0 pos=(-2.98,3.02,-5.03) local=(0.11,0.09,-5.36) wbirth=(-3.09,2.93,0.33) ref=(-3.00,3.00) leader=(0.00,0.00) fallbacks=0
[mpc_node-10] [INFO] [1783591732.159753529] [px4_8.mpc_node_8]: [d8] solve: status=0 time=0.15ms cost=0.0 pos=(-2.99,-2.97,-5.02) local=(0.19,-0.06,-5.39) wbirth=(-3.18,-2.90,0.37) ref=(-3.00,-3.00) leader=(0.00,0.00) fallbacks=0
[mpc_node-7] [INFO] [1783591732.192703049] [px4_5.mpc_node_5]: [d5] solve: status=0 time=0.17ms cost=0.0 pos=(3.11,2.98,-4.98) local=(0.18,0.12,-5.75) wbirth=(2.93,2.86,0.77) ref=(3.00,3.00) leader=(0.00,0.00) fallbacks=0
[mpc_node-9] [INFO] [1783591732.198973126] [px4_7.mpc_node_7]: [d7] solve: status=0 time=0.23ms cost=0.0 pos=(2.97,-3.04,-5.03) local=(0.07,-0.11,-5.39) wbirth=(2.90,-2.93,0.36) ref=(3.00,-3.00) leader=(0.00,0.00) fallbacks=0
[mpc_node-5] [INFO] [1783591732.200021292] [px4_3.mpc_node_3]: [d3] solve: status=0 time=0.16ms cost=0.0 pos=(3.05,0.05,-5.05) local=(0.13,-0.03,-4.88) wbirth=(2.93,0.07,-0.17) ref=(3.00,0.00) leader=(0.00,0.00) fallbacks=0
[mpc_node-3] [INFO] [1783591732.232742863] [px4_1.mpc_node_1]: [d1] solve: status=0 time=0.14ms cost=0.0 pos=(0.03,3.00,-5.02) local=(-0.03,0.13,-5.38) wbirth=(0.05,2.87,0.36) ref=(0.00,3.00) leader=(0.00,0.00) fallbacks=0
[mpc_node-2] [INFO] [1783591732.236020110] [px4_0.mpc_node_0]: [d0] solve: status=0 time=0.16ms cost=0.0 pos=(-0.09,0.03,-4.97) local=(-0.07,-0.30,-4.97) wbirth=(-0.02,0.34,0.00) ref=(0.00,0.00) leader=(0.00,0.00) fallbacks=0
[mpc_node-4] [INFO] [1783591732.254036322] [px4_2.mpc_node_2]: [d2] solve: status=0 time=0.17ms cost=0.0 pos=(-0.02,-2.92,-5.06) local=(-0.40,-0.05,-5.34) wbirth=(0.38,-2.86,0.28) ref=(0.00,-3.00) leader=(0.00,0.00) fallbacks=0
[mpc_node-6] [INFO] [1783591732.308674841] [px4_4.mpc_node_4]: [d4] solve: status=0 time=0.15ms cost=0.0 pos=(-2.97,-0.04,-4.97) local=(0.19,-0.07,-5.66) wbirth=(-3.16,0.03,0.69) ref=(-3.00,0.00) leader=(0.00,0.00) fallbacks=0
[mpc_node-8] [INFO] [1783591733.149259872] [px4_6.mpc_node_6]: [d6] solve: status=0 time=0.18ms cost=0.0 pos=(-3.07,3.08,-4.99) local=(0.02,0.14,-5.32) wbirth=(-3.09,2.93,0.33) ref=(-3.00,3.00) leader=(0.00,0.00) fallbacks=0
[mpc_node-10] [INFO] [1783591733.160626729] [px4_8.mpc_node_8]: [d8] solve: status=0 time=0.18ms cost=0.0 pos=(-3.10,-2.93,-5.06) local=(0.09,-0.02,-5.43) wbirth=(-3.18,-2.90,0.37) ref=(-3.00,-3.00) leader=(0.00,0.00) fallbacks=0
[mpc_node-7] [INFO] [1783591733.193486443] [px4_5.mpc_node_5]: [d5] solve: status=0 time=0.18ms cost=0.0 pos=(3.14,2.97,-5.02) local=(0.21,0.10,-5.79) wbirth=(2.93,2.86,0.77) ref=(3.00,3.00) leader=(0.00,0.00) fallbacks=0
[mpc_node-9] [INFO] [1783591733.196952555] [px4_7.mpc_node_7]: [d7] solve: status=0 time=0.17ms cost=0.0 pos=(2.99,-3.05,-5.00) local=(0.09,-0.12,-5.36) wbirth=(2.90,-2.93,0.36) ref=(3.00,-3.00) leader=(0.00,0.00) fallbacks=0
[mpc_node-5] [INFO] [1783591733.200013979] [px4_3.mpc_node_3]: [d3] solve: status=0 time=0.19ms cost=0.0 pos=(3.02,0.03,-4.97) local=(0.09,-0.04,-4.81) wbirth=(2.93,0.07,-0.17) ref=(3.00,0.00) leader=(0.00,0.00) fallbacks=0
[mpc_node-3] [INFO] [1783591733.230815367] [px4_1.mpc_node_1]: [d1] solve: status=0 time=0.17ms cost=0.0 pos=(-0.01,2.94,-5.05) local=(-0.06,0.07,-5.41) wbirth=(0.05,2.87,0.36) ref=(0.00,3.00) leader=(0.00,0.00) fallbacks=0
[mpc_node-2] [INFO] [1783591733.236001295] [px4_0.mpc_node_0]: [d0] solve: status=0 time=0.18ms cost=0.0 pos=(-0.12,0.03,-5.04) local=(-0.10,-0.31,-5.04) wbirth=(-0.02,0.34,0.00) ref=(0.00,0.00) leader=(0.00,0.00) fallbacks=0
[mpc_node-4] [INFO] [1783591733.253719004] [px4_2.mpc_node_2]: [d2] solve: status=0 time=0.15ms cost=0.0 pos=(-0.08,-2.94,-5.00) local=(-0.46,-0.08,-5.28) wbirth=(0.38,-2.86,0.28) ref=(0.00,-3.00) leader=(0.00,0.00) fallbacks=0
[mpc_node-6] [INFO] [1783591733.309030723] [px4_4.mpc_node_4]: [d4] solve: status=0 time=0.19ms cost=0.0 pos=(-2.94,0.05,-4.98) local=(0.22,0.02,-5.67) wbirth=(-3.16,0.03,0.69) ref=(-3.00,0.00) leader=(0.00,0.00) fallbacks=0
[mpc_node-8] [INFO] [1783591734.149793824] [px4_6.mpc_node_6]: [d6] solve: status=0 time=0.17ms cost=0.0 pos=(-3.02,3.09,-5.05) local=(0.07,0.16,-5.37) wbirth=(-3.09,2.93,0.33) ref=(-3.00,3.00) leader=(0.00,0.00) fallbacks=0
[mpc_node-10] [INFO] [1783591734.160869869] [px4_8.mpc_node_8]: [d8] solve: status=0 time=0.23ms cost=0.0 pos=(-3.07,-2.91,-4.97) local=(0.11,-0.00,-5.35) wbirth=(-3.18,-2.90,0.37) ref=(-3.00,-3.00) leader=(0.00,0.00) fallbacks=0
[mpc_node-7] [INFO] [1783591734.193406230] [px4_5.mpc_node_5]: [d5] solve: status=0 time=0.22ms cost=0.0 pos=(3.05,2.96,-4.97) local=(0.12,0.10,-5.74) wbirth=(2.93,2.86,0.77) ref=(3.00,3.00) leader=(0.00,0.00) fallbacks=0
[mpc_node-9] [INFO] [1783591734.197218541] [px4_7.mpc_node_7]: [d7] solve: status=0 time=0.18ms cost=0.0 pos=(3.07,-3.06,-4.99) local=(0.17,-0.13,-5.34) wbirth=(2.90,-2.93,0.36) ref=(3.00,-3.00) leader=(0.00,0.00) fallbacks=0
[mpc_node-5] [INFO] [1783591734.201473038] [px4_3.mpc_node_3]: [d3] solve: status=0 time=0.17ms cost=0.0 pos=(3.01,-0.04,-4.96) local=(0.09,-0.11,-4.80) wbirth=(2.93,0.07,-0.17) ref=(3.00,0.00) leader=(0.00,0.00) fallbacks=0
[mpc_node-3] [INFO] [1783591734.231966006] [px4_1.mpc_node_1]: [d1] solve: status=0 time=0.18ms cost=0.0 pos=(-0.04,2.94,-5.03) local=(-0.09,0.07,-5.39) wbirth=(0.05,2.87,0.36) ref=(0.00,3.00) leader=(0.00,0.00) fallbacks=0
[mpc_node-2] [INFO] [1783591734.236373503] [px4_0.mpc_node_0]: [d0] solve: status=0 time=0.15ms cost=0.0 pos=(-0.05,0.00,-5.02) local=(-0.03,-0.33,-5.02) wbirth=(-0.02,0.34,0.00) ref=(0.00,0.00) leader=(0.00,0.00) fallbacks=0
[mpc_node-4] [INFO] [1783591734.253413751] [px4_2.mpc_node_2]: [d2] solve: status=0 time=0.15ms cost=0.0 pos=(-0.10,-3.00,-5.02) local=(-0.48,-0.14,-5.30) wbirth=(0.38,-2.86,0.28) ref=(0.00,-3.00) leader=(0.00,0.00) fallbacks=0
[mpc_node-6] [INFO] [1783591734.309092109] [px4_4.mpc_node_4]: [d4] solve: status=0 time=0.16ms cost=0.0 pos=(-2.90,0.12,-4.98) local=(0.26,0.09,-5.67) wbirth=(-3.16,0.03,0.69) ref=(-3.00,0.00) leader=(0.00,0.00) fallbacks=0
[mpc_node-8] [INFO] [1783591735.152032084] [px4_6.mpc_node_6]: [d6] solve: status=0 time=0.21ms cost=0.0 pos=(-2.98,3.06,-4.99) local=(0.11,0.13,-5.31) wbirth=(-3.09,2.93,0.33) ref=(-3.00,3.00) leader=(0.00,0.00) fallbacks=0
[mpc_node-10] [INFO] [1783591735.160654609] [px4_8.mpc_node_8]: [d8] solve: status=0 time=0.17ms cost=0.0 pos=(-2.96,-2.98,-4.99) local=(0.22,-0.08,-5.36) wbirth=(-3.18,-2.90,0.37) ref=(-3.00,-3.00) leader=(0.00,0.00) fallbacks=0
[mpc_node-7] [INFO] [1783591735.194463060] [px4_5.mpc_node_5]: [d5] solve: status=0 time=0.17ms cost=0.0 pos=(2.99,3.03,-5.00) local=(0.06,0.17,-5.77) wbirth=(2.93,2.86,0.77) ref=(3.00,3.00) leader=(0.00,0.00) fallbacks=0
[mpc_node-9] [INFO] [1783591735.197314598] [px4_7.mpc_node_7]: [d7] solve: status=0 time=0.15ms cost=0.0 pos=(3.08,-2.99,-4.98) local=(0.18,-0.05,-5.34) wbirth=(2.90,-2.93,0.36) ref=(3.00,-3.00) leader=(0.00,0.00) fallbacks=0
[mpc_node-5] [INFO] [1783591735.200085654] [px4_3.mpc_node_3]: [d3] solve: status=0 time=0.15ms cost=0.0 pos=(2.98,-0.10,-4.98) local=(0.05,-0.17,-4.82) wbirth=(2.93,0.07,-0.17) ref=(3.00,0.00) leader=(0.00,0.00) fallbacks=0
[mpc_node-3] [INFO] [1783591735.230230021] [px4_1.mpc_node_1]: [d1] solve: status=0 time=0.21ms cost=0.0 pos=(-0.07,2.96,-4.95) local=(-0.12,0.09,-5.31) wbirth=(0.05,2.87,0.36) ref=(0.00,3.00) leader=(0.00,0.00) fallbacks=0
[mpc_node-2] [INFO] [1783591735.235223549] [px4_0.mpc_node_0]: [d0] solve: status=0 time=0.17ms cost=0.0 pos=(0.01,0.02,-4.99) local=(0.03,-0.32,-4.99) wbirth=(-0.02,0.34,0.00) ref=(0.00,0.00) leader=(0.00,0.00) fallbacks=0
[mpc_node-4] [INFO] [1783591735.251998059] [px4_2.mpc_node_2]: [d2] solve: status=0 time=0.14ms cost=0.0 pos=(-0.09,-3.08,-4.95) local=(-0.47,-0.21,-5.23) wbirth=(0.38,-2.86,0.28) ref=(0.00,-3.00) leader=(0.00,0.00) fallbacks=0
[mpc_node-6] [INFO] [1783591735.309792192] [px4_4.mpc_node_4]: [d4] solve: status=0 time=0.19ms cost=0.0 pos=(-2.89,0.09,-4.99) local=(0.27,0.06,-5.67) wbirth=(-3.16,0.03,0.69) ref=(-3.00,0.00) leader=(0.00,0.00) fallbacks=0
