[INFO] [launch]: All log files can be found below /home/shirui/.ros/log/2026-07-09-17-34-09-204658-idt-86346
[INFO] [launch]: Default logging verbosity is set to INFO
[INFO] [leader_node-1]: process started with pid [86350]
[INFO] [mpc_node-2]: process started with pid [86352]
[INFO] [mpc_node-3]: process started with pid [86354]
[INFO] [mpc_node-4]: process started with pid [86356]
[INFO] [mpc_node-5]: process started with pid [86358]
[INFO] [mpc_node-6]: process started with pid [86360]
[mpc_node-5] [INFO] [1783589649.421461263] [px4_3.mpc_node_3]: building acados OCP for drone 3 (N=30, dt=0.05, neighbours=[0], d_star=[3.0])...
[leader_node-1] [INFO] [1783589649.421625112] [leader_node]: Leader ready: mode=hover, yaw_mode=fixed, alt=-5.0m (NED), speed=0.5m/s, radius=10.0m
[mpc_node-4] [INFO] [1783589649.424542057] [px4_2.mpc_node_2]: building acados OCP for drone 2 (N=30, dt=0.05, neighbours=[0], d_star=[3.0])...
[mpc_node-3] [INFO] [1783589649.425271133] [px4_1.mpc_node_1]: building acados OCP for drone 1 (N=30, dt=0.05, neighbours=[0], d_star=[3.0])...
[mpc_node-6] [INFO] [1783589649.434267056] [px4_4.mpc_node_4]: building acados OCP for drone 4 (N=30, dt=0.05, neighbours=[0], d_star=[3.0])...
[mpc_node-5] /usr/lib/python3/dist-packages/scipy/__init__.py:146: UserWarning: A NumPy version >=1.17.3 and <1.25.0 is required for this version of SciPy (detected version 1.26.4
[mpc_node-5]   warnings.warn(f"A NumPy version >={np_minversion} and <{np_maxversion}"
[mpc_node-4] /usr/lib/python3/dist-packages/scipy/__init__.py:146: UserWarning: A NumPy version >=1.17.3 and <1.25.0 is required for this version of SciPy (detected version 1.26.4
[mpc_node-4]   warnings.warn(f"A NumPy version >={np_minversion} and <{np_maxversion}"
[mpc_node-3] /usr/lib/python3/dist-packages/scipy/__init__.py:146: UserWarning: A NumPy version >=1.17.3 and <1.25.0 is required for this version of SciPy (detected version 1.26.4
[mpc_node-3]   warnings.warn(f"A NumPy version >={np_minversion} and <{np_maxversion}"
[mpc_node-6] /usr/lib/python3/dist-packages/scipy/__init__.py:146: UserWarning: A NumPy version >=1.17.3 and <1.25.0 is required for this version of SciPy (detected version 1.26.4
[mpc_node-6]   warnings.warn(f"A NumPy version >={np_minversion} and <{np_maxversion}"
[mpc_node-2] [INFO] [1783589649.467178990] [px4_0.mpc_node_0]: building acados OCP for drone 0 (N=30, dt=0.05, neighbours=[1, 2, 3, 4], d_star=[3.0, 3.0, 3.0, 3.0])...
[mpc_node-2] /usr/lib/python3/dist-packages/scipy/__init__.py:146: UserWarning: A NumPy version >=1.17.3 and <1.25.0 is required for this version of SciPy (detected version 1.26.4
[mpc_node-2]   warnings.warn(f"A NumPy version >={np_minversion} and <{np_maxversion}"
[mpc_node-5] rm -f libacados_ocp_solver_di_mpc_i3_m1.so
[mpc_node-5] rm -f di_mpc_i3_m1_cost/di_mpc_i3_m1_cost_y_0_fun.o di_mpc_i3_m1_cost/di_mpc_i3_m1_cost_y_0_fun_jac_ut_xt.o di_mpc_i3_m1_cost/di_mpc_i3_m1_cost_y_0_hess.o di_mpc_i3_m1_cost/di_mpc_i3_m1_cost_y_fun.o di_mpc_i3_m1_cost/di_mpc_i3_m1_cost_y_fun_jac_ut_xt.o di_mpc_i3_m1_cost/di_mpc_i3_m1_cost_y_hess.o di_mpc_i3_m1_cost/di_mpc_i3_m1_cost_y_e_fun.o di_mpc_i3_m1_cost/di_mpc_i3_m1_cost_y_e_fun_jac_ut_xt.o di_mpc_i3_m1_cost/di_mpc_i3_m1_cost_y_e_hess.o acados_solver_di_mpc_i3_m1.o
[mpc_node-3] rm -f libacados_ocp_solver_di_mpc_i1_m1.so
[mpc_node-3] rm -f di_mpc_i1_m1_cost/di_mpc_i1_m1_cost_y_0_fun.o di_mpc_i1_m1_cost/di_mpc_i1_m1_cost_y_0_fun_jac_ut_xt.o di_mpc_i1_m1_cost/di_mpc_i1_m1_cost_y_0_hess.o di_mpc_i1_m1_cost/di_mpc_i1_m1_cost_y_fun.o di_mpc_i1_m1_cost/di_mpc_i1_m1_cost_y_fun_jac_ut_xt.o di_mpc_i1_m1_cost/di_mpc_i1_m1_cost_y_hess.o di_mpc_i1_m1_cost/di_mpc_i1_m1_cost_y_e_fun.o di_mpc_i1_m1_cost/di_mpc_i1_m1_cost_y_e_fun_jac_ut_xt.o di_mpc_i1_m1_cost/di_mpc_i1_m1_cost_y_e_hess.o acados_solver_di_mpc_i1_m1.o
[mpc_node-4] rm -f libacados_ocp_solver_di_mpc_i2_m1.so
[mpc_node-5] cc -fPIC -std=c99   -O2 -I/home/shirui/acados/include -I/home/shirui/acados/include/acados -I/home/shirui/acados/include/blasfeo/include -I/home/shirui/acados/include/hpipm/include  -c -o di_mpc_i3_m1_cost/di_mpc_i3_m1_cost_y_0_fun.o di_mpc_i3_m1_cost/di_mpc_i3_m1_cost_y_0_fun.c
[mpc_node-4] rm -f di_mpc_i2_m1_cost/di_mpc_i2_m1_cost_y_0_fun.o di_mpc_i2_m1_cost/di_mpc_i2_m1_cost_y_0_fun_jac_ut_xt.o di_mpc_i2_m1_cost/di_mpc_i2_m1_cost_y_0_hess.o di_mpc_i2_m1_cost/di_mpc_i2_m1_cost_y_fun.o di_mpc_i2_m1_cost/di_mpc_i2_m1_cost_y_fun_jac_ut_xt.o di_mpc_i2_m1_cost/di_mpc_i2_m1_cost_y_hess.o di_mpc_i2_m1_cost/di_mpc_i2_m1_cost_y_e_fun.o di_mpc_i2_m1_cost/di_mpc_i2_m1_cost_y_e_fun_jac_ut_xt.o di_mpc_i2_m1_cost/di_mpc_i2_m1_cost_y_e_hess.o acados_solver_di_mpc_i2_m1.o
[mpc_node-3] cc -fPIC -std=c99   -O2 -I/home/shirui/acados/include -I/home/shirui/acados/include/acados -I/home/shirui/acados/include/blasfeo/include -I/home/shirui/acados/include/hpipm/include  -c -o di_mpc_i1_m1_cost/di_mpc_i1_m1_cost_y_0_fun.o di_mpc_i1_m1_cost/di_mpc_i1_m1_cost_y_0_fun.c
[mpc_node-4] cc -fPIC -std=c99   -O2 -I/home/shirui/acados/include -I/home/shirui/acados/include/acados -I/home/shirui/acados/include/blasfeo/include -I/home/shirui/acados/include/hpipm/include  -c -o di_mpc_i2_m1_cost/di_mpc_i2_m1_cost_y_0_fun.o di_mpc_i2_m1_cost/di_mpc_i2_m1_cost_y_0_fun.c
[mpc_node-6] rm -f libacados_ocp_solver_di_mpc_i4_m1.so
[mpc_node-6] rm -f di_mpc_i4_m1_cost/di_mpc_i4_m1_cost_y_0_fun.o di_mpc_i4_m1_cost/di_mpc_i4_m1_cost_y_0_fun_jac_ut_xt.o di_mpc_i4_m1_cost/di_mpc_i4_m1_cost_y_0_hess.o di_mpc_i4_m1_cost/di_mpc_i4_m1_cost_y_fun.o di_mpc_i4_m1_cost/di_mpc_i4_m1_cost_y_fun_jac_ut_xt.o di_mpc_i4_m1_cost/di_mpc_i4_m1_cost_y_hess.o di_mpc_i4_m1_cost/di_mpc_i4_m1_cost_y_e_fun.o di_mpc_i4_m1_cost/di_mpc_i4_m1_cost_y_e_fun_jac_ut_xt.o di_mpc_i4_m1_cost/di_mpc_i4_m1_cost_y_e_hess.o acados_solver_di_mpc_i4_m1.o
[mpc_node-6] cc -fPIC -std=c99   -O2 -I/home/shirui/acados/include -I/home/shirui/acados/include/acados -I/home/shirui/acados/include/blasfeo/include -I/home/shirui/acados/include/hpipm/include  -c -o di_mpc_i4_m1_cost/di_mpc_i4_m1_cost_y_0_fun.o di_mpc_i4_m1_cost/di_mpc_i4_m1_cost_y_0_fun.c
[mpc_node-5] cc -fPIC -std=c99   -O2 -I/home/shirui/acados/include -I/home/shirui/acados/include/acados -I/home/shirui/acados/include/blasfeo/include -I/home/shirui/acados/include/hpipm/include  -c -o di_mpc_i3_m1_cost/di_mpc_i3_m1_cost_y_0_fun_jac_ut_xt.o di_mpc_i3_m1_cost/di_mpc_i3_m1_cost_y_0_fun_jac_ut_xt.c
[mpc_node-3] cc -fPIC -std=c99   -O2 -I/home/shirui/acados/include -I/home/shirui/acados/include/acados -I/home/shirui/acados/include/blasfeo/include -I/home/shirui/acados/include/hpipm/include  -c -o di_mpc_i1_m1_cost/di_mpc_i1_m1_cost_y_0_fun_jac_ut_xt.o di_mpc_i1_m1_cost/di_mpc_i1_m1_cost_y_0_fun_jac_ut_xt.c
[mpc_node-4] cc -fPIC -std=c99   -O2 -I/home/shirui/acados/include -I/home/shirui/acados/include/acados -I/home/shirui/acados/include/blasfeo/include -I/home/shirui/acados/include/hpipm/include  -c -o di_mpc_i2_m1_cost/di_mpc_i2_m1_cost_y_0_fun_jac_ut_xt.o di_mpc_i2_m1_cost/di_mpc_i2_m1_cost_y_0_fun_jac_ut_xt.c
[mpc_node-6] cc -fPIC -std=c99   -O2 -I/home/shirui/acados/include -I/home/shirui/acados/include/acados -I/home/shirui/acados/include/blasfeo/include -I/home/shirui/acados/include/hpipm/include  -c -o di_mpc_i4_m1_cost/di_mpc_i4_m1_cost_y_0_fun_jac_ut_xt.o di_mpc_i4_m1_cost/di_mpc_i4_m1_cost_y_0_fun_jac_ut_xt.c
[mpc_node-5] cc -fPIC -std=c99   -O2 -I/home/shirui/acados/include -I/home/shirui/acados/include/acados -I/home/shirui/acados/include/blasfeo/include -I/home/shirui/acados/include/hpipm/include  -c -o di_mpc_i3_m1_cost/di_mpc_i3_m1_cost_y_0_hess.o di_mpc_i3_m1_cost/di_mpc_i3_m1_cost_y_0_hess.c
[mpc_node-3] cc -fPIC -std=c99   -O2 -I/home/shirui/acados/include -I/home/shirui/acados/include/acados -I/home/shirui/acados/include/blasfeo/include -I/home/shirui/acados/include/hpipm/include  -c -o di_mpc_i1_m1_cost/di_mpc_i1_m1_cost_y_0_hess.o di_mpc_i1_m1_cost/di_mpc_i1_m1_cost_y_0_hess.c
[mpc_node-2] rm -f libacados_ocp_solver_di_mpc_i0_m4.so
[mpc_node-2] rm -f di_mpc_i0_m4_cost/di_mpc_i0_m4_cost_y_0_fun.o di_mpc_i0_m4_cost/di_mpc_i0_m4_cost_y_0_fun_jac_ut_xt.o di_mpc_i0_m4_cost/di_mpc_i0_m4_cost_y_0_hess.o di_mpc_i0_m4_cost/di_mpc_i0_m4_cost_y_fun.o di_mpc_i0_m4_cost/di_mpc_i0_m4_cost_y_fun_jac_ut_xt.o di_mpc_i0_m4_cost/di_mpc_i0_m4_cost_y_hess.o di_mpc_i0_m4_cost/di_mpc_i0_m4_cost_y_e_fun.o di_mpc_i0_m4_cost/di_mpc_i0_m4_cost_y_e_fun_jac_ut_xt.o di_mpc_i0_m4_cost/di_mpc_i0_m4_cost_y_e_hess.o acados_solver_di_mpc_i0_m4.o
[mpc_node-2] cc -fPIC -std=c99   -O2 -I/home/shirui/acados/include -I/home/shirui/acados/include/acados -I/home/shirui/acados/include/blasfeo/include -I/home/shirui/acados/include/hpipm/include  -c -o di_mpc_i0_m4_cost/di_mpc_i0_m4_cost_y_0_fun.o di_mpc_i0_m4_cost/di_mpc_i0_m4_cost_y_0_fun.c
[mpc_node-4] cc -fPIC -std=c99   -O2 -I/home/shirui/acados/include -I/home/shirui/acados/include/acados -I/home/shirui/acados/include/blasfeo/include -I/home/shirui/acados/include/hpipm/include  -c -o di_mpc_i2_m1_cost/di_mpc_i2_m1_cost_y_0_hess.o di_mpc_i2_m1_cost/di_mpc_i2_m1_cost_y_0_hess.c
[mpc_node-6] cc -fPIC -std=c99   -O2 -I/home/shirui/acados/include -I/home/shirui/acados/include/acados -I/home/shirui/acados/include/blasfeo/include -I/home/shirui/acados/include/hpipm/include  -c -o di_mpc_i4_m1_cost/di_mpc_i4_m1_cost_y_0_hess.o di_mpc_i4_m1_cost/di_mpc_i4_m1_cost_y_0_hess.c
[mpc_node-5] cc -fPIC -std=c99   -O2 -I/home/shirui/acados/include -I/home/shirui/acados/include/acados -I/home/shirui/acados/include/blasfeo/include -I/home/shirui/acados/include/hpipm/include  -c -o di_mpc_i3_m1_cost/di_mpc_i3_m1_cost_y_fun.o di_mpc_i3_m1_cost/di_mpc_i3_m1_cost_y_fun.c
[mpc_node-3] cc -fPIC -std=c99   -O2 -I/home/shirui/acados/include -I/home/shirui/acados/include/acados -I/home/shirui/acados/include/blasfeo/include -I/home/shirui/acados/include/hpipm/include  -c -o di_mpc_i1_m1_cost/di_mpc_i1_m1_cost_y_fun.o di_mpc_i1_m1_cost/di_mpc_i1_m1_cost_y_fun.c
[mpc_node-4] cc -fPIC -std=c99   -O2 -I/home/shirui/acados/include -I/home/shirui/acados/include/acados -I/home/shirui/acados/include/blasfeo/include -I/home/shirui/acados/include/hpipm/include  -c -o di_mpc_i2_m1_cost/di_mpc_i2_m1_cost_y_fun.o di_mpc_i2_m1_cost/di_mpc_i2_m1_cost_y_fun.c
[mpc_node-2] cc -fPIC -std=c99   -O2 -I/home/shirui/acados/include -I/home/shirui/acados/include/acados -I/home/shirui/acados/include/blasfeo/include -I/home/shirui/acados/include/hpipm/include  -c -o di_mpc_i0_m4_cost/di_mpc_i0_m4_cost_y_0_fun_jac_ut_xt.o di_mpc_i0_m4_cost/di_mpc_i0_m4_cost_y_0_fun_jac_ut_xt.c
[mpc_node-6] cc -fPIC -std=c99   -O2 -I/home/shirui/acados/include -I/home/shirui/acados/include/acados -I/home/shirui/acados/include/blasfeo/include -I/home/shirui/acados/include/hpipm/include  -c -o di_mpc_i4_m1_cost/di_mpc_i4_m1_cost_y_fun.o di_mpc_i4_m1_cost/di_mpc_i4_m1_cost_y_fun.c
[mpc_node-5] cc -fPIC -std=c99   -O2 -I/home/shirui/acados/include -I/home/shirui/acados/include/acados -I/home/shirui/acados/include/blasfeo/include -I/home/shirui/acados/include/hpipm/include  -c -o di_mpc_i3_m1_cost/di_mpc_i3_m1_cost_y_fun_jac_ut_xt.o di_mpc_i3_m1_cost/di_mpc_i3_m1_cost_y_fun_jac_ut_xt.c
[mpc_node-3] cc -fPIC -std=c99   -O2 -I/home/shirui/acados/include -I/home/shirui/acados/include/acados -I/home/shirui/acados/include/blasfeo/include -I/home/shirui/acados/include/hpipm/include  -c -o di_mpc_i1_m1_cost/di_mpc_i1_m1_cost_y_fun_jac_ut_xt.o di_mpc_i1_m1_cost/di_mpc_i1_m1_cost_y_fun_jac_ut_xt.c
[mpc_node-4] cc -fPIC -std=c99   -O2 -I/home/shirui/acados/include -I/home/shirui/acados/include/acados -I/home/shirui/acados/include/blasfeo/include -I/home/shirui/acados/include/hpipm/include  -c -o di_mpc_i2_m1_cost/di_mpc_i2_m1_cost_y_fun_jac_ut_xt.o di_mpc_i2_m1_cost/di_mpc_i2_m1_cost_y_fun_jac_ut_xt.c
[mpc_node-6] cc -fPIC -std=c99   -O2 -I/home/shirui/acados/include -I/home/shirui/acados/include/acados -I/home/shirui/acados/include/blasfeo/include -I/home/shirui/acados/include/hpipm/include  -c -o di_mpc_i4_m1_cost/di_mpc_i4_m1_cost_y_fun_jac_ut_xt.o di_mpc_i4_m1_cost/di_mpc_i4_m1_cost_y_fun_jac_ut_xt.c
[mpc_node-2] cc -fPIC -std=c99   -O2 -I/home/shirui/acados/include -I/home/shirui/acados/include/acados -I/home/shirui/acados/include/blasfeo/include -I/home/shirui/acados/include/hpipm/include  -c -o di_mpc_i0_m4_cost/di_mpc_i0_m4_cost_y_0_hess.o di_mpc_i0_m4_cost/di_mpc_i0_m4_cost_y_0_hess.c
[mpc_node-5] cc -fPIC -std=c99   -O2 -I/home/shirui/acados/include -I/home/shirui/acados/include/acados -I/home/shirui/acados/include/blasfeo/include -I/home/shirui/acados/include/hpipm/include  -c -o di_mpc_i3_m1_cost/di_mpc_i3_m1_cost_y_hess.o di_mpc_i3_m1_cost/di_mpc_i3_m1_cost_y_hess.c
[mpc_node-3] cc -fPIC -std=c99   -O2 -I/home/shirui/acados/include -I/home/shirui/acados/include/acados -I/home/shirui/acados/include/blasfeo/include -I/home/shirui/acados/include/hpipm/include  -c -o di_mpc_i1_m1_cost/di_mpc_i1_m1_cost_y_hess.o di_mpc_i1_m1_cost/di_mpc_i1_m1_cost_y_hess.c
[mpc_node-4] cc -fPIC -std=c99   -O2 -I/home/shirui/acados/include -I/home/shirui/acados/include/acados -I/home/shirui/acados/include/blasfeo/include -I/home/shirui/acados/include/hpipm/include  -c -o di_mpc_i2_m1_cost/di_mpc_i2_m1_cost_y_hess.o di_mpc_i2_m1_cost/di_mpc_i2_m1_cost_y_hess.c
[mpc_node-6] cc -fPIC -std=c99   -O2 -I/home/shirui/acados/include -I/home/shirui/acados/include/acados -I/home/shirui/acados/include/blasfeo/include -I/home/shirui/acados/include/hpipm/include  -c -o di_mpc_i4_m1_cost/di_mpc_i4_m1_cost_y_hess.o di_mpc_i4_m1_cost/di_mpc_i4_m1_cost_y_hess.c
[mpc_node-5] cc -fPIC -std=c99   -O2 -I/home/shirui/acados/include -I/home/shirui/acados/include/acados -I/home/shirui/acados/include/blasfeo/include -I/home/shirui/acados/include/hpipm/include  -c -o di_mpc_i3_m1_cost/di_mpc_i3_m1_cost_y_e_fun.o di_mpc_i3_m1_cost/di_mpc_i3_m1_cost_y_e_fun.c
[mpc_node-3] cc -fPIC -std=c99   -O2 -I/home/shirui/acados/include -I/home/shirui/acados/include/acados -I/home/shirui/acados/include/blasfeo/include -I/home/shirui/acados/include/hpipm/include  -c -o di_mpc_i1_m1_cost/di_mpc_i1_m1_cost_y_e_fun.o di_mpc_i1_m1_cost/di_mpc_i1_m1_cost_y_e_fun.c
[mpc_node-2] cc -fPIC -std=c99   -O2 -I/home/shirui/acados/include -I/home/shirui/acados/include/acados -I/home/shirui/acados/include/blasfeo/include -I/home/shirui/acados/include/hpipm/include  -c -o di_mpc_i0_m4_cost/di_mpc_i0_m4_cost_y_fun.o di_mpc_i0_m4_cost/di_mpc_i0_m4_cost_y_fun.c
[mpc_node-4] cc -fPIC -std=c99   -O2 -I/home/shirui/acados/include -I/home/shirui/acados/include/acados -I/home/shirui/acados/include/blasfeo/include -I/home/shirui/acados/include/hpipm/include  -c -o di_mpc_i2_m1_cost/di_mpc_i2_m1_cost_y_e_fun.o di_mpc_i2_m1_cost/di_mpc_i2_m1_cost_y_e_fun.c
[mpc_node-6] cc -fPIC -std=c99   -O2 -I/home/shirui/acados/include -I/home/shirui/acados/include/acados -I/home/shirui/acados/include/blasfeo/include -I/home/shirui/acados/include/hpipm/include  -c -o di_mpc_i4_m1_cost/di_mpc_i4_m1_cost_y_e_fun.o di_mpc_i4_m1_cost/di_mpc_i4_m1_cost_y_e_fun.c
[mpc_node-5] cc -fPIC -std=c99   -O2 -I/home/shirui/acados/include -I/home/shirui/acados/include/acados -I/home/shirui/acados/include/blasfeo/include -I/home/shirui/acados/include/hpipm/include  -c -o di_mpc_i3_m1_cost/di_mpc_i3_m1_cost_y_e_fun_jac_ut_xt.o di_mpc_i3_m1_cost/di_mpc_i3_m1_cost_y_e_fun_jac_ut_xt.c
[mpc_node-3] cc -fPIC -std=c99   -O2 -I/home/shirui/acados/include -I/home/shirui/acados/include/acados -I/home/shirui/acados/include/blasfeo/include -I/home/shirui/acados/include/hpipm/include  -c -o di_mpc_i1_m1_cost/di_mpc_i1_m1_cost_y_e_fun_jac_ut_xt.o di_mpc_i1_m1_cost/di_mpc_i1_m1_cost_y_e_fun_jac_ut_xt.c
[mpc_node-4] cc -fPIC -std=c99   -O2 -I/home/shirui/acados/include -I/home/shirui/acados/include/acados -I/home/shirui/acados/include/blasfeo/include -I/home/shirui/acados/include/hpipm/include  -c -o di_mpc_i2_m1_cost/di_mpc_i2_m1_cost_y_e_fun_jac_ut_xt.o di_mpc_i2_m1_cost/di_mpc_i2_m1_cost_y_e_fun_jac_ut_xt.c
[mpc_node-6] cc -fPIC -std=c99   -O2 -I/home/shirui/acados/include -I/home/shirui/acados/include/acados -I/home/shirui/acados/include/blasfeo/include -I/home/shirui/acados/include/hpipm/include  -c -o di_mpc_i4_m1_cost/di_mpc_i4_m1_cost_y_e_fun_jac_ut_xt.o di_mpc_i4_m1_cost/di_mpc_i4_m1_cost_y_e_fun_jac_ut_xt.c
[mpc_node-2] cc -fPIC -std=c99   -O2 -I/home/shirui/acados/include -I/home/shirui/acados/include/acados -I/home/shirui/acados/include/blasfeo/include -I/home/shirui/acados/include/hpipm/include  -c -o di_mpc_i0_m4_cost/di_mpc_i0_m4_cost_y_fun_jac_ut_xt.o di_mpc_i0_m4_cost/di_mpc_i0_m4_cost_y_fun_jac_ut_xt.c
[mpc_node-5] cc -fPIC -std=c99   -O2 -I/home/shirui/acados/include -I/home/shirui/acados/include/acados -I/home/shirui/acados/include/blasfeo/include -I/home/shirui/acados/include/hpipm/include  -c -o di_mpc_i3_m1_cost/di_mpc_i3_m1_cost_y_e_hess.o di_mpc_i3_m1_cost/di_mpc_i3_m1_cost_y_e_hess.c
[mpc_node-3] cc -fPIC -std=c99   -O2 -I/home/shirui/acados/include -I/home/shirui/acados/include/acados -I/home/shirui/acados/include/blasfeo/include -I/home/shirui/acados/include/hpipm/include  -c -o di_mpc_i1_m1_cost/di_mpc_i1_m1_cost_y_e_hess.o di_mpc_i1_m1_cost/di_mpc_i1_m1_cost_y_e_hess.c
[mpc_node-6] cc -fPIC -std=c99   -O2 -I/home/shirui/acados/include -I/home/shirui/acados/include/acados -I/home/shirui/acados/include/blasfeo/include -I/home/shirui/acados/include/hpipm/include  -c -o di_mpc_i4_m1_cost/di_mpc_i4_m1_cost_y_e_hess.o di_mpc_i4_m1_cost/di_mpc_i4_m1_cost_y_e_hess.c
[mpc_node-4] cc -fPIC -std=c99   -O2 -I/home/shirui/acados/include -I/home/shirui/acados/include/acados -I/home/shirui/acados/include/blasfeo/include -I/home/shirui/acados/include/hpipm/include  -c -o di_mpc_i2_m1_cost/di_mpc_i2_m1_cost_y_e_hess.o di_mpc_i2_m1_cost/di_mpc_i2_m1_cost_y_e_hess.c
[mpc_node-5] cc -fPIC -std=c99   -O2 -I/home/shirui/acados/include -I/home/shirui/acados/include/acados -I/home/shirui/acados/include/blasfeo/include -I/home/shirui/acados/include/hpipm/include  -c -o acados_solver_di_mpc_i3_m1.o acados_solver_di_mpc_i3_m1.c
[mpc_node-3] cc -fPIC -std=c99   -O2 -I/home/shirui/acados/include -I/home/shirui/acados/include/acados -I/home/shirui/acados/include/blasfeo/include -I/home/shirui/acados/include/hpipm/include  -c -o acados_solver_di_mpc_i1_m1.o acados_solver_di_mpc_i1_m1.c
[mpc_node-6] cc -fPIC -std=c99   -O2 -I/home/shirui/acados/include -I/home/shirui/acados/include/acados -I/home/shirui/acados/include/blasfeo/include -I/home/shirui/acados/include/hpipm/include  -c -o acados_solver_di_mpc_i4_m1.o acados_solver_di_mpc_i4_m1.c
[mpc_node-4] cc -fPIC -std=c99   -O2 -I/home/shirui/acados/include -I/home/shirui/acados/include/acados -I/home/shirui/acados/include/blasfeo/include -I/home/shirui/acados/include/hpipm/include  -c -o acados_solver_di_mpc_i2_m1.o acados_solver_di_mpc_i2_m1.c
[mpc_node-2] cc -fPIC -std=c99   -O2 -I/home/shirui/acados/include -I/home/shirui/acados/include/acados -I/home/shirui/acados/include/blasfeo/include -I/home/shirui/acados/include/hpipm/include  -c -o di_mpc_i0_m4_cost/di_mpc_i0_m4_cost_y_hess.o di_mpc_i0_m4_cost/di_mpc_i0_m4_cost_y_hess.c
[mpc_node-2] cc -fPIC -std=c99   -O2 -I/home/shirui/acados/include -I/home/shirui/acados/include/acados -I/home/shirui/acados/include/blasfeo/include -I/home/shirui/acados/include/hpipm/include  -c -o di_mpc_i0_m4_cost/di_mpc_i0_m4_cost_y_e_fun.o di_mpc_i0_m4_cost/di_mpc_i0_m4_cost_y_e_fun.c
[mpc_node-2] cc -fPIC -std=c99   -O2 -I/home/shirui/acados/include -I/home/shirui/acados/include/acados -I/home/shirui/acados/include/blasfeo/include -I/home/shirui/acados/include/hpipm/include  -c -o di_mpc_i0_m4_cost/di_mpc_i0_m4_cost_y_e_fun_jac_ut_xt.o di_mpc_i0_m4_cost/di_mpc_i0_m4_cost_y_e_fun_jac_ut_xt.c
[mpc_node-2] cc -fPIC -std=c99   -O2 -I/home/shirui/acados/include -I/home/shirui/acados/include/acados -I/home/shirui/acados/include/blasfeo/include -I/home/shirui/acados/include/hpipm/include  -c -o di_mpc_i0_m4_cost/di_mpc_i0_m4_cost_y_e_hess.o di_mpc_i0_m4_cost/di_mpc_i0_m4_cost_y_e_hess.c
[mpc_node-5] cc -fPIC -std=c99   -O2 -I/home/shirui/acados/include -I/home/shirui/acados/include/acados -I/home/shirui/acados/include/blasfeo/include -I/home/shirui/acados/include/hpipm/include  -c -o di_mpc_i3_m1_model/di_mpc_i3_m1_expl_ode_fun.o di_mpc_i3_m1_model/di_mpc_i3_m1_expl_ode_fun.c
[mpc_node-3] cc -fPIC -std=c99   -O2 -I/home/shirui/acados/include -I/home/shirui/acados/include/acados -I/home/shirui/acados/include/blasfeo/include -I/home/shirui/acados/include/hpipm/include  -c -o di_mpc_i1_m1_model/di_mpc_i1_m1_expl_ode_fun.o di_mpc_i1_m1_model/di_mpc_i1_m1_expl_ode_fun.c
[mpc_node-2] cc -fPIC -std=c99   -O2 -I/home/shirui/acados/include -I/home/shirui/acados/include/acados -I/home/shirui/acados/include/blasfeo/include -I/home/shirui/acados/include/hpipm/include  -c -o acados_solver_di_mpc_i0_m4.o acados_solver_di_mpc_i0_m4.c
[mpc_node-4] cc -fPIC -std=c99   -O2 -I/home/shirui/acados/include -I/home/shirui/acados/include/acados -I/home/shirui/acados/include/blasfeo/include -I/home/shirui/acados/include/hpipm/include  -c -o di_mpc_i2_m1_model/di_mpc_i2_m1_expl_ode_fun.o di_mpc_i2_m1_model/di_mpc_i2_m1_expl_ode_fun.c
[mpc_node-6] cc -fPIC -std=c99   -O2 -I/home/shirui/acados/include -I/home/shirui/acados/include/acados -I/home/shirui/acados/include/blasfeo/include -I/home/shirui/acados/include/hpipm/include  -c -o di_mpc_i4_m1_model/di_mpc_i4_m1_expl_ode_fun.o di_mpc_i4_m1_model/di_mpc_i4_m1_expl_ode_fun.c
[mpc_node-5] cc -fPIC -std=c99   -O2 -I/home/shirui/acados/include -I/home/shirui/acados/include/acados -I/home/shirui/acados/include/blasfeo/include -I/home/shirui/acados/include/hpipm/include  -c -o di_mpc_i3_m1_model/di_mpc_i3_m1_expl_vde_forw.o di_mpc_i3_m1_model/di_mpc_i3_m1_expl_vde_forw.c
[mpc_node-3] cc -fPIC -std=c99   -O2 -I/home/shirui/acados/include -I/home/shirui/acados/include/acados -I/home/shirui/acados/include/blasfeo/include -I/home/shirui/acados/include/hpipm/include  -c -o di_mpc_i1_m1_model/di_mpc_i1_m1_expl_vde_forw.o di_mpc_i1_m1_model/di_mpc_i1_m1_expl_vde_forw.c
[mpc_node-6] cc -fPIC -std=c99   -O2 -I/home/shirui/acados/include -I/home/shirui/acados/include/acados -I/home/shirui/acados/include/blasfeo/include -I/home/shirui/acados/include/hpipm/include  -c -o di_mpc_i4_m1_model/di_mpc_i4_m1_expl_vde_forw.o di_mpc_i4_m1_model/di_mpc_i4_m1_expl_vde_forw.c
[mpc_node-4] cc -fPIC -std=c99   -O2 -I/home/shirui/acados/include -I/home/shirui/acados/include/acados -I/home/shirui/acados/include/blasfeo/include -I/home/shirui/acados/include/hpipm/include  -c -o di_mpc_i2_m1_model/di_mpc_i2_m1_expl_vde_forw.o di_mpc_i2_m1_model/di_mpc_i2_m1_expl_vde_forw.c
[mpc_node-5] cc -fPIC -std=c99   -O2 -I/home/shirui/acados/include -I/home/shirui/acados/include/acados -I/home/shirui/acados/include/blasfeo/include -I/home/shirui/acados/include/hpipm/include  -c -o di_mpc_i3_m1_model/di_mpc_i3_m1_expl_vde_adj.o di_mpc_i3_m1_model/di_mpc_i3_m1_expl_vde_adj.c
[mpc_node-3] cc -fPIC -std=c99   -O2 -I/home/shirui/acados/include -I/home/shirui/acados/include/acados -I/home/shirui/acados/include/blasfeo/include -I/home/shirui/acados/include/hpipm/include  -c -o di_mpc_i1_m1_model/di_mpc_i1_m1_expl_vde_adj.o di_mpc_i1_m1_model/di_mpc_i1_m1_expl_vde_adj.c
[mpc_node-6] cc -fPIC -std=c99   -O2 -I/home/shirui/acados/include -I/home/shirui/acados/include/acados -I/home/shirui/acados/include/blasfeo/include -I/home/shirui/acados/include/hpipm/include  -c -o di_mpc_i4_m1_model/di_mpc_i4_m1_expl_vde_adj.o di_mpc_i4_m1_model/di_mpc_i4_m1_expl_vde_adj.c
[mpc_node-5] cc -shared di_mpc_i3_m1_cost/di_mpc_i3_m1_cost_y_0_fun.o di_mpc_i3_m1_cost/di_mpc_i3_m1_cost_y_0_fun_jac_ut_xt.o di_mpc_i3_m1_cost/di_mpc_i3_m1_cost_y_0_hess.o di_mpc_i3_m1_cost/di_mpc_i3_m1_cost_y_fun.o di_mpc_i3_m1_cost/di_mpc_i3_m1_cost_y_fun_jac_ut_xt.o di_mpc_i3_m1_cost/di_mpc_i3_m1_cost_y_hess.o di_mpc_i3_m1_cost/di_mpc_i3_m1_cost_y_e_fun.o di_mpc_i3_m1_cost/di_mpc_i3_m1_cost_y_e_fun_jac_ut_xt.o di_mpc_i3_m1_cost/di_mpc_i3_m1_cost_y_e_hess.o acados_solver_di_mpc_i3_m1.o di_mpc_i3_m1_model/di_mpc_i3_m1_expl_ode_fun.o di_mpc_i3_m1_model/di_mpc_i3_m1_expl_vde_forw.o di_mpc_i3_m1_model/di_mpc_i3_m1_expl_vde_adj.o -o libacados_ocp_solver_di_mpc_i3_m1.so -L/home/shirui/acados/lib -lacados -lhpipm -lblasfeo -lm \
[mpc_node-5] -L -l
[mpc_node-4] cc -fPIC -std=c99   -O2 -I/home/shirui/acados/include -I/home/shirui/acados/include/acados -I/home/shirui/acados/include/blasfeo/include -I/home/shirui/acados/include/hpipm/include  -c -o di_mpc_i2_m1_model/di_mpc_i2_m1_expl_vde_adj.o di_mpc_i2_m1_model/di_mpc_i2_m1_expl_vde_adj.c
[mpc_node-3] cc -shared di_mpc_i1_m1_cost/di_mpc_i1_m1_cost_y_0_fun.o di_mpc_i1_m1_cost/di_mpc_i1_m1_cost_y_0_fun_jac_ut_xt.o di_mpc_i1_m1_cost/di_mpc_i1_m1_cost_y_0_hess.o di_mpc_i1_m1_cost/di_mpc_i1_m1_cost_y_fun.o di_mpc_i1_m1_cost/di_mpc_i1_m1_cost_y_fun_jac_ut_xt.o di_mpc_i1_m1_cost/di_mpc_i1_m1_cost_y_hess.o di_mpc_i1_m1_cost/di_mpc_i1_m1_cost_y_e_fun.o di_mpc_i1_m1_cost/di_mpc_i1_m1_cost_y_e_fun_jac_ut_xt.o di_mpc_i1_m1_cost/di_mpc_i1_m1_cost_y_e_hess.o acados_solver_di_mpc_i1_m1.o di_mpc_i1_m1_model/di_mpc_i1_m1_expl_ode_fun.o di_mpc_i1_m1_model/di_mpc_i1_m1_expl_vde_forw.o di_mpc_i1_m1_model/di_mpc_i1_m1_expl_vde_adj.o -o libacados_ocp_solver_di_mpc_i1_m1.so -L/home/shirui/acados/lib -lacados -lhpipm -lblasfeo -lm \
[mpc_node-3] -L -l
[mpc_node-6] cc -shared di_mpc_i4_m1_cost/di_mpc_i4_m1_cost_y_0_fun.o di_mpc_i4_m1_cost/di_mpc_i4_m1_cost_y_0_fun_jac_ut_xt.o di_mpc_i4_m1_cost/di_mpc_i4_m1_cost_y_0_hess.o di_mpc_i4_m1_cost/di_mpc_i4_m1_cost_y_fun.o di_mpc_i4_m1_cost/di_mpc_i4_m1_cost_y_fun_jac_ut_xt.o di_mpc_i4_m1_cost/di_mpc_i4_m1_cost_y_hess.o di_mpc_i4_m1_cost/di_mpc_i4_m1_cost_y_e_fun.o di_mpc_i4_m1_cost/di_mpc_i4_m1_cost_y_e_fun_jac_ut_xt.o di_mpc_i4_m1_cost/di_mpc_i4_m1_cost_y_e_hess.o acados_solver_di_mpc_i4_m1.o di_mpc_i4_m1_model/di_mpc_i4_m1_expl_ode_fun.o di_mpc_i4_m1_model/di_mpc_i4_m1_expl_vde_forw.o di_mpc_i4_m1_model/di_mpc_i4_m1_expl_vde_adj.o -o libacados_ocp_solver_di_mpc_i4_m1.so -L/home/shirui/acados/lib -lacados -lhpipm -lblasfeo -lm \
[mpc_node-6] -L -l
[mpc_node-5] [INFO] [1783589650.731631770] [px4_3.mpc_node_3]: acados OCP ready. model = double-integrator (v_dot=u, publish x_pred[1]) [legacy]
[mpc_node-5] [INFO] [1783589650.731814428] [px4_3.mpc_node_3]: safety_filter ON: track<6.0m alt[0.3,8.0]m d_emerg=1.2m d_warn=2.0m self_timeout=0.3s
[mpc_node-4] cc -shared di_mpc_i2_m1_cost/di_mpc_i2_m1_cost_y_0_fun.o di_mpc_i2_m1_cost/di_mpc_i2_m1_cost_y_0_fun_jac_ut_xt.o di_mpc_i2_m1_cost/di_mpc_i2_m1_cost_y_0_hess.o di_mpc_i2_m1_cost/di_mpc_i2_m1_cost_y_fun.o di_mpc_i2_m1_cost/di_mpc_i2_m1_cost_y_fun_jac_ut_xt.o di_mpc_i2_m1_cost/di_mpc_i2_m1_cost_y_hess.o di_mpc_i2_m1_cost/di_mpc_i2_m1_cost_y_e_fun.o di_mpc_i2_m1_cost/di_mpc_i2_m1_cost_y_e_fun_jac_ut_xt.o di_mpc_i2_m1_cost/di_mpc_i2_m1_cost_y_e_hess.o acados_solver_di_mpc_i2_m1.o di_mpc_i2_m1_model/di_mpc_i2_m1_expl_ode_fun.o di_mpc_i2_m1_model/di_mpc_i2_m1_expl_vde_forw.o di_mpc_i2_m1_model/di_mpc_i2_m1_expl_vde_adj.o -o libacados_ocp_solver_di_mpc_i2_m1.so -L/home/shirui/acados/lib -lacados -lhpipm -lblasfeo -lm \
[mpc_node-4] -L -l
[mpc_node-5] [INFO] [1783589650.736194502] [px4_3.mpc_node_3]: mpc_controller drone 3 ready. birth=[3. 0. 0.], r_i0=[3. 0. 0.], neighbours=[0]
[mpc_node-3] [INFO] [1783589650.743492185] [px4_1.mpc_node_1]: acados OCP ready. model = double-integrator (v_dot=u, publish x_pred[1]) [legacy]
[mpc_node-3] [INFO] [1783589650.743723220] [px4_1.mpc_node_1]: safety_filter ON: track<6.0m alt[0.3,8.0]m d_emerg=1.2m d_warn=2.0m self_timeout=0.3s
[mpc_node-6] [INFO] [1783589650.745708647] [px4_4.mpc_node_4]: acados OCP ready. model = double-integrator (v_dot=u, publish x_pred[1]) [legacy]
[mpc_node-6] [INFO] [1783589650.745884249] [px4_4.mpc_node_4]: safety_filter ON: track<6.0m alt[0.3,8.0]m d_emerg=1.2m d_warn=2.0m self_timeout=0.3s
[mpc_node-6] [INFO] [1783589650.751055319] [px4_4.mpc_node_4]: mpc_controller drone 4 ready. birth=[-3.  0.  0.], r_i0=[-3.  0.  0.], neighbours=[0]
[mpc_node-3] [INFO] [1783589650.751633675] [px4_1.mpc_node_1]: mpc_controller drone 1 ready. birth=[0. 3. 0.], r_i0=[0. 3. 0.], neighbours=[0]
[mpc_node-4] [INFO] [1783589650.753655312] [px4_2.mpc_node_2]: acados OCP ready. model = double-integrator (v_dot=u, publish x_pred[1]) [legacy]
[mpc_node-4] [INFO] [1783589650.753837496] [px4_2.mpc_node_2]: safety_filter ON: track<6.0m alt[0.3,8.0]m d_emerg=1.2m d_warn=2.0m self_timeout=0.3s
[mpc_node-2] cc -fPIC -std=c99   -O2 -I/home/shirui/acados/include -I/home/shirui/acados/include/acados -I/home/shirui/acados/include/blasfeo/include -I/home/shirui/acados/include/hpipm/include  -c -o di_mpc_i0_m4_model/di_mpc_i0_m4_expl_ode_fun.o di_mpc_i0_m4_model/di_mpc_i0_m4_expl_ode_fun.c
[mpc_node-4] [INFO] [1783589650.758799326] [px4_2.mpc_node_2]: mpc_controller drone 2 ready. birth=[ 0. -3.  0.], r_i0=[ 0. -3.  0.], neighbours=[0]
[mpc_node-2] cc -fPIC -std=c99   -O2 -I/home/shirui/acados/include -I/home/shirui/acados/include/acados -I/home/shirui/acados/include/blasfeo/include -I/home/shirui/acados/include/hpipm/include  -c -o di_mpc_i0_m4_model/di_mpc_i0_m4_expl_vde_forw.o di_mpc_i0_m4_model/di_mpc_i0_m4_expl_vde_forw.c
[mpc_node-2] cc -fPIC -std=c99   -O2 -I/home/shirui/acados/include -I/home/shirui/acados/include/acados -I/home/shirui/acados/include/blasfeo/include -I/home/shirui/acados/include/hpipm/include  -c -o di_mpc_i0_m4_model/di_mpc_i0_m4_expl_vde_adj.o di_mpc_i0_m4_model/di_mpc_i0_m4_expl_vde_adj.c
[mpc_node-2] cc -shared di_mpc_i0_m4_cost/di_mpc_i0_m4_cost_y_0_fun.o di_mpc_i0_m4_cost/di_mpc_i0_m4_cost_y_0_fun_jac_ut_xt.o di_mpc_i0_m4_cost/di_mpc_i0_m4_cost_y_0_hess.o di_mpc_i0_m4_cost/di_mpc_i0_m4_cost_y_fun.o di_mpc_i0_m4_cost/di_mpc_i0_m4_cost_y_fun_jac_ut_xt.o di_mpc_i0_m4_cost/di_mpc_i0_m4_cost_y_hess.o di_mpc_i0_m4_cost/di_mpc_i0_m4_cost_y_e_fun.o di_mpc_i0_m4_cost/di_mpc_i0_m4_cost_y_e_fun_jac_ut_xt.o di_mpc_i0_m4_cost/di_mpc_i0_m4_cost_y_e_hess.o acados_solver_di_mpc_i0_m4.o di_mpc_i0_m4_model/di_mpc_i0_m4_expl_ode_fun.o di_mpc_i0_m4_model/di_mpc_i0_m4_expl_vde_forw.o di_mpc_i0_m4_model/di_mpc_i0_m4_expl_vde_adj.o -o libacados_ocp_solver_di_mpc_i0_m4.so -L/home/shirui/acados/lib -lacados -lhpipm -lblasfeo -lm \
[mpc_node-2] -L -l
[mpc_node-2] [INFO] [1783589650.841869385] [px4_0.mpc_node_0]: acados OCP ready. model = double-integrator (v_dot=u, publish x_pred[1]) [legacy]
[mpc_node-2] [INFO] [1783589650.842045267] [px4_0.mpc_node_0]: safety_filter ON: track<6.0m alt[0.3,8.0]m d_emerg=1.2m d_warn=2.0m self_timeout=0.3s
[mpc_node-2] [INFO] [1783589650.846992290] [px4_0.mpc_node_0]: mpc_controller drone 0 ready. birth=[0. 0. 0.], r_i0=[0. 0. 0.], neighbours=[1, 2, 3, 4]
[mpc_node-5] [INFO] [1783589651.049858931] [px4_3.mpc_node_3]: [veh 3] alt_sync disabled, using birth_z=0.00
[mpc_node-5] [INFO] [1783589651.050033762] [px4_3.mpc_node_3]: first position from drone 3 (calibrated [STABLE] after 40 frames, spread=(0.017,0.018,0.011)): local_mean=(0.07, -0.17, -0.14) world_birth=(2.93, 0.17, 0.00)
[mpc_node-5] [INFO] [1783589651.050770004] [px4_3.mpc_node_3]: [veh 0] alt_sync disabled, using birth_z=0.00
[mpc_node-5] [INFO] [1783589651.050942916] [px4_3.mpc_node_3]: first position from drone 0 (calibrated [STABLE] after 40 frames, spread=(0.015,0.001,0.012)): local_mean=(0.26, -0.17, 0.16) world_birth=(-0.26, 0.17, 0.00)
[mpc_node-6] [INFO] [1783589651.060632449] [px4_4.mpc_node_4]: [veh 4] alt_sync disabled, using birth_z=0.00
[mpc_node-6] [INFO] [1783589651.060783513] [px4_4.mpc_node_4]: first position from drone 4 (calibrated [STABLE] after 40 frames, spread=(0.020,0.027,0.034)): local_mean=(-0.33, -0.06, 0.15) world_birth=(-2.67, 0.06, 0.00)
[mpc_node-3] [INFO] [1783589651.065259973] [px4_1.mpc_node_1]: [veh 1] alt_sync disabled, using birth_z=0.00
[mpc_node-3] [INFO] [1783589651.065407899] [px4_1.mpc_node_1]: first position from drone 1 (calibrated [STABLE] after 40 frames, spread=(0.008,0.023,0.024)): local_mean=(-0.11, 0.21, -0.12) world_birth=(0.11, 2.79, 0.00)
[mpc_node-6] [INFO] [1783589651.065592184] [px4_4.mpc_node_4]: [veh 0] alt_sync disabled, using birth_z=0.00
[mpc_node-6] [INFO] [1783589651.065728965] [px4_4.mpc_node_4]: first position from drone 0 (calibrated [STABLE] after 40 frames, spread=(0.014,0.001,0.013)): local_mean=(0.26, -0.17, 0.15) world_birth=(-0.26, 0.17, 0.00)
[mpc_node-3] [INFO] [1783589651.066138424] [px4_1.mpc_node_1]: [veh 0] alt_sync disabled, using birth_z=0.00
[mpc_node-3] [INFO] [1783589651.066274426] [px4_1.mpc_node_1]: first position from drone 0 (calibrated [STABLE] after 40 frames, spread=(0.014,0.001,0.013)): local_mean=(0.26, -0.17, 0.15) world_birth=(-0.26, 0.17, 0.00)
[mpc_node-4] [INFO] [1783589651.073439675] [px4_2.mpc_node_2]: [veh 2] alt_sync disabled, using birth_z=0.00
[mpc_node-4] [INFO] [1783589651.073593362] [px4_2.mpc_node_2]: first position from drone 2 (calibrated [STABLE] after 40 frames, spread=(0.009,0.007,0.008)): local_mean=(-0.12, 0.18, -0.13) world_birth=(0.12, -3.18, 0.00)
[mpc_node-4] [INFO] [1783589651.074109445] [px4_2.mpc_node_2]: [veh 0] alt_sync disabled, using birth_z=0.00
[mpc_node-4] [INFO] [1783589651.074238235] [px4_2.mpc_node_2]: first position from drone 0 (calibrated [STABLE] after 40 frames, spread=(0.014,0.001,0.013)): local_mean=(0.26, -0.17, 0.15) world_birth=(-0.26, 0.17, 0.00)
[mpc_node-2] [INFO] [1783589651.157237245] [px4_0.mpc_node_0]: [veh 4] alt_sync disabled, using birth_z=0.00
[mpc_node-2] [INFO] [1783589651.157464525] [px4_0.mpc_node_0]: first position from drone 4 (calibrated [STABLE] after 40 frames, spread=(0.032,0.023,0.044)): local_mean=(-0.32, -0.06, 0.13) world_birth=(-2.68, 0.06, 0.00)
[mpc_node-2] [INFO] [1783589651.160772591] [px4_0.mpc_node_0]: [veh 1] alt_sync disabled, using birth_z=0.00
[mpc_node-2] [INFO] [1783589651.160941891] [px4_0.mpc_node_0]: first position from drone 1 (calibrated [STABLE] after 40 frames, spread=(0.012,0.022,0.025)): local_mean=(-0.10, 0.21, -0.13) world_birth=(0.10, 2.79, 0.00)
[mpc_node-2] [INFO] [1783589651.161597184] [px4_0.mpc_node_0]: [veh 0] alt_sync disabled, using birth_z=0.00
[mpc_node-2] [INFO] [1783589651.161728180] [px4_0.mpc_node_0]: first position from drone 0 (calibrated [STABLE] after 40 frames, spread=(0.009,0.001,0.020)): local_mean=(0.26, -0.17, 0.15) world_birth=(-0.26, 0.17, 0.00)
[mpc_node-2] [INFO] [1783589651.162345030] [px4_0.mpc_node_0]: [veh 2] alt_sync disabled, using birth_z=0.00
[mpc_node-2] [INFO] [1783589651.162485905] [px4_0.mpc_node_0]: first position from drone 2 (calibrated [STABLE] after 40 frames, spread=(0.008,0.006,0.008)): local_mean=(-0.12, 0.18, -0.12) world_birth=(0.12, -3.18, 0.00)
[mpc_node-2] [INFO] [1783589651.163160872] [px4_0.mpc_node_0]: [veh 3] alt_sync disabled, using birth_z=0.00
[mpc_node-2] [INFO] [1783589651.163316881] [px4_0.mpc_node_0]: first position from drone 3 (calibrated [STABLE] after 40 frames, spread=(0.022,0.011,0.004)): local_mean=(0.06, -0.17, -0.14) world_birth=(2.94, 0.17, 0.00)
[mpc_node-5] [INFO] [1783589652.757629758] [px4_3.mpc_node_3]: drone 3: retry ARM+OFFBOARD (nav=4, arm=1) frame=1
[mpc_node-3] [INFO] [1783589652.771263838] [px4_1.mpc_node_1]: drone 1: retry ARM+OFFBOARD (nav=4, arm=1) frame=1
[mpc_node-6] [INFO] [1783589652.771431255] [px4_4.mpc_node_4]: drone 4: retry ARM+OFFBOARD (nav=4, arm=1) frame=1
[mpc_node-4] [INFO] [1783589652.778997128] [px4_2.mpc_node_2]: drone 2: retry ARM+OFFBOARD (nav=4, arm=1) frame=1
[mpc_node-2] [INFO] [1783589652.868697407] [px4_0.mpc_node_0]: drone 0: retry ARM+OFFBOARD (nav=4, arm=1) frame=1
[mpc_node-5] [INFO] [1783589653.756486880] [px4_3.mpc_node_3]: drone 3: OFFBOARD + ARMED confirmed
[mpc_node-6] [INFO] [1783589653.771103489] [px4_4.mpc_node_4]: drone 4: OFFBOARD + ARMED confirmed
[mpc_node-3] [INFO] [1783589653.771650766] [px4_1.mpc_node_1]: drone 1: OFFBOARD + ARMED confirmed
[mpc_node-4] [INFO] [1783589653.778980655] [px4_2.mpc_node_2]: drone 2: OFFBOARD + ARMED confirmed
[mpc_node-5] [WARN] [1783589653.779290096] [px4_3.mpc_node_3]: DEBUG d3: x0=(3.04,-0.03,0.01) ref0=(3.00,0.00,-5.00) pred1=(3.04,-0.04,0.01) leader=(0.00,0.00,-5.00)
[mpc_node-3] [WARN] [1783589653.791950523] [px4_1.mpc_node_1]: DEBUG d1: x0=(-0.02,2.93,-0.10) ref0=(0.00,3.00,-5.00) pred1=(-0.03,2.92,-0.10) leader=(0.00,0.00,-5.00)
[mpc_node-6] [WARN] [1783589653.792110392] [px4_4.mpc_node_4]: DEBUG d4: x0=(-2.92,0.02,-0.01) ref0=(-3.00,0.00,-5.00) pred1=(-2.93,0.02,-0.02) leader=(0.00,0.00,-5.00)
[mpc_node-5] [WARN] [1783589653.797742796] [px4_3.mpc_node_3]: DEBUG d3: x0=(3.04,-0.03,0.01) ref0=(3.00,0.00,-5.00) pred1=(3.04,-0.03,0.01) leader=(0.00,0.00,-5.00)
[mpc_node-4] [WARN] [1783589653.800734023] [px4_2.mpc_node_2]: DEBUG d2: x0=(-0.00,-3.11,-0.04) ref0=(0.00,-3.00,-5.00) pred1=(0.00,-3.11,-0.04) leader=(0.00,0.00,-5.00)
[mpc_node-3] [WARN] [1783589653.812041309] [px4_1.mpc_node_1]: DEBUG d1: x0=(-0.02,2.93,-0.10) ref0=(0.00,3.00,-5.00) pred1=(-0.02,2.93,-0.10) leader=(0.00,0.00,-5.00)
[mpc_node-6] [WARN] [1783589653.812526235] [px4_4.mpc_node_4]: DEBUG d4: x0=(-2.92,0.02,-0.01) ref0=(-3.00,0.00,-5.00) pred1=(-2.92,0.02,-0.02) leader=(0.00,0.00,-5.00)
[mpc_node-5] [WARN] [1783589653.817841366] [px4_3.mpc_node_3]: DEBUG d3: x0=(3.04,-0.03,0.01) ref0=(3.00,0.00,-5.00) pred1=(3.04,-0.03,0.01) leader=(0.00,0.00,-5.00)
[mpc_node-4] [WARN] [1783589653.820141243] [px4_2.mpc_node_2]: DEBUG d2: x0=(-0.00,-3.11,-0.04) ref0=(0.00,-3.00,-5.00) pred1=(-0.00,-3.11,-0.04) leader=(0.00,0.00,-5.00)
[mpc_node-3] [WARN] [1783589653.832352808] [px4_1.mpc_node_1]: DEBUG d1: x0=(-0.02,2.93,-0.10) ref0=(0.00,3.00,-5.00) pred1=(-0.02,2.93,-0.10) leader=(0.00,0.00,-5.00)
[mpc_node-6] [WARN] [1783589653.832428868] [px4_4.mpc_node_4]: DEBUG d4: x0=(-2.92,0.02,-0.01) ref0=(-3.00,0.00,-5.00) pred1=(-2.92,0.02,-0.01) leader=(0.00,0.00,-5.00)
[mpc_node-5] [WARN] [1783589653.838207083] [px4_3.mpc_node_3]: DEBUG d3: x0=(3.04,-0.03,0.01) ref0=(3.00,0.00,-5.00) pred1=(3.04,-0.03,0.01) leader=(0.00,0.00,-5.00)
[mpc_node-4] [WARN] [1783589653.840301770] [px4_2.mpc_node_2]: DEBUG d2: x0=(-0.00,-3.11,-0.04) ref0=(0.00,-3.00,-5.00) pred1=(-0.00,-3.11,-0.04) leader=(0.00,0.00,-5.00)
[mpc_node-3] [WARN] [1783589653.851978120] [px4_1.mpc_node_1]: DEBUG d1: x0=(-0.03,2.93,-0.10) ref0=(0.00,3.00,-5.00) pred1=(-0.03,2.93,-0.10) leader=(0.00,0.00,-5.00)
[mpc_node-6] [WARN] [1783589653.852251031] [px4_4.mpc_node_4]: DEBUG d4: x0=(-2.92,0.02,-0.01) ref0=(-3.00,0.00,-5.00) pred1=(-2.92,0.02,-0.01) leader=(0.00,0.00,-5.00)
[mpc_node-5] [WARN] [1783589653.857966219] [px4_3.mpc_node_3]: DEBUG d3: x0=(3.03,-0.03,0.01) ref0=(3.00,0.00,-5.00) pred1=(3.03,-0.02,0.01) leader=(0.00,0.00,-5.00)
[mpc_node-4] [WARN] [1783589653.860696253] [px4_2.mpc_node_2]: DEBUG d2: x0=(-0.00,-3.11,-0.03) ref0=(0.00,-3.00,-5.00) pred1=(-0.00,-3.11,-0.04) leader=(0.00,0.00,-5.00)
[mpc_node-2] [INFO] [1783589653.867544935] [px4_0.mpc_node_0]: drone 0: OFFBOARD + ARMED confirmed
[mpc_node-3] [WARN] [1783589653.872297633] [px4_1.mpc_node_1]: DEBUG d1: x0=(-0.03,2.92,-0.10) ref0=(0.00,3.00,-5.00) pred1=(-0.03,2.92,-0.10) leader=(0.00,0.00,-5.00)
[mpc_node-6] [WARN] [1783589653.873311439] [px4_4.mpc_node_4]: DEBUG d4: x0=(-2.92,0.02,-0.01) ref0=(-3.00,0.00,-5.00) pred1=(-2.92,0.02,-0.01) leader=(0.00,0.00,-5.00)
[mpc_node-4] [WARN] [1783589653.880649618] [px4_2.mpc_node_2]: DEBUG d2: x0=(-0.00,-3.11,-0.03) ref0=(0.00,-3.00,-5.00) pred1=(-0.00,-3.11,-0.04) leader=(0.00,0.00,-5.00)
[mpc_node-2] [WARN] [1783589653.889828086] [px4_0.mpc_node_0]: DEBUG d0: x0=(0.00,0.03,0.02) ref0=(0.00,0.00,-5.00) pred1=(0.00,0.03,0.01) leader=(0.00,0.00,-5.00)
[mpc_node-2] [WARN] [1783589653.910405269] [px4_0.mpc_node_0]: DEBUG d0: x0=(0.00,0.03,0.02) ref0=(0.00,0.00,-5.00) pred1=(0.00,0.03,0.01) leader=(0.00,0.00,-5.00)
[mpc_node-2] [WARN] [1783589653.929216236] [px4_0.mpc_node_0]: DEBUG d0: x0=(-0.00,0.03,0.02) ref0=(0.00,0.00,-5.00) pred1=(-0.00,0.03,0.01) leader=(0.00,0.00,-5.00)
[mpc_node-2] [WARN] [1783589653.949121209] [px4_0.mpc_node_0]: DEBUG d0: x0=(-0.00,0.03,0.02) ref0=(0.00,0.00,-5.00) pred1=(-0.00,0.03,0.02) leader=(0.00,0.00,-5.00)
[mpc_node-2] [WARN] [1783589653.969617289] [px4_0.mpc_node_0]: DEBUG d0: x0=(-0.01,0.03,0.03) ref0=(0.00,0.00,-5.00) pred1=(-0.01,0.03,0.02) leader=(0.00,0.00,-5.00)
[mpc_node-5] [INFO] [1783589654.757814749] [px4_3.mpc_node_3]: [d3] solve: status=0 time=0.23ms cost=95.4 pos=(3.01,-0.02,0.01) local=(0.08,-0.19,0.01) wbirth=(2.93,0.17,0.00) ref=(3.00,0.00) leader=(0.00,0.00) fallbacks=0
[mpc_node-3] [INFO] [1783589654.771919476] [px4_1.mpc_node_1]: [d1] solve: status=0 time=0.22ms cost=90.0 pos=(0.02,2.94,-0.10) local=(-0.09,0.15,-0.10) wbirth=(0.11,2.79,0.00) ref=(0.00,3.00) leader=(0.00,0.00) fallbacks=0
[mpc_node-6] [INFO] [1783589654.772275538] [px4_4.mpc_node_4]: [d4] solve: status=0 time=0.22ms cost=93.1 pos=(-2.92,-0.03,-0.03) local=(-0.24,-0.10,-0.03) wbirth=(-2.67,0.06,0.00) ref=(-3.00,0.00) leader=(0.00,0.00) fallbacks=0
[mpc_node-4] [INFO] [1783589654.780133399] [px4_2.mpc_node_2]: [d2] solve: status=0 time=0.22ms cost=92.7 pos=(-0.01,-3.14,-0.04) local=(-0.14,0.04,-0.04) wbirth=(0.12,-3.18,0.00) ref=(0.00,-3.00) leader=(0.00,0.00) fallbacks=0
[mpc_node-2] [INFO] [1783589654.868649137] [px4_0.mpc_node_0]: [d0] solve: status=0 time=0.26ms cost=100.7 pos=(-0.06,0.02,0.12) local=(0.20,-0.15,0.12) wbirth=(-0.26,0.17,0.00) ref=(0.00,0.00) leader=(0.00,0.00) fallbacks=0
[mpc_node-5] [INFO] [1783589655.759807025] [px4_3.mpc_node_3]: [d3] solve: status=0 time=0.23ms cost=95.0 pos=(2.99,0.01,0.00) local=(0.06,-0.15,0.00) wbirth=(2.93,0.17,0.00) ref=(3.00,0.00) leader=(0.00,0.00) fallbacks=0
[mpc_node-3] [INFO] [1783589655.771683682] [px4_1.mpc_node_1]: [d1] solve: status=0 time=0.22ms cost=91.6 pos=(0.06,2.95,-0.07) local=(-0.05,0.15,-0.07) wbirth=(0.11,2.79,0.00) ref=(0.00,3.00) leader=(0.00,0.00) fallbacks=0
[mpc_node-6] [INFO] [1783589655.772388074] [px4_4.mpc_node_4]: [d4] solve: status=0 time=0.27ms cost=91.6 pos=(-2.86,-0.05,-0.06) local=(-0.19,-0.11,-0.06) wbirth=(-2.67,0.06,0.00) ref=(-3.00,0.00) leader=(0.00,0.00) fallbacks=0
[mpc_node-4] [INFO] [1783589655.780279854] [px4_2.mpc_node_2]: [d2] solve: status=0 time=0.22ms cost=92.6 pos=(-0.05,-3.09,-0.05) local=(-0.17,0.09,-0.05) wbirth=(0.12,-3.18,0.00) ref=(0.00,-3.00) leader=(0.00,0.00) fallbacks=0
[mpc_node-2] [INFO] [1783589655.870338240] [px4_0.mpc_node_0]: [d0] solve: status=0 time=0.34ms cost=101.3 pos=(-0.11,0.03,0.13) local=(0.15,-0.14,0.13) wbirth=(-0.26,0.17,0.00) ref=(0.00,0.00) leader=(0.00,0.00) fallbacks=0
[mpc_node-5] [INFO] [1783589656.757438946] [px4_3.mpc_node_3]: [d3] solve: status=0 time=0.23ms cost=72.7 pos=(3.03,0.02,-0.28) local=(0.10,-0.15,-0.28) wbirth=(2.93,0.17,0.00) ref=(3.00,0.00) leader=(0.00,0.00) fallbacks=0
[mpc_node-3] [INFO] [1783589656.771716922] [px4_1.mpc_node_1]: [d1] solve: status=0 time=0.25ms cost=69.6 pos=(0.04,2.95,-0.34) local=(-0.07,0.16,-0.34) wbirth=(0.11,2.79,0.00) ref=(0.00,3.00) leader=(0.00,0.00) fallbacks=0
[mpc_node-6] [INFO] [1783589656.772338124] [px4_4.mpc_node_4]: [d4] solve: status=0 time=0.26ms cost=71.9 pos=(-2.90,0.01,-0.30) local=(-0.23,-0.06,-0.30) wbirth=(-2.67,0.06,0.00) ref=(-3.00,0.00) leader=(0.00,0.00) fallbacks=0
[mpc_node-4] [INFO] [1783589656.779701044] [px4_2.mpc_node_2]: [d2] solve: status=0 time=0.22ms cost=71.1 pos=(0.03,-3.03,-0.31) local=(-0.09,0.15,-0.31) wbirth=(0.12,-3.18,0.00) ref=(0.00,-3.00) leader=(0.00,0.00) fallbacks=0
[mpc_node-2] [INFO] [1783589656.868765539] [px4_0.mpc_node_0]: [d0] solve: status=0 time=0.30ms cost=77.6 pos=(0.07,0.03,-0.15) local=(0.33,-0.14,-0.15) wbirth=(-0.26,0.17,0.00) ref=(0.00,0.00) leader=(0.00,0.00) fallbacks=0
[mpc_node-5] [INFO] [1783589657.757470559] [px4_3.mpc_node_3]: [d3] solve: status=0 time=0.25ms cost=36.7 pos=(2.99,0.04,-1.26) local=(0.06,-0.13,-1.32) wbirth=(2.93,0.17,0.06) ref=(3.00,0.00) leader=(0.00,0.00) fallbacks=0
[mpc_node-3] [INFO] [1783589657.772891185] [px4_1.mpc_node_1]: [d1] solve: status=0 time=0.26ms cost=33.9 pos=(0.08,3.08,-1.36) local=(-0.03,0.28,-1.43) wbirth=(0.11,2.79,0.08) ref=(0.00,3.00) leader=(0.00,0.00) fallbacks=0
[mpc_node-6] [INFO] [1783589657.774066633] [px4_4.mpc_node_4]: [d4] solve: status=0 time=0.30ms cost=37.3 pos=(-2.96,0.09,-1.23) local=(-0.29,0.02,-1.30) wbirth=(-2.67,0.06,0.06) ref=(-3.00,0.00) leader=(0.00,0.00) fallbacks=0
[mpc_node-4] [INFO] [1783589657.780429347] [px4_2.mpc_node_2]: [d2] solve: status=0 time=0.33ms cost=35.4 pos=(0.13,-2.91,-1.30) local=(0.01,0.27,-1.37) wbirth=(0.12,-3.18,0.07) ref=(0.00,-3.00) leader=(0.00,0.00) fallbacks=0
[mpc_node-2] [INFO] [1783589657.869825740] [px4_0.mpc_node_0]: [d0] solve: status=0 time=0.34ms cost=38.1 pos=(0.15,0.08,-1.20) local=(0.41,-0.09,-1.20) wbirth=(-0.26,0.17,0.00) ref=(0.00,0.00) leader=(0.00,0.00) fallbacks=0
[mpc_node-5] [INFO] [1783589658.757957508] [px4_3.mpc_node_3]: [d3] solve: status=0 time=0.28ms cost=14.0 pos=(3.07,0.05,-2.31) local=(0.14,-0.11,-2.52) wbirth=(2.93,0.17,0.21) ref=(3.00,0.00) leader=(0.00,0.00) fallbacks=0
[mpc_node-3] [INFO] [1783589658.772510393] [px4_1.mpc_node_1]: [d1] solve: status=0 time=0.25ms cost=13.1 pos=(-0.00,3.13,-2.37) local=(-0.11,0.34,-2.61) wbirth=(0.11,2.79,0.24) ref=(0.00,3.00) leader=(0.00,0.00) fallbacks=0
[mpc_node-6] [INFO] [1783589658.773718697] [px4_4.mpc_node_4]: [d4] solve: status=0 time=0.38ms cost=14.3 pos=(-3.01,0.10,-2.29) local=(-0.33,0.03,-2.55) wbirth=(-2.67,0.06,0.26) ref=(-3.00,0.00) leader=(0.00,0.00) fallbacks=0
[mpc_node-4] [INFO] [1783589658.780864488] [px4_2.mpc_node_2]: [d2] solve: status=0 time=0.31ms cost=14.2 pos=(0.15,-2.87,-2.30) local=(0.03,0.31,-2.56) wbirth=(0.12,-3.18,0.27) ref=(0.00,-3.00) leader=(0.00,0.00) fallbacks=0
[mpc_node-2] [INFO] [1783589658.868964729] [px4_0.mpc_node_0]: [d0] solve: status=0 time=0.29ms cost=12.2 pos=(0.10,0.02,-2.44) local=(0.36,-0.15,-2.44) wbirth=(-0.26,0.17,0.00) ref=(0.00,0.00) leader=(0.00,0.00) fallbacks=0
[mpc_node-5] [INFO] [1783589659.757595067] [px4_3.mpc_node_3]: [d3] solve: status=0 time=0.17ms cost=2.7 pos=(3.07,0.01,-3.69) local=(0.14,-0.16,-3.90) wbirth=(2.93,0.17,0.21) ref=(3.00,0.00) leader=(0.00,0.00) fallbacks=0
[mpc_node-3] [INFO] [1783589659.772037566] [px4_1.mpc_node_1]: [d1] solve: status=0 time=0.17ms cost=2.5 pos=(-0.04,3.15,-3.76) local=(-0.14,0.35,-3.99) wbirth=(0.11,2.79,0.24) ref=(0.00,3.00) leader=(0.00,0.00) fallbacks=0
[mpc_node-6] [INFO] [1783589659.772455222] [px4_4.mpc_node_4]: [d4] solve: status=0 time=0.23ms cost=3.1 pos=(-3.04,0.15,-3.60) local=(-0.36,0.09,-3.86) wbirth=(-2.67,0.06,0.26) ref=(-3.00,0.00) leader=(0.00,0.00) fallbacks=0
[mpc_node-4] [INFO] [1783589659.780263987] [px4_2.mpc_node_2]: [d2] solve: status=0 time=0.20ms cost=2.9 pos=(0.08,-2.86,-3.64) local=(-0.04,0.32,-3.91) wbirth=(0.12,-3.18,0.27) ref=(0.00,-3.00) leader=(0.00,0.00) fallbacks=0
[mpc_node-2] [INFO] [1783589659.868891556] [px4_0.mpc_node_0]: [d0] solve: status=0 time=0.21ms cost=2.1 pos=(-0.03,-0.01,-3.85) local=(0.23,-0.18,-3.85) wbirth=(-0.26,0.17,0.00) ref=(0.00,0.00) leader=(0.00,0.00) fallbacks=0
[mpc_node-5] [INFO] [1783589660.758338964] [px4_3.mpc_node_3]: [d3] solve: status=0 time=0.18ms cost=0.5 pos=(3.05,-0.09,-4.47) local=(0.12,-0.25,-4.68) wbirth=(2.93,0.17,0.21) ref=(3.00,0.00) leader=(0.00,0.00) fallbacks=0
[mpc_node-3] [INFO] [1783589660.772386628] [px4_1.mpc_node_1]: [d1] solve: status=0 time=0.17ms cost=0.4 pos=(-0.07,3.04,-4.50) local=(-0.18,0.25,-4.74) wbirth=(0.11,2.79,0.24) ref=(0.00,3.00) leader=(0.00,0.00) fallbacks=0
[mpc_node-6] [INFO] [1783589660.773578116] [px4_4.mpc_node_4]: [d4] solve: status=0 time=0.17ms cost=0.5 pos=(-3.01,0.12,-4.43) local=(-0.34,0.05,-4.69) wbirth=(-2.67,0.06,0.26) ref=(-3.00,0.00) leader=(0.00,0.00) fallbacks=0
[mpc_node-4] [INFO] [1783589660.780347736] [px4_2.mpc_node_2]: [d2] solve: status=0 time=0.17ms cost=0.5 pos=(-0.01,-2.91,-4.47) local=(-0.13,0.27,-4.74) wbirth=(0.12,-3.18,0.27) ref=(0.00,-3.00) leader=(0.00,0.00) fallbacks=0
[mpc_node-2] [INFO] [1783589660.869015268] [px4_0.mpc_node_0]: [d0] solve: status=0 time=0.18ms cost=0.3 pos=(-0.05,-0.07,-4.61) local=(0.21,-0.24,-4.61) wbirth=(-0.26,0.17,0.00) ref=(0.00,0.00) leader=(0.00,0.00) fallbacks=0
[mpc_node-5] [INFO] [1783589661.757677157] [px4_3.mpc_node_3]: [d3] solve: status=0 time=0.18ms cost=0.1 pos=(3.08,-0.04,-4.74) local=(0.15,-0.21,-4.95) wbirth=(2.93,0.17,0.21) ref=(3.00,0.00) leader=(0.00,0.00) fallbacks=0
[mpc_node-3] [INFO] [1783589661.772797563] [px4_1.mpc_node_1]: [d1] solve: status=0 time=0.14ms cost=0.1 pos=(0.00,2.90,-4.76) local=(-0.10,0.11,-5.00) wbirth=(0.11,2.79,0.24) ref=(0.00,3.00) leader=(0.00,0.00) fallbacks=0
[mpc_node-6] [INFO] [1783589661.772850056] [px4_4.mpc_node_4]: [d4] solve: status=0 time=0.14ms cost=0.1 pos=(-3.03,-0.01,-4.73) local=(-0.36,-0.08,-4.99) wbirth=(-2.67,0.06,0.26) ref=(-3.00,0.00) leader=(0.00,0.00) fallbacks=0
[mpc_node-4] [INFO] [1783589661.780628238] [px4_2.mpc_node_2]: [d2] solve: status=0 time=0.17ms cost=0.1 pos=(-0.10,-2.96,-4.79) local=(-0.22,0.22,-5.07) wbirth=(0.12,-3.18,0.27) ref=(0.00,-3.00) leader=(0.00,0.00) fallbacks=0
[mpc_node-2] [INFO] [1783589661.869518236] [px4_0.mpc_node_0]: [d0] solve: status=0 time=0.18ms cost=0.1 pos=(-0.14,-0.05,-4.77) local=(0.12,-0.22,-4.77) wbirth=(-0.26,0.17,0.00) ref=(0.00,0.00) leader=(0.00,0.00) fallbacks=0
[mpc_node-5] [INFO] [1783589662.757522667] [px4_3.mpc_node_3]: [d3] solve: status=0 time=0.17ms cost=0.0 pos=(3.03,-0.03,-4.87) local=(0.10,-0.19,-5.08) wbirth=(2.93,0.17,0.21) ref=(3.00,0.00) leader=(0.00,0.00) fallbacks=0
[mpc_node-6] [INFO] [1783589662.772061479] [px4_4.mpc_node_4]: [d4] solve: status=0 time=0.14ms cost=0.0 pos=(-3.03,-0.10,-4.91) local=(-0.35,-0.16,-5.16) wbirth=(-2.67,0.06,0.26) ref=(-3.00,0.00) leader=(0.00,0.00) fallbacks=0
[mpc_node-3] [INFO] [1783589662.772587146] [px4_1.mpc_node_1]: [d1] solve: status=0 time=0.20ms cost=0.1 pos=(-0.03,2.79,-4.88) local=(-0.14,-0.01,-5.12) wbirth=(0.11,2.79,0.24) ref=(0.00,3.00) leader=(0.00,0.00) fallbacks=0
[mpc_node-4] [INFO] [1783589662.780168009] [px4_2.mpc_node_2]: [d2] solve: status=0 time=0.14ms cost=0.1 pos=(-0.09,-3.07,-4.88) local=(-0.21,0.11,-5.15) wbirth=(0.12,-3.18,0.27) ref=(0.00,-3.00) leader=(0.00,0.00) fallbacks=0
[mpc_node-2] [INFO] [1783589662.869546384] [px4_0.mpc_node_0]: [d0] solve: status=0 time=0.20ms cost=0.1 pos=(-0.16,-0.02,-4.93) local=(0.10,-0.19,-4.93) wbirth=(-0.26,0.17,0.00) ref=(0.00,0.00) leader=(0.00,0.00) fallbacks=0
[mpc_node-5] [INFO] [1783589663.757764977] [px4_3.mpc_node_3]: [d3] solve: status=0 time=0.17ms cost=0.0 pos=(2.97,0.04,-4.89) local=(0.04,-0.13,-5.11) wbirth=(2.93,0.17,0.21) ref=(3.00,0.00) leader=(0.00,0.00) fallbacks=0
[mpc_node-3] [INFO] [1783589663.771815132] [px4_1.mpc_node_1]: [d1] solve: status=0 time=0.14ms cost=0.1 pos=(-0.08,2.77,-4.93) local=(-0.18,-0.03,-5.17) wbirth=(0.11,2.79,0.24) ref=(0.00,3.00) leader=(0.00,0.00) fallbacks=0
[mpc_node-6] [INFO] [1783589663.772000074] [px4_4.mpc_node_4]: [d4] solve: status=0 time=0.14ms cost=0.1 pos=(-2.98,-0.15,-4.92) local=(-0.31,-0.21,-5.18) wbirth=(-2.67,0.06,0.26) ref=(-3.00,0.00) leader=(0.00,0.00) fallbacks=0
[mpc_node-4] [INFO] [1783589663.780155732] [px4_2.mpc_node_2]: [d2] solve: status=0 time=0.17ms cost=0.0 pos=(-0.03,-3.14,-4.97) local=(-0.16,0.04,-5.25) wbirth=(0.12,-3.18,0.27) ref=(0.00,-3.00) leader=(0.00,0.00) fallbacks=0
[mpc_node-2] [INFO] [1783589663.869197834] [px4_0.mpc_node_0]: [d0] solve: status=0 time=0.18ms cost=0.0 pos=(-0.03,-0.04,-4.90) local=(0.24,-0.20,-4.90) wbirth=(-0.26,0.17,0.00) ref=(0.00,0.00) leader=(0.00,0.00) fallbacks=0
[mpc_node-5] [INFO] [1783589664.757613401] [px4_3.mpc_node_3]: [d3] solve: status=0 time=0.14ms cost=0.1 pos=(2.97,0.15,-4.93) local=(0.04,-0.02,-5.15) wbirth=(2.93,0.17,0.21) ref=(3.00,0.00) leader=(0.00,0.00) fallbacks=0
[mpc_node-3] [INFO] [1783589664.771552265] [px4_1.mpc_node_1]: [d1] solve: status=0 time=0.15ms cost=0.1 pos=(-0.08,2.83,-4.92) local=(-0.18,0.03,-5.16) wbirth=(0.11,2.79,0.24) ref=(0.00,3.00) leader=(0.00,0.00) fallbacks=0
[mpc_node-6] [INFO] [1783589664.771922015] [px4_4.mpc_node_4]: [d4] solve: status=0 time=0.15ms cost=0.1 pos=(-2.93,-0.13,-4.87) local=(-0.25,-0.19,-5.13) wbirth=(-2.67,0.06,0.26) ref=(-3.00,0.00) leader=(0.00,0.00) fallbacks=0
[mpc_node-4] [INFO] [1783589664.779810158] [px4_2.mpc_node_2]: [d2] solve: status=0 time=0.14ms cost=0.1 pos=(-0.03,-3.18,-4.93) local=(-0.15,-0.00,-5.21) wbirth=(0.12,-3.18,0.27) ref=(0.00,-3.00) leader=(0.00,0.00) fallbacks=0
[mpc_node-2] [INFO] [1783589664.869309298] [px4_0.mpc_node_0]: [d0] solve: status=0 time=0.21ms cost=0.0 pos=(0.08,-0.07,-4.96) local=(0.34,-0.23,-4.96) wbirth=(-0.26,0.17,0.00) ref=(0.00,0.00) leader=(0.00,0.00) fallbacks=0
[mpc_node-5] [INFO] [1783589665.757674038] [px4_3.mpc_node_3]: [d3] solve: status=0 time=0.17ms cost=0.0 pos=(2.91,0.06,-5.00) local=(-0.02,-0.11,-5.22) wbirth=(2.93,0.17,0.21) ref=(3.00,0.00) leader=(0.00,0.00) fallbacks=0
[mpc_node-3] [INFO] [1783589665.771952053] [px4_1.mpc_node_1]: [d1] solve: status=0 time=0.17ms cost=0.0 pos=(0.04,2.93,-4.96) local=(-0.07,0.14,-5.20) wbirth=(0.11,2.79,0.24) ref=(0.00,3.00) leader=(0.00,0.00) fallbacks=0
[mpc_node-6] [INFO] [1783589665.772470929] [px4_4.mpc_node_4]: [d4] solve: status=0 time=0.17ms cost=0.0 pos=(-2.90,-0.06,-4.96) local=(-0.23,-0.12,-5.22) wbirth=(-2.67,0.06,0.26) ref=(-3.00,0.00) leader=(0.00,0.00) fallbacks=0
[mpc_node-4] [INFO] [1783589665.780132284] [px4_2.mpc_node_2]: [d2] solve: status=0 time=0.17ms cost=0.0 pos=(0.03,-3.12,-4.99) local=(-0.09,0.06,-5.26) wbirth=(0.12,-3.18,0.27) ref=(0.00,-3.00) leader=(0.00,0.00) fallbacks=0
[mpc_node-2] [INFO] [1783589665.868850409] [px4_0.mpc_node_0]: [d0] solve: status=0 time=0.18ms cost=0.1 pos=(0.15,-0.03,-5.04) local=(0.41,-0.20,-5.04) wbirth=(-0.26,0.17,0.00) ref=(0.00,0.00) leader=(0.00,0.00) fallbacks=0
[mpc_node-5] [INFO] [1783589666.757816776] [px4_3.mpc_node_3]: [d3] solve: status=0 time=0.17ms cost=0.0 pos=(2.94,-0.03,-4.99) local=(0.01,-0.19,-5.20) wbirth=(2.93,0.17,0.21) ref=(3.00,0.00) leader=(0.00,0.00) fallbacks=0
[mpc_node-3] [INFO] [1783589666.772041735] [px4_1.mpc_node_1]: [d1] solve: status=0 time=0.14ms cost=0.0 pos=(0.06,3.08,-5.01) local=(-0.05,0.29,-5.25) wbirth=(0.11,2.79,0.24) ref=(0.00,3.00) leader=(0.00,0.00) fallbacks=0
[mpc_node-6] [INFO] [1783589666.772671208] [px4_4.mpc_node_4]: [d4] solve: status=0 time=0.20ms cost=0.0 pos=(-2.90,0.04,-5.03) local=(-0.23,-0.03,-5.29) wbirth=(-2.67,0.06,0.26) ref=(-3.00,0.00) leader=(0.00,0.00) fallbacks=0
[mpc_node-4] [INFO] [1783589666.779881874] [px4_2.mpc_node_2]: [d2] solve: status=0 time=0.14ms cost=0.0 pos=(0.06,-3.04,-4.99) local=(-0.06,0.14,-5.26) wbirth=(0.12,-3.18,0.27) ref=(0.00,-3.00) leader=(0.00,0.00) fallbacks=0
[mpc_node-2] [INFO] [1783589666.868554228] [px4_0.mpc_node_0]: [d0] solve: status=0 time=0.18ms cost=0.0 pos=(0.05,0.00,-5.00) local=(0.31,-0.17,-5.00) wbirth=(-0.26,0.17,0.00) ref=(0.00,0.00) leader=(0.00,0.00) fallbacks=0
[mpc_node-5] [INFO] [1783589667.758315660] [px4_3.mpc_node_3]: [d3] solve: status=0 time=0.16ms cost=0.0 pos=(3.05,-0.09,-5.00) local=(0.12,-0.26,-5.22) wbirth=(2.93,0.17,0.21) ref=(3.00,0.00) leader=(0.00,0.00) fallbacks=0
[mpc_node-3] [INFO] [1783589667.771902657] [px4_1.mpc_node_1]: [d1] solve: status=0 time=0.20ms cost=0.1 pos=(0.05,3.15,-5.02) local=(-0.06,0.35,-5.26) wbirth=(0.11,2.79,0.24) ref=(0.00,3.00) leader=(0.00,0.00) fallbacks=0
[mpc_node-6] [INFO] [1783589667.772364769] [px4_4.mpc_node_4]: [d4] solve: status=0 time=0.20ms cost=0.0 pos=(-2.99,0.06,-5.00) local=(-0.31,-0.00,-5.26) wbirth=(-2.67,0.06,0.26) ref=(-3.00,0.00) leader=(0.00,0.00) fallbacks=0
[mpc_node-4] [INFO] [1783589667.780176050] [px4_2.mpc_node_2]: [d2] solve: status=0 time=0.17ms cost=0.0 pos=(0.07,-2.99,-4.98) local=(-0.06,0.19,-5.25) wbirth=(0.12,-3.18,0.27) ref=(0.00,-3.00) leader=(0.00,0.00) fallbacks=0
[mpc_node-2] [INFO] [1783589667.870100680] [px4_0.mpc_node_0]: [d0] solve: status=0 time=0.18ms cost=0.0 pos=(-0.04,0.06,-4.92) local=(0.22,-0.11,-4.92) wbirth=(-0.26,0.17,0.00) ref=(0.00,0.00) leader=(0.00,0.00) fallbacks=0
[mpc_node-5] [INFO] [1783589668.757674558] [px4_3.mpc_node_3]: [d3] solve: status=0 time=0.14ms cost=0.0 pos=(3.04,-0.09,-4.98) local=(0.11,-0.26,-5.19) wbirth=(2.93,0.17,0.21) ref=(3.00,0.00) leader=(0.00,0.00) fallbacks=0
[mpc_node-3] [INFO] [1783589668.771655096] [px4_1.mpc_node_1]: [d1] solve: status=0 time=0.17ms cost=0.0 pos=(0.07,3.13,-4.95) local=(-0.04,0.34,-5.18) wbirth=(0.11,2.79,0.24) ref=(0.00,3.00) leader=(0.00,0.00) fallbacks=0
[mpc_node-6] [INFO] [1783589668.771952036] [px4_4.mpc_node_4]: [d4] solve: status=0 time=0.17ms cost=0.0 pos=(-3.03,0.09,-5.05) local=(-0.35,0.03,-5.31) wbirth=(-2.67,0.06,0.26) ref=(-3.00,0.00) leader=(0.00,0.00) fallbacks=0
[mpc_node-4] [INFO] [1783589668.779605492] [px4_2.mpc_node_2]: [d2] solve: status=0 time=0.14ms cost=0.0 pos=(0.11,-2.98,-4.99) local=(-0.01,0.20,-5.27) wbirth=(0.12,-3.18,0.27) ref=(0.00,-3.00) leader=(0.00,0.00) fallbacks=0
[mpc_node-2] [INFO] [1783589668.868455743] [px4_0.mpc_node_0]: [d0] solve: status=0 time=0.18ms cost=0.1 pos=(-0.16,0.05,-4.95) local=(0.10,-0.12,-4.95) wbirth=(-0.26,0.17,0.00) ref=(0.00,0.00) leader=(0.00,0.00) fallbacks=0
[mpc_node-5] [INFO] [1783589669.757781960] [px4_3.mpc_node_3]: [d3] solve: status=0 time=0.17ms cost=0.0 pos=(3.07,-0.09,-5.03) local=(0.15,-0.25,-5.25) wbirth=(2.93,0.17,0.21) ref=(3.00,0.00) leader=(0.00,0.00) fallbacks=0
[mpc_node-3] [INFO] [1783589669.771687184] [px4_1.mpc_node_1]: [d1] solve: status=0 time=0.17ms cost=0.0 pos=(-0.01,3.11,-4.98) local=(-0.12,0.32,-5.22) wbirth=(0.11,2.79,0.24) ref=(0.00,3.00) leader=(0.00,0.00) fallbacks=0
[mpc_node-6] [INFO] [1783589669.772205466] [px4_4.mpc_node_4]: [d4] solve: status=0 time=0.17ms cost=0.0 pos=(-3.13,0.00,-5.05) local=(-0.45,-0.06,-5.31) wbirth=(-2.67,0.06,0.26) ref=(-3.00,0.00) leader=(0.00,0.00) fallbacks=0
[mpc_node-4] [INFO] [1783589669.780329457] [px4_2.mpc_node_2]: [d2] solve: status=0 time=0.20ms cost=0.0 pos=(0.10,-2.94,-5.04) local=(-0.02,0.24,-5.31) wbirth=(0.12,-3.18,0.27) ref=(0.00,-3.00) leader=(0.00,0.00) fallbacks=0
[mpc_node-2] [INFO] [1783589669.868302581] [px4_0.mpc_node_0]: [d0] solve: status=0 time=0.18ms cost=0.0 pos=(-0.10,0.05,-5.01) local=(0.16,-0.12,-5.01) wbirth=(-0.26,0.17,0.00) ref=(0.00,0.00) leader=(0.00,0.00) fallbacks=0
[mpc_node-5] [INFO] [1783589670.757786316] [px4_3.mpc_node_3]: [d3] solve: status=0 time=0.18ms cost=0.0 pos=(3.04,-0.08,-5.08) local=(0.11,-0.25,-5.29) wbirth=(2.93,0.17,0.21) ref=(3.00,0.00) leader=(0.00,0.00) fallbacks=0
[mpc_node-3] [INFO] [1783589670.772158592] [px4_1.mpc_node_1]: [d1] solve: status=0 time=0.17ms cost=0.0 pos=(-0.13,3.02,-5.02) local=(-0.23,0.23,-5.26) wbirth=(0.11,2.79,0.24) ref=(0.00,3.00) leader=(0.00,0.00) fallbacks=0
[mpc_node-6] [INFO] [1783589670.772876156] [px4_4.mpc_node_4]: [d4] solve: status=0 time=0.14ms cost=0.0 pos=(-3.08,-0.06,-5.01) local=(-0.41,-0.13,-5.27) wbirth=(-2.67,0.06,0.26) ref=(-3.00,0.00) leader=(0.00,0.00) fallbacks=0
[mpc_node-4] [INFO] [1783589670.780815376] [px4_2.mpc_node_2]: [d2] solve: status=0 time=0.17ms cost=0.0 pos=(0.03,-2.90,-5.03) local=(-0.09,0.28,-5.30) wbirth=(0.12,-3.18,0.27) ref=(0.00,-3.00) leader=(0.00,0.00) fallbacks=0
[mpc_node-2] [INFO] [1783589670.869098913] [px4_0.mpc_node_0]: [d0] solve: status=0 time=0.18ms cost=0.0 pos=(0.02,0.02,-5.00) local=(0.28,-0.15,-5.00) wbirth=(-0.26,0.17,0.00) ref=(0.00,0.00) leader=(0.00,0.00) fallbacks=0
[mpc_node-5] [INFO] [1783589671.757769088] [px4_3.mpc_node_3]: [d3] solve: status=0 time=0.17ms cost=0.0 pos=(2.98,0.03,-4.95) local=(0.05,-0.14,-5.17) wbirth=(2.93,0.17,0.21) ref=(3.00,0.00) leader=(0.00,0.00) fallbacks=0
[mpc_node-3] [INFO] [1783589671.772194858] [px4_1.mpc_node_1]: [d1] solve: status=0 time=0.14ms cost=0.1 pos=(-0.16,2.91,-5.00) local=(-0.27,0.12,-5.24) wbirth=(0.11,2.79,0.24) ref=(0.00,3.00) leader=(0.00,0.00) fallbacks=0
[mpc_node-6] [INFO] [1783589671.772864096] [px4_4.mpc_node_4]: [d4] solve: status=0 time=0.14ms cost=0.0 pos=(-3.04,-0.05,-5.00) local=(-0.37,-0.12,-5.26) wbirth=(-2.67,0.06,0.26) ref=(-3.00,0.00) leader=(0.00,0.00) fallbacks=0
[mpc_node-4] [INFO] [1783589671.780315171] [px4_2.mpc_node_2]: [d2] solve: status=0 time=0.17ms cost=0.1 pos=(-0.14,-2.95,-5.01) local=(-0.26,0.23,-5.28) wbirth=(0.12,-3.18,0.27) ref=(0.00,-3.00) leader=(0.00,0.00) fallbacks=0
[mpc_node-2] [INFO] [1783589671.868894046] [px4_0.mpc_node_0]: [d0] solve: status=0 time=0.15ms cost=0.0 pos=(0.09,0.01,-4.99) local=(0.35,-0.15,-4.99) wbirth=(-0.26,0.17,0.00) ref=(0.00,0.00) leader=(0.00,0.00) fallbacks=0
[mpc_node-5] [INFO] [1783589672.757731253] [px4_3.mpc_node_3]: [d3] solve: status=0 time=0.17ms cost=0.0 pos=(2.95,0.09,-4.94) local=(0.02,-0.07,-5.16) wbirth=(2.93,0.17,0.21) ref=(3.00,0.00) leader=(0.00,0.00) fallbacks=0
[mpc_node-6] [INFO] [1783589672.772283362] [px4_4.mpc_node_4]: [d4] solve: status=0 time=0.17ms cost=0.0 pos=(-3.08,-0.04,-5.01) local=(-0.40,-0.10,-5.27) wbirth=(-2.67,0.06,0.26) ref=(-3.00,0.00) leader=(0.00,0.00) fallbacks=0
[mpc_node-3] [INFO] [1783589672.772419563] [px4_1.mpc_node_1]: [d1] solve: status=0 time=0.17ms cost=0.0 pos=(-0.08,2.90,-5.06) local=(-0.19,0.10,-5.30) wbirth=(0.11,2.79,0.24) ref=(0.00,3.00) leader=(0.00,0.00) fallbacks=0
[mpc_node-4] [INFO] [1783589672.780611794] [px4_2.mpc_node_2]: [d2] solve: status=0 time=0.17ms cost=0.1 pos=(-0.24,-2.93,-4.98) local=(-0.36,0.25,-5.26) wbirth=(0.12,-3.18,0.27) ref=(0.00,-3.00) leader=(0.00,0.00) fallbacks=0
[mpc_node-2] [INFO] [1783589672.869152386] [px4_0.mpc_node_0]: [d0] solve: status=0 time=0.16ms cost=0.1 pos=(0.16,0.02,-5.04) local=(0.42,-0.15,-5.04) wbirth=(-0.26,0.17,0.00) ref=(0.00,0.00) leader=(0.00,0.00) fallbacks=0
[mpc_node-5] [INFO] [1783589673.757939874] [px4_3.mpc_node_3]: [d3] solve: status=0 time=0.17ms cost=0.0 pos=(2.94,0.14,-4.99) local=(0.02,-0.03,-5.20) wbirth=(2.93,0.17,0.21) ref=(3.00,0.00) leader=(0.00,0.00) fallbacks=0
[mpc_node-3] [INFO] [1783589673.772193579] [px4_1.mpc_node_1]: [d1] solve: status=0 time=0.14ms cost=0.0 pos=(0.04,2.90,-4.94) local=(-0.06,0.11,-5.18) wbirth=(0.11,2.79,0.24) ref=(0.00,3.00) leader=(0.00,0.00) fallbacks=0
[mpc_node-6] [INFO] [1783589673.772497044] [px4_4.mpc_node_4]: [d4] solve: status=0 time=0.15ms cost=0.0 pos=(-3.02,-0.04,-4.95) local=(-0.34,-0.10,-5.21) wbirth=(-2.67,0.06,0.26) ref=(-3.00,0.00) leader=(0.00,0.00) fallbacks=0
[mpc_node-4] [INFO] [1783589673.780371710] [px4_2.mpc_node_2]: [d2] solve: status=0 time=0.17ms cost=0.1 pos=(-0.23,-2.97,-4.95) local=(-0.35,0.22,-5.23) wbirth=(0.12,-3.18,0.27) ref=(0.00,-3.00) leader=(0.00,0.00) fallbacks=0
[mpc_node-2] [INFO] [1783589673.868655842] [px4_0.mpc_node_0]: [d0] solve: status=0 time=0.15ms cost=0.0 pos=(0.15,-0.00,-5.00) local=(0.41,-0.17,-5.00) wbirth=(-0.26,0.17,0.00) ref=(0.00,0.00) leader=(0.00,0.00) fallbacks=0
[mpc_node-5] [INFO] [1783589674.758133307] [px4_3.mpc_node_3]: [d3] solve: status=0 time=0.20ms cost=0.0 pos=(2.89,0.08,-4.95) local=(-0.04,-0.08,-5.16) wbirth=(2.93,0.17,0.21) ref=(3.00,0.00) leader=(0.00,0.00) fallbacks=0
[mpc_node-3] [INFO] [1783589674.772317129] [px4_1.mpc_node_1]: [d1] solve: status=0 time=0.17ms cost=0.0 pos=(0.09,2.94,-5.00) local=(-0.02,0.14,-5.24) wbirth=(0.11,2.79,0.24) ref=(0.00,3.00) leader=(0.00,0.00) fallbacks=0
[mpc_node-6] [INFO] [1783589674.772963949] [px4_4.mpc_node_4]: [d4] solve: status=0 time=0.17ms cost=0.0 pos=(-2.97,0.02,-4.99) local=(-0.29,-0.04,-5.25) wbirth=(-2.67,0.06,0.26) ref=(-3.00,0.00) leader=(0.00,0.00) fallbacks=0
[mpc_node-4] [INFO] [1783589674.780419681] [px4_2.mpc_node_2]: [d2] solve: status=0 time=0.17ms cost=0.0 pos=(-0.04,-3.00,-4.99) local=(-0.16,0.18,-5.26) wbirth=(0.12,-3.18,0.27) ref=(0.00,-3.00) leader=(0.00,0.00) fallbacks=0
[mpc_node-2] [INFO] [1783589674.869212962] [px4_0.mpc_node_0]: [d0] solve: status=0 time=0.21ms cost=0.0 pos=(0.05,0.00,-5.03) local=(0.31,-0.17,-5.03) wbirth=(-0.26,0.17,0.00) ref=(0.00,0.00) leader=(0.00,0.00) fallbacks=0
[mpc_node-5] [INFO] [1783589675.758835157] [px4_3.mpc_node_3]: [d3] solve: status=0 time=0.18ms cost=0.0 pos=(2.95,0.00,-4.96) local=(0.02,-0.16,-5.17) wbirth=(2.93,0.17,0.21) ref=(3.00,0.00) leader=(0.00,0.00) fallbacks=0
[mpc_node-3] [INFO] [1783589675.771991496] [px4_1.mpc_node_1]: [d1] solve: status=0 time=0.21ms cost=0.0 pos=(0.10,3.08,-5.01) local=(-0.01,0.29,-5.25) wbirth=(0.11,2.79,0.24) ref=(0.00,3.00) leader=(0.00,0.00) fallbacks=0
[mpc_node-6] [INFO] [1783589675.772417628] [px4_4.mpc_node_4]: [d4] solve: status=0 time=0.21ms cost=0.0 pos=(-2.97,0.07,-5.01) local=(-0.30,0.01,-5.27) wbirth=(-2.67,0.06,0.26) ref=(-3.00,0.00) leader=(0.00,0.00) fallbacks=0
[mpc_node-4] [INFO] [1783589675.779944589] [px4_2.mpc_node_2]: [d2] solve: status=0 time=0.17ms cost=0.0 pos=(0.10,-3.07,-4.99) local=(-0.02,0.11,-5.26) wbirth=(0.12,-3.18,0.27) ref=(0.00,-3.00) leader=(0.00,0.00) fallbacks=0
[mpc_node-2] [INFO] [1783589675.868701268] [px4_0.mpc_node_0]: [d0] solve: status=0 time=0.18ms cost=0.1 pos=(-0.15,0.00,-5.03) local=(0.11,-0.17,-5.03) wbirth=(-0.26,0.17,0.00) ref=(0.00,0.00) leader=(0.00,0.00) fallbacks=0
[mpc_node-5] [INFO] [1783589676.758608626] [px4_3.mpc_node_3]: [d3] solve: status=0 time=0.20ms cost=0.0 pos=(2.98,0.00,-5.00) local=(0.06,-0.17,-5.21) wbirth=(2.93,0.17,0.21) ref=(3.00,0.00) leader=(0.00,0.00) fallbacks=0
[mpc_node-3] [INFO] [1783589676.771673757] [px4_1.mpc_node_1]: [d1] solve: status=0 time=0.17ms cost=0.0 pos=(0.06,3.12,-5.02) local=(-0.05,0.33,-5.26) wbirth=(0.11,2.79,0.24) ref=(0.00,3.00) leader=(0.00,0.00) fallbacks=0
[mpc_node-6] [INFO] [1783589676.771879740] [px4_4.mpc_node_4]: [d4] solve: status=0 time=0.14ms cost=0.0 pos=(-2.98,0.07,-5.06) local=(-0.31,0.01,-5.32) wbirth=(-2.67,0.06,0.26) ref=(-3.00,0.00) leader=(0.00,0.00) fallbacks=0
[mpc_node-4] [INFO] [1783589676.779697569] [px4_2.mpc_node_2]: [d2] solve: status=0 time=0.14ms cost=0.1 pos=(0.15,-3.09,-5.01) local=(0.03,0.09,-5.28) wbirth=(0.12,-3.18,0.27) ref=(0.00,-3.00) leader=(0.00,0.00) fallbacks=0
[mpc_node-2] [INFO] [1783589676.868821921] [px4_0.mpc_node_0]: [d0] solve: status=0 time=0.15ms cost=0.1 pos=(-0.19,0.01,-4.98) local=(0.07,-0.16,-4.98) wbirth=(-0.26,0.17,0.00) ref=(0.00,0.00) leader=(0.00,0.00) fallbacks=0
[mpc_node-5] [INFO] [1783589677.758488598] [px4_3.mpc_node_3]: [d3] solve: status=0 time=0.17ms cost=0.1 pos=(3.13,-0.07,-5.00) local=(0.20,-0.23,-5.21) wbirth=(2.93,0.17,0.21) ref=(3.00,0.00) leader=(0.00,0.00) fallbacks=0
[mpc_node-3] [INFO] [1783589677.771860052] [px4_1.mpc_node_1]: [d1] solve: status=0 time=0.18ms cost=0.0 pos=(0.08,3.10,-5.06) local=(-0.02,0.30,-5.30) wbirth=(0.11,2.79,0.24) ref=(0.00,3.00) leader=(0.00,0.00) fallbacks=0
[mpc_node-6] [INFO] [1783589677.772454225] [px4_4.mpc_node_4]: [d4] solve: status=0 time=0.20ms cost=0.0 pos=(-2.99,0.01,-4.96) local=(-0.32,-0.05,-5.22) wbirth=(-2.67,0.06,0.26) ref=(-3.00,0.00) leader=(0.00,0.00) fallbacks=0
[mpc_node-4] [INFO] [1783589677.779632887] [px4_2.mpc_node_2]: [d2] solve: status=0 time=0.14ms cost=0.0 pos=(0.13,-3.04,-4.98) local=(0.01,0.14,-5.25) wbirth=(0.12,-3.18,0.27) ref=(0.00,-3.00) leader=(0.00,0.00) fallbacks=0
[mpc_node-2] [INFO] [1783589677.868997135] [px4_0.mpc_node_0]: [d0] solve: status=0 time=0.21ms cost=0.1 pos=(-0.16,0.02,-4.99) local=(0.10,-0.15,-4.99) wbirth=(-0.26,0.17,0.00) ref=(0.00,0.00) leader=(0.00,0.00) fallbacks=0
[mpc_node-5] [INFO] [1783589678.757775644] [px4_3.mpc_node_3]: [d3] solve: status=0 time=0.20ms cost=0.0 pos=(3.14,-0.05,-5.02) local=(0.21,-0.22,-5.24) wbirth=(2.93,0.17,0.21) ref=(3.00,0.00) leader=(0.00,0.00) fallbacks=0
[mpc_node-6] [INFO] [1783589678.771956323] [px4_4.mpc_node_4]: [d4] solve: status=0 time=0.17ms cost=0.0 pos=(-3.00,0.01,-5.00) local=(-0.32,-0.05,-5.26) wbirth=(-2.67,0.06,0.26) ref=(-3.00,0.00) leader=(0.00,0.00) fallbacks=0
[mpc_node-3] [INFO] [1783589678.771987617] [px4_1.mpc_node_1]: [d1] solve: status=0 time=0.14ms cost=0.0 pos=(0.05,3.05,-5.08) local=(-0.05,0.25,-5.32) wbirth=(0.11,2.79,0.24) ref=(0.00,3.00) leader=(0.00,0.00) fallbacks=0
[mpc_node-4] [INFO] [1783589678.780033424] [px4_2.mpc_node_2]: [d2] solve: status=0 time=0.15ms cost=0.0 pos=(0.11,-2.95,-4.97) local=(-0.01,0.24,-5.24) wbirth=(0.12,-3.18,0.27) ref=(0.00,-3.00) leader=(0.00,0.00) fallbacks=0
[mpc_node-2] [INFO] [1783589678.868476344] [px4_0.mpc_node_0]: [d0] solve: status=0 time=0.18ms cost=0.0 pos=(-0.11,-0.02,-4.94) local=(0.16,-0.19,-4.94) wbirth=(-0.26,0.17,0.00) ref=(0.00,0.00) leader=(0.00,0.00) fallbacks=0
[mpc_node-5] [INFO] [1783589679.758503071] [px4_3.mpc_node_3]: [d3] solve: status=0 time=0.14ms cost=0.0 pos=(3.03,-0.00,-5.07) local=(0.10,-0.17,-5.28) wbirth=(2.93,0.17,0.21) ref=(3.00,0.00) leader=(0.00,0.00) fallbacks=0
[mpc_node-3] [INFO] [1783589679.771729704] [px4_1.mpc_node_1]: [d1] solve: status=0 time=0.14ms cost=0.0 pos=(0.00,2.97,-5.05) local=(-0.10,0.17,-5.28) wbirth=(0.11,2.79,0.24) ref=(0.00,3.00) leader=(0.00,0.00) fallbacks=0
[mpc_node-6] [INFO] [1783589679.771977913] [px4_4.mpc_node_4]: [d4] solve: status=0 time=0.14ms cost=0.0 pos=(-2.97,0.01,-5.01) local=(-0.30,-0.06,-5.27) wbirth=(-2.67,0.06,0.26) ref=(-3.00,0.00) leader=(0.00,0.00) fallbacks=0
[mpc_node-4] [INFO] [1783589679.780267668] [px4_2.mpc_node_2]: [d2] solve: status=0 time=0.20ms cost=0.0 pos=(-0.02,-2.97,-4.99) local=(-0.14,0.21,-5.26) wbirth=(0.12,-3.18,0.27) ref=(0.00,-3.00) leader=(0.00,0.00) fallbacks=0
[mpc_node-2] [INFO] [1783589679.868742349] [px4_0.mpc_node_0]: [d0] solve: status=0 time=0.18ms cost=0.0 pos=(-0.03,-0.05,-5.00) local=(0.23,-0.22,-5.00) wbirth=(-0.26,0.17,0.00) ref=(0.00,0.00) leader=(0.00,0.00) fallbacks=0
[mpc_node-5] [INFO] [1783589680.758047885] [px4_3.mpc_node_3]: [d3] solve: status=0 time=0.17ms cost=0.0 pos=(2.95,0.02,-5.06) local=(0.02,-0.15,-5.28) wbirth=(2.93,0.17,0.21) ref=(3.00,0.00) leader=(0.00,0.00) fallbacks=0
[mpc_node-3] [INFO] [1783589680.771539457] [px4_1.mpc_node_1]: [d1] solve: status=0 time=0.14ms cost=0.0 pos=(-0.09,2.94,-4.99) local=(-0.19,0.14,-5.23) wbirth=(0.11,2.79,0.24) ref=(0.00,3.00) leader=(0.00,0.00) fallbacks=0
[mpc_node-6] [INFO] [1783589680.772266909] [px4_4.mpc_node_4]: [d4] solve: status=0 time=0.17ms cost=0.0 pos=(-2.96,-0.03,-5.04) local=(-0.29,-0.09,-5.30) wbirth=(-2.67,0.06,0.26) ref=(-3.00,0.00) leader=(0.00,0.00) fallbacks=0
[mpc_node-4] [INFO] [1783589680.780117819] [px4_2.mpc_node_2]: [d2] solve: status=0 time=0.20ms cost=0.1 pos=(-0.16,-2.90,-5.01) local=(-0.28,0.29,-5.28) wbirth=(0.12,-3.18,0.27) ref=(0.00,-3.00) leader=(0.00,0.00) fallbacks=0
[mpc_node-2] [INFO] [1783589680.869723073] [px4_0.mpc_node_0]: [d0] solve: status=0 time=0.19ms cost=0.0 pos=(0.09,-0.06,-5.05) local=(0.35,-0.23,-5.05) wbirth=(-0.26,0.17,0.00) ref=(0.00,0.00) leader=(0.00,0.00) fallbacks=0
[mpc_node-5] [INFO] [1783589681.758831560] [px4_3.mpc_node_3]: [d3] solve: status=0 time=0.14ms cost=0.1 pos=(2.84,0.02,-4.97) local=(-0.09,-0.14,-5.18) wbirth=(2.93,0.17,0.21) ref=(3.00,0.00) leader=(0.00,0.00) fallbacks=0
[mpc_node-3] [INFO] [1783589681.771671358] [px4_1.mpc_node_1]: [d1] solve: status=0 time=0.14ms cost=0.0 pos=(-0.07,2.94,-4.97) local=(-0.18,0.15,-5.21) wbirth=(0.11,2.79,0.24) ref=(0.00,3.00) leader=(0.00,0.00) fallbacks=0
[mpc_node-6] [INFO] [1783589681.772950483] [px4_4.mpc_node_4]: [d4] solve: status=0 time=0.17ms cost=0.0 pos=(-2.96,-0.04,-4.97) local=(-0.28,-0.10,-5.23) wbirth=(-2.67,0.06,0.26) ref=(-3.00,0.00) leader=(0.00,0.00) fallbacks=0
[mpc_node-4] [INFO] [1783589681.779596671] [px4_2.mpc_node_2]: [d2] solve: status=0 time=0.14ms cost=0.1 pos=(-0.14,-2.90,-5.03) local=(-0.26,0.28,-5.30) wbirth=(0.12,-3.18,0.27) ref=(0.00,-3.00) leader=(0.00,0.00) fallbacks=0
[mpc_node-2] [INFO] [1783589681.867929458] [px4_0.mpc_node_0]: [d0] solve: status=0 time=0.18ms cost=0.0 pos=(0.06,-0.05,-5.03) local=(0.32,-0.22,-5.03) wbirth=(-0.26,0.17,0.00) ref=(0.00,0.00) leader=(0.00,0.00) fallbacks=0
[mpc_node-5] [INFO] [1783589682.758297494] [px4_3.mpc_node_3]: [d3] solve: status=0 time=0.17ms cost=0.0 pos=(2.89,0.09,-4.94) local=(-0.04,-0.08,-5.15) wbirth=(2.93,0.17,0.21) ref=(3.00,0.00) leader=(0.00,0.00) fallbacks=0
[mpc_node-3] [INFO] [1783589682.771470073] [px4_1.mpc_node_1]: [d1] solve: status=0 time=0.14ms cost=0.0 pos=(-0.10,3.01,-4.91) local=(-0.21,0.22,-5.15) wbirth=(0.11,2.79,0.24) ref=(0.00,3.00) leader=(0.00,0.00) fallbacks=0
[mpc_node-6] [INFO] [1783589682.772328983] [px4_4.mpc_node_4]: [d4] solve: status=0 time=0.20ms cost=0.0 pos=(-3.05,0.01,-4.99) local=(-0.37,-0.05,-5.25) wbirth=(-2.67,0.06,0.26) ref=(-3.00,0.00) leader=(0.00,0.00) fallbacks=0
[mpc_node-4] [INFO] [1783589682.779910055] [px4_2.mpc_node_2]: [d2] solve: status=0 time=0.17ms cost=0.0 pos=(-0.12,-2.99,-4.98) local=(-0.25,0.19,-5.25) wbirth=(0.12,-3.18,0.27) ref=(0.00,-3.00) leader=(0.00,0.00) fallbacks=0
[mpc_node-2] [INFO] [1783589682.870531822] [px4_0.mpc_node_0]: [d0] solve: status=0 time=0.18ms cost=0.0 pos=(0.06,0.02,-5.02) local=(0.33,-0.15,-5.02) wbirth=(-0.26,0.17,0.00) ref=(0.00,0.00) leader=(0.00,0.00) fallbacks=0
[mpc_node-5] [INFO] [1783589683.758178264] [px4_3.mpc_node_3]: [d3] solve: status=0 time=0.14ms cost=0.0 pos=(3.00,0.12,-4.96) local=(0.07,-0.04,-5.17) wbirth=(2.93,0.17,0.21) ref=(3.00,0.00) leader=(0.00,0.00) fallbacks=0
[mpc_node-3] [INFO] [1783589683.772002442] [px4_1.mpc_node_1]: [d1] solve: status=0 time=0.17ms cost=0.0 pos=(-0.04,3.02,-4.94) local=(-0.15,0.23,-5.18) wbirth=(0.11,2.79,0.24) ref=(0.00,3.00) leader=(0.00,0.00) fallbacks=0
[mpc_node-6] [INFO] [1783589683.772388079] [px4_4.mpc_node_4]: [d4] solve: status=0 time=0.20ms cost=0.0 pos=(-3.11,0.03,-4.98) local=(-0.44,-0.03,-5.23) wbirth=(-2.67,0.06,0.26) ref=(-3.00,0.00) leader=(0.00,0.00) fallbacks=0
[mpc_node-4] [INFO] [1783589683.779697593] [px4_2.mpc_node_2]: [d2] solve: status=0 time=0.14ms cost=0.0 pos=(-0.06,-3.06,-4.98) local=(-0.18,0.12,-5.25) wbirth=(0.12,-3.18,0.27) ref=(0.00,-3.00) leader=(0.00,0.00) fallbacks=0
[mpc_node-2] [INFO] [1783589683.868612809] [px4_0.mpc_node_0]: [d0] solve: status=0 time=0.15ms cost=0.0 pos=(0.13,0.04,-4.97) local=(0.39,-0.13,-4.97) wbirth=(-0.26,0.17,0.00) ref=(0.00,0.00) leader=(0.00,0.00) fallbacks=0
[mpc_node-5] [INFO] [1783589684.758301650] [px4_3.mpc_node_3]: [d3] solve: status=0 time=0.18ms cost=0.0 pos=(3.12,0.01,-5.00) local=(0.20,-0.16,-5.22) wbirth=(2.93,0.17,0.21) ref=(3.00,0.00) leader=(0.00,0.00) fallbacks=0
[mpc_node-3] [INFO] [1783589684.772301124] [px4_1.mpc_node_1]: [d1] solve: status=0 time=0.17ms cost=0.0 pos=(0.01,3.03,-4.98) local=(-0.10,0.23,-5.22) wbirth=(0.11,2.79,0.24) ref=(0.00,3.00) leader=(0.00,0.00) fallbacks=0
[mpc_node-6] [INFO] [1783589684.772381707] [px4_4.mpc_node_4]: [d4] solve: status=0 time=0.15ms cost=0.1 pos=(-3.15,0.05,-5.02) local=(-0.48,-0.01,-5.28) wbirth=(-2.67,0.06,0.26) ref=(-3.00,0.00) leader=(0.00,0.00) fallbacks=0
[mpc_node-4] [INFO] [1783589684.779616510] [px4_2.mpc_node_2]: [d2] solve: status=0 time=0.17ms cost=0.0 pos=(0.05,-3.08,-4.97) local=(-0.07,0.10,-5.24) wbirth=(0.12,-3.18,0.27) ref=(0.00,-3.00) leader=(0.00,0.00) fallbacks=0
[mpc_node-2] [INFO] [1783589684.868440378] [px4_0.mpc_node_0]: [d0] solve: status=0 time=0.19ms cost=0.0 pos=(0.06,0.03,-4.95) local=(0.32,-0.14,-4.95) wbirth=(-0.26,0.17,0.00) ref=(0.00,0.00) leader=(0.00,0.00) fallbacks=0
[mpc_node-5] [INFO] [1783589685.758387632] [px4_3.mpc_node_3]: [d3] solve: status=0 time=0.17ms cost=0.0 pos=(3.11,-0.03,-5.01) local=(0.18,-0.20,-5.22) wbirth=(2.93,0.17,0.21) ref=(3.00,0.00) leader=(0.00,0.00) fallbacks=0
[mpc_node-3] [INFO] [1783589685.771814769] [px4_1.mpc_node_1]: [d1] solve: status=0 time=0.17ms cost=0.0 pos=(0.07,3.05,-4.94) local=(-0.03,0.25,-5.18) wbirth=(0.11,2.79,0.24) ref=(0.00,3.00) leader=(0.00,0.00) fallbacks=0
[mpc_node-6] [INFO] [1783589685.771954101] [px4_4.mpc_node_4]: [d4] solve: status=0 time=0.17ms cost=0.0 pos=(-3.06,0.03,-5.07) local=(-0.38,-0.04,-5.33) wbirth=(-2.67,0.06,0.26) ref=(-3.00,0.00) leader=(0.00,0.00) fallbacks=0
[mpc_node-4] [INFO] [1783589685.779709727] [px4_2.mpc_node_2]: [d2] solve: status=0 time=0.14ms cost=0.1 pos=(0.12,-3.14,-4.94) local=(0.00,0.04,-5.22) wbirth=(0.12,-3.18,0.27) ref=(0.00,-3.00) leader=(0.00,0.00) fallbacks=0
[mpc_node-2] [INFO] [1783589685.869770336] [px4_0.mpc_node_0]: [d0] solve: status=0 time=0.15ms cost=0.0 pos=(-0.03,-0.02,-5.00) local=(0.23,-0.18,-5.00) wbirth=(-0.26,0.17,0.00) ref=(0.00,0.00) leader=(0.00,0.00) fallbacks=0
[mpc_node-5] [INFO] [1783589686.758114032] [px4_3.mpc_node_3]: [d3] solve: status=0 time=0.17ms cost=0.0 pos=(2.93,-0.03,-5.00) local=(-0.00,-0.20,-5.21) wbirth=(2.93,0.17,0.21) ref=(3.00,0.00) leader=(0.00,0.00) fallbacks=0
[mpc_node-3] [INFO] [1783589686.771688627] [px4_1.mpc_node_1]: [d1] solve: status=0 time=0.17ms cost=0.0 pos=(0.01,3.06,-4.94) local=(-0.09,0.26,-5.18) wbirth=(0.11,2.79,0.24) ref=(0.00,3.00) leader=(0.00,0.00) fallbacks=0
[mpc_node-6] [INFO] [1783589686.772440517] [px4_4.mpc_node_4]: [d4] solve: status=0 time=0.14ms cost=0.0 pos=(-2.95,-0.03,-4.99) local=(-0.27,-0.09,-5.24) wbirth=(-2.67,0.06,0.26) ref=(-3.00,0.00) leader=(0.00,0.00) fallbacks=0
[mpc_node-4] [INFO] [1783589686.780002962] [px4_2.mpc_node_2]: [d2] solve: status=0 time=0.20ms cost=0.0 pos=(0.13,-3.07,-5.02) local=(0.01,0.11,-5.29) wbirth=(0.12,-3.18,0.27) ref=(0.00,-3.00) leader=(0.00,0.00) fallbacks=0
[mpc_node-2] [INFO] [1783589686.868639053] [px4_0.mpc_node_0]: [d0] solve: status=0 time=0.15ms cost=0.0 pos=(-0.02,0.01,-4.93) local=(0.24,-0.16,-4.93) wbirth=(-0.26,0.17,0.00) ref=(0.00,0.00) leader=(0.00,0.00) fallbacks=0
[mpc_node-5] [INFO] [1783589687.757809302] [px4_3.mpc_node_3]: [d3] solve: status=0 time=0.14ms cost=0.0 pos=(2.92,-0.04,-5.02) local=(-0.01,-0.21,-5.23) wbirth=(2.93,0.17,0.21) ref=(3.00,0.00) leader=(0.00,0.00) fallbacks=0
[mpc_node-3] [INFO] [1783589687.772395074] [px4_1.mpc_node_1]: [d1] solve: status=0 time=0.14ms cost=0.0 pos=(0.01,2.97,-5.05) local=(-0.10,0.18,-5.29) wbirth=(0.11,2.79,0.24) ref=(0.00,3.00) leader=(0.00,0.00) fallbacks=0
[mpc_node-6] [INFO] [1783589687.773753689] [px4_4.mpc_node_4]: [d4] solve: status=0 time=0.20ms cost=0.1 pos=(-2.86,-0.06,-4.96) local=(-0.19,-0.13,-5.22) wbirth=(-2.67,0.06,0.26) ref=(-3.00,0.00) leader=(0.00,0.00) fallbacks=0
[mpc_node-4] [INFO] [1783589687.780557188] [px4_2.mpc_node_2]: [d2] solve: status=0 time=0.20ms cost=0.0 pos=(0.08,-2.99,-5.04) local=(-0.04,0.19,-5.31) wbirth=(0.12,-3.18,0.27) ref=(0.00,-3.00) leader=(0.00,0.00) fallbacks=0
[mpc_node-2] [INFO] [1783589687.869540480] [px4_0.mpc_node_0]: [d0] solve: status=0 time=0.16ms cost=0.0 pos=(-0.03,-0.00,-5.01) local=(0.23,-0.17,-5.01) wbirth=(-0.26,0.17,0.00) ref=(0.00,0.00) leader=(0.00,0.00) fallbacks=0
[mpc_node-5] [INFO] [1783589688.757750645] [px4_3.mpc_node_3]: [d3] solve: status=0 time=0.14ms cost=0.0 pos=(2.94,-0.02,-5.05) local=(0.02,-0.19,-5.26) wbirth=(2.93,0.17,0.21) ref=(3.00,0.00) leader=(0.00,0.00) fallbacks=0
[mpc_node-3] [INFO] [1783589688.772097440] [px4_1.mpc_node_1]: [d1] solve: status=0 time=0.16ms cost=0.0 pos=(0.06,2.97,-5.07) local=(-0.04,0.18,-5.31) wbirth=(0.11,2.79,0.24) ref=(0.00,3.00) leader=(0.00,0.00) fallbacks=0
[mpc_node-6] [INFO] [1783589688.772592170] [px4_4.mpc_node_4]: [d4] solve: status=0 time=0.17ms cost=0.0 pos=(-2.88,-0.03,-4.98) local=(-0.20,-0.10,-5.24) wbirth=(-2.67,0.06,0.26) ref=(-3.00,0.00) leader=(0.00,0.00) fallbacks=0
[mpc_node-4] [INFO] [1783589688.779953894] [px4_2.mpc_node_2]: [d2] solve: status=0 time=0.17ms cost=0.0 pos=(0.05,-2.90,-5.02) local=(-0.07,0.28,-5.29) wbirth=(0.12,-3.18,0.27) ref=(0.00,-3.00) leader=(0.00,0.00) fallbacks=0
[mpc_node-2] [INFO] [1783589688.869528511] [px4_0.mpc_node_0]: [d0] solve: status=0 time=0.18ms cost=0.0 pos=(-0.11,0.01,-5.01) local=(0.15,-0.16,-5.01) wbirth=(-0.26,0.17,0.00) ref=(0.00,0.00) leader=(0.00,0.00) fallbacks=0
[mpc_node-5] [INFO] [1783589689.757701528] [px4_3.mpc_node_3]: [d3] solve: status=0 time=0.17ms cost=0.0 pos=(2.99,-0.02,-5.02) local=(0.06,-0.18,-5.23) wbirth=(2.93,0.17,0.21) ref=(3.00,0.00) leader=(0.00,0.00) fallbacks=0
[mpc_node-3] [INFO] [1783589689.772242035] [px4_1.mpc_node_1]: [d1] solve: status=0 time=0.17ms cost=0.0 pos=(0.06,2.96,-5.09) local=(-0.05,0.17,-5.33) wbirth=(0.11,2.79,0.24) ref=(0.00,3.00) leader=(0.00,0.00) fallbacks=0
[mpc_node-6] [INFO] [1783589689.774122498] [px4_4.mpc_node_4]: [d4] solve: status=0 time=0.16ms cost=0.0 pos=(-2.93,0.01,-5.01) local=(-0.26,-0.06,-5.27) wbirth=(-2.67,0.06,0.26) ref=(-3.00,0.00) leader=(0.00,0.00) fallbacks=0
[mpc_node-4] [INFO] [1783589689.780842382] [px4_2.mpc_node_2]: [d2] solve: status=0 time=0.17ms cost=0.0 pos=(-0.02,-2.87,-4.95) local=(-0.15,0.32,-5.22) wbirth=(0.12,-3.18,0.27) ref=(0.00,-3.00) leader=(0.00,0.00) fallbacks=0
[mpc_node-2] [INFO] [1783589689.869231648] [px4_0.mpc_node_0]: [d0] solve: status=0 time=0.18ms cost=0.0 pos=(-0.05,0.06,-5.00) local=(0.21,-0.11,-5.00) wbirth=(-0.26,0.17,0.00) ref=(0.00,0.00) leader=(0.00,0.00) fallbacks=0
[mpc_node-5] [INFO] [1783589690.757555459] [px4_3.mpc_node_3]: [d3] solve: status=0 time=0.14ms cost=0.0 pos=(2.97,0.01,-5.03) local=(0.04,-0.15,-5.25) wbirth=(2.93,0.17,0.21) ref=(3.00,0.00) leader=(0.00,0.00) fallbacks=0
[mpc_node-6] [INFO] [1783589690.772053681] [px4_4.mpc_node_4]: [d4] solve: status=0 time=0.17ms cost=0.0 pos=(-3.00,0.03,-4.99) local=(-0.32,-0.04,-5.25) wbirth=(-2.67,0.06,0.26) ref=(-3.00,0.00) leader=(0.00,0.00) fallbacks=0
[mpc_node-3] [INFO] [1783589690.772662548] [px4_1.mpc_node_1]: [d1] solve: status=0 time=0.17ms cost=0.0 pos=(-0.03,3.00,-5.01) local=(-0.13,0.20,-5.25) wbirth=(0.11,2.79,0.24) ref=(0.00,3.00) leader=(0.00,0.00) fallbacks=0
[mpc_node-4] [INFO] [1783589690.780232389] [px4_2.mpc_node_2]: [d2] solve: status=0 time=0.16ms cost=0.0 pos=(-0.03,-2.92,-5.01) local=(-0.15,0.26,-5.28) wbirth=(0.12,-3.18,0.27) ref=(0.00,-3.00) leader=(0.00,0.00) fallbacks=0
[mpc_node-2] [INFO] [1783589690.868746767] [px4_0.mpc_node_0]: [d0] solve: status=0 time=0.23ms cost=0.0 pos=(-0.04,0.08,-5.03) local=(0.22,-0.09,-5.03) wbirth=(-0.26,0.17,0.00) ref=(0.00,0.00) leader=(0.00,0.00) fallbacks=0
[mpc_node-5] [INFO] [1783589691.758001308] [px4_3.mpc_node_3]: [d3] solve: status=0 time=0.14ms cost=0.0 pos=(3.04,0.00,-5.03) local=(0.11,-0.16,-5.25) wbirth=(2.93,0.17,0.21) ref=(3.00,0.00) leader=(0.00,0.00) fallbacks=0
[mpc_node-3] [INFO] [1783589691.771865848] [px4_1.mpc_node_1]: [d1] solve: status=0 time=0.20ms cost=0.0 pos=(-0.07,3.04,-5.02) local=(-0.18,0.25,-5.26) wbirth=(0.11,2.79,0.24) ref=(0.00,3.00) leader=(0.00,0.00) fallbacks=0
[mpc_node-6] [INFO] [1783589691.772317458] [px4_4.mpc_node_4]: [d4] solve: status=0 time=0.17ms cost=0.0 pos=(-3.00,0.03,-5.05) local=(-0.32,-0.03,-5.31) wbirth=(-2.67,0.06,0.26) ref=(-3.00,0.00) leader=(0.00,0.00) fallbacks=0
[mpc_node-4] [INFO] [1783589691.779801040] [px4_2.mpc_node_2]: [d2] solve: status=0 time=0.14ms cost=0.0 pos=(-0.11,-2.95,-4.98) local=(-0.23,0.23,-5.25) wbirth=(0.12,-3.18,0.27) ref=(0.00,-3.00) leader=(0.00,0.00) fallbacks=0
[mpc_node-2] [INFO] [1783589691.869206895] [px4_0.mpc_node_0]: [d0] solve: status=0 time=0.17ms cost=0.0 pos=(0.02,0.08,-4.99) local=(0.28,-0.09,-4.99) wbirth=(-0.26,0.17,0.00) ref=(0.00,0.00) leader=(0.00,0.00) fallbacks=0
[mpc_node-5] [INFO] [1783589692.758282372] [px4_3.mpc_node_3]: [d3] solve: status=0 time=0.14ms cost=0.0 pos=(3.06,-0.01,-5.02) local=(0.13,-0.17,-5.24) wbirth=(2.93,0.17,0.21) ref=(3.00,0.00) leader=(0.00,0.00) fallbacks=0
[mpc_node-3] [INFO] [1783589692.771706708] [px4_1.mpc_node_1]: [d1] solve: status=0 time=0.14ms cost=0.0 pos=(-0.07,3.11,-5.04) local=(-0.17,0.31,-5.28) wbirth=(0.11,2.79,0.24) ref=(0.00,3.00) leader=(0.00,0.00) fallbacks=0
[mpc_node-6] [INFO] [1783589692.773198796] [px4_4.mpc_node_4]: [d4] solve: status=0 time=0.17ms cost=0.0 pos=(-3.08,0.08,-4.98) local=(-0.41,0.01,-5.24) wbirth=(-2.67,0.06,0.26) ref=(-3.00,0.00) leader=(0.00,0.00) fallbacks=0
[mpc_node-4] [INFO] [1783589692.779625284] [px4_2.mpc_node_2]: [d2] solve: status=0 time=0.14ms cost=0.0 pos=(-0.09,-3.02,-4.98) local=(-0.21,0.17,-5.25) wbirth=(0.12,-3.18,0.27) ref=(0.00,-3.00) leader=(0.00,0.00) fallbacks=0
[mpc_node-2] [INFO] [1783589692.868495050] [px4_0.mpc_node_0]: [d0] solve: status=0 time=0.15ms cost=0.0 pos=(0.03,-0.00,-5.07) local=(0.30,-0.17,-5.07) wbirth=(-0.26,0.17,0.00) ref=(0.00,0.00) leader=(0.00,0.00) fallbacks=0
[mpc_node-5] [INFO] [1783589693.758483245] [px4_3.mpc_node_3]: [d3] solve: status=0 time=0.14ms cost=0.0 pos=(3.06,0.00,-5.05) local=(0.13,-0.16,-5.26) wbirth=(2.93,0.17,0.21) ref=(3.00,0.00) leader=(0.00,0.00) fallbacks=0
[mpc_node-3] [INFO] [1783589693.771841440] [px4_1.mpc_node_1]: [d1] solve: status=0 time=0.17ms cost=0.0 pos=(-0.09,3.07,-4.98) local=(-0.20,0.27,-5.22) wbirth=(0.11,2.79,0.24) ref=(0.00,3.00) leader=(0.00,0.00) fallbacks=0
[mpc_node-6] [INFO] [1783589693.771931896] [px4_4.mpc_node_4]: [d4] solve: status=0 time=0.14ms cost=0.0 pos=(-3.09,0.02,-5.00) local=(-0.42,-0.04,-5.26) wbirth=(-2.67,0.06,0.26) ref=(-3.00,0.00) leader=(0.00,0.00) fallbacks=0
[mpc_node-4] [INFO] [1783589693.780002717] [px4_2.mpc_node_2]: [d2] solve: status=0 time=0.16ms cost=0.0 pos=(-0.07,-3.04,-5.03) local=(-0.19,0.14,-5.30) wbirth=(0.12,-3.18,0.27) ref=(0.00,-3.00) leader=(0.00,0.00) fallbacks=0
[mpc_node-2] [INFO] [1783589693.868403924] [px4_0.mpc_node_0]: [d0] solve: status=0 time=0.17ms cost=0.0 pos=(0.02,-0.05,-5.02) local=(0.28,-0.22,-5.02) wbirth=(-0.26,0.17,0.00) ref=(0.00,0.00) leader=(0.00,0.00) fallbacks=0
[mpc_node-5] [INFO] [1783589694.758872886] [px4_3.mpc_node_3]: [d3] solve: status=0 time=0.14ms cost=0.0 pos=(3.06,0.01,-5.04) local=(0.13,-0.16,-5.25) wbirth=(2.93,0.17,0.21) ref=(3.00,0.00) leader=(0.00,0.00) fallbacks=0
[mpc_node-3] [INFO] [1783589694.771506337] [px4_1.mpc_node_1]: [d1] solve: status=0 time=0.14ms cost=0.0 pos=(-0.02,2.97,-4.98) local=(-0.12,0.18,-5.22) wbirth=(0.11,2.79,0.24) ref=(0.00,3.00) leader=(0.00,0.00) fallbacks=0
[mpc_node-6] [INFO] [1783589694.772046088] [px4_4.mpc_node_4]: [d4] solve: status=0 time=0.16ms cost=0.0 pos=(-3.06,-0.01,-4.95) local=(-0.38,-0.07,-5.21) wbirth=(-2.67,0.06,0.26) ref=(-3.00,0.00) leader=(0.00,0.00) fallbacks=0
[mpc_node-4] [INFO] [1783589694.779682263] [px4_2.mpc_node_2]: [d2] solve: status=0 time=0.16ms cost=0.0 pos=(-0.02,-3.07,-5.01) local=(-0.14,0.11,-5.29) wbirth=(0.12,-3.18,0.27) ref=(0.00,-3.00) leader=(0.00,0.00) fallbacks=0
[mpc_node-2] [INFO] [1783589694.868347357] [px4_0.mpc_node_0]: [d0] solve: status=0 time=0.15ms cost=0.0 pos=(0.01,-0.07,-5.01) local=(0.27,-0.24,-5.01) wbirth=(-0.26,0.17,0.00) ref=(0.00,0.00) leader=(0.00,0.00) fallbacks=0
[mpc_node-5] [INFO] [1783589695.758666777] [px4_3.mpc_node_3]: [d3] solve: status=0 time=0.14ms cost=0.0 pos=(2.94,0.00,-5.00) local=(0.01,-0.16,-5.21) wbirth=(2.93,0.17,0.21) ref=(3.00,0.00) leader=(0.00,0.00) fallbacks=0
[mpc_node-6] [INFO] [1783589695.772282476] [px4_4.mpc_node_4]: [d4] solve: status=0 time=0.20ms cost=0.0 pos=(-3.04,-0.02,-4.98) local=(-0.37,-0.08,-5.24) wbirth=(-2.67,0.06,0.26) ref=(-3.00,0.00) leader=(0.00,0.00) fallbacks=0
[mpc_node-3] [INFO] [1783589695.772852142] [px4_1.mpc_node_1]: [d1] solve: status=0 time=0.20ms cost=0.0 pos=(-0.02,2.95,-5.01) local=(-0.13,0.16,-5.25) wbirth=(0.11,2.79,0.24) ref=(0.00,3.00) leader=(0.00,0.00) fallbacks=0
[mpc_node-4] [INFO] [1783589695.780770467] [px4_2.mpc_node_2]: [d2] solve: status=0 time=0.16ms cost=0.0 pos=(0.12,-3.05,-5.00) local=(-0.00,0.13,-5.27) wbirth=(0.12,-3.18,0.27) ref=(0.00,-3.00) leader=(0.00,0.00) fallbacks=0
[mpc_node-2] [INFO] [1783589695.869861218] [px4_0.mpc_node_0]: [d0] solve: status=0 time=0.18ms cost=0.0 pos=(0.01,-0.09,-5.03) local=(0.27,-0.26,-5.03) wbirth=(-0.26,0.17,0.00) ref=(0.00,0.00) leader=(0.00,0.00) fallbacks=0
[mpc_node-5] [INFO] [1783589696.757892409] [px4_3.mpc_node_3]: [d3] solve: status=0 time=0.17ms cost=0.0 pos=(2.87,0.01,-4.96) local=(-0.06,-0.16,-5.17) wbirth=(2.93,0.17,0.21) ref=(3.00,0.00) leader=(0.00,0.00) fallbacks=0
[mpc_node-3] [INFO] [1783589696.771756605] [px4_1.mpc_node_1]: [d1] solve: status=0 time=0.16ms cost=0.0 pos=(0.07,2.94,-4.94) local=(-0.03,0.15,-5.18) wbirth=(0.11,2.79,0.24) ref=(0.00,3.00) leader=(0.00,0.00) fallbacks=0
[mpc_node-6] [INFO] [1783589696.772040273] [px4_4.mpc_node_4]: [d4] solve: status=0 time=0.16ms cost=0.0 pos=(-2.96,-0.03,-5.07) local=(-0.28,-0.09,-5.33) wbirth=(-2.67,0.06,0.26) ref=(-3.00,0.00) leader=(0.00,0.00) fallbacks=0
[mpc_node-4] [INFO] [1783589696.779829500] [px4_2.mpc_node_2]: [d2] solve: status=0 time=0.16ms cost=0.1 pos=(0.15,-3.08,-4.95) local=(0.02,0.11,-5.22) wbirth=(0.12,-3.18,0.27) ref=(0.00,-3.00) leader=(0.00,0.00) fallbacks=0
[mpc_node-2] [INFO] [1783589696.868690334] [px4_0.mpc_node_0]: [d0] solve: status=0 time=0.17ms cost=0.0 pos=(-0.00,-0.04,-4.98) local=(0.26,-0.21,-4.98) wbirth=(-0.26,0.17,0.00) ref=(0.00,0.00) leader=(0.00,0.00) fallbacks=0
[mpc_node-5] [INFO] [1783589697.758615612] [px4_3.mpc_node_3]: [d3] solve: status=0 time=0.14ms cost=0.0 pos=(2.99,0.03,-4.99) local=(0.06,-0.13,-5.20) wbirth=(2.93,0.17,0.21) ref=(3.00,0.00) leader=(0.00,0.00) fallbacks=0
[mpc_node-6] [INFO] [1783589697.772041809] [px4_4.mpc_node_4]: [d4] solve: status=0 time=0.14ms cost=0.0 pos=(-2.92,-0.03,-5.08) local=(-0.25,-0.09,-5.34) wbirth=(-2.67,0.06,0.26) ref=(-3.00,0.00) leader=(0.00,0.00) fallbacks=0
[mpc_node-3] [INFO] [1783589697.772182150] [px4_1.mpc_node_1]: [d1] solve: status=0 time=0.17ms cost=0.0 pos=(0.09,2.91,-4.97) local=(-0.02,0.12,-5.21) wbirth=(0.11,2.79,0.24) ref=(0.00,3.00) leader=(0.00,0.00) fallbacks=0
[mpc_node-4] [INFO] [1783589697.779932692] [px4_2.mpc_node_2]: [d2] solve: status=0 time=0.16ms cost=0.0 pos=(0.09,-3.02,-4.98) local=(-0.03,0.16,-5.25) wbirth=(0.12,-3.18,0.27) ref=(0.00,-3.00) leader=(0.00,0.00) fallbacks=0
[mpc_node-2] [INFO] [1783589697.869213878] [px4_0.mpc_node_0]: [d0] solve: status=0 time=0.18ms cost=0.0 pos=(-0.00,0.07,-5.02) local=(0.26,-0.10,-5.02) wbirth=(-0.26,0.17,0.00) ref=(0.00,0.00) leader=(0.00,0.00) fallbacks=0
[mpc_node-5] [INFO] [1783589698.757837369] [px4_3.mpc_node_3]: [d3] solve: status=0 time=0.17ms cost=0.0 pos=(3.07,0.03,-4.99) local=(0.14,-0.14,-5.20) wbirth=(2.93,0.17,0.21) ref=(3.00,0.00) leader=(0.00,0.00) fallbacks=0
[mpc_node-3] [INFO] [1783589698.772487055] [px4_1.mpc_node_1]: [d1] solve: status=0 time=0.14ms cost=0.0 pos=(0.06,2.90,-5.06) local=(-0.05,0.11,-5.30) wbirth=(0.11,2.79,0.24) ref=(0.00,3.00) leader=(0.00,0.00) fallbacks=0
[mpc_node-6] [INFO] [1783589698.772654813] [px4_4.mpc_node_4]: [d4] solve: status=0 time=0.17ms cost=0.0 pos=(-2.96,-0.01,-4.93) local=(-0.28,-0.07,-5.19) wbirth=(-2.67,0.06,0.26) ref=(-3.00,0.00) leader=(0.00,0.00) fallbacks=0
[mpc_node-4] [INFO] [1783589698.780827108] [px4_2.mpc_node_2]: [d2] solve: status=0 time=0.14ms cost=0.0 pos=(-0.02,-2.99,-5.00) local=(-0.14,0.19,-5.27) wbirth=(0.12,-3.18,0.27) ref=(0.00,-3.00) leader=(0.00,0.00) fallbacks=0
[mpc_node-2] [INFO] [1783589698.869822220] [px4_0.mpc_node_0]: [d0] solve: status=0 time=0.15ms cost=0.0 pos=(-0.01,0.12,-4.97) local=(0.25,-0.05,-4.97) wbirth=(-0.26,0.17,0.00) ref=(0.00,0.00) leader=(0.00,0.00) fallbacks=0
[mpc_node-5] [INFO] [1783589699.757870608] [px4_3.mpc_node_3]: [d3] solve: status=0 time=0.16ms cost=0.0 pos=(3.10,0.02,-5.01) local=(0.17,-0.14,-5.22) wbirth=(2.93,0.17,0.21) ref=(3.00,0.00) leader=(0.00,0.00) fallbacks=0
[mpc_node-6] [INFO] [1783589699.772403101] [px4_4.mpc_node_4]: [d4] solve: status=0 time=0.14ms cost=0.0 pos=(-2.99,-0.02,-4.96) local=(-0.31,-0.08,-5.22) wbirth=(-2.67,0.06,0.26) ref=(-3.00,0.00) leader=(0.00,0.00) fallbacks=0
[mpc_node-3] [INFO] [1783589699.772781431] [px4_1.mpc_node_1]: [d1] solve: status=0 time=0.14ms cost=0.0 pos=(0.06,2.98,-5.00) local=(-0.04,0.18,-5.24) wbirth=(0.11,2.79,0.24) ref=(0.00,3.00) leader=(0.00,0.00) fallbacks=0
[mpc_node-4] [INFO] [1783589699.780684450] [px4_2.mpc_node_2]: [d2] solve: status=0 time=0.16ms cost=0.0 pos=(-0.08,-3.00,-5.07) local=(-0.21,0.18,-5.34) wbirth=(0.12,-3.18,0.27) ref=(0.00,-3.00) leader=(0.00,0.00) fallbacks=0
[mpc_node-2] [INFO] [1783589699.869248869] [px4_0.mpc_node_0]: [d0] solve: status=0 time=0.18ms cost=0.0 pos=(-0.03,0.08,-4.98) local=(0.23,-0.09,-4.98) wbirth=(-0.26,0.17,0.00) ref=(0.00,0.00) leader=(0.00,0.00) fallbacks=0
[mpc_node-5] [INFO] [1783589700.757804375] [px4_3.mpc_node_3]: [d3] solve: status=0 time=0.16ms cost=0.0 pos=(2.98,0.04,-4.98) local=(0.06,-0.12,-5.19) wbirth=(2.93,0.17,0.21) ref=(3.00,0.00) leader=(0.00,0.00) fallbacks=0
[mpc_node-6] [INFO] [1783589700.772347994] [px4_4.mpc_node_4]: [d4] solve: status=0 time=0.17ms cost=0.0 pos=(-2.98,-0.03,-5.03) local=(-0.31,-0.09,-5.29) wbirth=(-2.67,0.06,0.26) ref=(-3.00,0.00) leader=(0.00,0.00) fallbacks=0
[mpc_node-3] [INFO] [1783589700.773015722] [px4_1.mpc_node_1]: [d1] solve: status=0 time=0.20ms cost=0.0 pos=(0.05,3.02,-4.99) local=(-0.06,0.22,-5.23) wbirth=(0.11,2.79,0.24) ref=(0.00,3.00) leader=(0.00,0.00) fallbacks=0
[mpc_node-4] [INFO] [1783589700.780345660] [px4_2.mpc_node_2]: [d2] solve: status=0 time=0.16ms cost=0.0 pos=(-0.10,-2.92,-5.04) local=(-0.22,0.26,-5.32) wbirth=(0.12,-3.18,0.27) ref=(0.00,-3.00) leader=(0.00,0.00) fallbacks=0
[mpc_node-2] [INFO] [1783589700.870756323] [px4_0.mpc_node_0]: [d0] solve: status=0 time=0.21ms cost=0.0 pos=(-0.02,-0.01,-4.94) local=(0.24,-0.18,-4.94) wbirth=(-0.26,0.17,0.00) ref=(0.00,0.00) leader=(0.00,0.00) fallbacks=0
[mpc_node-5] [INFO] [1783589701.757513045] [px4_3.mpc_node_3]: [d3] solve: status=0 time=0.16ms cost=0.0 pos=(2.95,-0.02,-4.97) local=(0.02,-0.19,-5.19) wbirth=(2.93,0.17,0.21) ref=(3.00,0.00) leader=(0.00,0.00) fallbacks=0
[mpc_node-3] [INFO] [1783589701.771979439] [px4_1.mpc_node_1]: [d1] solve: status=0 time=0.17ms cost=0.0 pos=(-0.08,3.05,-5.02) local=(-0.18,0.25,-5.25) wbirth=(0.11,2.79,0.24) ref=(0.00,3.00) leader=(0.00,0.00) fallbacks=0
[mpc_node-6] [INFO] [1783589701.772289555] [px4_4.mpc_node_4]: [d4] solve: status=0 time=0.19ms cost=0.0 pos=(-3.08,0.04,-5.04) local=(-0.40,-0.03,-5.30) wbirth=(-2.67,0.06,0.26) ref=(-3.00,0.00) leader=(0.00,0.00) fallbacks=0
[mpc_node-4] [INFO] [1783589701.780045144] [px4_2.mpc_node_2]: [d2] solve: status=0 time=0.17ms cost=0.0 pos=(-0.08,-2.94,-4.92) local=(-0.20,0.24,-5.19) wbirth=(0.12,-3.18,0.27) ref=(0.00,-3.00) leader=(0.00,0.00) fallbacks=0
[mpc_node-2] [INFO] [1783589701.868420248] [px4_0.mpc_node_0]: [d0] solve: status=0 time=0.15ms cost=0.0 pos=(-0.01,-0.09,-5.07) local=(0.25,-0.26,-5.07) wbirth=(-0.26,0.17,0.00) ref=(0.00,0.00) leader=(0.00,0.00) fallbacks=0
[mpc_node-5] [INFO] [1783589702.758208815] [px4_3.mpc_node_3]: [d3] solve: status=0 time=0.16ms cost=0.0 pos=(3.00,-0.05,-5.00) local=(0.07,-0.21,-5.21) wbirth=(2.93,0.17,0.21) ref=(3.00,0.00) leader=(0.00,0.00) fallbacks=0
[mpc_node-3] [INFO] [1783589702.771675350] [px4_1.mpc_node_1]: [d1] solve: status=0 time=0.14ms cost=0.0 pos=(-0.08,3.03,-4.99) local=(-0.18,0.24,-5.23) wbirth=(0.11,2.79,0.24) ref=(0.00,3.00) leader=(0.00,0.00) fallbacks=0
[mpc_node-6] [INFO] [1783589702.771962087] [px4_4.mpc_node_4]: [d4] solve: status=0 time=0.14ms cost=0.0 pos=(-3.01,0.08,-5.00) local=(-0.33,0.01,-5.26) wbirth=(-2.67,0.06,0.26) ref=(-3.00,0.00) leader=(0.00,0.00) fallbacks=0
[mpc_node-4] [INFO] [1783589702.779637893] [px4_2.mpc_node_2]: [d2] solve: status=0 time=0.17ms cost=0.0 pos=(-0.05,-2.99,-5.02) local=(-0.17,0.19,-5.30) wbirth=(0.12,-3.18,0.27) ref=(0.00,-3.00) leader=(0.00,0.00) fallbacks=0
[mpc_node-2] [INFO] [1783589702.868987028] [px4_0.mpc_node_0]: [d0] solve: status=0 time=0.21ms cost=0.0 pos=(0.02,-0.12,-5.05) local=(0.28,-0.29,-5.05) wbirth=(-0.26,0.17,0.00) ref=(0.00,0.00) leader=(0.00,0.00) fallbacks=0
[mpc_node-5] [INFO] [1783589703.758552484] [px4_3.mpc_node_3]: [d3] solve: status=0 time=0.17ms cost=0.0 pos=(3.00,-0.04,-5.03) local=(0.07,-0.20,-5.25) wbirth=(2.93,0.17,0.21) ref=(3.00,0.00) leader=(0.00,0.00) fallbacks=0
[mpc_node-3] [INFO] [1783589703.771557334] [px4_1.mpc_node_1]: [d1] solve: status=0 time=0.16ms cost=0.0 pos=(-0.02,3.01,-5.03) local=(-0.13,0.21,-5.27) wbirth=(0.11,2.79,0.24) ref=(0.00,3.00) leader=(0.00,0.00) fallbacks=0
[mpc_node-6] [INFO] [1783589703.772043126] [px4_4.mpc_node_4]: [d4] solve: status=0 time=0.17ms cost=0.0 pos=(-2.97,0.06,-4.95) local=(-0.30,-0.00,-5.21) wbirth=(-2.67,0.06,0.26) ref=(-3.00,0.00) leader=(0.00,0.00) fallbacks=0
[mpc_node-4] [INFO] [1783589703.779666094] [px4_2.mpc_node_2]: [d2] solve: status=0 time=0.14ms cost=0.0 pos=(-0.04,-3.06,-5.00) local=(-0.16,0.12,-5.27) wbirth=(0.12,-3.18,0.27) ref=(0.00,-3.00) leader=(0.00,0.00) fallbacks=0
[mpc_node-2] [INFO] [1783589703.868685327] [px4_0.mpc_node_0]: [d0] solve: status=0 time=0.22ms cost=0.0 pos=(-0.05,-0.07,-4.92) local=(0.21,-0.24,-4.92) wbirth=(-0.26,0.17,0.00) ref=(0.00,0.00) leader=(0.00,0.00) fallbacks=0
[mpc_node-5] [INFO] [1783589704.758397388] [px4_3.mpc_node_3]: [d3] solve: status=0 time=0.17ms cost=0.0 pos=(2.99,-0.05,-5.01) local=(0.07,-0.22,-5.22) wbirth=(2.93,0.17,0.21) ref=(3.00,0.00) leader=(0.00,0.00) fallbacks=0
[mpc_node-3] [INFO] [1783589704.771748904] [px4_1.mpc_node_1]: [d1] solve: status=0 time=0.17ms cost=0.0 pos=(0.05,2.99,-5.05) local=(-0.06,0.20,-5.29) wbirth=(0.11,2.79,0.24) ref=(0.00,3.00) leader=(0.00,0.00) fallbacks=0
[mpc_node-6] [INFO] [1783589704.771914736] [px4_4.mpc_node_4]: [d4] solve: status=0 time=0.16ms cost=0.0 pos=(-2.97,-0.03,-4.96) local=(-0.30,-0.10,-5.21) wbirth=(-2.67,0.06,0.26) ref=(-3.00,0.00) leader=(0.00,0.00) fallbacks=0
[mpc_node-4] [INFO] [1783589704.779834776] [px4_2.mpc_node_2]: [d2] solve: status=0 time=0.14ms cost=0.0 pos=(-0.02,-3.07,-5.03) local=(-0.14,0.11,-5.30) wbirth=(0.12,-3.18,0.27) ref=(0.00,-3.00) leader=(0.00,0.00) fallbacks=0
[mpc_node-2] [INFO] [1783589704.868903645] [px4_0.mpc_node_0]: [d0] solve: status=0 time=0.17ms cost=0.0 pos=(-0.05,0.00,-4.95) local=(0.22,-0.17,-4.95) wbirth=(-0.26,0.17,0.00) ref=(0.00,0.00) leader=(0.00,0.00) fallbacks=0
[mpc_node-5] [INFO] [1783589705.758316400] [px4_3.mpc_node_3]: [d3] solve: status=0 time=0.24ms cost=0.0 pos=(2.97,0.03,-4.98) local=(0.05,-0.14,-5.20) wbirth=(2.93,0.17,0.21) ref=(3.00,0.00) leader=(0.00,0.00) fallbacks=0
[mpc_node-3] [INFO] [1783589705.771856530] [px4_1.mpc_node_1]: [d1] solve: status=0 time=0.17ms cost=0.0 pos=(0.04,2.98,-5.02) local=(-0.07,0.18,-5.26) wbirth=(0.11,2.79,0.24) ref=(0.00,3.00) leader=(0.00,0.00) fallbacks=0
[mpc_node-6] [INFO] [1783589705.771968288] [px4_4.mpc_node_4]: [d4] solve: status=0 time=0.17ms cost=0.0 pos=(-3.05,-0.04,-5.04) local=(-0.37,-0.10,-5.30) wbirth=(-2.67,0.06,0.26) ref=(-3.00,0.00) leader=(0.00,0.00) fallbacks=0
[mpc_node-4] [INFO] [1783589705.779703900] [px4_2.mpc_node_2]: [d2] solve: status=0 time=0.13ms cost=0.0 pos=(0.01,-3.06,-4.96) local=(-0.11,0.12,-5.23) wbirth=(0.12,-3.18,0.27) ref=(0.00,-3.00) leader=(0.00,0.00) fallbacks=0
[mpc_node-2] [INFO] [1783589705.868667033] [px4_0.mpc_node_0]: [d0] solve: status=0 time=0.15ms cost=0.0 pos=(-0.04,0.05,-4.98) local=(0.23,-0.12,-4.98) wbirth=(-0.26,0.17,0.00) ref=(0.00,0.00) leader=(0.00,0.00) fallbacks=0
[mpc_node-5] [INFO] [1783589706.758115277] [px4_3.mpc_node_3]: [d3] solve: status=0 time=0.20ms cost=0.0 pos=(2.95,0.10,-5.05) local=(0.03,-0.07,-5.26) wbirth=(2.93,0.17,0.21) ref=(3.00,0.00) leader=(0.00,0.00) fallbacks=0
[mpc_node-6] [INFO] [1783589706.772394951] [px4_4.mpc_node_4]: [d4] solve: status=0 time=0.17ms cost=0.0 pos=(-3.07,-0.05,-4.97) local=(-0.40,-0.11,-5.23) wbirth=(-2.67,0.06,0.26) ref=(-3.00,0.00) leader=(0.00,0.00) fallbacks=0
[mpc_node-3] [INFO] [1783589706.772407074] [px4_1.mpc_node_1]: [d1] solve: status=0 time=0.16ms cost=0.0 pos=(-0.02,3.00,-5.01) local=(-0.13,0.20,-5.25) wbirth=(0.11,2.79,0.24) ref=(0.00,3.00) leader=(0.00,0.00) fallbacks=0
[mpc_node-4] [INFO] [1783589706.780598487] [px4_2.mpc_node_2]: [d2] solve: status=0 time=0.20ms cost=0.0 pos=(0.08,-2.99,-5.02) local=(-0.04,0.19,-5.29) wbirth=(0.12,-3.18,0.27) ref=(0.00,-3.00) leader=(0.00,0.00) fallbacks=0
[mpc_node-2] [INFO] [1783589706.868923715] [px4_0.mpc_node_0]: [d0] solve: status=0 time=0.17ms cost=0.0 pos=(0.03,0.08,-4.99) local=(0.30,-0.09,-4.99) wbirth=(-0.26,0.17,0.00) ref=(0.00,0.00) leader=(0.00,0.00) fallbacks=0
[mpc_node-5] [INFO] [1783589707.758700184] [px4_3.mpc_node_3]: [d3] solve: status=0 time=0.21ms cost=0.0 pos=(2.99,0.04,-4.99) local=(0.06,-0.12,-5.20) wbirth=(2.93,0.17,0.21) ref=(3.00,0.00) leader=(0.00,0.00) fallbacks=0
[mpc_node-3] [INFO] [1783589707.771616439] [px4_1.mpc_node_1]: [d1] solve: status=0 time=0.17ms cost=0.0 pos=(0.01,2.99,-4.96) local=(-0.10,0.19,-5.20) wbirth=(0.11,2.79,0.24) ref=(0.00,3.00) leader=(0.00,0.00) fallbacks=0
[mpc_node-6] [INFO] [1783589707.772001618] [px4_4.mpc_node_4]: [d4] solve: status=0 time=0.16ms cost=0.0 pos=(-3.04,-0.00,-5.00) local=(-0.37,-0.07,-5.26) wbirth=(-2.67,0.06,0.26) ref=(-3.00,0.00) leader=(0.00,0.00) fallbacks=0
[mpc_node-4] [INFO] [1783589707.779848160] [px4_2.mpc_node_2]: [d2] solve: status=0 time=0.13ms cost=0.1 pos=(0.15,-2.94,-5.04) local=(0.02,0.24,-5.31) wbirth=(0.12,-3.18,0.27) ref=(0.00,-3.00) leader=(0.00,0.00) fallbacks=0
[mpc_node-2] [INFO] [1783589707.868641885] [px4_0.mpc_node_0]: [d0] solve: status=0 time=0.18ms cost=0.0 pos=(0.06,0.05,-5.04) local=(0.33,-0.12,-5.04) wbirth=(-0.26,0.17,0.00) ref=(0.00,0.00) leader=(0.00,0.00) fallbacks=0
[mpc_node-5] [INFO] [1783589708.757692267] [px4_3.mpc_node_3]: [d3] solve: status=0 time=0.14ms cost=0.0 pos=(3.07,0.01,-4.99) local=(0.14,-0.15,-5.21) wbirth=(2.93,0.17,0.21) ref=(3.00,0.00) leader=(0.00,0.00) fallbacks=0
[mpc_node-3] [INFO] [1783589708.771522834] [px4_1.mpc_node_1]: [d1] solve: status=0 time=0.14ms cost=0.0 pos=(-0.04,3.04,-5.00) local=(-0.15,0.24,-5.24) wbirth=(0.11,2.79,0.24) ref=(0.00,3.00) leader=(0.00,0.00) fallbacks=0
[mpc_node-6] [INFO] [1783589708.772120773] [px4_4.mpc_node_4]: [d4] solve: status=0 time=0.14ms cost=0.0 pos=(-2.99,0.02,-4.96) local=(-0.32,-0.04,-5.22) wbirth=(-2.67,0.06,0.26) ref=(-3.00,0.00) leader=(0.00,0.00) fallbacks=0
[mpc_node-4] [INFO] [1783589708.779761658] [px4_2.mpc_node_2]: [d2] solve: status=0 time=0.17ms cost=0.0 pos=(0.10,-2.93,-5.06) local=(-0.02,0.25,-5.33) wbirth=(0.12,-3.18,0.27) ref=(0.00,-3.00) leader=(0.00,0.00) fallbacks=0
[mpc_node-2] [INFO] [1783589708.869659328] [px4_0.mpc_node_0]: [d0] solve: status=0 time=0.17ms cost=0.0 pos=(0.09,-0.02,-4.97) local=(0.35,-0.18,-4.97) wbirth=(-0.26,0.17,0.00) ref=(0.00,0.00) leader=(0.00,0.00) fallbacks=0
[mpc_node-5] [INFO] [1783589709.758475587] [px4_3.mpc_node_3]: [d3] solve: status=0 time=0.17ms cost=0.0 pos=(3.05,-0.02,-5.07) local=(0.12,-0.19,-5.28) wbirth=(2.93,0.17,0.21) ref=(3.00,0.00) leader=(0.00,0.00) fallbacks=0
[mpc_node-3] [INFO] [1783589709.772924406] [px4_1.mpc_node_1]: [d1] solve: status=0 time=0.14ms cost=0.0 pos=(-0.06,3.11,-5.00) local=(-0.17,0.32,-5.24) wbirth=(0.11,2.79,0.24) ref=(0.00,3.00) leader=(0.00,0.00) fallbacks=0
[mpc_node-6] [INFO] [1783589709.773526154] [px4_4.mpc_node_4]: [d4] solve: status=0 time=0.14ms cost=0.0 pos=(-2.98,-0.00,-5.04) local=(-0.31,-0.07,-5.30) wbirth=(-2.67,0.06,0.26) ref=(-3.00,0.00) leader=(0.00,0.00) fallbacks=0
[mpc_node-4] [INFO] [1783589709.779664239] [px4_2.mpc_node_2]: [d2] solve: status=0 time=0.16ms cost=0.0 pos=(-0.05,-2.91,-5.02) local=(-0.17,0.27,-5.29) wbirth=(0.12,-3.18,0.27) ref=(0.00,-3.00) leader=(0.00,0.00) fallbacks=0
[mpc_node-2] [INFO] [1783589709.868949644] [px4_0.mpc_node_0]: [d0] solve: status=0 time=0.15ms cost=0.0 pos=(0.04,-0.05,-5.00) local=(0.30,-0.22,-5.00) wbirth=(-0.26,0.17,0.00) ref=(0.00,0.00) leader=(0.00,0.00) fallbacks=0
[mpc_node-5] [INFO] [1783589710.757944818] [px4_3.mpc_node_3]: [d3] solve: status=0 time=0.14ms cost=0.0 pos=(3.02,-0.01,-5.01) local=(0.09,-0.18,-5.23) wbirth=(2.93,0.17,0.21) ref=(3.00,0.00) leader=(0.00,0.00) fallbacks=0
[mpc_node-3] [INFO] [1783589710.771516244] [px4_1.mpc_node_1]: [d1] solve: status=0 time=0.14ms cost=0.0 pos=(-0.02,3.05,-4.99) local=(-0.12,0.26,-5.23) wbirth=(0.11,2.79,0.24) ref=(0.00,3.00) leader=(0.00,0.00) fallbacks=0
[mpc_node-6] [INFO] [1783589710.773744426] [px4_4.mpc_node_4]: [d4] solve: status=0 time=0.14ms cost=0.0 pos=(-3.00,0.00,-5.06) local=(-0.32,-0.06,-5.32) wbirth=(-2.67,0.06,0.26) ref=(-3.00,0.00) leader=(0.00,0.00) fallbacks=0
[mpc_node-4] [INFO] [1783589710.780027950] [px4_2.mpc_node_2]: [d2] solve: status=0 time=0.14ms cost=0.0 pos=(-0.10,-2.90,-4.97) local=(-0.22,0.28,-5.25) wbirth=(0.12,-3.18,0.27) ref=(0.00,-3.00) leader=(0.00,0.00) fallbacks=0
[mpc_node-2] [INFO] [1783589710.869423054] [px4_0.mpc_node_0]: [d0] solve: status=0 time=0.18ms cost=0.0 pos=(0.07,-0.03,-5.06) local=(0.33,-0.20,-5.06) wbirth=(-0.26,0.17,0.00) ref=(0.00,0.00) leader=(0.00,0.00) fallbacks=0
[mpc_node-5] [INFO] [1783589711.757068015] [px4_3.mpc_node_3]: [d3] solve: status=0 time=0.14ms cost=0.0 pos=(2.98,-0.05,-5.00) local=(0.06,-0.22,-5.21) wbirth=(2.93,0.17,0.21) ref=(3.00,0.00) leader=(0.00,0.00) fallbacks=0
[mpc_node-6] [INFO] [1783589711.772903357] [px4_4.mpc_node_4]: [d4] solve: status=0 time=0.17ms cost=0.0 pos=(-2.97,-0.03,-5.01) local=(-0.30,-0.09,-5.27) wbirth=(-2.67,0.06,0.26) ref=(-3.00,0.00) leader=(0.00,0.00) fallbacks=0
[mpc_node-3] [INFO] [1783589711.772942799] [px4_1.mpc_node_1]: [d1] solve: status=0 time=0.17ms cost=0.0 pos=(-0.06,2.98,-4.96) local=(-0.16,0.19,-5.20) wbirth=(0.11,2.79,0.24) ref=(0.00,3.00) leader=(0.00,0.00) fallbacks=0
[mpc_node-4] [INFO] [1783589711.780567587] [px4_2.mpc_node_2]: [d2] solve: status=0 time=0.17ms cost=0.0 pos=(-0.13,-2.99,-4.97) local=(-0.26,0.19,-5.24) wbirth=(0.12,-3.18,0.27) ref=(0.00,-3.00) leader=(0.00,0.00) fallbacks=0
[mpc_node-2] [INFO] [1783589711.870106780] [px4_0.mpc_node_0]: [d0] solve: status=0 time=0.16ms cost=0.0 pos=(0.02,0.02,-5.03) local=(0.28,-0.15,-5.03) wbirth=(-0.26,0.17,0.00) ref=(0.00,0.00) leader=(0.00,0.00) fallbacks=0
[mpc_node-5] [INFO] [1783589712.758384229] [px4_3.mpc_node_3]: [d3] solve: status=0 time=0.17ms cost=0.0 pos=(2.97,-0.07,-4.93) local=(0.04,-0.23,-5.14) wbirth=(2.93,0.17,0.21) ref=(3.00,0.00) leader=(0.00,0.00) fallbacks=0
[mpc_node-3] [INFO] [1783589712.771934918] [px4_1.mpc_node_1]: [d1] solve: status=0 time=0.14ms cost=0.0 pos=(0.01,2.98,-5.03) local=(-0.10,0.19,-5.27) wbirth=(0.11,2.79,0.24) ref=(0.00,3.00) leader=(0.00,0.00) fallbacks=0
[mpc_node-6] [INFO] [1783589712.772973142] [px4_4.mpc_node_4]: [d4] solve: status=0 time=0.17ms cost=0.0 pos=(-2.96,0.04,-5.00) local=(-0.29,-0.02,-5.26) wbirth=(-2.67,0.06,0.26) ref=(-3.00,0.00) leader=(0.00,0.00) fallbacks=0
[mpc_node-4] [INFO] [1783589712.780281987] [px4_2.mpc_node_2]: [d2] solve: status=0 time=0.16ms cost=0.0 pos=(-0.10,-3.07,-4.97) local=(-0.22,0.11,-5.24) wbirth=(0.12,-3.18,0.27) ref=(0.00,-3.00) leader=(0.00,0.00) fallbacks=0
[mpc_node-2] [INFO] [1783589712.869087533] [px4_0.mpc_node_0]: [d0] solve: status=0 time=0.18ms cost=0.0 pos=(-0.07,0.04,-4.98) local=(0.19,-0.13,-4.98) wbirth=(-0.26,0.17,0.00) ref=(0.00,0.00) leader=(0.00,0.00) fallbacks=0
[mpc_node-5] [INFO] [1783589713.758323019] [px4_3.mpc_node_3]: [d3] solve: status=0 time=0.14ms cost=0.0 pos=(2.91,-0.03,-4.96) local=(-0.01,-0.20,-5.17) wbirth=(2.93,0.17,0.21) ref=(3.00,0.00) leader=(0.00,0.00) fallbacks=0
[mpc_node-6] [INFO] [1783589713.772733484] [px4_4.mpc_node_4]: [d4] solve: status=0 time=0.14ms cost=0.0 pos=(-2.95,0.03,-4.95) local=(-0.27,-0.04,-5.21) wbirth=(-2.67,0.06,0.26) ref=(-3.00,0.00) leader=(0.00,0.00) fallbacks=0
[mpc_node-3] [INFO] [1783589713.772869889] [px4_1.mpc_node_1]: [d1] solve: status=0 time=0.18ms cost=0.0 pos=(0.04,2.95,-5.01) local=(-0.07,0.16,-5.25) wbirth=(0.11,2.79,0.24) ref=(0.00,3.00) leader=(0.00,0.00) fallbacks=0
[mpc_node-4] [INFO] [1783589713.780685435] [px4_2.mpc_node_2]: [d2] solve: status=0 time=0.17ms cost=0.0 pos=(0.03,-3.09,-4.98) local=(-0.09,0.09,-5.25) wbirth=(0.12,-3.18,0.27) ref=(0.00,-3.00) leader=(0.00,0.00) fallbacks=0
[mpc_node-2] [INFO] [1783589713.868817489] [px4_0.mpc_node_0]: [d0] solve: status=0 time=0.15ms cost=0.0 pos=(-0.13,0.01,-5.01) local=(0.13,-0.16,-5.01) wbirth=(-0.26,0.17,0.00) ref=(0.00,0.00) leader=(0.00,0.00) fallbacks=0
[mpc_node-5] [INFO] [1783589714.757686457] [px4_3.mpc_node_3]: [d3] solve: status=0 time=0.14ms cost=0.0 pos=(3.03,0.01,-5.02) local=(0.10,-0.15,-5.24) wbirth=(2.93,0.17,0.21) ref=(3.00,0.00) leader=(0.00,0.00) fallbacks=0
[mpc_node-3] [INFO] [1783589714.772138820] [px4_1.mpc_node_1]: [d1] solve: status=0 time=0.14ms cost=0.0 pos=(0.13,2.91,-5.01) local=(0.02,0.11,-5.25) wbirth=(0.11,2.79,0.24) ref=(0.00,3.00) leader=(0.00,0.00) fallbacks=0
[mpc_node-6] [INFO] [1783589714.772365649] [px4_4.mpc_node_4]: [d4] solve: status=0 time=0.14ms cost=0.0 pos=(-2.95,-0.01,-4.98) local=(-0.28,-0.07,-5.24) wbirth=(-2.67,0.06,0.26) ref=(-3.00,0.00) leader=(0.00,0.00) fallbacks=0
[mpc_node-4] [INFO] [1783589714.780523494] [px4_2.mpc_node_2]: [d2] solve: status=0 time=0.17ms cost=0.0 pos=(0.11,-3.04,-4.99) local=(-0.01,0.14,-5.26) wbirth=(0.12,-3.18,0.27) ref=(0.00,-3.00) leader=(0.00,0.00) fallbacks=0
[mpc_node-2] [INFO] [1783589714.869297584] [px4_0.mpc_node_0]: [d0] solve: status=0 time=0.18ms cost=0.0 pos=(-0.11,0.00,-5.03) local=(0.15,-0.16,-5.03) wbirth=(-0.26,0.17,0.00) ref=(0.00,0.00) leader=(0.00,0.00) fallbacks=0
[mpc_node-5] [INFO] [1783589715.757642700] [px4_3.mpc_node_3]: [d3] solve: status=0 time=0.14ms cost=0.0 pos=(3.07,0.06,-5.00) local=(0.14,-0.11,-5.21) wbirth=(2.93,0.17,0.21) ref=(3.00,0.00) leader=(0.00,0.00) fallbacks=0
[mpc_node-6] [INFO] [1783589715.772286707] [px4_4.mpc_node_4]: [d4] solve: status=0 time=0.24ms cost=0.0 pos=(-2.99,-0.02,-5.00) local=(-0.31,-0.08,-5.26) wbirth=(-2.67,0.06,0.26) ref=(-3.00,0.00) leader=(0.00,0.00) fallbacks=0
[mpc_node-3] [INFO] [1783589715.772929084] [px4_1.mpc_node_1]: [d1] solve: status=0 time=0.14ms cost=0.0 pos=(0.10,2.90,-5.03) local=(-0.00,0.11,-5.27) wbirth=(0.11,2.79,0.24) ref=(0.00,3.00) leader=(0.00,0.00) fallbacks=0
[mpc_node-4] [INFO] [1783589715.780232336] [px4_2.mpc_node_2]: [d2] solve: status=0 time=0.14ms cost=0.1 pos=(0.16,-3.01,-4.97) local=(0.04,0.17,-5.24) wbirth=(0.12,-3.18,0.27) ref=(0.00,-3.00) leader=(0.00,0.00) fallbacks=0
[mpc_node-2] [INFO] [1783589715.869346156] [px4_0.mpc_node_0]: [d0] solve: status=0 time=0.18ms cost=0.0 pos=(-0.03,-0.01,-5.03) local=(0.23,-0.18,-5.03) wbirth=(-0.26,0.17,0.00) ref=(0.00,0.00) leader=(0.00,0.00) fallbacks=0
[mpc_node-5] [INFO] [1783589716.758088715] [px4_3.mpc_node_3]: [d3] solve: status=0 time=0.14ms cost=0.0 pos=(3.06,0.07,-5.02) local=(0.14,-0.10,-5.23) wbirth=(2.93,0.17,0.21) ref=(3.00,0.00) leader=(0.00,0.00) fallbacks=0
[mpc_node-6] [INFO] [1783589716.772133755] [px4_4.mpc_node_4]: [d4] solve: status=0 time=0.17ms cost=0.0 pos=(-3.07,0.00,-4.99) local=(-0.40,-0.06,-5.25) wbirth=(-2.67,0.06,0.26) ref=(-3.00,0.00) leader=(0.00,0.00) fallbacks=0
[mpc_node-3] [INFO] [1783589716.772872813] [px4_1.mpc_node_1]: [d1] solve: status=0 time=0.17ms cost=0.0 pos=(0.04,2.92,-5.00) local=(-0.07,0.12,-5.24) wbirth=(0.11,2.79,0.24) ref=(0.00,3.00) leader=(0.00,0.00) fallbacks=0
[mpc_node-4] [INFO] [1783589716.780152390] [px4_2.mpc_node_2]: [d2] solve: status=0 time=0.16ms cost=0.0 pos=(0.08,-3.03,-5.01) local=(-0.04,0.15,-5.28) wbirth=(0.12,-3.18,0.27) ref=(0.00,-3.00) leader=(0.00,0.00) fallbacks=0
[mpc_node-2] [INFO] [1783589716.868820066] [px4_0.mpc_node_0]: [d0] solve: status=0 time=0.26ms cost=0.0 pos=(-0.01,-0.02,-5.05) local=(0.25,-0.19,-5.05) wbirth=(-0.26,0.17,0.00) ref=(0.00,0.00) leader=(0.00,0.00) fallbacks=0
[mpc_node-5] [INFO] [1783589717.758035787] [px4_3.mpc_node_3]: [d3] solve: status=0 time=0.17ms cost=0.0 pos=(3.04,0.05,-4.99) local=(0.11,-0.12,-5.20) wbirth=(2.93,0.17,0.21) ref=(3.00,0.00) leader=(0.00,0.00) fallbacks=0
[mpc_node-3] [INFO] [1783589717.771923512] [px4_1.mpc_node_1]: [d1] solve: status=0 time=0.20ms cost=0.0 pos=(-0.12,3.00,-5.02) local=(-0.22,0.21,-5.26) wbirth=(0.11,2.79,0.24) ref=(0.00,3.00) leader=(0.00,0.00) fallbacks=0
[mpc_node-6] [INFO] [1783589717.772238328] [px4_4.mpc_node_4]: [d4] solve: status=0 time=0.17ms cost=0.0 pos=(-3.06,-0.02,-5.01) local=(-0.38,-0.08,-5.27) wbirth=(-2.67,0.06,0.26) ref=(-3.00,0.00) leader=(0.00,0.00) fallbacks=0
[mpc_node-4] [INFO] [1783589717.779698545] [px4_2.mpc_node_2]: [d2] solve: status=0 time=0.14ms cost=0.0 pos=(-0.03,-3.00,-5.03) local=(-0.15,0.18,-5.30) wbirth=(0.12,-3.18,0.27) ref=(0.00,-3.00) leader=(0.00,0.00) fallbacks=0
[mpc_node-2] [INFO] [1783589717.868752930] [px4_0.mpc_node_0]: [d0] solve: status=0 time=0.18ms cost=0.0 pos=(0.06,-0.00,-5.04) local=(0.32,-0.17,-5.04) wbirth=(-0.26,0.17,0.00) ref=(0.00,0.00) leader=(0.00,0.00) fallbacks=0
[mpc_node-5] [INFO] [1783589718.758571677] [px4_3.mpc_node_3]: [d3] solve: status=0 time=0.14ms cost=0.0 pos=(2.97,0.01,-4.99) local=(0.04,-0.16,-5.21) wbirth=(2.93,0.17,0.21) ref=(3.00,0.00) leader=(0.00,0.00) fallbacks=0
[mpc_node-3] [INFO] [1783589718.771593084] [px4_1.mpc_node_1]: [d1] solve: status=0 time=0.14ms cost=0.1 pos=(-0.16,3.00,-4.96) local=(-0.27,0.21,-5.20) wbirth=(0.11,2.79,0.24) ref=(0.00,3.00) leader=(0.00,0.00) fallbacks=0
[mpc_node-6] [INFO] [1783589718.771811889] [px4_4.mpc_node_4]: [d4] solve: status=0 time=0.17ms cost=0.0 pos=(-3.05,-0.02,-5.03) local=(-0.38,-0.08,-5.29) wbirth=(-2.67,0.06,0.26) ref=(-3.00,0.00) leader=(0.00,0.00) fallbacks=0
[mpc_node-4] [INFO] [1783589718.780182318] [px4_2.mpc_node_2]: [d2] solve: status=0 time=0.14ms cost=0.0 pos=(-0.09,-2.98,-5.01) local=(-0.21,0.20,-5.28) wbirth=(0.12,-3.18,0.27) ref=(0.00,-3.00) leader=(0.00,0.00) fallbacks=0
[mpc_node-2] [INFO] [1783589718.867848642] [px4_0.mpc_node_0]: [d0] solve: status=0 time=0.15ms cost=0.0 pos=(0.10,-0.01,-5.02) local=(0.36,-0.18,-5.02) wbirth=(-0.26,0.17,0.00) ref=(0.00,0.00) leader=(0.00,0.00) fallbacks=0
[mpc_node-5] [INFO] [1783589719.757482165] [px4_3.mpc_node_3]: [d3] solve: status=0 time=0.14ms cost=0.0 pos=(2.98,-0.03,-5.01) local=(0.05,-0.20,-5.22) wbirth=(2.93,0.17,0.21) ref=(3.00,0.00) leader=(0.00,0.00) fallbacks=0
[mpc_node-3] [INFO] [1783589719.771903346] [px4_1.mpc_node_1]: [d1] solve: status=0 time=0.20ms cost=0.0 pos=(-0.03,3.04,-4.98) local=(-0.14,0.25,-5.22) wbirth=(0.11,2.79,0.24) ref=(0.00,3.00) leader=(0.00,0.00) fallbacks=0
[mpc_node-6] [INFO] [1783589719.772312569] [px4_4.mpc_node_4]: [d4] solve: status=0 time=0.17ms cost=0.0 pos=(-2.98,-0.05,-5.05) local=(-0.30,-0.11,-5.31) wbirth=(-2.67,0.06,0.26) ref=(-3.00,0.00) leader=(0.00,0.00) fallbacks=0
[mpc_node-4] [INFO] [1783589719.780068150] [px4_2.mpc_node_2]: [d2] solve: status=0 time=0.19ms cost=0.0 pos=(-0.09,-3.00,-5.05) local=(-0.21,0.18,-5.32) wbirth=(0.12,-3.18,0.27) ref=(0.00,-3.00) leader=(0.00,0.00) fallbacks=0
[mpc_node-2] [INFO] [1783589719.868795148] [px4_0.mpc_node_0]: [d0] solve: status=0 time=0.21ms cost=0.0 pos=(0.11,0.02,-4.97) local=(0.37,-0.15,-4.97) wbirth=(-0.26,0.17,0.00) ref=(0.00,0.00) leader=(0.00,0.00) fallbacks=0
[mpc_node-5] [INFO] [1783589720.757846312] [px4_3.mpc_node_3]: [d3] solve: status=0 time=0.14ms cost=0.0 pos=(2.93,-0.05,-5.05) local=(0.00,-0.22,-5.26) wbirth=(2.93,0.17,0.21) ref=(3.00,0.00) leader=(0.00,0.00) fallbacks=0
[mpc_node-3] [INFO] [1783589720.771762839] [px4_1.mpc_node_1]: [d1] solve: status=0 time=0.14ms cost=0.0 pos=(0.05,3.06,-4.97) local=(-0.06,0.26,-5.21) wbirth=(0.11,2.79,0.24) ref=(0.00,3.00) leader=(0.00,0.00) fallbacks=0
[mpc_node-6] [INFO] [1783589720.771876540] [px4_4.mpc_node_4]: [d4] solve: status=0 time=0.17ms cost=0.0 pos=(-3.00,0.04,-5.05) local=(-0.32,-0.02,-5.30) wbirth=(-2.67,0.06,0.26) ref=(-3.00,0.00) leader=(0.00,0.00) fallbacks=0
[mpc_node-4] [INFO] [1783589720.779698748] [px4_2.mpc_node_2]: [d2] solve: status=0 time=0.14ms cost=0.0 pos=(-0.07,-3.02,-4.98) local=(-0.19,0.16,-5.26) wbirth=(0.12,-3.18,0.27) ref=(0.00,-3.00) leader=(0.00,0.00) fallbacks=0
[mpc_node-2] [INFO] [1783589720.868948626] [px4_0.mpc_node_0]: [d0] solve: status=0 time=0.16ms cost=0.0 pos=(0.06,0.05,-4.95) local=(0.32,-0.12,-4.95) wbirth=(-0.26,0.17,0.00) ref=(0.00,0.00) leader=(0.00,0.00) fallbacks=0
[mpc_node-5] [INFO] [1783589721.757219670] [px4_3.mpc_node_3]: [d3] solve: status=0 time=0.17ms cost=0.0 pos=(2.93,-0.04,-5.00) local=(-0.00,-0.20,-5.21) wbirth=(2.93,0.17,0.21) ref=(3.00,0.00) leader=(0.00,0.00) fallbacks=0
[mpc_node-3] [INFO] [1783589721.771434887] [px4_1.mpc_node_1]: [d1] solve: status=0 time=0.17ms cost=0.0 pos=(0.09,3.03,-4.98) local=(-0.02,0.24,-5.22) wbirth=(0.11,2.79,0.24) ref=(0.00,3.00) leader=(0.00,0.00) fallbacks=0
[mpc_node-6] [INFO] [1783589721.772140805] [px4_4.mpc_node_4]: [d4] solve: status=0 time=0.17ms cost=0.0 pos=(-2.96,0.11,-5.02) local=(-0.28,0.05,-5.28) wbirth=(-2.67,0.06,0.26) ref=(-3.00,0.00) leader=(0.00,0.00) fallbacks=0
[mpc_node-4] [INFO] [1783589721.779991730] [px4_2.mpc_node_2]: [d2] solve: status=0 time=0.17ms cost=0.0 pos=(-0.04,-3.05,-5.01) local=(-0.16,0.13,-5.28) wbirth=(0.12,-3.18,0.27) ref=(0.00,-3.00) leader=(0.00,0.00) fallbacks=0
[mpc_node-2] [INFO] [1783589721.868527365] [px4_0.mpc_node_0]: [d0] solve: status=0 time=0.17ms cost=0.0 pos=(-0.06,-0.03,-4.97) local=(0.20,-0.19,-4.97) wbirth=(-0.26,0.17,0.00) ref=(0.00,0.00) leader=(0.00,0.00) fallbacks=0
[mpc_node-5] [INFO] [1783589722.757619987] [px4_3.mpc_node_3]: [d3] solve: status=0 time=0.14ms cost=0.0 pos=(2.94,-0.04,-4.97) local=(0.01,-0.20,-5.18) wbirth=(2.93,0.17,0.21) ref=(3.00,0.00) leader=(0.00,0.00) fallbacks=0
[mpc_node-3] [INFO] [1783589722.771874736] [px4_1.mpc_node_1]: [d1] solve: status=0 time=0.14ms cost=0.0 pos=(0.05,3.09,-4.96) local=(-0.06,0.29,-5.20) wbirth=(0.11,2.79,0.24) ref=(0.00,3.00) leader=(0.00,0.00) fallbacks=0
[mpc_node-6] [INFO] [1783589722.772163622] [px4_4.mpc_node_4]: [d4] solve: status=0 time=0.17ms cost=0.0 pos=(-2.94,0.08,-5.00) local=(-0.26,0.02,-5.26) wbirth=(-2.67,0.06,0.26) ref=(-3.00,0.00) leader=(0.00,0.00) fallbacks=0
[mpc_node-4] [INFO] [1783589722.780421897] [px4_2.mpc_node_2]: [d2] solve: status=0 time=0.17ms cost=0.0 pos=(0.08,-2.96,-4.98) local=(-0.05,0.22,-5.25) wbirth=(0.12,-3.18,0.27) ref=(0.00,-3.00) leader=(0.00,0.00) fallbacks=0
[mpc_node-2] [INFO] [1783589722.868856674] [px4_0.mpc_node_0]: [d0] solve: status=0 time=0.18ms cost=0.0 pos=(-0.09,-0.06,-5.01) local=(0.17,-0.22,-5.01) wbirth=(-0.26,0.17,0.00) ref=(0.00,0.00) leader=(0.00,0.00) fallbacks=0
[mpc_node-5] [INFO] [1783589723.758332186] [px4_3.mpc_node_3]: [d3] solve: status=0 time=0.20ms cost=0.0 pos=(3.00,-0.01,-5.02) local=(0.07,-0.17,-5.23) wbirth=(2.93,0.17,0.21) ref=(3.00,0.00) leader=(0.00,0.00) fallbacks=0
[mpc_node-3] [INFO] [1783589723.772244801] [px4_1.mpc_node_1]: [d1] solve: status=0 time=0.13ms cost=0.0 pos=(0.00,3.02,-5.08) local=(-0.10,0.22,-5.32) wbirth=(0.11,2.79,0.24) ref=(0.00,3.00) leader=(0.00,0.00) fallbacks=0
[mpc_node-6] [INFO] [1783589723.772450166] [px4_4.mpc_node_4]: [d4] solve: status=0 time=0.17ms cost=0.0 pos=(-2.94,-0.03,-4.95) local=(-0.26,-0.09,-5.21) wbirth=(-2.67,0.06,0.26) ref=(-3.00,0.00) leader=(0.00,0.00) fallbacks=0
[mpc_node-4] [INFO] [1783589723.779682449] [px4_2.mpc_node_2]: [d2] solve: status=0 time=0.17ms cost=0.0 pos=(0.10,-2.94,-4.99) local=(-0.02,0.24,-5.26) wbirth=(0.12,-3.18,0.27) ref=(0.00,-3.00) leader=(0.00,0.00) fallbacks=0
[mpc_node-2] [INFO] [1783589723.868634641] [px4_0.mpc_node_0]: [d0] solve: status=0 time=0.14ms cost=0.0 pos=(-0.04,-0.06,-5.02) local=(0.22,-0.23,-5.02) wbirth=(-0.26,0.17,0.00) ref=(0.00,0.00) leader=(0.00,0.00) fallbacks=0
[mpc_node-5] [INFO] [1783589724.758146812] [px4_3.mpc_node_3]: [d3] solve: status=0 time=0.17ms cost=0.0 pos=(3.10,0.04,-5.03) local=(0.17,-0.12,-5.25) wbirth=(2.93,0.17,0.21) ref=(3.00,0.00) leader=(0.00,0.00) fallbacks=0
[mpc_node-3] [INFO] [1783589724.771548126] [px4_1.mpc_node_1]: [d1] solve: status=0 time=0.13ms cost=0.0 pos=(-0.02,2.99,-5.03) local=(-0.12,0.19,-5.27) wbirth=(0.11,2.79,0.24) ref=(0.00,3.00) leader=(0.00,0.00) fallbacks=0
[mpc_node-6] [INFO] [1783589724.772810511] [px4_4.mpc_node_4]: [d4] solve: status=0 time=0.18ms cost=0.0 pos=(-3.00,-0.07,-5.02) local=(-0.33,-0.14,-5.28) wbirth=(-2.67,0.06,0.26) ref=(-3.00,0.00) leader=(0.00,0.00) fallbacks=0
[mpc_node-4] [INFO] [1783589724.779708727] [px4_2.mpc_node_2]: [d2] solve: status=0 time=0.17ms cost=0.0 pos=(0.01,-2.96,-4.99) local=(-0.11,0.22,-5.27) wbirth=(0.12,-3.18,0.27) ref=(0.00,-3.00) leader=(0.00,0.00) fallbacks=0
[mpc_node-2] [INFO] [1783589724.869522258] [px4_0.mpc_node_0]: [d0] solve: status=0 time=0.15ms cost=0.0 pos=(-0.01,0.01,-4.99) local=(0.25,-0.16,-4.99) wbirth=(-0.26,0.17,0.00) ref=(0.00,0.00) leader=(0.00,0.00) fallbacks=0
[mpc_node-5] [INFO] [1783589725.758344642] [px4_3.mpc_node_3]: [d3] solve: status=0 time=0.17ms cost=0.1 pos=(3.16,0.11,-5.05) local=(0.23,-0.05,-5.26) wbirth=(2.93,0.17,0.21) ref=(3.00,0.00) leader=(0.00,0.00) fallbacks=0
[mpc_node-3] [INFO] [1783589725.771933375] [px4_1.mpc_node_1]: [d1] solve: status=0 time=0.24ms cost=0.0 pos=(0.01,2.98,-4.99) local=(-0.10,0.18,-5.23) wbirth=(0.11,2.79,0.24) ref=(0.00,3.00) leader=(0.00,0.00) fallbacks=0
[mpc_node-6] [INFO] [1783589725.772006979] [px4_4.mpc_node_4]: [d4] solve: status=0 time=0.14ms cost=0.0 pos=(-3.04,-0.10,-5.00) local=(-0.36,-0.16,-5.26) wbirth=(-2.67,0.06,0.26) ref=(-3.00,0.00) leader=(0.00,0.00) fallbacks=0
[mpc_node-4] [INFO] [1783589725.779705781] [px4_2.mpc_node_2]: [d2] solve: status=0 time=0.14ms cost=0.0 pos=(-0.04,-2.97,-5.05) local=(-0.16,0.22,-5.32) wbirth=(0.12,-3.18,0.27) ref=(0.00,-3.00) leader=(0.00,0.00) fallbacks=0
[mpc_node-2] [INFO] [1783589725.868330587] [px4_0.mpc_node_0]: [d0] solve: status=0 time=0.18ms cost=0.0 pos=(-0.00,0.01,-4.99) local=(0.26,-0.15,-4.99) wbirth=(-0.26,0.17,0.00) ref=(0.00,0.00) leader=(0.00,0.00) fallbacks=0
[mpc_node-5] [INFO] [1783589726.758668779] [px4_3.mpc_node_3]: [d3] solve: status=0 time=0.17ms cost=0.0 pos=(3.02,0.06,-5.00) local=(0.10,-0.10,-5.21) wbirth=(2.93,0.17,0.21) ref=(3.00,0.00) leader=(0.00,0.00) fallbacks=0
[mpc_node-3] [INFO] [1783589726.771658177] [px4_1.mpc_node_1]: [d1] solve: status=0 time=0.17ms cost=0.0 pos=(-0.03,2.92,-5.02) local=(-0.14,0.13,-5.26) wbirth=(0.11,2.79,0.24) ref=(0.00,3.00) leader=(0.00,0.00) fallbacks=0
[mpc_node-6] [INFO] [1783589726.771989779] [px4_4.mpc_node_4]: [d4] solve: status=0 time=0.14ms cost=0.0 pos=(-3.06,-0.06,-4.99) local=(-0.39,-0.13,-5.25) wbirth=(-2.67,0.06,0.26) ref=(-3.00,0.00) leader=(0.00,0.00) fallbacks=0
[mpc_node-4] [INFO] [1783589726.779802943] [px4_2.mpc_node_2]: [d2] solve: status=0 time=0.17ms cost=0.0 pos=(0.04,-3.01,-5.01) local=(-0.08,0.17,-5.28) wbirth=(0.12,-3.18,0.27) ref=(0.00,-3.00) leader=(0.00,0.00) fallbacks=0
[mpc_node-2] [INFO] [1783589726.870050037] [px4_0.mpc_node_0]: [d0] solve: status=0 time=0.17ms cost=0.0 pos=(0.05,0.00,-5.03) local=(0.32,-0.17,-5.03) wbirth=(-0.26,0.17,0.00) ref=(0.00,0.00) leader=(0.00,0.00) fallbacks=0
[mpc_node-5] [INFO] [1783589727.757995757] [px4_3.mpc_node_3]: [d3] solve: status=0 time=0.14ms cost=0.0 pos=(2.97,0.02,-4.96) local=(0.04,-0.14,-5.17) wbirth=(2.93,0.17,0.21) ref=(3.00,0.00) leader=(0.00,0.00) fallbacks=0
[mpc_node-6] [INFO] [1783589727.771967042] [px4_4.mpc_node_4]: [d4] solve: status=0 time=0.14ms cost=0.0 pos=(-3.05,-0.01,-5.03) local=(-0.37,-0.08,-5.29) wbirth=(-2.67,0.06,0.26) ref=(-3.00,0.00) leader=(0.00,0.00) fallbacks=0
[mpc_node-3] [INFO] [1783589727.772012936] [px4_1.mpc_node_1]: [d1] solve: status=0 time=0.19ms cost=0.0 pos=(-0.06,2.94,-4.96) local=(-0.16,0.15,-5.20) wbirth=(0.11,2.79,0.24) ref=(0.00,3.00) leader=(0.00,0.00) fallbacks=0
[mpc_node-4] [INFO] [1783589727.779938709] [px4_2.mpc_node_2]: [d2] solve: status=0 time=0.14ms cost=0.0 pos=(-0.00,-3.02,-5.01) local=(-0.12,0.16,-5.28) wbirth=(0.12,-3.18,0.27) ref=(0.00,-3.00) leader=(0.00,0.00) fallbacks=0
[mpc_node-2] [INFO] [1783589727.869848609] [px4_0.mpc_node_0]: [d0] solve: status=0 time=0.17ms cost=0.0 pos=(0.09,0.05,-5.05) local=(0.35,-0.12,-5.05) wbirth=(-0.26,0.17,0.00) ref=(0.00,0.00) leader=(0.00,0.00) fallbacks=0
[mpc_node-5] [INFO] [1783589728.757986599] [px4_3.mpc_node_3]: [d3] solve: status=0 time=0.14ms cost=0.0 pos=(2.91,-0.04,-5.01) local=(-0.02,-0.20,-5.23) wbirth=(2.93,0.17,0.21) ref=(3.00,0.00) leader=(0.00,0.00) fallbacks=0
[mpc_node-6] [INFO] [1783589728.771855228] [px4_4.mpc_node_4]: [d4] solve: status=0 time=0.13ms cost=0.0 pos=(-3.08,0.04,-4.99) local=(-0.40,-0.02,-5.25) wbirth=(-2.67,0.06,0.26) ref=(-3.00,0.00) leader=(0.00,0.00) fallbacks=0
[mpc_node-3] [INFO] [1783589728.771893975] [px4_1.mpc_node_1]: [d1] solve: status=0 time=0.20ms cost=0.0 pos=(-0.06,3.01,-5.04) local=(-0.17,0.21,-5.28) wbirth=(0.11,2.79,0.24) ref=(0.00,3.00) leader=(0.00,0.00) fallbacks=0
[mpc_node-4] [INFO] [1783589728.779643378] [px4_2.mpc_node_2]: [d2] solve: status=0 time=0.13ms cost=0.0 pos=(-0.03,-3.01,-4.95) local=(-0.15,0.17,-5.22) wbirth=(0.12,-3.18,0.27) ref=(0.00,-3.00) leader=(0.00,0.00) fallbacks=0
[mpc_node-2] [INFO] [1783589728.869150575] [px4_0.mpc_node_0]: [d0] solve: status=0 time=0.18ms cost=0.0 pos=(0.05,0.08,-5.04) local=(0.31,-0.09,-5.04) wbirth=(-0.26,0.17,0.00) ref=(0.00,0.00) leader=(0.00,0.00) fallbacks=0
[mpc_node-5] [INFO] [1783589729.757556230] [px4_3.mpc_node_3]: [d3] solve: status=0 time=0.17ms cost=0.0 pos=(2.93,-0.04,-5.03) local=(0.00,-0.21,-5.24) wbirth=(2.93,0.17,0.21) ref=(3.00,0.00) leader=(0.00,0.00) fallbacks=0
[mpc_node-3] [INFO] [1783589729.772368019] [px4_1.mpc_node_1]: [d1] solve: status=0 time=0.17ms cost=0.0 pos=(-0.01,3.01,-5.04) local=(-0.12,0.22,-5.28) wbirth=(0.11,2.79,0.24) ref=(0.00,3.00) leader=(0.00,0.00) fallbacks=0
[mpc_node-6] [INFO] [1783589729.773242816] [px4_4.mpc_node_4]: [d4] solve: status=0 time=0.17ms cost=0.0 pos=(-3.06,0.04,-4.98) local=(-0.38,-0.02,-5.23) wbirth=(-2.67,0.06,0.26) ref=(-3.00,0.00) leader=(0.00,0.00) fallbacks=0
[mpc_node-4] [INFO] [1783589729.780459491] [px4_2.mpc_node_2]: [d2] solve: status=0 time=0.17ms cost=0.0 pos=(-0.06,-3.02,-4.98) local=(-0.18,0.17,-5.25) wbirth=(0.12,-3.18,0.27) ref=(0.00,-3.00) leader=(0.00,0.00) fallbacks=0
[mpc_node-2] [INFO] [1783589729.869716186] [px4_0.mpc_node_0]: [d0] solve: status=0 time=0.15ms cost=0.0 pos=(-0.03,0.03,-4.92) local=(0.23,-0.14,-4.92) wbirth=(-0.26,0.17,0.00) ref=(0.00,0.00) leader=(0.00,0.00) fallbacks=0
[mpc_node-5] [INFO] [1783589730.757242734] [px4_3.mpc_node_3]: [d3] solve: status=0 time=0.17ms cost=0.0 pos=(2.99,-0.08,-4.94) local=(0.06,-0.25,-5.15) wbirth=(2.93,0.17,0.21) ref=(3.00,0.00) leader=(0.00,0.00) fallbacks=0
[mpc_node-6] [INFO] [1783589730.772952209] [px4_4.mpc_node_4]: [d4] solve: status=0 time=0.14ms cost=0.0 pos=(-2.99,0.04,-4.98) local=(-0.32,-0.02,-5.24) wbirth=(-2.67,0.06,0.26) ref=(-3.00,0.00) leader=(0.00,0.00) fallbacks=0
[mpc_node-3] [INFO] [1783589730.773102791] [px4_1.mpc_node_1]: [d1] solve: status=0 time=0.14ms cost=0.0 pos=(-0.00,3.06,-4.94) local=(-0.11,0.26,-5.18) wbirth=(0.11,2.79,0.24) ref=(0.00,3.00) leader=(0.00,0.00) fallbacks=0
[mpc_node-4] [INFO] [1783589730.780435662] [px4_2.mpc_node_2]: [d2] solve: status=0 time=0.14ms cost=0.0 pos=(-0.11,-3.02,-5.01) local=(-0.23,0.16,-5.28) wbirth=(0.12,-3.18,0.27) ref=(0.00,-3.00) leader=(0.00,0.00) fallbacks=0
[mpc_node-2] [INFO] [1783589730.869389518] [px4_0.mpc_node_0]: [d0] solve: status=0 time=0.18ms cost=0.0 pos=(-0.03,-0.01,-5.03) local=(0.23,-0.18,-5.03) wbirth=(-0.26,0.17,0.00) ref=(0.00,0.00) leader=(0.00,0.00) fallbacks=0
[mpc_node-5] [INFO] [1783589731.757924754] [px4_3.mpc_node_3]: [d3] solve: status=0 time=0.18ms cost=0.0 pos=(3.09,-0.08,-5.02) local=(0.16,-0.25,-5.23) wbirth=(2.93,0.17,0.21) ref=(3.00,0.00) leader=(0.00,0.00) fallbacks=0
[mpc_node-3] [INFO] [1783589731.771537667] [px4_1.mpc_node_1]: [d1] solve: status=0 time=0.14ms cost=0.0 pos=(0.10,2.98,-4.94) local=(-0.00,0.19,-5.18) wbirth=(0.11,2.79,0.24) ref=(0.00,3.00) leader=(0.00,0.00) fallbacks=0
[mpc_node-6] [INFO] [1783589731.772069939] [px4_4.mpc_node_4]: [d4] solve: status=0 time=0.14ms cost=0.0 pos=(-2.95,0.05,-5.06) local=(-0.27,-0.01,-5.32) wbirth=(-2.67,0.06,0.26) ref=(-3.00,0.00) leader=(0.00,0.00) fallbacks=0
[mpc_node-4] [INFO] [1783589731.779696421] [px4_2.mpc_node_2]: [d2] solve: status=0 time=0.14ms cost=0.0 pos=(-0.07,-2.99,-5.01) local=(-0.19,0.19,-5.28) wbirth=(0.12,-3.18,0.27) ref=(0.00,-3.00) leader=(0.00,0.00) fallbacks=0
[mpc_node-2] [INFO] [1783589731.868624795] [px4_0.mpc_node_0]: [d0] solve: status=0 time=0.15ms cost=0.0 pos=(-0.01,-0.05,-5.01) local=(0.25,-0.22,-5.01) wbirth=(-0.26,0.17,0.00) ref=(0.00,0.00) leader=(0.00,0.00) fallbacks=0
[mpc_node-5] [INFO] [1783589732.757924447] [px4_3.mpc_node_3]: [d3] solve: status=0 time=0.17ms cost=0.0 pos=(3.03,-0.01,-5.03) local=(0.11,-0.17,-5.24) wbirth=(2.93,0.17,0.21) ref=(3.00,0.00) leader=(0.00,0.00) fallbacks=0
[mpc_node-6] [INFO] [1783589732.772527020] [px4_4.mpc_node_4]: [d4] solve: status=0 time=0.14ms cost=0.0 pos=(-2.89,-0.02,-5.01) local=(-0.22,-0.08,-5.27) wbirth=(-2.67,0.06,0.26) ref=(-3.00,0.00) leader=(0.00,0.00) fallbacks=0
[mpc_node-3] [INFO] [1783589732.773401233] [px4_1.mpc_node_1]: [d1] solve: status=0 time=0.14ms cost=0.0 pos=(0.14,2.96,-4.95) local=(0.04,0.17,-5.19) wbirth=(0.11,2.79,0.24) ref=(0.00,3.00) leader=(0.00,0.00) fallbacks=0
[mpc_node-4] [INFO] [1783589732.780494454] [px4_2.mpc_node_2]: [d2] solve: status=0 time=0.17ms cost=0.0 pos=(0.04,-2.99,-4.95) local=(-0.09,0.19,-5.22) wbirth=(0.12,-3.18,0.27) ref=(0.00,-3.00) leader=(0.00,0.00) fallbacks=0
[mpc_node-2] [INFO] [1783589732.868940339] [px4_0.mpc_node_0]: [d0] solve: status=0 time=0.15ms cost=0.0 pos=(-0.00,-0.08,-4.99) local=(0.26,-0.25,-4.99) wbirth=(-0.26,0.17,0.00) ref=(0.00,0.00) leader=(0.00,0.00) fallbacks=0
[mpc_node-5] [INFO] [1783589733.758546000] [px4_3.mpc_node_3]: [d3] solve: status=0 time=0.19ms cost=0.0 pos=(2.93,0.04,-4.98) local=(0.00,-0.13,-5.19) wbirth=(2.93,0.17,0.21) ref=(3.00,0.00) leader=(0.00,0.00) fallbacks=0
[mpc_node-3] [INFO] [1783589733.772100500] [px4_1.mpc_node_1]: [d1] solve: status=0 time=0.20ms cost=0.0 pos=(0.03,2.99,-4.97) local=(-0.08,0.19,-5.20) wbirth=(0.11,2.79,0.24) ref=(0.00,3.00) leader=(0.00,0.00) fallbacks=0
[mpc_node-6] [INFO] [1783589733.773440099] [px4_4.mpc_node_4]: [d4] solve: status=0 time=0.20ms cost=0.0 pos=(-2.94,-0.06,-4.99) local=(-0.27,-0.13,-5.25) wbirth=(-2.67,0.06,0.26) ref=(-3.00,0.00) leader=(0.00,0.00) fallbacks=0
[mpc_node-4] [INFO] [1783589733.779773730] [px4_2.mpc_node_2]: [d2] solve: status=0 time=0.17ms cost=0.0 pos=(0.10,-2.98,-4.98) local=(-0.02,0.20,-5.26) wbirth=(0.12,-3.18,0.27) ref=(0.00,-3.00) leader=(0.00,0.00) fallbacks=0
[mpc_node-2] [INFO] [1783589733.868609693] [px4_0.mpc_node_0]: [d0] solve: status=0 time=0.14ms cost=0.0 pos=(0.00,-0.05,-5.07) local=(0.26,-0.22,-5.07) wbirth=(-0.26,0.17,0.00) ref=(0.00,0.00) leader=(0.00,0.00) fallbacks=0
[mpc_node-5] [INFO] [1783589734.757677196] [px4_3.mpc_node_3]: [d3] solve: status=0 time=0.15ms cost=0.0 pos=(2.91,0.06,-5.01) local=(-0.02,-0.10,-5.22) wbirth=(2.93,0.17,0.21) ref=(3.00,0.00) leader=(0.00,0.00) fallbacks=0
[mpc_node-3] [INFO] [1783589734.771613286] [px4_1.mpc_node_1]: [d1] solve: status=0 time=0.17ms cost=0.0 pos=(-0.03,3.01,-4.99) local=(-0.13,0.22,-5.23) wbirth=(0.11,2.79,0.24) ref=(0.00,3.00) leader=(0.00,0.00) fallbacks=0
[mpc_node-6] [INFO] [1783589734.771872308] [px4_4.mpc_node_4]: [d4] solve: status=0 time=0.14ms cost=0.0 pos=(-2.99,-0.02,-5.02) local=(-0.32,-0.09,-5.28) wbirth=(-2.67,0.06,0.26) ref=(-3.00,0.00) leader=(0.00,0.00) fallbacks=0
[mpc_node-4] [INFO] [1783589734.779763358] [px4_2.mpc_node_2]: [d2] solve: status=0 time=0.17ms cost=0.0 pos=(0.05,-2.99,-4.98) local=(-0.07,0.19,-5.25) wbirth=(0.12,-3.18,0.27) ref=(0.00,-3.00) leader=(0.00,0.00) fallbacks=0
[mpc_node-2] [INFO] [1783589734.868965610] [px4_0.mpc_node_0]: [d0] solve: status=0 time=0.17ms cost=0.0 pos=(0.00,-0.04,-5.06) local=(0.26,-0.21,-5.06) wbirth=(-0.26,0.17,0.00) ref=(0.00,0.00) leader=(0.00,0.00) fallbacks=0
[mpc_node-5] [INFO] [1783589735.758709616] [px4_3.mpc_node_3]: [d3] solve: status=0 time=0.20ms cost=0.0 pos=(2.98,0.07,-5.00) local=(0.05,-0.10,-5.21) wbirth=(2.93,0.17,0.21) ref=(3.00,0.00) leader=(0.00,0.00) fallbacks=0
[mpc_node-3] [INFO] [1783589735.771987249] [px4_1.mpc_node_1]: [d1] solve: status=0 time=0.17ms cost=0.0 pos=(-0.14,3.05,-4.98) local=(-0.25,0.25,-5.22) wbirth=(0.11,2.79,0.24) ref=(0.00,3.00) leader=(0.00,0.00) fallbacks=0
[mpc_node-6] [INFO] [1783589735.773455438] [px4_4.mpc_node_4]: [d4] solve: status=0 time=0.20ms cost=0.0 pos=(-3.05,-0.04,-4.97) local=(-0.37,-0.10,-5.23) wbirth=(-2.67,0.06,0.26) ref=(-3.00,0.00) leader=(0.00,0.00) fallbacks=0
[mpc_node-4] [INFO] [1783589735.780430088] [px4_2.mpc_node_2]: [d2] solve: status=0 time=0.17ms cost=0.0 pos=(0.03,-3.01,-4.97) local=(-0.09,0.17,-5.24) wbirth=(0.12,-3.18,0.27) ref=(0.00,-3.00) leader=(0.00,0.00) fallbacks=0
[mpc_node-2] [INFO] [1783589735.868590414] [px4_0.mpc_node_0]: [d0] solve: status=0 time=0.19ms cost=0.0 pos=(-0.00,-0.02,-5.06) local=(0.26,-0.19,-5.06) wbirth=(-0.26,0.17,0.00) ref=(0.00,0.00) leader=(0.00,0.00) fallbacks=0
[mpc_node-5] [INFO] [1783589736.758218528] [px4_3.mpc_node_3]: [d3] solve: status=0 time=0.14ms cost=0.0 pos=(3.06,0.02,-4.98) local=(0.13,-0.14,-5.19) wbirth=(2.93,0.17,0.21) ref=(3.00,0.00) leader=(0.00,0.00) fallbacks=0
[mpc_node-3] [INFO] [1783589736.771868369] [px4_1.mpc_node_1]: [d1] solve: status=0 time=0.20ms cost=0.0 pos=(-0.08,3.01,-5.00) local=(-0.19,0.22,-5.24) wbirth=(0.11,2.79,0.24) ref=(0.00,3.00) leader=(0.00,0.00) fallbacks=0
[mpc_node-6] [INFO] [1783589736.772287790] [px4_4.mpc_node_4]: [d4] solve: status=0 time=0.16ms cost=0.0 pos=(-3.11,0.00,-4.97) local=(-0.44,-0.06,-5.23) wbirth=(-2.67,0.06,0.26) ref=(-3.00,0.00) leader=(0.00,0.00) fallbacks=0
[mpc_node-4] [INFO] [1783589736.779826667] [px4_2.mpc_node_2]: [d2] solve: status=0 time=0.16ms cost=0.0 pos=(-0.08,-3.00,-4.98) local=(-0.20,0.18,-5.25) wbirth=(0.12,-3.18,0.27) ref=(0.00,-3.00) leader=(0.00,0.00) fallbacks=0
[mpc_node-2] [INFO] [1783589736.868408712] [px4_0.mpc_node_0]: [d0] solve: status=0 time=0.18ms cost=0.0 pos=(0.04,0.06,-4.97) local=(0.30,-0.11,-4.97) wbirth=(-0.26,0.17,0.00) ref=(0.00,0.00) leader=(0.00,0.00) fallbacks=0
[mpc_node-5] [INFO] [1783589737.758079838] [px4_3.mpc_node_3]: [d3] solve: status=0 time=0.17ms cost=0.0 pos=(3.05,-0.04,-5.05) local=(0.12,-0.20,-5.26) wbirth=(2.93,0.17,0.21) ref=(3.00,0.00) leader=(0.00,0.00) fallbacks=0
[mpc_node-3] [INFO] [1783589737.771640045] [px4_1.mpc_node_1]: [d1] solve: status=0 time=0.21ms cost=0.0 pos=(-0.06,2.97,-5.04) local=(-0.16,0.17,-5.28) wbirth=(0.11,2.79,0.24) ref=(0.00,3.00) leader=(0.00,0.00) fallbacks=0
[mpc_node-6] [INFO] [1783589737.772749861] [px4_4.mpc_node_4]: [d4] solve: status=0 time=0.43ms cost=0.0 pos=(-3.10,0.03,-5.00) local=(-0.43,-0.03,-5.26) wbirth=(-2.67,0.06,0.26) ref=(-3.00,0.00) leader=(0.00,0.00) fallbacks=0
[mpc_node-4] [INFO] [1783589737.780057529] [px4_2.mpc_node_2]: [d2] solve: status=0 time=0.17ms cost=0.0 pos=(-0.05,-3.01,-5.03) local=(-0.17,0.17,-5.30) wbirth=(0.12,-3.18,0.27) ref=(0.00,-3.00) leader=(0.00,0.00) fallbacks=0
[mpc_node-2] [INFO] [1783589737.869106100] [px4_0.mpc_node_0]: [d0] solve: status=0 time=0.15ms cost=0.0 pos=(0.03,0.04,-4.96) local=(0.29,-0.13,-4.96) wbirth=(-0.26,0.17,0.00) ref=(0.00,0.00) leader=(0.00,0.00) fallbacks=0
[mpc_node-5] [INFO] [1783589738.757623452] [px4_3.mpc_node_3]: [d3] solve: status=0 time=0.14ms cost=0.0 pos=(3.02,-0.06,-5.03) local=(0.09,-0.23,-5.24) wbirth=(2.93,0.17,0.21) ref=(3.00,0.00) leader=(0.00,0.00) fallbacks=0
[mpc_node-3] [INFO] [1783589738.771942678] [px4_1.mpc_node_1]: [d1] solve: status=0 time=0.14ms cost=0.0 pos=(0.01,2.97,-5.00) local=(-0.10,0.18,-5.24) wbirth=(0.11,2.79,0.24) ref=(0.00,3.00) leader=(0.00,0.00) fallbacks=0
[mpc_node-6] [INFO] [1783589738.772970516] [px4_4.mpc_node_4]: [d4] solve: status=0 time=0.20ms cost=0.0 pos=(-3.02,0.00,-4.99) local=(-0.35,-0.06,-5.25) wbirth=(-2.67,0.06,0.26) ref=(-3.00,0.00) leader=(0.00,0.00) fallbacks=0
[mpc_node-4] [INFO] [1783589738.780733678] [px4_2.mpc_node_2]: [d2] solve: status=0 time=0.20ms cost=0.0 pos=(0.00,-2.98,-5.03) local=(-0.12,0.20,-5.30) wbirth=(0.12,-3.18,0.27) ref=(0.00,-3.00) leader=(0.00,0.00) fallbacks=0
[mpc_node-2] [INFO] [1783589738.868714384] [px4_0.mpc_node_0]: [d0] solve: status=0 time=0.17ms cost=0.0 pos=(0.01,0.05,-5.01) local=(0.28,-0.12,-5.01) wbirth=(-0.26,0.17,0.00) ref=(0.00,0.00) leader=(0.00,0.00) fallbacks=0
[mpc_node-5] [INFO] [1783589739.758122888] [px4_3.mpc_node_3]: [d3] solve: status=0 time=0.17ms cost=0.0 pos=(3.00,-0.07,-5.01) local=(0.07,-0.23,-5.22) wbirth=(2.93,0.17,0.21) ref=(3.00,0.00) leader=(0.00,0.00) fallbacks=0
[mpc_node-3] [INFO] [1783589739.771735346] [px4_1.mpc_node_1]: [d1] solve: status=0 time=0.15ms cost=0.0 pos=(0.07,3.00,-4.99) local=(-0.04,0.20,-5.23) wbirth=(0.11,2.79,0.24) ref=(0.00,3.00) leader=(0.00,0.00) fallbacks=0
[mpc_node-6] [INFO] [1783589739.774361407] [px4_4.mpc_node_4]: [d4] solve: status=0 time=0.17ms cost=0.0 pos=(-2.93,0.00,-4.98) local=(-0.26,-0.06,-5.24) wbirth=(-2.67,0.06,0.26) ref=(-3.00,0.00) leader=(0.00,0.00) fallbacks=0
[mpc_node-4] [INFO] [1783589739.779679863] [px4_2.mpc_node_2]: [d2] solve: status=0 time=0.14ms cost=0.0 pos=(0.08,-3.00,-4.95) local=(-0.04,0.18,-5.22) wbirth=(0.12,-3.18,0.27) ref=(0.00,-3.00) leader=(0.00,0.00) fallbacks=0
[mpc_node-2] [INFO] [1783589739.868707136] [px4_0.mpc_node_0]: [d0] solve: status=0 time=0.17ms cost=0.0 pos=(-0.11,0.03,-4.96) local=(0.16,-0.14,-4.96) wbirth=(-0.26,0.17,0.00) ref=(0.00,0.00) leader=(0.00,0.00) fallbacks=0
[mpc_node-5] [INFO] [1783589740.757803232] [px4_3.mpc_node_3]: [d3] solve: status=0 time=0.14ms cost=0.0 pos=(2.98,-0.06,-5.00) local=(0.05,-0.22,-5.21) wbirth=(2.93,0.17,0.21) ref=(3.00,0.00) leader=(0.00,0.00) fallbacks=0
[mpc_node-6] [INFO] [1783589740.772118735] [px4_4.mpc_node_4]: [d4] solve: status=0 time=0.17ms cost=0.1 pos=(-2.84,-0.01,-5.11) local=(-0.17,-0.07,-5.36) wbirth=(-2.67,0.06,0.26) ref=(-3.00,0.00) leader=(0.00,0.00) fallbacks=0
[mpc_node-3] [INFO] [1783589740.772443453] [px4_1.mpc_node_1]: [d1] solve: status=0 time=0.17ms cost=0.0 pos=(0.11,2.99,-4.99) local=(0.00,0.19,-5.23) wbirth=(0.11,2.79,0.24) ref=(0.00,3.00) leader=(0.00,0.00) fallbacks=0
[mpc_node-4] [INFO] [1783589740.780869517] [px4_2.mpc_node_2]: [d2] solve: status=0 time=0.17ms cost=0.0 pos=(0.11,-3.00,-5.04) local=(-0.01,0.18,-5.31) wbirth=(0.12,-3.18,0.27) ref=(0.00,-3.00) leader=(0.00,0.00) fallbacks=0
[mpc_node-2] [INFO] [1783589740.868826787] [px4_0.mpc_node_0]: [d0] solve: status=0 time=0.15ms cost=0.0 pos=(-0.11,0.04,-4.92) local=(0.15,-0.13,-4.92) wbirth=(-0.26,0.17,0.00) ref=(0.00,0.00) leader=(0.00,0.00) fallbacks=0
[mpc_node-5] [INFO] [1783589741.758564690] [px4_3.mpc_node_3]: [d3] solve: status=0 time=0.17ms cost=0.0 pos=(2.96,0.02,-4.94) local=(0.03,-0.14,-5.15) wbirth=(2.93,0.17,0.21) ref=(3.00,0.00) leader=(0.00,0.00) fallbacks=0
[mpc_node-3] [INFO] [1783589741.771596203] [px4_1.mpc_node_1]: [d1] solve: status=0 time=0.19ms cost=0.0 pos=(0.06,3.03,-5.02) local=(-0.04,0.23,-5.26) wbirth=(0.11,2.79,0.24) ref=(0.00,3.00) leader=(0.00,0.00) fallbacks=0
[mpc_node-6] [INFO] [1783589741.771925805] [px4_4.mpc_node_4]: [d4] solve: status=0 time=0.17ms cost=0.0 pos=(-2.94,0.04,-4.98) local=(-0.26,-0.02,-5.24) wbirth=(-2.67,0.06,0.26) ref=(-3.00,0.00) leader=(0.00,0.00) fallbacks=0
[mpc_node-4] [INFO] [1783589741.779818959] [px4_2.mpc_node_2]: [d2] solve: status=0 time=0.21ms cost=0.0 pos=(0.06,-2.97,-5.01) local=(-0.06,0.22,-5.29) wbirth=(0.12,-3.18,0.27) ref=(0.00,-3.00) leader=(0.00,0.00) fallbacks=0
[mpc_node-2] [INFO] [1783589741.868468220] [px4_0.mpc_node_0]: [d0] solve: status=0 time=0.18ms cost=0.0 pos=(-0.03,0.01,-4.98) local=(0.23,-0.16,-4.98) wbirth=(-0.26,0.17,0.00) ref=(0.00,0.00) leader=(0.00,0.00) fallbacks=0
[mpc_node-5] [INFO] [1783589742.757876391] [px4_3.mpc_node_3]: [d3] solve: status=0 time=0.14ms cost=0.0 pos=(3.02,0.07,-4.97) local=(0.10,-0.09,-5.19) wbirth=(2.93,0.17,0.21) ref=(3.00,0.00) leader=(0.00,0.00) fallbacks=0
[mpc_node-3] [INFO] [1783589742.771652975] [px4_1.mpc_node_1]: [d1] solve: status=0 time=0.14ms cost=0.0 pos=(-0.02,3.06,-4.99) local=(-0.13,0.26,-5.23) wbirth=(0.11,2.79,0.24) ref=(0.00,3.00) leader=(0.00,0.00) fallbacks=0
[mpc_node-6] [INFO] [1783589742.773227845] [px4_4.mpc_node_4]: [d4] solve: status=0 time=0.20ms cost=0.0 pos=(-3.06,0.09,-5.03) local=(-0.38,0.03,-5.29) wbirth=(-2.67,0.06,0.26) ref=(-3.00,0.00) leader=(0.00,0.00) fallbacks=0
[mpc_node-4] [INFO] [1783589742.779730723] [px4_2.mpc_node_2]: [d2] solve: status=0 time=0.14ms cost=0.0 pos=(0.05,-2.97,-5.03) local=(-0.07,0.21,-5.30) wbirth=(0.12,-3.18,0.27) ref=(0.00,-3.00) leader=(0.00,0.00) fallbacks=0
[mpc_node-2] [INFO] [1783589742.869367554] [px4_0.mpc_node_0]: [d0] solve: status=0 time=0.18ms cost=0.0 pos=(0.09,-0.09,-5.05) local=(0.35,-0.26,-5.05) wbirth=(-0.26,0.17,0.00) ref=(0.00,0.00) leader=(0.00,0.00) fallbacks=0
[mpc_node-5] [INFO] [1783589743.757990566] [px4_3.mpc_node_3]: [d3] solve: status=0 time=0.17ms cost=0.0 pos=(3.07,0.08,-5.01) local=(0.14,-0.09,-5.22) wbirth=(2.93,0.17,0.21) ref=(3.00,0.00) leader=(0.00,0.00) fallbacks=0
[mpc_node-3] [INFO] [1783589743.772300375] [px4_1.mpc_node_1]: [d1] solve: status=0 time=0.14ms cost=0.0 pos=(-0.08,3.04,-4.97) local=(-0.19,0.24,-5.21) wbirth=(0.11,2.79,0.24) ref=(0.00,3.00) leader=(0.00,0.00) fallbacks=0
[mpc_node-6] [INFO] [1783589743.772410635] [px4_4.mpc_node_4]: [d4] solve: status=0 time=0.14ms cost=0.0 pos=(-3.09,0.06,-5.02) local=(-0.42,-0.01,-5.28) wbirth=(-2.67,0.06,0.26) ref=(-3.00,0.00) leader=(0.00,0.00) fallbacks=0
[mpc_node-4] [INFO] [1783589743.780579407] [px4_2.mpc_node_2]: [d2] solve: status=0 time=0.14ms cost=0.0 pos=(-0.01,-2.96,-5.01) local=(-0.13,0.23,-5.29) wbirth=(0.12,-3.18,0.27) ref=(0.00,-3.00) leader=(0.00,0.00) fallbacks=0
[mpc_node-2] [INFO] [1783589743.869645185] [px4_0.mpc_node_0]: [d0] solve: status=0 time=0.15ms cost=0.0 pos=(0.11,-0.05,-4.96) local=(0.38,-0.22,-4.96) wbirth=(-0.26,0.17,0.00) ref=(0.00,0.00) leader=(0.00,0.00) fallbacks=0
[mpc_node-5] [INFO] [1783589744.759110578] [px4_3.mpc_node_3]: [d3] solve: status=0 time=0.20ms cost=0.0 pos=(3.00,0.07,-4.99) local=(0.07,-0.10,-5.21) wbirth=(2.93,0.17,0.21) ref=(3.00,0.00) leader=(0.00,0.00) fallbacks=0
[mpc_node-3] [INFO] [1783589744.771623996] [px4_1.mpc_node_1]: [d1] solve: status=0 time=0.14ms cost=0.0 pos=(-0.14,3.00,-5.01) local=(-0.25,0.21,-5.25) wbirth=(0.11,2.79,0.24) ref=(0.00,3.00) leader=(0.00,0.00) fallbacks=0
[mpc_node-6] [INFO] [1783589744.771952619] [px4_4.mpc_node_4]: [d4] solve: status=0 time=0.16ms cost=0.0 pos=(-3.07,0.00,-4.98) local=(-0.40,-0.06,-5.24) wbirth=(-2.67,0.06,0.26) ref=(-3.00,0.00) leader=(0.00,0.00) fallbacks=0
[mpc_node-4] [INFO] [1783589744.781531109] [px4_2.mpc_node_2]: [d2] solve: status=0 time=0.14ms cost=0.0 pos=(-0.11,-3.02,-5.08) local=(-0.23,0.16,-5.35) wbirth=(0.12,-3.18,0.27) ref=(0.00,-3.00) leader=(0.00,0.00) fallbacks=0
[mpc_node-2] [INFO] [1783589744.869313319] [px4_0.mpc_node_0]: [d0] solve: status=0 time=0.21ms cost=0.0 pos=(0.07,-0.06,-5.03) local=(0.33,-0.23,-5.03) wbirth=(-0.26,0.17,0.00) ref=(0.00,0.00) leader=(0.00,0.00) fallbacks=0
[mpc_node-5] [INFO] [1783589745.757716398] [px4_3.mpc_node_3]: [d3] solve: status=0 time=0.14ms cost=0.0 pos=(2.98,-0.02,-5.05) local=(0.06,-0.18,-5.26) wbirth=(2.93,0.17,0.21) ref=(3.00,0.00) leader=(0.00,0.00) fallbacks=0
[mpc_node-3] [INFO] [1783589745.772097911] [px4_1.mpc_node_1]: [d1] solve: status=0 time=0.17ms cost=0.1 pos=(-0.20,3.00,-5.03) local=(-0.31,0.20,-5.27) wbirth=(0.11,2.79,0.24) ref=(0.00,3.00) leader=(0.00,0.00) fallbacks=0
[mpc_node-6] [INFO] [1783589745.772333174] [px4_4.mpc_node_4]: [d4] solve: status=0 time=0.19ms cost=0.0 pos=(-3.02,-0.05,-5.01) local=(-0.35,-0.11,-5.27) wbirth=(-2.67,0.06,0.26) ref=(-3.00,0.00) leader=(0.00,0.00) fallbacks=0
[mpc_node-4] [INFO] [1783589745.779923001] [px4_2.mpc_node_2]: [d2] solve: status=0 time=0.16ms cost=0.0 pos=(-0.09,-3.07,-4.97) local=(-0.21,0.11,-5.24) wbirth=(0.12,-3.18,0.27) ref=(0.00,-3.00) leader=(0.00,0.00) fallbacks=0
[mpc_node-2] [INFO] [1783589745.868871718] [px4_0.mpc_node_0]: [d0] solve: status=0 time=0.17ms cost=0.0 pos=(-0.02,0.01,-5.04) local=(0.25,-0.16,-5.04) wbirth=(-0.26,0.17,0.00) ref=(0.00,0.00) leader=(0.00,0.00) fallbacks=0
[mpc_node-5] [INFO] [1783589746.759105873] [px4_3.mpc_node_3]: [d3] solve: status=0 time=0.17ms cost=0.0 pos=(3.07,-0.04,-4.99) local=(0.14,-0.21,-5.20) wbirth=(2.93,0.17,0.21) ref=(3.00,0.00) leader=(0.00,0.00) fallbacks=0
[mpc_node-3] [INFO] [1783589746.771880418] [px4_1.mpc_node_1]: [d1] solve: status=0 time=0.14ms cost=0.0 pos=(-0.11,2.97,-5.05) local=(-0.22,0.17,-5.29) wbirth=(0.11,2.79,0.24) ref=(0.00,3.00) leader=(0.00,0.00) fallbacks=0
[mpc_node-6] [INFO] [1783589746.773533256] [px4_4.mpc_node_4]: [d4] solve: status=0 time=0.14ms cost=0.0 pos=(-3.05,-0.09,-5.01) local=(-0.37,-0.15,-5.27) wbirth=(-2.67,0.06,0.26) ref=(-3.00,0.00) leader=(0.00,0.00) fallbacks=0
[mpc_node-4] [INFO] [1783589746.782099376] [px4_2.mpc_node_2]: [d2] solve: status=0 time=0.17ms cost=0.0 pos=(-0.02,-3.08,-5.02) local=(-0.15,0.10,-5.29) wbirth=(0.12,-3.18,0.27) ref=(0.00,-3.00) leader=(0.00,0.00) fallbacks=0
[mpc_node-2] [INFO] [1783589746.869513656] [px4_0.mpc_node_0]: [d0] solve: status=0 time=0.15ms cost=0.0 pos=(-0.01,0.08,-5.05) local=(0.25,-0.09,-5.05) wbirth=(-0.26,0.17,0.00) ref=(0.00,0.00) leader=(0.00,0.00) fallbacks=0
[mpc_node-5] [INFO] [1783589747.757562199] [px4_3.mpc_node_3]: [d3] solve: status=0 time=0.17ms cost=0.0 pos=(3.02,-0.09,-5.02) local=(0.09,-0.25,-5.23) wbirth=(2.93,0.17,0.21) ref=(3.00,0.00) leader=(0.00,0.00) fallbacks=0
[mpc_node-3] [INFO] [1783589747.771711977] [px4_1.mpc_node_1]: [d1] solve: status=0 time=0.16ms cost=0.0 pos=(0.03,3.00,-5.03) local=(-0.07,0.21,-5.27) wbirth=(0.11,2.79,0.24) ref=(0.00,3.00) leader=(0.00,0.00) fallbacks=0
[mpc_node-6] [INFO] [1783589747.771959587] [px4_4.mpc_node_4]: [d4] solve: status=0 time=0.14ms cost=0.0 pos=(-3.01,-0.07,-4.99) local=(-0.34,-0.13,-5.25) wbirth=(-2.67,0.06,0.26) ref=(-3.00,0.00) leader=(0.00,0.00) fallbacks=0
[mpc_node-4] [INFO] [1783589747.779910054] [px4_2.mpc_node_2]: [d2] solve: status=0 time=0.14ms cost=0.0 pos=(0.00,-3.06,-5.02) local=(-0.12,0.12,-5.29) wbirth=(0.12,-3.18,0.27) ref=(0.00,-3.00) leader=(0.00,0.00) fallbacks=0
[mpc_node-2] [INFO] [1783589747.868608711] [px4_0.mpc_node_0]: [d0] solve: status=0 time=0.18ms cost=0.0 pos=(-0.05,0.09,-4.99) local=(0.21,-0.08,-4.99) wbirth=(-0.26,0.17,0.00) ref=(0.00,0.00) leader=(0.00,0.00) fallbacks=0
[mpc_node-5] [INFO] [1783589748.757225892] [px4_3.mpc_node_3]: [d3] solve: status=0 time=0.17ms cost=0.0 pos=(3.01,-0.07,-5.05) local=(0.08,-0.24,-5.26) wbirth=(2.93,0.17,0.21) ref=(3.00,0.00) leader=(0.00,0.00) fallbacks=0
[mpc_node-6] [INFO] [1783589748.771886600] [px4_4.mpc_node_4]: [d4] solve: status=0 time=0.14ms cost=0.0 pos=(-3.01,-0.04,-5.01) local=(-0.33,-0.10,-5.27) wbirth=(-2.67,0.06,0.26) ref=(-3.00,0.00) leader=(0.00,0.00) fallbacks=0
[mpc_node-3] [INFO] [1783589748.771898847] [px4_1.mpc_node_1]: [d1] solve: status=0 time=0.20ms cost=0.1 pos=(0.22,3.03,-5.04) local=(0.11,0.23,-5.28) wbirth=(0.11,2.79,0.24) ref=(0.00,3.00) leader=(0.00,0.00) fallbacks=0
[mpc_node-4] [INFO] [1783589748.779625370] [px4_2.mpc_node_2]: [d2] solve: status=0 time=0.14ms cost=0.0 pos=(-0.02,-3.05,-5.01) local=(-0.14,0.13,-5.28) wbirth=(0.12,-3.18,0.27) ref=(0.00,-3.00) leader=(0.00,0.00) fallbacks=0
[mpc_node-2] [INFO] [1783589748.868434879] [px4_0.mpc_node_0]: [d0] solve: status=0 time=0.52ms cost=0.0 pos=(-0.14,0.05,-4.97) local=(0.12,-0.12,-4.97) wbirth=(-0.26,0.17,0.00) ref=(0.00,0.00) leader=(0.00,0.00) fallbacks=0
[mpc_node-5] [INFO] [1783589749.758346100] [px4_3.mpc_node_3]: [d3] solve: status=0 time=0.17ms cost=0.0 pos=(3.02,-0.03,-4.98) local=(0.09,-0.20,-5.19) wbirth=(2.93,0.17,0.21) ref=(3.00,0.00) leader=(0.00,0.00) fallbacks=0
[mpc_node-3] [INFO] [1783589749.771654969] [px4_1.mpc_node_1]: [d1] solve: status=0 time=0.17ms cost=0.1 pos=(0.26,2.98,-5.01) local=(0.16,0.19,-5.25) wbirth=(0.11,2.79,0.24) ref=(0.00,3.00) leader=(0.00,0.00) fallbacks=0
[mpc_node-6] [INFO] [1783589749.772365467] [px4_4.mpc_node_4]: [d4] solve: status=0 time=0.20ms cost=0.0 pos=(-2.91,-0.01,-5.00) local=(-0.24,-0.07,-5.26) wbirth=(-2.67,0.06,0.26) ref=(-3.00,0.00) leader=(0.00,0.00) fallbacks=0
[mpc_node-4] [INFO] [1783589749.779625329] [px4_2.mpc_node_2]: [d2] solve: status=0 time=0.13ms cost=0.0 pos=(0.08,-2.99,-5.01) local=(-0.04,0.19,-5.28) wbirth=(0.12,-3.18,0.27) ref=(0.00,-3.00) leader=(0.00,0.00) fallbacks=0
[mpc_node-2] [INFO] [1783589749.868446706] [px4_0.mpc_node_0]: [d0] solve: status=0 time=0.18ms cost=0.0 pos=(-0.12,0.02,-5.09) local=(0.14,-0.15,-5.09) wbirth=(-0.26,0.17,0.00) ref=(0.00,0.00) leader=(0.00,0.00) fallbacks=0
[mpc_node-5] [INFO] [1783589750.757917347] [px4_3.mpc_node_3]: [d3] solve: status=0 time=0.17ms cost=0.0 pos=(2.96,0.03,-5.01) local=(0.03,-0.13,-5.22) wbirth=(2.93,0.17,0.21) ref=(3.00,0.00) leader=(0.00,0.00) fallbacks=0
[mpc_node-3] [INFO] [1783589750.771593820] [px4_1.mpc_node_1]: [d1] solve: status=0 time=0.17ms cost=0.0 pos=(0.14,2.99,-4.92) local=(0.03,0.20,-5.16) wbirth=(0.11,2.79,0.24) ref=(0.00,3.00) leader=(0.00,0.00) fallbacks=0
[mpc_node-6] [INFO] [1783589750.772061500] [px4_4.mpc_node_4]: [d4] solve: status=0 time=0.17ms cost=0.0 pos=(-2.91,0.05,-4.97) local=(-0.24,-0.01,-5.23) wbirth=(-2.67,0.06,0.26) ref=(-3.00,0.00) leader=(0.00,0.00) fallbacks=0
[mpc_node-4] [INFO] [1783589750.779903440] [px4_2.mpc_node_2]: [d2] solve: status=0 time=0.17ms cost=0.0 pos=(0.04,-2.95,-4.97) local=(-0.08,0.23,-5.24) wbirth=(0.12,-3.18,0.27) ref=(0.00,-3.00) leader=(0.00,0.00) fallbacks=0
[mpc_node-2] [INFO] [1783589750.868774286] [px4_0.mpc_node_0]: [d0] solve: status=0 time=0.15ms cost=0.0 pos=(0.00,-0.01,-5.02) local=(0.26,-0.18,-5.02) wbirth=(-0.26,0.17,0.00) ref=(0.00,0.00) leader=(0.00,0.00) fallbacks=0
[mpc_node-5] [INFO] [1783589751.758648378] [px4_3.mpc_node_3]: [d3] solve: status=0 time=0.17ms cost=0.0 pos=(2.96,0.11,-4.98) local=(0.04,-0.06,-5.19) wbirth=(2.93,0.17,0.21) ref=(3.00,0.00) leader=(0.00,0.00) fallbacks=0
[mpc_node-3] [INFO] [1783589751.772148640] [px4_1.mpc_node_1]: [d1] solve: status=0 time=0.17ms cost=0.0 pos=(0.03,3.02,-4.96) local=(-0.07,0.23,-5.20) wbirth=(0.11,2.79,0.24) ref=(0.00,3.00) leader=(0.00,0.00) fallbacks=0
[mpc_node-6] [INFO] [1783589751.772354370] [px4_4.mpc_node_4]: [d4] solve: status=0 time=0.14ms cost=0.0 pos=(-3.01,0.06,-4.95) local=(-0.34,-0.00,-5.21) wbirth=(-2.67,0.06,0.26) ref=(-3.00,0.00) leader=(0.00,0.00) fallbacks=0
[mpc_node-4] [INFO] [1783589751.780076702] [px4_2.mpc_node_2]: [d2] solve: status=0 time=0.20ms cost=0.0 pos=(-0.02,-2.94,-4.97) local=(-0.14,0.24,-5.24) wbirth=(0.12,-3.18,0.27) ref=(0.00,-3.00) leader=(0.00,0.00) fallbacks=0
[mpc_node-2] [INFO] [1783589751.868566112] [px4_0.mpc_node_0]: [d0] solve: status=0 time=0.15ms cost=0.0 pos=(0.08,-0.06,-5.07) local=(0.34,-0.23,-5.07) wbirth=(-0.26,0.17,0.00) ref=(0.00,0.00) leader=(0.00,0.00) fallbacks=0
[mpc_node-5] [INFO] [1783589752.759046809] [px4_3.mpc_node_3]: [d3] solve: status=0 time=0.14ms cost=0.0 pos=(2.91,0.12,-5.04) local=(-0.01,-0.04,-5.26) wbirth=(2.93,0.17,0.21) ref=(3.00,0.00) leader=(0.00,0.00) fallbacks=0
[mpc_node-3] [INFO] [1783589752.771936835] [px4_1.mpc_node_1]: [d1] solve: status=0 time=0.17ms cost=0.0 pos=(-0.09,3.03,-5.02) local=(-0.20,0.24,-5.25) wbirth=(0.11,2.79,0.24) ref=(0.00,3.00) leader=(0.00,0.00) fallbacks=0
[mpc_node-6] [INFO] [1783589752.772365220] [px4_4.mpc_node_4]: [d4] solve: status=0 time=0.20ms cost=0.0 pos=(-3.11,0.06,-4.96) local=(-0.44,-0.01,-5.21) wbirth=(-2.67,0.06,0.26) ref=(-3.00,0.00) leader=(0.00,0.00) fallbacks=0
[mpc_node-4] [INFO] [1783589752.780109599] [px4_2.mpc_node_2]: [d2] solve: status=0 time=0.17ms cost=0.0 pos=(0.00,-3.00,-4.98) local=(-0.12,0.18,-5.25) wbirth=(0.12,-3.18,0.27) ref=(0.00,-3.00) leader=(0.00,0.00) fallbacks=0
[mpc_node-2] [INFO] [1783589752.868816056] [px4_0.mpc_node_0]: [d0] solve: status=0 time=0.15ms cost=0.0 pos=(0.08,-0.06,-4.99) local=(0.35,-0.23,-4.99) wbirth=(-0.26,0.17,0.00) ref=(0.00,0.00) leader=(0.00,0.00) fallbacks=0
[mpc_node-5] [INFO] [1783589753.758454721] [px4_3.mpc_node_3]: [d3] solve: status=0 time=0.17ms cost=0.0 pos=(2.94,0.07,-4.98) local=(0.01,-0.10,-5.19) wbirth=(2.93,0.17,0.21) ref=(3.00,0.00) leader=(0.00,0.00) fallbacks=0
[mpc_node-3] [INFO] [1783589753.771766331] [px4_1.mpc_node_1]: [d1] solve: status=0 time=0.13ms cost=0.0 pos=(-0.12,3.07,-4.97) local=(-0.23,0.28,-5.21) wbirth=(0.11,2.79,0.24) ref=(0.00,3.00) leader=(0.00,0.00) fallbacks=0
[mpc_node-6] [INFO] [1783589753.772226777] [px4_4.mpc_node_4]: [d4] solve: status=0 time=0.18ms cost=0.0 pos=(-3.09,-0.05,-5.01) local=(-0.42,-0.12,-5.26) wbirth=(-2.67,0.06,0.26) ref=(-3.00,0.00) leader=(0.00,0.00) fallbacks=0
[mpc_node-4] [INFO] [1783589753.779600048] [px4_2.mpc_node_2]: [d2] solve: status=0 time=0.14ms cost=0.0 pos=(0.01,-3.04,-4.99) local=(-0.11,0.14,-5.27) wbirth=(0.12,-3.18,0.27) ref=(0.00,-3.00) leader=(0.00,0.00) fallbacks=0
[mpc_node-2] [INFO] [1783589753.868800661] [px4_0.mpc_node_0]: [d0] solve: status=0 time=0.21ms cost=0.0 pos=(0.10,-0.01,-5.05) local=(0.36,-0.18,-5.05) wbirth=(-0.26,0.17,0.00) ref=(0.00,0.00) leader=(0.00,0.00) fallbacks=0
[mpc_node-5] [INFO] [1783589754.758602799] [px4_3.mpc_node_3]: [d3] solve: status=0 time=0.17ms cost=0.0 pos=(2.99,-0.02,-4.98) local=(0.06,-0.19,-5.20) wbirth=(2.93,0.17,0.21) ref=(3.00,0.00) leader=(0.00,0.00) fallbacks=0
[mpc_node-3] [INFO] [1783589754.771877031] [px4_1.mpc_node_1]: [d1] solve: status=0 time=0.17ms cost=0.0 pos=(-0.13,3.03,-5.03) local=(-0.24,0.23,-5.27) wbirth=(0.11,2.79,0.24) ref=(0.00,3.00) leader=(0.00,0.00) fallbacks=0
[mpc_node-6] [INFO] [1783589754.771917501] [px4_4.mpc_node_4]: [d4] solve: status=0 time=0.14ms cost=0.0 pos=(-2.92,-0.10,-4.99) local=(-0.25,-0.17,-5.25) wbirth=(-2.67,0.06,0.26) ref=(-3.00,0.00) leader=(0.00,0.00) fallbacks=0
[mpc_node-4] [INFO] [1783589754.779808412] [px4_2.mpc_node_2]: [d2] solve: status=0 time=0.16ms cost=0.0 pos=(-0.01,-2.97,-4.99) local=(-0.13,0.21,-5.26) wbirth=(0.12,-3.18,0.27) ref=(0.00,-3.00) leader=(0.00,0.00) fallbacks=0
[mpc_node-2] [INFO] [1783589754.869957385] [px4_0.mpc_node_0]: [d0] solve: status=0 time=0.18ms cost=0.0 pos=(0.08,0.00,-4.98) local=(0.34,-0.17,-4.98) wbirth=(-0.26,0.17,0.00) ref=(0.00,0.00) leader=(0.00,0.00) fallbacks=0
[mpc_node-5] [INFO] [1783589755.758141423] [px4_3.mpc_node_3]: [d3] solve: status=0 time=0.17ms cost=0.0 pos=(3.01,-0.11,-4.99) local=(0.08,-0.27,-5.20) wbirth=(2.93,0.17,0.21) ref=(3.00,0.00) leader=(0.00,0.00) fallbacks=0
[mpc_node-3] [INFO] [1783589755.771752461] [px4_1.mpc_node_1]: [d1] solve: status=0 time=0.16ms cost=0.0 pos=(-0.04,2.97,-5.03) local=(-0.14,0.18,-5.27) wbirth=(0.11,2.79,0.24) ref=(0.00,3.00) leader=(0.00,0.00) fallbacks=0
[mpc_node-6] [INFO] [1783589755.772835218] [px4_4.mpc_node_4]: [d4] solve: status=0 time=0.16ms cost=0.0 pos=(-2.90,-0.09,-5.05) local=(-0.23,-0.16,-5.30) wbirth=(-2.67,0.06,0.26) ref=(-3.00,0.00) leader=(0.00,0.00) fallbacks=0
[mpc_node-4] [INFO] [1783589755.779660674] [px4_2.mpc_node_2]: [d2] solve: status=0 time=0.14ms cost=0.0 pos=(0.07,-2.98,-4.98) local=(-0.05,0.20,-5.25) wbirth=(0.12,-3.18,0.27) ref=(0.00,-3.00) leader=(0.00,0.00) fallbacks=0
[mpc_node-2] [INFO] [1783589755.869250197] [px4_0.mpc_node_0]: [d0] solve: status=0 time=0.18ms cost=0.0 pos=(-0.08,0.04,-5.05) local=(0.18,-0.13,-5.05) wbirth=(-0.26,0.17,0.00) ref=(0.00,0.00) leader=(0.00,0.00) fallbacks=0
[mpc_node-5] [INFO] [1783589756.757849818] [px4_3.mpc_node_3]: [d3] solve: status=0 time=0.17ms cost=0.0 pos=(3.08,-0.07,-5.00) local=(0.16,-0.24,-5.21) wbirth=(2.93,0.17,0.21) ref=(3.00,0.00) leader=(0.00,0.00) fallbacks=0
[mpc_node-6] [INFO] [1783589756.773372155] [px4_4.mpc_node_4]: [d4] solve: status=0 time=0.17ms cost=0.0 pos=(-2.89,0.00,-5.05) local=(-0.22,-0.06,-5.30) wbirth=(-2.67,0.06,0.26) ref=(-3.00,0.00) leader=(0.00,0.00) fallbacks=0
[mpc_node-3] [INFO] [1783589756.773961397] [px4_1.mpc_node_1]: [d1] solve: status=0 time=0.17ms cost=0.0 pos=(-0.07,2.96,-5.04) local=(-0.18,0.16,-5.28) wbirth=(0.11,2.79,0.24) ref=(0.00,3.00) leader=(0.00,0.00) fallbacks=0
[mpc_node-4] [INFO] [1783589756.780679372] [px4_2.mpc_node_2]: [d2] solve: status=0 time=0.14ms cost=0.0 pos=(0.07,-3.00,-4.96) local=(-0.05,0.18,-5.23) wbirth=(0.12,-3.18,0.27) ref=(0.00,-3.00) leader=(0.00,0.00) fallbacks=0
[mpc_node-2] [INFO] [1783589756.869624226] [px4_0.mpc_node_0]: [d0] solve: status=0 time=0.21ms cost=0.0 pos=(-0.07,0.05,-4.94) local=(0.19,-0.12,-4.94) wbirth=(-0.26,0.17,0.00) ref=(0.00,0.00) leader=(0.00,0.00) fallbacks=0
[mpc_node-5] [INFO] [1783589757.757896848] [px4_3.mpc_node_3]: [d3] solve: status=0 time=0.17ms cost=0.0 pos=(3.07,-0.02,-5.00) local=(0.14,-0.18,-5.21) wbirth=(2.93,0.17,0.21) ref=(3.00,0.00) leader=(0.00,0.00) fallbacks=0
[mpc_node-6] [INFO] [1783589757.771957987] [px4_4.mpc_node_4]: [d4] solve: status=0 time=0.17ms cost=0.0 pos=(-3.00,0.04,-4.99) local=(-0.33,-0.02,-5.25) wbirth=(-2.67,0.06,0.26) ref=(-3.00,0.00) leader=(0.00,0.00) fallbacks=0
[mpc_node-3] [INFO] [1783589757.772111619] [px4_1.mpc_node_1]: [d1] solve: status=0 time=0.16ms cost=0.0 pos=(-0.05,2.97,-4.99) local=(-0.16,0.18,-5.23) wbirth=(0.11,2.79,0.24) ref=(0.00,3.00) leader=(0.00,0.00) fallbacks=0
[mpc_node-4] [INFO] [1783589757.779710233] [px4_2.mpc_node_2]: [d2] solve: status=0 time=0.14ms cost=0.0 pos=(0.06,-2.97,-4.98) local=(-0.06,0.21,-5.25) wbirth=(0.12,-3.18,0.27) ref=(0.00,-3.00) leader=(0.00,0.00) fallbacks=0
[mpc_node-2] [INFO] [1783589757.869089567] [px4_0.mpc_node_0]: [d0] solve: status=0 time=0.18ms cost=0.0 pos=(0.00,0.07,-4.94) local=(0.26,-0.10,-4.94) wbirth=(-0.26,0.17,0.00) ref=(0.00,0.00) leader=(0.00,0.00) fallbacks=0
[mpc_node-5] [INFO] [1783589758.758532641] [px4_3.mpc_node_3]: [d3] solve: status=0 time=0.23ms cost=0.0 pos=(3.04,-0.02,-5.04) local=(0.11,-0.18,-5.25) wbirth=(2.93,0.17,0.21) ref=(3.00,0.00) leader=(0.00,0.00) fallbacks=0
[mpc_node-3] [INFO] [1783589758.772268174] [px4_1.mpc_node_1]: [d1] solve: status=0 time=0.21ms cost=0.0 pos=(0.01,2.96,-5.00) local=(-0.09,0.16,-5.24) wbirth=(0.11,2.79,0.24) ref=(0.00,3.00) leader=(0.00,0.00) fallbacks=0
[mpc_node-6] [INFO] [1783589758.773246325] [px4_4.mpc_node_4]: [d4] solve: status=0 time=0.17ms cost=0.1 pos=(-3.16,0.04,-4.96) local=(-0.49,-0.03,-5.22) wbirth=(-2.67,0.06,0.26) ref=(-3.00,0.00) leader=(0.00,0.00) fallbacks=0
[mpc_node-4] [INFO] [1783589758.780688570] [px4_2.mpc_node_2]: [d2] solve: status=0 time=0.14ms cost=0.0 pos=(0.02,-2.99,-5.06) local=(-0.10,0.19,-5.33) wbirth=(0.12,-3.18,0.27) ref=(0.00,-3.00) leader=(0.00,0.00) fallbacks=0
[mpc_node-2] [INFO] [1783589758.869365242] [px4_0.mpc_node_0]: [d0] solve: status=0 time=0.15ms cost=0.0 pos=(-0.00,0.05,-5.01) local=(0.26,-0.12,-5.01) wbirth=(-0.26,0.17,0.00) ref=(0.00,0.00) leader=(0.00,0.00) fallbacks=0
[mpc_node-5] [INFO] [1783589759.758022121] [px4_3.mpc_node_3]: [d3] solve: status=0 time=0.14ms cost=0.0 pos=(3.03,0.00,-5.02) local=(0.10,-0.16,-5.23) wbirth=(2.93,0.17,0.21) ref=(3.00,0.00) leader=(0.00,0.00) fallbacks=0
[mpc_node-3] [INFO] [1783589759.772533912] [px4_1.mpc_node_1]: [d1] solve: status=0 time=0.20ms cost=0.0 pos=(0.09,3.00,-5.01) local=(-0.02,0.20,-5.25) wbirth=(0.11,2.79,0.24) ref=(0.00,3.00) leader=(0.00,0.00) fallbacks=0
[mpc_node-6] [INFO] [1783589759.772852105] [px4_4.mpc_node_4]: [d4] solve: status=0 time=0.14ms cost=0.0 pos=(-3.12,0.04,-4.97) local=(-0.45,-0.02,-5.23) wbirth=(-2.67,0.06,0.26) ref=(-3.00,0.00) leader=(0.00,0.00) fallbacks=0
[mpc_node-4] [INFO] [1783589759.780351165] [px4_2.mpc_node_2]: [d2] solve: status=0 time=0.17ms cost=0.0 pos=(-0.03,-3.05,-5.01) local=(-0.15,0.13,-5.28) wbirth=(0.12,-3.18,0.27) ref=(0.00,-3.00) leader=(0.00,0.00) fallbacks=0
[mpc_node-2] [INFO] [1783589759.869152807] [px4_0.mpc_node_0]: [d0] solve: status=0 time=0.18ms cost=0.0 pos=(-0.01,-0.02,-5.02) local=(0.25,-0.19,-5.02) wbirth=(-0.26,0.17,0.00) ref=(0.00,0.00) leader=(0.00,0.00) fallbacks=0
[mpc_node-5] [INFO] [1783589760.757831185] [px4_3.mpc_node_3]: [d3] solve: status=0 time=0.17ms cost=0.0 pos=(2.95,0.04,-5.00) local=(0.03,-0.13,-5.21) wbirth=(2.93,0.17,0.21) ref=(3.00,0.00) leader=(0.00,0.00) fallbacks=0
[mpc_node-3] [INFO] [1783589760.772654598] [px4_1.mpc_node_1]: [d1] solve: status=0 time=0.14ms cost=0.0 pos=(0.13,3.04,-4.96) local=(0.03,0.25,-5.20) wbirth=(0.11,2.79,0.24) ref=(0.00,3.00) leader=(0.00,0.00) fallbacks=0
[mpc_node-6] [INFO] [1783589760.772735949] [px4_4.mpc_node_4]: [d4] solve: status=0 time=0.14ms cost=0.0 pos=(-3.07,0.00,-4.96) local=(-0.40,-0.06,-5.22) wbirth=(-2.67,0.06,0.26) ref=(-3.00,0.00) leader=(0.00,0.00) fallbacks=0
[mpc_node-4] [INFO] [1783589760.780780785] [px4_2.mpc_node_2]: [d2] solve: status=0 time=0.17ms cost=0.0 pos=(-0.04,-3.07,-5.00) local=(-0.16,0.11,-5.27) wbirth=(0.12,-3.18,0.27) ref=(0.00,-3.00) leader=(0.00,0.00) fallbacks=0
[mpc_node-2] [INFO] [1783589760.869263662] [px4_0.mpc_node_0]: [d0] solve: status=0 time=0.15ms cost=0.0 pos=(-0.00,-0.03,-5.00) local=(0.26,-0.20,-5.00) wbirth=(-0.26,0.17,0.00) ref=(0.00,0.00) leader=(0.00,0.00) fallbacks=0
[mpc_node-5] [INFO] [1783589761.757733598] [px4_3.mpc_node_3]: [d3] solve: status=0 time=0.16ms cost=0.0 pos=(2.92,0.04,-5.01) local=(-0.01,-0.13,-5.22) wbirth=(2.93,0.17,0.21) ref=(3.00,0.00) leader=(0.00,0.00) fallbacks=0
[mpc_node-3] [INFO] [1783589761.771776908] [px4_1.mpc_node_1]: [d1] solve: status=0 time=0.17ms cost=0.0 pos=(0.09,3.04,-5.01) local=(-0.01,0.25,-5.25) wbirth=(0.11,2.79,0.24) ref=(0.00,3.00) leader=(0.00,0.00) fallbacks=0
[mpc_node-6] [INFO] [1783589761.772590265] [px4_4.mpc_node_4]: [d4] solve: status=0 time=0.14ms cost=0.0 pos=(-2.97,-0.05,-4.95) local=(-0.30,-0.11,-5.21) wbirth=(-2.67,0.06,0.26) ref=(-3.00,0.00) leader=(0.00,0.00) fallbacks=0
[mpc_node-4] [INFO] [1783589761.780206302] [px4_2.mpc_node_2]: [d2] solve: status=0 time=0.16ms cost=0.0 pos=(-0.02,-2.99,-4.95) local=(-0.14,0.19,-5.22) wbirth=(0.12,-3.18,0.27) ref=(0.00,-3.00) leader=(0.00,0.00) fallbacks=0
[mpc_node-2] [INFO] [1783589761.868820990] [px4_0.mpc_node_0]: [d0] solve: status=0 time=0.15ms cost=0.0 pos=(-0.03,-0.07,-5.01) local=(0.23,-0.24,-5.01) wbirth=(-0.26,0.17,0.00) ref=(0.00,0.00) leader=(0.00,0.00) fallbacks=0
[mpc_node-5] [INFO] [1783589762.757776129] [px4_3.mpc_node_3]: [d3] solve: status=0 time=0.17ms cost=0.0 pos=(2.91,0.02,-4.98) local=(-0.01,-0.15,-5.20) wbirth=(2.93,0.17,0.21) ref=(3.00,0.00) leader=(0.00,0.00) fallbacks=0
[mpc_node-6] [INFO] [1783589762.772536355] [px4_4.mpc_node_4]: [d4] solve: status=0 time=0.18ms cost=0.0 pos=(-2.98,-0.07,-4.96) local=(-0.30,-0.13,-5.22) wbirth=(-2.67,0.06,0.26) ref=(-3.00,0.00) leader=(0.00,0.00) fallbacks=0
[mpc_node-3] [INFO] [1783589762.773017194] [px4_1.mpc_node_1]: [d1] solve: status=0 time=0.20ms cost=0.0 pos=(0.01,3.03,-5.07) local=(-0.10,0.23,-5.31) wbirth=(0.11,2.79,0.24) ref=(0.00,3.00) leader=(0.00,0.00) fallbacks=0
[mpc_node-4] [INFO] [1783589762.780639293] [px4_2.mpc_node_2]: [d2] solve: status=0 time=0.20ms cost=0.0 pos=(-0.06,-2.95,-4.99) local=(-0.18,0.23,-5.26) wbirth=(0.12,-3.18,0.27) ref=(0.00,-3.00) leader=(0.00,0.00) fallbacks=0
[mpc_node-2] [INFO] [1783589762.869455914] [px4_0.mpc_node_0]: [d0] solve: status=0 time=0.18ms cost=0.0 pos=(-0.07,-0.06,-5.03) local=(0.19,-0.23,-5.03) wbirth=(-0.26,0.17,0.00) ref=(0.00,0.00) leader=(0.00,0.00) fallbacks=0
[mpc_node-5] [INFO] [1783589763.757616752] [px4_3.mpc_node_3]: [d3] solve: status=0 time=0.14ms cost=0.0 pos=(2.99,0.00,-5.05) local=(0.06,-0.16,-5.26) wbirth=(2.93,0.17,0.21) ref=(3.00,0.00) leader=(0.00,0.00) fallbacks=0
[mpc_node-3] [INFO] [1783589763.772202874] [px4_1.mpc_node_1]: [d1] solve: status=0 time=0.16ms cost=0.0 pos=(-0.08,2.98,-4.94) local=(-0.18,0.18,-5.18) wbirth=(0.11,2.79,0.24) ref=(0.00,3.00) leader=(0.00,0.00) fallbacks=0
[mpc_node-6] [INFO] [1783589763.772822124] [px4_4.mpc_node_4]: [d4] solve: status=0 time=0.17ms cost=0.0 pos=(-2.97,-0.02,-5.02) local=(-0.29,-0.08,-5.28) wbirth=(-2.67,0.06,0.26) ref=(-3.00,0.00) leader=(0.00,0.00) fallbacks=0
[mpc_node-4] [INFO] [1783589763.779995267] [px4_2.mpc_node_2]: [d2] solve: status=0 time=0.16ms cost=0.0 pos=(-0.09,-2.94,-5.00) local=(-0.21,0.24,-5.27) wbirth=(0.12,-3.18,0.27) ref=(0.00,-3.00) leader=(0.00,0.00) fallbacks=0
[mpc_node-2] [INFO] [1783589763.868754033] [px4_0.mpc_node_0]: [d0] solve: status=0 time=0.17ms cost=0.0 pos=(-0.01,0.02,-5.09) local=(0.26,-0.15,-5.09) wbirth=(-0.26,0.17,0.00) ref=(0.00,0.00) leader=(0.00,0.00) fallbacks=0
[mpc_node-5] [INFO] [1783589764.757917888] [px4_3.mpc_node_3]: [d3] solve: status=0 time=0.17ms cost=0.0 pos=(3.10,-0.03,-4.96) local=(0.18,-0.19,-5.18) wbirth=(2.93,0.17,0.21) ref=(3.00,0.00) leader=(0.00,0.00) fallbacks=0
[mpc_node-6] [INFO] [1783589764.772331673] [px4_4.mpc_node_4]: [d4] solve: status=0 time=0.14ms cost=0.0 pos=(-3.00,-0.01,-5.05) local=(-0.33,-0.07,-5.31) wbirth=(-2.67,0.06,0.26) ref=(-3.00,0.00) leader=(0.00,0.00) fallbacks=0
[mpc_node-3] [INFO] [1783589764.772542756] [px4_1.mpc_node_1]: [d1] solve: status=0 time=0.20ms cost=0.0 pos=(-0.07,2.97,-4.98) local=(-0.17,0.17,-5.22) wbirth=(0.11,2.79,0.24) ref=(0.00,3.00) leader=(0.00,0.00) fallbacks=0
[mpc_node-4] [INFO] [1783589764.780361625] [px4_2.mpc_node_2]: [d2] solve: status=0 time=0.14ms cost=0.0 pos=(-0.06,-2.94,-4.97) local=(-0.18,0.24,-5.24) wbirth=(0.12,-3.18,0.27) ref=(0.00,-3.00) leader=(0.00,0.00) fallbacks=0
[mpc_node-2] [INFO] [1783589764.868936763] [px4_0.mpc_node_0]: [d0] solve: status=0 time=0.18ms cost=0.0 pos=(0.04,0.04,-4.99) local=(0.30,-0.13,-4.99) wbirth=(-0.26,0.17,0.00) ref=(0.00,0.00) leader=(0.00,0.00) fallbacks=0
[mpc_node-5] [INFO] [1783589765.757664561] [px4_3.mpc_node_3]: [d3] solve: status=0 time=0.14ms cost=0.0 pos=(3.07,-0.07,-4.98) local=(0.14,-0.24,-5.20) wbirth=(2.93,0.17,0.21) ref=(3.00,0.00) leader=(0.00,0.00) fallbacks=0
[mpc_node-6] [INFO] [1783589765.771967518] [px4_4.mpc_node_4]: [d4] solve: status=0 time=0.16ms cost=0.0 pos=(-2.96,0.06,-5.08) local=(-0.29,-0.00,-5.34) wbirth=(-2.67,0.06,0.26) ref=(-3.00,0.00) leader=(0.00,0.00) fallbacks=0
[mpc_node-3] [INFO] [1783589765.772079730] [px4_1.mpc_node_1]: [d1] solve: status=0 time=0.13ms cost=0.0 pos=(-0.04,2.98,-4.99) local=(-0.14,0.19,-5.23) wbirth=(0.11,2.79,0.24) ref=(0.00,3.00) leader=(0.00,0.00) fallbacks=0
[mpc_node-4] [INFO] [1783589765.779872769] [px4_2.mpc_node_2]: [d2] solve: status=0 time=0.16ms cost=0.0 pos=(-0.02,-3.02,-4.99) local=(-0.14,0.16,-5.26) wbirth=(0.12,-3.18,0.27) ref=(0.00,-3.00) leader=(0.00,0.00) fallbacks=0
[mpc_node-2] [INFO] [1783589765.869367324] [px4_0.mpc_node_0]: [d0] solve: status=0 time=0.21ms cost=0.0 pos=(0.04,0.02,-4.97) local=(0.30,-0.15,-4.97) wbirth=(-0.26,0.17,0.00) ref=(0.00,0.00) leader=(0.00,0.00) fallbacks=0
[mpc_node-5] [INFO] [1783589766.757704117] [px4_3.mpc_node_3]: [d3] solve: status=0 time=0.18ms cost=0.0 pos=(3.03,-0.07,-4.98) local=(0.10,-0.23,-5.19) wbirth=(2.93,0.17,0.21) ref=(3.00,0.00) leader=(0.00,0.00) fallbacks=0
[mpc_node-3] [INFO] [1783589766.772984644] [px4_1.mpc_node_1]: [d1] solve: status=0 time=0.17ms cost=0.0 pos=(-0.03,3.02,-5.02) local=(-0.14,0.23,-5.26) wbirth=(0.11,2.79,0.24) ref=(0.00,3.00) leader=(0.00,0.00) fallbacks=0
[mpc_node-6] [INFO] [1783589766.773573666] [px4_4.mpc_node_4]: [d4] solve: status=0 time=0.14ms cost=0.0 pos=(-2.99,0.07,-5.02) local=(-0.32,0.00,-5.28) wbirth=(-2.67,0.06,0.26) ref=(-3.00,0.00) leader=(0.00,0.00) fallbacks=0
[mpc_node-4] [INFO] [1783589766.780551226] [px4_2.mpc_node_2]: [d2] solve: status=0 time=0.13ms cost=0.0 pos=(-0.02,-3.07,-5.01) local=(-0.14,0.11,-5.28) wbirth=(0.12,-3.18,0.27) ref=(0.00,-3.00) leader=(0.00,0.00) fallbacks=0
[mpc_node-2] [INFO] [1783589766.868667609] [px4_0.mpc_node_0]: [d0] solve: status=0 time=0.15ms cost=0.0 pos=(-0.07,-0.01,-4.98) local=(0.19,-0.18,-4.98) wbirth=(-0.26,0.17,0.00) ref=(0.00,0.00) leader=(0.00,0.00) fallbacks=0
[mpc_node-5] [INFO] [1783589767.757556553] [px4_3.mpc_node_3]: [d3] solve: status=0 time=0.14ms cost=0.0 pos=(2.94,-0.00,-5.02) local=(0.01,-0.17,-5.23) wbirth=(2.93,0.17,0.21) ref=(3.00,0.00) leader=(0.00,0.00) fallbacks=0
[mpc_node-3] [INFO] [1783589767.772030623] [px4_1.mpc_node_1]: [d1] solve: status=0 time=0.14ms cost=0.0 pos=(0.07,3.01,-5.06) local=(-0.04,0.22,-5.30) wbirth=(0.11,2.79,0.24) ref=(0.00,3.00) leader=(0.00,0.00) fallbacks=0
[mpc_node-6] [INFO] [1783589767.772673619] [px4_4.mpc_node_4]: [d4] solve: status=0 time=0.14ms cost=0.0 pos=(-3.01,0.02,-5.03) local=(-0.34,-0.04,-5.29) wbirth=(-2.67,0.06,0.26) ref=(-3.00,0.00) leader=(0.00,0.00) fallbacks=0
[mpc_node-4] [INFO] [1783589767.779639940] [px4_2.mpc_node_2]: [d2] solve: status=0 time=0.17ms cost=0.0 pos=(0.09,-3.08,-4.98) local=(-0.03,0.11,-5.26) wbirth=(0.12,-3.18,0.27) ref=(0.00,-3.00) leader=(0.00,0.00) fallbacks=0
[mpc_node-2] [INFO] [1783589767.869272628] [px4_0.mpc_node_0]: [d0] solve: status=0 time=0.18ms cost=0.0 pos=(-0.02,0.01,-4.99) local=(0.24,-0.16,-4.99) wbirth=(-0.26,0.17,0.00) ref=(0.00,0.00) leader=(0.00,0.00) fallbacks=0
[mpc_node-5] [INFO] [1783589768.757375391] [px4_3.mpc_node_3]: [d3] solve: status=0 time=0.17ms cost=0.0 pos=(2.94,0.08,-5.02) local=(0.01,-0.09,-5.23) wbirth=(2.93,0.17,0.21) ref=(3.00,0.00) leader=(0.00,0.00) fallbacks=0
[mpc_node-6] [INFO] [1783589768.772135831] [px4_4.mpc_node_4]: [d4] solve: status=0 time=0.14ms cost=0.0 pos=(-3.00,-0.04,-5.01) local=(-0.33,-0.10,-5.27) wbirth=(-2.67,0.06,0.26) ref=(-3.00,0.00) leader=(0.00,0.00) fallbacks=0
[mpc_node-3] [INFO] [1783589768.772525650] [px4_1.mpc_node_1]: [d1] solve: status=0 time=0.17ms cost=0.0 pos=(0.07,3.04,-5.04) local=(-0.04,0.24,-5.28) wbirth=(0.11,2.79,0.24) ref=(0.00,3.00) leader=(0.00,0.00) fallbacks=0
[mpc_node-4] [INFO] [1783589768.780303636] [px4_2.mpc_node_2]: [d2] solve: status=0 time=0.17ms cost=0.0 pos=(0.12,-3.07,-5.01) local=(-0.00,0.11,-5.29) wbirth=(0.12,-3.18,0.27) ref=(0.00,-3.00) leader=(0.00,0.00) fallbacks=0
[mpc_node-2] [INFO] [1783589768.869909572] [px4_0.mpc_node_0]: [d0] solve: status=0 time=0.18ms cost=0.0 pos=(0.09,-0.00,-5.03) local=(0.35,-0.17,-5.03) wbirth=(-0.26,0.17,0.00) ref=(0.00,0.00) leader=(0.00,0.00) fallbacks=0
[mpc_node-5] [INFO] [1783589769.757571820] [px4_3.mpc_node_3]: [d3] solve: status=0 time=0.14ms cost=0.0 pos=(2.95,0.07,-5.01) local=(0.03,-0.10,-5.22) wbirth=(2.93,0.17,0.21) ref=(3.00,0.00) leader=(0.00,0.00) fallbacks=0
[mpc_node-3] [INFO] [1783589769.771779848] [px4_1.mpc_node_1]: [d1] solve: status=0 time=0.14ms cost=0.0 pos=(0.02,2.96,-4.96) local=(-0.09,0.17,-5.19) wbirth=(0.11,2.79,0.24) ref=(0.00,3.00) leader=(0.00,0.00) fallbacks=0
[mpc_node-6] [INFO] [1783589769.771993575] [px4_4.mpc_node_4]: [d4] solve: status=0 time=0.14ms cost=0.0 pos=(-3.04,-0.03,-5.02) local=(-0.37,-0.09,-5.28) wbirth=(-2.67,0.06,0.26) ref=(-3.00,0.00) leader=(0.00,0.00) fallbacks=0
[mpc_node-4] [INFO] [1783589769.779788208] [px4_2.mpc_node_2]: [d2] solve: status=0 time=0.16ms cost=0.0 pos=(0.04,-3.02,-5.01) local=(-0.08,0.16,-5.29) wbirth=(0.12,-3.18,0.27) ref=(0.00,-3.00) leader=(0.00,0.00) fallbacks=0
[mpc_node-2] [INFO] [1783589769.868752266] [px4_0.mpc_node_0]: [d0] solve: status=0 time=0.18ms cost=0.0 pos=(0.11,-0.01,-4.99) local=(0.37,-0.18,-4.99) wbirth=(-0.26,0.17,0.00) ref=(0.00,0.00) leader=(0.00,0.00) fallbacks=0
[mpc_node-5] [INFO] [1783589770.757752425] [px4_3.mpc_node_3]: [d3] solve: status=0 time=0.14ms cost=0.0 pos=(3.03,0.01,-4.99) local=(0.10,-0.15,-5.21) wbirth=(2.93,0.17,0.21) ref=(3.00,0.00) leader=(0.00,0.00) fallbacks=0
[mpc_node-3] [INFO] [1783589770.772343589] [px4_1.mpc_node_1]: [d1] solve: status=0 time=0.14ms cost=0.0 pos=(-0.01,2.98,-4.96) local=(-0.11,0.19,-5.20) wbirth=(0.11,2.79,0.24) ref=(0.00,3.00) leader=(0.00,0.00) fallbacks=0
[mpc_node-6] [INFO] [1783589770.772889599] [px4_4.mpc_node_4]: [d4] solve: status=0 time=0.17ms cost=0.0 pos=(-3.04,-0.03,-4.94) local=(-0.37,-0.09,-5.20) wbirth=(-2.67,0.06,0.26) ref=(-3.00,0.00) leader=(0.00,0.00) fallbacks=0
[mpc_node-4] [INFO] [1783589770.780097557] [px4_2.mpc_node_2]: [d2] solve: status=0 time=0.14ms cost=0.0 pos=(-0.02,-2.98,-4.92) local=(-0.14,0.20,-5.19) wbirth=(0.12,-3.18,0.27) ref=(0.00,-3.00) leader=(0.00,0.00) fallbacks=0
[mpc_node-2] [INFO] [1783589770.869255130] [px4_0.mpc_node_0]: [d0] solve: status=0 time=0.18ms cost=0.0 pos=(0.01,-0.03,-4.98) local=(0.27,-0.19,-4.98) wbirth=(-0.26,0.17,0.00) ref=(0.00,0.00) leader=(0.00,0.00) fallbacks=0
[mpc_node-5] [INFO] [1783589771.757855132] [px4_3.mpc_node_3]: [d3] solve: status=0 time=0.20ms cost=0.0 pos=(3.08,-0.05,-5.01) local=(0.15,-0.21,-5.23) wbirth=(2.93,0.17,0.21) ref=(3.00,0.00) leader=(0.00,0.00) fallbacks=0
[mpc_node-3] [INFO] [1783589771.772106729] [px4_1.mpc_node_1]: [d1] solve: status=0 time=0.16ms cost=0.0 pos=(-0.10,3.04,-4.95) local=(-0.20,0.24,-5.19) wbirth=(0.11,2.79,0.24) ref=(0.00,3.00) leader=(0.00,0.00) fallbacks=0
[mpc_node-6] [INFO] [1783589771.772526059] [px4_4.mpc_node_4]: [d4] solve: status=0 time=0.14ms cost=0.0 pos=(-2.96,-0.02,-5.01) local=(-0.29,-0.08,-5.26) wbirth=(-2.67,0.06,0.26) ref=(-3.00,0.00) leader=(0.00,0.00) fallbacks=0
[mpc_node-4] [INFO] [1783589771.780484109] [px4_2.mpc_node_2]: [d2] solve: status=0 time=0.20ms cost=0.0 pos=(-0.06,-2.98,-4.97) local=(-0.19,0.21,-5.24) wbirth=(0.12,-3.18,0.27) ref=(0.00,-3.00) leader=(0.00,0.00) fallbacks=0
[mpc_node-2] [INFO] [1783589771.869118334] [px4_0.mpc_node_0]: [d0] solve: status=0 time=0.17ms cost=0.0 pos=(-0.07,-0.03,-4.98) local=(0.19,-0.20,-4.98) wbirth=(-0.26,0.17,0.00) ref=(0.00,0.00) leader=(0.00,0.00) fallbacks=0
[mpc_node-5] [INFO] [1783589772.757501161] [px4_3.mpc_node_3]: [d3] solve: status=0 time=0.18ms cost=0.0 pos=(3.09,-0.02,-4.97) local=(0.17,-0.19,-5.19) wbirth=(2.93,0.17,0.21) ref=(3.00,0.00) leader=(0.00,0.00) fallbacks=0
[mpc_node-3] [INFO] [1783589772.772511854] [px4_1.mpc_node_1]: [d1] solve: status=0 time=0.17ms cost=0.0 pos=(-0.09,3.07,-4.99) local=(-0.20,0.27,-5.22) wbirth=(0.11,2.79,0.24) ref=(0.00,3.00) leader=(0.00,0.00) fallbacks=0
[mpc_node-6] [INFO] [1783589772.772990569] [px4_4.mpc_node_4]: [d4] solve: status=0 time=0.20ms cost=0.0 pos=(-2.98,0.00,-5.06) local=(-0.31,-0.06,-5.32) wbirth=(-2.67,0.06,0.26) ref=(-3.00,0.00) leader=(0.00,0.00) fallbacks=0
[mpc_node-4] [INFO] [1783589772.779970977] [px4_2.mpc_node_2]: [d2] solve: status=0 time=0.14ms cost=0.0 pos=(-0.10,-2.96,-4.98) local=(-0.22,0.22,-5.25) wbirth=(0.12,-3.18,0.27) ref=(0.00,-3.00) leader=(0.00,0.00) fallbacks=0
[mpc_node-2] [INFO] [1783589772.869531237] [px4_0.mpc_node_0]: [d0] solve: status=0 time=0.18ms cost=0.0 pos=(-0.03,-0.01,-4.97) local=(0.23,-0.17,-4.97) wbirth=(-0.26,0.17,0.00) ref=(0.00,0.00) leader=(0.00,0.00) fallbacks=0
[mpc_node-5] [INFO] [1783589773.758748902] [px4_3.mpc_node_3]: [d3] solve: status=0 time=0.14ms cost=0.0 pos=(3.03,0.01,-5.03) local=(0.10,-0.16,-5.24) wbirth=(2.93,0.17,0.21) ref=(3.00,0.00) leader=(0.00,0.00) fallbacks=0
[mpc_node-3] [INFO] [1783589773.771869531] [px4_1.mpc_node_1]: [d1] solve: status=0 time=0.17ms cost=0.0 pos=(-0.09,3.03,-5.00) local=(-0.20,0.23,-5.24) wbirth=(0.11,2.79,0.24) ref=(0.00,3.00) leader=(0.00,0.00) fallbacks=0
[mpc_node-6] [INFO] [1783589773.771937826] [px4_4.mpc_node_4]: [d4] solve: status=0 time=0.16ms cost=0.0 pos=(-2.97,0.00,-5.02) local=(-0.29,-0.06,-5.28) wbirth=(-2.67,0.06,0.26) ref=(-3.00,0.00) leader=(0.00,0.00) fallbacks=0
[mpc_node-4] [INFO] [1783589773.780014061] [px4_2.mpc_node_2]: [d2] solve: status=0 time=0.16ms cost=0.0 pos=(-0.06,-2.99,-5.08) local=(-0.18,0.19,-5.35) wbirth=(0.12,-3.18,0.27) ref=(0.00,-3.00) leader=(0.00,0.00) fallbacks=0
[mpc_node-2] [INFO] [1783589773.868295581] [px4_0.mpc_node_0]: [d0] solve: status=0 time=0.15ms cost=0.0 pos=(0.04,0.05,-4.93) local=(0.30,-0.12,-4.93) wbirth=(-0.26,0.17,0.00) ref=(0.00,0.00) leader=(0.00,0.00) fallbacks=0
[mpc_node-5] [INFO] [1783589774.758623748] [px4_3.mpc_node_3]: [d3] solve: status=0 time=0.14ms cost=0.0 pos=(3.01,0.05,-5.03) local=(0.08,-0.12,-5.24) wbirth=(2.93,0.17,0.21) ref=(3.00,0.00) leader=(0.00,0.00) fallbacks=0
[mpc_node-6] [INFO] [1783589774.771904339] [px4_4.mpc_node_4]: [d4] solve: status=0 time=0.14ms cost=0.0 pos=(-2.96,0.03,-5.02) local=(-0.29,-0.04,-5.27) wbirth=(-2.67,0.06,0.26) ref=(-3.00,0.00) leader=(0.00,0.00) fallbacks=0
[mpc_node-3] [INFO] [1783589774.772192536] [px4_1.mpc_node_1]: [d1] solve: status=0 time=0.20ms cost=0.0 pos=(0.02,2.97,-5.02) local=(-0.09,0.17,-5.26) wbirth=(0.11,2.79,0.24) ref=(0.00,3.00) leader=(0.00,0.00) fallbacks=0
[mpc_node-4] [INFO] [1783589774.780237783] [px4_2.mpc_node_2]: [d2] solve: status=0 time=0.20ms cost=0.0 pos=(0.04,-3.01,-5.04) local=(-0.09,0.17,-5.31) wbirth=(0.12,-3.18,0.27) ref=(0.00,-3.00) leader=(0.00,0.00) fallbacks=0
[mpc_node-2] [INFO] [1783589774.869166665] [px4_0.mpc_node_0]: [d0] solve: status=0 time=0.18ms cost=0.0 pos=(0.03,0.09,-4.99) local=(0.30,-0.08,-4.99) wbirth=(-0.26,0.17,0.00) ref=(0.00,0.00) leader=(0.00,0.00) fallbacks=0
[mpc_node-5] [INFO] [1783589775.757659574] [px4_3.mpc_node_3]: [d3] solve: status=0 time=0.17ms cost=0.0 pos=(3.00,0.02,-4.98) local=(0.07,-0.15,-5.19) wbirth=(2.93,0.17,0.21) ref=(3.00,0.00) leader=(0.00,0.00) fallbacks=0
[mpc_node-3] [INFO] [1783589775.771749917] [px4_1.mpc_node_1]: [d1] solve: status=0 time=0.17ms cost=0.1 pos=(0.16,2.94,-4.96) local=(0.06,0.15,-5.20) wbirth=(0.11,2.79,0.24) ref=(0.00,3.00) leader=(0.00,0.00) fallbacks=0
[mpc_node-6] [INFO] [1783589775.772012025] [px4_4.mpc_node_4]: [d4] solve: status=0 time=0.14ms cost=0.0 pos=(-2.96,-0.02,-5.01) local=(-0.29,-0.08,-5.27) wbirth=(-2.67,0.06,0.26) ref=(-3.00,0.00) leader=(0.00,0.00) fallbacks=0
[mpc_node-4] [INFO] [1783589775.779763221] [px4_2.mpc_node_2]: [d2] solve: status=0 time=0.14ms cost=0.0 pos=(0.11,-3.02,-4.96) local=(-0.01,0.16,-5.23) wbirth=(0.12,-3.18,0.27) ref=(0.00,-3.00) leader=(0.00,0.00) fallbacks=0
[mpc_node-2] [INFO] [1783589775.868415359] [px4_0.mpc_node_0]: [d0] solve: status=0 time=0.15ms cost=0.0 pos=(0.02,0.03,-5.01) local=(0.28,-0.14,-5.01) wbirth=(-0.26,0.17,0.00) ref=(0.00,0.00) leader=(0.00,0.00) fallbacks=0
[mpc_node-5] [INFO] [1783589776.757645874] [px4_3.mpc_node_3]: [d3] solve: status=0 time=0.15ms cost=0.0 pos=(2.95,-0.06,-5.00) local=(0.03,-0.23,-5.22) wbirth=(2.93,0.17,0.21) ref=(3.00,0.00) leader=(0.00,0.00) fallbacks=0
[mpc_node-3] [INFO] [1783589776.771704395] [px4_1.mpc_node_1]: [d1] solve: status=0 time=0.17ms cost=0.1 pos=(0.17,2.97,-4.94) local=(0.06,0.18,-5.18) wbirth=(0.11,2.79,0.24) ref=(0.00,3.00) leader=(0.00,0.00) fallbacks=0
[mpc_node-6] [INFO] [1783589776.771937600] [px4_4.mpc_node_4]: [d4] solve: status=0 time=0.17ms cost=0.0 pos=(-2.99,-0.02,-5.05) local=(-0.31,-0.08,-5.31) wbirth=(-2.67,0.06,0.26) ref=(-3.00,0.00) leader=(0.00,0.00) fallbacks=0
[mpc_node-4] [INFO] [1783589776.780197859] [px4_2.mpc_node_2]: [d2] solve: status=0 time=0.17ms cost=0.0 pos=(0.09,-2.98,-5.01) local=(-0.04,0.20,-5.28) wbirth=(0.12,-3.18,0.27) ref=(0.00,-3.00) leader=(0.00,0.00) fallbacks=0
[mpc_node-2] [INFO] [1783589776.869016155] [px4_0.mpc_node_0]: [d0] solve: status=0 time=0.15ms cost=0.0 pos=(-0.01,-0.02,-4.94) local=(0.25,-0.19,-4.94) wbirth=(-0.26,0.17,0.00) ref=(0.00,0.00) leader=(0.00,0.00) fallbacks=0
[mpc_node-5] [INFO] [1783589777.758276595] [px4_3.mpc_node_3]: [d3] solve: status=0 time=0.17ms cost=0.0 pos=(2.90,-0.06,-5.03) local=(-0.03,-0.23,-5.24) wbirth=(2.93,0.17,0.21) ref=(3.00,0.00) leader=(0.00,0.00) fallbacks=0
[mpc_node-6] [INFO] [1783589777.772014352] [px4_4.mpc_node_4]: [d4] solve: status=0 time=0.17ms cost=0.0 pos=(-3.01,0.04,-5.01) local=(-0.34,-0.02,-5.27) wbirth=(-2.67,0.06,0.26) ref=(-3.00,0.00) leader=(0.00,0.00) fallbacks=0
[mpc_node-3] [INFO] [1783589777.772787226] [px4_1.mpc_node_1]: [d1] solve: status=0 time=0.17ms cost=0.0 pos=(0.10,3.01,-4.96) local=(-0.00,0.21,-5.20) wbirth=(0.11,2.79,0.24) ref=(0.00,3.00) leader=(0.00,0.00) fallbacks=0
[mpc_node-4] [INFO] [1783589777.779843759] [px4_2.mpc_node_2]: [d2] solve: status=0 time=0.14ms cost=0.0 pos=(0.12,-2.98,-4.99) local=(-0.00,0.20,-5.26) wbirth=(0.12,-3.18,0.27) ref=(0.00,-3.00) leader=(0.00,0.00) fallbacks=0
[mpc_node-2] [INFO] [1783589777.868910835] [px4_0.mpc_node_0]: [d0] solve: status=0 time=0.15ms cost=0.0 pos=(-0.05,-0.03,-4.96) local=(0.21,-0.20,-4.96) wbirth=(-0.26,0.17,0.00) ref=(0.00,0.00) leader=(0.00,0.00) fallbacks=0
[mpc_node-5] [INFO] [1783589778.758105931] [px4_3.mpc_node_3]: [d3] solve: status=0 time=0.17ms cost=0.0 pos=(2.92,-0.04,-5.02) local=(-0.01,-0.21,-5.24) wbirth=(2.93,0.17,0.21) ref=(3.00,0.00) leader=(0.00,0.00) fallbacks=0
[mpc_node-3] [INFO] [1783589778.772003641] [px4_1.mpc_node_1]: [d1] solve: status=0 time=0.14ms cost=0.0 pos=(-0.00,3.03,-5.01) local=(-0.11,0.23,-5.25) wbirth=(0.11,2.79,0.24) ref=(0.00,3.00) leader=(0.00,0.00) fallbacks=0
[mpc_node-6] [INFO] [1783589778.772142626] [px4_4.mpc_node_4]: [d4] solve: status=0 time=0.17ms cost=0.0 pos=(-3.05,0.01,-4.99) local=(-0.38,-0.05,-5.25) wbirth=(-2.67,0.06,0.26) ref=(-3.00,0.00) leader=(0.00,0.00) fallbacks=0
[mpc_node-4] [INFO] [1783589778.779624861] [px4_2.mpc_node_2]: [d2] solve: status=0 time=0.17ms cost=0.0 pos=(0.05,-2.92,-4.97) local=(-0.08,0.26,-5.25) wbirth=(0.12,-3.18,0.27) ref=(0.00,-3.00) leader=(0.00,0.00) fallbacks=0
[mpc_node-2] [INFO] [1783589778.869107611] [px4_0.mpc_node_0]: [d0] solve: status=0 time=0.18ms cost=0.0 pos=(-0.02,-0.01,-5.04) local=(0.25,-0.18,-5.04) wbirth=(-0.26,0.17,0.00) ref=(0.00,0.00) leader=(0.00,0.00) fallbacks=0
[mpc_node-5] [INFO] [1783589779.758192732] [px4_3.mpc_node_3]: [d3] solve: status=0 time=0.14ms cost=0.0 pos=(3.00,-0.07,-5.01) local=(0.07,-0.23,-5.22) wbirth=(2.93,0.17,0.21) ref=(3.00,0.00) leader=(0.00,0.00) fallbacks=0
[mpc_node-3] [INFO] [1783589779.771551279] [px4_1.mpc_node_1]: [d1] solve: status=0 time=0.14ms cost=0.0 pos=(-0.10,3.06,-5.06) local=(-0.21,0.27,-5.30) wbirth=(0.11,2.79,0.24) ref=(0.00,3.00) leader=(0.00,0.00) fallbacks=0
[mpc_node-6] [INFO] [1783589779.772203304] [px4_4.mpc_node_4]: [d4] solve: status=0 time=0.15ms cost=0.0 pos=(-3.10,-0.02,-4.97) local=(-0.43,-0.08,-5.23) wbirth=(-2.67,0.06,0.26) ref=(-3.00,0.00) leader=(0.00,0.00) fallbacks=0
[mpc_node-4] [INFO] [1783589779.780030827] [px4_2.mpc_node_2]: [d2] solve: status=0 time=0.17ms cost=0.0 pos=(-0.02,-2.90,-5.01) local=(-0.14,0.28,-5.28) wbirth=(0.12,-3.18,0.27) ref=(0.00,-3.00) leader=(0.00,0.00) fallbacks=0
[mpc_node-2] [INFO] [1783589779.868653546] [px4_0.mpc_node_0]: [d0] solve: status=0 time=0.18ms cost=0.0 pos=(-0.05,0.05,-4.98) local=(0.21,-0.12,-4.98) wbirth=(-0.26,0.17,0.00) ref=(0.00,0.00) leader=(0.00,0.00) fallbacks=0
[mpc_node-5] [INFO] [1783589780.757721840] [px4_3.mpc_node_3]: [d3] solve: status=0 time=0.15ms cost=0.0 pos=(3.00,-0.03,-5.01) local=(0.07,-0.20,-5.22) wbirth=(2.93,0.17,0.21) ref=(3.00,0.00) leader=(0.00,0.00) fallbacks=0
[mpc_node-3] [INFO] [1783589780.771943171] [px4_1.mpc_node_1]: [d1] solve: status=0 time=0.17ms cost=0.0 pos=(-0.14,3.03,-5.01) local=(-0.24,0.23,-5.25) wbirth=(0.11,2.79,0.24) ref=(0.00,3.00) leader=(0.00,0.00) fallbacks=0
[mpc_node-6] [INFO] [1783589780.773228211] [px4_4.mpc_node_4]: [d4] solve: status=0 time=0.17ms cost=0.0 pos=(-3.08,-0.03,-5.00) local=(-0.40,-0.09,-5.26) wbirth=(-2.67,0.06,0.26) ref=(-3.00,0.00) leader=(0.00,0.00) fallbacks=0
[mpc_node-4] [INFO] [1783589780.779841097] [px4_2.mpc_node_2]: [d2] solve: status=0 time=0.16ms cost=0.0 pos=(-0.13,-2.98,-5.01) local=(-0.25,0.20,-5.29) wbirth=(0.12,-3.18,0.27) ref=(0.00,-3.00) leader=(0.00,0.00) fallbacks=0
[mpc_node-2] [INFO] [1783589780.868433468] [px4_0.mpc_node_0]: [d0] solve: status=0 time=0.18ms cost=0.0 pos=(-0.03,0.07,-4.97) local=(0.23,-0.10,-4.97) wbirth=(-0.26,0.17,0.00) ref=(0.00,0.00) leader=(0.00,0.00) fallbacks=0
[mpc_node-5] [INFO] [1783589781.758742300] [px4_3.mpc_node_3]: [d3] solve: status=0 time=0.18ms cost=0.0 pos=(3.08,-0.01,-4.97) local=(0.15,-0.17,-5.18) wbirth=(2.93,0.17,0.21) ref=(3.00,0.00) leader=(0.00,0.00) fallbacks=0
[mpc_node-3] [INFO] [1783589781.771838653] [px4_1.mpc_node_1]: [d1] solve: status=0 time=0.17ms cost=0.0 pos=(-0.08,3.01,-5.01) local=(-0.19,0.21,-5.25) wbirth=(0.11,2.79,0.24) ref=(0.00,3.00) leader=(0.00,0.00) fallbacks=0
[mpc_node-6] [INFO] [1783589781.772237401] [px4_4.mpc_node_4]: [d4] solve: status=0 time=0.17ms cost=0.0 pos=(-2.98,-0.03,-4.99) local=(-0.30,-0.09,-5.25) wbirth=(-2.67,0.06,0.26) ref=(-3.00,0.00) leader=(0.00,0.00) fallbacks=0
[mpc_node-4] [INFO] [1783589781.779813754] [px4_2.mpc_node_2]: [d2] solve: status=0 time=0.14ms cost=0.1 pos=(-0.15,-3.06,-5.02) local=(-0.27,0.12,-5.29) wbirth=(0.12,-3.18,0.27) ref=(0.00,-3.00) leader=(0.00,0.00) fallbacks=0
[mpc_node-2] [INFO] [1783589781.868669668] [px4_0.mpc_node_0]: [d0] solve: status=0 time=0.17ms cost=0.0 pos=(0.06,0.05,-4.99) local=(0.32,-0.12,-4.99) wbirth=(-0.26,0.17,0.00) ref=(0.00,0.00) leader=(0.00,0.00) fallbacks=0
[mpc_node-5] [INFO] [1783589782.758018057] [px4_3.mpc_node_3]: [d3] solve: status=0 time=0.17ms cost=0.1 pos=(3.14,0.08,-4.97) local=(0.21,-0.09,-5.18) wbirth=(2.93,0.17,0.21) ref=(3.00,0.00) leader=(0.00,0.00) fallbacks=0
[mpc_node-3] [INFO] [1783589782.772295170] [px4_1.mpc_node_1]: [d1] solve: status=0 time=0.17ms cost=0.0 pos=(-0.04,2.95,-4.98) local=(-0.14,0.15,-5.22) wbirth=(0.11,2.79,0.24) ref=(0.00,3.00) leader=(0.00,0.00) fallbacks=0
[mpc_node-6] [INFO] [1783589782.772431623] [px4_4.mpc_node_4]: [d4] solve: status=0 time=0.17ms cost=0.0 pos=(-2.90,-0.04,-5.01) local=(-0.22,-0.11,-5.27) wbirth=(-2.67,0.06,0.26) ref=(-3.00,0.00) leader=(0.00,0.00) fallbacks=0
[mpc_node-4] [INFO] [1783589782.779668186] [px4_2.mpc_node_2]: [d2] solve: status=0 time=0.16ms cost=0.0 pos=(-0.10,-3.02,-4.99) local=(-0.22,0.16,-5.26) wbirth=(0.12,-3.18,0.27) ref=(0.00,-3.00) leader=(0.00,0.00) fallbacks=0
[mpc_node-2] [INFO] [1783589782.869797329] [px4_0.mpc_node_0]: [d0] solve: status=0 time=0.15ms cost=0.0 pos=(0.02,-0.02,-5.06) local=(0.28,-0.19,-5.06) wbirth=(-0.26,0.17,0.00) ref=(0.00,0.00) leader=(0.00,0.00) fallbacks=0
[mpc_node-5] [INFO] [1783589783.757886650] [px4_3.mpc_node_3]: [d3] solve: status=0 time=0.17ms cost=0.0 pos=(3.12,0.09,-5.00) local=(0.20,-0.08,-5.21) wbirth=(2.93,0.17,0.21) ref=(3.00,0.00) leader=(0.00,0.00) fallbacks=0
[mpc_node-3] [INFO] [1783589783.772525809] [px4_1.mpc_node_1]: [d1] solve: status=0 time=0.14ms cost=0.0 pos=(0.06,2.90,-4.96) local=(-0.04,0.11,-5.20) wbirth=(0.11,2.79,0.24) ref=(0.00,3.00) leader=(0.00,0.00) fallbacks=0
[mpc_node-6] [INFO] [1783589783.773451431] [px4_4.mpc_node_4]: [d4] solve: status=0 time=0.20ms cost=0.0 pos=(-2.92,-0.07,-4.99) local=(-0.25,-0.13,-5.25) wbirth=(-2.67,0.06,0.26) ref=(-3.00,0.00) leader=(0.00,0.00) fallbacks=0
[mpc_node-4] [INFO] [1783589783.781031136] [px4_2.mpc_node_2]: [d2] solve: status=0 time=0.14ms cost=0.0 pos=(-0.03,-3.00,-5.06) local=(-0.16,0.18,-5.33) wbirth=(0.12,-3.18,0.27) ref=(0.00,-3.00) leader=(0.00,0.00) fallbacks=0
[mpc_node-2] [INFO] [1783589783.870190445] [px4_0.mpc_node_0]: [d0] solve: status=0 time=0.18ms cost=0.0 pos=(0.01,0.02,-5.10) local=(0.27,-0.15,-5.10) wbirth=(-0.26,0.17,0.00) ref=(0.00,0.00) leader=(0.00,0.00) fallbacks=0
[mpc_node-5] [INFO] [1783589784.758048705] [px4_3.mpc_node_3]: [d3] solve: status=0 time=0.21ms cost=0.0 pos=(2.98,0.02,-4.99) local=(0.05,-0.14,-5.20) wbirth=(2.93,0.17,0.21) ref=(3.00,0.00) leader=(0.00,0.00) fallbacks=0
[mpc_node-3] [INFO] [1783589784.772000285] [px4_1.mpc_node_1]: [d1] solve: status=0 time=0.17ms cost=0.0 pos=(0.04,2.88,-5.06) local=(-0.07,0.09,-5.30) wbirth=(0.11,2.79,0.24) ref=(0.00,3.00) leader=(0.00,0.00) fallbacks=0
[mpc_node-6] [INFO] [1783589784.772954288] [px4_4.mpc_node_4]: [d4] solve: status=0 time=0.17ms cost=0.0 pos=(-2.95,-0.07,-5.04) local=(-0.27,-0.14,-5.30) wbirth=(-2.67,0.06,0.26) ref=(-3.00,0.00) leader=(0.00,0.00) fallbacks=0
[mpc_node-4] [INFO] [1783589784.779938246] [px4_2.mpc_node_2]: [d2] solve: status=0 time=0.14ms cost=0.0 pos=(-0.01,-2.98,-4.96) local=(-0.13,0.20,-5.23) wbirth=(0.12,-3.18,0.27) ref=(0.00,-3.00) leader=(0.00,0.00) fallbacks=0
[mpc_node-2] [INFO] [1783589784.869639296] [px4_0.mpc_node_0]: [d0] solve: status=0 time=0.15ms cost=0.0 pos=(0.05,-0.03,-5.01) local=(0.31,-0.20,-5.01) wbirth=(-0.26,0.17,0.00) ref=(0.00,0.00) leader=(0.00,0.00) fallbacks=0
[mpc_node-5] [INFO] [1783589785.758002870] [px4_3.mpc_node_3]: [d3] solve: status=0 time=0.14ms cost=0.1 pos=(2.83,-0.02,-4.95) local=(-0.09,-0.18,-5.16) wbirth=(2.93,0.17,0.21) ref=(3.00,0.00) leader=(0.00,0.00) fallbacks=0
[mpc_node-6] [INFO] [1783589785.772210232] [px4_4.mpc_node_4]: [d4] solve: status=0 time=0.14ms cost=0.0 pos=(-3.05,0.00,-5.04) local=(-0.38,-0.06,-5.30) wbirth=(-2.67,0.06,0.26) ref=(-3.00,0.00) leader=(0.00,0.00) fallbacks=0
[mpc_node-3] [INFO] [1783589785.773245382] [px4_1.mpc_node_1]: [d1] solve: status=0 time=0.20ms cost=0.0 pos=(0.01,2.91,-4.99) local=(-0.10,0.12,-5.23) wbirth=(0.11,2.79,0.24) ref=(0.00,3.00) leader=(0.00,0.00) fallbacks=0
[mpc_node-4] [INFO] [1783589785.780782616] [px4_2.mpc_node_2]: [d2] solve: status=0 time=0.19ms cost=0.0 pos=(0.00,-3.03,-5.02) local=(-0.12,0.15,-5.29) wbirth=(0.12,-3.18,0.27) ref=(0.00,-3.00) leader=(0.00,0.00) fallbacks=0
[mpc_node-2] [INFO] [1783589785.869266418] [px4_0.mpc_node_0]: [d0] solve: status=0 time=0.18ms cost=0.0 pos=(0.03,-0.10,-5.00) local=(0.29,-0.27,-5.00) wbirth=(-0.26,0.17,0.00) ref=(0.00,0.00) leader=(0.00,0.00) fallbacks=0
[mpc_node-5] [INFO] [1783589786.757609482] [px4_3.mpc_node_3]: [d3] solve: status=0 time=0.17ms cost=0.0 pos=(2.91,-0.02,-4.99) local=(-0.02,-0.19,-5.20) wbirth=(2.93,0.17,0.21) ref=(3.00,0.00) leader=(0.00,0.00) fallbacks=0
[mpc_node-6] [INFO] [1783589786.772197301] [px4_4.mpc_node_4]: [d4] solve: status=0 time=0.17ms cost=0.0 pos=(-3.02,0.05,-4.99) local=(-0.35,-0.01,-5.25) wbirth=(-2.67,0.06,0.26) ref=(-3.00,0.00) leader=(0.00,0.00) fallbacks=0
[mpc_node-3] [INFO] [1783589786.773706184] [px4_1.mpc_node_1]: [d1] solve: status=0 time=0.16ms cost=0.0 pos=(0.03,3.06,-4.98) local=(-0.08,0.26,-5.22) wbirth=(0.11,2.79,0.24) ref=(0.00,3.00) leader=(0.00,0.00) fallbacks=0
[mpc_node-4] [INFO] [1783589786.780395577] [px4_2.mpc_node_2]: [d2] solve: status=0 time=0.14ms cost=0.1 pos=(0.13,-3.10,-5.00) local=(0.01,0.09,-5.27) wbirth=(0.12,-3.18,0.27) ref=(0.00,-3.00) leader=(0.00,0.00) fallbacks=0
[mpc_node-2] [INFO] [1783589786.869278471] [px4_0.mpc_node_0]: [d0] solve: status=0 time=0.15ms cost=0.0 pos=(-0.04,-0.09,-4.91) local=(0.22,-0.26,-4.91) wbirth=(-0.26,0.17,0.00) ref=(0.00,0.00) leader=(0.00,0.00) fallbacks=0
[mpc_node-5] [INFO] [1783589787.757965693] [px4_3.mpc_node_3]: [d3] solve: status=0 time=0.17ms cost=0.0 pos=(2.92,-0.03,-5.02) local=(-0.01,-0.20,-5.23) wbirth=(2.93,0.17,0.21) ref=(3.00,0.00) leader=(0.00,0.00) fallbacks=0
[mpc_node-6] [INFO] [1783589787.771962622] [px4_4.mpc_node_4]: [d4] solve: status=0 time=0.16ms cost=0.1 pos=(-2.98,0.15,-4.95) local=(-0.31,0.09,-5.20) wbirth=(-2.67,0.06,0.26) ref=(-3.00,0.00) leader=(0.00,0.00) fallbacks=0
[mpc_node-3] [INFO] [1783589787.772195401] [px4_1.mpc_node_1]: [d1] solve: status=0 time=0.16ms cost=0.0 pos=(0.03,3.11,-5.03) local=(-0.08,0.32,-5.27) wbirth=(0.11,2.79,0.24) ref=(0.00,3.00) leader=(0.00,0.00) fallbacks=0
[mpc_node-4] [INFO] [1783589787.780156186] [px4_2.mpc_node_2]: [d2] solve: status=0 time=0.17ms cost=0.1 pos=(0.22,-3.08,-4.92) local=(0.10,0.10,-5.19) wbirth=(0.12,-3.18,0.27) ref=(0.00,-3.00) leader=(0.00,0.00) fallbacks=0
[mpc_node-2] [INFO] [1783589787.869275707] [px4_0.mpc_node_0]: [d0] solve: status=0 time=0.15ms cost=0.0 pos=(-0.12,-0.04,-4.96) local=(0.14,-0.21,-4.96) wbirth=(-0.26,0.17,0.00) ref=(0.00,0.00) leader=(0.00,0.00) fallbacks=0
[mpc_node-5] [INFO] [1783589788.758824908] [px4_3.mpc_node_3]: [d3] solve: status=0 time=0.19ms cost=0.0 pos=(2.99,-0.04,-5.07) local=(0.06,-0.20,-5.28) wbirth=(2.93,0.17,0.21) ref=(3.00,0.00) leader=(0.00,0.00) fallbacks=0
[mpc_node-3] [INFO] [1783589788.771717364] [px4_1.mpc_node_1]: [d1] solve: status=0 time=0.14ms cost=0.0 pos=(0.07,3.09,-5.02) local=(-0.03,0.29,-5.26) wbirth=(0.11,2.79,0.24) ref=(0.00,3.00) leader=(0.00,0.00) fallbacks=0
[mpc_node-6] [INFO] [1783589788.771996161] [px4_4.mpc_node_4]: [d4] solve: status=0 time=0.17ms cost=0.0 pos=(-3.00,0.11,-4.97) local=(-0.33,0.05,-5.23) wbirth=(-2.67,0.06,0.26) ref=(-3.00,0.00) leader=(0.00,0.00) fallbacks=0
[mpc_node-4] [INFO] [1783589788.779657920] [px4_2.mpc_node_2]: [d2] solve: status=0 time=0.17ms cost=0.0 pos=(0.15,-2.96,-4.95) local=(0.03,0.22,-5.22) wbirth=(0.12,-3.18,0.27) ref=(0.00,-3.00) leader=(0.00,0.00) fallbacks=0
[mpc_node-2] [INFO] [1783589788.868674987] [px4_0.mpc_node_0]: [d0] solve: status=0 time=0.15ms cost=0.0 pos=(-0.07,0.02,-4.95) local=(0.19,-0.15,-4.95) wbirth=(-0.26,0.17,0.00) ref=(0.00,0.00) leader=(0.00,0.00) fallbacks=0
[mpc_node-5] [INFO] [1783589789.758003246] [px4_3.mpc_node_3]: [d3] solve: status=0 time=0.17ms cost=0.0 pos=(3.08,0.01,-5.04) local=(0.15,-0.15,-5.25) wbirth=(2.93,0.17,0.21) ref=(3.00,0.00) leader=(0.00,0.00) fallbacks=0
[mpc_node-3] [INFO] [1783589789.771945904] [px4_1.mpc_node_1]: [d1] solve: status=0 time=0.17ms cost=0.0 pos=(0.03,3.07,-4.98) local=(-0.07,0.28,-5.22) wbirth=(0.11,2.79,0.24) ref=(0.00,3.00) leader=(0.00,0.00) fallbacks=0
[mpc_node-6] [INFO] [1783589789.772006138] [px4_4.mpc_node_4]: [d4] solve: status=0 time=0.17ms cost=0.0 pos=(-3.02,0.05,-4.98) local=(-0.35,-0.02,-5.24) wbirth=(-2.67,0.06,0.26) ref=(-3.00,0.00) leader=(0.00,0.00) fallbacks=0
[mpc_node-4] [INFO] [1783589789.780271529] [px4_2.mpc_node_2]: [d2] solve: status=0 time=0.18ms cost=0.1 pos=(-0.01,-2.86,-4.94) local=(-0.13,0.32,-5.21) wbirth=(0.12,-3.18,0.27) ref=(0.00,-3.00) leader=(0.00,0.00) fallbacks=0
[mpc_node-2] [INFO] [1783589789.868719847] [px4_0.mpc_node_0]: [d0] solve: status=0 time=0.18ms cost=0.0 pos=(0.04,0.02,-5.02) local=(0.30,-0.15,-5.02) wbirth=(-0.26,0.17,0.00) ref=(0.00,0.00) leader=(0.00,0.00) fallbacks=0
[mpc_node-5] [INFO] [1783589790.757972176] [px4_3.mpc_node_3]: [d3] solve: status=0 time=0.17ms cost=0.0 pos=(3.06,0.03,-4.97) local=(0.13,-0.14,-5.18) wbirth=(2.93,0.17,0.21) ref=(3.00,0.00) leader=(0.00,0.00) fallbacks=0
[mpc_node-3] [INFO] [1783589790.771505885] [px4_1.mpc_node_1]: [d1] solve: status=0 time=0.14ms cost=0.0 pos=(0.01,3.06,-4.97) local=(-0.09,0.27,-5.21) wbirth=(0.11,2.79,0.24) ref=(0.00,3.00) leader=(0.00,0.00) fallbacks=0
[mpc_node-6] [INFO] [1783589790.773349492] [px4_4.mpc_node_4]: [d4] solve: status=0 time=0.20ms cost=0.0 pos=(-2.99,-0.08,-4.97) local=(-0.31,-0.15,-5.23) wbirth=(-2.67,0.06,0.26) ref=(-3.00,0.00) leader=(0.00,0.00) fallbacks=0
[mpc_node-4] [INFO] [1783589790.779720601] [px4_2.mpc_node_2]: [d2] solve: status=0 time=0.14ms cost=0.1 pos=(-0.12,-2.85,-5.00) local=(-0.24,0.33,-5.27) wbirth=(0.12,-3.18,0.27) ref=(0.00,-3.00) leader=(0.00,0.00) fallbacks=0
[mpc_node-2] [INFO] [1783589790.868781619] [px4_0.mpc_node_0]: [d0] solve: status=0 time=0.15ms cost=0.0 pos=(0.12,0.05,-5.05) local=(0.38,-0.12,-5.05) wbirth=(-0.26,0.17,0.00) ref=(0.00,0.00) leader=(0.00,0.00) fallbacks=0
[mpc_node-5] [INFO] [1783589791.758169490] [px4_3.mpc_node_3]: [d3] solve: status=0 time=0.17ms cost=0.0 pos=(3.05,-0.02,-5.01) local=(0.12,-0.19,-5.22) wbirth=(2.93,0.17,0.21) ref=(3.00,0.00) leader=(0.00,0.00) fallbacks=0
[mpc_node-3] [INFO] [1783589791.771650956] [px4_1.mpc_node_1]: [d1] solve: status=0 time=0.17ms cost=0.0 pos=(-0.03,3.04,-4.97) local=(-0.14,0.24,-5.21) wbirth=(0.11,2.79,0.24) ref=(0.00,3.00) leader=(0.00,0.00) fallbacks=0
[mpc_node-6] [INFO] [1783589791.772957512] [px4_4.mpc_node_4]: [d4] solve: status=0 time=0.17ms cost=0.0 pos=(-3.01,-0.15,-5.01) local=(-0.33,-0.21,-5.27) wbirth=(-2.67,0.06,0.26) ref=(-3.00,0.00) leader=(0.00,0.00) fallbacks=0
[mpc_node-4] [INFO] [1783589791.779777786] [px4_2.mpc_node_2]: [d2] solve: status=0 time=0.17ms cost=0.0 pos=(-0.12,-2.92,-5.02) local=(-0.24,0.26,-5.29) wbirth=(0.12,-3.18,0.27) ref=(0.00,-3.00) leader=(0.00,0.00) fallbacks=0
[mpc_node-2] [INFO] [1783589791.869537916] [px4_0.mpc_node_0]: [d0] solve: status=0 time=0.18ms cost=0.0 pos=(0.13,0.05,-4.97) local=(0.40,-0.12,-4.97) wbirth=(-0.26,0.17,0.00) ref=(0.00,0.00) leader=(0.00,0.00) fallbacks=0
[mpc_node-5] [INFO] [1783589792.757694129] [px4_3.mpc_node_3]: [d3] solve: status=0 time=0.16ms cost=0.0 pos=(3.03,-0.01,-5.00) local=(0.10,-0.18,-5.22) wbirth=(2.93,0.17,0.21) ref=(3.00,0.00) leader=(0.00,0.00) fallbacks=0
[mpc_node-3] [INFO] [1783589792.773070267] [px4_1.mpc_node_1]: [d1] solve: status=0 time=0.17ms cost=0.0 pos=(-0.06,2.96,-4.96) local=(-0.17,0.17,-5.19) wbirth=(0.11,2.79,0.24) ref=(0.00,3.00) leader=(0.00,0.00) fallbacks=0
[mpc_node-6] [INFO] [1783589792.773364555] [px4_4.mpc_node_4]: [d4] solve: status=0 time=0.20ms cost=0.0 pos=(-3.06,-0.08,-5.08) local=(-0.39,-0.14,-5.34) wbirth=(-2.67,0.06,0.26) ref=(-3.00,0.00) leader=(0.00,0.00) fallbacks=0
[mpc_node-4] [INFO] [1783589792.780454762] [px4_2.mpc_node_2]: [d2] solve: status=0 time=0.16ms cost=0.0 pos=(-0.10,-3.04,-5.03) local=(-0.22,0.15,-5.30) wbirth=(0.12,-3.18,0.27) ref=(0.00,-3.00) leader=(0.00,0.00) fallbacks=0
[mpc_node-2] [INFO] [1783589792.869287553] [px4_0.mpc_node_0]: [d0] solve: status=0 time=0.17ms cost=0.0 pos=(0.10,0.01,-4.95) local=(0.36,-0.15,-4.95) wbirth=(-0.26,0.17,0.00) ref=(0.00,0.00) leader=(0.00,0.00) fallbacks=0
[mpc_node-5] [INFO] [1783589793.757788484] [px4_3.mpc_node_3]: [d3] solve: status=0 time=0.15ms cost=0.0 pos=(3.01,0.04,-4.96) local=(0.08,-0.12,-5.17) wbirth=(2.93,0.17,0.21) ref=(3.00,0.00) leader=(0.00,0.00) fallbacks=0
[mpc_node-3] [INFO] [1783589793.772144092] [px4_1.mpc_node_1]: [d1] solve: status=0 time=0.17ms cost=0.0 pos=(-0.04,2.89,-5.05) local=(-0.15,0.09,-5.29) wbirth=(0.11,2.79,0.24) ref=(0.00,3.00) leader=(0.00,0.00) fallbacks=0
[mpc_node-6] [INFO] [1783589793.772801880] [px4_4.mpc_node_4]: [d4] solve: status=0 time=0.17ms cost=0.0 pos=(-2.97,0.01,-5.05) local=(-0.30,-0.06,-5.31) wbirth=(-2.67,0.06,0.26) ref=(-3.00,0.00) leader=(0.00,0.00) fallbacks=0
[mpc_node-4] [INFO] [1783589793.780640477] [px4_2.mpc_node_2]: [d2] solve: status=0 time=0.17ms cost=0.0 pos=(-0.03,-3.07,-5.00) local=(-0.15,0.11,-5.28) wbirth=(0.12,-3.18,0.27) ref=(0.00,-3.00) leader=(0.00,0.00) fallbacks=0
[mpc_node-2] [INFO] [1783589793.868683353] [px4_0.mpc_node_0]: [d0] solve: status=0 time=0.18ms cost=0.0 pos=(-0.02,0.00,-4.99) local=(0.25,-0.17,-4.99) wbirth=(-0.26,0.17,0.00) ref=(0.00,0.00) leader=(0.00,0.00) fallbacks=0
[mpc_node-5] [INFO] [1783589794.757570664] [px4_3.mpc_node_3]: [d3] solve: status=0 time=0.14ms cost=0.0 pos=(3.05,0.02,-4.98) local=(0.12,-0.14,-5.19) wbirth=(2.93,0.17,0.21) ref=(3.00,0.00) leader=(0.00,0.00) fallbacks=0
[mpc_node-3] [INFO] [1783589794.772601904] [px4_1.mpc_node_1]: [d1] solve: status=0 time=0.14ms cost=0.0 pos=(-0.04,2.87,-5.06) local=(-0.15,0.08,-5.29) wbirth=(0.11,2.79,0.24) ref=(0.00,3.00) leader=(0.00,0.00) fallbacks=0
[mpc_node-6] [INFO] [1783589794.772680907] [px4_4.mpc_node_4]: [d4] solve: status=0 time=0.17ms cost=0.0 pos=(-2.99,0.03,-5.00) local=(-0.32,-0.04,-5.25) wbirth=(-2.67,0.06,0.26) ref=(-3.00,0.00) leader=(0.00,0.00) fallbacks=0
[mpc_node-4] [INFO] [1783589794.780525279] [px4_2.mpc_node_2]: [d2] solve: status=0 time=0.17ms cost=0.0 pos=(0.05,-3.11,-4.98) local=(-0.08,0.08,-5.25) wbirth=(0.12,-3.18,0.27) ref=(0.00,-3.00) leader=(0.00,0.00) fallbacks=0
[mpc_node-2] [INFO] [1783589794.869036640] [px4_0.mpc_node_0]: [d0] solve: status=0 time=0.18ms cost=0.0 pos=(-0.12,-0.02,-4.97) local=(0.14,-0.19,-4.97) wbirth=(-0.26,0.17,0.00) ref=(0.00,0.00) leader=(0.00,0.00) fallbacks=0
[mpc_node-5] [INFO] [1783589795.757894925] [px4_3.mpc_node_3]: [d3] solve: status=0 time=0.15ms cost=0.0 pos=(2.96,0.00,-5.01) local=(0.03,-0.16,-5.22) wbirth=(2.93,0.17,0.21) ref=(3.00,0.00) leader=(0.00,0.00) fallbacks=0
[mpc_node-3] [INFO] [1783589795.772297146] [px4_1.mpc_node_1]: [d1] solve: status=0 time=0.14ms cost=0.0 pos=(-0.00,2.89,-4.98) local=(-0.11,0.09,-5.21) wbirth=(0.11,2.79,0.24) ref=(0.00,3.00) leader=(0.00,0.00) fallbacks=0
[mpc_node-6] [INFO] [1783589795.772742559] [px4_4.mpc_node_4]: [d4] solve: status=0 time=0.14ms cost=0.0 pos=(-2.99,0.07,-4.98) local=(-0.32,0.00,-5.24) wbirth=(-2.67,0.06,0.26) ref=(-3.00,0.00) leader=(0.00,0.00) fallbacks=0
[mpc_node-4] [INFO] [1783589795.780350297] [px4_2.mpc_node_2]: [d2] solve: status=0 time=0.16ms cost=0.0 pos=(0.13,-3.09,-4.99) local=(0.01,0.09,-5.26) wbirth=(0.12,-3.18,0.27) ref=(0.00,-3.00) leader=(0.00,0.00) fallbacks=0
[mpc_node-2] [INFO] [1783589795.869116546] [px4_0.mpc_node_0]: [d0] solve: status=0 time=0.17ms cost=0.0 pos=(-0.14,-0.00,-5.01) local=(0.13,-0.17,-5.01) wbirth=(-0.26,0.17,0.00) ref=(0.00,0.00) leader=(0.00,0.00) fallbacks=0
[mpc_node-5] [INFO] [1783589796.757782263] [px4_3.mpc_node_3]: [d3] solve: status=0 time=0.17ms cost=0.0 pos=(2.88,-0.03,-4.97) local=(-0.05,-0.19,-5.18) wbirth=(2.93,0.17,0.21) ref=(3.00,0.00) leader=(0.00,0.00) fallbacks=0
[mpc_node-3] [INFO] [1783589796.771892125] [px4_1.mpc_node_1]: [d1] solve: status=0 time=0.18ms cost=0.0 pos=(0.06,3.00,-4.97) local=(-0.04,0.20,-5.21) wbirth=(0.11,2.79,0.24) ref=(0.00,3.00) leader=(0.00,0.00) fallbacks=0
[mpc_node-6] [INFO] [1783589796.771980998] [px4_4.mpc_node_4]: [d4] solve: status=0 time=0.15ms cost=0.0 pos=(-2.98,0.06,-4.99) local=(-0.31,-0.01,-5.25) wbirth=(-2.67,0.06,0.26) ref=(-3.00,0.00) leader=(0.00,0.00) fallbacks=0
[mpc_node-4] [INFO] [1783589796.779668662] [px4_2.mpc_node_2]: [d2] solve: status=0 time=0.17ms cost=0.0 pos=(0.10,-3.03,-4.98) local=(-0.02,0.15,-5.26) wbirth=(0.12,-3.18,0.27) ref=(0.00,-3.00) leader=(0.00,0.00) fallbacks=0
[mpc_node-2] [INFO] [1783589796.869389451] [px4_0.mpc_node_0]: [d0] solve: status=0 time=0.19ms cost=0.0 pos=(-0.05,-0.00,-5.03) local=(0.21,-0.17,-5.03) wbirth=(-0.26,0.17,0.00) ref=(0.00,0.00) leader=(0.00,0.00) fallbacks=0
[mpc_node-5] [INFO] [1783589797.758250156] [px4_3.mpc_node_3]: [d3] solve: status=0 time=0.17ms cost=0.0 pos=(2.92,-0.03,-5.02) local=(-0.01,-0.19,-5.23) wbirth=(2.93,0.17,0.21) ref=(3.00,0.00) leader=(0.00,0.00) fallbacks=0
[mpc_node-6] [INFO] [1783589797.772162690] [px4_4.mpc_node_4]: [d4] solve: status=0 time=0.17ms cost=0.0 pos=(-2.98,0.01,-5.00) local=(-0.31,-0.05,-5.26) wbirth=(-2.67,0.06,0.26) ref=(-3.00,0.00) leader=(0.00,0.00) fallbacks=0
[mpc_node-3] [INFO] [1783589797.772376005] [px4_1.mpc_node_1]: [d1] solve: status=0 time=0.20ms cost=0.0 pos=(0.14,3.02,-5.03) local=(0.04,0.22,-5.27) wbirth=(0.11,2.79,0.24) ref=(0.00,3.00) leader=(0.00,0.00) fallbacks=0
[mpc_node-4] [INFO] [1783589797.779960706] [px4_2.mpc_node_2]: [d2] solve: status=0 time=0.14ms cost=0.0 pos=(0.04,-3.01,-4.99) local=(-0.08,0.18,-5.26) wbirth=(0.12,-3.18,0.27) ref=(0.00,-3.00) leader=(0.00,0.00) fallbacks=0
[mpc_node-2] [INFO] [1783589797.868775926] [px4_0.mpc_node_0]: [d0] solve: status=0 time=0.15ms cost=0.0 pos=(0.02,-0.04,-5.01) local=(0.28,-0.21,-5.01) wbirth=(-0.26,0.17,0.00) ref=(0.00,0.00) leader=(0.00,0.00) fallbacks=0
[mpc_node-5] [INFO] [1783589798.758242608] [px4_3.mpc_node_3]: [d3] solve: status=0 time=0.18ms cost=0.0 pos=(3.01,0.05,-4.96) local=(0.08,-0.11,-5.18) wbirth=(2.93,0.17,0.21) ref=(3.00,0.00) leader=(0.00,0.00) fallbacks=0
[mpc_node-3] [INFO] [1783589798.771615442] [px4_1.mpc_node_1]: [d1] solve: status=0 time=0.17ms cost=0.0 pos=(0.08,3.10,-5.01) local=(-0.03,0.30,-5.25) wbirth=(0.11,2.79,0.24) ref=(0.00,3.00) leader=(0.00,0.00) fallbacks=0
[mpc_node-6] [INFO] [1783589798.772057975] [px4_4.mpc_node_4]: [d4] solve: status=0 time=0.14ms cost=0.0 pos=(-3.00,-0.00,-5.00) local=(-0.33,-0.07,-5.26) wbirth=(-2.67,0.06,0.26) ref=(-3.00,0.00) leader=(0.00,0.00) fallbacks=0
[mpc_node-4] [INFO] [1783589798.780114635] [px4_2.mpc_node_2]: [d2] solve: status=0 time=0.14ms cost=0.0 pos=(-0.08,-2.94,-5.04) local=(-0.20,0.24,-5.32) wbirth=(0.12,-3.18,0.27) ref=(0.00,-3.00) leader=(0.00,0.00) fallbacks=0
[mpc_node-2] [INFO] [1783589798.868963534] [px4_0.mpc_node_0]: [d0] solve: status=0 time=0.17ms cost=0.0 pos=(-0.01,-0.04,-4.97) local=(0.25,-0.21,-4.97) wbirth=(-0.26,0.17,0.00) ref=(0.00,0.00) leader=(0.00,0.00) fallbacks=0
[mpc_node-5] [INFO] [1783589799.757953790] [px4_3.mpc_node_3]: [d3] solve: status=0 time=0.18ms cost=0.0 pos=(3.08,0.00,-5.01) local=(0.15,-0.16,-5.23) wbirth=(2.93,0.17,0.21) ref=(3.00,0.00) leader=(0.00,0.00) fallbacks=0
[mpc_node-3] [INFO] [1783589799.771663852] [px4_1.mpc_node_1]: [d1] solve: status=0 time=0.14ms cost=0.0 pos=(0.05,3.12,-5.05) local=(-0.05,0.33,-5.29) wbirth=(0.11,2.79,0.24) ref=(0.00,3.00) leader=(0.00,0.00) fallbacks=0
[mpc_node-6] [INFO] [1783589799.771978614] [px4_4.mpc_node_4]: [d4] solve: status=0 time=0.17ms cost=0.0 pos=(-2.96,-0.01,-4.97) local=(-0.29,-0.07,-5.23) wbirth=(-2.67,0.06,0.26) ref=(-3.00,0.00) leader=(0.00,0.00) fallbacks=0
[mpc_node-4] [INFO] [1783589799.779645023] [px4_2.mpc_node_2]: [d2] solve: status=0 time=0.16ms cost=0.0 pos=(-0.08,-2.91,-4.99) local=(-0.20,0.27,-5.26) wbirth=(0.12,-3.18,0.27) ref=(0.00,-3.00) leader=(0.00,0.00) fallbacks=0
[mpc_node-2] [INFO] [1783589799.868671949] [px4_0.mpc_node_0]: [d0] solve: status=0 time=0.15ms cost=0.0 pos=(-0.00,0.03,-5.00) local=(0.26,-0.14,-5.00) wbirth=(-0.26,0.17,0.00) ref=(0.00,0.00) leader=(0.00,0.00) fallbacks=0
[mpc_node-5] [INFO] [1783589800.758242744] [px4_3.mpc_node_3]: [d3] solve: status=0 time=0.17ms cost=0.0 pos=(3.07,0.01,-5.02) local=(0.14,-0.16,-5.23) wbirth=(2.93,0.17,0.21) ref=(3.00,0.00) leader=(0.00,0.00) fallbacks=0
[mpc_node-3] [INFO] [1783589800.771708026] [px4_1.mpc_node_1]: [d1] solve: status=0 time=0.14ms cost=0.0 pos=(-0.04,3.01,-4.96) local=(-0.14,0.22,-5.20) wbirth=(0.11,2.79,0.24) ref=(0.00,3.00) leader=(0.00,0.00) fallbacks=0
[mpc_node-6] [INFO] [1783589800.771889185] [px4_4.mpc_node_4]: [d4] solve: status=0 time=0.14ms cost=0.0 pos=(-2.94,-0.04,-4.96) local=(-0.27,-0.10,-5.22) wbirth=(-2.67,0.06,0.26) ref=(-3.00,0.00) leader=(0.00,0.00) fallbacks=0
[mpc_node-4] [INFO] [1783589800.779727037] [px4_2.mpc_node_2]: [d2] solve: status=0 time=0.14ms cost=0.0 pos=(-0.04,-2.95,-4.94) local=(-0.16,0.23,-5.22) wbirth=(0.12,-3.18,0.27) ref=(0.00,-3.00) leader=(0.00,0.00) fallbacks=0
[mpc_node-2] [INFO] [1783589800.869176208] [px4_0.mpc_node_0]: [d0] solve: status=0 time=0.18ms cost=0.0 pos=(0.10,0.01,-5.02) local=(0.36,-0.16,-5.02) wbirth=(-0.26,0.17,0.00) ref=(0.00,0.00) leader=(0.00,0.00) fallbacks=0
[mpc_node-5] [INFO] [1783589801.758319990] [px4_3.mpc_node_3]: [d3] solve: status=0 time=0.14ms cost=0.0 pos=(3.06,-0.01,-5.05) local=(0.13,-0.17,-5.27) wbirth=(2.93,0.17,0.21) ref=(3.00,0.00) leader=(0.00,0.00) fallbacks=0
[mpc_node-3] [INFO] [1783589801.771486387] [px4_1.mpc_node_1]: [d1] solve: status=0 time=0.14ms cost=0.0 pos=(-0.06,2.96,-4.96) local=(-0.17,0.16,-5.20) wbirth=(0.11,2.79,0.24) ref=(0.00,3.00) leader=(0.00,0.00) fallbacks=0
[mpc_node-6] [INFO] [1783589801.771935917] [px4_4.mpc_node_4]: [d4] solve: status=0 time=0.17ms cost=0.0 pos=(-3.04,0.03,-5.05) local=(-0.37,-0.03,-5.31) wbirth=(-2.67,0.06,0.26) ref=(-3.00,0.00) leader=(0.00,0.00) fallbacks=0
[mpc_node-4] [INFO] [1783589801.780114204] [px4_2.mpc_node_2]: [d2] solve: status=0 time=0.19ms cost=0.0 pos=(-0.10,-3.02,-4.95) local=(-0.22,0.16,-5.22) wbirth=(0.12,-3.18,0.27) ref=(0.00,-3.00) leader=(0.00,0.00) fallbacks=0
[mpc_node-2] [INFO] [1783589801.868516775] [px4_0.mpc_node_0]: [d0] solve: status=0 time=0.16ms cost=0.0 pos=(0.12,-0.01,-5.01) local=(0.38,-0.18,-5.01) wbirth=(-0.26,0.17,0.00) ref=(0.00,0.00) leader=(0.00,0.00) fallbacks=0
[mpc_node-5] [INFO] [1783589802.758729747] [px4_3.mpc_node_3]: [d3] solve: status=0 time=0.18ms cost=0.0 pos=(3.02,0.02,-5.02) local=(0.09,-0.15,-5.23) wbirth=(2.93,0.17,0.21) ref=(3.00,0.00) leader=(0.00,0.00) fallbacks=0
[mpc_node-3] [INFO] [1783589802.772030047] [px4_1.mpc_node_1]: [d1] solve: status=0 time=0.17ms cost=0.0 pos=(-0.09,2.98,-5.02) local=(-0.19,0.19,-5.25) wbirth=(0.11,2.79,0.24) ref=(0.00,3.00) leader=(0.00,0.00) fallbacks=0
[mpc_node-6] [INFO] [1783589802.772300797] [px4_4.mpc_node_4]: [d4] solve: status=0 time=0.14ms cost=0.0 pos=(-3.04,0.07,-5.03) local=(-0.37,0.00,-5.29) wbirth=(-2.67,0.06,0.26) ref=(-3.00,0.00) leader=(0.00,0.00) fallbacks=0
[mpc_node-4] [INFO] [1783589802.780178019] [px4_2.mpc_node_2]: [d2] solve: status=0 time=0.20ms cost=0.0 pos=(-0.09,-3.01,-5.01) local=(-0.21,0.17,-5.29) wbirth=(0.12,-3.18,0.27) ref=(0.00,-3.00) leader=(0.00,0.00) fallbacks=0
[mpc_node-2] [INFO] [1783589802.869150695] [px4_0.mpc_node_0]: [d0] solve: status=0 time=0.21ms cost=0.0 pos=(0.07,-0.03,-5.00) local=(0.33,-0.20,-5.00) wbirth=(-0.26,0.17,0.00) ref=(0.00,0.00) leader=(0.00,0.00) fallbacks=0
[mpc_node-5] [INFO] [1783589803.758104613] [px4_3.mpc_node_3]: [d3] solve: status=0 time=0.15ms cost=0.0 pos=(3.02,0.04,-4.96) local=(0.09,-0.12,-5.17) wbirth=(2.93,0.17,0.21) ref=(3.00,0.00) leader=(0.00,0.00) fallbacks=0
[mpc_node-3] [INFO] [1783589803.771883382] [px4_1.mpc_node_1]: [d1] solve: status=0 time=0.17ms cost=0.0 pos=(-0.09,2.98,-4.98) local=(-0.19,0.19,-5.22) wbirth=(0.11,2.79,0.24) ref=(0.00,3.00) leader=(0.00,0.00) fallbacks=0
[mpc_node-6] [INFO] [1783589803.772353752] [px4_4.mpc_node_4]: [d4] solve: status=0 time=0.20ms cost=0.0 pos=(-3.06,0.06,-5.00) local=(-0.39,-0.01,-5.26) wbirth=(-2.67,0.06,0.26) ref=(-3.00,0.00) leader=(0.00,0.00) fallbacks=0
[mpc_node-4] [INFO] [1783589803.779734023] [px4_2.mpc_node_2]: [d2] solve: status=0 time=0.16ms cost=0.0 pos=(-0.01,-3.02,-5.08) local=(-0.14,0.16,-5.35) wbirth=(0.12,-3.18,0.27) ref=(0.00,-3.00) leader=(0.00,0.00) fallbacks=0
[mpc_node-2] [INFO] [1783589803.868920848] [px4_0.mpc_node_0]: [d0] solve: status=0 time=0.15ms cost=0.0 pos=(0.01,-0.01,-4.99) local=(0.27,-0.18,-4.99) wbirth=(-0.26,0.17,0.00) ref=(0.00,0.00) leader=(0.00,0.00) fallbacks=0
[mpc_node-5] [INFO] [1783589804.757916727] [px4_3.mpc_node_3]: [d3] solve: status=0 time=0.17ms cost=0.0 pos=(2.94,-0.01,-4.99) local=(0.01,-0.17,-5.21) wbirth=(2.93,0.17,0.21) ref=(3.00,0.00) leader=(0.00,0.00) fallbacks=0
[mpc_node-3] [INFO] [1783589804.772597666] [px4_1.mpc_node_1]: [d1] solve: status=0 time=0.16ms cost=0.0 pos=(-0.08,2.96,-5.02) local=(-0.19,0.16,-5.26) wbirth=(0.11,2.79,0.24) ref=(0.00,3.00) leader=(0.00,0.00) fallbacks=0
[mpc_node-6] [INFO] [1783589804.772989209] [px4_4.mpc_node_4]: [d4] solve: status=0 time=0.17ms cost=0.0 pos=(-3.02,-0.01,-5.04) local=(-0.35,-0.07,-5.30) wbirth=(-2.67,0.06,0.26) ref=(-3.00,0.00) leader=(0.00,0.00) fallbacks=0
[mpc_node-4] [INFO] [1783589804.779687617] [px4_2.mpc_node_2]: [d2] solve: status=0 time=0.14ms cost=0.0 pos=(0.11,-3.05,-5.00) local=(-0.01,0.13,-5.27) wbirth=(0.12,-3.18,0.27) ref=(0.00,-3.00) leader=(0.00,0.00) fallbacks=0
[mpc_node-2] [INFO] [1783589804.869253678] [px4_0.mpc_node_0]: [d0] solve: status=0 time=0.16ms cost=0.0 pos=(-0.03,-0.01,-5.01) local=(0.23,-0.18,-5.01) wbirth=(-0.26,0.17,0.00) ref=(0.00,0.00) leader=(0.00,0.00) fallbacks=0
[mpc_node-5] [INFO] [1783589805.758022280] [px4_3.mpc_node_3]: [d3] solve: status=0 time=0.15ms cost=0.0 pos=(2.94,0.00,-5.01) local=(0.01,-0.16,-5.22) wbirth=(2.93,0.17,0.21) ref=(3.00,0.00) leader=(0.00,0.00) fallbacks=0
[mpc_node-3] [INFO] [1783589805.771606684] [px4_1.mpc_node_1]: [d1] solve: status=0 time=0.14ms cost=0.0 pos=(-0.02,2.94,-4.98) local=(-0.13,0.15,-5.22) wbirth=(0.11,2.79,0.24) ref=(0.00,3.00) leader=(0.00,0.00) fallbacks=0
[mpc_node-6] [INFO] [1783589805.772582989] [px4_4.mpc_node_4]: [d4] solve: status=0 time=0.14ms cost=0.0 pos=(-2.98,-0.04,-4.98) local=(-0.31,-0.10,-5.24) wbirth=(-2.67,0.06,0.26) ref=(-3.00,0.00) leader=(0.00,0.00) fallbacks=0
[mpc_node-4] [INFO] [1783589805.779838060] [px4_2.mpc_node_2]: [d2] solve: status=0 time=0.17ms cost=0.0 pos=(0.14,-3.01,-4.99) local=(0.02,0.17,-5.26) wbirth=(0.12,-3.18,0.27) ref=(0.00,-3.00) leader=(0.00,0.00) fallbacks=0
[mpc_node-2] [INFO] [1783589805.868594751] [px4_0.mpc_node_0]: [d0] solve: status=0 time=0.18ms cost=0.1 pos=(-0.16,0.08,-5.01) local=(0.11,-0.09,-5.01) wbirth=(-0.26,0.17,0.00) ref=(0.00,0.00) leader=(0.00,0.00) fallbacks=0
[mpc_node-5] [INFO] [1783589806.757672410] [px4_3.mpc_node_3]: [d3] solve: status=0 time=0.14ms cost=0.0 pos=(2.96,-0.02,-4.99) local=(0.03,-0.18,-5.20) wbirth=(2.93,0.17,0.21) ref=(3.00,0.00) leader=(0.00,0.00) fallbacks=0
[mpc_node-3] [INFO] [1783589806.771544492] [px4_1.mpc_node_1]: [d1] solve: status=0 time=0.18ms cost=0.0 pos=(0.03,2.96,-5.02) local=(-0.08,0.16,-5.26) wbirth=(0.11,2.79,0.24) ref=(0.00,3.00) leader=(0.00,0.00) fallbacks=0
[mpc_node-6] [INFO] [1783589806.772833985] [px4_4.mpc_node_4]: [d4] solve: status=0 time=0.14ms cost=0.0 pos=(-2.98,-0.08,-4.97) local=(-0.30,-0.15,-5.23) wbirth=(-2.67,0.06,0.26) ref=(-3.00,0.00) leader=(0.00,0.00) fallbacks=0
[mpc_node-4] [INFO] [1783589806.779691469] [px4_2.mpc_node_2]: [d2] solve: status=0 time=0.14ms cost=0.0 pos=(0.08,-3.05,-5.01) local=(-0.04,0.13,-5.28) wbirth=(0.12,-3.18,0.27) ref=(0.00,-3.00) leader=(0.00,0.00) fallbacks=0
[mpc_node-2] [INFO] [1783589806.869301553] [px4_0.mpc_node_0]: [d0] solve: status=0 time=0.17ms cost=0.1 pos=(-0.16,0.02,-5.01) local=(0.10,-0.15,-5.01) wbirth=(-0.26,0.17,0.00) ref=(0.00,0.00) leader=(0.00,0.00) fallbacks=0
[mpc_node-5] [INFO] [1783589807.757528685] [px4_3.mpc_node_3]: [d3] solve: status=0 time=0.17ms cost=0.0 pos=(2.98,-0.04,-5.04) local=(0.05,-0.21,-5.25) wbirth=(2.93,0.17,0.21) ref=(3.00,0.00) leader=(0.00,0.00) fallbacks=0
[mpc_node-3] [INFO] [1783589807.772899401] [px4_1.mpc_node_1]: [d1] solve: status=0 time=0.17ms cost=0.0 pos=(0.09,3.01,-5.04) local=(-0.02,0.21,-5.28) wbirth=(0.11,2.79,0.24) ref=(0.00,3.00) leader=(0.00,0.00) fallbacks=0
[mpc_node-6] [INFO] [1783589807.774071469] [px4_4.mpc_node_4]: [d4] solve: status=0 time=0.14ms cost=0.0 pos=(-3.01,-0.06,-4.97) local=(-0.34,-0.13,-5.23) wbirth=(-2.67,0.06,0.26) ref=(-3.00,0.00) leader=(0.00,0.00) fallbacks=0
[mpc_node-4] [INFO] [1783589807.780814549] [px4_2.mpc_node_2]: [d2] solve: status=0 time=0.17ms cost=0.0 pos=(0.06,-3.02,-4.99) local=(-0.06,0.16,-5.27) wbirth=(0.12,-3.18,0.27) ref=(0.00,-3.00) leader=(0.00,0.00) fallbacks=0
[mpc_node-2] [INFO] [1783589807.869610956] [px4_0.mpc_node_0]: [d0] solve: status=0 time=0.15ms cost=0.0 pos=(-0.12,-0.04,-5.00) local=(0.14,-0.21,-5.00) wbirth=(-0.26,0.17,0.00) ref=(0.00,0.00) leader=(0.00,0.00) fallbacks=0
