[INFO] [launch]: All log files can be found below /home/shirui/.ros/log/2026-07-09-17-53-15-279075-idt-100375
[INFO] [launch]: Default logging verbosity is set to INFO
[INFO] [leader_node-1]: process started with pid [100379]
[INFO] [mpc_node-2]: process started with pid [100381]
[INFO] [mpc_node-3]: process started with pid [100383]
[INFO] [mpc_node-4]: process started with pid [100385]
[INFO] [mpc_node-5]: process started with pid [100387]
[INFO] [mpc_node-6]: process started with pid [100389]
[leader_node-1] [INFO] [1783590795.460443831] [leader_node]: Leader ready: mode=line, yaw_mode=fixed, alt=-5.0m (NED), speed=1.0m/s, radius=10.0m
[mpc_node-5] [INFO] [1783590795.483722364] [px4_3.mpc_node_3]: building acados OCP for drone 3 (N=30, dt=0.05, neighbours=[0], d_star=[3.0])...
[mpc_node-3] [INFO] [1783590795.491832641] [px4_1.mpc_node_1]: building acados OCP for drone 1 (N=30, dt=0.05, neighbours=[0], d_star=[3.0])...
[mpc_node-4] [INFO] [1783590795.495598275] [px4_2.mpc_node_2]: building acados OCP for drone 2 (N=30, dt=0.05, neighbours=[0], d_star=[3.0])...
[mpc_node-2] [INFO] [1783590795.498300921] [px4_0.mpc_node_0]: building acados OCP for drone 0 (N=30, dt=0.05, neighbours=[1, 2, 3, 4], d_star=[3.0, 3.0, 3.0, 3.0])...
[mpc_node-6] [INFO] [1783590795.500160699] [px4_4.mpc_node_4]: building acados OCP for drone 4 (N=30, dt=0.05, neighbours=[0], d_star=[3.0])...
[mpc_node-5] /usr/lib/python3/dist-packages/scipy/__init__.py:146: UserWarning: A NumPy version >=1.17.3 and <1.25.0 is required for this version of SciPy (detected version 1.26.4
[mpc_node-5]   warnings.warn(f"A NumPy version >={np_minversion} and <{np_maxversion}"
[mpc_node-3] /usr/lib/python3/dist-packages/scipy/__init__.py:146: UserWarning: A NumPy version >=1.17.3 and <1.25.0 is required for this version of SciPy (detected version 1.26.4
[mpc_node-3]   warnings.warn(f"A NumPy version >={np_minversion} and <{np_maxversion}"
[mpc_node-4] /usr/lib/python3/dist-packages/scipy/__init__.py:146: UserWarning: A NumPy version >=1.17.3 and <1.25.0 is required for this version of SciPy (detected version 1.26.4
[mpc_node-4]   warnings.warn(f"A NumPy version >={np_minversion} and <{np_maxversion}"
[mpc_node-2] /usr/lib/python3/dist-packages/scipy/__init__.py:146: UserWarning: A NumPy version >=1.17.3 and <1.25.0 is required for this version of SciPy (detected version 1.26.4
[mpc_node-2]   warnings.warn(f"A NumPy version >={np_minversion} and <{np_maxversion}"
[mpc_node-6] /usr/lib/python3/dist-packages/scipy/__init__.py:146: UserWarning: A NumPy version >=1.17.3 and <1.25.0 is required for this version of SciPy (detected version 1.26.4
[mpc_node-6]   warnings.warn(f"A NumPy version >={np_minversion} and <{np_maxversion}"
[mpc_node-5] rm -f libacados_ocp_solver_di_mpc_i3_m1.so
[mpc_node-5] rm -f di_mpc_i3_m1_cost/di_mpc_i3_m1_cost_y_0_fun.o di_mpc_i3_m1_cost/di_mpc_i3_m1_cost_y_0_fun_jac_ut_xt.o di_mpc_i3_m1_cost/di_mpc_i3_m1_cost_y_0_hess.o di_mpc_i3_m1_cost/di_mpc_i3_m1_cost_y_fun.o di_mpc_i3_m1_cost/di_mpc_i3_m1_cost_y_fun_jac_ut_xt.o di_mpc_i3_m1_cost/di_mpc_i3_m1_cost_y_hess.o di_mpc_i3_m1_cost/di_mpc_i3_m1_cost_y_e_fun.o di_mpc_i3_m1_cost/di_mpc_i3_m1_cost_y_e_fun_jac_ut_xt.o di_mpc_i3_m1_cost/di_mpc_i3_m1_cost_y_e_hess.o acados_solver_di_mpc_i3_m1.o
[mpc_node-5] cc -fPIC -std=c99   -O2 -I/home/shirui/acados/include -I/home/shirui/acados/include/acados -I/home/shirui/acados/include/blasfeo/include -I/home/shirui/acados/include/hpipm/include  -c -o di_mpc_i3_m1_cost/di_mpc_i3_m1_cost_y_0_fun.o di_mpc_i3_m1_cost/di_mpc_i3_m1_cost_y_0_fun.c
[mpc_node-6] rm -f libacados_ocp_solver_di_mpc_i4_m1.so
[mpc_node-4] rm -f libacados_ocp_solver_di_mpc_i2_m1.so
[mpc_node-6] rm -f di_mpc_i4_m1_cost/di_mpc_i4_m1_cost_y_0_fun.o di_mpc_i4_m1_cost/di_mpc_i4_m1_cost_y_0_fun_jac_ut_xt.o di_mpc_i4_m1_cost/di_mpc_i4_m1_cost_y_0_hess.o di_mpc_i4_m1_cost/di_mpc_i4_m1_cost_y_fun.o di_mpc_i4_m1_cost/di_mpc_i4_m1_cost_y_fun_jac_ut_xt.o di_mpc_i4_m1_cost/di_mpc_i4_m1_cost_y_hess.o di_mpc_i4_m1_cost/di_mpc_i4_m1_cost_y_e_fun.o di_mpc_i4_m1_cost/di_mpc_i4_m1_cost_y_e_fun_jac_ut_xt.o di_mpc_i4_m1_cost/di_mpc_i4_m1_cost_y_e_hess.o acados_solver_di_mpc_i4_m1.o
[mpc_node-6] cc -fPIC -std=c99   -O2 -I/home/shirui/acados/include -I/home/shirui/acados/include/acados -I/home/shirui/acados/include/blasfeo/include -I/home/shirui/acados/include/hpipm/include  -c -o di_mpc_i4_m1_cost/di_mpc_i4_m1_cost_y_0_fun.o di_mpc_i4_m1_cost/di_mpc_i4_m1_cost_y_0_fun.c
[mpc_node-4] rm -f di_mpc_i2_m1_cost/di_mpc_i2_m1_cost_y_0_fun.o di_mpc_i2_m1_cost/di_mpc_i2_m1_cost_y_0_fun_jac_ut_xt.o di_mpc_i2_m1_cost/di_mpc_i2_m1_cost_y_0_hess.o di_mpc_i2_m1_cost/di_mpc_i2_m1_cost_y_fun.o di_mpc_i2_m1_cost/di_mpc_i2_m1_cost_y_fun_jac_ut_xt.o di_mpc_i2_m1_cost/di_mpc_i2_m1_cost_y_hess.o di_mpc_i2_m1_cost/di_mpc_i2_m1_cost_y_e_fun.o di_mpc_i2_m1_cost/di_mpc_i2_m1_cost_y_e_fun_jac_ut_xt.o di_mpc_i2_m1_cost/di_mpc_i2_m1_cost_y_e_hess.o acados_solver_di_mpc_i2_m1.o
[mpc_node-4] cc -fPIC -std=c99   -O2 -I/home/shirui/acados/include -I/home/shirui/acados/include/acados -I/home/shirui/acados/include/blasfeo/include -I/home/shirui/acados/include/hpipm/include  -c -o di_mpc_i2_m1_cost/di_mpc_i2_m1_cost_y_0_fun.o di_mpc_i2_m1_cost/di_mpc_i2_m1_cost_y_0_fun.c
[mpc_node-5] cc -fPIC -std=c99   -O2 -I/home/shirui/acados/include -I/home/shirui/acados/include/acados -I/home/shirui/acados/include/blasfeo/include -I/home/shirui/acados/include/hpipm/include  -c -o di_mpc_i3_m1_cost/di_mpc_i3_m1_cost_y_0_fun_jac_ut_xt.o di_mpc_i3_m1_cost/di_mpc_i3_m1_cost_y_0_fun_jac_ut_xt.c
[mpc_node-3] rm -f libacados_ocp_solver_di_mpc_i1_m1.so
[mpc_node-2] rm -f libacados_ocp_solver_di_mpc_i0_m4.so
[mpc_node-2] rm -f di_mpc_i0_m4_cost/di_mpc_i0_m4_cost_y_0_fun.o di_mpc_i0_m4_cost/di_mpc_i0_m4_cost_y_0_fun_jac_ut_xt.o di_mpc_i0_m4_cost/di_mpc_i0_m4_cost_y_0_hess.o di_mpc_i0_m4_cost/di_mpc_i0_m4_cost_y_fun.o di_mpc_i0_m4_cost/di_mpc_i0_m4_cost_y_fun_jac_ut_xt.o di_mpc_i0_m4_cost/di_mpc_i0_m4_cost_y_hess.o di_mpc_i0_m4_cost/di_mpc_i0_m4_cost_y_e_fun.o di_mpc_i0_m4_cost/di_mpc_i0_m4_cost_y_e_fun_jac_ut_xt.o di_mpc_i0_m4_cost/di_mpc_i0_m4_cost_y_e_hess.o acados_solver_di_mpc_i0_m4.o
[mpc_node-3] rm -f di_mpc_i1_m1_cost/di_mpc_i1_m1_cost_y_0_fun.o di_mpc_i1_m1_cost/di_mpc_i1_m1_cost_y_0_fun_jac_ut_xt.o di_mpc_i1_m1_cost/di_mpc_i1_m1_cost_y_0_hess.o di_mpc_i1_m1_cost/di_mpc_i1_m1_cost_y_fun.o di_mpc_i1_m1_cost/di_mpc_i1_m1_cost_y_fun_jac_ut_xt.o di_mpc_i1_m1_cost/di_mpc_i1_m1_cost_y_hess.o di_mpc_i1_m1_cost/di_mpc_i1_m1_cost_y_e_fun.o di_mpc_i1_m1_cost/di_mpc_i1_m1_cost_y_e_fun_jac_ut_xt.o di_mpc_i1_m1_cost/di_mpc_i1_m1_cost_y_e_hess.o acados_solver_di_mpc_i1_m1.o
[mpc_node-3] cc -fPIC -std=c99   -O2 -I/home/shirui/acados/include -I/home/shirui/acados/include/acados -I/home/shirui/acados/include/blasfeo/include -I/home/shirui/acados/include/hpipm/include  -c -o di_mpc_i1_m1_cost/di_mpc_i1_m1_cost_y_0_fun.o di_mpc_i1_m1_cost/di_mpc_i1_m1_cost_y_0_fun.c
[mpc_node-2] cc -fPIC -std=c99   -O2 -I/home/shirui/acados/include -I/home/shirui/acados/include/acados -I/home/shirui/acados/include/blasfeo/include -I/home/shirui/acados/include/hpipm/include  -c -o di_mpc_i0_m4_cost/di_mpc_i0_m4_cost_y_0_fun.o di_mpc_i0_m4_cost/di_mpc_i0_m4_cost_y_0_fun.c
[mpc_node-6] cc -fPIC -std=c99   -O2 -I/home/shirui/acados/include -I/home/shirui/acados/include/acados -I/home/shirui/acados/include/blasfeo/include -I/home/shirui/acados/include/hpipm/include  -c -o di_mpc_i4_m1_cost/di_mpc_i4_m1_cost_y_0_fun_jac_ut_xt.o di_mpc_i4_m1_cost/di_mpc_i4_m1_cost_y_0_fun_jac_ut_xt.c
[mpc_node-4] cc -fPIC -std=c99   -O2 -I/home/shirui/acados/include -I/home/shirui/acados/include/acados -I/home/shirui/acados/include/blasfeo/include -I/home/shirui/acados/include/hpipm/include  -c -o di_mpc_i2_m1_cost/di_mpc_i2_m1_cost_y_0_fun_jac_ut_xt.o di_mpc_i2_m1_cost/di_mpc_i2_m1_cost_y_0_fun_jac_ut_xt.c
[mpc_node-5] cc -fPIC -std=c99   -O2 -I/home/shirui/acados/include -I/home/shirui/acados/include/acados -I/home/shirui/acados/include/blasfeo/include -I/home/shirui/acados/include/hpipm/include  -c -o di_mpc_i3_m1_cost/di_mpc_i3_m1_cost_y_0_hess.o di_mpc_i3_m1_cost/di_mpc_i3_m1_cost_y_0_hess.c
[mpc_node-3] cc -fPIC -std=c99   -O2 -I/home/shirui/acados/include -I/home/shirui/acados/include/acados -I/home/shirui/acados/include/blasfeo/include -I/home/shirui/acados/include/hpipm/include  -c -o di_mpc_i1_m1_cost/di_mpc_i1_m1_cost_y_0_fun_jac_ut_xt.o di_mpc_i1_m1_cost/di_mpc_i1_m1_cost_y_0_fun_jac_ut_xt.c
[mpc_node-2] cc -fPIC -std=c99   -O2 -I/home/shirui/acados/include -I/home/shirui/acados/include/acados -I/home/shirui/acados/include/blasfeo/include -I/home/shirui/acados/include/hpipm/include  -c -o di_mpc_i0_m4_cost/di_mpc_i0_m4_cost_y_0_fun_jac_ut_xt.o di_mpc_i0_m4_cost/di_mpc_i0_m4_cost_y_0_fun_jac_ut_xt.c
[mpc_node-6] cc -fPIC -std=c99   -O2 -I/home/shirui/acados/include -I/home/shirui/acados/include/acados -I/home/shirui/acados/include/blasfeo/include -I/home/shirui/acados/include/hpipm/include  -c -o di_mpc_i4_m1_cost/di_mpc_i4_m1_cost_y_0_hess.o di_mpc_i4_m1_cost/di_mpc_i4_m1_cost_y_0_hess.c
[mpc_node-4] cc -fPIC -std=c99   -O2 -I/home/shirui/acados/include -I/home/shirui/acados/include/acados -I/home/shirui/acados/include/blasfeo/include -I/home/shirui/acados/include/hpipm/include  -c -o di_mpc_i2_m1_cost/di_mpc_i2_m1_cost_y_0_hess.o di_mpc_i2_m1_cost/di_mpc_i2_m1_cost_y_0_hess.c
[mpc_node-5] cc -fPIC -std=c99   -O2 -I/home/shirui/acados/include -I/home/shirui/acados/include/acados -I/home/shirui/acados/include/blasfeo/include -I/home/shirui/acados/include/hpipm/include  -c -o di_mpc_i3_m1_cost/di_mpc_i3_m1_cost_y_fun.o di_mpc_i3_m1_cost/di_mpc_i3_m1_cost_y_fun.c
[mpc_node-3] cc -fPIC -std=c99   -O2 -I/home/shirui/acados/include -I/home/shirui/acados/include/acados -I/home/shirui/acados/include/blasfeo/include -I/home/shirui/acados/include/hpipm/include  -c -o di_mpc_i1_m1_cost/di_mpc_i1_m1_cost_y_0_hess.o di_mpc_i1_m1_cost/di_mpc_i1_m1_cost_y_0_hess.c
[mpc_node-6] cc -fPIC -std=c99   -O2 -I/home/shirui/acados/include -I/home/shirui/acados/include/acados -I/home/shirui/acados/include/blasfeo/include -I/home/shirui/acados/include/hpipm/include  -c -o di_mpc_i4_m1_cost/di_mpc_i4_m1_cost_y_fun.o di_mpc_i4_m1_cost/di_mpc_i4_m1_cost_y_fun.c
[mpc_node-4] cc -fPIC -std=c99   -O2 -I/home/shirui/acados/include -I/home/shirui/acados/include/acados -I/home/shirui/acados/include/blasfeo/include -I/home/shirui/acados/include/hpipm/include  -c -o di_mpc_i2_m1_cost/di_mpc_i2_m1_cost_y_fun.o di_mpc_i2_m1_cost/di_mpc_i2_m1_cost_y_fun.c
[mpc_node-2] cc -fPIC -std=c99   -O2 -I/home/shirui/acados/include -I/home/shirui/acados/include/acados -I/home/shirui/acados/include/blasfeo/include -I/home/shirui/acados/include/hpipm/include  -c -o di_mpc_i0_m4_cost/di_mpc_i0_m4_cost_y_0_hess.o di_mpc_i0_m4_cost/di_mpc_i0_m4_cost_y_0_hess.c
[mpc_node-5] cc -fPIC -std=c99   -O2 -I/home/shirui/acados/include -I/home/shirui/acados/include/acados -I/home/shirui/acados/include/blasfeo/include -I/home/shirui/acados/include/hpipm/include  -c -o di_mpc_i3_m1_cost/di_mpc_i3_m1_cost_y_fun_jac_ut_xt.o di_mpc_i3_m1_cost/di_mpc_i3_m1_cost_y_fun_jac_ut_xt.c
[mpc_node-3] cc -fPIC -std=c99   -O2 -I/home/shirui/acados/include -I/home/shirui/acados/include/acados -I/home/shirui/acados/include/blasfeo/include -I/home/shirui/acados/include/hpipm/include  -c -o di_mpc_i1_m1_cost/di_mpc_i1_m1_cost_y_fun.o di_mpc_i1_m1_cost/di_mpc_i1_m1_cost_y_fun.c
[mpc_node-6] cc -fPIC -std=c99   -O2 -I/home/shirui/acados/include -I/home/shirui/acados/include/acados -I/home/shirui/acados/include/blasfeo/include -I/home/shirui/acados/include/hpipm/include  -c -o di_mpc_i4_m1_cost/di_mpc_i4_m1_cost_y_fun_jac_ut_xt.o di_mpc_i4_m1_cost/di_mpc_i4_m1_cost_y_fun_jac_ut_xt.c
[mpc_node-4] cc -fPIC -std=c99   -O2 -I/home/shirui/acados/include -I/home/shirui/acados/include/acados -I/home/shirui/acados/include/blasfeo/include -I/home/shirui/acados/include/hpipm/include  -c -o di_mpc_i2_m1_cost/di_mpc_i2_m1_cost_y_fun_jac_ut_xt.o di_mpc_i2_m1_cost/di_mpc_i2_m1_cost_y_fun_jac_ut_xt.c
[mpc_node-3] cc -fPIC -std=c99   -O2 -I/home/shirui/acados/include -I/home/shirui/acados/include/acados -I/home/shirui/acados/include/blasfeo/include -I/home/shirui/acados/include/hpipm/include  -c -o di_mpc_i1_m1_cost/di_mpc_i1_m1_cost_y_fun_jac_ut_xt.o di_mpc_i1_m1_cost/di_mpc_i1_m1_cost_y_fun_jac_ut_xt.c
[mpc_node-5] cc -fPIC -std=c99   -O2 -I/home/shirui/acados/include -I/home/shirui/acados/include/acados -I/home/shirui/acados/include/blasfeo/include -I/home/shirui/acados/include/hpipm/include  -c -o di_mpc_i3_m1_cost/di_mpc_i3_m1_cost_y_hess.o di_mpc_i3_m1_cost/di_mpc_i3_m1_cost_y_hess.c
[mpc_node-2] cc -fPIC -std=c99   -O2 -I/home/shirui/acados/include -I/home/shirui/acados/include/acados -I/home/shirui/acados/include/blasfeo/include -I/home/shirui/acados/include/hpipm/include  -c -o di_mpc_i0_m4_cost/di_mpc_i0_m4_cost_y_fun.o di_mpc_i0_m4_cost/di_mpc_i0_m4_cost_y_fun.c
[mpc_node-4] cc -fPIC -std=c99   -O2 -I/home/shirui/acados/include -I/home/shirui/acados/include/acados -I/home/shirui/acados/include/blasfeo/include -I/home/shirui/acados/include/hpipm/include  -c -o di_mpc_i2_m1_cost/di_mpc_i2_m1_cost_y_hess.o di_mpc_i2_m1_cost/di_mpc_i2_m1_cost_y_hess.c
[mpc_node-6] cc -fPIC -std=c99   -O2 -I/home/shirui/acados/include -I/home/shirui/acados/include/acados -I/home/shirui/acados/include/blasfeo/include -I/home/shirui/acados/include/hpipm/include  -c -o di_mpc_i4_m1_cost/di_mpc_i4_m1_cost_y_hess.o di_mpc_i4_m1_cost/di_mpc_i4_m1_cost_y_hess.c
[mpc_node-5] cc -fPIC -std=c99   -O2 -I/home/shirui/acados/include -I/home/shirui/acados/include/acados -I/home/shirui/acados/include/blasfeo/include -I/home/shirui/acados/include/hpipm/include  -c -o di_mpc_i3_m1_cost/di_mpc_i3_m1_cost_y_e_fun.o di_mpc_i3_m1_cost/di_mpc_i3_m1_cost_y_e_fun.c
[mpc_node-3] cc -fPIC -std=c99   -O2 -I/home/shirui/acados/include -I/home/shirui/acados/include/acados -I/home/shirui/acados/include/blasfeo/include -I/home/shirui/acados/include/hpipm/include  -c -o di_mpc_i1_m1_cost/di_mpc_i1_m1_cost_y_hess.o di_mpc_i1_m1_cost/di_mpc_i1_m1_cost_y_hess.c
[mpc_node-2] cc -fPIC -std=c99   -O2 -I/home/shirui/acados/include -I/home/shirui/acados/include/acados -I/home/shirui/acados/include/blasfeo/include -I/home/shirui/acados/include/hpipm/include  -c -o di_mpc_i0_m4_cost/di_mpc_i0_m4_cost_y_fun_jac_ut_xt.o di_mpc_i0_m4_cost/di_mpc_i0_m4_cost_y_fun_jac_ut_xt.c
[mpc_node-5] cc -fPIC -std=c99   -O2 -I/home/shirui/acados/include -I/home/shirui/acados/include/acados -I/home/shirui/acados/include/blasfeo/include -I/home/shirui/acados/include/hpipm/include  -c -o di_mpc_i3_m1_cost/di_mpc_i3_m1_cost_y_e_fun_jac_ut_xt.o di_mpc_i3_m1_cost/di_mpc_i3_m1_cost_y_e_fun_jac_ut_xt.c
[mpc_node-6] cc -fPIC -std=c99   -O2 -I/home/shirui/acados/include -I/home/shirui/acados/include/acados -I/home/shirui/acados/include/blasfeo/include -I/home/shirui/acados/include/hpipm/include  -c -o di_mpc_i4_m1_cost/di_mpc_i4_m1_cost_y_e_fun.o di_mpc_i4_m1_cost/di_mpc_i4_m1_cost_y_e_fun.c
[mpc_node-4] cc -fPIC -std=c99   -O2 -I/home/shirui/acados/include -I/home/shirui/acados/include/acados -I/home/shirui/acados/include/blasfeo/include -I/home/shirui/acados/include/hpipm/include  -c -o di_mpc_i2_m1_cost/di_mpc_i2_m1_cost_y_e_fun.o di_mpc_i2_m1_cost/di_mpc_i2_m1_cost_y_e_fun.c
[mpc_node-3] cc -fPIC -std=c99   -O2 -I/home/shirui/acados/include -I/home/shirui/acados/include/acados -I/home/shirui/acados/include/blasfeo/include -I/home/shirui/acados/include/hpipm/include  -c -o di_mpc_i1_m1_cost/di_mpc_i1_m1_cost_y_e_fun.o di_mpc_i1_m1_cost/di_mpc_i1_m1_cost_y_e_fun.c
[mpc_node-6] cc -fPIC -std=c99   -O2 -I/home/shirui/acados/include -I/home/shirui/acados/include/acados -I/home/shirui/acados/include/blasfeo/include -I/home/shirui/acados/include/hpipm/include  -c -o di_mpc_i4_m1_cost/di_mpc_i4_m1_cost_y_e_fun_jac_ut_xt.o di_mpc_i4_m1_cost/di_mpc_i4_m1_cost_y_e_fun_jac_ut_xt.c
[mpc_node-4] cc -fPIC -std=c99   -O2 -I/home/shirui/acados/include -I/home/shirui/acados/include/acados -I/home/shirui/acados/include/blasfeo/include -I/home/shirui/acados/include/hpipm/include  -c -o di_mpc_i2_m1_cost/di_mpc_i2_m1_cost_y_e_fun_jac_ut_xt.o di_mpc_i2_m1_cost/di_mpc_i2_m1_cost_y_e_fun_jac_ut_xt.c
[mpc_node-5] cc -fPIC -std=c99   -O2 -I/home/shirui/acados/include -I/home/shirui/acados/include/acados -I/home/shirui/acados/include/blasfeo/include -I/home/shirui/acados/include/hpipm/include  -c -o di_mpc_i3_m1_cost/di_mpc_i3_m1_cost_y_e_hess.o di_mpc_i3_m1_cost/di_mpc_i3_m1_cost_y_e_hess.c
[mpc_node-3] cc -fPIC -std=c99   -O2 -I/home/shirui/acados/include -I/home/shirui/acados/include/acados -I/home/shirui/acados/include/blasfeo/include -I/home/shirui/acados/include/hpipm/include  -c -o di_mpc_i1_m1_cost/di_mpc_i1_m1_cost_y_e_fun_jac_ut_xt.o di_mpc_i1_m1_cost/di_mpc_i1_m1_cost_y_e_fun_jac_ut_xt.c
[mpc_node-2] cc -fPIC -std=c99   -O2 -I/home/shirui/acados/include -I/home/shirui/acados/include/acados -I/home/shirui/acados/include/blasfeo/include -I/home/shirui/acados/include/hpipm/include  -c -o di_mpc_i0_m4_cost/di_mpc_i0_m4_cost_y_hess.o di_mpc_i0_m4_cost/di_mpc_i0_m4_cost_y_hess.c
[mpc_node-5] cc -fPIC -std=c99   -O2 -I/home/shirui/acados/include -I/home/shirui/acados/include/acados -I/home/shirui/acados/include/blasfeo/include -I/home/shirui/acados/include/hpipm/include  -c -o acados_solver_di_mpc_i3_m1.o acados_solver_di_mpc_i3_m1.c
[mpc_node-6] cc -fPIC -std=c99   -O2 -I/home/shirui/acados/include -I/home/shirui/acados/include/acados -I/home/shirui/acados/include/blasfeo/include -I/home/shirui/acados/include/hpipm/include  -c -o di_mpc_i4_m1_cost/di_mpc_i4_m1_cost_y_e_hess.o di_mpc_i4_m1_cost/di_mpc_i4_m1_cost_y_e_hess.c
[mpc_node-4] cc -fPIC -std=c99   -O2 -I/home/shirui/acados/include -I/home/shirui/acados/include/acados -I/home/shirui/acados/include/blasfeo/include -I/home/shirui/acados/include/hpipm/include  -c -o di_mpc_i2_m1_cost/di_mpc_i2_m1_cost_y_e_hess.o di_mpc_i2_m1_cost/di_mpc_i2_m1_cost_y_e_hess.c
[mpc_node-3] cc -fPIC -std=c99   -O2 -I/home/shirui/acados/include -I/home/shirui/acados/include/acados -I/home/shirui/acados/include/blasfeo/include -I/home/shirui/acados/include/hpipm/include  -c -o di_mpc_i1_m1_cost/di_mpc_i1_m1_cost_y_e_hess.o di_mpc_i1_m1_cost/di_mpc_i1_m1_cost_y_e_hess.c
[mpc_node-6] cc -fPIC -std=c99   -O2 -I/home/shirui/acados/include -I/home/shirui/acados/include/acados -I/home/shirui/acados/include/blasfeo/include -I/home/shirui/acados/include/hpipm/include  -c -o acados_solver_di_mpc_i4_m1.o acados_solver_di_mpc_i4_m1.c
[mpc_node-4] cc -fPIC -std=c99   -O2 -I/home/shirui/acados/include -I/home/shirui/acados/include/acados -I/home/shirui/acados/include/blasfeo/include -I/home/shirui/acados/include/hpipm/include  -c -o acados_solver_di_mpc_i2_m1.o acados_solver_di_mpc_i2_m1.c
[mpc_node-3] cc -fPIC -std=c99   -O2 -I/home/shirui/acados/include -I/home/shirui/acados/include/acados -I/home/shirui/acados/include/blasfeo/include -I/home/shirui/acados/include/hpipm/include  -c -o acados_solver_di_mpc_i1_m1.o acados_solver_di_mpc_i1_m1.c
[mpc_node-2] cc -fPIC -std=c99   -O2 -I/home/shirui/acados/include -I/home/shirui/acados/include/acados -I/home/shirui/acados/include/blasfeo/include -I/home/shirui/acados/include/hpipm/include  -c -o di_mpc_i0_m4_cost/di_mpc_i0_m4_cost_y_e_fun.o di_mpc_i0_m4_cost/di_mpc_i0_m4_cost_y_e_fun.c
[mpc_node-2] cc -fPIC -std=c99   -O2 -I/home/shirui/acados/include -I/home/shirui/acados/include/acados -I/home/shirui/acados/include/blasfeo/include -I/home/shirui/acados/include/hpipm/include  -c -o di_mpc_i0_m4_cost/di_mpc_i0_m4_cost_y_e_fun_jac_ut_xt.o di_mpc_i0_m4_cost/di_mpc_i0_m4_cost_y_e_fun_jac_ut_xt.c
[mpc_node-2] cc -fPIC -std=c99   -O2 -I/home/shirui/acados/include -I/home/shirui/acados/include/acados -I/home/shirui/acados/include/blasfeo/include -I/home/shirui/acados/include/hpipm/include  -c -o di_mpc_i0_m4_cost/di_mpc_i0_m4_cost_y_e_hess.o di_mpc_i0_m4_cost/di_mpc_i0_m4_cost_y_e_hess.c
[mpc_node-2] cc -fPIC -std=c99   -O2 -I/home/shirui/acados/include -I/home/shirui/acados/include/acados -I/home/shirui/acados/include/blasfeo/include -I/home/shirui/acados/include/hpipm/include  -c -o acados_solver_di_mpc_i0_m4.o acados_solver_di_mpc_i0_m4.c
[mpc_node-5] cc -fPIC -std=c99   -O2 -I/home/shirui/acados/include -I/home/shirui/acados/include/acados -I/home/shirui/acados/include/blasfeo/include -I/home/shirui/acados/include/hpipm/include  -c -o di_mpc_i3_m1_model/di_mpc_i3_m1_expl_ode_fun.o di_mpc_i3_m1_model/di_mpc_i3_m1_expl_ode_fun.c
[mpc_node-6] cc -fPIC -std=c99   -O2 -I/home/shirui/acados/include -I/home/shirui/acados/include/acados -I/home/shirui/acados/include/blasfeo/include -I/home/shirui/acados/include/hpipm/include  -c -o di_mpc_i4_m1_model/di_mpc_i4_m1_expl_ode_fun.o di_mpc_i4_m1_model/di_mpc_i4_m1_expl_ode_fun.c
[mpc_node-4] cc -fPIC -std=c99   -O2 -I/home/shirui/acados/include -I/home/shirui/acados/include/acados -I/home/shirui/acados/include/blasfeo/include -I/home/shirui/acados/include/hpipm/include  -c -o di_mpc_i2_m1_model/di_mpc_i2_m1_expl_ode_fun.o di_mpc_i2_m1_model/di_mpc_i2_m1_expl_ode_fun.c
[mpc_node-5] cc -fPIC -std=c99   -O2 -I/home/shirui/acados/include -I/home/shirui/acados/include/acados -I/home/shirui/acados/include/blasfeo/include -I/home/shirui/acados/include/hpipm/include  -c -o di_mpc_i3_m1_model/di_mpc_i3_m1_expl_vde_forw.o di_mpc_i3_m1_model/di_mpc_i3_m1_expl_vde_forw.c
[mpc_node-3] cc -fPIC -std=c99   -O2 -I/home/shirui/acados/include -I/home/shirui/acados/include/acados -I/home/shirui/acados/include/blasfeo/include -I/home/shirui/acados/include/hpipm/include  -c -o di_mpc_i1_m1_model/di_mpc_i1_m1_expl_ode_fun.o di_mpc_i1_m1_model/di_mpc_i1_m1_expl_ode_fun.c
[mpc_node-4] cc -fPIC -std=c99   -O2 -I/home/shirui/acados/include -I/home/shirui/acados/include/acados -I/home/shirui/acados/include/blasfeo/include -I/home/shirui/acados/include/hpipm/include  -c -o di_mpc_i2_m1_model/di_mpc_i2_m1_expl_vde_forw.o di_mpc_i2_m1_model/di_mpc_i2_m1_expl_vde_forw.c
[mpc_node-6] cc -fPIC -std=c99   -O2 -I/home/shirui/acados/include -I/home/shirui/acados/include/acados -I/home/shirui/acados/include/blasfeo/include -I/home/shirui/acados/include/hpipm/include  -c -o di_mpc_i4_m1_model/di_mpc_i4_m1_expl_vde_forw.o di_mpc_i4_m1_model/di_mpc_i4_m1_expl_vde_forw.c
[mpc_node-3] cc -fPIC -std=c99   -O2 -I/home/shirui/acados/include -I/home/shirui/acados/include/acados -I/home/shirui/acados/include/blasfeo/include -I/home/shirui/acados/include/hpipm/include  -c -o di_mpc_i1_m1_model/di_mpc_i1_m1_expl_vde_forw.o di_mpc_i1_m1_model/di_mpc_i1_m1_expl_vde_forw.c
[mpc_node-5] cc -fPIC -std=c99   -O2 -I/home/shirui/acados/include -I/home/shirui/acados/include/acados -I/home/shirui/acados/include/blasfeo/include -I/home/shirui/acados/include/hpipm/include  -c -o di_mpc_i3_m1_model/di_mpc_i3_m1_expl_vde_adj.o di_mpc_i3_m1_model/di_mpc_i3_m1_expl_vde_adj.c
[mpc_node-6] cc -fPIC -std=c99   -O2 -I/home/shirui/acados/include -I/home/shirui/acados/include/acados -I/home/shirui/acados/include/blasfeo/include -I/home/shirui/acados/include/hpipm/include  -c -o di_mpc_i4_m1_model/di_mpc_i4_m1_expl_vde_adj.o di_mpc_i4_m1_model/di_mpc_i4_m1_expl_vde_adj.c
[mpc_node-4] cc -fPIC -std=c99   -O2 -I/home/shirui/acados/include -I/home/shirui/acados/include/acados -I/home/shirui/acados/include/blasfeo/include -I/home/shirui/acados/include/hpipm/include  -c -o di_mpc_i2_m1_model/di_mpc_i2_m1_expl_vde_adj.o di_mpc_i2_m1_model/di_mpc_i2_m1_expl_vde_adj.c
[mpc_node-5] cc -shared di_mpc_i3_m1_cost/di_mpc_i3_m1_cost_y_0_fun.o di_mpc_i3_m1_cost/di_mpc_i3_m1_cost_y_0_fun_jac_ut_xt.o di_mpc_i3_m1_cost/di_mpc_i3_m1_cost_y_0_hess.o di_mpc_i3_m1_cost/di_mpc_i3_m1_cost_y_fun.o di_mpc_i3_m1_cost/di_mpc_i3_m1_cost_y_fun_jac_ut_xt.o di_mpc_i3_m1_cost/di_mpc_i3_m1_cost_y_hess.o di_mpc_i3_m1_cost/di_mpc_i3_m1_cost_y_e_fun.o di_mpc_i3_m1_cost/di_mpc_i3_m1_cost_y_e_fun_jac_ut_xt.o di_mpc_i3_m1_cost/di_mpc_i3_m1_cost_y_e_hess.o acados_solver_di_mpc_i3_m1.o di_mpc_i3_m1_model/di_mpc_i3_m1_expl_ode_fun.o di_mpc_i3_m1_model/di_mpc_i3_m1_expl_vde_forw.o di_mpc_i3_m1_model/di_mpc_i3_m1_expl_vde_adj.o -o libacados_ocp_solver_di_mpc_i3_m1.so -L/home/shirui/acados/lib -lacados -lhpipm -lblasfeo -lm \
[mpc_node-5] -L -l
[mpc_node-3] cc -fPIC -std=c99   -O2 -I/home/shirui/acados/include -I/home/shirui/acados/include/acados -I/home/shirui/acados/include/blasfeo/include -I/home/shirui/acados/include/hpipm/include  -c -o di_mpc_i1_m1_model/di_mpc_i1_m1_expl_vde_adj.o di_mpc_i1_m1_model/di_mpc_i1_m1_expl_vde_adj.c
[mpc_node-2] cc -fPIC -std=c99   -O2 -I/home/shirui/acados/include -I/home/shirui/acados/include/acados -I/home/shirui/acados/include/blasfeo/include -I/home/shirui/acados/include/hpipm/include  -c -o di_mpc_i0_m4_model/di_mpc_i0_m4_expl_ode_fun.o di_mpc_i0_m4_model/di_mpc_i0_m4_expl_ode_fun.c
[mpc_node-4] cc -shared di_mpc_i2_m1_cost/di_mpc_i2_m1_cost_y_0_fun.o di_mpc_i2_m1_cost/di_mpc_i2_m1_cost_y_0_fun_jac_ut_xt.o di_mpc_i2_m1_cost/di_mpc_i2_m1_cost_y_0_hess.o di_mpc_i2_m1_cost/di_mpc_i2_m1_cost_y_fun.o di_mpc_i2_m1_cost/di_mpc_i2_m1_cost_y_fun_jac_ut_xt.o di_mpc_i2_m1_cost/di_mpc_i2_m1_cost_y_hess.o di_mpc_i2_m1_cost/di_mpc_i2_m1_cost_y_e_fun.o di_mpc_i2_m1_cost/di_mpc_i2_m1_cost_y_e_fun_jac_ut_xt.o di_mpc_i2_m1_cost/di_mpc_i2_m1_cost_y_e_hess.o acados_solver_di_mpc_i2_m1.o di_mpc_i2_m1_model/di_mpc_i2_m1_expl_ode_fun.o di_mpc_i2_m1_model/di_mpc_i2_m1_expl_vde_forw.o di_mpc_i2_m1_model/di_mpc_i2_m1_expl_vde_adj.o -o libacados_ocp_solver_di_mpc_i2_m1.so -L/home/shirui/acados/lib -lacados -lhpipm -lblasfeo -lm \
[mpc_node-4] -L -l
[mpc_node-6] cc -shared di_mpc_i4_m1_cost/di_mpc_i4_m1_cost_y_0_fun.o di_mpc_i4_m1_cost/di_mpc_i4_m1_cost_y_0_fun_jac_ut_xt.o di_mpc_i4_m1_cost/di_mpc_i4_m1_cost_y_0_hess.o di_mpc_i4_m1_cost/di_mpc_i4_m1_cost_y_fun.o di_mpc_i4_m1_cost/di_mpc_i4_m1_cost_y_fun_jac_ut_xt.o di_mpc_i4_m1_cost/di_mpc_i4_m1_cost_y_hess.o di_mpc_i4_m1_cost/di_mpc_i4_m1_cost_y_e_fun.o di_mpc_i4_m1_cost/di_mpc_i4_m1_cost_y_e_fun_jac_ut_xt.o di_mpc_i4_m1_cost/di_mpc_i4_m1_cost_y_e_hess.o acados_solver_di_mpc_i4_m1.o di_mpc_i4_m1_model/di_mpc_i4_m1_expl_ode_fun.o di_mpc_i4_m1_model/di_mpc_i4_m1_expl_vde_forw.o di_mpc_i4_m1_model/di_mpc_i4_m1_expl_vde_adj.o -o libacados_ocp_solver_di_mpc_i4_m1.so -L/home/shirui/acados/lib -lacados -lhpipm -lblasfeo -lm \
[mpc_node-6] -L -l
[mpc_node-5] [INFO] [1783590796.783351169] [px4_3.mpc_node_3]: acados OCP ready. model = double-integrator (v_dot=u, publish x_pred[1]) [legacy]
[mpc_node-5] [INFO] [1783590796.783538381] [px4_3.mpc_node_3]: safety_filter ON: track<6.0m alt[0.3,8.0]m d_emerg=1.2m d_warn=2.0m self_timeout=0.3s
[mpc_node-3] cc -shared di_mpc_i1_m1_cost/di_mpc_i1_m1_cost_y_0_fun.o di_mpc_i1_m1_cost/di_mpc_i1_m1_cost_y_0_fun_jac_ut_xt.o di_mpc_i1_m1_cost/di_mpc_i1_m1_cost_y_0_hess.o di_mpc_i1_m1_cost/di_mpc_i1_m1_cost_y_fun.o di_mpc_i1_m1_cost/di_mpc_i1_m1_cost_y_fun_jac_ut_xt.o di_mpc_i1_m1_cost/di_mpc_i1_m1_cost_y_hess.o di_mpc_i1_m1_cost/di_mpc_i1_m1_cost_y_e_fun.o di_mpc_i1_m1_cost/di_mpc_i1_m1_cost_y_e_fun_jac_ut_xt.o di_mpc_i1_m1_cost/di_mpc_i1_m1_cost_y_e_hess.o acados_solver_di_mpc_i1_m1.o di_mpc_i1_m1_model/di_mpc_i1_m1_expl_ode_fun.o di_mpc_i1_m1_model/di_mpc_i1_m1_expl_vde_forw.o di_mpc_i1_m1_model/di_mpc_i1_m1_expl_vde_adj.o -o libacados_ocp_solver_di_mpc_i1_m1.so -L/home/shirui/acados/lib -lacados -lhpipm -lblasfeo -lm \
[mpc_node-3] -L -l
[mpc_node-5] [INFO] [1783590796.787723899] [px4_3.mpc_node_3]: mpc_controller drone 3 ready. birth=[3. 0. 0.], r_i0=[3. 0. 0.], neighbours=[0]
[mpc_node-4] [INFO] [1783590796.797771139] [px4_2.mpc_node_2]: acados OCP ready. model = double-integrator (v_dot=u, publish x_pred[1]) [legacy]
[mpc_node-4] [INFO] [1783590796.797952131] [px4_2.mpc_node_2]: safety_filter ON: track<6.0m alt[0.3,8.0]m d_emerg=1.2m d_warn=2.0m self_timeout=0.3s
[mpc_node-6] [INFO] [1783590796.798553377] [px4_4.mpc_node_4]: acados OCP ready. model = double-integrator (v_dot=u, publish x_pred[1]) [legacy]
[mpc_node-6] [INFO] [1783590796.798722781] [px4_4.mpc_node_4]: safety_filter ON: track<6.0m alt[0.3,8.0]m d_emerg=1.2m d_warn=2.0m self_timeout=0.3s
[mpc_node-2] cc -fPIC -std=c99   -O2 -I/home/shirui/acados/include -I/home/shirui/acados/include/acados -I/home/shirui/acados/include/blasfeo/include -I/home/shirui/acados/include/hpipm/include  -c -o di_mpc_i0_m4_model/di_mpc_i0_m4_expl_vde_forw.o di_mpc_i0_m4_model/di_mpc_i0_m4_expl_vde_forw.c
[mpc_node-3] [INFO] [1783590796.801903775] [px4_1.mpc_node_1]: acados OCP ready. model = double-integrator (v_dot=u, publish x_pred[1]) [legacy]
[mpc_node-3] [INFO] [1783590796.802076054] [px4_1.mpc_node_1]: safety_filter ON: track<6.0m alt[0.3,8.0]m d_emerg=1.2m d_warn=2.0m self_timeout=0.3s
[mpc_node-4] [INFO] [1783590796.802081275] [px4_2.mpc_node_2]: mpc_controller drone 2 ready. birth=[ 0. -3.  0.], r_i0=[ 0. -3.  0.], neighbours=[0]
[mpc_node-6] [INFO] [1783590796.803076061] [px4_4.mpc_node_4]: mpc_controller drone 4 ready. birth=[-3.  0.  0.], r_i0=[-3.  0.  0.], neighbours=[0]
[mpc_node-3] [INFO] [1783590796.806342862] [px4_1.mpc_node_1]: mpc_controller drone 1 ready. birth=[0. 3. 0.], r_i0=[0. 3. 0.], neighbours=[0]
[mpc_node-2] cc -fPIC -std=c99   -O2 -I/home/shirui/acados/include -I/home/shirui/acados/include/acados -I/home/shirui/acados/include/blasfeo/include -I/home/shirui/acados/include/hpipm/include  -c -o di_mpc_i0_m4_model/di_mpc_i0_m4_expl_vde_adj.o di_mpc_i0_m4_model/di_mpc_i0_m4_expl_vde_adj.c
[mpc_node-2] cc -shared di_mpc_i0_m4_cost/di_mpc_i0_m4_cost_y_0_fun.o di_mpc_i0_m4_cost/di_mpc_i0_m4_cost_y_0_fun_jac_ut_xt.o di_mpc_i0_m4_cost/di_mpc_i0_m4_cost_y_0_hess.o di_mpc_i0_m4_cost/di_mpc_i0_m4_cost_y_fun.o di_mpc_i0_m4_cost/di_mpc_i0_m4_cost_y_fun_jac_ut_xt.o di_mpc_i0_m4_cost/di_mpc_i0_m4_cost_y_hess.o di_mpc_i0_m4_cost/di_mpc_i0_m4_cost_y_e_fun.o di_mpc_i0_m4_cost/di_mpc_i0_m4_cost_y_e_fun_jac_ut_xt.o di_mpc_i0_m4_cost/di_mpc_i0_m4_cost_y_e_hess.o acados_solver_di_mpc_i0_m4.o di_mpc_i0_m4_model/di_mpc_i0_m4_expl_ode_fun.o di_mpc_i0_m4_model/di_mpc_i0_m4_expl_vde_forw.o di_mpc_i0_m4_model/di_mpc_i0_m4_expl_vde_adj.o -o libacados_ocp_solver_di_mpc_i0_m4.so -L/home/shirui/acados/lib -lacados -lhpipm -lblasfeo -lm \
[mpc_node-2] -L -l
[mpc_node-2] [INFO] [1783590796.864631612] [px4_0.mpc_node_0]: acados OCP ready. model = double-integrator (v_dot=u, publish x_pred[1]) [legacy]
[mpc_node-2] [INFO] [1783590796.864805592] [px4_0.mpc_node_0]: safety_filter ON: track<6.0m alt[0.3,8.0]m d_emerg=1.2m d_warn=2.0m self_timeout=0.3s
[mpc_node-2] [INFO] [1783590796.869420736] [px4_0.mpc_node_0]: mpc_controller drone 0 ready. birth=[0. 0. 0.], r_i0=[0. 0. 0.], neighbours=[1, 2, 3, 4]
[mpc_node-5] [INFO] [1783590797.099463193] [px4_3.mpc_node_3]: [veh 0] alt_sync disabled, using birth_z=0.00
[mpc_node-5] [INFO] [1783590797.099620857] [px4_3.mpc_node_3]: first position from drone 0 (calibrated [STABLE] after 40 frames, spread=(0.021,0.005,0.029)): local_mean=(0.00, 0.08, -0.72) world_birth=(-0.00, -0.08, 0.00)
[mpc_node-5] [INFO] [1783590797.103318408] [px4_3.mpc_node_3]: [veh 3] alt_sync disabled, using birth_z=0.00
[mpc_node-5] [INFO] [1783590797.103454291] [px4_3.mpc_node_3]: first position from drone 3 (calibrated [STABLE] after 40 frames, spread=(0.024,0.011,0.023)): local_mean=(-0.30, 0.01, 0.69) world_birth=(3.30, -0.01, 0.00)
[mpc_node-6] [INFO] [1783590797.115036280] [px4_4.mpc_node_4]: [veh 4] alt_sync disabled, using birth_z=0.00
[mpc_node-6] [INFO] [1783590797.115221672] [px4_4.mpc_node_4]: first position from drone 4 (calibrated [STABLE] after 40 frames, spread=(0.032,0.010,0.037)): local_mean=(-0.26, -0.15, -0.13) world_birth=(-2.74, 0.15, 0.00)
[mpc_node-4] [INFO] [1783590797.115339868] [px4_2.mpc_node_2]: [veh 0] alt_sync disabled, using birth_z=0.00
[mpc_node-4] [INFO] [1783590797.115511248] [px4_2.mpc_node_2]: first position from drone 0 (calibrated [STABLE] after 40 frames, spread=(0.018,0.005,0.032)): local_mean=(0.00, 0.08, -0.71) world_birth=(-0.00, -0.08, 0.00)
[mpc_node-6] [INFO] [1783590797.115951877] [px4_4.mpc_node_4]: [veh 0] alt_sync disabled, using birth_z=0.00
[mpc_node-3] [INFO] [1783590797.116000954] [px4_1.mpc_node_1]: [veh 0] alt_sync disabled, using birth_z=0.00
[mpc_node-6] [INFO] [1783590797.116080121] [px4_4.mpc_node_4]: first position from drone 0 (calibrated [STABLE] after 40 frames, spread=(0.018,0.005,0.032)): local_mean=(0.00, 0.08, -0.71) world_birth=(-0.00, -0.08, 0.00)
[mpc_node-3] [INFO] [1783590797.116143729] [px4_1.mpc_node_1]: first position from drone 0 (calibrated [STABLE] after 40 frames, spread=(0.018,0.005,0.032)): local_mean=(0.00, 0.08, -0.71) world_birth=(-0.00, -0.08, 0.00)
[mpc_node-3] [INFO] [1783590797.119322638] [px4_1.mpc_node_1]: [veh 1] alt_sync disabled, using birth_z=0.00
[mpc_node-3] [INFO] [1783590797.119475106] [px4_1.mpc_node_1]: first position from drone 1 (calibrated [STABLE] after 40 frames, spread=(0.015,0.011,0.014)): local_mean=(-0.17, -0.16, -0.46) world_birth=(0.17, 3.16, 0.00)
[mpc_node-4] [INFO] [1783590797.119794147] [px4_2.mpc_node_2]: [veh 2] alt_sync disabled, using birth_z=0.00
[mpc_node-4] [INFO] [1783590797.119927123] [px4_2.mpc_node_2]: first position from drone 2 (calibrated [STABLE] after 40 frames, spread=(0.013,0.022,0.022)): local_mean=(0.29, 0.02, 0.20) world_birth=(-0.29, -3.02, 0.00)
[mpc_node-2] [INFO] [1783590797.180617402] [px4_0.mpc_node_0]: [veh 0] alt_sync disabled, using birth_z=0.00
[mpc_node-2] [INFO] [1783590797.180765861] [px4_0.mpc_node_0]: first position from drone 0 (calibrated [STABLE] after 40 frames, spread=(0.008,0.007,0.038)): local_mean=(0.00, 0.08, -0.71) world_birth=(-0.00, -0.08, 0.00)
[mpc_node-2] [INFO] [1783590797.184076192] [px4_0.mpc_node_0]: [veh 1] alt_sync disabled, using birth_z=0.00
[mpc_node-2] [INFO] [1783590797.184214483] [px4_0.mpc_node_0]: first position from drone 1 (calibrated [STABLE] after 40 frames, spread=(0.008,0.008,0.018)): local_mean=(-0.17, -0.17, -0.46) world_birth=(0.17, 3.17, 0.00)
[mpc_node-2] [INFO] [1783590797.184855796] [px4_0.mpc_node_0]: [veh 2] alt_sync disabled, using birth_z=0.00
[mpc_node-2] [INFO] [1783590797.184982132] [px4_0.mpc_node_0]: first position from drone 2 (calibrated [STABLE] after 40 frames, spread=(0.006,0.024,0.014)): local_mean=(0.29, 0.03, 0.20) world_birth=(-0.29, -3.03, 0.00)
[mpc_node-2] [INFO] [1783590797.185413756] [px4_0.mpc_node_0]: [veh 3] alt_sync disabled, using birth_z=0.00
[mpc_node-2] [INFO] [1783590797.185530121] [px4_0.mpc_node_0]: first position from drone 3 (calibrated [STABLE] after 40 frames, spread=(0.019,0.016,0.022)): local_mean=(-0.29, 0.00, 0.70) world_birth=(3.29, -0.00, 0.00)
[mpc_node-2] [INFO] [1783590797.187505380] [px4_0.mpc_node_0]: [veh 4] alt_sync disabled, using birth_z=0.00
[mpc_node-2] [INFO] [1783590797.187630910] [px4_0.mpc_node_0]: first position from drone 4 (calibrated [STABLE] after 40 frames, spread=(0.019,0.010,0.034)): local_mean=(-0.26, -0.15, -0.12) world_birth=(-2.74, 0.15, 0.00)
[mpc_node-5] [INFO] [1783590798.808022132] [px4_3.mpc_node_3]: drone 3: retry ARM+OFFBOARD (nav=4, arm=1) frame=1
[mpc_node-4] [INFO] [1783590798.823078679] [px4_2.mpc_node_2]: drone 2: retry ARM+OFFBOARD (nav=4, arm=1) frame=1
[mpc_node-6] [INFO] [1783590798.823694500] [px4_4.mpc_node_4]: drone 4: retry ARM+OFFBOARD (nav=4, arm=1) frame=1
[mpc_node-3] [INFO] [1783590798.827919701] [px4_1.mpc_node_1]: drone 1: retry ARM+OFFBOARD (nav=4, arm=1) frame=1
[mpc_node-2] [INFO] [1783590798.890275529] [px4_0.mpc_node_0]: drone 0: retry ARM+OFFBOARD (nav=4, arm=1) frame=1
[mpc_node-5] [INFO] [1783590799.807969998] [px4_3.mpc_node_3]: drone 3: OFFBOARD + ARMED confirmed
[mpc_node-4] [INFO] [1783590799.823064491] [px4_2.mpc_node_2]: drone 2: OFFBOARD + ARMED confirmed
[mpc_node-6] [INFO] [1783590799.823232811] [px4_4.mpc_node_4]: drone 4: OFFBOARD + ARMED confirmed
[mpc_node-3] [INFO] [1783590799.826591458] [px4_1.mpc_node_1]: drone 1: OFFBOARD + ARMED confirmed
[mpc_node-5] [WARN] [1783590799.828947552] [px4_3.mpc_node_3]: DEBUG d3: x0=(2.99,-0.01,0.74) ref0=(3.00,0.00,-5.00) pred1=(2.99,-0.01,0.73) leader=(0.00,0.00,-5.00)
[mpc_node-6] [WARN] [1783590799.844249365] [px4_4.mpc_node_4]: DEBUG d4: x0=(-3.00,-0.00,-0.12) ref0=(-3.00,0.00,-5.00) pred1=(-2.99,0.00,-0.12) leader=(0.00,0.00,-5.00)
[mpc_node-4] [WARN] [1783590799.844373145] [px4_2.mpc_node_2]: DEBUG d2: x0=(0.01,-3.00,0.35) ref0=(0.00,-3.00,-5.00) pred1=(0.02,-2.99,0.35) leader=(0.00,0.00,-5.00)
[mpc_node-3] [WARN] [1783590799.848355925] [px4_1.mpc_node_1]: DEBUG d1: x0=(0.07,3.07,-0.28) ref0=(0.00,3.00,-5.00) pred1=(0.07,3.07,-0.28) leader=(0.00,0.00,-5.00)
[mpc_node-5] [WARN] [1783590799.848851232] [px4_3.mpc_node_3]: DEBUG d3: x0=(3.00,-0.01,0.74) ref0=(3.00,0.00,-5.00) pred1=(3.00,-0.01,0.73) leader=(0.00,0.00,-5.00)
[mpc_node-6] [WARN] [1783590799.864352975] [px4_4.mpc_node_4]: DEBUG d4: x0=(-3.00,-0.00,-0.12) ref0=(-3.00,0.00,-5.00) pred1=(-3.00,-0.00,-0.12) leader=(0.00,0.00,-5.00)
[mpc_node-4] [WARN] [1783590799.865187633] [px4_2.mpc_node_2]: DEBUG d2: x0=(0.01,-3.00,0.35) ref0=(0.00,-3.00,-5.00) pred1=(0.01,-3.00,0.35) leader=(0.00,0.00,-5.00)
[mpc_node-3] [WARN] [1783590799.867966179] [px4_1.mpc_node_1]: DEBUG d1: x0=(0.07,3.07,-0.28) ref0=(0.00,3.00,-5.00) pred1=(0.07,3.07,-0.28) leader=(0.00,0.00,-5.00)
[mpc_node-5] [WARN] [1783590799.868639642] [px4_3.mpc_node_3]: DEBUG d3: x0=(3.00,-0.01,0.74) ref0=(3.00,0.00,-5.00) pred1=(3.00,-0.01,0.73) leader=(0.00,0.00,-5.00)
[mpc_node-4] [WARN] [1783590799.883989514] [px4_2.mpc_node_2]: DEBUG d2: x0=(0.01,-3.00,0.36) ref0=(0.00,-3.00,-5.00) pred1=(0.01,-3.00,0.35) leader=(0.00,0.00,-5.00)
[mpc_node-6] [WARN] [1783590799.884234182] [px4_4.mpc_node_4]: DEBUG d4: x0=(-3.00,-0.00,-0.11) ref0=(-3.00,0.00,-5.00) pred1=(-3.00,-0.00,-0.12) leader=(0.00,0.00,-5.00)
[mpc_node-3] [WARN] [1783590799.888604638] [px4_1.mpc_node_1]: DEBUG d1: x0=(0.07,3.07,-0.28) ref0=(0.00,3.00,-5.00) pred1=(0.07,3.07,-0.28) leader=(0.00,0.00,-5.00)
[mpc_node-5] [WARN] [1783590799.888704487] [px4_3.mpc_node_3]: DEBUG d3: x0=(3.00,-0.01,0.74) ref0=(3.00,0.00,-5.00) pred1=(3.00,-0.01,0.73) leader=(0.00,0.00,-5.00)
[mpc_node-2] [INFO] [1783590799.890314632] [px4_0.mpc_node_0]: drone 0: OFFBOARD + ARMED confirmed
[mpc_node-4] [WARN] [1783590799.904260286] [px4_2.mpc_node_2]: DEBUG d2: x0=(0.01,-3.00,0.36) ref0=(0.00,-3.00,-5.00) pred1=(0.01,-3.00,0.36) leader=(0.00,0.00,-5.00)
[mpc_node-6] [WARN] [1783590799.904393074] [px4_4.mpc_node_4]: DEBUG d4: x0=(-3.00,-0.00,-0.11) ref0=(-3.00,0.00,-5.00) pred1=(-3.00,-0.00,-0.12) leader=(0.00,0.00,-5.00)
[mpc_node-3] [WARN] [1783590799.908340988] [px4_1.mpc_node_1]: DEBUG d1: x0=(0.07,3.07,-0.28) ref0=(0.00,3.00,-5.00) pred1=(0.07,3.07,-0.28) leader=(0.00,0.00,-5.00)
[mpc_node-5] [WARN] [1783590799.908726585] [px4_3.mpc_node_3]: DEBUG d3: x0=(3.00,-0.01,0.74) ref0=(3.00,0.00,-5.00) pred1=(3.01,-0.01,0.73) leader=(0.00,0.00,-5.00)
[mpc_node-2] [WARN] [1783590799.912268153] [px4_0.mpc_node_0]: DEBUG d0: x0=(-0.10,-0.04,-0.69) ref0=(0.00,0.00,-5.00) pred1=(-0.10,-0.04,-0.70) leader=(0.00,0.00,-5.00)
[mpc_node-4] [WARN] [1783590799.923980368] [px4_2.mpc_node_2]: DEBUG d2: x0=(0.01,-3.00,0.36) ref0=(0.00,-3.00,-5.00) pred1=(0.01,-3.00,0.36) leader=(0.00,0.00,-5.00)
[mpc_node-6] [WARN] [1783590799.924719613] [px4_4.mpc_node_4]: DEBUG d4: x0=(-3.00,-0.00,-0.11) ref0=(-3.00,0.00,-5.00) pred1=(-3.00,-0.00,-0.11) leader=(0.00,0.00,-5.00)
[mpc_node-3] [WARN] [1783590799.928056029] [px4_1.mpc_node_1]: DEBUG d1: x0=(0.07,3.07,-0.28) ref0=(0.00,3.00,-5.00) pred1=(0.07,3.07,-0.28) leader=(0.00,0.00,-5.00)
[mpc_node-2] [WARN] [1783590799.931869165] [px4_0.mpc_node_0]: DEBUG d0: x0=(-0.09,-0.04,-0.69) ref0=(0.00,0.00,-5.00) pred1=(-0.09,-0.04,-0.70) leader=(0.00,0.00,-5.00)
[mpc_node-2] [WARN] [1783590799.953014244] [px4_0.mpc_node_0]: DEBUG d0: x0=(-0.09,-0.04,-0.69) ref0=(0.00,0.00,-5.00) pred1=(-0.09,-0.04,-0.70) leader=(0.00,0.00,-5.00)
[mpc_node-2] [WARN] [1783590799.971788451] [px4_0.mpc_node_0]: DEBUG d0: x0=(-0.09,-0.03,-0.69) ref0=(0.00,0.00,-5.00) pred1=(-0.09,-0.03,-0.70) leader=(0.00,0.00,-5.00)
[mpc_node-2] [WARN] [1783590799.992036174] [px4_0.mpc_node_0]: DEBUG d0: x0=(-0.09,-0.03,-0.69) ref0=(0.00,0.00,-5.00) pred1=(-0.09,-0.03,-0.70) leader=(0.00,0.00,-5.00)
[mpc_node-5] [INFO] [1783590800.809449424] [px4_3.mpc_node_3]: [d3] solve: status=0 time=0.23ms cost=133.4 pos=(3.04,-0.05,0.71) local=(-0.26,-0.04,0.71) wbirth=(3.30,-0.01,0.00) ref=(3.00,0.00) leader=(0.00,0.00) fallbacks=0
[mpc_node-6] [INFO] [1783590800.824843829] [px4_4.mpc_node_4]: [d4] solve: status=0 time=0.22ms cost=85.8 pos=(-3.02,0.01,-0.19) local=(-0.28,-0.14,-0.19) wbirth=(-2.74,0.15,0.00) ref=(-3.00,0.00) leader=(0.00,0.00) fallbacks=0
[mpc_node-4] [INFO] [1783590800.825799100] [px4_2.mpc_node_2]: [d2] solve: status=0 time=0.23ms cost=116.1 pos=(0.04,-3.02,0.39) local=(0.33,0.00,0.39) wbirth=(-0.29,-3.02,0.00) ref=(0.00,-3.00) leader=(0.00,0.00) fallbacks=0
[mpc_node-3] [INFO] [1783590800.827404457] [px4_1.mpc_node_1]: [d1] solve: status=0 time=0.22ms cost=81.5 pos=(0.09,3.08,-0.29) local=(-0.08,-0.08,-0.29) wbirth=(0.17,3.16,0.00) ref=(0.00,3.00) leader=(0.00,0.00) fallbacks=0
[mpc_node-2] [INFO] [1783590800.891046846] [px4_0.mpc_node_0]: [d0] solve: status=0 time=0.26ms cost=65.7 pos=(-0.08,0.03,-0.65) local=(-0.08,0.10,-0.65) wbirth=(-0.00,-0.08,0.00) ref=(0.00,0.00) leader=(0.00,0.00) fallbacks=0
[mpc_node-5] [INFO] [1783590801.808633363] [px4_3.mpc_node_3]: [d3] solve: status=0 time=0.22ms cost=134.0 pos=(3.00,-0.07,0.71) local=(-0.29,-0.06,0.71) wbirth=(3.30,-0.01,0.00) ref=(3.00,0.00) leader=(0.00,0.00) fallbacks=0
[mpc_node-4] [INFO] [1783590801.823842166] [px4_2.mpc_node_2]: [d2] solve: status=0 time=0.27ms cost=115.4 pos=(0.02,-3.02,0.39) local=(0.31,0.00,0.39) wbirth=(-0.29,-3.02,0.00) ref=(0.00,-3.00) leader=(0.00,0.00) fallbacks=0
[mpc_node-6] [INFO] [1783590801.824312058] [px4_4.mpc_node_4]: [d4] solve: status=0 time=0.22ms cost=83.9 pos=(-3.02,0.04,-0.23) local=(-0.27,-0.11,-0.23) wbirth=(-2.74,0.15,0.00) ref=(-3.00,0.00) leader=(0.00,0.00) fallbacks=0
[mpc_node-3] [INFO] [1783590801.828115186] [px4_1.mpc_node_1]: [d1] solve: status=0 time=0.22ms cost=83.8 pos=(0.06,3.14,-0.24) local=(-0.11,-0.03,-0.24) wbirth=(0.17,3.16,0.00) ref=(0.00,3.00) leader=(0.00,0.00) fallbacks=0
[mpc_node-2] [INFO] [1783590801.892099470] [px4_0.mpc_node_0]: [d0] solve: status=0 time=0.24ms cost=70.5 pos=(-0.09,0.08,-0.54) local=(-0.09,0.16,-0.54) wbirth=(-0.00,-0.08,0.00) ref=(0.00,0.00) leader=(0.00,0.00) fallbacks=0
[mpc_node-5] [INFO] [1783590802.809440473] [px4_3.mpc_node_3]: [d3] solve: status=0 time=0.26ms cost=108.7 pos=(3.04,-0.02,0.48) local=(-0.25,-0.01,0.48) wbirth=(3.30,-0.01,0.00) ref=(3.00,0.00) leader=(0.00,0.00) fallbacks=0
[mpc_node-4] [INFO] [1783590802.823893588] [px4_2.mpc_node_2]: [d2] solve: status=0 time=0.22ms cost=86.9 pos=(0.04,-3.03,0.04) local=(0.33,-0.00,0.04) wbirth=(-0.29,-3.02,0.00) ref=(0.00,-3.00) leader=(0.00,0.00) fallbacks=0
[mpc_node-6] [INFO] [1783590802.824087437] [px4_4.mpc_node_4]: [d4] solve: status=0 time=0.24ms cost=69.0 pos=(-3.01,0.03,-0.36) local=(-0.27,-0.12,-0.36) wbirth=(-2.74,0.15,0.00) ref=(-3.00,0.00) leader=(0.00,0.00) fallbacks=0
[mpc_node-3] [INFO] [1783590802.827392005] [px4_1.mpc_node_1]: [d1] solve: status=0 time=0.22ms cost=62.4 pos=(0.08,3.03,-0.52) local=(-0.09,-0.13,-0.52) wbirth=(0.17,3.16,0.00) ref=(0.00,3.00) leader=(0.00,0.00) fallbacks=0
[mpc_node-2] [INFO] [1783590802.892079531] [px4_0.mpc_node_0]: [d0] solve: status=0 time=0.23ms cost=48.7 pos=(0.01,0.02,-0.90) local=(0.02,0.09,-0.90) wbirth=(-0.00,-0.08,0.00) ref=(0.00,0.00) leader=(0.00,0.00) fallbacks=0
[mpc_node-5] [INFO] [1783590803.808669317] [px4_3.mpc_node_3]: [d3] solve: status=0 time=0.24ms cost=78.6 pos=(3.10,0.11,-0.26) local=(-0.20,0.12,-0.26) wbirth=(3.30,-0.01,0.00) ref=(3.00,0.00) leader=(0.00,0.00) fallbacks=0
[mpc_node-5] [WARN] [1783590803.808919718] [px4_3.mpc_node_3]: [d3] SAFETY DEGRADED ['fence_alt_low(0.3)']
[mpc_node-6] [INFO] [1783590803.824063875] [px4_4.mpc_node_4]: [d4] solve: status=0 time=0.22ms cost=28.6 pos=(-2.94,0.03,-1.56) local=(-0.19,-0.12,-1.48) wbirth=(-2.74,0.15,-0.09) ref=(-3.00,0.00) leader=(0.00,0.00) fallbacks=0
[mpc_node-4] [INFO] [1783590803.824192948] [px4_2.mpc_node_2]: [d2] solve: status=0 time=0.27ms cost=60.6 pos=(0.08,-2.94,-0.61) local=(0.37,0.08,-0.61) wbirth=(-0.29,-3.02,0.00) ref=(0.00,-3.00) leader=(0.00,0.00) fallbacks=0
[mpc_node-3] [INFO] [1783590803.828428012] [px4_1.mpc_node_1]: [d1] solve: status=0 time=0.28ms cost=24.8 pos=(0.07,3.02,-1.73) local=(-0.10,-0.15,-1.62) wbirth=(0.17,3.16,-0.10) ref=(0.00,3.00) leader=(0.00,0.00) fallbacks=0
[mpc_node-2] [INFO] [1783590803.892236237] [px4_0.mpc_node_0]: [d0] solve: status=0 time=0.25ms cost=18.4 pos=(0.07,-0.01,-2.06) local=(0.08,0.07,-2.06) wbirth=(-0.00,-0.08,0.00) ref=(0.00,0.00) leader=(0.00,0.00) fallbacks=0
[mpc_node-5] [INFO] [1783590804.808707718] [px4_3.mpc_node_3]: [d3] solve: status=0 time=0.24ms cost=52.5 pos=(3.04,0.10,-0.76) local=(-0.25,0.10,-0.76) wbirth=(3.30,-0.01,0.00) ref=(3.00,0.00) leader=(0.00,0.00) fallbacks=0
[mpc_node-4] [INFO] [1783590804.823936115] [px4_2.mpc_node_2]: [d2] solve: status=0 time=0.26ms cost=21.5 pos=(-0.01,-2.93,-1.87) local=(0.28,0.09,-1.75) wbirth=(-0.29,-3.02,-0.12) ref=(0.00,-3.00) leader=(0.00,0.00) fallbacks=0
[mpc_node-6] [INFO] [1783590804.824761164] [px4_4.mpc_node_4]: [d4] solve: status=0 time=0.50ms cost=7.0 pos=(-2.88,0.03,-2.96) local=(-0.14,-0.12,-2.67) wbirth=(-2.74,0.15,-0.29) ref=(-3.00,0.00) leader=(0.00,0.00) fallbacks=0
[mpc_node-3] [INFO] [1783590804.828940972] [px4_1.mpc_node_1]: [d1] solve: status=0 time=0.35ms cost=5.7 pos=(-0.00,2.99,-3.15) local=(-0.17,-0.17,-2.85) wbirth=(0.17,3.16,-0.30) ref=(0.00,3.00) leader=(0.00,0.00) fallbacks=0
[mpc_node-2] [INFO] [1783590804.891721897] [px4_0.mpc_node_0]: [d0] solve: status=0 time=0.30ms cost=5.2 pos=(0.07,-0.06,-3.21) local=(0.07,0.02,-3.21) wbirth=(-0.00,-0.08,0.00) ref=(0.00,0.00) leader=(0.00,0.00) fallbacks=0
[mpc_node-5] [INFO] [1783590805.808960316] [px4_3.mpc_node_3]: [d3] solve: status=0 time=0.28ms cost=15.9 pos=(3.08,-0.06,-2.18) local=(-0.22,-0.05,-2.02) wbirth=(3.30,-0.01,-0.16) ref=(3.00,0.00) leader=(0.00,0.00) fallbacks=0
[mpc_node-4] [INFO] [1783590805.823984958] [px4_2.mpc_node_2]: [d2] solve: status=0 time=0.29ms cost=4.0 pos=(-0.03,-2.99,-3.40) local=(0.26,0.03,-3.08) wbirth=(-0.29,-3.02,-0.32) ref=(0.00,-3.00) leader=(0.00,0.00) fallbacks=0
[mpc_node-6] [INFO] [1783590805.825205938] [px4_4.mpc_node_4]: [d4] solve: status=0 time=0.17ms cost=0.8 pos=(-2.96,-0.01,-4.29) local=(-0.21,-0.16,-3.83) wbirth=(-2.74,0.15,-0.46) ref=(-3.00,0.00) leader=(0.00,0.00) fallbacks=0
[mpc_node-3] [INFO] [1783590805.828413923] [px4_1.mpc_node_1]: [d1] solve: status=0 time=0.20ms cost=0.8 pos=(-0.01,2.97,-4.31) local=(-0.18,-0.20,-3.93) wbirth=(0.17,3.16,-0.38) ref=(0.00,3.00) leader=(0.00,0.00) fallbacks=0
[mpc_node-2] [INFO] [1783590805.891753534] [px4_0.mpc_node_0]: [d0] solve: status=0 time=0.17ms cost=0.8 pos=(0.04,-0.01,-4.28) local=(0.04,0.07,-4.28) wbirth=(-0.00,-0.08,0.00) ref=(0.00,0.00) leader=(0.00,0.00) fallbacks=0
[leader_node-1] [INFO] [1783590806.653171276] [leader_node]: all drones formed up (pos_err < 0.30m), confirming for 30.0s...
[mpc_node-5] [INFO] [1783590806.808805550] [px4_3.mpc_node_3]: [d3] solve: status=0 time=0.17ms cost=2.3 pos=(3.02,-0.04,-3.78) local=(-0.27,-0.03,-3.43) wbirth=(3.30,-0.01,-0.36) ref=(3.00,0.00) leader=(0.00,0.00) fallbacks=0
[mpc_node-4] [INFO] [1783590806.824171057] [px4_2.mpc_node_2]: [d2] solve: status=0 time=0.18ms cost=0.4 pos=(-0.05,-3.14,-4.55) local=(0.24,-0.12,-4.03) wbirth=(-0.29,-3.02,-0.52) ref=(0.00,-3.00) leader=(0.00,0.00) fallbacks=0
[mpc_node-6] [INFO] [1783590806.824609149] [px4_4.mpc_node_4]: [d4] solve: status=0 time=0.17ms cost=0.2 pos=(-2.98,-0.03,-4.67) local=(-0.24,-0.18,-4.21) wbirth=(-2.74,0.15,-0.46) ref=(-3.00,0.00) leader=(0.00,0.00) fallbacks=0
[mpc_node-3] [INFO] [1783590806.827943615] [px4_1.mpc_node_1]: [d1] solve: status=0 time=0.17ms cost=0.2 pos=(-0.12,2.91,-4.69) local=(-0.29,-0.25,-4.31) wbirth=(0.17,3.16,-0.38) ref=(0.00,3.00) leader=(0.00,0.00) fallbacks=0
[mpc_node-2] [INFO] [1783590806.890849726] [px4_0.mpc_node_0]: [d0] solve: status=0 time=0.17ms cost=0.1 pos=(-0.00,0.01,-4.75) local=(0.00,0.08,-4.75) wbirth=(-0.00,-0.08,0.00) ref=(0.00,0.00) leader=(0.00,0.00) fallbacks=0
[mpc_node-5] [INFO] [1783590807.809416237] [px4_3.mpc_node_3]: [d3] solve: status=0 time=0.20ms cost=0.1 pos=(2.93,-0.02,-4.72) local=(-0.36,-0.01,-4.16) wbirth=(3.30,-0.01,-0.56) ref=(3.00,0.00) leader=(0.00,0.00) fallbacks=0
[mpc_node-4] [INFO] [1783590807.823359994] [px4_2.mpc_node_2]: [d2] solve: status=0 time=0.18ms cost=0.1 pos=(-0.02,-3.16,-4.95) local=(0.27,-0.14,-4.23) wbirth=(-0.29,-3.02,-0.72) ref=(0.00,-3.00) leader=(0.00,0.00) fallbacks=0
[mpc_node-6] [INFO] [1783590807.824130396] [px4_4.mpc_node_4]: [d4] solve: status=0 time=0.17ms cost=0.1 pos=(-3.20,0.01,-4.82) local=(-0.46,-0.14,-4.36) wbirth=(-2.74,0.15,-0.46) ref=(-3.00,0.00) leader=(0.00,0.00) fallbacks=0
[mpc_node-3] [INFO] [1783590807.827998812] [px4_1.mpc_node_1]: [d1] solve: status=0 time=0.20ms cost=0.1 pos=(-0.13,2.86,-4.82) local=(-0.30,-0.31,-4.44) wbirth=(0.17,3.16,-0.38) ref=(0.00,3.00) leader=(0.00,0.00) fallbacks=0
[mpc_node-2] [INFO] [1783590807.892215326] [px4_0.mpc_node_0]: [d0] solve: status=0 time=0.18ms cost=0.0 pos=(-0.03,-0.05,-4.91) local=(-0.02,0.03,-4.91) wbirth=(-0.00,-0.08,0.00) ref=(0.00,0.00) leader=(0.00,0.00) fallbacks=0
[mpc_node-5] [INFO] [1783590808.808621572] [px4_3.mpc_node_3]: [d3] solve: status=0 time=0.17ms cost=0.0 pos=(2.89,0.00,-5.03) local=(-0.41,0.01,-4.27) wbirth=(3.30,-0.01,-0.76) ref=(3.00,0.00) leader=(0.00,0.00) fallbacks=0
[mpc_node-4] [INFO] [1783590808.823702686] [px4_2.mpc_node_2]: [d2] solve: status=0 time=0.18ms cost=0.0 pos=(0.06,-3.08,-5.09) local=(0.35,-0.06,-4.17) wbirth=(-0.29,-3.02,-0.92) ref=(0.00,-3.00) leader=(0.00,0.00) fallbacks=0
[mpc_node-6] [INFO] [1783590808.824142713] [px4_4.mpc_node_4]: [d4] solve: status=0 time=0.17ms cost=0.1 pos=(-3.15,0.02,-4.90) local=(-0.41,-0.13,-4.44) wbirth=(-2.74,0.15,-0.46) ref=(-3.00,0.00) leader=(0.00,0.00) fallbacks=0
[mpc_node-3] [INFO] [1783590808.828266850] [px4_1.mpc_node_1]: [d1] solve: status=0 time=0.18ms cost=0.0 pos=(-0.00,2.91,-4.90) local=(-0.17,-0.25,-4.52) wbirth=(0.17,3.16,-0.38) ref=(0.00,3.00) leader=(0.00,0.00) fallbacks=0
[mpc_node-2] [INFO] [1783590808.892498059] [px4_0.mpc_node_0]: [d0] solve: status=0 time=0.18ms cost=0.1 pos=(-0.11,-0.11,-4.92) local=(-0.11,-0.03,-4.92) wbirth=(-0.00,-0.08,0.00) ref=(0.00,0.00) leader=(0.00,0.00) fallbacks=0
[mpc_node-5] [INFO] [1783590809.808667369] [px4_3.mpc_node_3]: [d3] solve: status=0 time=0.17ms cost=0.0 pos=(2.93,-0.01,-5.08) local=(-0.37,-0.00,-4.13) wbirth=(3.30,-0.01,-0.96) ref=(3.00,0.00) leader=(0.00,0.00) fallbacks=0
[mpc_node-4] [INFO] [1783590809.823081784] [px4_2.mpc_node_2]: [d2] solve: status=0 time=0.15ms cost=0.0 pos=(0.03,-3.00,-5.00) local=(0.32,0.02,-4.03) wbirth=(-0.29,-3.02,-0.97) ref=(0.00,-3.00) leader=(0.00,0.00) fallbacks=0
[mpc_node-6] [INFO] [1783590809.824889619] [px4_4.mpc_node_4]: [d4] solve: status=0 time=0.20ms cost=0.0 pos=(-3.09,-0.03,-4.93) local=(-0.35,-0.18,-4.47) wbirth=(-2.74,0.15,-0.46) ref=(-3.00,0.00) leader=(0.00,0.00) fallbacks=0
[mpc_node-3] [INFO] [1783590809.827506240] [px4_1.mpc_node_1]: [d1] solve: status=0 time=0.17ms cost=0.0 pos=(0.09,2.95,-4.98) local=(-0.08,-0.22,-4.60) wbirth=(0.17,3.16,-0.38) ref=(0.00,3.00) leader=(0.00,0.00) fallbacks=0
[mpc_node-2] [INFO] [1783590809.891601219] [px4_0.mpc_node_0]: [d0] solve: status=0 time=0.15ms cost=0.0 pos=(-0.09,-0.10,-4.94) local=(-0.09,-0.02,-4.94) wbirth=(-0.00,-0.08,0.00) ref=(0.00,0.00) leader=(0.00,0.00) fallbacks=0
[mpc_node-5] [INFO] [1783590810.808665002] [px4_3.mpc_node_3]: [d3] solve: status=0 time=0.17ms cost=0.1 pos=(2.96,0.01,-5.21) local=(-0.34,0.02,-4.05) wbirth=(3.30,-0.01,-1.16) ref=(3.00,0.00) leader=(0.00,0.00) fallbacks=0
[mpc_node-4] [INFO] [1783590810.823806704] [px4_2.mpc_node_2]: [d2] solve: status=0 time=0.18ms cost=0.0 pos=(0.01,-3.00,-4.96) local=(0.30,0.03,-3.99) wbirth=(-0.29,-3.02,-0.97) ref=(0.00,-3.00) leader=(0.00,0.00) fallbacks=0
[mpc_node-6] [INFO] [1783590810.825192836] [px4_4.mpc_node_4]: [d4] solve: status=0 time=0.14ms cost=0.0 pos=(-2.96,-0.03,-4.91) local=(-0.21,-0.18,-4.45) wbirth=(-2.74,0.15,-0.46) ref=(-3.00,0.00) leader=(0.00,0.00) fallbacks=0
[mpc_node-3] [INFO] [1783590810.828988619] [px4_1.mpc_node_1]: [d1] solve: status=0 time=0.20ms cost=0.0 pos=(0.13,3.04,-5.02) local=(-0.04,-0.13,-4.64) wbirth=(0.17,3.16,-0.38) ref=(0.00,3.00) leader=(0.00,0.00) fallbacks=0
[mpc_node-2] [INFO] [1783590810.892447847] [px4_0.mpc_node_0]: [d0] solve: status=0 time=0.17ms cost=0.0 pos=(-0.08,-0.09,-4.97) local=(-0.08,-0.02,-4.97) wbirth=(-0.00,-0.08,0.00) ref=(0.00,0.00) leader=(0.00,0.00) fallbacks=0
[mpc_node-5] [INFO] [1783590811.809265983] [px4_3.mpc_node_3]: [d3] solve: status=0 time=0.20ms cost=0.0 pos=(3.00,0.02,-5.10) local=(-0.29,0.03,-3.84) wbirth=(3.30,-0.01,-1.26) ref=(3.00,0.00) leader=(0.00,0.00) fallbacks=0
[mpc_node-4] [INFO] [1783590811.823109175] [px4_2.mpc_node_2]: [d2] solve: status=0 time=0.15ms cost=0.0 pos=(0.03,-3.01,-4.99) local=(0.32,0.01,-4.02) wbirth=(-0.29,-3.02,-0.97) ref=(0.00,-3.00) leader=(0.00,0.00) fallbacks=0
[mpc_node-6] [INFO] [1783590811.823975500] [px4_4.mpc_node_4]: [d4] solve: status=0 time=0.16ms cost=0.0 pos=(-2.94,-0.04,-4.95) local=(-0.19,-0.19,-4.49) wbirth=(-2.74,0.15,-0.46) ref=(-3.00,0.00) leader=(0.00,0.00) fallbacks=0
[mpc_node-3] [INFO] [1783590811.827327583] [px4_1.mpc_node_1]: [d1] solve: status=0 time=0.14ms cost=0.0 pos=(0.04,3.07,-5.00) local=(-0.13,-0.09,-4.62) wbirth=(0.17,3.16,-0.38) ref=(0.00,3.00) leader=(0.00,0.00) fallbacks=0
[mpc_node-2] [INFO] [1783590811.891591426] [px4_0.mpc_node_0]: [d0] solve: status=0 time=0.17ms cost=0.0 pos=(-0.01,-0.03,-5.01) local=(-0.01,0.05,-5.01) wbirth=(-0.00,-0.08,0.00) ref=(0.00,0.00) leader=(0.00,0.00) fallbacks=0
[mpc_node-5] [INFO] [1783590812.808919799] [px4_3.mpc_node_3]: [d3] solve: status=0 time=0.14ms cost=0.0 pos=(3.10,-0.01,-5.02) local=(-0.20,-0.00,-3.76) wbirth=(3.30,-0.01,-1.26) ref=(3.00,0.00) leader=(0.00,0.00) fallbacks=0
[mpc_node-4] [INFO] [1783590812.823752535] [px4_2.mpc_node_2]: [d2] solve: status=0 time=0.16ms cost=0.0 pos=(0.01,-3.03,-4.97) local=(0.30,-0.01,-4.00) wbirth=(-0.29,-3.02,-0.97) ref=(0.00,-3.00) leader=(0.00,0.00) fallbacks=0
[mpc_node-6] [INFO] [1783590812.824421934] [px4_4.mpc_node_4]: [d4] solve: status=0 time=0.17ms cost=0.0 pos=(-2.95,-0.01,-4.98) local=(-0.21,-0.16,-4.52) wbirth=(-2.74,0.15,-0.46) ref=(-3.00,0.00) leader=(0.00,0.00) fallbacks=0
[mpc_node-3] [INFO] [1783590812.827700223] [px4_1.mpc_node_1]: [d1] solve: status=0 time=0.17ms cost=0.0 pos=(0.04,3.07,-5.00) local=(-0.13,-0.09,-4.61) wbirth=(0.17,3.16,-0.38) ref=(0.00,3.00) leader=(0.00,0.00) fallbacks=0
[mpc_node-2] [INFO] [1783590812.892758661] [px4_0.mpc_node_0]: [d0] solve: status=0 time=0.39ms cost=0.0 pos=(0.02,0.04,-4.98) local=(0.02,0.12,-4.98) wbirth=(-0.00,-0.08,0.00) ref=(0.00,0.00) leader=(0.00,0.00) fallbacks=0
[mpc_node-5] [INFO] [1783590813.809449230] [px4_3.mpc_node_3]: [d3] solve: status=0 time=0.14ms cost=0.0 pos=(3.13,-0.01,-4.97) local=(-0.16,-0.01,-3.71) wbirth=(3.30,-0.01,-1.26) ref=(3.00,0.00) leader=(0.00,0.00) fallbacks=0
[mpc_node-4] [INFO] [1783590813.823079299] [px4_2.mpc_node_2]: [d2] solve: status=0 time=0.15ms cost=0.0 pos=(-0.07,-3.05,-4.98) local=(0.22,-0.03,-4.01) wbirth=(-0.29,-3.02,-0.97) ref=(0.00,-3.00) leader=(0.00,0.00) fallbacks=0
[mpc_node-6] [INFO] [1783590813.824527965] [px4_4.mpc_node_4]: [d4] solve: status=0 time=0.15ms cost=0.0 pos=(-2.94,0.03,-5.04) local=(-0.20,-0.12,-4.58) wbirth=(-2.74,0.15,-0.46) ref=(-3.00,0.00) leader=(0.00,0.00) fallbacks=0
[mpc_node-3] [INFO] [1783590813.827512921] [px4_1.mpc_node_1]: [d1] solve: status=0 time=0.18ms cost=0.0 pos=(-0.03,3.08,-4.99) local=(-0.20,-0.08,-4.61) wbirth=(0.17,3.16,-0.38) ref=(0.00,3.00) leader=(0.00,0.00) fallbacks=0
[mpc_node-2] [INFO] [1783590813.891471737] [px4_0.mpc_node_0]: [d0] solve: status=0 time=0.17ms cost=0.0 pos=(0.05,0.12,-4.93) local=(0.06,0.20,-4.93) wbirth=(-0.00,-0.08,0.00) ref=(0.00,0.00) leader=(0.00,0.00) fallbacks=0
[mpc_node-5] [INFO] [1783590814.808792615] [px4_3.mpc_node_3]: [d3] solve: status=0 time=0.14ms cost=0.0 pos=(3.07,-0.01,-5.03) local=(-0.22,-0.01,-3.77) wbirth=(3.30,-0.01,-1.26) ref=(3.00,0.00) leader=(0.00,0.00) fallbacks=0
[mpc_node-4] [INFO] [1783590814.823774385] [px4_2.mpc_node_2]: [d2] solve: status=0 time=0.18ms cost=0.0 pos=(-0.09,-2.95,-4.98) local=(0.20,0.07,-4.01) wbirth=(-0.29,-3.02,-0.97) ref=(0.00,-3.00) leader=(0.00,0.00) fallbacks=0
[mpc_node-6] [INFO] [1783590814.824068654] [px4_4.mpc_node_4]: [d4] solve: status=0 time=0.17ms cost=0.0 pos=(-2.95,0.06,-4.97) local=(-0.20,-0.09,-4.51) wbirth=(-2.74,0.15,-0.46) ref=(-3.00,0.00) leader=(0.00,0.00) fallbacks=0
[mpc_node-3] [INFO] [1783590814.827818100] [px4_1.mpc_node_1]: [d1] solve: status=0 time=0.18ms cost=0.0 pos=(-0.07,3.05,-4.98) local=(-0.24,-0.11,-4.60) wbirth=(0.17,3.16,-0.38) ref=(0.00,3.00) leader=(0.00,0.00) fallbacks=0
[mpc_node-2] [INFO] [1783590814.891894497] [px4_0.mpc_node_0]: [d0] solve: status=0 time=0.18ms cost=0.0 pos=(0.00,0.13,-4.96) local=(0.00,0.20,-4.96) wbirth=(-0.00,-0.08,0.00) ref=(0.00,0.00) leader=(0.00,0.00) fallbacks=0
[mpc_node-5] [INFO] [1783590815.808794872] [px4_3.mpc_node_3]: [d3] solve: status=0 time=0.17ms cost=0.0 pos=(2.98,-0.03,-5.02) local=(-0.32,-0.02,-3.76) wbirth=(3.30,-0.01,-1.26) ref=(3.00,0.00) leader=(0.00,0.00) fallbacks=0
[mpc_node-4] [INFO] [1783590815.823029004] [px4_2.mpc_node_2]: [d2] solve: status=0 time=0.15ms cost=0.0 pos=(-0.05,-2.95,-5.04) local=(0.24,0.07,-4.07) wbirth=(-0.29,-3.02,-0.97) ref=(0.00,-3.00) leader=(0.00,0.00) fallbacks=0
[mpc_node-6] [INFO] [1783590815.823999220] [px4_4.mpc_node_4]: [d4] solve: status=0 time=0.14ms cost=0.0 pos=(-3.08,0.07,-5.01) local=(-0.34,-0.08,-4.55) wbirth=(-2.74,0.15,-0.46) ref=(-3.00,0.00) leader=(0.00,0.00) fallbacks=0
[mpc_node-3] [INFO] [1783590815.827509939] [px4_1.mpc_node_1]: [d1] solve: status=0 time=0.14ms cost=0.0 pos=(-0.12,3.03,-4.94) local=(-0.29,-0.14,-4.56) wbirth=(0.17,3.16,-0.38) ref=(0.00,3.00) leader=(0.00,0.00) fallbacks=0
[mpc_node-2] [INFO] [1783590815.890643050] [px4_0.mpc_node_0]: [d0] solve: status=0 time=0.17ms cost=0.0 pos=(0.00,0.08,-5.00) local=(0.01,0.16,-5.00) wbirth=(-0.00,-0.08,0.00) ref=(0.00,0.00) leader=(0.00,0.00) fallbacks=0
[mpc_node-5] [INFO] [1783590816.809573627] [px4_3.mpc_node_3]: [d3] solve: status=0 time=0.16ms cost=0.0 pos=(2.96,-0.03,-4.95) local=(-0.34,-0.02,-3.69) wbirth=(3.30,-0.01,-1.26) ref=(3.00,0.00) leader=(0.00,0.00) fallbacks=0
[mpc_node-4] [INFO] [1783590816.822986089] [px4_2.mpc_node_2]: [d2] solve: status=0 time=0.18ms cost=0.0 pos=(0.01,-2.97,-4.99) local=(0.30,0.05,-4.02) wbirth=(-0.29,-3.02,-0.97) ref=(0.00,-3.00) leader=(0.00,0.00) fallbacks=0
[mpc_node-6] [INFO] [1783590816.824332892] [px4_4.mpc_node_4]: [d4] solve: status=0 time=0.20ms cost=0.0 pos=(-3.10,0.06,-4.99) local=(-0.35,-0.09,-4.53) wbirth=(-2.74,0.15,-0.46) ref=(-3.00,0.00) leader=(0.00,0.00) fallbacks=0
[mpc_node-3] [INFO] [1783590816.827792800] [px4_1.mpc_node_1]: [d1] solve: status=0 time=0.17ms cost=0.0 pos=(-0.05,2.93,-5.03) local=(-0.21,-0.24,-4.65) wbirth=(0.17,3.16,-0.38) ref=(0.00,3.00) leader=(0.00,0.00) fallbacks=0
[mpc_node-2] [INFO] [1783590816.891629076] [px4_0.mpc_node_0]: [d0] solve: status=0 time=0.21ms cost=0.0 pos=(-0.02,-0.00,-5.00) local=(-0.02,0.07,-5.00) wbirth=(-0.00,-0.08,0.00) ref=(0.00,0.00) leader=(0.00,0.00) fallbacks=0
[mpc_node-5] [INFO] [1783590817.809064106] [px4_3.mpc_node_3]: [d3] solve: status=0 time=0.16ms cost=0.0 pos=(2.92,0.03,-4.97) local=(-0.38,0.03,-3.71) wbirth=(3.30,-0.01,-1.26) ref=(3.00,0.00) leader=(0.00,0.00) fallbacks=0
[mpc_node-4] [INFO] [1783590817.823089644] [px4_2.mpc_node_2]: [d2] solve: status=0 time=0.18ms cost=0.0 pos=(0.07,-3.01,-4.98) local=(0.36,0.01,-4.01) wbirth=(-0.29,-3.02,-0.97) ref=(0.00,-3.00) leader=(0.00,0.00) fallbacks=0
[mpc_node-6] [INFO] [1783590817.825207982] [px4_4.mpc_node_4]: [d4] solve: status=0 time=0.22ms cost=0.0 pos=(-3.04,0.02,-5.01) local=(-0.29,-0.13,-4.55) wbirth=(-2.74,0.15,-0.46) ref=(-3.00,0.00) leader=(0.00,0.00) fallbacks=0
[mpc_node-3] [INFO] [1783590817.827423047] [px4_1.mpc_node_1]: [d1] solve: status=0 time=0.14ms cost=0.0 pos=(0.02,2.93,-5.06) local=(-0.15,-0.24,-4.68) wbirth=(0.17,3.16,-0.38) ref=(0.00,3.00) leader=(0.00,0.00) fallbacks=0
[mpc_node-2] [INFO] [1783590817.891856549] [px4_0.mpc_node_0]: [d0] solve: status=0 time=0.17ms cost=0.0 pos=(-0.04,-0.06,-4.97) local=(-0.04,0.01,-4.97) wbirth=(-0.00,-0.08,0.00) ref=(0.00,0.00) leader=(0.00,0.00) fallbacks=0
[mpc_node-5] [INFO] [1783590818.810412539] [px4_3.mpc_node_3]: [d3] solve: status=0 time=0.16ms cost=0.0 pos=(2.94,0.03,-4.96) local=(-0.35,0.03,-3.70) wbirth=(3.30,-0.01,-1.26) ref=(3.00,0.00) leader=(0.00,0.00) fallbacks=0
[mpc_node-6] [INFO] [1783590818.823964807] [px4_4.mpc_node_4]: [d4] solve: status=0 time=0.17ms cost=0.0 pos=(-2.99,-0.00,-5.04) local=(-0.25,-0.15,-4.58) wbirth=(-2.74,0.15,-0.46) ref=(-3.00,0.00) leader=(0.00,0.00) fallbacks=0
[mpc_node-4] [INFO] [1783590818.824183734] [px4_2.mpc_node_2]: [d2] solve: status=0 time=0.14ms cost=0.0 pos=(0.06,-2.99,-5.00) local=(0.35,0.03,-4.03) wbirth=(-0.29,-3.02,-0.97) ref=(0.00,-3.00) leader=(0.00,0.00) fallbacks=0
[mpc_node-3] [INFO] [1783590818.827459936] [px4_1.mpc_node_1]: [d1] solve: status=0 time=0.17ms cost=0.0 pos=(0.09,2.97,-5.03) local=(-0.08,-0.19,-4.65) wbirth=(0.17,3.16,-0.38) ref=(0.00,3.00) leader=(0.00,0.00) fallbacks=0
[mpc_node-2] [INFO] [1783590818.892088944] [px4_0.mpc_node_0]: [d0] solve: status=0 time=0.15ms cost=0.0 pos=(-0.04,-0.08,-4.92) local=(-0.03,-0.01,-4.92) wbirth=(-0.00,-0.08,0.00) ref=(0.00,0.00) leader=(0.00,0.00) fallbacks=0
[mpc_node-5] [INFO] [1783590819.808872896] [px4_3.mpc_node_3]: [d3] solve: status=0 time=0.17ms cost=0.0 pos=(2.97,0.05,-4.98) local=(-0.33,0.06,-3.72) wbirth=(3.30,-0.01,-1.26) ref=(3.00,0.00) leader=(0.00,0.00) fallbacks=0
[mpc_node-4] [INFO] [1783590819.823153962] [px4_2.mpc_node_2]: [d2] solve: status=0 time=0.15ms cost=0.0 pos=(0.01,-2.98,-4.99) local=(0.30,0.04,-4.02) wbirth=(-0.29,-3.02,-0.97) ref=(0.00,-3.00) leader=(0.00,0.00) fallbacks=0
[mpc_node-6] [INFO] [1783590819.824283469] [px4_4.mpc_node_4]: [d4] solve: status=0 time=0.15ms cost=0.0 pos=(-2.96,-0.05,-5.00) local=(-0.22,-0.20,-4.54) wbirth=(-2.74,0.15,-0.46) ref=(-3.00,0.00) leader=(0.00,0.00) fallbacks=0
[mpc_node-3] [INFO] [1783590819.827919178] [px4_1.mpc_node_1]: [d1] solve: status=0 time=0.14ms cost=0.0 pos=(0.05,2.99,-4.97) local=(-0.11,-0.17,-4.59) wbirth=(0.17,3.16,-0.38) ref=(0.00,3.00) leader=(0.00,0.00) fallbacks=0
[mpc_node-2] [INFO] [1783590819.891665233] [px4_0.mpc_node_0]: [d0] solve: status=0 time=0.14ms cost=0.0 pos=(-0.03,-0.06,-4.99) local=(-0.03,0.02,-4.99) wbirth=(-0.00,-0.08,0.00) ref=(0.00,0.00) leader=(0.00,0.00) fallbacks=0
[mpc_node-5] [INFO] [1783590820.808693528] [px4_3.mpc_node_3]: [d3] solve: status=0 time=0.17ms cost=0.0 pos=(3.01,-0.04,-5.03) local=(-0.28,-0.03,-3.77) wbirth=(3.30,-0.01,-1.26) ref=(3.00,0.00) leader=(0.00,0.00) fallbacks=0
[mpc_node-4] [INFO] [1783590820.822980119] [px4_2.mpc_node_2]: [d2] solve: status=0 time=0.18ms cost=0.0 pos=(-0.07,-3.00,-4.98) local=(0.22,0.02,-4.01) wbirth=(-0.29,-3.02,-0.97) ref=(0.00,-3.00) leader=(0.00,0.00) fallbacks=0
[mpc_node-6] [INFO] [1783590820.824188633] [px4_4.mpc_node_4]: [d4] solve: status=0 time=0.17ms cost=0.0 pos=(-3.00,-0.10,-4.98) local=(-0.26,-0.25,-4.52) wbirth=(-2.74,0.15,-0.46) ref=(-3.00,0.00) leader=(0.00,0.00) fallbacks=0
[mpc_node-3] [INFO] [1783590820.827397934] [px4_1.mpc_node_1]: [d1] solve: status=0 time=0.17ms cost=0.0 pos=(-0.05,3.04,-4.96) local=(-0.22,-0.13,-4.57) wbirth=(0.17,3.16,-0.38) ref=(0.00,3.00) leader=(0.00,0.00) fallbacks=0
[mpc_node-2] [INFO] [1783590820.891628566] [px4_0.mpc_node_0]: [d0] solve: status=0 time=0.17ms cost=0.0 pos=(0.04,-0.05,-5.03) local=(0.05,0.03,-5.03) wbirth=(-0.00,-0.08,0.00) ref=(0.00,0.00) leader=(0.00,0.00) fallbacks=0
[mpc_node-5] [INFO] [1783590821.810072856] [px4_3.mpc_node_3]: [d3] solve: status=0 time=0.20ms cost=0.0 pos=(3.02,-0.03,-5.06) local=(-0.28,-0.03,-3.80) wbirth=(3.30,-0.01,-1.26) ref=(3.00,0.00) leader=(0.00,0.00) fallbacks=0
[mpc_node-4] [INFO] [1783590821.823159349] [px4_2.mpc_node_2]: [d2] solve: status=0 time=0.18ms cost=0.0 pos=(-0.07,-3.01,-5.02) local=(0.22,0.01,-4.05) wbirth=(-0.29,-3.02,-0.97) ref=(0.00,-3.00) leader=(0.00,0.00) fallbacks=0
[mpc_node-6] [INFO] [1783590821.824465265] [px4_4.mpc_node_4]: [d4] solve: status=0 time=0.14ms cost=0.0 pos=(-3.00,-0.06,-5.01) local=(-0.25,-0.21,-4.55) wbirth=(-2.74,0.15,-0.46) ref=(-3.00,0.00) leader=(0.00,0.00) fallbacks=0
[mpc_node-3] [INFO] [1783590821.827635727] [px4_1.mpc_node_1]: [d1] solve: status=0 time=0.17ms cost=0.0 pos=(-0.05,3.04,-4.98) local=(-0.22,-0.13,-4.60) wbirth=(0.17,3.16,-0.38) ref=(0.00,3.00) leader=(0.00,0.00) fallbacks=0
[mpc_node-2] [INFO] [1783590821.891732769] [px4_0.mpc_node_0]: [d0] solve: status=0 time=0.17ms cost=0.0 pos=(0.07,0.01,-5.07) local=(0.07,0.09,-5.07) wbirth=(-0.00,-0.08,0.00) ref=(0.00,0.00) leader=(0.00,0.00) fallbacks=0
[mpc_node-5] [INFO] [1783590822.810426123] [px4_3.mpc_node_3]: [d3] solve: status=0 time=0.14ms cost=0.0 pos=(2.99,-0.00,-5.01) local=(-0.30,0.00,-3.75) wbirth=(3.30,-0.01,-1.26) ref=(3.00,0.00) leader=(0.00,0.00) fallbacks=0
[mpc_node-4] [INFO] [1783590822.823102370] [px4_2.mpc_node_2]: [d2] solve: status=0 time=0.18ms cost=0.0 pos=(-0.01,-3.03,-4.97) local=(0.28,-0.01,-4.00) wbirth=(-0.29,-3.02,-0.97) ref=(0.00,-3.00) leader=(0.00,0.00) fallbacks=0
[mpc_node-6] [INFO] [1783590822.824099009] [px4_4.mpc_node_4]: [d4] solve: status=0 time=0.17ms cost=0.0 pos=(-2.95,-0.06,-4.95) local=(-0.20,-0.21,-4.49) wbirth=(-2.74,0.15,-0.46) ref=(-3.00,0.00) leader=(0.00,0.00) fallbacks=0
[mpc_node-3] [INFO] [1783590822.827610424] [px4_1.mpc_node_1]: [d1] solve: status=0 time=0.18ms cost=0.0 pos=(-0.03,3.04,-4.98) local=(-0.20,-0.12,-4.60) wbirth=(0.17,3.16,-0.38) ref=(0.00,3.00) leader=(0.00,0.00) fallbacks=0
[mpc_node-2] [INFO] [1783590822.890993398] [px4_0.mpc_node_0]: [d0] solve: status=0 time=0.15ms cost=0.0 pos=(0.07,0.06,-5.04) local=(0.08,0.14,-5.04) wbirth=(-0.00,-0.08,0.00) ref=(0.00,0.00) leader=(0.00,0.00) fallbacks=0
[mpc_node-5] [INFO] [1783590823.808698146] [px4_3.mpc_node_3]: [d3] solve: status=0 time=0.17ms cost=0.0 pos=(3.01,-0.01,-5.01) local=(-0.29,-0.01,-3.75) wbirth=(3.30,-0.01,-1.26) ref=(3.00,0.00) leader=(0.00,0.00) fallbacks=0
[mpc_node-4] [INFO] [1783590823.823955848] [px4_2.mpc_node_2]: [d2] solve: status=0 time=0.17ms cost=0.0 pos=(0.06,-2.98,-5.01) local=(0.35,0.04,-4.04) wbirth=(-0.29,-3.02,-0.97) ref=(0.00,-3.00) leader=(0.00,0.00) fallbacks=0
[mpc_node-6] [INFO] [1783590823.824715034] [px4_4.mpc_node_4]: [d4] solve: status=0 time=0.14ms cost=0.0 pos=(-2.97,-0.02,-4.94) local=(-0.23,-0.17,-4.48) wbirth=(-2.74,0.15,-0.46) ref=(-3.00,0.00) leader=(0.00,0.00) fallbacks=0
[mpc_node-3] [INFO] [1783590823.827470532] [px4_1.mpc_node_1]: [d1] solve: status=0 time=0.14ms cost=0.0 pos=(-0.05,3.04,-4.94) local=(-0.22,-0.13,-4.56) wbirth=(0.17,3.16,-0.38) ref=(0.00,3.00) leader=(0.00,0.00) fallbacks=0
[mpc_node-2] [INFO] [1783590823.892061050] [px4_0.mpc_node_0]: [d0] solve: status=0 time=0.18ms cost=0.0 pos=(-0.02,0.08,-5.05) local=(-0.02,0.16,-5.05) wbirth=(-0.00,-0.08,0.00) ref=(0.00,0.00) leader=(0.00,0.00) fallbacks=0
[mpc_node-5] [INFO] [1783590824.808759004] [px4_3.mpc_node_3]: [d3] solve: status=0 time=0.14ms cost=0.0 pos=(3.03,-0.01,-5.01) local=(-0.26,-0.01,-3.75) wbirth=(3.30,-0.01,-1.26) ref=(3.00,0.00) leader=(0.00,0.00) fallbacks=0
[mpc_node-4] [INFO] [1783590824.823219755] [px4_2.mpc_node_2]: [d2] solve: status=0 time=0.15ms cost=0.0 pos=(0.05,-2.97,-5.03) local=(0.34,0.06,-4.06) wbirth=(-0.29,-3.02,-0.97) ref=(0.00,-3.00) leader=(0.00,0.00) fallbacks=0
[mpc_node-6] [INFO] [1783590824.824981732] [px4_4.mpc_node_4]: [d4] solve: status=0 time=0.20ms cost=0.0 pos=(-2.96,0.04,-5.03) local=(-0.22,-0.11,-4.57) wbirth=(-2.74,0.15,-0.46) ref=(-3.00,0.00) leader=(0.00,0.00) fallbacks=0
[mpc_node-3] [INFO] [1783590824.828381556] [px4_1.mpc_node_1]: [d1] solve: status=0 time=0.17ms cost=0.0 pos=(-0.09,3.02,-5.01) local=(-0.26,-0.14,-4.63) wbirth=(0.17,3.16,-0.38) ref=(0.00,3.00) leader=(0.00,0.00) fallbacks=0
[mpc_node-2] [INFO] [1783590824.891613229] [px4_0.mpc_node_0]: [d0] solve: status=0 time=0.15ms cost=0.0 pos=(-0.03,0.07,-5.01) local=(-0.03,0.15,-5.01) wbirth=(-0.00,-0.08,0.00) ref=(0.00,0.00) leader=(0.00,0.00) fallbacks=0
[mpc_node-5] [INFO] [1783590825.810662466] [px4_3.mpc_node_3]: [d3] solve: status=0 time=0.14ms cost=0.0 pos=(3.06,-0.00,-4.99) local=(-0.24,0.00,-3.73) wbirth=(3.30,-0.01,-1.26) ref=(3.00,0.00) leader=(0.00,0.00) fallbacks=0
[mpc_node-4] [INFO] [1783590825.823350459] [px4_2.mpc_node_2]: [d2] solve: status=0 time=0.22ms cost=0.0 pos=(0.02,-2.97,-5.05) local=(0.31,0.05,-4.08) wbirth=(-0.29,-3.02,-0.97) ref=(0.00,-3.00) leader=(0.00,0.00) fallbacks=0
[mpc_node-6] [INFO] [1783590825.824328867] [px4_4.mpc_node_4]: [d4] solve: status=0 time=0.17ms cost=0.0 pos=(-2.94,0.02,-5.00) local=(-0.19,-0.13,-4.54) wbirth=(-2.74,0.15,-0.46) ref=(-3.00,0.00) leader=(0.00,0.00) fallbacks=0
[mpc_node-3] [INFO] [1783590825.827316152] [px4_1.mpc_node_1]: [d1] solve: status=0 time=0.17ms cost=0.0 pos=(0.01,2.96,-5.01) local=(-0.15,-0.21,-4.63) wbirth=(0.17,3.16,-0.38) ref=(0.00,3.00) leader=(0.00,0.00) fallbacks=0
[mpc_node-2] [INFO] [1783590825.891246061] [px4_0.mpc_node_0]: [d0] solve: status=0 time=0.14ms cost=0.0 pos=(-0.06,0.03,-5.06) local=(-0.06,0.10,-5.06) wbirth=(-0.00,-0.08,0.00) ref=(0.00,0.00) leader=(0.00,0.00) fallbacks=0
[mpc_node-5] [INFO] [1783590826.810341453] [px4_3.mpc_node_3]: [d3] solve: status=0 time=0.14ms cost=0.0 pos=(3.02,-0.01,-4.97) local=(-0.28,-0.00,-3.72) wbirth=(3.30,-0.01,-1.26) ref=(3.00,0.00) leader=(0.00,0.00) fallbacks=0
[mpc_node-4] [INFO] [1783590826.822919153] [px4_2.mpc_node_2]: [d2] solve: status=0 time=0.15ms cost=0.0 pos=(-0.03,-3.01,-5.00) local=(0.26,0.01,-4.03) wbirth=(-0.29,-3.02,-0.97) ref=(0.00,-3.00) leader=(0.00,0.00) fallbacks=0
[mpc_node-6] [INFO] [1783590826.824465735] [px4_4.mpc_node_4]: [d4] solve: status=0 time=0.20ms cost=0.0 pos=(-2.97,0.08,-5.02) local=(-0.22,-0.07,-4.56) wbirth=(-2.74,0.15,-0.46) ref=(-3.00,0.00) leader=(0.00,0.00) fallbacks=0
[mpc_node-3] [INFO] [1783590826.827184308] [px4_1.mpc_node_1]: [d1] solve: status=0 time=0.17ms cost=0.0 pos=(0.09,2.91,-5.04) local=(-0.08,-0.26,-4.65) wbirth=(0.17,3.16,-0.38) ref=(0.00,3.00) leader=(0.00,0.00) fallbacks=0
[mpc_node-2] [INFO] [1783590826.891085489] [px4_0.mpc_node_0]: [d0] solve: status=0 time=0.15ms cost=0.0 pos=(-0.11,-0.03,-5.00) local=(-0.11,0.04,-5.00) wbirth=(-0.00,-0.08,0.00) ref=(0.00,0.00) leader=(0.00,0.00) fallbacks=0
[mpc_node-5] [INFO] [1783590827.810704487] [px4_3.mpc_node_3]: [d3] solve: status=0 time=0.20ms cost=0.0 pos=(3.01,-0.02,-4.98) local=(-0.29,-0.01,-3.72) wbirth=(3.30,-0.01,-1.26) ref=(3.00,0.00) leader=(0.00,0.00) fallbacks=0
[mpc_node-4] [INFO] [1783590827.823715691] [px4_2.mpc_node_2]: [d2] solve: status=0 time=0.34ms cost=0.0 pos=(-0.01,-3.09,-5.04) local=(0.28,-0.06,-4.07) wbirth=(-0.29,-3.02,-0.97) ref=(0.00,-3.00) leader=(0.00,0.00) fallbacks=0
[mpc_node-6] [INFO] [1783590827.825506140] [px4_4.mpc_node_4]: [d4] solve: status=0 time=0.21ms cost=0.0 pos=(-3.08,0.09,-4.98) local=(-0.34,-0.06,-4.52) wbirth=(-2.74,0.15,-0.46) ref=(-3.00,0.00) leader=(0.00,0.00) fallbacks=0
[mpc_node-3] [INFO] [1783590827.827352303] [px4_1.mpc_node_1]: [d1] solve: status=0 time=0.14ms cost=0.0 pos=(0.11,2.92,-5.03) local=(-0.06,-0.24,-4.65) wbirth=(0.17,3.16,-0.38) ref=(0.00,3.00) leader=(0.00,0.00) fallbacks=0
[mpc_node-2] [INFO] [1783590827.891600777] [px4_0.mpc_node_0]: [d0] solve: status=0 time=0.18ms cost=0.0 pos=(-0.11,-0.09,-5.01) local=(-0.11,-0.01,-5.01) wbirth=(-0.00,-0.08,0.00) ref=(0.00,0.00) leader=(0.00,0.00) fallbacks=0
[mpc_node-5] [INFO] [1783590828.809236663] [px4_3.mpc_node_3]: [d3] solve: status=0 time=0.17ms cost=0.1 pos=(2.85,-0.03,-4.96) local=(-0.44,-0.02,-3.70) wbirth=(3.30,-0.01,-1.26) ref=(3.00,0.00) leader=(0.00,0.00) fallbacks=0
[mpc_node-4] [INFO] [1783590828.823425963] [px4_2.mpc_node_2]: [d2] solve: status=0 time=0.18ms cost=0.0 pos=(0.02,-3.04,-4.98) local=(0.31,-0.01,-4.01) wbirth=(-0.29,-3.02,-0.97) ref=(0.00,-3.00) leader=(0.00,0.00) fallbacks=0
[mpc_node-6] [INFO] [1783590828.824872901] [px4_4.mpc_node_4]: [d4] solve: status=0 time=0.17ms cost=0.0 pos=(-3.12,0.10,-5.00) local=(-0.38,-0.05,-4.54) wbirth=(-2.74,0.15,-0.46) ref=(-3.00,0.00) leader=(0.00,0.00) fallbacks=0
[mpc_node-3] [INFO] [1783590828.827683211] [px4_1.mpc_node_1]: [d1] solve: status=0 time=0.17ms cost=0.0 pos=(0.08,2.97,-5.02) local=(-0.09,-0.19,-4.64) wbirth=(0.17,3.16,-0.38) ref=(0.00,3.00) leader=(0.00,0.00) fallbacks=0
[mpc_node-2] [INFO] [1783590828.891626370] [px4_0.mpc_node_0]: [d0] solve: status=0 time=0.17ms cost=0.0 pos=(-0.06,-0.09,-4.99) local=(-0.06,-0.01,-4.99) wbirth=(-0.00,-0.08,0.00) ref=(0.00,0.00) leader=(0.00,0.00) fallbacks=0
[mpc_node-5] [INFO] [1783590829.810245761] [px4_3.mpc_node_3]: [d3] solve: status=0 time=0.17ms cost=0.0 pos=(2.91,0.01,-5.00) local=(-0.39,0.01,-3.75) wbirth=(3.30,-0.01,-1.26) ref=(3.00,0.00) leader=(0.00,0.00) fallbacks=0
[mpc_node-4] [INFO] [1783590829.823391976] [px4_2.mpc_node_2]: [d2] solve: status=0 time=0.21ms cost=0.0 pos=(-0.08,-2.94,-5.01) local=(0.21,0.08,-4.04) wbirth=(-0.29,-3.02,-0.97) ref=(0.00,-3.00) leader=(0.00,0.00) fallbacks=0
[mpc_node-6] [INFO] [1783590829.824086697] [px4_4.mpc_node_4]: [d4] solve: status=0 time=0.17ms cost=0.0 pos=(-3.15,0.04,-5.03) local=(-0.40,-0.11,-4.57) wbirth=(-2.74,0.15,-0.46) ref=(-3.00,0.00) leader=(0.00,0.00) fallbacks=0
[mpc_node-3] [INFO] [1783590829.827557193] [px4_1.mpc_node_1]: [d1] solve: status=0 time=0.17ms cost=0.0 pos=(0.01,3.05,-5.02) local=(-0.16,-0.12,-4.64) wbirth=(0.17,3.16,-0.38) ref=(0.00,3.00) leader=(0.00,0.00) fallbacks=0
[mpc_node-2] [INFO] [1783590829.891905053] [px4_0.mpc_node_0]: [d0] solve: status=0 time=0.20ms cost=0.1 pos=(0.12,-0.06,-4.93) local=(0.12,0.01,-4.93) wbirth=(-0.00,-0.08,0.00) ref=(0.00,0.00) leader=(0.00,0.00) fallbacks=0
[mpc_node-5] [INFO] [1783590830.809234331] [px4_3.mpc_node_3]: [d3] solve: status=0 time=0.14ms cost=0.0 pos=(2.92,0.05,-5.00) local=(-0.38,0.05,-3.74) wbirth=(3.30,-0.01,-1.26) ref=(3.00,0.00) leader=(0.00,0.00) fallbacks=0
[mpc_node-4] [INFO] [1783590830.823145225] [px4_2.mpc_node_2]: [d2] solve: status=0 time=0.18ms cost=0.0 pos=(-0.05,-2.90,-4.98) local=(0.24,0.12,-4.01) wbirth=(-0.29,-3.02,-0.97) ref=(0.00,-3.00) leader=(0.00,0.00) fallbacks=0
[mpc_node-6] [INFO] [1783590830.824781798] [px4_4.mpc_node_4]: [d4] solve: status=0 time=0.17ms cost=0.0 pos=(-3.05,-0.00,-5.00) local=(-0.31,-0.15,-4.54) wbirth=(-2.74,0.15,-0.46) ref=(-3.00,0.00) leader=(0.00,0.00) fallbacks=0
[mpc_node-3] [INFO] [1783590830.827394304] [px4_1.mpc_node_1]: [d1] solve: status=0 time=0.17ms cost=0.0 pos=(-0.01,3.09,-4.98) local=(-0.18,-0.08,-4.60) wbirth=(0.17,3.16,-0.38) ref=(0.00,3.00) leader=(0.00,0.00) fallbacks=0
[mpc_node-2] [INFO] [1783590830.891308485] [px4_0.mpc_node_0]: [d0] solve: status=0 time=0.14ms cost=0.1 pos=(0.16,-0.01,-4.97) local=(0.16,0.07,-4.97) wbirth=(-0.00,-0.08,0.00) ref=(0.00,0.00) leader=(0.00,0.00) fallbacks=0
[mpc_node-5] [INFO] [1783590831.809065973] [px4_3.mpc_node_3]: [d3] solve: status=0 time=0.14ms cost=0.0 pos=(3.06,0.02,-5.02) local=(-0.24,0.02,-3.76) wbirth=(3.30,-0.01,-1.26) ref=(3.00,0.00) leader=(0.00,0.00) fallbacks=0
[mpc_node-4] [INFO] [1783590831.823639343] [px4_2.mpc_node_2]: [d2] solve: status=0 time=0.15ms cost=0.0 pos=(-0.01,-2.95,-5.03) local=(0.28,0.07,-4.06) wbirth=(-0.29,-3.02,-0.97) ref=(0.00,-3.00) leader=(0.00,0.00) fallbacks=0
[mpc_node-6] [INFO] [1783590831.825056157] [px4_4.mpc_node_4]: [d4] solve: status=0 time=0.17ms cost=0.0 pos=(-2.96,-0.02,-5.00) local=(-0.21,-0.17,-4.54) wbirth=(-2.74,0.15,-0.46) ref=(-3.00,0.00) leader=(0.00,0.00) fallbacks=0
[mpc_node-3] [INFO] [1783590831.828108639] [px4_1.mpc_node_1]: [d1] solve: status=0 time=0.19ms cost=0.0 pos=(-0.04,3.08,-5.01) local=(-0.21,-0.08,-4.62) wbirth=(0.17,3.16,-0.38) ref=(0.00,3.00) leader=(0.00,0.00) fallbacks=0
[mpc_node-2] [INFO] [1783590831.891000902] [px4_0.mpc_node_0]: [d0] solve: status=0 time=0.17ms cost=0.1 pos=(0.15,0.10,-4.97) local=(0.16,0.18,-4.97) wbirth=(-0.00,-0.08,0.00) ref=(0.00,0.00) leader=(0.00,0.00) fallbacks=0
[mpc_node-5] [INFO] [1783590832.809425332] [px4_3.mpc_node_3]: [d3] solve: status=0 time=0.19ms cost=0.0 pos=(3.09,0.01,-5.03) local=(-0.21,0.02,-3.77) wbirth=(3.30,-0.01,-1.26) ref=(3.00,0.00) leader=(0.00,0.00) fallbacks=0
[mpc_node-4] [INFO] [1783590832.823028721] [px4_2.mpc_node_2]: [d2] solve: status=0 time=0.15ms cost=0.0 pos=(0.04,-3.02,-4.98) local=(0.33,0.00,-4.01) wbirth=(-0.29,-3.02,-0.97) ref=(0.00,-3.00) leader=(0.00,0.00) fallbacks=0
[mpc_node-6] [INFO] [1783590832.824743337] [px4_4.mpc_node_4]: [d4] solve: status=0 time=0.14ms cost=0.0 pos=(-2.88,-0.01,-4.97) local=(-0.14,-0.16,-4.51) wbirth=(-2.74,0.15,-0.46) ref=(-3.00,0.00) leader=(0.00,0.00) fallbacks=0
[mpc_node-3] [INFO] [1783590832.827328075] [px4_1.mpc_node_1]: [d1] solve: status=0 time=0.17ms cost=0.0 pos=(-0.03,2.98,-5.02) local=(-0.20,-0.18,-4.63) wbirth=(0.17,3.16,-0.38) ref=(0.00,3.00) leader=(0.00,0.00) fallbacks=0
[mpc_node-2] [INFO] [1783590832.893219458] [px4_0.mpc_node_0]: [d0] solve: status=0 time=0.16ms cost=0.0 pos=(-0.01,0.05,-4.98) local=(-0.01,0.13,-4.98) wbirth=(-0.00,-0.08,0.00) ref=(0.00,0.00) leader=(0.00,0.00) fallbacks=0
[mpc_node-5] [INFO] [1783590833.810682425] [px4_3.mpc_node_3]: [d3] solve: status=0 time=0.20ms cost=0.0 pos=(3.13,-0.02,-4.99) local=(-0.17,-0.01,-3.73) wbirth=(3.30,-0.01,-1.26) ref=(3.00,0.00) leader=(0.00,0.00) fallbacks=0
[mpc_node-4] [INFO] [1783590833.824146415] [px4_2.mpc_node_2]: [d2] solve: status=0 time=0.18ms cost=0.0 pos=(0.03,-3.05,-4.94) local=(0.32,-0.03,-3.97) wbirth=(-0.29,-3.02,-0.97) ref=(0.00,-3.00) leader=(0.00,0.00) fallbacks=0
[mpc_node-6] [INFO] [1783590833.824453594] [px4_4.mpc_node_4]: [d4] solve: status=0 time=0.29ms cost=0.0 pos=(-2.88,-0.00,-5.01) local=(-0.13,-0.15,-4.55) wbirth=(-2.74,0.15,-0.46) ref=(-3.00,0.00) leader=(0.00,0.00) fallbacks=0
[mpc_node-3] [INFO] [1783590833.828240416] [px4_1.mpc_node_1]: [d1] solve: status=0 time=0.17ms cost=0.0 pos=(-0.09,2.99,-4.95) local=(-0.26,-0.18,-4.57) wbirth=(0.17,3.16,-0.38) ref=(0.00,3.00) leader=(0.00,0.00) fallbacks=0
[mpc_node-2] [INFO] [1783590833.891667149] [px4_0.mpc_node_0]: [d0] solve: status=0 time=0.15ms cost=0.0 pos=(-0.09,0.01,-4.93) local=(-0.09,0.08,-4.93) wbirth=(-0.00,-0.08,0.00) ref=(0.00,0.00) leader=(0.00,0.00) fallbacks=0
[mpc_node-5] [INFO] [1783590834.808845455] [px4_3.mpc_node_3]: [d3] solve: status=0 time=0.17ms cost=0.0 pos=(3.07,-0.02,-4.97) local=(-0.23,-0.01,-3.71) wbirth=(3.30,-0.01,-1.26) ref=(3.00,0.00) leader=(0.00,0.00) fallbacks=0
[mpc_node-4] [INFO] [1783590834.824332142] [px4_2.mpc_node_2]: [d2] solve: status=0 time=0.21ms cost=0.0 pos=(0.05,-3.09,-5.01) local=(0.34,-0.07,-4.04) wbirth=(-0.29,-3.02,-0.97) ref=(0.00,-3.00) leader=(0.00,0.00) fallbacks=0
[mpc_node-6] [INFO] [1783590834.825350957] [px4_4.mpc_node_4]: [d4] solve: status=0 time=0.17ms cost=0.0 pos=(-2.96,-0.01,-4.96) local=(-0.21,-0.16,-4.50) wbirth=(-2.74,0.15,-0.46) ref=(-3.00,0.00) leader=(0.00,0.00) fallbacks=0
[mpc_node-3] [INFO] [1783590834.827818204] [px4_1.mpc_node_1]: [d1] solve: status=0 time=0.17ms cost=0.0 pos=(-0.07,3.00,-4.93) local=(-0.24,-0.16,-4.55) wbirth=(0.17,3.16,-0.38) ref=(0.00,3.00) leader=(0.00,0.00) fallbacks=0
[mpc_node-2] [INFO] [1783590834.891111634] [px4_0.mpc_node_0]: [d0] solve: status=0 time=0.14ms cost=0.0 pos=(-0.08,-0.08,-4.94) local=(-0.08,-0.01,-4.94) wbirth=(-0.00,-0.08,0.00) ref=(0.00,0.00) leader=(0.00,0.00) fallbacks=0
[mpc_node-5] [INFO] [1783590835.808829650] [px4_3.mpc_node_3]: [d3] solve: status=0 time=0.18ms cost=0.0 pos=(2.96,-0.02,-4.96) local=(-0.34,-0.01,-3.71) wbirth=(3.30,-0.01,-1.26) ref=(3.00,0.00) leader=(0.00,0.00) fallbacks=0
[mpc_node-4] [INFO] [1783590835.823990971] [px4_2.mpc_node_2]: [d2] solve: status=0 time=0.15ms cost=0.0 pos=(0.02,-3.12,-4.97) local=(0.31,-0.10,-4.00) wbirth=(-0.29,-3.02,-0.97) ref=(0.00,-3.00) leader=(0.00,0.00) fallbacks=0
[mpc_node-6] [INFO] [1783590835.824232819] [px4_4.mpc_node_4]: [d4] solve: status=0 time=0.17ms cost=0.0 pos=(-3.07,-0.03,-4.94) local=(-0.32,-0.18,-4.47) wbirth=(-2.74,0.15,-0.46) ref=(-3.00,0.00) leader=(0.00,0.00) fallbacks=0
[mpc_node-3] [INFO] [1783590835.828227413] [px4_1.mpc_node_1]: [d1] solve: status=0 time=0.17ms cost=0.0 pos=(0.01,2.98,-5.00) local=(-0.16,-0.18,-4.62) wbirth=(0.17,3.16,-0.38) ref=(0.00,3.00) leader=(0.00,0.00) fallbacks=0
[mpc_node-2] [INFO] [1783590835.891999119] [px4_0.mpc_node_0]: [d0] solve: status=0 time=0.15ms cost=0.0 pos=(-0.09,-0.09,-5.03) local=(-0.09,-0.01,-5.03) wbirth=(-0.00,-0.08,0.00) ref=(0.00,0.00) leader=(0.00,0.00) fallbacks=0
[leader_node-1] [INFO] [1783590836.653110430] [leader_node]: formation ready — starting leader motion at t=41.2s
[leader_node-1] [INFO] [1783590836.653264856] [leader_node]: Yaw aligned to 0.0°, starting line motion
[mpc_node-5] [INFO] [1783590836.809662814] [px4_3.mpc_node_3]: [d3] solve: status=0 time=0.29ms cost=0.6 pos=(2.95,0.03,-5.00) local=(-0.35,0.04,-3.74) wbirth=(3.30,-0.01,-1.26) ref=(3.14,0.00) leader=(0.14,0.00) fallbacks=0
[mpc_node-6] [INFO] [1783590836.824045355] [px4_4.mpc_node_4]: [d4] solve: status=0 time=0.20ms cost=0.8 pos=(-3.14,-0.04,-5.04) local=(-0.40,-0.19,-4.58) wbirth=(-2.74,0.15,-0.46) ref=(-2.84,0.00) leader=(0.16,0.00) fallbacks=0
[mpc_node-4] [INFO] [1783590836.824288449] [px4_2.mpc_node_2]: [d2] solve: status=0 time=0.26ms cost=0.5 pos=(-0.01,-3.07,-4.97) local=(0.28,-0.05,-4.00) wbirth=(-0.29,-3.02,-0.97) ref=(0.16,-3.00) leader=(0.16,0.00) fallbacks=0
[mpc_node-3] [INFO] [1783590836.828374859] [px4_1.mpc_node_1]: [d1] solve: status=0 time=0.23ms cost=0.4 pos=(0.01,2.98,-5.03) local=(-0.15,-0.19,-4.65) wbirth=(0.17,3.16,-0.38) ref=(0.16,3.00) leader=(0.16,0.00) fallbacks=0
[mpc_node-2] [INFO] [1783590836.892897060] [px4_0.mpc_node_0]: [d0] solve: status=0 time=0.31ms cost=0.7 pos=(-0.07,0.01,-5.06) local=(-0.07,0.09,-5.06) wbirth=(-0.00,-0.08,0.00) ref=(0.22,0.00) leader=(0.22,0.00) fallbacks=0
[mpc_node-5] [INFO] [1783590837.811893216] [px4_3.mpc_node_3]: [d3] solve: status=0 time=0.23ms cost=3.5 pos=(3.02,0.02,-5.00) local=(-0.27,0.03,-3.75) wbirth=(3.30,-0.01,-1.26) ref=(4.14,0.00) leader=(1.14,0.00) fallbacks=0
[mpc_node-4] [INFO] [1783590837.823651062] [px4_2.mpc_node_2]: [d2] solve: status=0 time=0.20ms cost=2.9 pos=(0.15,-3.02,-5.02) local=(0.44,0.00,-4.05) wbirth=(-0.29,-3.02,-0.97) ref=(1.16,-3.00) leader=(1.16,0.00) fallbacks=0
[mpc_node-6] [INFO] [1783590837.825641082] [px4_4.mpc_node_4]: [d4] solve: status=0 time=0.26ms cost=3.2 pos=(-2.93,-0.04,-4.98) local=(-0.18,-0.19,-4.52) wbirth=(-2.74,0.15,-0.46) ref=(-1.84,0.00) leader=(1.16,0.00) fallbacks=0
[mpc_node-3] [INFO] [1783590837.828403038] [px4_1.mpc_node_1]: [d1] solve: status=0 time=0.23ms cost=2.8 pos=(0.16,2.96,-4.96) local=(-0.01,-0.21,-4.58) wbirth=(0.17,3.16,-0.38) ref=(1.16,3.00) leader=(1.16,0.00) fallbacks=0
[mpc_node-2] [INFO] [1783590837.892552976] [px4_0.mpc_node_0]: [d0] solve: status=0 time=0.21ms cost=3.0 pos=(0.15,0.06,-5.01) local=(0.15,0.14,-5.01) wbirth=(-0.00,-0.08,0.00) ref=(1.22,0.00) leader=(1.22,0.00) fallbacks=0
[mpc_node-5] [INFO] [1783590838.809333707] [px4_3.mpc_node_3]: [d3] solve: status=0 time=0.20ms cost=6.8 pos=(3.43,-0.01,-5.01) local=(0.14,-0.00,-3.75) wbirth=(3.30,-0.01,-1.26) ref=(5.14,0.00) leader=(2.14,0.00) fallbacks=0
[mpc_node-4] [INFO] [1783590838.823109862] [px4_2.mpc_node_2]: [d2] solve: status=0 time=0.21ms cost=5.7 pos=(0.59,-2.99,-5.06) local=(0.88,0.03,-4.09) wbirth=(-0.29,-3.02,-0.97) ref=(2.16,-3.00) leader=(2.16,0.00) fallbacks=0
[mpc_node-6] [INFO] [1783590838.824390206] [px4_4.mpc_node_4]: [d4] solve: status=0 time=0.23ms cost=5.3 pos=(-2.37,-0.05,-5.01) local=(0.37,-0.20,-4.55) wbirth=(-2.74,0.15,-0.46) ref=(-0.84,0.00) leader=(2.16,0.00) fallbacks=0
[mpc_node-3] [INFO] [1783590838.828491775] [px4_1.mpc_node_1]: [d1] solve: status=0 time=0.29ms cost=4.9 pos=(0.68,2.95,-5.01) local=(0.51,-0.22,-4.63) wbirth=(0.17,3.16,-0.38) ref=(2.16,3.00) leader=(2.16,0.00) fallbacks=0
[mpc_node-2] [INFO] [1783590838.891291855] [px4_0.mpc_node_0]: [d0] solve: status=0 time=0.22ms cost=5.0 pos=(0.72,0.05,-5.03) local=(0.72,0.13,-5.03) wbirth=(-0.00,-0.08,0.00) ref=(2.22,0.00) leader=(2.22,0.00) fallbacks=0
[mpc_node-5] [INFO] [1783590839.809116243] [px4_3.mpc_node_3]: [d3] solve: status=0 time=0.19ms cost=8.2 pos=(4.17,-0.06,-5.00) local=(0.87,-0.05,-3.74) wbirth=(3.30,-0.01,-1.26) ref=(6.14,0.00) leader=(3.14,0.00) fallbacks=0
[mpc_node-4] [INFO] [1783590839.824401798] [px4_2.mpc_node_2]: [d2] solve: status=0 time=0.21ms cost=6.4 pos=(1.39,-2.96,-5.05) local=(1.68,0.06,-4.08) wbirth=(-0.29,-3.02,-0.97) ref=(3.16,-3.00) leader=(3.16,0.00) fallbacks=0
[mpc_node-6] [INFO] [1783590839.825472843] [px4_4.mpc_node_4]: [d4] solve: status=0 time=0.22ms cost=5.8 pos=(-1.54,-0.04,-5.05) local=(1.21,-0.19,-4.59) wbirth=(-2.74,0.15,-0.46) ref=(0.16,0.00) leader=(3.16,0.00) fallbacks=0
[mpc_node-3] [INFO] [1783590839.827932364] [px4_1.mpc_node_1]: [d1] solve: status=0 time=0.20ms cost=5.3 pos=(1.54,2.91,-4.96) local=(1.37,-0.25,-4.58) wbirth=(0.17,3.16,-0.38) ref=(3.16,3.00) leader=(3.16,0.00) fallbacks=0
[mpc_node-2] [INFO] [1783590839.891340318] [px4_0.mpc_node_0]: [d0] solve: status=0 time=0.25ms cost=4.1 pos=(1.77,-0.06,-5.02) local=(1.78,0.01,-5.02) wbirth=(-0.00,-0.08,0.00) ref=(3.22,0.00) leader=(3.22,0.00) fallbacks=0
[mpc_node-5] [INFO] [1783590840.810826946] [px4_3.mpc_node_3]: [d3] solve: status=0 time=0.22ms cost=6.1 pos=(5.34,-0.03,-4.97) local=(2.04,-0.02,-3.71) wbirth=(3.30,-0.01,-1.26) ref=(7.14,0.00) leader=(4.14,0.00) fallbacks=0
[mpc_node-4] [INFO] [1783590840.823474263] [px4_2.mpc_node_2]: [d2] solve: status=0 time=0.25ms cost=4.7 pos=(2.55,-3.03,-5.00) local=(2.84,-0.01,-4.03) wbirth=(-0.29,-3.02,-0.97) ref=(4.16,-3.00) leader=(4.16,0.00) fallbacks=0
[mpc_node-6] [INFO] [1783590840.824800344] [px4_4.mpc_node_4]: [d4] solve: status=0 time=0.22ms cost=4.0 pos=(-0.33,-0.06,-5.01) local=(2.41,-0.21,-4.55) wbirth=(-2.74,0.15,-0.46) ref=(1.16,0.00) leader=(4.16,0.00) fallbacks=0
[mpc_node-3] [INFO] [1783590840.827709197] [px4_1.mpc_node_1]: [d1] solve: status=0 time=0.22ms cost=3.6 pos=(2.73,2.94,-4.95) local=(2.56,-0.23,-4.57) wbirth=(0.17,3.16,-0.38) ref=(4.16,3.00) leader=(4.16,0.00) fallbacks=0
[mpc_node-2] [INFO] [1783590840.891478471] [px4_0.mpc_node_0]: [d0] solve: status=0 time=0.17ms cost=2.1 pos=(3.12,-0.07,-5.02) local=(3.12,0.01,-5.02) wbirth=(-0.00,-0.08,0.00) ref=(4.22,0.00) leader=(4.22,0.00) fallbacks=0
[mpc_node-5] [INFO] [1783590841.808648351] [px4_3.mpc_node_3]: [d3] solve: status=0 time=0.19ms cost=2.7 pos=(6.87,-0.05,-5.01) local=(3.57,-0.04,-3.75) wbirth=(3.30,-0.01,-1.26) ref=(8.14,0.00) leader=(5.14,0.00) fallbacks=0
[mpc_node-6] [INFO] [1783590841.824239145] [px4_4.mpc_node_4]: [d4] solve: status=0 time=0.17ms cost=1.1 pos=(1.32,-0.08,-5.04) local=(4.06,-0.23,-4.58) wbirth=(-2.74,0.15,-0.46) ref=(2.16,0.00) leader=(5.16,0.00) fallbacks=0
[mpc_node-4] [INFO] [1783590841.824291436] [px4_2.mpc_node_2]: [d2] solve: status=0 time=0.21ms cost=1.8 pos=(4.10,-3.04,-4.99) local=(4.39,-0.01,-4.02) wbirth=(-0.29,-3.02,-0.97) ref=(5.16,-3.00) leader=(5.16,0.00) fallbacks=0
[mpc_node-3] [INFO] [1783590841.828947926] [px4_1.mpc_node_1]: [d1] solve: status=0 time=0.18ms cost=1.2 pos=(4.32,2.97,-4.98) local=(4.15,-0.19,-4.60) wbirth=(0.17,3.16,-0.38) ref=(5.16,3.00) leader=(5.16,0.00) fallbacks=0
[mpc_node-2] [INFO] [1783590841.891854514] [px4_0.mpc_node_0]: [d0] solve: status=0 time=0.18ms cost=0.5 pos=(4.72,-0.11,-4.97) local=(4.73,-0.03,-4.97) wbirth=(-0.00,-0.08,0.00) ref=(5.22,0.00) leader=(5.22,0.00) fallbacks=0
[mpc_node-5] [INFO] [1783590842.810481222] [px4_3.mpc_node_3]: [d3] solve: status=0 time=0.23ms cost=0.3 pos=(8.85,-0.01,-4.99) local=(5.56,-0.01,-3.73) wbirth=(3.30,-0.01,-1.26) ref=(9.14,0.00) leader=(6.14,0.00) fallbacks=0
[mpc_node-4] [INFO] [1783590842.824093153] [px4_2.mpc_node_2]: [d2] solve: status=0 time=0.22ms cost=0.2 pos=(5.93,-3.00,-4.95) local=(6.22,0.02,-3.98) wbirth=(-0.29,-3.02,-0.97) ref=(6.16,-3.00) leader=(6.16,0.00) fallbacks=0
[mpc_node-6] [INFO] [1783590842.825022207] [px4_4.mpc_node_4]: [d4] solve: status=0 time=0.26ms cost=0.2 pos=(3.11,-0.09,-5.04) local=(5.85,-0.24,-4.58) wbirth=(-2.74,0.15,-0.46) ref=(3.16,0.00) leader=(6.16,0.00) fallbacks=0
[mpc_node-3] [INFO] [1783590842.828336552] [px4_1.mpc_node_1]: [d1] solve: status=0 time=0.22ms cost=0.2 pos=(6.13,2.97,-4.97) local=(5.96,-0.19,-4.59) wbirth=(0.17,3.16,-0.38) ref=(6.16,3.00) leader=(6.16,0.00) fallbacks=0
[mpc_node-2] [INFO] [1783590842.892087605] [px4_0.mpc_node_0]: [d0] solve: status=0 time=0.20ms cost=0.3 pos=(6.38,-0.12,-4.99) local=(6.39,-0.04,-4.99) wbirth=(-0.00,-0.08,0.00) ref=(6.22,0.00) leader=(6.22,0.00) fallbacks=0
[mpc_node-5] [INFO] [1783590843.808691194] [px4_3.mpc_node_3]: [d3] solve: status=0 time=0.19ms cost=1.1 pos=(10.69,-0.01,-5.00) local=(7.40,-0.01,-3.74) wbirth=(3.30,-0.01,-1.26) ref=(10.14,0.00) leader=(7.14,0.00) fallbacks=0
[mpc_node-6] [INFO] [1783590843.824037635] [px4_4.mpc_node_4]: [d4] solve: status=0 time=0.23ms cost=1.2 pos=(4.79,-0.04,-4.99) local=(7.54,-0.19,-4.53) wbirth=(-2.74,0.15,-0.46) ref=(4.16,0.00) leader=(7.16,0.00) fallbacks=0
[mpc_node-4] [INFO] [1783590843.824470497] [px4_2.mpc_node_2]: [d2] solve: status=0 time=0.28ms cost=1.1 pos=(7.72,-2.95,-4.98) local=(8.01,0.07,-4.01) wbirth=(-0.29,-3.02,-0.97) ref=(7.16,-3.00) leader=(7.16,0.00) fallbacks=0
[mpc_node-3] [INFO] [1783590843.828438874] [px4_1.mpc_node_1]: [d1] solve: status=0 time=0.23ms cost=1.4 pos=(7.87,2.97,-4.97) local=(7.70,-0.20,-4.59) wbirth=(0.17,3.16,-0.38) ref=(7.16,3.00) leader=(7.16,0.00) fallbacks=0
[mpc_node-2] [INFO] [1783590843.891804605] [px4_0.mpc_node_0]: [d0] solve: status=0 time=0.23ms cost=1.2 pos=(7.89,-0.12,-5.01) local=(7.89,-0.04,-5.01) wbirth=(-0.00,-0.08,0.00) ref=(7.22,0.00) leader=(7.22,0.00) fallbacks=0
[mpc_node-5] [INFO] [1783590844.808952447] [px4_3.mpc_node_3]: [d3] solve: status=0 time=0.22ms cost=3.2 pos=(12.27,0.02,-5.04) local=(8.98,0.02,-3.78) wbirth=(3.30,-0.01,-1.26) ref=(11.14,0.00) leader=(8.14,0.00) fallbacks=0
[mpc_node-4] [INFO] [1783590844.823829018] [px4_2.mpc_node_2]: [d2] solve: status=0 time=0.25ms cost=3.0 pos=(9.28,-2.92,-4.99) local=(9.57,0.10,-4.02) wbirth=(-0.29,-3.02,-0.97) ref=(8.16,-3.00) leader=(8.16,0.00) fallbacks=0
[mpc_node-6] [INFO] [1783590844.824726236] [px4_4.mpc_node_4]: [d4] solve: status=0 time=0.28ms cost=2.5 pos=(6.20,0.08,-4.97) local=(8.94,-0.07,-4.51) wbirth=(-2.74,0.15,-0.46) ref=(5.16,0.00) leader=(8.16,0.00) fallbacks=0
[mpc_node-3] [INFO] [1783590844.829048786] [px4_1.mpc_node_1]: [d1] solve: status=0 time=0.19ms cost=3.0 pos=(9.31,2.95,-4.96) local=(9.14,-0.22,-4.58) wbirth=(0.17,3.16,-0.38) ref=(8.16,3.00) leader=(8.16,0.00) fallbacks=0
[mpc_node-2] [INFO] [1783590844.892849258] [px4_0.mpc_node_0]: [d0] solve: status=0 time=0.23ms cost=1.9 pos=(9.18,-0.02,-5.02) local=(9.18,0.05,-5.02) wbirth=(-0.00,-0.08,0.00) ref=(8.22,0.00) leader=(8.22,0.00) fallbacks=0
[mpc_node-5] [INFO] [1783590845.808708078] [px4_3.mpc_node_3]: [d3] solve: status=0 time=0.24ms cost=5.2 pos=(13.67,0.10,-4.99) local=(10.37,0.10,-3.73) wbirth=(3.30,-0.01,-1.26) ref=(12.14,0.00) leader=(9.14,0.00) fallbacks=0
[mpc_node-6] [INFO] [1783590845.824206225] [px4_4.mpc_node_4]: [d4] solve: status=0 time=0.19ms cost=3.6 pos=(7.47,0.19,-4.97) local=(10.22,0.04,-4.51) wbirth=(-2.74,0.15,-0.46) ref=(6.16,0.00) leader=(9.16,0.00) fallbacks=0
[mpc_node-4] [INFO] [1783590845.824317406] [px4_2.mpc_node_2]: [d2] solve: status=0 time=0.23ms cost=4.5 pos=(10.61,-2.96,-5.00) local=(10.90,0.06,-4.03) wbirth=(-0.29,-3.02,-0.97) ref=(9.16,-3.00) leader=(9.16,0.00) fallbacks=0
[mpc_node-3] [INFO] [1783590845.827930666] [px4_1.mpc_node_1]: [d1] solve: status=0 time=0.22ms cost=4.0 pos=(10.56,3.02,-5.02) local=(10.39,-0.14,-4.64) wbirth=(0.17,3.16,-0.38) ref=(9.16,3.00) leader=(9.16,0.00) fallbacks=0
[mpc_node-2] [INFO] [1783590845.891982402] [px4_0.mpc_node_0]: [d0] solve: status=0 time=0.20ms cost=2.0 pos=(10.22,0.15,-5.00) local=(10.23,0.23,-5.00) wbirth=(-0.00,-0.08,0.00) ref=(9.22,0.00) leader=(9.22,0.00) fallbacks=0
[mpc_node-5] [INFO] [1783590846.808701587] [px4_3.mpc_node_3]: [d3] solve: status=0 time=0.22ms cost=5.6 pos=(14.80,0.10,-5.00) local=(11.50,0.10,-3.74) wbirth=(3.30,-0.01,-1.26) ref=(13.14,0.00) leader=(10.14,0.00) fallbacks=0
[mpc_node-6] [INFO] [1783590846.824196187] [px4_4.mpc_node_4]: [d4] solve: status=0 time=0.23ms cost=3.1 pos=(8.42,0.23,-4.97) local=(11.17,0.08,-4.51) wbirth=(-2.74,0.15,-0.46) ref=(7.16,0.00) leader=(10.16,0.00) fallbacks=0
[mpc_node-4] [INFO] [1783590846.826317473] [px4_2.mpc_node_2]: [d2] solve: status=0 time=0.23ms cost=4.3 pos=(11.66,-2.93,-5.03) local=(11.95,0.09,-4.06) wbirth=(-0.29,-3.02,-0.97) ref=(10.16,-3.00) leader=(10.16,0.00) fallbacks=0
[mpc_node-3] [INFO] [1783590846.828366903] [px4_1.mpc_node_1]: [d1] solve: status=0 time=0.20ms cost=3.4 pos=(11.51,3.12,-5.03) local=(11.34,-0.05,-4.65) wbirth=(0.17,3.16,-0.38) ref=(10.16,3.00) leader=(10.16,0.00) fallbacks=0
[mpc_node-2] [INFO] [1783590846.891869964] [px4_0.mpc_node_0]: [d0] solve: status=0 time=0.18ms cost=1.2 pos=(10.92,0.29,-4.99) local=(10.93,0.36,-4.99) wbirth=(-0.00,-0.08,0.00) ref=(10.22,0.00) leader=(10.22,0.00) fallbacks=0
[mpc_node-5] [INFO] [1783590847.809415180] [px4_3.mpc_node_3]: [d3] solve: status=0 time=0.19ms cost=4.0 pos=(15.60,0.10,-4.99) local=(12.31,0.11,-3.73) wbirth=(3.30,-0.01,-1.26) ref=(14.14,0.00) leader=(11.14,0.00) fallbacks=0
[mpc_node-4] [INFO] [1783590847.824092381] [px4_2.mpc_node_2]: [d2] solve: status=0 time=0.29ms cost=2.2 pos=(12.29,-2.91,-5.03) local=(12.58,0.11,-4.06) wbirth=(-0.29,-3.02,-0.97) ref=(11.16,-3.00) leader=(11.16,0.00) fallbacks=0
[mpc_node-6] [INFO] [1783590847.824915428] [px4_4.mpc_node_4]: [d4] solve: status=0 time=0.20ms cost=1.0 pos=(8.93,0.18,-5.03) local=(11.67,0.03,-4.57) wbirth=(-2.74,0.15,-0.46) ref=(8.16,0.00) leader=(11.16,0.00) fallbacks=0
[mpc_node-3] [INFO] [1783590847.828463295] [px4_1.mpc_node_1]: [d1] solve: status=0 time=0.22ms cost=1.5 pos=(12.10,3.16,-5.03) local=(11.93,-0.00,-4.65) wbirth=(0.17,3.16,-0.38) ref=(11.16,3.00) leader=(11.16,0.00) fallbacks=0
[mpc_node-2] [INFO] [1783590847.892813949] [px4_0.mpc_node_0]: [d0] solve: status=0 time=0.21ms cost=0.6 pos=(11.47,0.35,-4.97) local=(11.48,0.43,-4.97) wbirth=(-0.00,-0.08,0.00) ref=(11.22,0.00) leader=(11.22,0.00) fallbacks=0
[mpc_node-5] [INFO] [1783590848.809009617] [px4_3.mpc_node_3]: [d3] solve: status=0 time=0.16ms cost=1.5 pos=(16.07,0.05,-5.00) local=(12.77,0.05,-3.74) wbirth=(3.30,-0.01,-1.26) ref=(15.14,0.00) leader=(12.14,0.00) fallbacks=0
[mpc_node-4] [INFO] [1783590848.823914352] [px4_2.mpc_node_2]: [d2] solve: status=0 time=0.21ms cost=0.4 pos=(12.68,-2.90,-5.02) local=(12.97,0.13,-4.04) wbirth=(-0.29,-3.02,-0.97) ref=(12.16,-3.00) leader=(12.16,0.00) fallbacks=0
[mpc_node-6] [INFO] [1783590848.823930617] [px4_4.mpc_node_4]: [d4] solve: status=0 time=0.16ms cost=0.1 pos=(9.27,0.09,-5.06) local=(12.02,-0.05,-4.60) wbirth=(-2.74,0.15,-0.46) ref=(9.16,0.00) leader=(12.16,0.00) fallbacks=0
[mpc_node-3] [INFO] [1783590848.828814325] [px4_1.mpc_node_1]: [d1] solve: status=0 time=0.17ms cost=0.2 pos=(12.40,3.21,-5.01) local=(12.23,0.04,-4.63) wbirth=(0.17,3.16,-0.38) ref=(12.16,3.00) leader=(12.16,0.00) fallbacks=0
[mpc_node-2] [INFO] [1783590848.892873600] [px4_0.mpc_node_0]: [d0] solve: status=0 time=0.18ms cost=0.3 pos=(12.06,0.20,-5.01) local=(12.07,0.27,-5.01) wbirth=(-0.00,-0.08,0.00) ref=(12.22,0.00) leader=(12.22,0.00) fallbacks=0
[mpc_node-5] [INFO] [1783590849.808654305] [px4_3.mpc_node_3]: [d3] solve: status=0 time=0.19ms cost=0.2 pos=(16.28,-0.05,-5.03) local=(12.99,-0.05,-3.77) wbirth=(3.30,-0.01,-1.26) ref=(16.14,0.00) leader=(13.14,0.00) fallbacks=0
[mpc_node-4] [INFO] [1783590849.824073727] [px4_2.mpc_node_2]: [d2] solve: status=0 time=0.23ms cost=0.2 pos=(13.06,-2.96,-5.03) local=(13.35,0.06,-4.06) wbirth=(-0.29,-3.02,-0.97) ref=(13.16,-3.00) leader=(13.16,0.00) fallbacks=0
[mpc_node-6] [INFO] [1783590849.824503761] [px4_4.mpc_node_4]: [d4] solve: status=0 time=0.19ms cost=0.5 pos=(9.73,0.00,-5.02) local=(12.47,-0.15,-4.56) wbirth=(-2.74,0.15,-0.46) ref=(10.16,0.00) leader=(13.16,0.00) fallbacks=0
[mpc_node-3] [INFO] [1783590849.828428592] [px4_1.mpc_node_1]: [d1] solve: status=0 time=0.23ms cost=0.4 pos=(12.87,3.09,-4.99) local=(12.70,-0.07,-4.61) wbirth=(0.17,3.16,-0.38) ref=(13.16,3.00) leader=(13.16,0.00) fallbacks=0
[mpc_node-2] [INFO] [1783590849.892236713] [px4_0.mpc_node_0]: [d0] solve: status=0 time=0.18ms cost=0.3 pos=(12.87,-0.04,-4.99) local=(12.88,0.04,-4.99) wbirth=(-0.00,-0.08,0.00) ref=(13.22,0.00) leader=(13.22,0.00) fallbacks=0
[mpc_node-5] [INFO] [1783590850.808704171] [px4_3.mpc_node_3]: [d3] solve: status=0 time=0.19ms cost=0.9 pos=(16.59,-0.09,-5.03) local=(13.29,-0.09,-3.77) wbirth=(3.30,-0.01,-1.26) ref=(17.14,0.00) leader=(14.14,0.00) fallbacks=0
[mpc_node-4] [INFO] [1783590850.823744024] [px4_2.mpc_node_2]: [d2] solve: status=0 time=0.20ms cost=0.7 pos=(13.63,-2.97,-4.95) local=(13.92,0.05,-3.98) wbirth=(-0.29,-3.02,-0.97) ref=(14.16,-3.00) leader=(14.16,0.00) fallbacks=0
[mpc_node-6] [INFO] [1783590850.824353534] [px4_4.mpc_node_4]: [d4] solve: status=0 time=0.23ms cost=0.8 pos=(10.53,-0.11,-5.03) local=(13.28,-0.26,-4.57) wbirth=(-2.74,0.15,-0.46) ref=(11.16,0.00) leader=(14.16,0.00) fallbacks=0
[mpc_node-3] [INFO] [1783590850.828184567] [px4_1.mpc_node_1]: [d1] solve: status=0 time=0.20ms cost=1.1 pos=(13.47,2.94,-4.97) local=(13.30,-0.23,-4.59) wbirth=(0.17,3.16,-0.38) ref=(14.16,3.00) leader=(14.16,0.00) fallbacks=0
[mpc_node-2] [INFO] [1783590850.892099769] [px4_0.mpc_node_0]: [d0] solve: status=0 time=0.17ms cost=0.3 pos=(13.87,-0.16,-4.93) local=(13.88,-0.09,-4.93) wbirth=(-0.00,-0.08,0.00) ref=(14.22,0.00) leader=(14.22,0.00) fallbacks=0
[mpc_node-5] [INFO] [1783590851.808782280] [px4_3.mpc_node_3]: [d3] solve: status=0 time=0.19ms cost=2.3 pos=(17.14,-0.05,-5.02) local=(13.84,-0.04,-3.76) wbirth=(3.30,-0.01,-1.26) ref=(18.14,0.00) leader=(15.14,0.00) fallbacks=0
[mpc_node-4] [INFO] [1783590851.823910352] [px4_2.mpc_node_2]: [d2] solve: status=0 time=0.21ms cost=1.0 pos=(14.44,-3.02,-5.01) local=(14.73,0.00,-4.04) wbirth=(-0.29,-3.02,-0.97) ref=(15.16,-3.00) leader=(15.16,0.00) fallbacks=0
[mpc_node-6] [INFO] [1783590851.824466520] [px4_4.mpc_node_4]: [d4] solve: status=0 time=0.17ms cost=0.7 pos=(11.57,-0.16,-5.01) local=(14.32,-0.31,-4.55) wbirth=(-2.74,0.15,-0.46) ref=(12.16,0.00) leader=(15.16,0.00) fallbacks=0
[mpc_node-3] [INFO] [1783590851.827859500] [px4_1.mpc_node_1]: [d1] solve: status=0 time=0.20ms cost=0.9 pos=(14.48,2.84,-5.02) local=(14.31,-0.32,-4.64) wbirth=(0.17,3.16,-0.38) ref=(15.16,3.00) leader=(15.16,0.00) fallbacks=0
[mpc_node-2] [INFO] [1783590851.892024596] [px4_0.mpc_node_0]: [d0] solve: status=0 time=0.28ms cost=0.4 pos=(14.95,-0.25,-5.00) local=(14.95,-0.17,-5.00) wbirth=(-0.00,-0.08,0.00) ref=(15.22,0.00) leader=(15.22,0.00) fallbacks=0
[mpc_node-5] [INFO] [1783590852.808993486] [px4_3.mpc_node_3]: [d3] solve: status=0 time=0.20ms cost=2.4 pos=(18.06,-0.05,-4.99) local=(14.76,-0.05,-3.73) wbirth=(3.30,-0.01,-1.26) ref=(19.14,0.00) leader=(16.14,0.00) fallbacks=0
[mpc_node-4] [INFO] [1783590852.824154634] [px4_2.mpc_node_2]: [d2] solve: status=0 time=0.16ms cost=0.8 pos=(15.49,-3.05,-4.99) local=(15.78,-0.03,-4.02) wbirth=(-0.29,-3.02,-0.97) ref=(16.16,-3.00) leader=(16.16,0.00) fallbacks=0
[mpc_node-6] [INFO] [1783590852.824653160] [px4_4.mpc_node_4]: [d4] solve: status=0 time=0.14ms cost=0.2 pos=(12.85,-0.20,-5.03) local=(15.59,-0.35,-4.57) wbirth=(-2.74,0.15,-0.46) ref=(13.16,0.00) leader=(16.16,0.00) fallbacks=0
[mpc_node-3] [INFO] [1783590852.827985859] [px4_1.mpc_node_1]: [d1] solve: status=0 time=0.17ms cost=0.4 pos=(15.70,2.84,-4.96) local=(15.53,-0.33,-4.58) wbirth=(0.17,3.16,-0.38) ref=(16.16,3.00) leader=(16.16,0.00) fallbacks=0
[mpc_node-2] [INFO] [1783590852.893561957] [px4_0.mpc_node_0]: [d0] solve: status=0 time=0.21ms cost=0.3 pos=(16.05,-0.23,-5.03) local=(16.06,-0.15,-5.03) wbirth=(-0.00,-0.08,0.00) ref=(16.22,0.00) leader=(16.22,0.00) fallbacks=0
[mpc_node-5] [INFO] [1783590853.808750314] [px4_3.mpc_node_3]: [d3] solve: status=0 time=0.16ms cost=1.4 pos=(19.25,-0.04,-5.00) local=(15.95,-0.03,-3.74) wbirth=(3.30,-0.01,-1.26) ref=(20.14,0.00) leader=(17.14,0.00) fallbacks=0
[mpc_node-4] [INFO] [1783590853.824401800] [px4_2.mpc_node_2]: [d2] solve: status=0 time=0.18ms cost=0.2 pos=(16.87,-3.10,-4.99) local=(17.16,-0.07,-4.02) wbirth=(-0.29,-3.02,-0.97) ref=(17.16,-3.00) leader=(17.16,0.00) fallbacks=0
[mpc_node-6] [INFO] [1783590853.824626246] [px4_4.mpc_node_4]: [d4] solve: status=0 time=0.20ms cost=0.1 pos=(14.17,-0.18,-4.96) local=(16.92,-0.33,-4.50) wbirth=(-2.74,0.15,-0.46) ref=(14.16,0.00) leader=(17.16,0.00) fallbacks=0
[mpc_node-3] [INFO] [1783590853.828599683] [px4_1.mpc_node_1]: [d1] solve: status=0 time=0.14ms cost=0.1 pos=(17.03,2.86,-4.95) local=(16.86,-0.31,-4.57) wbirth=(0.17,3.16,-0.38) ref=(17.16,3.00) leader=(17.16,0.00) fallbacks=0
[mpc_node-2] [INFO] [1783590853.892002540] [px4_0.mpc_node_0]: [d0] solve: status=0 time=0.17ms cost=0.1 pos=(17.25,-0.09,-5.00) local=(17.26,-0.02,-5.00) wbirth=(-0.00,-0.08,0.00) ref=(17.22,0.00) leader=(17.22,0.00) fallbacks=0
[mpc_node-5] [INFO] [1783590854.808835478] [px4_3.mpc_node_3]: [d3] solve: status=0 time=0.16ms cost=0.3 pos=(20.77,-0.05,-4.96) local=(17.47,-0.04,-3.70) wbirth=(3.30,-0.01,-1.26) ref=(21.14,0.00) leader=(18.14,0.00) fallbacks=0
[mpc_node-4] [INFO] [1783590854.823975772] [px4_2.mpc_node_2]: [d2] solve: status=0 time=0.19ms cost=0.1 pos=(18.29,-3.11,-5.05) local=(18.58,-0.09,-4.08) wbirth=(-0.29,-3.02,-0.97) ref=(18.16,-3.00) leader=(18.16,0.00) fallbacks=0
[mpc_node-6] [INFO] [1783590854.824201446] [px4_4.mpc_node_4]: [d4] solve: status=0 time=0.17ms cost=0.3 pos=(15.47,-0.09,-5.02) local=(18.21,-0.24,-4.56) wbirth=(-2.74,0.15,-0.46) ref=(15.16,0.00) leader=(18.16,0.00) fallbacks=0
[mpc_node-3] [INFO] [1783590854.828087729] [px4_1.mpc_node_1]: [d1] solve: status=0 time=0.15ms cost=0.1 pos=(18.34,2.94,-4.98) local=(18.17,-0.23,-4.60) wbirth=(0.17,3.16,-0.38) ref=(18.16,3.00) leader=(18.16,0.00) fallbacks=0
[mpc_node-2] [INFO] [1783590854.892359112] [px4_0.mpc_node_0]: [d0] solve: status=0 time=0.17ms cost=0.1 pos=(18.37,-0.00,-5.01) local=(18.38,0.07,-5.01) wbirth=(-0.00,-0.08,0.00) ref=(18.22,0.00) leader=(18.22,0.00) fallbacks=0
[mpc_node-5] [INFO] [1783590855.808674671] [px4_3.mpc_node_3]: [d3] solve: status=0 time=0.22ms cost=0.3 pos=(22.36,-0.03,-4.99) local=(19.06,-0.02,-3.73) wbirth=(3.30,-0.01,-1.26) ref=(22.14,0.00) leader=(19.14,0.00) fallbacks=0
[mpc_node-5] [INFO] [1783590855.808904929] [px4_3.mpc_node_3]: [d3] track-err total=0.227m radial=-0.226 tangential=-0.226 (|v|=0.93 |a|=0.50)
[mpc_node-4] [INFO] [1783590855.823763228] [px4_2.mpc_node_2]: [d2] solve: status=0 time=0.20ms cost=0.4 pos=(19.50,-3.07,-5.02) local=(19.79,-0.05,-4.05) wbirth=(-0.29,-3.02,-0.97) ref=(19.15,-3.00) leader=(19.15,0.00) fallbacks=0
[mpc_node-4] [INFO] [1783590855.823994911] [px4_2.mpc_node_2]: [d2] track-err total=0.353m radial=-0.346 tangential=-0.346 (|v|=0.92 |a|=0.50)
[mpc_node-6] [INFO] [1783590855.825179712] [px4_4.mpc_node_4]: [d4] solve: status=0 time=0.17ms cost=0.4 pos=(16.55,0.07,-5.00) local=(19.30,-0.08,-4.54) wbirth=(-2.74,0.15,-0.46) ref=(16.15,0.00) leader=(19.15,0.00) fallbacks=0
[mpc_node-6] [INFO] [1783590855.825403184] [px4_4.mpc_node_4]: [d4] track-err total=0.404m radial=-0.397 tangential=-0.397 (|v|=0.92 |a|=0.50)
[mpc_node-3] [INFO] [1783590855.827752075] [px4_1.mpc_node_1]: [d1] solve: status=0 time=0.20ms cost=0.3 pos=(19.51,3.01,-4.98) local=(19.34,-0.16,-4.60) wbirth=(0.17,3.16,-0.38) ref=(19.15,3.00) leader=(19.15,0.00) fallbacks=0
[mpc_node-3] [INFO] [1783590855.827976797] [px4_1.mpc_node_1]: [d1] track-err total=0.358m radial=-0.358 tangential=-0.358 (|v|=0.92 |a|=0.50)
[mpc_node-2] [INFO] [1783590855.891999147] [px4_0.mpc_node_0]: [d0] solve: status=0 time=0.21ms cost=0.1 pos=(19.36,0.09,-5.03) local=(19.37,0.17,-5.03) wbirth=(-0.00,-0.08,0.00) ref=(19.21,0.00) leader=(19.21,0.00) fallbacks=0
[mpc_node-2] [INFO] [1783590855.892317893] [px4_0.mpc_node_0]: [d0] track-err total=0.179m radial=-0.154 tangential=-0.154 (|v|=0.89 |a|=0.50)
[mpc_node-5] [INFO] [1783590856.809124035] [px4_3.mpc_node_3]: [d3] solve: status=0 time=0.28ms cost=2.4 pos=(23.67,-0.02,-5.00) local=(20.37,-0.02,-3.74) wbirth=(3.30,-0.01,-1.26) ref=(22.82,0.00) leader=(19.82,0.00) fallbacks=0
[mpc_node-5] [INFO] [1783590856.809847081] [px4_3.mpc_node_3]: [d3] track-err total=0.853m radial=-0.853 tangential=-0.853 (|v|=0.43 |a|=0.50)
[mpc_node-6] [INFO] [1783590856.824022581] [px4_4.mpc_node_4]: [d4] solve: status=0 time=0.19ms cost=0.7 pos=(17.31,0.16,-4.99) local=(20.05,0.01,-4.53) wbirth=(-2.74,0.15,-0.46) ref=(16.82,0.00) leader=(19.82,0.00) fallbacks=0
[mpc_node-4] [INFO] [1783590856.824034464] [px4_2.mpc_node_2]: [d2] solve: status=0 time=0.27ms cost=1.1 pos=(20.45,-3.04,-4.99) local=(20.74,-0.01,-4.02) wbirth=(-0.29,-3.02,-0.97) ref=(19.82,-3.00) leader=(19.82,0.00) fallbacks=0
[mpc_node-6] [INFO] [1783590856.824260971] [px4_4.mpc_node_4]: [d4] track-err total=0.512m radial=-0.485 tangential=-0.485 (|v|=0.42 |a|=0.50)
[mpc_node-4] [INFO] [1783590856.824324584] [px4_2.mpc_node_2]: [d2] track-err total=0.627m radial=-0.626 tangential=-0.626 (|v|=0.42 |a|=0.50)
[mpc_node-3] [INFO] [1783590856.827662347] [px4_1.mpc_node_1]: [d1] solve: status=0 time=0.26ms cost=1.1 pos=(20.48,3.05,-4.99) local=(20.31,-0.11,-4.61) wbirth=(0.17,3.16,-0.38) ref=(19.82,3.00) leader=(19.82,0.00) fallbacks=0
[mpc_node-3] [INFO] [1783590856.827946990] [px4_1.mpc_node_1]: [d1] track-err total=0.660m radial=-0.657 tangential=-0.657 (|v|=0.42 |a|=0.50)
[mpc_node-2] [INFO] [1783590856.891431843] [px4_0.mpc_node_0]: [d0] solve: status=0 time=0.26ms cost=0.7 pos=(20.29,0.10,-5.03) local=(20.30,0.17,-5.03) wbirth=(-0.00,-0.08,0.00) ref=(19.85,0.00) leader=(19.85,0.00) fallbacks=0
[mpc_node-2] [INFO] [1783590856.891669043] [px4_0.mpc_node_0]: [d0] track-err total=0.455m radial=-0.445 tangential=-0.445 (|v|=0.39 |a|=0.50)
[mpc_node-5] [INFO] [1783590857.809211098] [px4_3.mpc_node_3]: [d3] solve: status=0 time=0.24ms cost=8.7 pos=(24.70,-0.03,-5.03) local=(21.40,-0.03,-3.77) wbirth=(3.30,-0.01,-1.26) ref=(23.00,0.00) leader=(20.00,0.00) fallbacks=0
[mpc_node-4] [INFO] [1783590857.824042049] [px4_2.mpc_node_2]: [d2] solve: status=0 time=0.29ms cost=3.1 pos=(21.11,-2.94,-4.98) local=(21.40,0.08,-4.01) wbirth=(-0.29,-3.02,-0.97) ref=(20.00,-3.00) leader=(20.00,0.00) fallbacks=0
[mpc_node-6] [INFO] [1783590857.824970713] [px4_4.mpc_node_4]: [d4] solve: status=0 time=0.22ms cost=2.0 pos=(17.91,0.17,-5.03) local=(20.65,0.02,-4.57) wbirth=(-2.74,0.15,-0.46) ref=(17.00,0.00) leader=(20.00,0.00) fallbacks=0
[mpc_node-3] [INFO] [1783590857.828365798] [px4_1.mpc_node_1]: [d1] solve: status=0 time=0.30ms cost=3.1 pos=(21.12,3.15,-5.01) local=(20.95,-0.01,-4.63) wbirth=(0.17,3.16,-0.38) ref=(20.00,3.00) leader=(20.00,0.00) fallbacks=0
[mpc_node-2] [INFO] [1783590857.892536806] [px4_0.mpc_node_0]: [d0] solve: status=0 time=0.21ms cost=2.4 pos=(20.95,0.10,-5.03) local=(20.95,0.17,-5.03) wbirth=(-0.00,-0.08,0.00) ref=(20.00,0.00) leader=(20.00,0.00) fallbacks=0
[mpc_node-5] [INFO] [1783590858.809025150] [px4_3.mpc_node_3]: [d3] solve: status=0 time=0.26ms cost=15.4 pos=(25.40,0.01,-4.98) local=(22.11,0.01,-3.72) wbirth=(3.30,-0.01,-1.26) ref=(23.00,0.00) leader=(20.00,0.00) fallbacks=0
[mpc_node-4] [INFO] [1783590858.823851088] [px4_2.mpc_node_2]: [d2] solve: status=0 time=0.27ms cost=4.7 pos=(21.49,-2.86,-4.97) local=(21.78,0.16,-4.00) wbirth=(-0.29,-3.02,-0.97) ref=(20.00,-3.00) leader=(20.00,0.00) fallbacks=0
[mpc_node-6] [INFO] [1783590858.824821381] [px4_4.mpc_node_4]: [d4] solve: status=0 time=0.29ms cost=2.3 pos=(18.07,0.18,-4.96) local=(20.81,0.03,-4.50) wbirth=(-2.74,0.15,-0.46) ref=(17.00,0.00) leader=(20.00,0.00) fallbacks=0
[mpc_node-3] [INFO] [1783590858.828936522] [px4_1.mpc_node_1]: [d1] solve: status=0 time=0.23ms cost=4.0 pos=(21.39,3.16,-5.01) local=(21.22,-0.00,-4.63) wbirth=(0.17,3.16,-0.38) ref=(20.00,3.00) leader=(20.00,0.00) fallbacks=0
[mpc_node-2] [INFO] [1783590858.891403969] [px4_0.mpc_node_0]: [d0] solve: status=0 time=0.23ms cost=3.6 pos=(21.24,0.07,-5.00) local=(21.25,0.15,-5.00) wbirth=(-0.00,-0.08,0.00) ref=(20.00,0.00) leader=(20.00,0.00) fallbacks=0
[mpc_node-5] [INFO] [1783590859.808990128] [px4_3.mpc_node_3]: [d3] solve: status=0 time=0.30ms cost=19.7 pos=(25.83,0.07,-4.99) local=(22.54,0.08,-3.73) wbirth=(3.30,-0.01,-1.26) ref=(23.00,0.00) leader=(20.00,0.00) fallbacks=0
[mpc_node-4] [INFO] [1783590859.824001525] [px4_2.mpc_node_2]: [d2] solve: status=0 time=0.23ms cost=4.2 pos=(21.48,-2.83,-4.95) local=(21.77,0.19,-3.98) wbirth=(-0.29,-3.02,-0.97) ref=(20.00,-3.00) leader=(20.00,0.00) fallbacks=0
[mpc_node-6] [INFO] [1783590859.824670067] [px4_4.mpc_node_4]: [d4] solve: status=0 time=0.17ms cost=1.2 pos=(17.83,0.10,-5.01) local=(20.58,-0.05,-4.55) wbirth=(-2.74,0.15,-0.46) ref=(17.00,0.00) leader=(20.00,0.00) fallbacks=0
[mpc_node-3] [INFO] [1783590859.829046402] [px4_1.mpc_node_1]: [d1] solve: status=0 time=0.23ms cost=3.0 pos=(21.29,3.12,-4.96) local=(21.12,-0.04,-4.58) wbirth=(0.17,3.16,-0.38) ref=(20.00,3.00) leader=(20.00,0.00) fallbacks=0
[mpc_node-2] [INFO] [1783590859.892174807] [px4_0.mpc_node_0]: [d0] solve: status=0 time=0.23ms cost=2.9 pos=(21.10,0.04,-4.97) local=(21.10,0.12,-4.97) wbirth=(-0.00,-0.08,0.00) ref=(20.00,0.00) leader=(20.00,0.00) fallbacks=0
[mpc_node-5] [INFO] [1783590860.808779254] [px4_3.mpc_node_3]: [d3] solve: status=0 time=0.22ms cost=17.4 pos=(25.80,0.14,-4.97) local=(22.51,0.15,-3.71) wbirth=(3.30,-0.01,-1.26) ref=(23.00,0.00) leader=(20.00,0.00) fallbacks=0
[mpc_node-4] [INFO] [1783590860.823819680] [px4_2.mpc_node_2]: [d2] solve: status=0 time=0.17ms cost=2.1 pos=(21.11,-2.94,-4.94) local=(21.40,0.08,-3.97) wbirth=(-0.29,-3.02,-0.97) ref=(20.00,-3.00) leader=(20.00,0.00) fallbacks=0
[mpc_node-6] [INFO] [1783590860.824076604] [px4_4.mpc_node_4]: [d4] solve: status=0 time=0.16ms cost=0.2 pos=(17.27,0.04,-5.00) local=(20.01,-0.11,-4.54) wbirth=(-2.74,0.15,-0.46) ref=(17.00,0.00) leader=(20.00,0.00) fallbacks=0
[mpc_node-3] [INFO] [1783590860.828340401] [px4_1.mpc_node_1]: [d1] solve: status=0 time=0.17ms cost=1.1 pos=(20.83,3.03,-5.03) local=(20.66,-0.13,-4.65) wbirth=(0.17,3.16,-0.38) ref=(20.00,3.00) leader=(20.00,0.00) fallbacks=0
[mpc_node-2] [INFO] [1783590860.891333637] [px4_0.mpc_node_0]: [d0] solve: status=0 time=0.17ms cost=1.5 pos=(20.60,0.04,-5.01) local=(20.61,0.12,-5.01) wbirth=(-0.00,-0.08,0.00) ref=(20.00,0.00) leader=(20.00,0.00) fallbacks=0
[mpc_node-5] [INFO] [1783590861.809019812] [px4_3.mpc_node_3]: [d3] solve: status=0 time=0.28ms cost=11.7 pos=(25.42,0.20,-5.01) local=(22.12,0.20,-3.75) wbirth=(3.30,-0.01,-1.26) ref=(23.00,0.00) leader=(20.00,0.00) fallbacks=0
[mpc_node-6] [INFO] [1783590861.824195235] [px4_4.mpc_node_4]: [d4] solve: status=0 time=0.16ms cost=0.2 pos=(16.81,-0.05,-4.95) local=(19.56,-0.20,-4.49) wbirth=(-2.74,0.15,-0.46) ref=(17.00,0.00) leader=(20.00,0.00) fallbacks=0
[mpc_node-4] [INFO] [1783590861.824557319] [px4_2.mpc_node_2]: [d2] solve: status=0 time=0.18ms cost=0.3 pos=(20.37,-3.01,-5.06) local=(20.66,0.01,-4.09) wbirth=(-0.29,-3.02,-0.97) ref=(20.00,-3.00) leader=(20.00,0.00) fallbacks=0
[mpc_node-3] [INFO] [1783590861.828507139] [px4_1.mpc_node_1]: [d1] solve: status=0 time=0.20ms cost=0.2 pos=(20.15,2.94,-5.02) local=(19.99,-0.22,-4.64) wbirth=(0.17,3.16,-0.38) ref=(20.00,3.00) leader=(20.00,0.00) fallbacks=0
[mpc_node-2] [INFO] [1783590861.892592905] [px4_0.mpc_node_0]: [d0] solve: status=0 time=0.23ms cost=1.0 pos=(19.93,0.04,-5.03) local=(19.93,0.12,-5.03) wbirth=(-0.00,-0.08,0.00) ref=(20.00,0.00) leader=(20.00,0.00) fallbacks=0
[mpc_node-5] [INFO] [1783590862.810196012] [px4_3.mpc_node_3]: [d3] solve: status=0 time=0.26ms cost=4.7 pos=(24.61,0.11,-4.97) local=(21.31,0.11,-3.71) wbirth=(3.30,-0.01,-1.26) ref=(23.00,0.00) leader=(20.00,0.00) fallbacks=0
[mpc_node-6] [INFO] [1783590862.824153409] [px4_4.mpc_node_4]: [d4] solve: status=0 time=0.26ms cost=0.5 pos=(16.53,-0.08,-4.98) local=(19.27,-0.23,-4.52) wbirth=(-2.74,0.15,-0.46) ref=(17.00,0.00) leader=(20.00,0.00) fallbacks=0
[mpc_node-4] [INFO] [1783590862.824777581] [px4_2.mpc_node_2]: [d2] solve: status=0 time=0.23ms cost=0.6 pos=(19.63,-3.05,-5.03) local=(19.92,-0.03,-4.06) wbirth=(-0.29,-3.02,-0.97) ref=(20.00,-3.00) leader=(20.00,0.00) fallbacks=0
[mpc_node-3] [INFO] [1783590862.828436918] [px4_1.mpc_node_1]: [d1] solve: status=0 time=0.20ms cost=0.8 pos=(19.52,2.96,-5.05) local=(19.35,-0.21,-4.67) wbirth=(0.17,3.16,-0.38) ref=(20.00,3.00) leader=(20.00,0.00) fallbacks=0
[mpc_node-2] [INFO] [1783590862.892608231] [px4_0.mpc_node_0]: [d0] solve: status=0 time=0.21ms cost=1.1 pos=(19.49,0.04,-4.94) local=(19.50,0.12,-4.94) wbirth=(-0.00,-0.08,0.00) ref=(20.00,0.00) leader=(20.00,0.00) fallbacks=0
[mpc_node-5] [INFO] [1783590863.809089662] [px4_3.mpc_node_3]: [d3] solve: status=0 time=0.19ms cost=0.6 pos=(23.46,0.01,-5.02) local=(20.16,0.01,-3.76) wbirth=(3.30,-0.01,-1.26) ref=(23.00,0.00) leader=(20.00,0.00) fallbacks=0
[mpc_node-6] [INFO] [1783590863.824452895] [px4_4.mpc_node_4]: [d4] solve: status=0 time=0.17ms cost=0.8 pos=(16.36,-0.11,-5.05) local=(19.10,-0.26,-4.59) wbirth=(-2.74,0.15,-0.46) ref=(17.00,0.00) leader=(20.00,0.00) fallbacks=0
[mpc_node-4] [INFO] [1783590863.824629247] [px4_2.mpc_node_2]: [d2] solve: status=0 time=0.28ms cost=2.3 pos=(19.04,-3.05,-5.01) local=(19.33,-0.03,-4.04) wbirth=(-0.29,-3.02,-0.97) ref=(20.00,-3.00) leader=(20.00,0.00) fallbacks=0
[mpc_node-3] [INFO] [1783590863.828401945] [px4_1.mpc_node_1]: [d1] solve: status=0 time=0.27ms cost=2.0 pos=(19.07,2.95,-4.98) local=(18.90,-0.22,-4.60) wbirth=(0.17,3.16,-0.38) ref=(20.00,3.00) leader=(20.00,0.00) fallbacks=0
[mpc_node-2] [INFO] [1783590863.892585633] [px4_0.mpc_node_0]: [d0] solve: status=0 time=0.24ms cost=0.9 pos=(19.38,-0.03,-5.00) local=(19.38,0.05,-5.00) wbirth=(-0.00,-0.08,0.00) ref=(20.00,0.00) leader=(20.00,0.00) fallbacks=0
[mpc_node-5] [INFO] [1783590864.808822590] [px4_3.mpc_node_3]: [d3] solve: status=0 time=0.22ms cost=2.0 pos=(22.33,-0.11,-4.94) local=(19.03,-0.11,-3.68) wbirth=(3.30,-0.01,-1.26) ref=(23.00,0.00) leader=(20.00,0.00) fallbacks=0
[mpc_node-4] [INFO] [1783590864.823871913] [px4_2.mpc_node_2]: [d2] solve: status=0 time=0.20ms cost=3.1 pos=(18.78,-3.10,-5.01) local=(19.07,-0.08,-4.04) wbirth=(-0.29,-3.02,-0.97) ref=(20.00,-3.00) leader=(20.00,0.00) fallbacks=0
[mpc_node-6] [INFO] [1783590864.823950576] [px4_4.mpc_node_4]: [d4] solve: status=0 time=0.16ms cost=0.6 pos=(16.43,-0.11,-4.99) local=(19.18,-0.26,-4.53) wbirth=(-2.74,0.15,-0.46) ref=(17.00,0.00) leader=(20.00,0.00) fallbacks=0
[mpc_node-3] [INFO] [1783590864.828406366] [px4_1.mpc_node_1]: [d1] solve: status=0 time=0.19ms cost=1.9 pos=(19.02,2.93,-5.06) local=(18.85,-0.23,-4.68) wbirth=(0.17,3.16,-0.38) ref=(20.00,3.00) leader=(20.00,0.00) fallbacks=0
[mpc_node-2] [INFO] [1783590864.892155661] [px4_0.mpc_node_0]: [d0] solve: status=0 time=0.18ms cost=0.8 pos=(19.38,-0.12,-4.99) local=(19.38,-0.04,-4.99) wbirth=(-0.00,-0.08,0.00) ref=(20.00,0.00) leader=(20.00,0.00) fallbacks=0
[mpc_node-5] [INFO] [1783590865.808925012] [px4_3.mpc_node_3]: [d3] solve: status=0 time=0.24ms cost=7.5 pos=(21.43,-0.17,-5.00) local=(18.13,-0.16,-3.74) wbirth=(3.30,-0.01,-1.26) ref=(23.00,0.00) leader=(20.00,0.00) fallbacks=0
[mpc_node-4] [INFO] [1783590865.822964920] [px4_2.mpc_node_2]: [d2] solve: status=0 time=0.19ms cost=2.8 pos=(18.79,-3.08,-4.98) local=(19.08,-0.06,-4.01) wbirth=(-0.29,-3.02,-0.97) ref=(20.00,-3.00) leader=(20.00,0.00) fallbacks=0
[mpc_node-6] [INFO] [1783590865.825683134] [px4_4.mpc_node_4]: [d4] solve: status=0 time=0.20ms cost=0.1 pos=(16.77,-0.05,-4.93) local=(19.51,-0.20,-4.47) wbirth=(-2.74,0.15,-0.46) ref=(17.00,0.00) leader=(20.00,0.00) fallbacks=0
[mpc_node-3] [INFO] [1783590865.828667646] [px4_1.mpc_node_1]: [d1] solve: status=0 time=0.21ms cost=1.3 pos=(19.15,2.91,-5.04) local=(18.98,-0.25,-4.66) wbirth=(0.17,3.16,-0.38) ref=(20.00,3.00) leader=(20.00,0.00) fallbacks=0
[mpc_node-2] [INFO] [1783590865.891314552] [px4_0.mpc_node_0]: [d0] solve: status=0 time=0.17ms cost=0.7 pos=(19.64,-0.17,-5.06) local=(19.65,-0.10,-5.06) wbirth=(-0.00,-0.08,0.00) ref=(20.00,0.00) leader=(20.00,0.00) fallbacks=0
[mpc_node-5] [INFO] [1783590866.808817785] [px4_3.mpc_node_3]: [d3] solve: status=0 time=0.18ms cost=6.7 pos=(21.22,-0.16,-4.99) local=(17.92,-0.16,-3.74) wbirth=(3.30,-0.01,-1.26) ref=(23.00,0.00) leader=(20.00,0.00) fallbacks=0
[mpc_node-5] [WARN] [1783590866.809074074] [px4_3.mpc_node_3]: [d3] SAFETY DEGRADED ['collide_warn(d=1.63)']
[mpc_node-4] [INFO] [1783590866.823325546] [px4_2.mpc_node_2]: [d2] solve: status=0 time=0.20ms cost=1.6 pos=(19.04,-3.08,-5.02) local=(19.33,-0.06,-4.05) wbirth=(-0.29,-3.02,-0.97) ref=(20.00,-3.00) leader=(20.00,0.00) fallbacks=0
[mpc_node-6] [INFO] [1783590866.824345059] [px4_4.mpc_node_4]: [d4] solve: status=0 time=0.20ms cost=0.1 pos=(17.04,-0.04,-4.99) local=(19.79,-0.19,-4.53) wbirth=(-2.74,0.15,-0.46) ref=(17.00,0.00) leader=(20.00,0.00) fallbacks=0
[mpc_node-3] [INFO] [1783590866.829185903] [px4_1.mpc_node_1]: [d1] solve: status=0 time=0.20ms cost=0.4 pos=(19.53,2.90,-5.00) local=(19.36,-0.27,-4.62) wbirth=(0.17,3.16,-0.38) ref=(20.00,3.00) leader=(20.00,0.00) fallbacks=0
[mpc_node-2] [INFO] [1783590866.891233630] [px4_0.mpc_node_0]: [d0] solve: status=0 time=0.17ms cost=0.8 pos=(19.58,-0.18,-5.04) local=(19.58,-0.10,-5.04) wbirth=(-0.00,-0.08,0.00) ref=(20.00,0.00) leader=(20.00,0.00) fallbacks=0
[mpc_node-2] [WARN] [1783590866.891491682] [px4_0.mpc_node_0]: [d0] SAFETY DEGRADED ['collide_warn(d=1.64)']
[mpc_node-5] [INFO] [1783590867.808950969] [px4_3.mpc_node_3]: [d3] solve: status=0 time=0.20ms cost=6.1 pos=(21.27,-0.19,-5.00) local=(17.97,-0.18,-3.74) wbirth=(3.30,-0.01,-1.26) ref=(23.00,0.00) leader=(20.00,0.00) fallbacks=0
[mpc_node-5] [WARN] [1783590867.809216661] [px4_3.mpc_node_3]: [d3] SAFETY DEGRADED ['collide_warn(d=1.81)']
[mpc_node-4] [INFO] [1783590867.823898238] [px4_2.mpc_node_2]: [d2] solve: status=0 time=0.17ms cost=0.3 pos=(19.60,-3.06,-4.97) local=(19.89,-0.03,-4.00) wbirth=(-0.29,-3.02,-0.97) ref=(20.00,-3.00) leader=(20.00,0.00) fallbacks=0
[mpc_node-6] [INFO] [1783590867.824448022] [px4_4.mpc_node_4]: [d4] solve: status=0 time=0.16ms cost=0.3 pos=(17.26,-0.04,-5.03) local=(20.01,-0.19,-4.57) wbirth=(-2.74,0.15,-0.46) ref=(17.00,0.00) leader=(20.00,0.00) fallbacks=0
[mpc_node-3] [INFO] [1783590867.827925448] [px4_1.mpc_node_1]: [d1] solve: status=0 time=0.16ms cost=0.1 pos=(19.91,2.97,-4.97) local=(19.75,-0.20,-4.58) wbirth=(0.17,3.16,-0.38) ref=(20.00,3.00) leader=(20.00,0.00) fallbacks=0
[mpc_node-2] [INFO] [1783590867.892500001] [px4_0.mpc_node_0]: [d0] solve: status=0 time=0.21ms cost=1.0 pos=(19.45,-0.19,-5.01) local=(19.45,-0.12,-5.01) wbirth=(-0.00,-0.08,0.00) ref=(20.00,0.00) leader=(20.00,0.00) fallbacks=0
[mpc_node-2] [WARN] [1783590867.892842849] [px4_0.mpc_node_0]: [d0] SAFETY DEGRADED ['collide_warn(d=1.81)']
[mpc_node-5] [INFO] [1783590868.810242601] [px4_3.mpc_node_3]: [d3] solve: status=0 time=0.27ms cost=5.0 pos=(21.41,-0.15,-5.02) local=(18.12,-0.14,-3.76) wbirth=(3.30,-0.01,-1.26) ref=(23.00,0.00) leader=(20.00,0.00) fallbacks=0
[mpc_node-5] [WARN] [1783590868.810572251] [px4_3.mpc_node_3]: [d3] SAFETY DEGRADED []
[mpc_node-4] [INFO] [1783590868.823361613] [px4_2.mpc_node_2]: [d2] solve: status=0 time=0.24ms cost=0.2 pos=(20.17,-3.02,-5.00) local=(20.46,-0.00,-4.03) wbirth=(-0.29,-3.02,-0.97) ref=(20.00,-3.00) leader=(20.00,0.00) fallbacks=0
[mpc_node-6] [INFO] [1783590868.824037695] [px4_4.mpc_node_4]: [d4] solve: status=0 time=0.16ms cost=0.2 pos=(17.23,-0.06,-5.03) local=(19.98,-0.21,-4.57) wbirth=(-2.74,0.15,-0.46) ref=(17.00,0.00) leader=(20.00,0.00) fallbacks=0
[mpc_node-3] [INFO] [1783590868.827247597] [px4_1.mpc_node_1]: [d1] solve: status=0 time=0.17ms cost=0.2 pos=(20.27,3.01,-4.97) local=(20.10,-0.15,-4.59) wbirth=(0.17,3.16,-0.38) ref=(20.00,3.00) leader=(20.00,0.00) fallbacks=0
[mpc_node-2] [INFO] [1783590868.891128054] [px4_0.mpc_node_0]: [d0] solve: status=0 time=0.20ms cost=1.1 pos=(19.37,-0.17,-4.97) local=(19.37,-0.09,-4.97) wbirth=(-0.00,-0.08,0.00) ref=(20.00,0.00) leader=(20.00,0.00) fallbacks=0
[mpc_node-2] [WARN] [1783590868.891388948] [px4_0.mpc_node_0]: [d0] SAFETY DEGRADED []
[mpc_node-5] [INFO] [1783590869.808830867] [px4_3.mpc_node_3]: [d3] solve: status=0 time=0.19ms cost=3.8 pos=(21.58,-0.17,-5.06) local=(18.29,-0.17,-3.80) wbirth=(3.30,-0.01,-1.26) ref=(23.00,0.00) leader=(20.00,0.00) fallbacks=0
[mpc_node-4] [INFO] [1783590869.823565018] [px4_2.mpc_node_2]: [d2] solve: status=0 time=0.24ms cost=0.7 pos=(20.53,-3.00,-5.02) local=(20.82,0.02,-4.05) wbirth=(-0.29,-3.02,-0.97) ref=(20.00,-3.00) leader=(20.00,0.00) fallbacks=0
[mpc_node-6] [INFO] [1783590869.824165003] [px4_4.mpc_node_4]: [d4] solve: status=0 time=0.16ms cost=0.1 pos=(17.10,0.04,-4.99) local=(19.85,-0.11,-4.53) wbirth=(-2.74,0.15,-0.46) ref=(17.00,0.00) leader=(20.00,0.00) fallbacks=0
[mpc_node-3] [INFO] [1783590869.827525585] [px4_1.mpc_node_1]: [d1] solve: status=0 time=0.17ms cost=0.4 pos=(20.44,3.01,-4.98) local=(20.28,-0.15,-4.59) wbirth=(0.17,3.16,-0.38) ref=(20.00,3.00) leader=(20.00,0.00) fallbacks=0
[mpc_node-2] [INFO] [1783590869.891677163] [px4_0.mpc_node_0]: [d0] solve: status=0 time=0.21ms cost=0.7 pos=(19.46,-0.16,-5.05) local=(19.47,-0.08,-5.05) wbirth=(-0.00,-0.08,0.00) ref=(20.00,0.00) leader=(20.00,0.00) fallbacks=0
[mpc_node-5] [INFO] [1783590870.808971427] [px4_3.mpc_node_3]: [d3] solve: status=0 time=0.20ms cost=1.6 pos=(22.02,-0.14,-4.95) local=(18.73,-0.14,-3.69) wbirth=(3.30,-0.01,-1.26) ref=(23.00,0.00) leader=(20.00,0.00) fallbacks=0
[mpc_node-4] [INFO] [1783590870.823442298] [px4_2.mpc_node_2]: [d2] solve: status=0 time=0.17ms cost=0.8 pos=(20.64,-2.96,-4.98) local=(20.93,0.07,-4.01) wbirth=(-0.29,-3.02,-0.97) ref=(20.00,-3.00) leader=(20.00,0.00) fallbacks=0
[mpc_node-6] [INFO] [1783590870.823995891] [px4_4.mpc_node_4]: [d4] solve: status=0 time=0.17ms cost=0.0 pos=(16.97,0.12,-5.02) local=(19.71,-0.03,-4.56) wbirth=(-2.74,0.15,-0.46) ref=(17.00,0.00) leader=(20.00,0.00) fallbacks=0
[mpc_node-3] [INFO] [1783590870.827342601] [px4_1.mpc_node_1]: [d1] solve: status=0 time=0.18ms cost=0.4 pos=(20.48,2.95,-5.01) local=(20.31,-0.21,-4.63) wbirth=(0.17,3.16,-0.38) ref=(20.00,3.00) leader=(20.00,0.00) fallbacks=0
[mpc_node-2] [INFO] [1783590870.891701509] [px4_0.mpc_node_0]: [d0] solve: status=0 time=0.17ms cost=0.2 pos=(19.69,-0.10,-5.03) local=(19.69,-0.03,-5.03) wbirth=(-0.00,-0.08,0.00) ref=(20.00,0.00) leader=(20.00,0.00) fallbacks=0
[mpc_node-5] [INFO] [1783590871.809508354] [px4_3.mpc_node_3]: [d3] solve: status=0 time=0.16ms cost=0.2 pos=(22.79,-0.04,-4.96) local=(19.50,-0.03,-3.70) wbirth=(3.30,-0.01,-1.26) ref=(23.00,0.00) leader=(20.00,0.00) fallbacks=0
[mpc_node-4] [INFO] [1783590871.823001614] [px4_2.mpc_node_2]: [d2] solve: status=0 time=0.17ms cost=0.3 pos=(20.44,-2.89,-4.98) local=(20.73,0.13,-4.01) wbirth=(-0.29,-3.02,-0.97) ref=(20.00,-3.00) leader=(20.00,0.00) fallbacks=0
[mpc_node-6] [INFO] [1783590871.824052598] [px4_4.mpc_node_4]: [d4] solve: status=0 time=0.16ms cost=0.0 pos=(16.97,0.08,-4.96) local=(19.71,-0.07,-4.50) wbirth=(-2.74,0.15,-0.46) ref=(17.00,0.00) leader=(20.00,0.00) fallbacks=0
[mpc_node-3] [INFO] [1783590871.827599704] [px4_1.mpc_node_1]: [d1] solve: status=0 time=0.26ms cost=0.0 pos=(20.15,3.03,-4.94) local=(19.98,-0.14,-4.56) wbirth=(0.17,3.16,-0.38) ref=(20.00,3.00) leader=(20.00,0.00) fallbacks=0
[mpc_node-2] [INFO] [1783590871.890985765] [px4_0.mpc_node_0]: [d0] solve: status=0 time=0.17ms cost=0.0 pos=(19.95,0.03,-5.07) local=(19.96,0.10,-5.07) wbirth=(-0.00,-0.08,0.00) ref=(20.00,0.00) leader=(20.00,0.00) fallbacks=0
[mpc_node-5] [INFO] [1783590872.808744315] [px4_3.mpc_node_3]: [d3] solve: status=0 time=0.18ms cost=0.7 pos=(23.46,0.05,-4.97) local=(20.16,0.05,-3.71) wbirth=(3.30,-0.01,-1.26) ref=(23.00,0.00) leader=(20.00,0.00) fallbacks=0
[mpc_node-4] [INFO] [1783590872.822908102] [px4_2.mpc_node_2]: [d2] solve: status=0 time=0.17ms cost=0.1 pos=(20.14,-2.85,-5.03) local=(20.43,0.18,-4.06) wbirth=(-0.29,-3.02,-0.97) ref=(20.00,-3.00) leader=(20.00,0.00) fallbacks=0
[mpc_node-6] [INFO] [1783590872.824478064] [px4_4.mpc_node_4]: [d4] solve: status=0 time=0.20ms cost=0.0 pos=(16.97,0.02,-4.95) local=(19.71,-0.12,-4.49) wbirth=(-2.74,0.15,-0.46) ref=(17.00,0.00) leader=(20.00,0.00) fallbacks=0
[mpc_node-3] [INFO] [1783590872.827347702] [px4_1.mpc_node_1]: [d1] solve: status=0 time=0.17ms cost=0.1 pos=(19.94,3.11,-5.01) local=(19.77,-0.06,-4.63) wbirth=(0.17,3.16,-0.38) ref=(20.00,3.00) leader=(20.00,0.00) fallbacks=0
[mpc_node-2] [INFO] [1783590872.891444597] [px4_0.mpc_node_0]: [d0] solve: status=0 time=0.18ms cost=0.2 pos=(20.22,0.09,-5.01) local=(20.22,0.17,-5.01) wbirth=(-0.00,-0.08,0.00) ref=(20.00,0.00) leader=(20.00,0.00) fallbacks=0
[mpc_node-5] [INFO] [1783590873.809268625] [px4_3.mpc_node_3]: [d3] solve: status=0 time=0.19ms cost=1.6 pos=(23.84,0.12,-5.00) local=(20.55,0.13,-3.74) wbirth=(3.30,-0.01,-1.26) ref=(23.00,0.00) leader=(20.00,0.00) fallbacks=0
[mpc_node-4] [INFO] [1783590873.822975150] [px4_2.mpc_node_2]: [d2] solve: status=0 time=0.17ms cost=0.1 pos=(19.82,-2.87,-4.97) local=(20.11,0.15,-4.00) wbirth=(-0.29,-3.02,-0.97) ref=(20.00,-3.00) leader=(20.00,0.00) fallbacks=0
[mpc_node-6] [INFO] [1783590873.824116426] [px4_4.mpc_node_4]: [d4] solve: status=0 time=0.16ms cost=0.0 pos=(16.94,-0.02,-4.99) local=(19.68,-0.16,-4.53) wbirth=(-2.74,0.15,-0.46) ref=(17.00,0.00) leader=(20.00,0.00) fallbacks=0
[mpc_node-3] [INFO] [1783590873.827625828] [px4_1.mpc_node_1]: [d1] solve: status=0 time=0.17ms cost=0.2 pos=(19.74,3.13,-4.96) local=(19.57,-0.04,-4.57) wbirth=(0.17,3.16,-0.38) ref=(20.00,3.00) leader=(20.00,0.00) fallbacks=0
[mpc_node-2] [INFO] [1783590873.892289678] [px4_0.mpc_node_0]: [d0] solve: status=0 time=0.18ms cost=0.3 pos=(20.34,0.12,-4.99) local=(20.35,0.19,-4.99) wbirth=(-0.00,-0.08,0.00) ref=(20.00,0.00) leader=(20.00,0.00) fallbacks=0
[mpc_node-5] [INFO] [1783590874.808889762] [px4_3.mpc_node_3]: [d3] solve: status=0 time=0.19ms cost=1.9 pos=(23.97,0.16,-5.00) local=(20.67,0.16,-3.74) wbirth=(3.30,-0.01,-1.26) ref=(23.00,0.00) leader=(20.00,0.00) fallbacks=0
[mpc_node-4] [INFO] [1783590874.823192638] [px4_2.mpc_node_2]: [d2] solve: status=0 time=0.17ms cost=0.3 pos=(19.62,-2.95,-4.90) local=(19.91,0.07,-3.93) wbirth=(-0.29,-3.02,-0.97) ref=(20.00,-3.00) leader=(20.00,0.00) fallbacks=0
[mpc_node-6] [INFO] [1783590874.823917273] [px4_4.mpc_node_4]: [d4] solve: status=0 time=0.14ms cost=0.1 pos=(16.88,-0.04,-5.03) local=(19.62,-0.19,-4.57) wbirth=(-2.74,0.15,-0.46) ref=(17.00,0.00) leader=(20.00,0.00) fallbacks=0
[mpc_node-3] [INFO] [1783590874.827102680] [px4_1.mpc_node_1]: [d1] solve: status=0 time=0.14ms cost=0.2 pos=(19.69,3.06,-4.95) local=(19.52,-0.11,-4.57) wbirth=(0.17,3.16,-0.38) ref=(20.00,3.00) leader=(20.00,0.00) fallbacks=0
[mpc_node-2] [INFO] [1783590874.891427882] [px4_0.mpc_node_0]: [d0] solve: status=0 time=0.21ms cost=0.2 pos=(20.29,0.11,-5.01) local=(20.29,0.18,-5.01) wbirth=(-0.00,-0.08,0.00) ref=(20.00,0.00) leader=(20.00,0.00) fallbacks=0
[mpc_node-5] [INFO] [1783590875.809267069] [px4_3.mpc_node_3]: [d3] solve: status=0 time=0.23ms cost=1.3 pos=(23.82,0.12,-5.03) local=(20.53,0.13,-3.77) wbirth=(3.30,-0.01,-1.26) ref=(23.00,0.00) leader=(20.00,0.00) fallbacks=0
[mpc_node-4] [INFO] [1783590875.823445420] [px4_2.mpc_node_2]: [d2] solve: status=0 time=0.21ms cost=0.2 pos=(19.66,-3.06,-4.98) local=(19.95,-0.04,-4.01) wbirth=(-0.29,-3.02,-0.97) ref=(20.00,-3.00) leader=(20.00,0.00) fallbacks=0
[mpc_node-6] [INFO] [1783590875.824371715] [px4_4.mpc_node_4]: [d4] solve: status=0 time=0.19ms cost=0.0 pos=(16.96,-0.01,-5.03) local=(19.71,-0.16,-4.57) wbirth=(-2.74,0.15,-0.46) ref=(17.00,0.00) leader=(20.00,0.00) fallbacks=0
[mpc_node-3] [INFO] [1783590875.827815069] [px4_1.mpc_node_1]: [d1] solve: status=0 time=0.18ms cost=0.1 pos=(19.81,3.02,-5.00) local=(19.64,-0.15,-4.61) wbirth=(0.17,3.16,-0.38) ref=(20.00,3.00) leader=(20.00,0.00) fallbacks=0
[mpc_node-2] [INFO] [1783590875.891755970] [px4_0.mpc_node_0]: [d0] solve: status=0 time=0.18ms cost=0.1 pos=(20.08,0.05,-5.00) local=(20.09,0.13,-5.00) wbirth=(-0.00,-0.08,0.00) ref=(20.00,0.00) leader=(20.00,0.00) fallbacks=0
[mpc_node-5] [INFO] [1783590876.810627338] [px4_3.mpc_node_3]: [d3] solve: status=0 time=0.19ms cost=0.3 pos=(23.38,0.02,-5.01) local=(20.09,0.03,-3.75) wbirth=(3.30,-0.01,-1.26) ref=(23.00,0.00) leader=(20.00,0.00) fallbacks=0
[mpc_node-4] [INFO] [1783590876.823358129] [px4_2.mpc_node_2]: [d2] solve: status=0 time=0.20ms cost=0.1 pos=(19.82,-3.13,-4.99) local=(20.11,-0.11,-4.02) wbirth=(-0.29,-3.02,-0.97) ref=(20.00,-3.00) leader=(20.00,0.00) fallbacks=0
[mpc_node-6] [INFO] [1783590876.824002062] [px4_4.mpc_node_4]: [d4] solve: status=0 time=0.13ms cost=0.0 pos=(17.09,0.00,-5.01) local=(19.84,-0.15,-4.55) wbirth=(-2.74,0.15,-0.46) ref=(17.00,0.00) leader=(20.00,0.00) fallbacks=0
[mpc_node-3] [INFO] [1783590876.827514090] [px4_1.mpc_node_1]: [d1] solve: status=0 time=0.17ms cost=0.0 pos=(19.94,2.90,-5.04) local=(19.78,-0.26,-4.66) wbirth=(0.17,3.16,-0.38) ref=(20.00,3.00) leader=(20.00,0.00) fallbacks=0
[mpc_node-2] [INFO] [1783590876.891803685] [px4_0.mpc_node_0]: [d0] solve: status=0 time=0.17ms cost=0.1 pos=(19.87,0.06,-4.97) local=(19.87,0.14,-4.97) wbirth=(-0.00,-0.08,0.00) ref=(20.00,0.00) leader=(20.00,0.00) fallbacks=0
[mpc_node-5] [INFO] [1783590877.809414918] [px4_3.mpc_node_3]: [d3] solve: status=0 time=0.16ms cost=0.2 pos=(22.88,-0.02,-5.06) local=(19.58,-0.02,-3.81) wbirth=(3.30,-0.01,-1.26) ref=(23.00,0.00) leader=(20.00,0.00) fallbacks=0
[mpc_node-4] [INFO] [1783590877.822951925] [px4_2.mpc_node_2]: [d2] solve: status=0 time=0.14ms cost=0.0 pos=(19.96,-3.14,-5.01) local=(20.25,-0.12,-4.04) wbirth=(-0.29,-3.02,-0.97) ref=(20.00,-3.00) leader=(20.00,0.00) fallbacks=0
[mpc_node-6] [INFO] [1783590877.824024801] [px4_4.mpc_node_4]: [d4] solve: status=0 time=0.14ms cost=0.1 pos=(17.12,-0.02,-5.08) local=(19.86,-0.17,-4.62) wbirth=(-2.74,0.15,-0.46) ref=(17.00,0.00) leader=(20.00,0.00) fallbacks=0
[mpc_node-3] [INFO] [1783590877.827633322] [px4_1.mpc_node_1]: [d1] solve: status=0 time=0.20ms cost=0.1 pos=(20.19,2.87,-5.03) local=(20.02,-0.29,-4.65) wbirth=(0.17,3.16,-0.38) ref=(20.00,3.00) leader=(20.00,0.00) fallbacks=0
[mpc_node-2] [INFO] [1783590877.891873553] [px4_0.mpc_node_0]: [d0] solve: status=0 time=0.16ms cost=0.2 pos=(19.75,0.04,-5.04) local=(19.75,0.12,-5.04) wbirth=(-0.00,-0.08,0.00) ref=(20.00,0.00) leader=(20.00,0.00) fallbacks=0
[mpc_node-5] [INFO] [1783590878.810514545] [px4_3.mpc_node_3]: [d3] solve: status=0 time=0.19ms cost=0.5 pos=(22.55,-0.11,-5.02) local=(19.25,-0.10,-3.76) wbirth=(3.30,-0.01,-1.26) ref=(23.00,0.00) leader=(20.00,0.00) fallbacks=0
[mpc_node-4] [INFO] [1783590878.823495468] [px4_2.mpc_node_2]: [d2] solve: status=0 time=0.18ms cost=0.1 pos=(20.09,-3.13,-5.01) local=(20.38,-0.10,-4.04) wbirth=(-0.29,-3.02,-0.97) ref=(20.00,-3.00) leader=(20.00,0.00) fallbacks=0
[mpc_node-6] [INFO] [1783590878.824206411] [px4_4.mpc_node_4]: [d4] solve: status=0 time=0.17ms cost=0.0 pos=(16.96,-0.01,-5.00) local=(19.70,-0.16,-4.54) wbirth=(-2.74,0.15,-0.46) ref=(17.00,0.00) leader=(20.00,0.00) fallbacks=0
[mpc_node-3] [INFO] [1783590878.827232176] [px4_1.mpc_node_1]: [d1] solve: status=0 time=0.14ms cost=0.2 pos=(20.27,2.89,-4.96) local=(20.10,-0.28,-4.58) wbirth=(0.17,3.16,-0.38) ref=(20.00,3.00) leader=(20.00,0.00) fallbacks=0
[mpc_node-2] [INFO] [1783590878.891228883] [px4_0.mpc_node_0]: [d0] solve: status=0 time=0.18ms cost=0.1 pos=(19.77,0.02,-5.00) local=(19.77,0.10,-5.00) wbirth=(-0.00,-0.08,0.00) ref=(20.00,0.00) leader=(20.00,0.00) fallbacks=0
[mpc_node-5] [INFO] [1783590879.808907853] [px4_3.mpc_node_3]: [d3] solve: status=0 time=0.16ms cost=0.6 pos=(22.45,-0.09,-4.95) local=(19.16,-0.09,-3.69) wbirth=(3.30,-0.01,-1.26) ref=(23.00,0.00) leader=(20.00,0.00) fallbacks=0
[mpc_node-4] [INFO] [1783590879.824349776] [px4_2.mpc_node_2]: [d2] solve: status=0 time=0.17ms cost=0.1 pos=(20.23,-3.01,-4.98) local=(20.52,0.01,-4.01) wbirth=(-0.29,-3.02,-0.97) ref=(20.00,-3.00) leader=(20.00,0.00) fallbacks=0
[mpc_node-6] [INFO] [1783590879.824699250] [px4_4.mpc_node_4]: [d4] solve: status=0 time=0.16ms cost=0.1 pos=(16.83,0.02,-4.99) local=(19.58,-0.13,-4.53) wbirth=(-2.74,0.15,-0.46) ref=(17.00,0.00) leader=(20.00,0.00) fallbacks=0
[mpc_node-3] [INFO] [1783590879.828105889] [px4_1.mpc_node_1]: [d1] solve: status=0 time=0.20ms cost=0.0 pos=(20.14,3.01,-5.00) local=(19.97,-0.16,-4.62) wbirth=(0.17,3.16,-0.38) ref=(20.00,3.00) leader=(20.00,0.00) fallbacks=0
[mpc_node-2] [INFO] [1783590879.892352713] [px4_0.mpc_node_0]: [d0] solve: status=0 time=0.17ms cost=0.1 pos=(19.91,-0.09,-4.97) local=(19.91,-0.01,-4.97) wbirth=(-0.00,-0.08,0.00) ref=(20.00,0.00) leader=(20.00,0.00) fallbacks=0
[mpc_node-5] [INFO] [1783590880.808907436] [px4_3.mpc_node_3]: [d3] solve: status=0 time=0.17ms cost=0.3 pos=(22.58,-0.06,-5.00) local=(19.29,-0.06,-3.74) wbirth=(3.30,-0.01,-1.26) ref=(23.00,0.00) leader=(20.00,0.00) fallbacks=0
[mpc_node-4] [INFO] [1783590880.823002198] [px4_2.mpc_node_2]: [d2] solve: status=0 time=0.17ms cost=0.1 pos=(20.23,-2.94,-5.05) local=(20.52,0.08,-4.08) wbirth=(-0.29,-3.02,-0.97) ref=(20.00,-3.00) leader=(20.00,0.00) fallbacks=0
[mpc_node-6] [INFO] [1783590880.824222782] [px4_4.mpc_node_4]: [d4] solve: status=0 time=0.16ms cost=0.0 pos=(16.88,0.00,-4.97) local=(19.63,-0.15,-4.51) wbirth=(-2.74,0.15,-0.46) ref=(17.00,0.00) leader=(20.00,0.00) fallbacks=0
[mpc_node-3] [INFO] [1783590880.827251338] [px4_1.mpc_node_1]: [d1] solve: status=0 time=0.17ms cost=0.1 pos=(19.95,3.11,-5.02) local=(19.78,-0.05,-4.64) wbirth=(0.17,3.16,-0.38) ref=(20.00,3.00) leader=(20.00,0.00) fallbacks=0
[mpc_node-2] [INFO] [1783590880.891894220] [px4_0.mpc_node_0]: [d0] solve: status=0 time=0.15ms cost=0.1 pos=(20.04,-0.18,-4.97) local=(20.05,-0.10,-4.97) wbirth=(-0.00,-0.08,0.00) ref=(20.00,0.00) leader=(20.00,0.00) fallbacks=0
[mpc_node-5] [INFO] [1783590881.810949575] [px4_3.mpc_node_3]: [d3] solve: status=0 time=0.16ms cost=0.1 pos=(22.86,-0.03,-5.07) local=(19.56,-0.03,-3.81) wbirth=(3.30,-0.01,-1.26) ref=(23.00,0.00) leader=(20.00,0.00) fallbacks=0
[mpc_node-4] [INFO] [1783590881.823046755] [px4_2.mpc_node_2]: [d2] solve: status=0 time=0.18ms cost=0.1 pos=(20.12,-2.92,-5.10) local=(20.41,0.10,-4.13) wbirth=(-0.29,-3.02,-0.97) ref=(20.00,-3.00) leader=(20.00,0.00) fallbacks=0
[mpc_node-6] [INFO] [1783590881.824361241] [px4_4.mpc_node_4]: [d4] solve: status=0 time=0.17ms cost=0.0 pos=(17.00,0.01,-5.04) local=(19.74,-0.14,-4.58) wbirth=(-2.74,0.15,-0.46) ref=(17.00,0.00) leader=(20.00,0.00) fallbacks=0
[mpc_node-3] [INFO] [1783590881.827705912] [px4_1.mpc_node_1]: [d1] solve: status=0 time=0.20ms cost=0.1 pos=(19.87,3.14,-4.99) local=(19.70,-0.03,-4.61) wbirth=(0.17,3.16,-0.38) ref=(20.00,3.00) leader=(20.00,0.00) fallbacks=0
[mpc_node-2] [INFO] [1783590881.891719079] [px4_0.mpc_node_0]: [d0] solve: status=0 time=0.18ms cost=0.1 pos=(20.10,-0.12,-4.97) local=(20.10,-0.05,-4.97) wbirth=(-0.00,-0.08,0.00) ref=(20.00,0.00) leader=(20.00,0.00) fallbacks=0
[mpc_node-5] [INFO] [1783590882.810006459] [px4_3.mpc_node_3]: [d3] solve: status=0 time=0.20ms cost=0.1 pos=(23.12,-0.04,-5.04) local=(19.82,-0.03,-3.78) wbirth=(3.30,-0.01,-1.26) ref=(23.00,0.00) leader=(20.00,0.00) fallbacks=0
[mpc_node-4] [INFO] [1783590882.823403808] [px4_2.mpc_node_2]: [d2] solve: status=0 time=0.23ms cost=0.0 pos=(20.04,-2.91,-5.02) local=(20.33,0.11,-4.05) wbirth=(-0.29,-3.02,-0.97) ref=(20.00,-3.00) leader=(20.00,0.00) fallbacks=0
[mpc_node-6] [INFO] [1783590882.824055478] [px4_4.mpc_node_4]: [d4] solve: status=0 time=0.13ms cost=0.0 pos=(16.99,0.02,-4.97) local=(19.74,-0.13,-4.51) wbirth=(-2.74,0.15,-0.46) ref=(17.00,0.00) leader=(20.00,0.00) fallbacks=0
[mpc_node-3] [INFO] [1783590882.827337542] [px4_1.mpc_node_1]: [d1] solve: status=0 time=0.14ms cost=0.1 pos=(19.84,3.07,-5.02) local=(19.67,-0.09,-4.64) wbirth=(0.17,3.16,-0.38) ref=(20.00,3.00) leader=(20.00,0.00) fallbacks=0
[mpc_node-2] [INFO] [1783590882.892430618] [px4_0.mpc_node_0]: [d0] solve: status=0 time=0.17ms cost=0.0 pos=(20.13,0.04,-5.02) local=(20.14,0.11,-5.02) wbirth=(-0.00,-0.08,0.00) ref=(20.00,0.00) leader=(20.00,0.00) fallbacks=0
[mpc_node-5] [INFO] [1783590883.809852105] [px4_3.mpc_node_3]: [d3] solve: status=0 time=0.17ms cost=0.2 pos=(23.30,-0.03,-4.98) local=(20.00,-0.02,-3.72) wbirth=(3.30,-0.01,-1.26) ref=(23.00,0.00) leader=(20.00,0.00) fallbacks=0
[mpc_node-4] [INFO] [1783590883.823367609] [px4_2.mpc_node_2]: [d2] solve: status=0 time=0.21ms cost=0.1 pos=(19.85,-2.95,-4.96) local=(20.14,0.07,-3.99) wbirth=(-0.29,-3.02,-0.97) ref=(20.00,-3.00) leader=(20.00,0.00) fallbacks=0
[mpc_node-6] [INFO] [1783590883.824076218] [px4_4.mpc_node_4]: [d4] solve: status=0 time=0.17ms cost=0.0 pos=(17.03,0.02,-4.99) local=(19.77,-0.13,-4.53) wbirth=(-2.74,0.15,-0.46) ref=(17.00,0.00) leader=(20.00,0.00) fallbacks=0
[mpc_node-3] [INFO] [1783590883.827660677] [px4_1.mpc_node_1]: [d1] solve: status=0 time=0.20ms cost=0.0 pos=(19.87,2.98,-5.04) local=(19.70,-0.19,-4.65) wbirth=(0.17,3.16,-0.38) ref=(20.00,3.00) leader=(20.00,0.00) fallbacks=0
[mpc_node-2] [INFO] [1783590883.891224156] [px4_0.mpc_node_0]: [d0] solve: status=0 time=0.15ms cost=0.1 pos=(20.14,0.12,-4.99) local=(20.15,0.20,-4.99) wbirth=(-0.00,-0.08,0.00) ref=(20.00,0.00) leader=(20.00,0.00) fallbacks=0
[mpc_node-5] [INFO] [1783590884.809865183] [px4_3.mpc_node_3]: [d3] solve: status=0 time=0.20ms cost=0.2 pos=(23.30,0.03,-4.99) local=(20.00,0.03,-3.74) wbirth=(3.30,-0.01,-1.26) ref=(23.00,0.00) leader=(20.00,0.00) fallbacks=0
[mpc_node-4] [INFO] [1783590884.822960802] [px4_2.mpc_node_2]: [d2] solve: status=0 time=0.17ms cost=0.1 pos=(19.79,-2.99,-4.98) local=(20.08,0.03,-4.01) wbirth=(-0.29,-3.02,-0.97) ref=(20.00,-3.00) leader=(20.00,0.00) fallbacks=0
[mpc_node-6] [INFO] [1783590884.823947632] [px4_4.mpc_node_4]: [d4] solve: status=0 time=0.14ms cost=0.0 pos=(17.05,-0.02,-5.02) local=(19.79,-0.17,-4.56) wbirth=(-2.74,0.15,-0.46) ref=(17.00,0.00) leader=(20.00,0.00) fallbacks=0
[mpc_node-3] [INFO] [1783590884.827669753] [px4_1.mpc_node_1]: [d1] solve: status=0 time=0.34ms cost=0.0 pos=(19.98,2.96,-5.05) local=(19.81,-0.20,-4.67) wbirth=(0.17,3.16,-0.38) ref=(20.00,3.00) leader=(20.00,0.00) fallbacks=0
[mpc_node-2] [INFO] [1783590884.892510932] [px4_0.mpc_node_0]: [d0] solve: status=0 time=0.18ms cost=0.1 pos=(20.12,0.11,-4.99) local=(20.13,0.18,-4.99) wbirth=(-0.00,-0.08,0.00) ref=(20.00,0.00) leader=(20.00,0.00) fallbacks=0
[mpc_node-5] [INFO] [1783590885.809014714] [px4_3.mpc_node_3]: [d3] solve: status=0 time=0.19ms cost=0.1 pos=(23.15,0.08,-4.96) local=(19.86,0.09,-3.70) wbirth=(3.30,-0.01,-1.26) ref=(23.00,0.00) leader=(20.00,0.00) fallbacks=0
[mpc_node-4] [INFO] [1783590885.823916208] [px4_2.mpc_node_2]: [d2] solve: status=0 time=0.17ms cost=0.0 pos=(19.89,-3.01,-5.00) local=(20.18,0.01,-4.03) wbirth=(-0.29,-3.02,-0.97) ref=(20.00,-3.00) leader=(20.00,0.00) fallbacks=0
[mpc_node-6] [INFO] [1783590885.823974012] [px4_4.mpc_node_4]: [d4] solve: status=0 time=0.13ms cost=0.0 pos=(17.05,0.01,-4.98) local=(19.79,-0.14,-4.52) wbirth=(-2.74,0.15,-0.46) ref=(17.00,0.00) leader=(20.00,0.00) fallbacks=0
[mpc_node-3] [INFO] [1783590885.828292973] [px4_1.mpc_node_1]: [d1] solve: status=0 time=0.17ms cost=0.0 pos=(20.11,2.91,-4.99) local=(19.95,-0.25,-4.61) wbirth=(0.17,3.16,-0.38) ref=(20.00,3.00) leader=(20.00,0.00) fallbacks=0
[mpc_node-2] [INFO] [1783590885.894255387] [px4_0.mpc_node_0]: [d0] solve: status=0 time=0.23ms cost=0.0 pos=(19.95,0.03,-5.03) local=(19.96,0.11,-5.03) wbirth=(-0.00,-0.08,0.00) ref=(20.00,0.00) leader=(20.00,0.00) fallbacks=0
[mpc_node-5] [INFO] [1783590886.808710497] [px4_3.mpc_node_3]: [d3] solve: status=0 time=0.16ms cost=0.0 pos=(23.00,0.12,-5.05) local=(19.70,0.12,-3.79) wbirth=(3.30,-0.01,-1.26) ref=(23.00,0.00) leader=(20.00,0.00) fallbacks=0
[mpc_node-4] [INFO] [1783590886.823432212] [px4_2.mpc_node_2]: [d2] solve: status=0 time=0.15ms cost=0.0 pos=(19.97,-2.99,-4.97) local=(20.26,0.03,-4.00) wbirth=(-0.29,-3.02,-0.97) ref=(20.00,-3.00) leader=(20.00,0.00) fallbacks=0
[mpc_node-6] [INFO] [1783590886.823938721] [px4_4.mpc_node_4]: [d4] solve: status=0 time=0.14ms cost=0.0 pos=(17.14,-0.00,-4.97) local=(19.88,-0.15,-4.51) wbirth=(-2.74,0.15,-0.46) ref=(17.00,0.00) leader=(20.00,0.00) fallbacks=0
[mpc_node-3] [INFO] [1783590886.827510124] [px4_1.mpc_node_1]: [d1] solve: status=0 time=0.17ms cost=0.1 pos=(20.16,2.86,-5.07) local=(19.99,-0.30,-4.69) wbirth=(0.17,3.16,-0.38) ref=(20.00,3.00) leader=(20.00,0.00) fallbacks=0
[mpc_node-2] [INFO] [1783590886.892928812] [px4_0.mpc_node_0]: [d0] solve: status=0 time=0.18ms cost=0.1 pos=(19.90,-0.07,-5.06) local=(19.90,0.01,-5.06) wbirth=(-0.00,-0.08,0.00) ref=(20.00,0.00) leader=(20.00,0.00) fallbacks=0
[mpc_node-5] [INFO] [1783590887.808838313] [px4_3.mpc_node_3]: [d3] solve: status=0 time=0.14ms cost=0.1 pos=(22.92,0.12,-5.08) local=(19.62,0.13,-3.82) wbirth=(3.30,-0.01,-1.26) ref=(23.00,0.00) leader=(20.00,0.00) fallbacks=0
[mpc_node-4] [INFO] [1783590887.823545200] [px4_2.mpc_node_2]: [d2] solve: status=0 time=0.18ms cost=0.0 pos=(20.01,-3.01,-4.98) local=(20.30,0.01,-4.01) wbirth=(-0.29,-3.02,-0.97) ref=(20.00,-3.00) leader=(20.00,0.00) fallbacks=0
[mpc_node-6] [INFO] [1783590887.823918802] [px4_4.mpc_node_4]: [d4] solve: status=0 time=0.16ms cost=0.0 pos=(17.04,-0.01,-4.95) local=(19.79,-0.16,-4.49) wbirth=(-2.74,0.15,-0.46) ref=(17.00,0.00) leader=(20.00,0.00) fallbacks=0
[mpc_node-3] [INFO] [1783590887.827297051] [px4_1.mpc_node_1]: [d1] solve: status=0 time=0.17ms cost=0.0 pos=(20.10,2.89,-4.99) local=(19.93,-0.28,-4.61) wbirth=(0.17,3.16,-0.38) ref=(20.00,3.00) leader=(20.00,0.00) fallbacks=0
[mpc_node-2] [INFO] [1783590887.890764075] [px4_0.mpc_node_0]: [d0] solve: status=0 time=0.15ms cost=0.1 pos=(19.88,-0.11,-5.03) local=(19.88,-0.03,-5.03) wbirth=(-0.00,-0.08,0.00) ref=(20.00,0.00) leader=(20.00,0.00) fallbacks=0
[mpc_node-5] [INFO] [1783590888.808884687] [px4_3.mpc_node_3]: [d3] solve: status=0 time=0.16ms cost=0.0 pos=(22.92,0.02,-4.97) local=(19.62,0.03,-3.71) wbirth=(3.30,-0.01,-1.26) ref=(23.00,0.00) leader=(20.00,0.00) fallbacks=0
[mpc_node-4] [INFO] [1783590888.823991938] [px4_2.mpc_node_2]: [d2] solve: status=0 time=0.14ms cost=0.0 pos=(20.09,-3.04,-5.00) local=(20.38,-0.02,-4.03) wbirth=(-0.29,-3.02,-0.97) ref=(20.00,-3.00) leader=(20.00,0.00) fallbacks=0
[mpc_node-6] [INFO] [1783590888.824077872] [px4_4.mpc_node_4]: [d4] solve: status=0 time=0.17ms cost=0.0 pos=(16.86,-0.02,-4.98) local=(19.61,-0.17,-4.52) wbirth=(-2.74,0.15,-0.46) ref=(17.00,0.00) leader=(20.00,0.00) fallbacks=0
[mpc_node-3] [INFO] [1783590888.827963402] [px4_1.mpc_node_1]: [d1] solve: status=0 time=0.17ms cost=0.0 pos=(19.99,3.03,-4.98) local=(19.82,-0.14,-4.60) wbirth=(0.17,3.16,-0.38) ref=(20.00,3.00) leader=(20.00,0.00) fallbacks=0
[mpc_node-2] [INFO] [1783590888.891972053] [px4_0.mpc_node_0]: [d0] solve: status=0 time=0.19ms cost=0.0 pos=(19.89,-0.11,-4.98) local=(19.89,-0.03,-4.98) wbirth=(-0.00,-0.08,0.00) ref=(20.00,0.00) leader=(20.00,0.00) fallbacks=0
[mpc_node-5] [INFO] [1783590889.808722368] [px4_3.mpc_node_3]: [d3] solve: status=0 time=0.14ms cost=0.0 pos=(22.91,-0.08,-5.01) local=(19.61,-0.07,-3.75) wbirth=(3.30,-0.01,-1.26) ref=(23.00,0.00) leader=(20.00,0.00) fallbacks=0
[mpc_node-4] [INFO] [1783590889.823690978] [px4_2.mpc_node_2]: [d2] solve: status=0 time=0.17ms cost=0.0 pos=(20.13,-3.00,-4.98) local=(20.42,0.03,-4.01) wbirth=(-0.29,-3.02,-0.97) ref=(20.00,-3.00) leader=(20.00,0.00) fallbacks=0
[mpc_node-6] [INFO] [1783590889.823950920] [px4_4.mpc_node_4]: [d4] solve: status=0 time=0.16ms cost=0.1 pos=(16.84,-0.00,-4.95) local=(19.58,-0.15,-4.49) wbirth=(-2.74,0.15,-0.46) ref=(17.00,0.00) leader=(20.00,0.00) fallbacks=0
[mpc_node-3] [INFO] [1783590889.827707841] [px4_1.mpc_node_1]: [d1] solve: status=0 time=0.16ms cost=0.0 pos=(19.96,3.12,-4.97) local=(19.80,-0.04,-4.59) wbirth=(0.17,3.16,-0.38) ref=(20.00,3.00) leader=(20.00,0.00) fallbacks=0
[mpc_node-2] [INFO] [1783590889.892693586] [px4_0.mpc_node_0]: [d0] solve: status=0 time=0.21ms cost=0.0 pos=(19.92,-0.02,-5.02) local=(19.93,0.06,-5.02) wbirth=(-0.00,-0.08,0.00) ref=(20.00,0.00) leader=(20.00,0.00) fallbacks=0
[mpc_node-5] [INFO] [1783590890.810221812] [px4_3.mpc_node_3]: [d3] solve: status=0 time=0.18ms cost=0.0 pos=(22.91,-0.08,-4.95) local=(19.61,-0.07,-3.69) wbirth=(3.30,-0.01,-1.26) ref=(23.00,0.00) leader=(20.00,0.00) fallbacks=0
[mpc_node-4] [INFO] [1783590890.823429316] [px4_2.mpc_node_2]: [d2] solve: status=0 time=0.15ms cost=0.0 pos=(20.05,-2.98,-4.99) local=(20.34,0.04,-4.02) wbirth=(-0.29,-3.02,-0.97) ref=(20.00,-3.00) leader=(20.00,0.00) fallbacks=0
[mpc_node-6] [INFO] [1783590890.824325405] [px4_4.mpc_node_4]: [d4] solve: status=0 time=0.17ms cost=0.0 pos=(16.91,0.02,-4.98) local=(19.66,-0.13,-4.52) wbirth=(-2.74,0.15,-0.46) ref=(17.00,0.00) leader=(20.00,0.00) fallbacks=0
[mpc_node-3] [INFO] [1783590890.827632748] [px4_1.mpc_node_1]: [d1] solve: status=0 time=0.17ms cost=0.1 pos=(19.96,3.15,-4.96) local=(19.79,-0.01,-4.58) wbirth=(0.17,3.16,-0.38) ref=(20.00,3.00) leader=(20.00,0.00) fallbacks=0
[mpc_node-2] [INFO] [1783590890.890882658] [px4_0.mpc_node_0]: [d0] solve: status=0 time=0.18ms cost=0.0 pos=(20.01,-0.00,-4.98) local=(20.01,0.07,-4.98) wbirth=(-0.00,-0.08,0.00) ref=(20.00,0.00) leader=(20.00,0.00) fallbacks=0
[mpc_node-5] [INFO] [1783590891.810146220] [px4_3.mpc_node_3]: [d3] solve: status=0 time=0.19ms cost=0.0 pos=(23.02,-0.10,-4.97) local=(19.73,-0.09,-3.71) wbirth=(3.30,-0.01,-1.26) ref=(23.00,0.00) leader=(20.00,0.00) fallbacks=0
[mpc_node-4] [INFO] [1783590891.823017133] [px4_2.mpc_node_2]: [d2] solve: status=0 time=0.14ms cost=0.0 pos=(20.02,-3.01,-5.00) local=(20.31,0.02,-4.03) wbirth=(-0.29,-3.02,-0.97) ref=(20.00,-3.00) leader=(20.00,0.00) fallbacks=0
[mpc_node-6] [INFO] [1783590891.824935324] [px4_4.mpc_node_4]: [d4] solve: status=0 time=0.14ms cost=0.0 pos=(16.98,-0.01,-5.00) local=(19.72,-0.16,-4.54) wbirth=(-2.74,0.15,-0.46) ref=(17.00,0.00) leader=(20.00,0.00) fallbacks=0
[mpc_node-3] [INFO] [1783590891.827531743] [px4_1.mpc_node_1]: [d1] solve: status=0 time=0.18ms cost=0.0 pos=(19.95,3.04,-5.00) local=(19.78,-0.12,-4.62) wbirth=(0.17,3.16,-0.38) ref=(20.00,3.00) leader=(20.00,0.00) fallbacks=0
[mpc_node-2] [INFO] [1783590891.891544786] [px4_0.mpc_node_0]: [d0] solve: status=0 time=0.21ms cost=0.0 pos=(20.04,0.03,-4.96) local=(20.05,0.11,-4.96) wbirth=(-0.00,-0.08,0.00) ref=(20.00,0.00) leader=(20.00,0.00) fallbacks=0
[mpc_node-5] [INFO] [1783590892.808737499] [px4_3.mpc_node_3]: [d3] solve: status=0 time=0.16ms cost=0.0 pos=(23.02,-0.08,-4.97) local=(19.72,-0.07,-3.71) wbirth=(3.30,-0.01,-1.26) ref=(23.00,0.00) leader=(20.00,0.00) fallbacks=0
[mpc_node-4] [INFO] [1783590892.823566321] [px4_2.mpc_node_2]: [d2] solve: status=0 time=0.17ms cost=0.0 pos=(19.98,-3.04,-5.00) local=(20.27,-0.02,-4.03) wbirth=(-0.29,-3.02,-0.97) ref=(20.00,-3.00) leader=(20.00,0.00) fallbacks=0
[mpc_node-6] [INFO] [1783590892.824284905] [px4_4.mpc_node_4]: [d4] solve: status=0 time=0.20ms cost=0.0 pos=(17.04,-0.03,-4.96) local=(19.79,-0.18,-4.50) wbirth=(-2.74,0.15,-0.46) ref=(17.00,0.00) leader=(20.00,0.00) fallbacks=0
[mpc_node-3] [INFO] [1783590892.827590832] [px4_1.mpc_node_1]: [d1] solve: status=0 time=0.14ms cost=0.0 pos=(20.00,2.97,-4.99) local=(19.83,-0.19,-4.61) wbirth=(0.17,3.16,-0.38) ref=(20.00,3.00) leader=(20.00,0.00) fallbacks=0
[mpc_node-2] [INFO] [1783590892.892230360] [px4_0.mpc_node_0]: [d0] solve: status=0 time=0.16ms cost=0.0 pos=(20.11,0.08,-4.97) local=(20.11,0.15,-4.97) wbirth=(-0.00,-0.08,0.00) ref=(20.00,0.00) leader=(20.00,0.00) fallbacks=0
[mpc_node-5] [INFO] [1783590893.809030966] [px4_3.mpc_node_3]: [d3] solve: status=0 time=0.16ms cost=0.0 pos=(23.05,0.01,-5.03) local=(19.76,0.01,-3.77) wbirth=(3.30,-0.01,-1.26) ref=(23.00,0.00) leader=(20.00,0.00) fallbacks=0
[mpc_node-4] [INFO] [1783590893.823721989] [px4_2.mpc_node_2]: [d2] solve: status=0 time=0.17ms cost=0.0 pos=(19.88,-3.08,-5.02) local=(20.17,-0.06,-4.05) wbirth=(-0.29,-3.02,-0.97) ref=(20.00,-3.00) leader=(20.00,0.00) fallbacks=0
[mpc_node-6] [INFO] [1783590893.824312657] [px4_4.mpc_node_4]: [d4] solve: status=0 time=0.17ms cost=0.0 pos=(17.12,-0.08,-5.02) local=(19.86,-0.23,-4.56) wbirth=(-2.74,0.15,-0.46) ref=(17.00,0.00) leader=(20.00,0.00) fallbacks=0
[mpc_node-3] [INFO] [1783590893.827320009] [px4_1.mpc_node_1]: [d1] solve: status=0 time=0.14ms cost=0.0 pos=(20.00,3.01,-5.02) local=(19.83,-0.16,-4.64) wbirth=(0.17,3.16,-0.38) ref=(20.00,3.00) leader=(20.00,0.00) fallbacks=0
[mpc_node-2] [INFO] [1783590893.892037858] [px4_0.mpc_node_0]: [d0] solve: status=0 time=0.17ms cost=0.0 pos=(20.12,0.07,-4.96) local=(20.12,0.14,-4.96) wbirth=(-0.00,-0.08,0.00) ref=(20.00,0.00) leader=(20.00,0.00) fallbacks=0
[mpc_node-5] [INFO] [1783590894.809074661] [px4_3.mpc_node_3]: [d3] solve: status=0 time=0.19ms cost=0.0 pos=(23.03,0.06,-5.03) local=(19.74,0.07,-3.77) wbirth=(3.30,-0.01,-1.26) ref=(23.00,0.00) leader=(20.00,0.00) fallbacks=0
[mpc_node-4] [INFO] [1783590894.823871411] [px4_2.mpc_node_2]: [d2] solve: status=0 time=0.18ms cost=0.0 pos=(19.93,-3.07,-5.06) local=(20.22,-0.05,-4.08) wbirth=(-0.29,-3.02,-0.97) ref=(20.00,-3.00) leader=(20.00,0.00) fallbacks=0
[mpc_node-6] [INFO] [1783590894.824056020] [px4_4.mpc_node_4]: [d4] solve: status=0 time=0.16ms cost=0.0 pos=(17.10,-0.08,-4.97) local=(19.85,-0.23,-4.51) wbirth=(-2.74,0.15,-0.46) ref=(17.00,0.00) leader=(20.00,0.00) fallbacks=0
[mpc_node-3] [INFO] [1783590894.827944151] [px4_1.mpc_node_1]: [d1] solve: status=0 time=0.17ms cost=0.0 pos=(19.98,2.99,-5.00) local=(19.81,-0.17,-4.62) wbirth=(0.17,3.16,-0.38) ref=(20.00,3.00) leader=(20.00,0.00) fallbacks=0
[mpc_node-2] [INFO] [1783590894.892396924] [px4_0.mpc_node_0]: [d0] solve: status=0 time=0.21ms cost=0.0 pos=(20.01,0.05,-4.97) local=(20.01,0.13,-4.97) wbirth=(-0.00,-0.08,0.00) ref=(20.00,0.00) leader=(20.00,0.00) fallbacks=0
[mpc_node-5] [INFO] [1783590895.808737223] [px4_3.mpc_node_3]: [d3] solve: status=0 time=0.16ms cost=0.0 pos=(23.07,0.01,-4.98) local=(19.77,0.01,-3.72) wbirth=(3.30,-0.01,-1.26) ref=(23.00,0.00) leader=(20.00,0.00) fallbacks=0
[mpc_node-4] [INFO] [1783590895.823180761] [px4_2.mpc_node_2]: [d2] solve: status=0 time=0.17ms cost=0.0 pos=(20.00,-3.03,-5.00) local=(20.29,-0.01,-4.03) wbirth=(-0.29,-3.02,-0.97) ref=(20.00,-3.00) leader=(20.00,0.00) fallbacks=0
[mpc_node-6] [INFO] [1783590895.824061365] [px4_4.mpc_node_4]: [d4] solve: status=0 time=0.16ms cost=0.0 pos=(17.12,0.02,-5.05) local=(19.86,-0.13,-4.59) wbirth=(-2.74,0.15,-0.46) ref=(17.00,0.00) leader=(20.00,0.00) fallbacks=0
[mpc_node-3] [INFO] [1783590895.827515252] [px4_1.mpc_node_1]: [d1] solve: status=0 time=0.22ms cost=0.0 pos=(19.89,2.95,-5.02) local=(19.72,-0.21,-4.64) wbirth=(0.17,3.16,-0.38) ref=(20.00,3.00) leader=(20.00,0.00) fallbacks=0
[mpc_node-2] [INFO] [1783590895.891193953] [px4_0.mpc_node_0]: [d0] solve: status=0 time=0.14ms cost=0.0 pos=(19.90,0.04,-5.06) local=(19.90,0.12,-5.06) wbirth=(-0.00,-0.08,0.00) ref=(20.00,0.00) leader=(20.00,0.00) fallbacks=0
[mpc_node-5] [INFO] [1783590896.808584718] [px4_3.mpc_node_3]: [d3] solve: status=0 time=0.16ms cost=0.0 pos=(22.96,-0.02,-4.96) local=(19.66,-0.01,-3.70) wbirth=(3.30,-0.01,-1.26) ref=(23.00,0.00) leader=(20.00,0.00) fallbacks=0
[mpc_node-4] [INFO] [1783590896.823710197] [px4_2.mpc_node_2]: [d2] solve: status=0 time=0.17ms cost=0.0 pos=(20.03,-2.95,-5.01) local=(20.32,0.07,-4.04) wbirth=(-0.29,-3.02,-0.97) ref=(20.00,-3.00) leader=(20.00,0.00) fallbacks=0
[mpc_node-6] [INFO] [1783590896.824058631] [px4_4.mpc_node_4]: [d4] solve: status=0 time=0.16ms cost=0.0 pos=(17.07,0.11,-5.06) local=(19.82,-0.04,-4.60) wbirth=(-2.74,0.15,-0.46) ref=(17.00,0.00) leader=(20.00,0.00) fallbacks=0
[mpc_node-3] [INFO] [1783590896.828089649] [px4_1.mpc_node_1]: [d1] solve: status=0 time=0.14ms cost=0.0 pos=(19.89,2.92,-5.00) local=(19.73,-0.24,-4.62) wbirth=(0.17,3.16,-0.38) ref=(20.00,3.00) leader=(20.00,0.00) fallbacks=0
[mpc_node-2] [INFO] [1783590896.892658139] [px4_0.mpc_node_0]: [d0] solve: status=0 time=0.15ms cost=0.1 pos=(19.85,0.03,-5.05) local=(19.85,0.10,-5.05) wbirth=(-0.00,-0.08,0.00) ref=(20.00,0.00) leader=(20.00,0.00) fallbacks=0
[mpc_node-5] [INFO] [1783590897.808634663] [px4_3.mpc_node_3]: [d3] solve: status=0 time=0.14ms cost=0.0 pos=(22.92,-0.01,-5.02) local=(19.62,-0.01,-3.76) wbirth=(3.30,-0.01,-1.26) ref=(23.00,0.00) leader=(20.00,0.00) fallbacks=0
[mpc_node-4] [INFO] [1783590897.824057167] [px4_2.mpc_node_2]: [d2] solve: status=0 time=0.27ms cost=0.0 pos=(20.04,-2.90,-4.99) local=(20.33,0.12,-4.02) wbirth=(-0.29,-3.02,-0.97) ref=(20.00,-3.00) leader=(20.00,0.00) fallbacks=0
[mpc_node-6] [INFO] [1783590897.824656950] [px4_4.mpc_node_4]: [d4] solve: status=0 time=0.17ms cost=0.0 pos=(16.94,0.09,-4.97) local=(19.68,-0.06,-4.51) wbirth=(-2.74,0.15,-0.46) ref=(17.00,0.00) leader=(20.00,0.00) fallbacks=0
[mpc_node-3] [INFO] [1783590897.827519859] [px4_1.mpc_node_1]: [d1] solve: status=0 time=0.20ms cost=0.0 pos=(19.97,2.93,-5.02) local=(19.80,-0.23,-4.64) wbirth=(0.17,3.16,-0.38) ref=(20.00,3.00) leader=(20.00,0.00) fallbacks=0
[mpc_node-2] [INFO] [1783590897.893756808] [px4_0.mpc_node_0]: [d0] solve: status=0 time=0.21ms cost=0.0 pos=(19.92,-0.02,-4.99) local=(19.92,0.05,-4.99) wbirth=(-0.00,-0.08,0.00) ref=(20.00,0.00) leader=(20.00,0.00) fallbacks=0
[mpc_node-5] [INFO] [1783590898.809938848] [px4_3.mpc_node_3]: [d3] solve: status=0 time=0.19ms cost=0.0 pos=(22.96,0.03,-5.06) local=(19.67,0.03,-3.80) wbirth=(3.30,-0.01,-1.26) ref=(23.00,0.00) leader=(20.00,0.00) fallbacks=0
[mpc_node-4] [INFO] [1783590898.823109845] [px4_2.mpc_node_2]: [d2] solve: status=0 time=0.17ms cost=0.0 pos=(20.03,-2.90,-4.94) local=(20.32,0.12,-3.97) wbirth=(-0.29,-3.02,-0.97) ref=(20.00,-3.00) leader=(20.00,0.00) fallbacks=0
[mpc_node-6] [INFO] [1783590898.824130278] [px4_4.mpc_node_4]: [d4] solve: status=0 time=0.16ms cost=0.1 pos=(16.79,0.04,-4.96) local=(19.53,-0.11,-4.50) wbirth=(-2.74,0.15,-0.46) ref=(17.00,0.00) leader=(20.00,0.00) fallbacks=0
[mpc_node-3] [INFO] [1783590898.827547611] [px4_1.mpc_node_1]: [d1] solve: status=0 time=0.22ms cost=0.0 pos=(20.09,2.94,-5.03) local=(19.92,-0.23,-4.65) wbirth=(0.17,3.16,-0.38) ref=(20.00,3.00) leader=(20.00,0.00) fallbacks=0
[mpc_node-2] [INFO] [1783590898.891513098] [px4_0.mpc_node_0]: [d0] solve: status=0 time=0.18ms cost=0.0 pos=(20.04,-0.08,-4.95) local=(20.04,-0.00,-4.95) wbirth=(-0.00,-0.08,0.00) ref=(20.00,0.00) leader=(20.00,0.00) fallbacks=0
[mpc_node-5] [INFO] [1783590899.808966934] [px4_3.mpc_node_3]: [d3] solve: status=0 time=0.19ms cost=0.0 pos=(22.91,-0.03,-5.06) local=(19.61,-0.02,-3.80) wbirth=(3.30,-0.01,-1.26) ref=(23.00,0.00) leader=(20.00,0.00) fallbacks=0
[mpc_node-4] [INFO] [1783590899.823934003] [px4_2.mpc_node_2]: [d2] solve: status=0 time=0.26ms cost=0.0 pos=(20.08,-2.97,-4.97) local=(20.37,0.05,-4.00) wbirth=(-0.29,-3.02,-0.97) ref=(20.00,-3.00) leader=(20.00,0.00) fallbacks=0
[mpc_node-6] [INFO] [1783590899.824562458] [px4_4.mpc_node_4]: [d4] solve: status=0 time=0.13ms cost=0.2 pos=(16.70,0.01,-4.97) local=(19.44,-0.14,-4.51) wbirth=(-2.74,0.15,-0.46) ref=(17.00,0.00) leader=(20.00,0.00) fallbacks=0
[mpc_node-3] [INFO] [1783590899.828250896] [px4_1.mpc_node_1]: [d1] solve: status=0 time=0.21ms cost=0.1 pos=(20.20,3.00,-4.95) local=(20.03,-0.16,-4.57) wbirth=(0.17,3.16,-0.38) ref=(20.00,3.00) leader=(20.00,0.00) fallbacks=0
[mpc_node-2] [INFO] [1783590899.891336377] [px4_0.mpc_node_0]: [d0] solve: status=0 time=0.19ms cost=0.1 pos=(20.09,-0.08,-5.00) local=(20.10,-0.01,-5.00) wbirth=(-0.00,-0.08,0.00) ref=(20.00,0.00) leader=(20.00,0.00) fallbacks=0
[mpc_node-5] [INFO] [1783590900.809056195] [px4_3.mpc_node_3]: [d3] solve: status=0 time=0.20ms cost=0.0 pos=(23.05,-0.01,-5.03) local=(19.76,-0.01,-3.77) wbirth=(3.30,-0.01,-1.26) ref=(23.00,0.00) leader=(20.00,0.00) fallbacks=0
[mpc_node-4] [INFO] [1783590900.823220479] [px4_2.mpc_node_2]: [d2] solve: status=0 time=0.17ms cost=0.0 pos=(20.04,-3.02,-5.02) local=(20.33,0.00,-4.05) wbirth=(-0.29,-3.02,-0.97) ref=(20.00,-3.00) leader=(20.00,0.00) fallbacks=0
[mpc_node-6] [INFO] [1783590900.824813318] [px4_4.mpc_node_4]: [d4] solve: status=0 time=0.16ms cost=0.0 pos=(16.90,-0.04,-4.99) local=(19.64,-0.19,-4.53) wbirth=(-2.74,0.15,-0.46) ref=(17.00,0.00) leader=(20.00,0.00) fallbacks=0
[mpc_node-3] [INFO] [1783590900.827656710] [px4_1.mpc_node_1]: [d1] solve: status=0 time=0.20ms cost=0.1 pos=(20.19,3.06,-5.08) local=(20.02,-0.10,-4.70) wbirth=(0.17,3.16,-0.38) ref=(20.00,3.00) leader=(20.00,0.00) fallbacks=0
[mpc_node-2] [INFO] [1783590900.891697404] [px4_0.mpc_node_0]: [d0] solve: status=0 time=0.14ms cost=0.0 pos=(20.06,-0.04,-5.00) local=(20.06,0.04,-5.00) wbirth=(-0.00,-0.08,0.00) ref=(20.00,0.00) leader=(20.00,0.00) fallbacks=0
[mpc_node-5] [INFO] [1783590901.808760786] [px4_3.mpc_node_3]: [d3] solve: status=0 time=0.14ms cost=0.1 pos=(23.19,0.00,-4.96) local=(19.90,0.01,-3.70) wbirth=(3.30,-0.01,-1.26) ref=(23.00,0.00) leader=(20.00,0.00) fallbacks=0
[mpc_node-4] [INFO] [1783590901.822921534] [px4_2.mpc_node_2]: [d2] solve: status=0 time=0.17ms cost=0.0 pos=(19.88,-3.02,-5.00) local=(20.16,-0.00,-4.03) wbirth=(-0.29,-3.02,-0.97) ref=(20.00,-3.00) leader=(20.00,0.00) fallbacks=0
[mpc_node-6] [INFO] [1783590901.824163046] [px4_4.mpc_node_4]: [d4] solve: status=0 time=0.14ms cost=0.1 pos=(17.12,-0.05,-4.91) local=(19.86,-0.20,-4.45) wbirth=(-2.74,0.15,-0.46) ref=(17.00,0.00) leader=(20.00,0.00) fallbacks=0
[mpc_node-3] [INFO] [1783590901.827311900] [px4_1.mpc_node_1]: [d1] solve: status=0 time=0.16ms cost=0.0 pos=(20.09,3.07,-5.00) local=(19.92,-0.09,-4.62) wbirth=(0.17,3.16,-0.38) ref=(20.00,3.00) leader=(20.00,0.00) fallbacks=0
[mpc_node-2] [INFO] [1783590901.891813987] [px4_0.mpc_node_0]: [d0] solve: status=0 time=0.15ms cost=0.0 pos=(20.03,-0.01,-5.03) local=(20.04,0.07,-5.03) wbirth=(-0.00,-0.08,0.00) ref=(20.00,0.00) leader=(20.00,0.00) fallbacks=0
[mpc_node-5] [INFO] [1783590902.809592547] [px4_3.mpc_node_3]: [d3] solve: status=0 time=0.17ms cost=0.0 pos=(23.09,0.05,-5.01) local=(19.80,0.05,-3.75) wbirth=(3.30,-0.01,-1.26) ref=(23.00,0.00) leader=(20.00,0.00) fallbacks=0
[mpc_node-4] [INFO] [1783590902.823007841] [px4_2.mpc_node_2]: [d2] solve: status=0 time=0.17ms cost=0.0 pos=(19.90,-3.00,-4.97) local=(20.19,0.02,-4.00) wbirth=(-0.29,-3.02,-0.97) ref=(20.00,-3.00) leader=(20.00,0.00) fallbacks=0
[mpc_node-6] [INFO] [1783590902.824001522] [px4_4.mpc_node_4]: [d4] solve: status=0 time=0.14ms cost=0.1 pos=(17.14,-0.09,-4.95) local=(19.88,-0.24,-4.49) wbirth=(-2.74,0.15,-0.46) ref=(17.00,0.00) leader=(20.00,0.00) fallbacks=0
[mpc_node-3] [INFO] [1783590902.827732130] [px4_1.mpc_node_1]: [d1] solve: status=0 time=0.17ms cost=0.0 pos=(19.94,3.04,-4.96) local=(19.77,-0.13,-4.58) wbirth=(0.17,3.16,-0.38) ref=(20.00,3.00) leader=(20.00,0.00) fallbacks=0
[mpc_node-2] [INFO] [1783590902.890865855] [px4_0.mpc_node_0]: [d0] solve: status=0 time=0.15ms cost=0.0 pos=(20.02,-0.02,-5.04) local=(20.02,0.06,-5.04) wbirth=(-0.00,-0.08,0.00) ref=(20.00,0.00) leader=(20.00,0.00) fallbacks=0
[mpc_node-5] [INFO] [1783590903.809312150] [px4_3.mpc_node_3]: [d3] solve: status=0 time=0.14ms cost=0.0 pos=(22.95,0.01,-4.96) local=(19.66,0.01,-3.70) wbirth=(3.30,-0.01,-1.26) ref=(23.00,0.00) leader=(20.00,0.00) fallbacks=0
[mpc_node-4] [INFO] [1783590903.822976204] [px4_2.mpc_node_2]: [d2] solve: status=0 time=0.15ms cost=0.0 pos=(19.95,-2.97,-4.98) local=(20.24,0.05,-4.01) wbirth=(-0.29,-3.02,-0.97) ref=(20.00,-3.00) leader=(20.00,0.00) fallbacks=0
[mpc_node-6] [INFO] [1783590903.823942136] [px4_4.mpc_node_4]: [d4] solve: status=0 time=0.14ms cost=0.0 pos=(17.08,-0.04,-5.05) local=(19.83,-0.19,-4.59) wbirth=(-2.74,0.15,-0.46) ref=(17.00,0.00) leader=(20.00,0.00) fallbacks=0
[mpc_node-3] [INFO] [1783590903.827603190] [px4_1.mpc_node_1]: [d1] solve: status=0 time=0.16ms cost=0.0 pos=(19.86,3.04,-4.98) local=(19.69,-0.12,-4.60) wbirth=(0.17,3.16,-0.38) ref=(20.00,3.00) leader=(20.00,0.00) fallbacks=0
[mpc_node-2] [INFO] [1783590903.891067853] [px4_0.mpc_node_0]: [d0] solve: status=0 time=0.15ms cost=0.0 pos=(20.02,-0.03,-4.96) local=(20.03,0.05,-4.96) wbirth=(-0.00,-0.08,0.00) ref=(20.00,0.00) leader=(20.00,0.00) fallbacks=0
[mpc_node-5] [INFO] [1783590904.810275337] [px4_3.mpc_node_3]: [d3] solve: status=0 time=0.17ms cost=0.0 pos=(22.94,-0.00,-4.97) local=(19.64,0.00,-3.71) wbirth=(3.30,-0.01,-1.26) ref=(23.00,0.00) leader=(20.00,0.00) fallbacks=0
[mpc_node-4] [INFO] [1783590904.823020335] [px4_2.mpc_node_2]: [d2] solve: status=0 time=0.17ms cost=0.0 pos=(20.00,-3.00,-5.00) local=(20.29,0.02,-4.03) wbirth=(-0.29,-3.02,-0.97) ref=(20.00,-3.00) leader=(20.00,0.00) fallbacks=0
[mpc_node-6] [INFO] [1783590904.825553641] [px4_4.mpc_node_4]: [d4] solve: status=0 time=0.18ms cost=0.0 pos=(17.09,0.04,-4.97) local=(19.84,-0.11,-4.51) wbirth=(-2.74,0.15,-0.46) ref=(17.00,0.00) leader=(20.00,0.00) fallbacks=0
[mpc_node-3] [INFO] [1783590904.827221070] [px4_1.mpc_node_1]: [d1] solve: status=0 time=0.17ms cost=0.0 pos=(19.90,2.99,-5.06) local=(19.73,-0.17,-4.67) wbirth=(0.17,3.16,-0.38) ref=(20.00,3.00) leader=(20.00,0.00) fallbacks=0
[mpc_node-2] [INFO] [1783590904.892002426] [px4_0.mpc_node_0]: [d0] solve: status=0 time=0.17ms cost=0.0 pos=(20.00,0.03,-4.97) local=(20.00,0.11,-4.97) wbirth=(-0.00,-0.08,0.00) ref=(20.00,0.00) leader=(20.00,0.00) fallbacks=0
[mpc_node-5] [INFO] [1783590905.809285365] [px4_3.mpc_node_3]: [d3] solve: status=0 time=0.14ms cost=0.0 pos=(22.93,-0.02,-5.03) local=(19.63,-0.02,-3.77) wbirth=(3.30,-0.01,-1.26) ref=(23.00,0.00) leader=(20.00,0.00) fallbacks=0
[mpc_node-4] [INFO] [1783590905.823300111] [px4_2.mpc_node_2]: [d2] solve: status=0 time=0.19ms cost=0.0 pos=(20.03,-3.03,-5.01) local=(20.32,-0.01,-4.04) wbirth=(-0.29,-3.02,-0.97) ref=(20.00,-3.00) leader=(20.00,0.00) fallbacks=0
[mpc_node-6] [INFO] [1783590905.823871687] [px4_4.mpc_node_4]: [d4] solve: status=0 time=0.16ms cost=0.0 pos=(17.13,0.07,-4.93) local=(19.87,-0.08,-4.47) wbirth=(-2.74,0.15,-0.46) ref=(17.00,0.00) leader=(20.00,0.00) fallbacks=0
[mpc_node-3] [INFO] [1783590905.827403858] [px4_1.mpc_node_1]: [d1] solve: status=0 time=0.17ms cost=0.0 pos=(19.94,2.93,-5.01) local=(19.77,-0.24,-4.63) wbirth=(0.17,3.16,-0.38) ref=(20.00,3.00) leader=(20.00,0.00) fallbacks=0
[mpc_node-2] [INFO] [1783590905.890920166] [px4_0.mpc_node_0]: [d0] solve: status=0 time=0.15ms cost=0.0 pos=(19.95,0.04,-5.00) local=(19.96,0.12,-5.00) wbirth=(-0.00,-0.08,0.00) ref=(20.00,0.00) leader=(20.00,0.00) fallbacks=0
[mpc_node-5] [INFO] [1783590906.809284823] [px4_3.mpc_node_3]: [d3] solve: status=0 time=0.17ms cost=0.0 pos=(22.92,-0.04,-5.04) local=(19.63,-0.03,-3.78) wbirth=(3.30,-0.01,-1.26) ref=(23.00,0.00) leader=(20.00,0.00) fallbacks=0
[mpc_node-4] [INFO] [1783590906.824195300] [px4_2.mpc_node_2]: [d2] solve: status=0 time=0.21ms cost=0.0 pos=(20.03,-3.07,-5.07) local=(20.32,-0.05,-4.10) wbirth=(-0.29,-3.02,-0.97) ref=(20.00,-3.00) leader=(20.00,0.00) fallbacks=0
[mpc_node-6] [INFO] [1783590906.824745525] [px4_4.mpc_node_4]: [d4] solve: status=0 time=0.16ms cost=0.0 pos=(17.05,0.05,-4.96) local=(19.79,-0.10,-4.50) wbirth=(-2.74,0.15,-0.46) ref=(17.00,0.00) leader=(20.00,0.00) fallbacks=0
[mpc_node-3] [INFO] [1783590906.827801069] [px4_1.mpc_node_1]: [d1] solve: status=0 time=0.20ms cost=0.0 pos=(19.95,2.96,-4.96) local=(19.79,-0.20,-4.58) wbirth=(0.17,3.16,-0.38) ref=(20.00,3.00) leader=(20.00,0.00) fallbacks=0
[mpc_node-2] [INFO] [1783590906.891534936] [px4_0.mpc_node_0]: [d0] solve: status=0 time=0.15ms cost=0.0 pos=(19.99,0.10,-5.06) local=(19.99,0.18,-5.06) wbirth=(-0.00,-0.08,0.00) ref=(20.00,0.00) leader=(20.00,0.00) fallbacks=0
[mpc_node-5] [INFO] [1783590907.809353553] [px4_3.mpc_node_3]: [d3] solve: status=0 time=0.14ms cost=0.0 pos=(23.00,-0.05,-5.09) local=(19.71,-0.04,-3.83) wbirth=(3.30,-0.01,-1.26) ref=(23.00,0.00) leader=(20.00,0.00) fallbacks=0
[mpc_node-4] [INFO] [1783590907.822953179] [px4_2.mpc_node_2]: [d2] solve: status=0 time=0.14ms cost=0.0 pos=(20.00,-3.05,-5.03) local=(20.29,-0.03,-4.06) wbirth=(-0.29,-3.02,-0.97) ref=(20.00,-3.00) leader=(20.00,0.00) fallbacks=0
[mpc_node-6] [INFO] [1783590907.824364190] [px4_4.mpc_node_4]: [d4] solve: status=0 time=0.16ms cost=0.0 pos=(16.96,0.04,-5.04) local=(19.70,-0.11,-4.58) wbirth=(-2.74,0.15,-0.46) ref=(17.00,0.00) leader=(20.00,0.00) fallbacks=0
[mpc_node-3] [INFO] [1783590907.827754447] [px4_1.mpc_node_1]: [d1] solve: status=0 time=0.19ms cost=0.0 pos=(19.98,2.98,-4.95) local=(19.81,-0.18,-4.57) wbirth=(0.17,3.16,-0.38) ref=(20.00,3.00) leader=(20.00,0.00) fallbacks=0
[mpc_node-2] [INFO] [1783590907.890909425] [px4_0.mpc_node_0]: [d0] solve: status=0 time=0.17ms cost=0.0 pos=(20.01,0.07,-4.95) local=(20.01,0.15,-4.95) wbirth=(-0.00,-0.08,0.00) ref=(20.00,0.00) leader=(20.00,0.00) fallbacks=0
[mpc_node-5] [INFO] [1783590908.809446321] [px4_3.mpc_node_3]: [d3] solve: status=0 time=0.16ms cost=0.0 pos=(23.07,-0.03,-5.02) local=(19.78,-0.03,-3.76) wbirth=(3.30,-0.01,-1.26) ref=(23.00,0.00) leader=(20.00,0.00) fallbacks=0
[mpc_node-4] [INFO] [1783590908.823075237] [px4_2.mpc_node_2]: [d2] solve: status=0 time=0.18ms cost=0.0 pos=(20.04,-3.01,-5.03) local=(20.33,0.01,-4.06) wbirth=(-0.29,-3.02,-0.97) ref=(20.00,-3.00) leader=(20.00,0.00) fallbacks=0
[mpc_node-6] [INFO] [1783590908.825021445] [px4_4.mpc_node_4]: [d4] solve: status=0 time=0.14ms cost=0.0 pos=(16.92,0.05,-4.97) local=(19.66,-0.10,-4.51) wbirth=(-2.74,0.15,-0.46) ref=(17.00,0.00) leader=(20.00,0.00) fallbacks=0
[mpc_node-3] [INFO] [1783590908.827241176] [px4_1.mpc_node_1]: [d1] solve: status=0 time=0.16ms cost=0.0 pos=(20.04,3.03,-4.94) local=(19.87,-0.14,-4.55) wbirth=(0.17,3.16,-0.38) ref=(20.00,3.00) leader=(20.00,0.00) fallbacks=0
[mpc_node-2] [INFO] [1783590908.891863264] [px4_0.mpc_node_0]: [d0] solve: status=0 time=0.20ms cost=0.0 pos=(19.99,-0.01,-4.97) local=(19.99,0.07,-4.97) wbirth=(-0.00,-0.08,0.00) ref=(20.00,0.00) leader=(20.00,0.00) fallbacks=0
[mpc_node-5] [INFO] [1783590909.808791397] [px4_3.mpc_node_3]: [d3] solve: status=0 time=0.17ms cost=0.0 pos=(23.11,0.02,-5.01) local=(19.81,0.02,-3.75) wbirth=(3.30,-0.01,-1.26) ref=(23.00,0.00) leader=(20.00,0.00) fallbacks=0
[mpc_node-4] [INFO] [1783590909.823681832] [px4_2.mpc_node_2]: [d2] solve: status=0 time=0.14ms cost=0.0 pos=(20.09,-3.00,-5.01) local=(20.38,0.03,-4.04) wbirth=(-0.29,-3.02,-0.97) ref=(20.00,-3.00) leader=(20.00,0.00) fallbacks=0
[mpc_node-6] [INFO] [1783590909.825687306] [px4_4.mpc_node_4]: [d4] solve: status=0 time=0.17ms cost=0.0 pos=(16.91,0.03,-5.00) local=(19.65,-0.12,-4.54) wbirth=(-2.74,0.15,-0.46) ref=(17.00,0.00) leader=(20.00,0.00) fallbacks=0
[mpc_node-3] [INFO] [1783590909.827925547] [px4_1.mpc_node_1]: [d1] solve: status=0 time=0.14ms cost=0.0 pos=(20.07,3.01,-4.92) local=(19.90,-0.15,-4.54) wbirth=(0.17,3.16,-0.38) ref=(20.00,3.00) leader=(20.00,0.00) fallbacks=0
[mpc_node-2] [INFO] [1783590909.892847913] [px4_0.mpc_node_0]: [d0] solve: status=0 time=0.18ms cost=0.0 pos=(19.98,-0.10,-5.00) local=(19.99,-0.03,-5.00) wbirth=(-0.00,-0.08,0.00) ref=(20.00,0.00) leader=(20.00,0.00) fallbacks=0
[mpc_node-5] [INFO] [1783590910.808831839] [px4_3.mpc_node_3]: [d3] solve: status=0 time=0.17ms cost=0.0 pos=(22.99,0.01,-4.99) local=(19.69,0.02,-3.73) wbirth=(3.30,-0.01,-1.26) ref=(23.00,0.00) leader=(20.00,0.00) fallbacks=0
[mpc_node-4] [INFO] [1783590910.823007930] [px4_2.mpc_node_2]: [d2] solve: status=0 time=0.17ms cost=0.0 pos=(20.07,-2.97,-4.97) local=(20.36,0.05,-4.00) wbirth=(-0.29,-3.02,-0.97) ref=(20.00,-3.00) leader=(20.00,0.00) fallbacks=0
[mpc_node-6] [INFO] [1783590910.825003294] [px4_4.mpc_node_4]: [d4] solve: status=0 time=0.15ms cost=0.0 pos=(16.89,-0.01,-5.03) local=(19.63,-0.16,-4.57) wbirth=(-2.74,0.15,-0.46) ref=(17.00,0.00) leader=(20.00,0.00) fallbacks=0
[mpc_node-3] [INFO] [1783590910.827320414] [px4_1.mpc_node_1]: [d1] solve: status=0 time=0.17ms cost=0.0 pos=(20.11,2.99,-5.05) local=(19.94,-0.17,-4.67) wbirth=(0.17,3.16,-0.38) ref=(20.00,3.00) leader=(20.00,0.00) fallbacks=0
[mpc_node-2] [INFO] [1783590910.890811710] [px4_0.mpc_node_0]: [d0] solve: status=0 time=0.18ms cost=0.0 pos=(19.99,-0.12,-5.00) local=(19.99,-0.04,-5.00) wbirth=(-0.00,-0.08,0.00) ref=(20.00,0.00) leader=(20.00,0.00) fallbacks=0
[mpc_node-5] [INFO] [1783590911.809398039] [px4_3.mpc_node_3]: [d3] solve: status=0 time=0.17ms cost=0.0 pos=(22.89,0.06,-4.97) local=(19.60,0.06,-3.71) wbirth=(3.30,-0.01,-1.26) ref=(23.00,0.00) leader=(20.00,0.00) fallbacks=0
[mpc_node-4] [INFO] [1783590911.823600075] [px4_2.mpc_node_2]: [d2] solve: status=0 time=0.18ms cost=0.0 pos=(20.01,-2.94,-4.97) local=(20.30,0.08,-4.00) wbirth=(-0.29,-3.02,-0.97) ref=(20.00,-3.00) leader=(20.00,0.00) fallbacks=0
[mpc_node-6] [INFO] [1783590911.824628269] [px4_4.mpc_node_4]: [d4] solve: status=0 time=0.16ms cost=0.0 pos=(16.96,-0.06,-5.03) local=(19.70,-0.21,-4.57) wbirth=(-2.74,0.15,-0.46) ref=(17.00,0.00) leader=(20.00,0.00) fallbacks=0
[mpc_node-3] [INFO] [1783590911.827529878] [px4_1.mpc_node_1]: [d1] solve: status=0 time=0.17ms cost=0.1 pos=(20.15,3.01,-5.08) local=(19.98,-0.15,-4.70) wbirth=(0.17,3.16,-0.38) ref=(20.00,3.00) leader=(20.00,0.00) fallbacks=0
[mpc_node-2] [INFO] [1783590911.891283134] [px4_0.mpc_node_0]: [d0] solve: status=0 time=0.21ms cost=0.0 pos=(20.03,-0.10,-5.00) local=(20.04,-0.02,-5.00) wbirth=(-0.00,-0.08,0.00) ref=(20.00,0.00) leader=(20.00,0.00) fallbacks=0
[mpc_node-5] [INFO] [1783590912.809232058] [px4_3.mpc_node_3]: [d3] solve: status=0 time=0.14ms cost=0.0 pos=(22.96,0.05,-4.99) local=(19.67,0.05,-3.73) wbirth=(3.30,-0.01,-1.26) ref=(23.00,0.00) leader=(20.00,0.00) fallbacks=0
[mpc_node-4] [INFO] [1783590912.824489472] [px4_2.mpc_node_2]: [d2] solve: status=0 time=0.21ms cost=0.0 pos=(19.96,-2.96,-4.98) local=(20.25,0.06,-4.01) wbirth=(-0.29,-3.02,-0.97) ref=(20.00,-3.00) leader=(20.00,0.00) fallbacks=0
[mpc_node-6] [INFO] [1783590912.825188518] [px4_4.mpc_node_4]: [d4] solve: status=0 time=0.20ms cost=0.0 pos=(17.02,-0.09,-5.02) local=(19.76,-0.24,-4.56) wbirth=(-2.74,0.15,-0.46) ref=(17.00,0.00) leader=(20.00,0.00) fallbacks=0
[mpc_node-3] [INFO] [1783590912.827327045] [px4_1.mpc_node_1]: [d1] solve: status=0 time=0.17ms cost=0.0 pos=(20.08,3.03,-4.99) local=(19.91,-0.13,-4.60) wbirth=(0.17,3.16,-0.38) ref=(20.00,3.00) leader=(20.00,0.00) fallbacks=0
[mpc_node-2] [INFO] [1783590912.891528417] [px4_0.mpc_node_0]: [d0] solve: status=0 time=0.18ms cost=0.0 pos=(20.02,-0.03,-5.00) local=(20.02,0.05,-5.00) wbirth=(-0.00,-0.08,0.00) ref=(20.00,0.00) leader=(20.00,0.00) fallbacks=0
[mpc_node-5] [INFO] [1783590913.808549596] [px4_3.mpc_node_3]: [d3] solve: status=0 time=0.14ms cost=0.0 pos=(22.94,-0.01,-4.98) local=(19.64,-0.00,-3.72) wbirth=(3.30,-0.01,-1.26) ref=(23.00,0.00) leader=(20.00,0.00) fallbacks=0
[mpc_node-4] [INFO] [1783590913.823036907] [px4_2.mpc_node_2]: [d2] solve: status=0 time=0.18ms cost=0.0 pos=(19.90,-3.02,-5.02) local=(20.19,0.00,-4.05) wbirth=(-0.29,-3.02,-0.97) ref=(20.00,-3.00) leader=(20.00,0.00) fallbacks=0
[mpc_node-6] [INFO] [1783590913.824959837] [px4_4.mpc_node_4]: [d4] solve: status=0 time=0.17ms cost=0.0 pos=(17.05,-0.10,-4.96) local=(19.80,-0.25,-4.49) wbirth=(-2.74,0.15,-0.46) ref=(17.00,0.00) leader=(20.00,0.00) fallbacks=0
[mpc_node-3] [INFO] [1783590913.828111107] [px4_1.mpc_node_1]: [d1] solve: status=0 time=0.27ms cost=0.0 pos=(19.91,3.03,-4.97) local=(19.74,-0.13,-4.59) wbirth=(0.17,3.16,-0.38) ref=(20.00,3.00) leader=(20.00,0.00) fallbacks=0
[mpc_node-2] [INFO] [1783590913.890989244] [px4_0.mpc_node_0]: [d0] solve: status=0 time=0.14ms cost=0.0 pos=(19.98,0.08,-4.94) local=(19.99,0.15,-4.94) wbirth=(-0.00,-0.08,0.00) ref=(20.00,0.00) leader=(20.00,0.00) fallbacks=0
[mpc_node-5] [INFO] [1783590914.809445590] [px4_3.mpc_node_3]: [d3] solve: status=0 time=0.17ms cost=0.0 pos=(23.04,-0.05,-5.03) local=(19.74,-0.05,-3.77) wbirth=(3.30,-0.01,-1.26) ref=(23.00,0.00) leader=(20.00,0.00) fallbacks=0
[mpc_node-4] [INFO] [1783590914.823559114] [px4_2.mpc_node_2]: [d2] solve: status=0 time=0.21ms cost=0.0 pos=(19.93,-3.05,-4.96) local=(20.22,-0.02,-3.99) wbirth=(-0.29,-3.02,-0.97) ref=(20.00,-3.00) leader=(20.00,0.00) fallbacks=0
[mpc_node-6] [INFO] [1783590914.824278842] [px4_4.mpc_node_4]: [d4] solve: status=0 time=0.20ms cost=0.0 pos=(17.08,-0.05,-5.00) local=(19.82,-0.20,-4.54) wbirth=(-2.74,0.15,-0.46) ref=(17.00,0.00) leader=(20.00,0.00) fallbacks=0
[mpc_node-3] [INFO] [1783590914.827373314] [px4_1.mpc_node_1]: [d1] solve: status=0 time=0.14ms cost=0.1 pos=(19.84,3.08,-4.99) local=(19.67,-0.08,-4.61) wbirth=(0.17,3.16,-0.38) ref=(20.00,3.00) leader=(20.00,0.00) fallbacks=0
[mpc_node-2] [INFO] [1783590914.892313675] [px4_0.mpc_node_0]: [d0] solve: status=0 time=0.18ms cost=0.0 pos=(19.96,0.09,-5.00) local=(19.97,0.17,-5.00) wbirth=(-0.00,-0.08,0.00) ref=(20.00,0.00) leader=(20.00,0.00) fallbacks=0
[mpc_node-5] [INFO] [1783590915.809976427] [px4_3.mpc_node_3]: [d3] solve: status=0 time=0.15ms cost=0.0 pos=(23.11,-0.01,-4.99) local=(19.81,-0.00,-3.73) wbirth=(3.30,-0.01,-1.26) ref=(23.00,0.00) leader=(20.00,0.00) fallbacks=0
[mpc_node-4] [INFO] [1783590915.822918679] [px4_2.mpc_node_2]: [d2] solve: status=0 time=0.14ms cost=0.0 pos=(19.98,-3.03,-4.99) local=(20.27,-0.01,-4.02) wbirth=(-0.29,-3.02,-0.97) ref=(20.00,-3.00) leader=(20.00,0.00) fallbacks=0
[mpc_node-6] [INFO] [1783590915.825175776] [px4_4.mpc_node_4]: [d4] solve: status=0 time=0.17ms cost=0.0 pos=(17.08,0.01,-5.04) local=(19.82,-0.14,-4.58) wbirth=(-2.74,0.15,-0.46) ref=(17.00,0.00) leader=(20.00,0.00) fallbacks=0
[mpc_node-3] [INFO] [1783590915.827434434] [px4_1.mpc_node_1]: [d1] solve: status=0 time=0.17ms cost=0.0 pos=(19.88,3.04,-5.00) local=(19.71,-0.13,-4.62) wbirth=(0.17,3.16,-0.38) ref=(20.00,3.00) leader=(20.00,0.00) fallbacks=0
[mpc_node-2] [INFO] [1783590915.891527617] [px4_0.mpc_node_0]: [d0] solve: status=0 time=0.15ms cost=0.0 pos=(20.07,0.09,-5.05) local=(20.08,0.16,-5.05) wbirth=(-0.00,-0.08,0.00) ref=(20.00,0.00) leader=(20.00,0.00) fallbacks=0
[mpc_node-5] [INFO] [1783590916.809253769] [px4_3.mpc_node_3]: [d3] solve: status=0 time=0.14ms cost=0.0 pos=(23.11,0.02,-5.02) local=(19.81,0.02,-3.76) wbirth=(3.30,-0.01,-1.26) ref=(23.00,0.00) leader=(20.00,0.00) fallbacks=0
[mpc_node-4] [INFO] [1783590916.823426041] [px4_2.mpc_node_2]: [d2] solve: status=0 time=0.17ms cost=0.0 pos=(20.03,-2.97,-4.98) local=(20.32,0.06,-4.01) wbirth=(-0.29,-3.02,-0.97) ref=(20.00,-3.00) leader=(20.00,0.00) fallbacks=0
[mpc_node-6] [INFO] [1783590916.824956092] [px4_4.mpc_node_4]: [d4] solve: status=0 time=0.17ms cost=0.0 pos=(16.99,0.04,-4.98) local=(19.74,-0.11,-4.52) wbirth=(-2.74,0.15,-0.46) ref=(17.00,0.00) leader=(20.00,0.00) fallbacks=0
[mpc_node-3] [INFO] [1783590916.827532580] [px4_1.mpc_node_1]: [d1] solve: status=0 time=0.17ms cost=0.1 pos=(19.85,2.94,-4.99) local=(19.68,-0.23,-4.61) wbirth=(0.17,3.16,-0.38) ref=(20.00,3.00) leader=(20.00,0.00) fallbacks=0
[mpc_node-2] [INFO] [1783590916.893790382] [px4_0.mpc_node_0]: [d0] solve: status=0 time=0.20ms cost=0.0 pos=(20.07,0.07,-5.01) local=(20.07,0.15,-5.01) wbirth=(-0.00,-0.08,0.00) ref=(20.00,0.00) leader=(20.00,0.00) fallbacks=0
[mpc_node-5] [INFO] [1783590917.809163599] [px4_3.mpc_node_3]: [d3] solve: status=0 time=0.14ms cost=0.0 pos=(23.03,0.01,-5.05) local=(19.73,0.01,-3.79) wbirth=(3.30,-0.01,-1.26) ref=(23.00,0.00) leader=(20.00,0.00) fallbacks=0
[mpc_node-4] [INFO] [1783590917.823047859] [px4_2.mpc_node_2]: [d2] solve: status=0 time=0.14ms cost=0.0 pos=(20.05,-2.96,-4.91) local=(20.34,0.06,-3.94) wbirth=(-0.29,-3.02,-0.97) ref=(20.00,-3.00) leader=(20.00,0.00) fallbacks=0
[mpc_node-6] [INFO] [1783590917.824726058] [px4_4.mpc_node_4]: [d4] solve: status=0 time=0.17ms cost=0.0 pos=(16.92,0.08,-4.94) local=(19.67,-0.07,-4.48) wbirth=(-2.74,0.15,-0.46) ref=(17.00,0.00) leader=(20.00,0.00) fallbacks=0
[mpc_node-3] [INFO] [1783590917.828172286] [px4_1.mpc_node_1]: [d1] solve: status=0 time=0.73ms cost=0.0 pos=(19.93,2.89,-4.99) local=(19.76,-0.27,-4.61) wbirth=(0.17,3.16,-0.38) ref=(20.00,3.00) leader=(20.00,0.00) fallbacks=0
[mpc_node-2] [INFO] [1783590917.892613545] [px4_0.mpc_node_0]: [d0] solve: status=0 time=0.17ms cost=0.0 pos=(19.93,-0.00,-5.00) local=(19.93,0.07,-5.00) wbirth=(-0.00,-0.08,0.00) ref=(20.00,0.00) leader=(20.00,0.00) fallbacks=0
[mpc_node-5] [INFO] [1783590918.810001524] [px4_3.mpc_node_3]: [d3] solve: status=0 time=0.14ms cost=0.0 pos=(22.98,0.04,-5.05) local=(19.68,0.05,-3.79) wbirth=(3.30,-0.01,-1.26) ref=(23.00,0.00) leader=(20.00,0.00) fallbacks=0
[mpc_node-4] [INFO] [1783590918.823517632] [px4_2.mpc_node_2]: [d2] solve: status=0 time=0.18ms cost=0.0 pos=(20.05,-2.99,-4.95) local=(20.34,0.03,-3.98) wbirth=(-0.29,-3.02,-0.97) ref=(20.00,-3.00) leader=(20.00,0.00) fallbacks=0
[mpc_node-6] [INFO] [1783590918.825421013] [px4_4.mpc_node_4]: [d4] solve: status=0 time=0.14ms cost=0.1 pos=(16.88,0.12,-5.03) local=(19.63,-0.03,-4.57) wbirth=(-2.74,0.15,-0.46) ref=(17.00,0.00) leader=(20.00,0.00) fallbacks=0
[mpc_node-3] [INFO] [1783590918.827370701] [px4_1.mpc_node_1]: [d1] solve: status=0 time=0.16ms cost=0.0 pos=(20.08,2.89,-5.03) local=(19.91,-0.27,-4.65) wbirth=(0.17,3.16,-0.38) ref=(20.00,3.00) leader=(20.00,0.00) fallbacks=0
[mpc_node-2] [INFO] [1783590918.890942324] [px4_0.mpc_node_0]: [d0] solve: status=0 time=0.15ms cost=0.1 pos=(19.85,-0.08,-4.96) local=(19.86,-0.00,-4.96) wbirth=(-0.00,-0.08,0.00) ref=(20.00,0.00) leader=(20.00,0.00) fallbacks=0
[mpc_node-5] [INFO] [1783590919.809013982] [px4_3.mpc_node_3]: [d3] solve: status=0 time=0.14ms cost=0.0 pos=(22.96,0.04,-4.96) local=(19.66,0.05,-3.70) wbirth=(3.30,-0.01,-1.26) ref=(23.00,0.00) leader=(20.00,0.00) fallbacks=0
[mpc_node-4] [INFO] [1783590919.823448821] [px4_2.mpc_node_2]: [d2] solve: status=0 time=0.18ms cost=0.0 pos=(20.08,-3.02,-5.02) local=(20.37,0.00,-4.05) wbirth=(-0.29,-3.02,-0.97) ref=(20.00,-3.00) leader=(20.00,0.00) fallbacks=0
[mpc_node-6] [INFO] [1783590919.825205491] [px4_4.mpc_node_4]: [d4] solve: status=0 time=0.20ms cost=0.0 pos=(16.92,0.04,-5.00) local=(19.66,-0.11,-4.54) wbirth=(-2.74,0.15,-0.46) ref=(17.00,0.00) leader=(20.00,0.00) fallbacks=0
[mpc_node-3] [INFO] [1783590919.828570804] [px4_1.mpc_node_1]: [d1] solve: status=0 time=0.17ms cost=0.1 pos=(20.18,2.93,-4.98) local=(20.01,-0.24,-4.60) wbirth=(0.17,3.16,-0.38) ref=(20.00,3.00) leader=(20.00,0.00) fallbacks=0
[mpc_node-2] [INFO] [1783590919.892116371] [px4_0.mpc_node_0]: [d0] solve: status=0 time=0.18ms cost=0.0 pos=(19.89,-0.05,-5.01) local=(19.89,0.03,-5.01) wbirth=(-0.00,-0.08,0.00) ref=(20.00,0.00) leader=(20.00,0.00) fallbacks=0
[mpc_node-5] [INFO] [1783590920.810140625] [px4_3.mpc_node_3]: [d3] solve: status=0 time=0.17ms cost=0.0 pos=(22.95,0.04,-4.94) local=(19.65,0.04,-3.68) wbirth=(3.30,-0.01,-1.26) ref=(23.00,0.00) leader=(20.00,0.00) fallbacks=0
[mpc_node-4] [INFO] [1783590920.823336824] [px4_2.mpc_node_2]: [d2] solve: status=0 time=0.21ms cost=0.0 pos=(20.08,-3.07,-5.04) local=(20.37,-0.05,-4.07) wbirth=(-0.29,-3.02,-0.97) ref=(20.00,-3.00) leader=(20.00,0.00) fallbacks=0
[mpc_node-6] [INFO] [1783590920.825324796] [px4_4.mpc_node_4]: [d4] solve: status=0 time=0.17ms cost=0.0 pos=(16.97,-0.03,-4.99) local=(19.72,-0.18,-4.53) wbirth=(-2.74,0.15,-0.46) ref=(17.00,0.00) leader=(20.00,0.00) fallbacks=0
[mpc_node-3] [INFO] [1783590920.828448992] [px4_1.mpc_node_1]: [d1] solve: status=0 time=0.17ms cost=0.0 pos=(20.14,3.02,-5.01) local=(19.97,-0.14,-4.63) wbirth=(0.17,3.16,-0.38) ref=(20.00,3.00) leader=(20.00,0.00) fallbacks=0
[mpc_node-2] [INFO] [1783590920.891389270] [px4_0.mpc_node_0]: [d0] solve: status=0 time=0.20ms cost=0.0 pos=(20.02,-0.05,-5.07) local=(20.02,0.03,-5.07) wbirth=(-0.00,-0.08,0.00) ref=(20.00,0.00) leader=(20.00,0.00) fallbacks=0
[mpc_node-5] [INFO] [1783590921.808799362] [px4_3.mpc_node_3]: [d3] solve: status=0 time=0.17ms cost=0.0 pos=(22.93,0.03,-4.99) local=(19.64,0.04,-3.73) wbirth=(3.30,-0.01,-1.26) ref=(23.00,0.00) leader=(20.00,0.00) fallbacks=0
[mpc_node-6] [INFO] [1783590921.824133301] [px4_4.mpc_node_4]: [d4] solve: status=0 time=0.16ms cost=0.0 pos=(17.03,-0.05,-4.98) local=(19.77,-0.20,-4.52) wbirth=(-2.74,0.15,-0.46) ref=(17.00,0.00) leader=(20.00,0.00) fallbacks=0
[mpc_node-4] [INFO] [1783590921.824564601] [px4_2.mpc_node_2]: [d2] solve: status=0 time=0.19ms cost=0.0 pos=(19.97,-3.04,-5.04) local=(20.26,-0.01,-4.07) wbirth=(-0.29,-3.02,-0.97) ref=(20.00,-3.00) leader=(20.00,0.00) fallbacks=0
[mpc_node-3] [INFO] [1783590921.828366768] [px4_1.mpc_node_1]: [d1] solve: status=0 time=0.24ms cost=0.0 pos=(20.05,3.11,-5.01) local=(19.88,-0.06,-4.63) wbirth=(0.17,3.16,-0.38) ref=(20.00,3.00) leader=(20.00,0.00) fallbacks=0
[mpc_node-2] [INFO] [1783590921.892682751] [px4_0.mpc_node_0]: [d0] solve: status=0 time=0.21ms cost=0.1 pos=(20.13,-0.07,-5.04) local=(20.13,0.00,-5.04) wbirth=(-0.00,-0.08,0.00) ref=(20.00,0.00) leader=(20.00,0.00) fallbacks=0
[mpc_node-5] [INFO] [1783590922.809417119] [px4_3.mpc_node_3]: [d3] solve: status=0 time=0.16ms cost=0.0 pos=(22.97,-0.01,-5.01) local=(19.68,-0.01,-3.75) wbirth=(3.30,-0.01,-1.26) ref=(23.00,0.00) leader=(20.00,0.00) fallbacks=0
[mpc_node-4] [INFO] [1783590922.823355593] [px4_2.mpc_node_2]: [d2] solve: status=0 time=0.17ms cost=0.0 pos=(19.89,-2.97,-4.99) local=(20.18,0.05,-4.02) wbirth=(-0.29,-3.02,-0.97) ref=(20.00,-3.00) leader=(20.00,0.00) fallbacks=0
[mpc_node-6] [INFO] [1783590922.824802369] [px4_4.mpc_node_4]: [d4] solve: status=0 time=0.17ms cost=0.1 pos=(17.14,-0.08,-4.92) local=(19.88,-0.23,-4.46) wbirth=(-2.74,0.15,-0.46) ref=(17.00,0.00) leader=(20.00,0.00) fallbacks=0
[mpc_node-3] [INFO] [1783590922.828139912] [px4_1.mpc_node_1]: [d1] solve: status=0 time=0.17ms cost=0.0 pos=(19.96,3.08,-5.00) local=(19.79,-0.08,-4.62) wbirth=(0.17,3.16,-0.38) ref=(20.00,3.00) leader=(20.00,0.00) fallbacks=0
[mpc_node-2] [INFO] [1783590922.892649555] [px4_0.mpc_node_0]: [d0] solve: status=0 time=0.21ms cost=0.0 pos=(20.13,0.02,-4.99) local=(20.13,0.09,-4.99) wbirth=(-0.00,-0.08,0.00) ref=(20.00,0.00) leader=(20.00,0.00) fallbacks=0
[mpc_node-5] [INFO] [1783590923.808808700] [px4_3.mpc_node_3]: [d3] solve: status=0 time=0.14ms cost=0.0 pos=(23.01,-0.08,-4.98) local=(19.72,-0.07,-3.72) wbirth=(3.30,-0.01,-1.26) ref=(23.00,0.00) leader=(20.00,0.00) fallbacks=0
[mpc_node-4] [INFO] [1783590923.823093555] [px4_2.mpc_node_2]: [d2] solve: status=0 time=0.17ms cost=0.0 pos=(19.94,-2.91,-4.98) local=(20.23,0.11,-4.01) wbirth=(-0.29,-3.02,-0.97) ref=(20.00,-3.00) leader=(20.00,0.00) fallbacks=0
[mpc_node-6] [INFO] [1783590923.825663128] [px4_4.mpc_node_4]: [d4] solve: status=0 time=0.14ms cost=0.1 pos=(17.20,-0.10,-4.98) local=(19.94,-0.25,-4.52) wbirth=(-2.74,0.15,-0.46) ref=(17.00,0.00) leader=(20.00,0.00) fallbacks=0
[mpc_node-3] [INFO] [1783590923.828994141] [px4_1.mpc_node_1]: [d1] solve: status=0 time=0.21ms cost=0.0 pos=(19.90,3.05,-5.00) local=(19.73,-0.11,-4.62) wbirth=(0.17,3.16,-0.38) ref=(20.00,3.00) leader=(20.00,0.00) fallbacks=0
[mpc_node-2] [INFO] [1783590923.890951730] [px4_0.mpc_node_0]: [d0] solve: status=0 time=0.18ms cost=0.0 pos=(20.09,0.05,-4.97) local=(20.09,0.13,-4.97) wbirth=(-0.00,-0.08,0.00) ref=(20.00,0.00) leader=(20.00,0.00) fallbacks=0
[mpc_node-5] [INFO] [1783590924.809463944] [px4_3.mpc_node_3]: [d3] solve: status=0 time=0.17ms cost=0.0 pos=(23.07,-0.08,-5.02) local=(19.78,-0.07,-3.76) wbirth=(3.30,-0.01,-1.26) ref=(23.00,0.00) leader=(20.00,0.00) fallbacks=0
[mpc_node-4] [INFO] [1783590924.824025924] [px4_2.mpc_node_2]: [d2] solve: status=0 time=0.18ms cost=0.0 pos=(20.06,-2.90,-5.00) local=(20.35,0.12,-4.03) wbirth=(-0.29,-3.02,-0.97) ref=(20.00,-3.00) leader=(20.00,0.00) fallbacks=0
[mpc_node-6] [INFO] [1783590924.824711009] [px4_4.mpc_node_4]: [d4] solve: status=0 time=0.16ms cost=0.0 pos=(17.15,-0.06,-4.98) local=(19.89,-0.20,-4.52) wbirth=(-2.74,0.15,-0.46) ref=(17.00,0.00) leader=(20.00,0.00) fallbacks=0
[mpc_node-3] [INFO] [1783590924.828151943] [px4_1.mpc_node_1]: [d1] solve: status=0 time=0.20ms cost=0.0 pos=(19.93,3.00,-5.04) local=(19.76,-0.16,-4.65) wbirth=(0.17,3.16,-0.38) ref=(20.00,3.00) leader=(20.00,0.00) fallbacks=0
[mpc_node-2] [INFO] [1783590924.890438554] [px4_0.mpc_node_0]: [d0] solve: status=0 time=0.15ms cost=0.0 pos=(20.09,0.09,-4.98) local=(20.09,0.16,-4.98) wbirth=(-0.00,-0.08,0.00) ref=(20.00,0.00) leader=(20.00,0.00) fallbacks=0
[mpc_node-5] [INFO] [1783590925.809068857] [px4_3.mpc_node_3]: [d3] solve: status=0 time=0.14ms cost=0.0 pos=(23.13,-0.04,-5.04) local=(19.83,-0.04,-3.78) wbirth=(3.30,-0.01,-1.26) ref=(23.00,0.00) leader=(20.00,0.00) fallbacks=0
[mpc_node-4] [INFO] [1783590925.823592845] [px4_2.mpc_node_2]: [d2] solve: status=0 time=0.17ms cost=0.0 pos=(19.97,-2.97,-5.01) local=(20.26,0.05,-4.04) wbirth=(-0.29,-3.02,-0.97) ref=(20.00,-3.00) leader=(20.00,0.00) fallbacks=0
[mpc_node-6] [INFO] [1783590925.824307037] [px4_4.mpc_node_4]: [d4] solve: status=0 time=0.17ms cost=0.0 pos=(17.05,0.03,-5.01) local=(19.80,-0.12,-4.55) wbirth=(-2.74,0.15,-0.46) ref=(17.00,0.00) leader=(20.00,0.00) fallbacks=0
[mpc_node-3] [INFO] [1783590925.828243177] [px4_1.mpc_node_1]: [d1] solve: status=0 time=0.58ms cost=0.0 pos=(19.94,2.95,-5.02) local=(19.77,-0.21,-4.64) wbirth=(0.17,3.16,-0.38) ref=(20.00,3.00) leader=(20.00,0.00) fallbacks=0
[mpc_node-2] [INFO] [1783590925.892096132] [px4_0.mpc_node_0]: [d0] solve: status=0 time=0.17ms cost=0.0 pos=(20.01,0.09,-5.03) local=(20.02,0.17,-5.03) wbirth=(-0.00,-0.08,0.00) ref=(20.00,0.00) leader=(20.00,0.00) fallbacks=0
[mpc_node-5] [INFO] [1783590926.808607314] [px4_3.mpc_node_3]: [d3] solve: status=0 time=0.14ms cost=0.0 pos=(23.03,0.02,-5.01) local=(19.73,0.02,-3.75) wbirth=(3.30,-0.01,-1.26) ref=(23.00,0.00) leader=(20.00,0.00) fallbacks=0
[mpc_node-4] [INFO] [1783590926.824384489] [px4_2.mpc_node_2]: [d2] solve: status=0 time=0.21ms cost=0.0 pos=(19.98,-3.07,-4.99) local=(20.27,-0.05,-4.02) wbirth=(-0.29,-3.02,-0.97) ref=(20.00,-3.00) leader=(20.00,0.00) fallbacks=0
[mpc_node-6] [INFO] [1783590926.825651708] [px4_4.mpc_node_4]: [d4] solve: status=0 time=0.16ms cost=0.0 pos=(16.89,0.07,-5.05) local=(19.64,-0.08,-4.59) wbirth=(-2.74,0.15,-0.46) ref=(17.00,0.00) leader=(20.00,0.00) fallbacks=0
[mpc_node-3] [INFO] [1783590926.827712842] [px4_1.mpc_node_1]: [d1] solve: status=0 time=0.14ms cost=0.0 pos=(19.93,2.97,-4.98) local=(19.76,-0.19,-4.60) wbirth=(0.17,3.16,-0.38) ref=(20.00,3.00) leader=(20.00,0.00) fallbacks=0
[mpc_node-2] [INFO] [1783590926.892706420] [px4_0.mpc_node_0]: [d0] solve: status=0 time=0.17ms cost=0.1 pos=(19.86,0.06,-5.02) local=(19.86,0.14,-5.02) wbirth=(-0.00,-0.08,0.00) ref=(20.00,0.00) leader=(20.00,0.00) fallbacks=0
[mpc_node-5] [INFO] [1783590927.808722378] [px4_3.mpc_node_3]: [d3] solve: status=0 time=0.17ms cost=0.0 pos=(22.92,0.10,-5.01) local=(19.62,0.10,-3.75) wbirth=(3.30,-0.01,-1.26) ref=(23.00,0.00) leader=(20.00,0.00) fallbacks=0
[mpc_node-4] [INFO] [1783590927.823756588] [px4_2.mpc_node_2]: [d2] solve: status=0 time=0.14ms cost=0.0 pos=(20.04,-3.10,-4.99) local=(20.33,-0.08,-4.02) wbirth=(-0.29,-3.02,-0.97) ref=(20.00,-3.00) leader=(20.00,0.00) fallbacks=0
[mpc_node-6] [INFO] [1783590927.823865728] [px4_4.mpc_node_4]: [d4] solve: status=0 time=0.14ms cost=0.1 pos=(16.84,0.07,-5.07) local=(19.58,-0.08,-4.61) wbirth=(-2.74,0.15,-0.46) ref=(17.00,0.00) leader=(20.00,0.00) fallbacks=0
[mpc_node-3] [INFO] [1783590927.828582241] [px4_1.mpc_node_1]: [d1] solve: status=0 time=0.14ms cost=0.0 pos=(19.97,2.92,-5.00) local=(19.80,-0.24,-4.62) wbirth=(0.17,3.16,-0.38) ref=(20.00,3.00) leader=(20.00,0.00) fallbacks=0
[mpc_node-2] [INFO] [1783590927.894318060] [px4_0.mpc_node_0]: [d0] solve: status=0 time=0.15ms cost=0.1 pos=(19.81,-0.02,-4.98) local=(19.82,0.06,-4.98) wbirth=(-0.00,-0.08,0.00) ref=(20.00,0.00) leader=(20.00,0.00) fallbacks=0
[mpc_node-5] [INFO] [1783590928.809011363] [px4_3.mpc_node_3]: [d3] solve: status=0 time=0.17ms cost=0.0 pos=(22.87,0.08,-5.01) local=(19.58,0.09,-3.75) wbirth=(3.30,-0.01,-1.26) ref=(23.00,0.00) leader=(20.00,0.00) fallbacks=0
[mpc_node-4] [INFO] [1783590928.823938834] [px4_2.mpc_node_2]: [d2] solve: status=0 time=0.15ms cost=0.0 pos=(20.05,-3.13,-4.93) local=(20.34,-0.11,-3.96) wbirth=(-0.29,-3.02,-0.97) ref=(20.00,-3.00) leader=(20.00,0.00) fallbacks=0
[mpc_node-6] [INFO] [1783590928.824551152] [px4_4.mpc_node_4]: [d4] solve: status=0 time=0.18ms cost=0.0 pos=(16.87,0.03,-4.99) local=(19.61,-0.12,-4.53) wbirth=(-2.74,0.15,-0.46) ref=(17.00,0.00) leader=(20.00,0.00) fallbacks=0
[mpc_node-3] [INFO] [1783590928.828123380] [px4_1.mpc_node_1]: [d1] solve: status=0 time=0.17ms cost=0.0 pos=(19.97,2.95,-4.99) local=(19.80,-0.21,-4.61) wbirth=(0.17,3.16,-0.38) ref=(20.00,3.00) leader=(20.00,0.00) fallbacks=0
[mpc_node-2] [INFO] [1783590928.892218980] [px4_0.mpc_node_0]: [d0] solve: status=0 time=0.18ms cost=0.0 pos=(19.90,-0.09,-5.00) local=(19.91,-0.01,-5.00) wbirth=(-0.00,-0.08,0.00) ref=(20.00,0.00) leader=(20.00,0.00) fallbacks=0
[mpc_node-5] [INFO] [1783590929.809221897] [px4_3.mpc_node_3]: [d3] solve: status=0 time=0.17ms cost=0.0 pos=(22.89,0.02,-4.95) local=(19.59,0.02,-3.69) wbirth=(3.30,-0.01,-1.26) ref=(23.00,0.00) leader=(20.00,0.00) fallbacks=0
[mpc_node-4] [INFO] [1783590929.823456839] [px4_2.mpc_node_2]: [d2] solve: status=0 time=0.18ms cost=0.0 pos=(19.99,-3.12,-5.01) local=(20.28,-0.10,-4.04) wbirth=(-0.29,-3.02,-0.97) ref=(20.00,-3.00) leader=(20.00,0.00) fallbacks=0
[mpc_node-6] [INFO] [1783590929.824287926] [px4_4.mpc_node_4]: [d4] solve: status=0 time=0.16ms cost=0.0 pos=(16.88,-0.02,-5.04) local=(19.62,-0.17,-4.58) wbirth=(-2.74,0.15,-0.46) ref=(17.00,0.00) leader=(20.00,0.00) fallbacks=0
[mpc_node-3] [INFO] [1783590929.828499114] [px4_1.mpc_node_1]: [d1] solve: status=0 time=0.17ms cost=0.0 pos=(19.98,3.04,-5.04) local=(19.81,-0.12,-4.66) wbirth=(0.17,3.16,-0.38) ref=(20.00,3.00) leader=(20.00,0.00) fallbacks=0
[mpc_node-2] [INFO] [1783590929.891823781] [px4_0.mpc_node_0]: [d0] solve: status=0 time=0.15ms cost=0.0 pos=(19.95,-0.14,-4.97) local=(19.95,-0.07,-4.97) wbirth=(-0.00,-0.08,0.00) ref=(20.00,0.00) leader=(20.00,0.00) fallbacks=0
[mpc_node-5] [INFO] [1783590930.809949835] [px4_3.mpc_node_3]: [d3] solve: status=0 time=0.18ms cost=0.0 pos=(22.98,-0.03,-4.91) local=(19.68,-0.02,-3.65) wbirth=(3.30,-0.01,-1.26) ref=(23.00,0.00) leader=(20.00,0.00) fallbacks=0
[mpc_node-4] [INFO] [1783590930.824186103] [px4_2.mpc_node_2]: [d2] solve: status=0 time=0.21ms cost=0.0 pos=(19.96,-3.06,-5.00) local=(20.25,-0.04,-4.03) wbirth=(-0.29,-3.02,-0.97) ref=(20.00,-3.00) leader=(20.00,0.00) fallbacks=0
[mpc_node-6] [INFO] [1783590930.824695226] [px4_4.mpc_node_4]: [d4] solve: status=0 time=0.14ms cost=0.0 pos=(17.04,-0.05,-5.05) local=(19.79,-0.20,-4.59) wbirth=(-2.74,0.15,-0.46) ref=(17.00,0.00) leader=(20.00,0.00) fallbacks=0
[mpc_node-3] [INFO] [1783590930.828348658] [px4_1.mpc_node_1]: [d1] solve: status=0 time=0.14ms cost=0.0 pos=(20.04,3.09,-5.01) local=(19.87,-0.07,-4.63) wbirth=(0.17,3.16,-0.38) ref=(20.00,3.00) leader=(20.00,0.00) fallbacks=0
[mpc_node-2] [INFO] [1783590930.892693528] [px4_0.mpc_node_0]: [d0] solve: status=0 time=0.18ms cost=0.1 pos=(20.10,-0.12,-4.98) local=(20.10,-0.04,-4.98) wbirth=(-0.00,-0.08,0.00) ref=(20.00,0.00) leader=(20.00,0.00) fallbacks=0
[mpc_node-5] [INFO] [1783590931.808662078] [px4_3.mpc_node_3]: [d3] solve: status=0 time=0.14ms cost=0.0 pos=(23.03,-0.04,-5.01) local=(19.73,-0.04,-3.75) wbirth=(3.30,-0.01,-1.26) ref=(23.00,0.00) leader=(20.00,0.00) fallbacks=0
[mpc_node-4] [INFO] [1783590931.823688990] [px4_2.mpc_node_2]: [d2] solve: status=0 time=0.17ms cost=0.0 pos=(19.96,-2.92,-5.02) local=(20.25,0.10,-4.05) wbirth=(-0.29,-3.02,-0.97) ref=(20.00,-3.00) leader=(20.00,0.00) fallbacks=0
[mpc_node-6] [INFO] [1783590931.824040725] [px4_4.mpc_node_4]: [d4] solve: status=0 time=0.14ms cost=0.0 pos=(17.05,-0.01,-5.02) local=(19.79,-0.16,-4.56) wbirth=(-2.74,0.15,-0.46) ref=(17.00,0.00) leader=(20.00,0.00) fallbacks=0
[mpc_node-3] [INFO] [1783590931.830110031] [px4_1.mpc_node_1]: [d1] solve: status=0 time=0.17ms cost=0.0 pos=(20.04,3.04,-5.01) local=(19.87,-0.12,-4.62) wbirth=(0.17,3.16,-0.38) ref=(20.00,3.00) leader=(20.00,0.00) fallbacks=0
[mpc_node-2] [INFO] [1783590931.891813130] [px4_0.mpc_node_0]: [d0] solve: status=0 time=0.17ms cost=0.1 pos=(20.17,-0.05,-4.95) local=(20.18,0.03,-4.95) wbirth=(-0.00,-0.08,0.00) ref=(20.00,0.00) leader=(20.00,0.00) fallbacks=0
[mpc_node-5] [INFO] [1783590932.808675967] [px4_3.mpc_node_3]: [d3] solve: status=0 time=0.16ms cost=0.0 pos=(23.02,-0.09,-5.04) local=(19.73,-0.09,-3.78) wbirth=(3.30,-0.01,-1.26) ref=(23.00,0.00) leader=(20.00,0.00) fallbacks=0
[mpc_node-4] [INFO] [1783590932.823838411] [px4_2.mpc_node_2]: [d2] solve: status=0 time=0.14ms cost=0.0 pos=(20.01,-2.86,-5.01) local=(20.30,0.17,-4.04) wbirth=(-0.29,-3.02,-0.97) ref=(20.00,-3.00) leader=(20.00,0.00) fallbacks=0
[mpc_node-6] [INFO] [1783590932.823909607] [px4_4.mpc_node_4]: [d4] solve: status=0 time=0.16ms cost=0.0 pos=(17.05,-0.01,-5.03) local=(19.80,-0.16,-4.57) wbirth=(-2.74,0.15,-0.46) ref=(17.00,0.00) leader=(20.00,0.00) fallbacks=0
[mpc_node-3] [INFO] [1783590932.827814943] [px4_1.mpc_node_1]: [d1] solve: status=0 time=0.17ms cost=0.0 pos=(20.05,2.97,-5.00) local=(19.89,-0.19,-4.62) wbirth=(0.17,3.16,-0.38) ref=(20.00,3.00) leader=(20.00,0.00) fallbacks=0
[mpc_node-2] [INFO] [1783590932.891694825] [px4_0.mpc_node_0]: [d0] solve: status=0 time=0.18ms cost=0.1 pos=(20.16,0.03,-5.00) local=(20.17,0.10,-5.00) wbirth=(-0.00,-0.08,0.00) ref=(20.00,0.00) leader=(20.00,0.00) fallbacks=0
[mpc_node-5] [INFO] [1783590933.808975985] [px4_3.mpc_node_3]: [d3] solve: status=0 time=0.19ms cost=0.0 pos=(23.09,-0.09,-4.99) local=(19.79,-0.08,-3.73) wbirth=(3.30,-0.01,-1.26) ref=(23.00,0.00) leader=(20.00,0.00) fallbacks=0
[mpc_node-6] [INFO] [1783590933.823957534] [px4_4.mpc_node_4]: [d4] solve: status=0 time=0.17ms cost=0.0 pos=(17.09,0.03,-5.00) local=(19.84,-0.12,-4.53) wbirth=(-2.74,0.15,-0.46) ref=(17.00,0.00) leader=(20.00,0.00) fallbacks=0
[mpc_node-4] [INFO] [1783590933.824003175] [px4_2.mpc_node_2]: [d2] solve: status=0 time=0.14ms cost=0.0 pos=(20.01,-2.89,-5.02) local=(20.30,0.13,-4.05) wbirth=(-0.29,-3.02,-0.97) ref=(20.00,-3.00) leader=(20.00,0.00) fallbacks=0
[mpc_node-3] [INFO] [1783590933.827829412] [px4_1.mpc_node_1]: [d1] solve: status=0 time=0.17ms cost=0.0 pos=(20.03,2.98,-4.97) local=(19.86,-0.18,-4.59) wbirth=(0.17,3.16,-0.38) ref=(20.00,3.00) leader=(20.00,0.00) fallbacks=0
[mpc_node-2] [INFO] [1783590933.891984317] [px4_0.mpc_node_0]: [d0] solve: status=0 time=0.15ms cost=0.0 pos=(20.02,0.07,-4.98) local=(20.02,0.14,-4.98) wbirth=(-0.00,-0.08,0.00) ref=(20.00,0.00) leader=(20.00,0.00) fallbacks=0
[mpc_node-5] [INFO] [1783590934.809180890] [px4_3.mpc_node_3]: [d3] solve: status=0 time=0.17ms cost=0.0 pos=(23.08,-0.11,-5.00) local=(19.78,-0.10,-3.74) wbirth=(3.30,-0.01,-1.26) ref=(23.00,0.00) leader=(20.00,0.00) fallbacks=0
[mpc_node-6] [INFO] [1783590934.824262324] [px4_4.mpc_node_4]: [d4] solve: status=0 time=0.17ms cost=0.0 pos=(17.01,0.00,-4.98) local=(19.76,-0.15,-4.52) wbirth=(-2.74,0.15,-0.46) ref=(17.00,0.00) leader=(20.00,0.00) fallbacks=0
[mpc_node-4] [INFO] [1783590934.824741401] [px4_2.mpc_node_2]: [d2] solve: status=0 time=0.15ms cost=0.0 pos=(20.01,-2.95,-4.99) local=(20.30,0.07,-4.02) wbirth=(-0.29,-3.02,-0.97) ref=(20.00,-3.00) leader=(20.00,0.00) fallbacks=0
[mpc_node-3] [INFO] [1783590934.827939653] [px4_1.mpc_node_1]: [d1] solve: status=0 time=0.16ms cost=0.0 pos=(20.03,3.02,-4.94) local=(19.86,-0.15,-4.56) wbirth=(0.17,3.16,-0.38) ref=(20.00,3.00) leader=(20.00,0.00) fallbacks=0
[mpc_node-2] [INFO] [1783590934.892844323] [px4_0.mpc_node_0]: [d0] solve: status=0 time=0.21ms cost=0.0 pos=(19.93,0.07,-5.03) local=(19.93,0.15,-5.03) wbirth=(-0.00,-0.08,0.00) ref=(20.00,0.00) leader=(20.00,0.00) fallbacks=0
[mpc_node-5] [INFO] [1783590935.808660877] [px4_3.mpc_node_3]: [d3] solve: status=0 time=0.17ms cost=0.0 pos=(22.97,0.01,-5.02) local=(19.68,0.02,-3.76) wbirth=(3.30,-0.01,-1.26) ref=(23.00,0.00) leader=(20.00,0.00) fallbacks=0
[mpc_node-4] [INFO] [1783590935.823614089] [px4_2.mpc_node_2]: [d2] solve: status=0 time=0.21ms cost=0.0 pos=(20.00,-2.99,-4.98) local=(20.29,0.03,-4.01) wbirth=(-0.29,-3.02,-0.97) ref=(20.00,-3.00) leader=(20.00,0.00) fallbacks=0
[mpc_node-6] [INFO] [1783590935.824320647] [px4_4.mpc_node_4]: [d4] solve: status=0 time=0.17ms cost=0.0 pos=(17.05,-0.04,-5.04) local=(19.79,-0.19,-4.58) wbirth=(-2.74,0.15,-0.46) ref=(17.00,0.00) leader=(20.00,0.00) fallbacks=0
[mpc_node-3] [INFO] [1783590935.827620358] [px4_1.mpc_node_1]: [d1] solve: status=0 time=0.17ms cost=0.0 pos=(20.10,3.01,-4.99) local=(19.93,-0.15,-4.61) wbirth=(0.17,3.16,-0.38) ref=(20.00,3.00) leader=(20.00,0.00) fallbacks=0
[mpc_node-2] [INFO] [1783590935.891469988] [px4_0.mpc_node_0]: [d0] solve: status=0 time=0.15ms cost=0.0 pos=(19.96,0.06,-5.02) local=(19.97,0.14,-5.02) wbirth=(-0.00,-0.08,0.00) ref=(20.00,0.00) leader=(20.00,0.00) fallbacks=0
[mpc_node-5] [INFO] [1783590936.808746385] [px4_3.mpc_node_3]: [d3] solve: status=0 time=0.14ms cost=0.0 pos=(22.97,0.10,-5.03) local=(19.68,0.11,-3.77) wbirth=(3.30,-0.01,-1.26) ref=(23.00,0.00) leader=(20.00,0.00) fallbacks=0
[mpc_node-4] [INFO] [1783590936.823150633] [px4_2.mpc_node_2]: [d2] solve: status=0 time=0.15ms cost=0.0 pos=(20.00,-3.06,-5.04) local=(20.29,-0.04,-4.07) wbirth=(-0.29,-3.02,-0.97) ref=(20.00,-3.00) leader=(20.00,0.00) fallbacks=0
[mpc_node-6] [INFO] [1783590936.824423273] [px4_4.mpc_node_4]: [d4] solve: status=0 time=0.21ms cost=0.0 pos=(17.06,-0.06,-5.07) local=(19.81,-0.21,-4.61) wbirth=(-2.74,0.15,-0.46) ref=(17.00,0.00) leader=(20.00,0.00) fallbacks=0
[mpc_node-3] [INFO] [1783590936.827583045] [px4_1.mpc_node_1]: [d1] solve: status=0 time=0.20ms cost=0.0 pos=(20.03,2.95,-5.02) local=(19.86,-0.21,-4.64) wbirth=(0.17,3.16,-0.38) ref=(20.00,3.00) leader=(20.00,0.00) fallbacks=0
[mpc_node-2] [INFO] [1783590936.892494019] [px4_0.mpc_node_0]: [d0] solve: status=0 time=0.17ms cost=0.0 pos=(19.94,0.05,-5.03) local=(19.95,0.12,-5.03) wbirth=(-0.00,-0.08,0.00) ref=(20.00,0.00) leader=(20.00,0.00) fallbacks=0
[mpc_node-5] [INFO] [1783590937.809550114] [px4_3.mpc_node_3]: [d3] solve: status=0 time=0.14ms cost=0.1 pos=(23.04,0.18,-4.95) local=(19.74,0.19,-3.69) wbirth=(3.30,-0.01,-1.26) ref=(23.00,0.00) leader=(20.00,0.00) fallbacks=0
[mpc_node-4] [INFO] [1783590937.823367464] [px4_2.mpc_node_2]: [d2] solve: status=0 time=0.21ms cost=0.0 pos=(19.97,-3.06,-4.98) local=(20.26,-0.04,-4.01) wbirth=(-0.29,-3.02,-0.97) ref=(20.00,-3.00) leader=(20.00,0.00) fallbacks=0
[mpc_node-6] [INFO] [1783590937.824067591] [px4_4.mpc_node_4]: [d4] solve: status=0 time=0.17ms cost=0.0 pos=(16.95,-0.03,-4.98) local=(19.70,-0.18,-4.52) wbirth=(-2.74,0.15,-0.46) ref=(17.00,0.00) leader=(20.00,0.00) fallbacks=0
[mpc_node-3] [INFO] [1783590937.827492274] [px4_1.mpc_node_1]: [d1] solve: status=0 time=0.17ms cost=0.0 pos=(19.90,2.91,-5.02) local=(19.73,-0.26,-4.64) wbirth=(0.17,3.16,-0.38) ref=(20.00,3.00) leader=(20.00,0.00) fallbacks=0
[mpc_node-2] [INFO] [1783590937.891536577] [px4_0.mpc_node_0]: [d0] solve: status=0 time=0.18ms cost=0.0 pos=(19.95,0.03,-5.00) local=(19.96,0.10,-5.00) wbirth=(-0.00,-0.08,0.00) ref=(20.00,0.00) leader=(20.00,0.00) fallbacks=0
[mpc_node-5] [INFO] [1783590938.810833644] [px4_3.mpc_node_3]: [d3] solve: status=0 time=0.17ms cost=0.0 pos=(23.05,0.11,-4.97) local=(19.76,0.12,-3.71) wbirth=(3.30,-0.01,-1.26) ref=(23.00,0.00) leader=(20.00,0.00) fallbacks=0
[mpc_node-4] [INFO] [1783590938.823113080] [px4_2.mpc_node_2]: [d2] solve: status=0 time=0.15ms cost=0.0 pos=(19.95,-3.02,-4.96) local=(20.24,0.00,-3.99) wbirth=(-0.29,-3.02,-0.97) ref=(20.00,-3.00) leader=(20.00,0.00) fallbacks=0
[mpc_node-6] [INFO] [1783590938.824457565] [px4_4.mpc_node_4]: [d4] solve: status=0 time=0.16ms cost=0.0 pos=(16.97,0.01,-4.96) local=(19.71,-0.14,-4.50) wbirth=(-2.74,0.15,-0.46) ref=(17.00,0.00) leader=(20.00,0.00) fallbacks=0
[mpc_node-3] [INFO] [1783590938.827462117] [px4_1.mpc_node_1]: [d1] solve: status=0 time=0.17ms cost=0.1 pos=(19.86,2.93,-5.08) local=(19.69,-0.23,-4.70) wbirth=(0.17,3.16,-0.38) ref=(20.00,3.00) leader=(20.00,0.00) fallbacks=0
[mpc_node-2] [INFO] [1783590938.891177512] [px4_0.mpc_node_0]: [d0] solve: status=0 time=0.15ms cost=0.0 pos=(19.92,0.00,-4.99) local=(19.92,0.08,-4.99) wbirth=(-0.00,-0.08,0.00) ref=(20.00,0.00) leader=(20.00,0.00) fallbacks=0
[mpc_node-5] [INFO] [1783590939.808839345] [px4_3.mpc_node_3]: [d3] solve: status=0 time=0.17ms cost=0.0 pos=(23.03,-0.00,-4.98) local=(19.73,0.00,-3.72) wbirth=(3.30,-0.01,-1.26) ref=(23.00,0.00) leader=(20.00,0.00) fallbacks=0
[mpc_node-4] [INFO] [1783590939.823323144] [px4_2.mpc_node_2]: [d2] solve: status=0 time=0.18ms cost=0.0 pos=(20.01,-3.03,-4.99) local=(20.30,-0.01,-4.02) wbirth=(-0.29,-3.02,-0.97) ref=(20.00,-3.00) leader=(20.00,0.00) fallbacks=0
[mpc_node-6] [INFO] [1783590939.824211742] [px4_4.mpc_node_4]: [d4] solve: status=0 time=0.14ms cost=0.0 pos=(16.95,0.04,-4.96) local=(19.69,-0.11,-4.50) wbirth=(-2.74,0.15,-0.46) ref=(17.00,0.00) leader=(20.00,0.00) fallbacks=0
[mpc_node-3] [INFO] [1783590939.827628634] [px4_1.mpc_node_1]: [d1] solve: status=0 time=0.14ms cost=0.0 pos=(19.92,2.97,-5.01) local=(19.75,-0.19,-4.63) wbirth=(0.17,3.16,-0.38) ref=(20.00,3.00) leader=(20.00,0.00) fallbacks=0
[mpc_node-2] [INFO] [1783590939.891741980] [px4_0.mpc_node_0]: [d0] solve: status=0 time=0.21ms cost=0.0 pos=(20.03,-0.04,-4.97) local=(20.03,0.03,-4.97) wbirth=(-0.00,-0.08,0.00) ref=(20.00,0.00) leader=(20.00,0.00) fallbacks=0
[mpc_node-5] [INFO] [1783590940.808711253] [px4_3.mpc_node_3]: [d3] solve: status=0 time=0.14ms cost=0.0 pos=(22.92,-0.08,-4.99) local=(19.63,-0.07,-3.73) wbirth=(3.30,-0.01,-1.26) ref=(23.00,0.00) leader=(20.00,0.00) fallbacks=0
[mpc_node-4] [INFO] [1783590940.823481047] [px4_2.mpc_node_2]: [d2] solve: status=0 time=0.18ms cost=0.0 pos=(19.99,-2.99,-5.00) local=(20.28,0.03,-4.03) wbirth=(-0.29,-3.02,-0.97) ref=(20.00,-3.00) leader=(20.00,0.00) fallbacks=0
[mpc_node-6] [INFO] [1783590940.824425047] [px4_4.mpc_node_4]: [d4] solve: status=0 time=0.17ms cost=0.0 pos=(17.02,0.05,-4.98) local=(19.76,-0.10,-4.52) wbirth=(-2.74,0.15,-0.46) ref=(17.00,0.00) leader=(20.00,0.00) fallbacks=0
[mpc_node-3] [INFO] [1783590940.827288572] [px4_1.mpc_node_1]: [d1] solve: status=0 time=0.16ms cost=0.0 pos=(20.05,3.07,-4.96) local=(19.88,-0.10,-4.58) wbirth=(0.17,3.16,-0.38) ref=(20.00,3.00) leader=(20.00,0.00) fallbacks=0
[mpc_node-2] [INFO] [1783590940.891960550] [px4_0.mpc_node_0]: [d0] solve: status=0 time=0.15ms cost=0.0 pos=(20.06,-0.04,-5.01) local=(20.07,0.04,-5.01) wbirth=(-0.00,-0.08,0.00) ref=(20.00,0.00) leader=(20.00,0.00) fallbacks=0
[mpc_node-5] [INFO] [1783590941.808976192] [px4_3.mpc_node_3]: [d3] solve: status=0 time=0.16ms cost=0.0 pos=(22.91,-0.06,-5.04) local=(19.62,-0.05,-3.78) wbirth=(3.30,-0.01,-1.26) ref=(23.00,0.00) leader=(20.00,0.00) fallbacks=0
[mpc_node-4] [INFO] [1783590941.822965930] [px4_2.mpc_node_2]: [d2] solve: status=0 time=0.17ms cost=0.0 pos=(20.03,-2.98,-4.99) local=(20.32,0.05,-4.02) wbirth=(-0.29,-3.02,-0.97) ref=(20.00,-3.00) leader=(20.00,0.00) fallbacks=0
[mpc_node-6] [INFO] [1783590941.824355676] [px4_4.mpc_node_4]: [d4] solve: status=0 time=0.14ms cost=0.0 pos=(17.00,0.00,-4.96) local=(19.74,-0.15,-4.50) wbirth=(-2.74,0.15,-0.46) ref=(17.00,0.00) leader=(20.00,0.00) fallbacks=0
[mpc_node-3] [INFO] [1783590941.827616110] [px4_1.mpc_node_1]: [d1] solve: status=0 time=0.14ms cost=0.1 pos=(20.14,3.11,-5.04) local=(19.97,-0.06,-4.65) wbirth=(0.17,3.16,-0.38) ref=(20.00,3.00) leader=(20.00,0.00) fallbacks=0
[mpc_node-2] [INFO] [1783590941.891734898] [px4_0.mpc_node_0]: [d0] solve: status=0 time=0.15ms cost=0.0 pos=(20.08,-0.02,-5.01) local=(20.08,0.06,-5.01) wbirth=(-0.00,-0.08,0.00) ref=(20.00,0.00) leader=(20.00,0.00) fallbacks=0
[mpc_node-5] [INFO] [1783590942.809859748] [px4_3.mpc_node_3]: [d3] solve: status=0 time=0.17ms cost=0.0 pos=(23.02,-0.04,-5.03) local=(19.72,-0.03,-3.77) wbirth=(3.30,-0.01,-1.26) ref=(23.00,0.00) leader=(20.00,0.00) fallbacks=0
[mpc_node-4] [INFO] [1783590942.823312234] [px4_2.mpc_node_2]: [d2] solve: status=0 time=0.18ms cost=0.0 pos=(20.07,-3.01,-5.07) local=(20.36,0.01,-4.10) wbirth=(-0.29,-3.02,-0.97) ref=(20.00,-3.00) leader=(20.00,0.00) fallbacks=0
[mpc_node-6] [INFO] [1783590942.825057331] [px4_4.mpc_node_4]: [d4] solve: status=0 time=0.19ms cost=0.0 pos=(16.99,-0.00,-5.00) local=(19.74,-0.15,-4.54) wbirth=(-2.74,0.15,-0.46) ref=(17.00,0.00) leader=(20.00,0.00) fallbacks=0
[mpc_node-3] [INFO] [1783590942.827580865] [px4_1.mpc_node_1]: [d1] solve: status=0 time=0.16ms cost=0.0 pos=(20.09,3.10,-4.96) local=(19.92,-0.07,-4.58) wbirth=(0.17,3.16,-0.38) ref=(20.00,3.00) leader=(20.00,0.00) fallbacks=0
[mpc_node-2] [INFO] [1783590942.891385125] [px4_0.mpc_node_0]: [d0] solve: status=0 time=0.18ms cost=0.0 pos=(20.06,0.02,-4.99) local=(20.07,0.10,-4.99) wbirth=(-0.00,-0.08,0.00) ref=(20.00,0.00) leader=(20.00,0.00) fallbacks=0
[mpc_node-5] [INFO] [1783590943.808888619] [px4_3.mpc_node_3]: [d3] solve: status=0 time=0.14ms cost=0.0 pos=(23.04,-0.03,-5.01) local=(19.74,-0.02,-3.75) wbirth=(3.30,-0.01,-1.26) ref=(23.00,0.00) leader=(20.00,0.00) fallbacks=0
[mpc_node-4] [INFO] [1783590943.823334120] [px4_2.mpc_node_2]: [d2] solve: status=0 time=0.18ms cost=0.0 pos=(20.04,-3.04,-4.99) local=(20.33,-0.02,-4.02) wbirth=(-0.29,-3.02,-0.97) ref=(20.00,-3.00) leader=(20.00,0.00) fallbacks=0
[mpc_node-6] [INFO] [1783590943.824562604] [px4_4.mpc_node_4]: [d4] solve: status=0 time=0.14ms cost=0.0 pos=(16.99,-0.04,-4.92) local=(19.74,-0.19,-4.46) wbirth=(-2.74,0.15,-0.46) ref=(17.00,0.00) leader=(20.00,0.00) fallbacks=0
[mpc_node-3] [INFO] [1783590943.827819122] [px4_1.mpc_node_1]: [d1] solve: status=0 time=0.20ms cost=0.0 pos=(20.11,3.00,-4.98) local=(19.94,-0.16,-4.60) wbirth=(0.17,3.16,-0.38) ref=(20.00,3.00) leader=(20.00,0.00) fallbacks=0
[mpc_node-2] [INFO] [1783590943.891257884] [px4_0.mpc_node_0]: [d0] solve: status=0 time=0.18ms cost=0.0 pos=(20.01,0.07,-5.03) local=(20.01,0.15,-5.03) wbirth=(-0.00,-0.08,0.00) ref=(20.00,0.00) leader=(20.00,0.00) fallbacks=0
[mpc_node-5] [INFO] [1783590944.810105247] [px4_3.mpc_node_3]: [d3] solve: status=0 time=0.14ms cost=0.0 pos=(23.00,-0.09,-5.01) local=(19.71,-0.08,-3.76) wbirth=(3.30,-0.01,-1.26) ref=(23.00,0.00) leader=(20.00,0.00) fallbacks=0
[mpc_node-4] [INFO] [1783590944.823252497] [px4_2.mpc_node_2]: [d2] solve: status=0 time=0.16ms cost=0.0 pos=(19.99,-3.04,-4.97) local=(20.28,-0.02,-4.00) wbirth=(-0.29,-3.02,-0.97) ref=(20.00,-3.00) leader=(20.00,0.00) fallbacks=0
[mpc_node-6] [INFO] [1783590944.824744070] [px4_4.mpc_node_4]: [d4] solve: status=0 time=0.13ms cost=0.0 pos=(16.94,-0.08,-5.02) local=(19.68,-0.23,-4.56) wbirth=(-2.74,0.15,-0.46) ref=(17.00,0.00) leader=(20.00,0.00) fallbacks=0
[mpc_node-3] [INFO] [1783590944.827706430] [px4_1.mpc_node_1]: [d1] solve: status=0 time=0.20ms cost=0.0 pos=(19.96,2.97,-5.03) local=(19.79,-0.19,-4.65) wbirth=(0.17,3.16,-0.38) ref=(20.00,3.00) leader=(20.00,0.00) fallbacks=0
[mpc_node-2] [INFO] [1783590944.892034693] [px4_0.mpc_node_0]: [d0] solve: status=0 time=0.21ms cost=0.0 pos=(19.93,0.07,-5.00) local=(19.94,0.15,-5.00) wbirth=(-0.00,-0.08,0.00) ref=(20.00,0.00) leader=(20.00,0.00) fallbacks=0
[mpc_node-5] [INFO] [1783590945.812773178] [px4_3.mpc_node_3]: [d3] solve: status=0 time=0.17ms cost=0.0 pos=(23.00,-0.04,-4.97) local=(19.71,-0.03,-3.71) wbirth=(3.30,-0.01,-1.26) ref=(23.00,0.00) leader=(20.00,0.00) fallbacks=0
[mpc_node-4] [INFO] [1783590945.823342226] [px4_2.mpc_node_2]: [d2] solve: status=0 time=0.18ms cost=0.0 pos=(20.00,-3.01,-4.99) local=(20.29,0.01,-4.02) wbirth=(-0.29,-3.02,-0.97) ref=(20.00,-3.00) leader=(20.00,0.00) fallbacks=0
[mpc_node-6] [INFO] [1783590945.824830370] [px4_4.mpc_node_4]: [d4] solve: status=0 time=0.14ms cost=0.0 pos=(16.97,-0.04,-5.09) local=(19.72,-0.19,-4.63) wbirth=(-2.74,0.15,-0.46) ref=(17.00,0.00) leader=(20.00,0.00) fallbacks=0
[mpc_node-3] [INFO] [1783590945.827245794] [px4_1.mpc_node_1]: [d1] solve: status=0 time=0.14ms cost=0.0 pos=(19.93,3.00,-5.01) local=(19.76,-0.17,-4.63) wbirth=(0.17,3.16,-0.38) ref=(20.00,3.00) leader=(20.00,0.00) fallbacks=0
[mpc_node-2] [INFO] [1783590945.891618992] [px4_0.mpc_node_0]: [d0] solve: status=0 time=0.21ms cost=0.0 pos=(19.89,-0.01,-5.03) local=(19.89,0.06,-5.03) wbirth=(-0.00,-0.08,0.00) ref=(20.00,0.00) leader=(20.00,0.00) fallbacks=0
[mpc_node-5] [INFO] [1783590946.808905053] [px4_3.mpc_node_3]: [d3] solve: status=0 time=0.17ms cost=0.0 pos=(22.97,0.10,-4.94) local=(19.68,0.10,-3.68) wbirth=(3.30,-0.01,-1.26) ref=(23.00,0.00) leader=(20.00,0.00) fallbacks=0
[mpc_node-4] [INFO] [1783590946.824359478] [px4_2.mpc_node_2]: [d2] solve: status=0 time=0.15ms cost=0.0 pos=(19.97,-2.98,-5.01) local=(20.26,0.05,-4.04) wbirth=(-0.29,-3.02,-0.97) ref=(20.00,-3.00) leader=(20.00,0.00) fallbacks=0
[mpc_node-6] [INFO] [1783590946.824526767] [px4_4.mpc_node_4]: [d4] solve: status=0 time=0.17ms cost=0.0 pos=(17.01,-0.03,-4.99) local=(19.75,-0.18,-4.53) wbirth=(-2.74,0.15,-0.46) ref=(17.00,0.00) leader=(20.00,0.00) fallbacks=0
[mpc_node-3] [INFO] [1783590946.828246560] [px4_1.mpc_node_1]: [d1] solve: status=0 time=0.20ms cost=0.0 pos=(19.93,3.02,-5.06) local=(19.76,-0.14,-4.68) wbirth=(0.17,3.16,-0.38) ref=(20.00,3.00) leader=(20.00,0.00) fallbacks=0
[mpc_node-2] [INFO] [1783590946.892768478] [px4_0.mpc_node_0]: [d0] solve: status=0 time=0.17ms cost=0.0 pos=(19.96,-0.07,-4.96) local=(19.96,0.01,-4.96) wbirth=(-0.00,-0.08,0.00) ref=(20.00,0.00) leader=(20.00,0.00) fallbacks=0
[mpc_node-5] [INFO] [1783590947.809311091] [px4_3.mpc_node_3]: [d3] solve: status=0 time=0.17ms cost=0.0 pos=(22.96,0.08,-4.98) local=(19.66,0.09,-3.72) wbirth=(3.30,-0.01,-1.26) ref=(23.00,0.00) leader=(20.00,0.00) fallbacks=0
[mpc_node-4] [INFO] [1783590947.822967311] [px4_2.mpc_node_2]: [d2] solve: status=0 time=0.17ms cost=0.0 pos=(19.92,-2.95,-5.04) local=(20.21,0.07,-4.07) wbirth=(-0.29,-3.02,-0.97) ref=(20.00,-3.00) leader=(20.00,0.00) fallbacks=0
[mpc_node-6] [INFO] [1783590947.826079276] [px4_4.mpc_node_4]: [d4] solve: status=0 time=0.18ms cost=0.0 pos=(17.07,-0.03,-5.01) local=(19.82,-0.18,-4.55) wbirth=(-2.74,0.15,-0.46) ref=(17.00,0.00) leader=(20.00,0.00) fallbacks=0
[mpc_node-3] [INFO] [1783590947.827311439] [px4_1.mpc_node_1]: [d1] solve: status=0 time=0.14ms cost=0.0 pos=(19.98,3.04,-4.98) local=(19.81,-0.12,-4.60) wbirth=(0.17,3.16,-0.38) ref=(20.00,3.00) leader=(20.00,0.00) fallbacks=0
[mpc_node-2] [INFO] [1783590947.890703327] [px4_0.mpc_node_0]: [d0] solve: status=0 time=0.17ms cost=0.0 pos=(20.02,-0.06,-4.98) local=(20.03,0.02,-4.98) wbirth=(-0.00,-0.08,0.00) ref=(20.00,0.00) leader=(20.00,0.00) fallbacks=0
[mpc_node-5] [INFO] [1783590948.809359805] [px4_3.mpc_node_3]: [d3] solve: status=0 time=0.14ms cost=0.0 pos=(22.95,0.02,-4.99) local=(19.65,0.02,-3.73) wbirth=(3.30,-0.01,-1.26) ref=(23.00,0.00) leader=(20.00,0.00) fallbacks=0
[mpc_node-4] [INFO] [1783590948.823455324] [px4_2.mpc_node_2]: [d2] solve: status=0 time=0.17ms cost=0.0 pos=(19.96,-2.95,-5.06) local=(20.25,0.07,-4.09) wbirth=(-0.29,-3.02,-0.97) ref=(20.00,-3.00) leader=(20.00,0.00) fallbacks=0
[mpc_node-6] [INFO] [1783590948.824729543] [px4_4.mpc_node_4]: [d4] solve: status=0 time=0.14ms cost=0.0 pos=(17.14,0.00,-4.99) local=(19.88,-0.15,-4.53) wbirth=(-2.74,0.15,-0.46) ref=(17.00,0.00) leader=(20.00,0.00) fallbacks=0
[mpc_node-3] [INFO] [1783590948.828632150] [px4_1.mpc_node_1]: [d1] solve: status=0 time=0.24ms cost=0.0 pos=(19.96,3.03,-4.99) local=(19.79,-0.13,-4.61) wbirth=(0.17,3.16,-0.38) ref=(20.00,3.00) leader=(20.00,0.00) fallbacks=0
[mpc_node-2] [INFO] [1783590948.891446450] [px4_0.mpc_node_0]: [d0] solve: status=0 time=0.18ms cost=0.0 pos=(20.04,-0.03,-5.01) local=(20.04,0.04,-5.01) wbirth=(-0.00,-0.08,0.00) ref=(20.00,0.00) leader=(20.00,0.00) fallbacks=0
[mpc_node-5] [INFO] [1783590949.809141000] [px4_3.mpc_node_3]: [d3] solve: status=0 time=0.14ms cost=0.0 pos=(22.96,-0.03,-5.03) local=(19.66,-0.03,-3.77) wbirth=(3.30,-0.01,-1.26) ref=(23.00,0.00) leader=(20.00,0.00) fallbacks=0
[mpc_node-4] [INFO] [1783590949.823744233] [px4_2.mpc_node_2]: [d2] solve: status=0 time=0.18ms cost=0.0 pos=(20.00,-2.97,-5.00) local=(20.29,0.06,-4.03) wbirth=(-0.29,-3.02,-0.97) ref=(20.00,-3.00) leader=(20.00,0.00) fallbacks=0
[mpc_node-6] [INFO] [1783590949.825157705] [px4_4.mpc_node_4]: [d4] solve: status=0 time=0.17ms cost=0.0 pos=(17.05,0.07,-4.98) local=(19.80,-0.08,-4.52) wbirth=(-2.74,0.15,-0.46) ref=(17.00,0.00) leader=(20.00,0.00) fallbacks=0
[mpc_node-3] [INFO] [1783590949.828462452] [px4_1.mpc_node_1]: [d1] solve: status=0 time=0.17ms cost=0.0 pos=(19.97,3.05,-5.02) local=(19.80,-0.12,-4.64) wbirth=(0.17,3.16,-0.38) ref=(20.00,3.00) leader=(20.00,0.00) fallbacks=0
[mpc_node-2] [INFO] [1783590949.891367426] [px4_0.mpc_node_0]: [d0] solve: status=0 time=0.17ms cost=0.0 pos=(20.05,-0.00,-4.96) local=(20.06,0.07,-4.96) wbirth=(-0.00,-0.08,0.00) ref=(20.00,0.00) leader=(20.00,0.00) fallbacks=0
[mpc_node-5] [INFO] [1783590950.808716747] [px4_3.mpc_node_3]: [d3] solve: status=0 time=0.17ms cost=0.0 pos=(22.99,-0.07,-5.06) local=(19.69,-0.07,-3.80) wbirth=(3.30,-0.01,-1.26) ref=(23.00,0.00) leader=(20.00,0.00) fallbacks=0
[mpc_node-4] [INFO] [1783590950.823662339] [px4_2.mpc_node_2]: [d2] solve: status=0 time=0.17ms cost=0.0 pos=(20.06,-2.99,-4.94) local=(20.35,0.03,-3.97) wbirth=(-0.29,-3.02,-0.97) ref=(20.00,-3.00) leader=(20.00,0.00) fallbacks=0
[mpc_node-6] [INFO] [1783590950.824642714] [px4_4.mpc_node_4]: [d4] solve: status=0 time=0.29ms cost=0.0 pos=(16.94,0.12,-5.01) local=(19.69,-0.03,-4.55) wbirth=(-2.74,0.15,-0.46) ref=(17.00,0.00) leader=(20.00,0.00) fallbacks=0
[mpc_node-3] [INFO] [1783590950.828293920] [px4_1.mpc_node_1]: [d1] solve: status=0 time=0.17ms cost=0.0 pos=(20.01,3.01,-5.01) local=(19.84,-0.15,-4.63) wbirth=(0.17,3.16,-0.38) ref=(20.00,3.00) leader=(20.00,0.00) fallbacks=0
[mpc_node-2] [INFO] [1783590950.890930517] [px4_0.mpc_node_0]: [d0] solve: status=0 time=0.15ms cost=0.0 pos=(20.06,0.02,-5.03) local=(20.06,0.10,-5.03) wbirth=(-0.00,-0.08,0.00) ref=(20.00,0.00) leader=(20.00,0.00) fallbacks=0
[mpc_node-5] [INFO] [1783590951.808877000] [px4_3.mpc_node_3]: [d3] solve: status=0 time=0.14ms cost=0.0 pos=(23.09,-0.08,-4.98) local=(19.79,-0.07,-3.72) wbirth=(3.30,-0.01,-1.26) ref=(23.00,0.00) leader=(20.00,0.00) fallbacks=0
[mpc_node-4] [INFO] [1783590951.823615636] [px4_2.mpc_node_2]: [d2] solve: status=0 time=0.18ms cost=0.0 pos=(20.09,-3.03,-5.05) local=(20.38,-0.01,-4.08) wbirth=(-0.29,-3.02,-0.97) ref=(20.00,-3.00) leader=(20.00,0.00) fallbacks=0
[mpc_node-6] [INFO] [1783590951.824957777] [px4_4.mpc_node_4]: [d4] solve: status=0 time=0.16ms cost=0.0 pos=(16.88,0.06,-5.00) local=(19.63,-0.09,-4.54) wbirth=(-2.74,0.15,-0.46) ref=(17.00,0.00) leader=(20.00,0.00) fallbacks=0
[mpc_node-3] [INFO] [1783590951.829017474] [px4_1.mpc_node_1]: [d1] solve: status=0 time=0.17ms cost=0.0 pos=(20.05,2.98,-5.00) local=(19.88,-0.18,-4.62) wbirth=(0.17,3.16,-0.38) ref=(20.00,3.00) leader=(20.00,0.00) fallbacks=0
[mpc_node-2] [INFO] [1783590951.891597046] [px4_0.mpc_node_0]: [d0] solve: status=0 time=0.21ms cost=0.0 pos=(20.07,-0.02,-5.06) local=(20.07,0.06,-5.06) wbirth=(-0.00,-0.08,0.00) ref=(20.00,0.00) leader=(20.00,0.00) fallbacks=0
[mpc_node-5] [INFO] [1783590952.808624854] [px4_3.mpc_node_3]: [d3] solve: status=0 time=0.17ms cost=0.0 pos=(23.12,0.00,-4.97) local=(19.83,0.01,-3.71) wbirth=(3.30,-0.01,-1.26) ref=(23.00,0.00) leader=(20.00,0.00) fallbacks=0
[mpc_node-6] [INFO] [1783590952.823891217] [px4_4.mpc_node_4]: [d4] solve: status=0 time=0.14ms cost=0.0 pos=(16.92,0.02,-5.03) local=(19.67,-0.13,-4.57) wbirth=(-2.74,0.15,-0.46) ref=(17.00,0.00) leader=(20.00,0.00) fallbacks=0
[mpc_node-4] [INFO] [1783590952.823912398] [px4_2.mpc_node_2]: [d2] solve: status=0 time=0.14ms cost=0.0 pos=(20.01,-3.04,-4.98) local=(20.30,-0.02,-4.01) wbirth=(-0.29,-3.02,-0.97) ref=(20.00,-3.00) leader=(20.00,0.00) fallbacks=0
[mpc_node-3] [INFO] [1783590952.829323950] [px4_1.mpc_node_1]: [d1] solve: status=0 time=0.20ms cost=0.0 pos=(20.10,2.92,-4.95) local=(19.93,-0.25,-4.57) wbirth=(0.17,3.16,-0.38) ref=(20.00,3.00) leader=(20.00,0.00) fallbacks=0
[mpc_node-2] [INFO] [1783590952.890971494] [px4_0.mpc_node_0]: [d0] solve: status=0 time=0.18ms cost=0.0 pos=(20.05,0.02,-5.00) local=(20.06,0.09,-5.00) wbirth=(-0.00,-0.08,0.00) ref=(20.00,0.00) leader=(20.00,0.00) fallbacks=0
[mpc_node-5] [INFO] [1783590953.809018629] [px4_3.mpc_node_3]: [d3] solve: status=0 time=0.17ms cost=0.0 pos=(23.00,0.06,-5.01) local=(19.70,0.07,-3.75) wbirth=(3.30,-0.01,-1.26) ref=(23.00,0.00) leader=(20.00,0.00) fallbacks=0
[mpc_node-4] [INFO] [1783590953.823671001] [px4_2.mpc_node_2]: [d2] solve: status=0 time=0.15ms cost=0.0 pos=(20.00,-3.02,-4.95) local=(20.29,-0.00,-3.98) wbirth=(-0.29,-3.02,-0.97) ref=(20.00,-3.00) leader=(20.00,0.00) fallbacks=0
[mpc_node-6] [INFO] [1783590953.823902918] [px4_4.mpc_node_4]: [d4] solve: status=0 time=0.14ms cost=0.0 pos=(16.91,-0.07,-5.01) local=(19.65,-0.22,-4.55) wbirth=(-2.74,0.15,-0.46) ref=(17.00,0.00) leader=(20.00,0.00) fallbacks=0
[mpc_node-3] [INFO] [1783590953.827636884] [px4_1.mpc_node_1]: [d1] solve: status=0 time=0.17ms cost=0.1 pos=(20.10,2.87,-4.98) local=(19.93,-0.30,-4.60) wbirth=(0.17,3.16,-0.38) ref=(20.00,3.00) leader=(20.00,0.00) fallbacks=0
[mpc_node-2] [INFO] [1783590953.891708185] [px4_0.mpc_node_0]: [d0] solve: status=0 time=0.17ms cost=0.0 pos=(20.00,-0.01,-5.01) local=(20.00,0.07,-5.01) wbirth=(-0.00,-0.08,0.00) ref=(20.00,0.00) leader=(20.00,0.00) fallbacks=0
[mpc_node-5] [INFO] [1783590954.808741850] [px4_3.mpc_node_3]: [d3] solve: status=0 time=0.16ms cost=0.0 pos=(22.98,0.10,-5.00) local=(19.68,0.11,-3.74) wbirth=(3.30,-0.01,-1.26) ref=(23.00,0.00) leader=(20.00,0.00) fallbacks=0
[mpc_node-4] [INFO] [1783590954.823267865] [px4_2.mpc_node_2]: [d2] solve: status=0 time=0.15ms cost=0.0 pos=(20.00,-3.07,-5.06) local=(20.29,-0.05,-4.09) wbirth=(-0.29,-3.02,-0.97) ref=(20.00,-3.00) leader=(20.00,0.00) fallbacks=0
[mpc_node-6] [INFO] [1783590954.824095173] [px4_4.mpc_node_4]: [d4] solve: status=0 time=0.17ms cost=0.0 pos=(17.04,-0.10,-4.96) local=(19.79,-0.25,-4.50) wbirth=(-2.74,0.15,-0.46) ref=(17.00,0.00) leader=(20.00,0.00) fallbacks=0
[mpc_node-3] [INFO] [1783590954.827442237] [px4_1.mpc_node_1]: [d1] solve: status=0 time=0.17ms cost=0.0 pos=(19.99,2.96,-5.03) local=(19.82,-0.20,-4.65) wbirth=(0.17,3.16,-0.38) ref=(20.00,3.00) leader=(20.00,0.00) fallbacks=0
[mpc_node-2] [INFO] [1783590954.890642836] [px4_0.mpc_node_0]: [d0] solve: status=0 time=0.15ms cost=0.0 pos=(19.95,-0.01,-4.97) local=(19.96,0.06,-4.97) wbirth=(-0.00,-0.08,0.00) ref=(20.00,0.00) leader=(20.00,0.00) fallbacks=0
[mpc_node-5] [INFO] [1783590955.808776242] [px4_3.mpc_node_3]: [d3] solve: status=0 time=0.14ms cost=0.0 pos=(22.95,0.04,-4.96) local=(19.65,0.04,-3.70) wbirth=(3.30,-0.01,-1.26) ref=(23.00,0.00) leader=(20.00,0.00) fallbacks=0
[mpc_node-4] [INFO] [1783590955.823729384] [px4_2.mpc_node_2]: [d2] solve: status=0 time=0.15ms cost=0.0 pos=(19.96,-3.06,-4.98) local=(20.25,-0.04,-4.01) wbirth=(-0.29,-3.02,-0.97) ref=(20.00,-3.00) leader=(20.00,0.00) fallbacks=0
[mpc_node-6] [INFO] [1783590955.824058642] [px4_4.mpc_node_4]: [d4] solve: status=0 time=0.16ms cost=0.0 pos=(17.14,-0.03,-4.97) local=(19.88,-0.18,-4.51) wbirth=(-2.74,0.15,-0.46) ref=(17.00,0.00) leader=(20.00,0.00) fallbacks=0
[mpc_node-3] [INFO] [1783590955.827636807] [px4_1.mpc_node_1]: [d1] solve: status=0 time=0.20ms cost=0.0 pos=(19.91,3.04,-5.02) local=(19.74,-0.13,-4.64) wbirth=(0.17,3.16,-0.38) ref=(20.00,3.00) leader=(20.00,0.00) fallbacks=0
[mpc_node-2] [INFO] [1783590955.892272582] [px4_0.mpc_node_0]: [d0] solve: status=0 time=0.18ms cost=0.0 pos=(19.95,0.00,-4.92) local=(19.95,0.08,-4.92) wbirth=(-0.00,-0.08,0.00) ref=(20.00,0.00) leader=(20.00,0.00) fallbacks=0
[mpc_node-5] [INFO] [1783590956.810307806] [px4_3.mpc_node_3]: [d3] solve: status=0 time=0.19ms cost=0.0 pos=(22.95,-0.04,-4.97) local=(19.65,-0.04,-3.71) wbirth=(3.30,-0.01,-1.26) ref=(23.00,0.00) leader=(20.00,0.00) fallbacks=0
[mpc_node-4] [INFO] [1783590956.823038824] [px4_2.mpc_node_2]: [d2] solve: status=0 time=0.14ms cost=0.0 pos=(19.99,-3.06,-4.99) local=(20.28,-0.04,-4.02) wbirth=(-0.29,-3.02,-0.97) ref=(20.00,-3.00) leader=(20.00,0.00) fallbacks=0
[mpc_node-6] [INFO] [1783590956.823993517] [px4_4.mpc_node_4]: [d4] solve: status=0 time=0.16ms cost=0.1 pos=(17.18,-0.02,-4.93) local=(19.93,-0.17,-4.47) wbirth=(-2.74,0.15,-0.46) ref=(17.00,0.00) leader=(20.00,0.00) fallbacks=0
[mpc_node-3] [INFO] [1783590956.827531849] [px4_1.mpc_node_1]: [d1] solve: status=0 time=0.17ms cost=0.0 pos=(19.93,3.10,-5.00) local=(19.76,-0.06,-4.62) wbirth=(0.17,3.16,-0.38) ref=(20.00,3.00) leader=(20.00,0.00) fallbacks=0
[mpc_node-2] [INFO] [1783590956.891165726] [px4_0.mpc_node_0]: [d0] solve: status=0 time=0.15ms cost=0.0 pos=(19.92,0.04,-5.03) local=(19.92,0.12,-5.03) wbirth=(-0.00,-0.08,0.00) ref=(20.00,0.00) leader=(20.00,0.00) fallbacks=0
[mpc_node-5] [INFO] [1783590957.810166039] [px4_3.mpc_node_3]: [d3] solve: status=0 time=0.14ms cost=0.0 pos=(23.00,-0.04,-4.97) local=(19.70,-0.03,-3.71) wbirth=(3.30,-0.01,-1.26) ref=(23.00,0.00) leader=(20.00,0.00) fallbacks=0
[mpc_node-4] [INFO] [1783590957.823398236] [px4_2.mpc_node_2]: [d2] solve: status=0 time=0.18ms cost=0.0 pos=(20.02,-2.98,-5.00) local=(20.31,0.05,-4.03) wbirth=(-0.29,-3.02,-0.97) ref=(20.00,-3.00) leader=(20.00,0.00) fallbacks=0
[mpc_node-6] [INFO] [1783590957.824515530] [px4_4.mpc_node_4]: [d4] solve: status=0 time=0.20ms cost=0.0 pos=(17.13,0.00,-4.95) local=(19.87,-0.15,-4.49) wbirth=(-2.74,0.15,-0.46) ref=(17.00,0.00) leader=(20.00,0.00) fallbacks=0
[mpc_node-3] [INFO] [1783590957.827339180] [px4_1.mpc_node_1]: [d1] solve: status=0 time=0.14ms cost=0.0 pos=(20.03,3.12,-5.02) local=(19.86,-0.05,-4.64) wbirth=(0.17,3.16,-0.38) ref=(20.00,3.00) leader=(20.00,0.00) fallbacks=0
[mpc_node-2] [INFO] [1783590957.891497660] [px4_0.mpc_node_0]: [d0] solve: status=0 time=0.18ms cost=0.0 pos=(19.98,-0.00,-5.06) local=(19.98,0.08,-5.06) wbirth=(-0.00,-0.08,0.00) ref=(20.00,0.00) leader=(20.00,0.00) fallbacks=0
[mpc_node-5] [INFO] [1783590958.808640280] [px4_3.mpc_node_3]: [d3] solve: status=0 time=0.17ms cost=0.0 pos=(23.06,-0.03,-5.00) local=(19.77,-0.03,-3.74) wbirth=(3.30,-0.01,-1.26) ref=(23.00,0.00) leader=(20.00,0.00) fallbacks=0
[mpc_node-4] [INFO] [1783590958.823156803] [px4_2.mpc_node_2]: [d2] solve: status=0 time=0.15ms cost=0.0 pos=(20.04,-2.92,-5.04) local=(20.33,0.10,-4.07) wbirth=(-0.29,-3.02,-0.97) ref=(20.00,-3.00) leader=(20.00,0.00) fallbacks=0
[mpc_node-6] [INFO] [1783590958.823898486] [px4_4.mpc_node_4]: [d4] solve: status=0 time=0.14ms cost=0.0 pos=(16.95,0.03,-5.00) local=(19.70,-0.12,-4.54) wbirth=(-2.74,0.15,-0.46) ref=(17.00,0.00) leader=(20.00,0.00) fallbacks=0
[mpc_node-3] [INFO] [1783590958.827726805] [px4_1.mpc_node_1]: [d1] solve: status=0 time=0.14ms cost=0.0 pos=(20.01,3.10,-4.96) local=(19.84,-0.07,-4.58) wbirth=(0.17,3.16,-0.38) ref=(20.00,3.00) leader=(20.00,0.00) fallbacks=0
[mpc_node-2] [INFO] [1783590958.891771436] [px4_0.mpc_node_0]: [d0] solve: status=0 time=0.15ms cost=0.0 pos=(19.99,-0.03,-4.97) local=(20.00,0.04,-4.97) wbirth=(-0.00,-0.08,0.00) ref=(20.00,0.00) leader=(20.00,0.00) fallbacks=0
[mpc_node-5] [INFO] [1783590959.808743931] [px4_3.mpc_node_3]: [d3] solve: status=0 time=0.17ms cost=0.0 pos=(23.03,-0.00,-4.99) local=(19.74,0.00,-3.73) wbirth=(3.30,-0.01,-1.26) ref=(23.00,0.00) leader=(20.00,0.00) fallbacks=0
[mpc_node-4] [INFO] [1783590959.823774359] [px4_2.mpc_node_2]: [d2] solve: status=0 time=0.18ms cost=0.0 pos=(19.99,-2.92,-5.03) local=(20.28,0.10,-4.06) wbirth=(-0.29,-3.02,-0.97) ref=(20.00,-3.00) leader=(20.00,0.00) fallbacks=0
[mpc_node-6] [INFO] [1783590959.824205209] [px4_4.mpc_node_4]: [d4] solve: status=0 time=0.14ms cost=0.1 pos=(16.86,-0.03,-5.05) local=(19.61,-0.18,-4.59) wbirth=(-2.74,0.15,-0.46) ref=(17.00,0.00) leader=(20.00,0.00) fallbacks=0
[mpc_node-3] [INFO] [1783590959.827572882] [px4_1.mpc_node_1]: [d1] solve: status=0 time=0.14ms cost=0.0 pos=(20.05,3.01,-4.99) local=(19.88,-0.15,-4.61) wbirth=(0.17,3.16,-0.38) ref=(20.00,3.00) leader=(20.00,0.00) fallbacks=0
[mpc_node-2] [INFO] [1783590959.891810208] [px4_0.mpc_node_0]: [d0] solve: status=0 time=0.15ms cost=0.0 pos=(20.01,-0.02,-5.01) local=(20.01,0.06,-5.01) wbirth=(-0.00,-0.08,0.00) ref=(20.00,0.00) leader=(20.00,0.00) fallbacks=0
[mpc_node-5] [INFO] [1783590960.808736422] [px4_3.mpc_node_3]: [d3] solve: status=0 time=0.14ms cost=0.0 pos=(23.07,0.03,-5.02) local=(19.77,0.03,-3.76) wbirth=(3.30,-0.01,-1.26) ref=(23.00,0.00) leader=(20.00,0.00) fallbacks=0
[mpc_node-6] [INFO] [1783590960.823964973] [px4_4.mpc_node_4]: [d4] solve: status=0 time=0.15ms cost=0.1 pos=(16.84,-0.01,-4.95) local=(19.59,-0.16,-4.49) wbirth=(-2.74,0.15,-0.46) ref=(17.00,0.00) leader=(20.00,0.00) fallbacks=0
[mpc_node-4] [INFO] [1783590960.825194423] [px4_2.mpc_node_2]: [d2] solve: status=0 time=0.20ms cost=0.0 pos=(19.92,-2.95,-4.99) local=(20.21,0.07,-4.02) wbirth=(-0.29,-3.02,-0.97) ref=(20.00,-3.00) leader=(20.00,0.00) fallbacks=0
[mpc_node-3] [INFO] [1783590960.827980251] [px4_1.mpc_node_1]: [d1] solve: status=0 time=0.20ms cost=0.0 pos=(20.05,2.91,-4.93) local=(19.88,-0.25,-4.55) wbirth=(0.17,3.16,-0.38) ref=(20.00,3.00) leader=(20.00,0.00) fallbacks=0
[mpc_node-2] [INFO] [1783590960.892346651] [px4_0.mpc_node_0]: [d0] solve: status=0 time=0.15ms cost=0.0 pos=(20.03,0.04,-5.05) local=(20.04,0.11,-5.05) wbirth=(-0.00,-0.08,0.00) ref=(20.00,0.00) leader=(20.00,0.00) fallbacks=0
[mpc_node-5] [INFO] [1783590961.808835446] [px4_3.mpc_node_3]: [d3] solve: status=0 time=0.13ms cost=0.0 pos=(22.96,0.04,-5.01) local=(19.66,0.04,-3.76) wbirth=(3.30,-0.01,-1.26) ref=(23.00,0.00) leader=(20.00,0.00) fallbacks=0
[mpc_node-4] [INFO] [1783590961.823427140] [px4_2.mpc_node_2]: [d2] solve: status=0 time=0.20ms cost=0.0 pos=(19.86,-2.98,-5.06) local=(20.15,0.04,-4.09) wbirth=(-0.29,-3.02,-0.97) ref=(20.00,-3.00) leader=(20.00,0.00) fallbacks=0
[mpc_node-6] [INFO] [1783590961.824088882] [px4_4.mpc_node_4]: [d4] solve: status=0 time=0.17ms cost=0.0 pos=(16.93,0.03,-5.00) local=(19.67,-0.12,-4.54) wbirth=(-2.74,0.15,-0.46) ref=(17.00,0.00) leader=(20.00,0.00) fallbacks=0
[mpc_node-3] [INFO] [1783590961.827383198] [px4_1.mpc_node_1]: [d1] solve: status=0 time=0.17ms cost=0.0 pos=(20.07,2.89,-4.99) local=(19.90,-0.28,-4.61) wbirth=(0.17,3.16,-0.38) ref=(20.00,3.00) leader=(20.00,0.00) fallbacks=0
[mpc_node-2] [INFO] [1783590961.892033284] [px4_0.mpc_node_0]: [d0] solve: status=0 time=0.18ms cost=0.0 pos=(20.04,-0.00,-5.02) local=(20.04,0.08,-5.02) wbirth=(-0.00,-0.08,0.00) ref=(20.00,0.00) leader=(20.00,0.00) fallbacks=0
[mpc_node-5] [INFO] [1783590962.809357322] [px4_3.mpc_node_3]: [d3] solve: status=0 time=0.45ms cost=0.0 pos=(22.92,0.03,-4.98) local=(19.62,0.03,-3.72) wbirth=(3.30,-0.01,-1.26) ref=(23.00,0.00) leader=(20.00,0.00) fallbacks=0
[mpc_node-4] [INFO] [1783590962.823456148] [px4_2.mpc_node_2]: [d2] solve: status=0 time=0.18ms cost=0.0 pos=(19.98,-3.03,-4.96) local=(20.27,-0.00,-3.99) wbirth=(-0.29,-3.02,-0.97) ref=(20.00,-3.00) leader=(20.00,0.00) fallbacks=0
[mpc_node-6] [INFO] [1783590962.824302745] [px4_4.mpc_node_4]: [d4] solve: status=0 time=0.18ms cost=0.0 pos=(17.00,0.06,-5.02) local=(19.74,-0.09,-4.56) wbirth=(-2.74,0.15,-0.46) ref=(17.00,0.00) leader=(20.00,0.00) fallbacks=0
[mpc_node-3] [INFO] [1783590962.827669497] [px4_1.mpc_node_1]: [d1] solve: status=0 time=0.14ms cost=0.0 pos=(20.00,2.90,-4.98) local=(19.83,-0.26,-4.60) wbirth=(0.17,3.16,-0.38) ref=(20.00,3.00) leader=(20.00,0.00) fallbacks=0
[mpc_node-2] [INFO] [1783590962.892031821] [px4_0.mpc_node_0]: [d0] solve: status=0 time=0.18ms cost=0.0 pos=(19.94,0.03,-5.00) local=(19.95,0.11,-5.00) wbirth=(-0.00,-0.08,0.00) ref=(20.00,0.00) leader=(20.00,0.00) fallbacks=0
[mpc_node-5] [INFO] [1783590963.808987106] [px4_3.mpc_node_3]: [d3] solve: status=0 time=0.14ms cost=0.0 pos=(22.90,0.03,-5.01) local=(19.61,0.04,-3.75) wbirth=(3.30,-0.01,-1.26) ref=(23.00,0.00) leader=(20.00,0.00) fallbacks=0
[mpc_node-4] [INFO] [1783590963.823317014] [px4_2.mpc_node_2]: [d2] solve: status=0 time=0.17ms cost=0.0 pos=(19.95,-3.02,-4.99) local=(20.24,0.01,-4.02) wbirth=(-0.29,-3.02,-0.97) ref=(20.00,-3.00) leader=(20.00,0.00) fallbacks=0
[mpc_node-6] [INFO] [1783590963.824388969] [px4_4.mpc_node_4]: [d4] solve: status=0 time=0.16ms cost=0.0 pos=(16.95,0.04,-5.02) local=(19.69,-0.11,-4.56) wbirth=(-2.74,0.15,-0.46) ref=(17.00,0.00) leader=(20.00,0.00) fallbacks=0
[mpc_node-3] [INFO] [1783590963.827305883] [px4_1.mpc_node_1]: [d1] solve: status=0 time=0.17ms cost=0.0 pos=(19.93,2.97,-4.96) local=(19.76,-0.19,-4.58) wbirth=(0.17,3.16,-0.38) ref=(20.00,3.00) leader=(20.00,0.00) fallbacks=0
[mpc_node-2] [INFO] [1783590963.891606192] [px4_0.mpc_node_0]: [d0] solve: status=0 time=0.17ms cost=0.0 pos=(19.94,0.02,-4.99) local=(19.95,0.10,-4.99) wbirth=(-0.00,-0.08,0.00) ref=(20.00,0.00) leader=(20.00,0.00) fallbacks=0
[mpc_node-5] [INFO] [1783590964.809073182] [px4_3.mpc_node_3]: [d3] solve: status=0 time=0.19ms cost=0.0 pos=(22.90,-0.00,-5.09) local=(19.60,0.01,-3.83) wbirth=(3.30,-0.01,-1.26) ref=(23.00,0.00) leader=(20.00,0.00) fallbacks=0
[mpc_node-4] [INFO] [1783590964.824146618] [px4_2.mpc_node_2]: [d2] solve: status=0 time=0.15ms cost=0.0 pos=(20.01,-3.01,-5.03) local=(20.30,0.02,-4.06) wbirth=(-0.29,-3.02,-0.97) ref=(20.00,-3.00) leader=(20.00,0.00) fallbacks=0
[mpc_node-6] [INFO] [1783590964.824174010] [px4_4.mpc_node_4]: [d4] solve: status=0 time=0.14ms cost=0.0 pos=(16.97,0.00,-4.97) local=(19.72,-0.15,-4.51) wbirth=(-2.74,0.15,-0.46) ref=(17.00,0.00) leader=(20.00,0.00) fallbacks=0
[mpc_node-3] [INFO] [1783590964.828571280] [px4_1.mpc_node_1]: [d1] solve: status=0 time=0.14ms cost=0.0 pos=(19.91,3.07,-5.03) local=(19.74,-0.10,-4.65) wbirth=(0.17,3.16,-0.38) ref=(20.00,3.00) leader=(20.00,0.00) fallbacks=0
[mpc_node-2] [INFO] [1783590964.891811200] [px4_0.mpc_node_0]: [d0] solve: status=0 time=0.17ms cost=0.0 pos=(20.00,0.02,-5.00) local=(20.00,0.10,-5.00) wbirth=(-0.00,-0.08,0.00) ref=(20.00,0.00) leader=(20.00,0.00) fallbacks=0
[mpc_node-5] [INFO] [1783590965.808896015] [px4_3.mpc_node_3]: [d3] solve: status=0 time=0.17ms cost=0.0 pos=(22.98,-0.02,-5.07) local=(19.69,-0.01,-3.82) wbirth=(3.30,-0.01,-1.26) ref=(23.00,0.00) leader=(20.00,0.00) fallbacks=0
[mpc_node-4] [INFO] [1783590965.823748741] [px4_2.mpc_node_2]: [d2] solve: status=0 time=0.17ms cost=0.0 pos=(20.06,-3.03,-4.98) local=(20.35,-0.01,-4.01) wbirth=(-0.29,-3.02,-0.97) ref=(20.00,-3.00) leader=(20.00,0.00) fallbacks=0
[mpc_node-6] [INFO] [1783590965.824916292] [px4_4.mpc_node_4]: [d4] solve: status=0 time=0.20ms cost=0.0 pos=(17.10,0.01,-4.96) local=(19.85,-0.14,-4.50) wbirth=(-2.74,0.15,-0.46) ref=(17.00,0.00) leader=(20.00,0.00) fallbacks=0
[mpc_node-3] [INFO] [1783590965.827574148] [px4_1.mpc_node_1]: [d1] solve: status=0 time=0.16ms cost=0.0 pos=(19.96,3.06,-5.04) local=(19.79,-0.10,-4.66) wbirth=(0.17,3.16,-0.38) ref=(20.00,3.00) leader=(20.00,0.00) fallbacks=0
[mpc_node-2] [INFO] [1783590965.891543929] [px4_0.mpc_node_0]: [d0] solve: status=0 time=0.18ms cost=0.0 pos=(20.08,0.03,-4.95) local=(20.08,0.10,-4.95) wbirth=(-0.00,-0.08,0.00) ref=(20.00,0.00) leader=(20.00,0.00) fallbacks=0
[mpc_node-5] [INFO] [1783590966.809182586] [px4_3.mpc_node_3]: [d3] solve: status=0 time=0.14ms cost=0.0 pos=(23.08,-0.01,-4.98) local=(19.78,-0.01,-3.72) wbirth=(3.30,-0.01,-1.26) ref=(23.00,0.00) leader=(20.00,0.00) fallbacks=0
[mpc_node-4] [INFO] [1783590966.824203773] [px4_2.mpc_node_2]: [d2] solve: status=0 time=0.18ms cost=0.1 pos=(20.20,-3.02,-4.99) local=(20.49,0.00,-4.02) wbirth=(-0.29,-3.02,-0.97) ref=(20.00,-3.00) leader=(20.00,0.00) fallbacks=0
[mpc_node-6] [INFO] [1783590966.824279033] [px4_4.mpc_node_4]: [d4] solve: status=0 time=0.17ms cost=0.0 pos=(17.10,0.02,-4.99) local=(19.84,-0.13,-4.53) wbirth=(-2.74,0.15,-0.46) ref=(17.00,0.00) leader=(20.00,0.00) fallbacks=0
[mpc_node-3] [INFO] [1783590966.827751199] [px4_1.mpc_node_1]: [d1] solve: status=0 time=0.14ms cost=0.0 pos=(20.05,3.02,-4.95) local=(19.88,-0.14,-4.57) wbirth=(0.17,3.16,-0.38) ref=(20.00,3.00) leader=(20.00,0.00) fallbacks=0
[mpc_node-2] [INFO] [1783590966.892398827] [px4_0.mpc_node_0]: [d0] solve: status=0 time=0.15ms cost=0.0 pos=(20.05,-0.02,-5.04) local=(20.05,0.06,-5.04) wbirth=(-0.00,-0.08,0.00) ref=(20.00,0.00) leader=(20.00,0.00) fallbacks=0
[mpc_node-5] [INFO] [1783590967.808804857] [px4_3.mpc_node_3]: [d3] solve: status=0 time=0.17ms cost=0.1 pos=(23.18,-0.04,-4.97) local=(19.88,-0.03,-3.71) wbirth=(3.30,-0.01,-1.26) ref=(23.00,0.00) leader=(20.00,0.00) fallbacks=0
[mpc_node-4] [INFO] [1783590967.823311735] [px4_2.mpc_node_2]: [d2] solve: status=0 time=0.17ms cost=0.0 pos=(20.15,-3.03,-5.02) local=(20.44,-0.01,-4.05) wbirth=(-0.29,-3.02,-0.97) ref=(20.00,-3.00) leader=(20.00,0.00) fallbacks=0
[mpc_node-6] [INFO] [1783590967.824773935] [px4_4.mpc_node_4]: [d4] solve: status=0 time=0.17ms cost=0.0 pos=(17.07,-0.01,-4.99) local=(19.81,-0.16,-4.52) wbirth=(-2.74,0.15,-0.46) ref=(17.00,0.00) leader=(20.00,0.00) fallbacks=0
[mpc_node-3] [INFO] [1783590967.827256421] [px4_1.mpc_node_1]: [d1] solve: status=0 time=0.14ms cost=0.0 pos=(20.07,2.99,-5.02) local=(19.90,-0.17,-4.64) wbirth=(0.17,3.16,-0.38) ref=(20.00,3.00) leader=(20.00,0.00) fallbacks=0
[mpc_node-2] [INFO] [1783590967.891498813] [px4_0.mpc_node_0]: [d0] solve: status=0 time=0.18ms cost=0.0 pos=(20.08,-0.00,-4.99) local=(20.08,0.07,-4.99) wbirth=(-0.00,-0.08,0.00) ref=(20.00,0.00) leader=(20.00,0.00) fallbacks=0
[mpc_node-5] [INFO] [1783590968.808684822] [px4_3.mpc_node_3]: [d3] solve: status=0 time=0.17ms cost=0.1 pos=(23.17,-0.09,-5.00) local=(19.88,-0.09,-3.74) wbirth=(3.30,-0.01,-1.26) ref=(23.00,0.00) leader=(20.00,0.00) fallbacks=0
[mpc_node-4] [INFO] [1783590968.823703793] [px4_2.mpc_node_2]: [d2] solve: status=0 time=0.15ms cost=0.0 pos=(20.06,-2.99,-5.01) local=(20.35,0.03,-4.04) wbirth=(-0.29,-3.02,-0.97) ref=(20.00,-3.00) leader=(20.00,0.00) fallbacks=0
[mpc_node-6] [INFO] [1783590968.824038140] [px4_4.mpc_node_4]: [d4] solve: status=0 time=0.17ms cost=0.0 pos=(17.02,-0.05,-4.95) local=(19.77,-0.20,-4.49) wbirth=(-2.74,0.15,-0.46) ref=(17.00,0.00) leader=(20.00,0.00) fallbacks=0
[mpc_node-3] [INFO] [1783590968.827858326] [px4_1.mpc_node_1]: [d1] solve: status=0 time=0.17ms cost=0.0 pos=(20.03,3.01,-5.02) local=(19.86,-0.15,-4.64) wbirth=(0.17,3.16,-0.38) ref=(20.00,3.00) leader=(20.00,0.00) fallbacks=0
[mpc_node-2] [INFO] [1783590968.892643134] [px4_0.mpc_node_0]: [d0] solve: status=0 time=0.15ms cost=0.0 pos=(20.08,-0.01,-5.05) local=(20.08,0.07,-5.05) wbirth=(-0.00,-0.08,0.00) ref=(20.00,0.00) leader=(20.00,0.00) fallbacks=0
[mpc_node-5] [INFO] [1783590969.808850935] [px4_3.mpc_node_3]: [d3] solve: status=0 time=0.17ms cost=0.0 pos=(23.05,-0.03,-5.00) local=(19.76,-0.03,-3.74) wbirth=(3.30,-0.01,-1.26) ref=(23.00,0.00) leader=(20.00,0.00) fallbacks=0
[mpc_node-4] [INFO] [1783590969.823994002] [px4_2.mpc_node_2]: [d2] solve: status=0 time=0.18ms cost=0.0 pos=(19.98,-2.96,-5.00) local=(20.27,0.06,-4.03) wbirth=(-0.29,-3.02,-0.97) ref=(20.00,-3.00) leader=(20.00,0.00) fallbacks=0
[mpc_node-6] [INFO] [1783590969.824373383] [px4_4.mpc_node_4]: [d4] solve: status=0 time=0.17ms cost=0.0 pos=(16.93,-0.01,-5.01) local=(19.68,-0.16,-4.55) wbirth=(-2.74,0.15,-0.46) ref=(17.00,0.00) leader=(20.00,0.00) fallbacks=0
[mpc_node-3] [INFO] [1783590969.827697784] [px4_1.mpc_node_1]: [d1] solve: status=0 time=0.17ms cost=0.0 pos=(19.95,3.07,-5.07) local=(19.78,-0.09,-4.69) wbirth=(0.17,3.16,-0.38) ref=(20.00,3.00) leader=(20.00,0.00) fallbacks=0
[mpc_node-2] [INFO] [1783590969.892779987] [px4_0.mpc_node_0]: [d0] solve: status=0 time=0.17ms cost=0.0 pos=(19.99,-0.01,-5.01) local=(19.99,0.07,-5.01) wbirth=(-0.00,-0.08,0.00) ref=(20.00,0.00) leader=(20.00,0.00) fallbacks=0
[mpc_node-5] [INFO] [1783590970.809329332] [px4_3.mpc_node_3]: [d3] solve: status=0 time=0.18ms cost=0.1 pos=(22.82,-0.00,-4.95) local=(19.53,0.00,-3.70) wbirth=(3.30,-0.01,-1.26) ref=(23.00,0.00) leader=(20.00,0.00) fallbacks=0
[mpc_node-4] [INFO] [1783590970.823604334] [px4_2.mpc_node_2]: [d2] solve: status=0 time=0.15ms cost=0.0 pos=(19.91,-2.94,-4.99) local=(20.20,0.08,-4.02) wbirth=(-0.29,-3.02,-0.97) ref=(20.00,-3.00) leader=(20.00,0.00) fallbacks=0
[mpc_node-6] [INFO] [1783590970.824817731] [px4_4.mpc_node_4]: [d4] solve: status=0 time=0.17ms cost=0.0 pos=(16.90,-0.03,-5.00) local=(19.65,-0.18,-4.54) wbirth=(-2.74,0.15,-0.46) ref=(17.00,0.00) leader=(20.00,0.00) fallbacks=0
[mpc_node-3] [INFO] [1783590970.828915486] [px4_1.mpc_node_1]: [d1] solve: status=0 time=0.20ms cost=0.0 pos=(20.02,3.02,-4.98) local=(19.85,-0.15,-4.60) wbirth=(0.17,3.16,-0.38) ref=(20.00,3.00) leader=(20.00,0.00) fallbacks=0
[mpc_node-2] [INFO] [1783590970.892071650] [px4_0.mpc_node_0]: [d0] solve: status=0 time=0.15ms cost=0.0 pos=(19.92,-0.05,-4.99) local=(19.92,0.03,-4.99) wbirth=(-0.00,-0.08,0.00) ref=(20.00,0.00) leader=(20.00,0.00) fallbacks=0
[mpc_node-5] [INFO] [1783590971.809014165] [px4_3.mpc_node_3]: [d3] solve: status=0 time=0.21ms cost=0.1 pos=(22.84,0.03,-4.99) local=(19.55,0.04,-3.73) wbirth=(3.30,-0.01,-1.26) ref=(23.00,0.00) leader=(20.00,0.00) fallbacks=0
[mpc_node-4] [INFO] [1783590971.823779375] [px4_2.mpc_node_2]: [d2] solve: status=0 time=0.18ms cost=0.1 pos=(19.86,-2.93,-4.95) local=(20.15,0.10,-3.98) wbirth=(-0.29,-3.02,-0.97) ref=(20.00,-3.00) leader=(20.00,0.00) fallbacks=0
[mpc_node-6] [INFO] [1783590971.824095786] [px4_4.mpc_node_4]: [d4] solve: status=0 time=0.17ms cost=0.0 pos=(16.97,-0.00,-5.00) local=(19.71,-0.15,-4.53) wbirth=(-2.74,0.15,-0.46) ref=(17.00,0.00) leader=(20.00,0.00) fallbacks=0
[mpc_node-3] [INFO] [1783590971.827985585] [px4_1.mpc_node_1]: [d1] solve: status=0 time=0.25ms cost=0.0 pos=(20.11,2.98,-4.98) local=(19.95,-0.19,-4.60) wbirth=(0.17,3.16,-0.38) ref=(20.00,3.00) leader=(20.00,0.00) fallbacks=0
[mpc_node-2] [INFO] [1783590971.892746424] [px4_0.mpc_node_0]: [d0] solve: status=0 time=0.18ms cost=0.0 pos=(19.98,-0.02,-4.97) local=(19.99,0.06,-4.97) wbirth=(-0.00,-0.08,0.00) ref=(20.00,0.00) leader=(20.00,0.00) fallbacks=0
[mpc_node-5] [INFO] [1783590972.808999367] [px4_3.mpc_node_3]: [d3] solve: status=0 time=0.20ms cost=0.0 pos=(22.90,0.05,-4.99) local=(19.60,0.05,-3.74) wbirth=(3.30,-0.01,-1.26) ref=(23.00,0.00) leader=(20.00,0.00) fallbacks=0
[mpc_node-6] [INFO] [1783590972.824215964] [px4_4.mpc_node_4]: [d4] solve: status=0 time=0.15ms cost=0.0 pos=(16.99,0.01,-4.99) local=(19.73,-0.14,-4.53) wbirth=(-2.74,0.15,-0.46) ref=(17.00,0.00) leader=(20.00,0.00) fallbacks=0
[mpc_node-4] [INFO] [1783590972.825146338] [px4_2.mpc_node_2]: [d2] solve: status=0 time=0.17ms cost=0.0 pos=(19.87,-2.92,-4.97) local=(20.16,0.11,-4.00) wbirth=(-0.29,-3.02,-0.97) ref=(20.00,-3.00) leader=(20.00,0.00) fallbacks=0
[mpc_node-3] [INFO] [1783590972.828340242] [px4_1.mpc_node_1]: [d1] solve: status=0 time=0.14ms cost=0.0 pos=(20.08,2.93,-5.00) local=(19.91,-0.23,-4.62) wbirth=(0.17,3.16,-0.38) ref=(20.00,3.00) leader=(20.00,0.00) fallbacks=0
[mpc_node-2] [INFO] [1783590972.892060768] [px4_0.mpc_node_0]: [d0] solve: status=0 time=0.15ms cost=0.0 pos=(20.05,0.02,-5.05) local=(20.05,0.09,-5.05) wbirth=(-0.00,-0.08,0.00) ref=(20.00,0.00) leader=(20.00,0.00) fallbacks=0
[mpc_node-5] [INFO] [1783590973.808836508] [px4_3.mpc_node_3]: [d3] solve: status=0 time=0.24ms cost=0.0 pos=(23.03,0.06,-5.00) local=(19.74,0.07,-3.74) wbirth=(3.30,-0.01,-1.26) ref=(23.00,0.00) leader=(20.00,0.00) fallbacks=0
[mpc_node-6] [INFO] [1783590973.824289192] [px4_4.mpc_node_4]: [d4] solve: status=0 time=0.15ms cost=0.0 pos=(17.03,-0.01,-5.01) local=(19.77,-0.16,-4.55) wbirth=(-2.74,0.15,-0.46) ref=(17.00,0.00) leader=(20.00,0.00) fallbacks=0
[mpc_node-4] [INFO] [1783590973.824988595] [px4_2.mpc_node_2]: [d2] solve: status=0 time=0.20ms cost=0.0 pos=(19.96,-3.01,-5.01) local=(20.25,0.01,-4.04) wbirth=(-0.29,-3.02,-0.97) ref=(20.00,-3.00) leader=(20.00,0.00) fallbacks=0
[mpc_node-3] [INFO] [1783590973.827997066] [px4_1.mpc_node_1]: [d1] solve: status=0 time=0.14ms cost=0.0 pos=(19.99,2.95,-5.04) local=(19.82,-0.21,-4.66) wbirth=(0.17,3.16,-0.38) ref=(20.00,3.00) leader=(20.00,0.00) fallbacks=0
[mpc_node-2] [INFO] [1783590973.892009197] [px4_0.mpc_node_0]: [d0] solve: status=0 time=0.17ms cost=0.0 pos=(19.99,-0.02,-5.11) local=(19.99,0.05,-5.11) wbirth=(-0.00,-0.08,0.00) ref=(20.00,0.00) leader=(20.00,0.00) fallbacks=0
[mpc_node-5] [INFO] [1783590974.808962205] [px4_3.mpc_node_3]: [d3] solve: status=0 time=0.17ms cost=0.0 pos=(23.14,0.05,-4.98) local=(19.84,0.06,-3.72) wbirth=(3.30,-0.01,-1.26) ref=(23.00,0.00) leader=(20.00,0.00) fallbacks=0
[mpc_node-4] [INFO] [1783590974.823861558] [px4_2.mpc_node_2]: [d2] solve: status=0 time=0.18ms cost=0.0 pos=(20.03,-3.11,-5.01) local=(20.32,-0.09,-4.04) wbirth=(-0.29,-3.02,-0.97) ref=(20.00,-3.00) leader=(20.00,0.00) fallbacks=0
[mpc_node-6] [INFO] [1783590974.824039117] [px4_4.mpc_node_4]: [d4] solve: status=0 time=0.14ms cost=0.0 pos=(17.01,-0.01,-4.98) local=(19.75,-0.16,-4.52) wbirth=(-2.74,0.15,-0.46) ref=(17.00,0.00) leader=(20.00,0.00) fallbacks=0
[mpc_node-3] [INFO] [1783590974.829052678] [px4_1.mpc_node_1]: [d1] solve: status=0 time=0.15ms cost=0.0 pos=(19.91,2.95,-4.97) local=(19.74,-0.22,-4.59) wbirth=(0.17,3.16,-0.38) ref=(20.00,3.00) leader=(20.00,0.00) fallbacks=0
[mpc_node-2] [INFO] [1783590974.891762006] [px4_0.mpc_node_0]: [d0] solve: status=0 time=0.17ms cost=0.0 pos=(19.95,-0.03,-5.02) local=(19.96,0.04,-5.02) wbirth=(-0.00,-0.08,0.00) ref=(20.00,0.00) leader=(20.00,0.00) fallbacks=0
[mpc_node-5] [INFO] [1783590975.809271019] [px4_3.mpc_node_3]: [d3] solve: status=0 time=0.19ms cost=0.0 pos=(23.10,0.01,-5.02) local=(19.80,0.02,-3.76) wbirth=(3.30,-0.01,-1.26) ref=(23.00,0.00) leader=(20.00,0.00) fallbacks=0
[mpc_node-4] [INFO] [1783590975.823452454] [px4_2.mpc_node_2]: [d2] solve: status=0 time=0.16ms cost=0.0 pos=(20.05,-3.14,-5.02) local=(20.34,-0.11,-4.05) wbirth=(-0.29,-3.02,-0.97) ref=(20.00,-3.00) leader=(20.00,0.00) fallbacks=0
[mpc_node-6] [INFO] [1783590975.824278826] [px4_4.mpc_node_4]: [d4] solve: status=0 time=0.21ms cost=0.0 pos=(17.08,-0.03,-5.00) local=(19.82,-0.18,-4.54) wbirth=(-2.74,0.15,-0.46) ref=(17.00,0.00) leader=(20.00,0.00) fallbacks=0
[mpc_node-3] [INFO] [1783590975.827762445] [px4_1.mpc_node_1]: [d1] solve: status=0 time=0.15ms cost=0.0 pos=(19.90,2.97,-5.02) local=(19.73,-0.20,-4.64) wbirth=(0.17,3.16,-0.38) ref=(20.00,3.00) leader=(20.00,0.00) fallbacks=0
[mpc_node-2] [INFO] [1783590975.891592203] [px4_0.mpc_node_0]: [d0] solve: status=0 time=0.17ms cost=0.0 pos=(19.95,-0.00,-4.95) local=(19.95,0.07,-4.95) wbirth=(-0.00,-0.08,0.00) ref=(20.00,0.00) leader=(20.00,0.00) fallbacks=0
[mpc_node-5] [INFO] [1783590976.809091179] [px4_3.mpc_node_3]: [d3] solve: status=0 time=0.16ms cost=0.0 pos=(23.04,-0.04,-5.05) local=(19.74,-0.03,-3.79) wbirth=(3.30,-0.01,-1.26) ref=(23.00,0.00) leader=(20.00,0.00) fallbacks=0
[mpc_node-4] [INFO] [1783590976.823880343] [px4_2.mpc_node_2]: [d2] solve: status=0 time=0.18ms cost=0.0 pos=(20.05,-3.09,-5.00) local=(20.34,-0.07,-4.03) wbirth=(-0.29,-3.02,-0.97) ref=(20.00,-3.00) leader=(20.00,0.00) fallbacks=0
[mpc_node-6] [INFO] [1783590976.824029379] [px4_4.mpc_node_4]: [d4] solve: status=0 time=0.14ms cost=0.0 pos=(17.10,0.02,-4.93) local=(19.85,-0.13,-4.47) wbirth=(-2.74,0.15,-0.46) ref=(17.00,0.00) leader=(20.00,0.00) fallbacks=0
[mpc_node-3] [INFO] [1783590976.827961736] [px4_1.mpc_node_1]: [d1] solve: status=0 time=0.23ms cost=0.0 pos=(19.90,2.98,-5.01) local=(19.73,-0.18,-4.63) wbirth=(0.17,3.16,-0.38) ref=(20.00,3.00) leader=(20.00,0.00) fallbacks=0
[mpc_node-2] [INFO] [1783590976.891590795] [px4_0.mpc_node_0]: [d0] solve: status=0 time=0.18ms cost=0.0 pos=(19.99,0.00,-5.02) local=(19.99,0.08,-5.02) wbirth=(-0.00,-0.08,0.00) ref=(20.00,0.00) leader=(20.00,0.00) fallbacks=0
[mpc_node-5] [INFO] [1783590977.809078194] [px4_3.mpc_node_3]: [d3] solve: status=0 time=0.17ms cost=0.0 pos=(22.99,-0.05,-5.00) local=(19.69,-0.05,-3.74) wbirth=(3.30,-0.01,-1.26) ref=(23.00,0.00) leader=(20.00,0.00) fallbacks=0
[mpc_node-4] [INFO] [1783590977.823230878] [px4_2.mpc_node_2]: [d2] solve: status=0 time=0.17ms cost=0.0 pos=(19.96,-3.01,-4.97) local=(20.25,0.01,-4.00) wbirth=(-0.29,-3.02,-0.97) ref=(20.00,-3.00) leader=(20.00,0.00) fallbacks=0
[mpc_node-6] [INFO] [1783590977.824189033] [px4_4.mpc_node_4]: [d4] solve: status=0 time=0.19ms cost=0.0 pos=(17.04,0.00,-4.95) local=(19.79,-0.15,-4.49) wbirth=(-2.74,0.15,-0.46) ref=(17.00,0.00) leader=(20.00,0.00) fallbacks=0
[mpc_node-3] [INFO] [1783590977.827624606] [px4_1.mpc_node_1]: [d1] solve: status=0 time=0.20ms cost=0.0 pos=(20.00,3.02,-5.04) local=(19.83,-0.14,-4.66) wbirth=(0.17,3.16,-0.38) ref=(20.00,3.00) leader=(20.00,0.00) fallbacks=0
[mpc_node-2] [INFO] [1783590977.891651827] [px4_0.mpc_node_0]: [d0] solve: status=0 time=0.15ms cost=0.0 pos=(19.97,0.04,-5.01) local=(19.98,0.11,-5.01) wbirth=(-0.00,-0.08,0.00) ref=(20.00,0.00) leader=(20.00,0.00) fallbacks=0
[mpc_node-5] [INFO] [1783590978.811035117] [px4_3.mpc_node_3]: [d3] solve: status=0 time=0.14ms cost=0.0 pos=(22.93,-0.09,-4.98) local=(19.63,-0.08,-3.72) wbirth=(3.30,-0.01,-1.26) ref=(23.00,0.00) leader=(20.00,0.00) fallbacks=0
[mpc_node-4] [INFO] [1783590978.823759950] [px4_2.mpc_node_2]: [d2] solve: status=0 time=0.21ms cost=0.0 pos=(20.03,-2.91,-5.02) local=(20.32,0.11,-4.05) wbirth=(-0.29,-3.02,-0.97) ref=(20.00,-3.00) leader=(20.00,0.00) fallbacks=0
[mpc_node-6] [INFO] [1783590978.823996594] [px4_4.mpc_node_4]: [d4] solve: status=0 time=0.17ms cost=0.0 pos=(16.96,0.00,-5.02) local=(19.70,-0.15,-4.56) wbirth=(-2.74,0.15,-0.46) ref=(17.00,0.00) leader=(20.00,0.00) fallbacks=0
[mpc_node-3] [INFO] [1783590978.827960875] [px4_1.mpc_node_1]: [d1] solve: status=0 time=0.17ms cost=0.0 pos=(20.14,3.03,-5.01) local=(19.98,-0.13,-4.62) wbirth=(0.17,3.16,-0.38) ref=(20.00,3.00) leader=(20.00,0.00) fallbacks=0
[mpc_node-2] [INFO] [1783590978.891378032] [px4_0.mpc_node_0]: [d0] solve: status=0 time=0.14ms cost=0.0 pos=(20.06,0.05,-4.97) local=(20.06,0.12,-4.97) wbirth=(-0.00,-0.08,0.00) ref=(20.00,0.00) leader=(20.00,0.00) fallbacks=0
[mpc_node-5] [INFO] [1783590979.809501973] [px4_3.mpc_node_3]: [d3] solve: status=0 time=0.14ms cost=0.0 pos=(22.97,-0.08,-5.01) local=(19.67,-0.08,-3.75) wbirth=(3.30,-0.01,-1.26) ref=(23.00,0.00) leader=(20.00,0.00) fallbacks=0
[mpc_node-4] [INFO] [1783590979.823408773] [px4_2.mpc_node_2]: [d2] solve: status=0 time=0.15ms cost=0.1 pos=(20.08,-2.86,-4.99) local=(20.37,0.16,-4.02) wbirth=(-0.29,-3.02,-0.97) ref=(20.00,-3.00) leader=(20.00,0.00) fallbacks=0
[mpc_node-6] [INFO] [1783590979.824752048] [px4_4.mpc_node_4]: [d4] solve: status=0 time=0.17ms cost=0.0 pos=(16.92,-0.02,-4.99) local=(19.66,-0.17,-4.53) wbirth=(-2.74,0.15,-0.46) ref=(17.00,0.00) leader=(20.00,0.00) fallbacks=0
[mpc_node-3] [INFO] [1783590979.828555425] [px4_1.mpc_node_1]: [d1] solve: status=0 time=0.17ms cost=0.0 pos=(20.14,3.03,-5.00) local=(19.98,-0.13,-4.62) wbirth=(0.17,3.16,-0.38) ref=(20.00,3.00) leader=(20.00,0.00) fallbacks=0
[mpc_node-2] [INFO] [1783590979.893977273] [px4_0.mpc_node_0]: [d0] solve: status=0 time=0.15ms cost=0.0 pos=(20.12,0.03,-4.98) local=(20.12,0.11,-4.98) wbirth=(-0.00,-0.08,0.00) ref=(20.00,0.00) leader=(20.00,0.00) fallbacks=0
[mpc_node-5] [INFO] [1783590980.808788682] [px4_3.mpc_node_3]: [d3] solve: status=0 time=0.14ms cost=0.0 pos=(22.98,-0.05,-4.96) local=(19.68,-0.04,-3.71) wbirth=(3.30,-0.01,-1.26) ref=(23.00,0.00) leader=(20.00,0.00) fallbacks=0
[mpc_node-4] [INFO] [1783590980.823154043] [px4_2.mpc_node_2]: [d2] solve: status=0 time=0.18ms cost=0.0 pos=(20.10,-2.91,-5.00) local=(20.39,0.12,-4.03) wbirth=(-0.29,-3.02,-0.97) ref=(20.00,-3.00) leader=(20.00,0.00) fallbacks=0
[mpc_node-6] [INFO] [1783590980.824276507] [px4_4.mpc_node_4]: [d4] solve: status=0 time=0.17ms cost=0.0 pos=(16.94,-0.00,-5.02) local=(19.69,-0.15,-4.56) wbirth=(-2.74,0.15,-0.46) ref=(17.00,0.00) leader=(20.00,0.00) fallbacks=0
[mpc_node-3] [INFO] [1783590980.827258435] [px4_1.mpc_node_1]: [d1] solve: status=0 time=0.14ms cost=0.0 pos=(20.04,2.99,-4.98) local=(19.87,-0.17,-4.60) wbirth=(0.17,3.16,-0.38) ref=(20.00,3.00) leader=(20.00,0.00) fallbacks=0
[mpc_node-2] [INFO] [1783590980.890869466] [px4_0.mpc_node_0]: [d0] solve: status=0 time=0.17ms cost=0.0 pos=(20.07,0.04,-4.99) local=(20.08,0.11,-4.99) wbirth=(-0.00,-0.08,0.00) ref=(20.00,0.00) leader=(20.00,0.00) fallbacks=0
[mpc_node-5] [INFO] [1783590981.809494720] [px4_3.mpc_node_3]: [d3] solve: status=0 time=0.17ms cost=0.0 pos=(22.96,0.06,-4.96) local=(19.66,0.07,-3.70) wbirth=(3.30,-0.01,-1.26) ref=(23.00,0.00) leader=(20.00,0.00) fallbacks=0
[mpc_node-4] [INFO] [1783590981.824198415] [px4_2.mpc_node_2]: [d2] solve: status=0 time=0.22ms cost=0.0 pos=(20.00,-3.01,-4.99) local=(20.29,0.01,-4.02) wbirth=(-0.29,-3.02,-0.97) ref=(20.00,-3.00) leader=(20.00,0.00) fallbacks=0
[mpc_node-6] [INFO] [1783590981.824637828] [px4_4.mpc_node_4]: [d4] solve: status=0 time=0.14ms cost=0.0 pos=(16.96,-0.04,-4.97) local=(19.70,-0.19,-4.51) wbirth=(-2.74,0.15,-0.46) ref=(17.00,0.00) leader=(20.00,0.00) fallbacks=0
[mpc_node-3] [INFO] [1783590981.827534065] [px4_1.mpc_node_1]: [d1] solve: status=0 time=0.17ms cost=0.0 pos=(19.94,3.00,-4.95) local=(19.77,-0.16,-4.57) wbirth=(0.17,3.16,-0.38) ref=(20.00,3.00) leader=(20.00,0.00) fallbacks=0
[mpc_node-2] [INFO] [1783590981.891498896] [px4_0.mpc_node_0]: [d0] solve: status=0 time=0.18ms cost=0.0 pos=(20.00,0.01,-4.96) local=(20.00,0.09,-4.96) wbirth=(-0.00,-0.08,0.00) ref=(20.00,0.00) leader=(20.00,0.00) fallbacks=0
[mpc_node-5] [INFO] [1783590982.808572808] [px4_3.mpc_node_3]: [d3] solve: status=0 time=0.16ms cost=0.0 pos=(22.95,0.11,-4.99) local=(19.65,0.12,-3.73) wbirth=(3.30,-0.01,-1.26) ref=(23.00,0.00) leader=(20.00,0.00) fallbacks=0
[mpc_node-4] [INFO] [1783590982.823913577] [px4_2.mpc_node_2]: [d2] solve: status=0 time=0.15ms cost=0.0 pos=(19.93,-3.06,-5.03) local=(20.22,-0.04,-4.06) wbirth=(-0.29,-3.02,-0.97) ref=(20.00,-3.00) leader=(20.00,0.00) fallbacks=0
[mpc_node-6] [INFO] [1783590982.824045726] [px4_4.mpc_node_4]: [d4] solve: status=0 time=0.14ms cost=0.0 pos=(16.97,-0.04,-5.04) local=(19.72,-0.19,-4.58) wbirth=(-2.74,0.15,-0.46) ref=(17.00,0.00) leader=(20.00,0.00) fallbacks=0
[mpc_node-3] [INFO] [1783590982.829194178] [px4_1.mpc_node_1]: [d1] solve: status=0 time=0.14ms cost=0.0 pos=(19.93,3.01,-4.96) local=(19.76,-0.16,-4.58) wbirth=(0.17,3.16,-0.38) ref=(20.00,3.00) leader=(20.00,0.00) fallbacks=0
[mpc_node-2] [INFO] [1783590982.892906119] [px4_0.mpc_node_0]: [d0] solve: status=0 time=0.16ms cost=0.0 pos=(19.92,-0.01,-4.93) local=(19.93,0.07,-4.93) wbirth=(-0.00,-0.08,0.00) ref=(20.00,0.00) leader=(20.00,0.00) fallbacks=0
[mpc_node-5] [INFO] [1783590983.808726112] [px4_3.mpc_node_3]: [d3] solve: status=0 time=0.14ms cost=0.0 pos=(23.03,0.08,-5.05) local=(19.73,0.09,-3.79) wbirth=(3.30,-0.01,-1.26) ref=(23.00,0.00) leader=(20.00,0.00) fallbacks=0
[mpc_node-4] [INFO] [1783590983.823682067] [px4_2.mpc_node_2]: [d2] solve: status=0 time=0.15ms cost=0.0 pos=(19.87,-3.06,-5.02) local=(20.16,-0.04,-4.05) wbirth=(-0.29,-3.02,-0.97) ref=(20.00,-3.00) leader=(20.00,0.00) fallbacks=0
[mpc_node-6] [INFO] [1783590983.824322692] [px4_4.mpc_node_4]: [d4] solve: status=0 time=0.17ms cost=0.0 pos=(17.01,-0.04,-4.98) local=(19.75,-0.19,-4.52) wbirth=(-2.74,0.15,-0.46) ref=(17.00,0.00) leader=(20.00,0.00) fallbacks=0
[mpc_node-3] [INFO] [1783590983.828430372] [px4_1.mpc_node_1]: [d1] solve: status=0 time=0.17ms cost=0.0 pos=(19.96,3.01,-5.02) local=(19.79,-0.16,-4.64) wbirth=(0.17,3.16,-0.38) ref=(20.00,3.00) leader=(20.00,0.00) fallbacks=0
[mpc_node-2] [INFO] [1783590983.892441744] [px4_0.mpc_node_0]: [d0] solve: status=0 time=0.19ms cost=0.0 pos=(19.92,-0.02,-4.93) local=(19.92,0.05,-4.93) wbirth=(-0.00,-0.08,0.00) ref=(20.00,0.00) leader=(20.00,0.00) fallbacks=0
[mpc_node-5] [INFO] [1783590984.808890397] [px4_3.mpc_node_3]: [d3] solve: status=0 time=0.17ms cost=0.0 pos=(23.03,0.01,-5.05) local=(19.73,0.01,-3.79) wbirth=(3.30,-0.01,-1.26) ref=(23.00,0.00) leader=(20.00,0.00) fallbacks=0
[mpc_node-4] [INFO] [1783590984.823533486] [px4_2.mpc_node_2]: [d2] solve: status=0 time=0.16ms cost=0.0 pos=(19.92,-3.06,-5.02) local=(20.21,-0.04,-4.05) wbirth=(-0.29,-3.02,-0.97) ref=(20.00,-3.00) leader=(20.00,0.00) fallbacks=0
[mpc_node-6] [INFO] [1783590984.823956937] [px4_4.mpc_node_4]: [d4] solve: status=0 time=0.14ms cost=0.0 pos=(17.06,0.02,-4.92) local=(19.81,-0.13,-4.46) wbirth=(-2.74,0.15,-0.46) ref=(17.00,0.00) leader=(20.00,0.00) fallbacks=0
[mpc_node-3] [INFO] [1783590984.827768508] [px4_1.mpc_node_1]: [d1] solve: status=0 time=0.17ms cost=0.0 pos=(19.93,2.97,-5.07) local=(19.76,-0.19,-4.68) wbirth=(0.17,3.16,-0.38) ref=(20.00,3.00) leader=(20.00,0.00) fallbacks=0
[mpc_node-2] [INFO] [1783590984.892831237] [px4_0.mpc_node_0]: [d0] solve: status=0 time=0.18ms cost=0.0 pos=(19.97,-0.03,-5.02) local=(19.97,0.05,-5.02) wbirth=(-0.00,-0.08,0.00) ref=(20.00,0.00) leader=(20.00,0.00) fallbacks=0
[mpc_node-5] [INFO] [1783590985.809352728] [px4_3.mpc_node_3]: [d3] solve: status=0 time=0.14ms cost=0.0 pos=(23.07,-0.03,-4.97) local=(19.77,-0.02,-3.71) wbirth=(3.30,-0.01,-1.26) ref=(23.00,0.00) leader=(20.00,0.00) fallbacks=0
[mpc_node-4] [INFO] [1783590985.823339658] [px4_2.mpc_node_2]: [d2] solve: status=0 time=0.18ms cost=0.0 pos=(20.03,-3.12,-5.00) local=(20.32,-0.10,-4.03) wbirth=(-0.29,-3.02,-0.97) ref=(20.00,-3.00) leader=(20.00,0.00) fallbacks=0
[mpc_node-6] [INFO] [1783590985.823888851] [px4_4.mpc_node_4]: [d4] solve: status=0 time=0.14ms cost=0.1 pos=(17.14,0.07,-4.98) local=(19.88,-0.08,-4.52) wbirth=(-2.74,0.15,-0.46) ref=(17.00,0.00) leader=(20.00,0.00) fallbacks=0
[mpc_node-3] [INFO] [1783590985.827344836] [px4_1.mpc_node_1]: [d1] solve: status=0 time=0.17ms cost=0.0 pos=(20.02,3.00,-4.98) local=(19.85,-0.17,-4.60) wbirth=(0.17,3.16,-0.38) ref=(20.00,3.00) leader=(20.00,0.00) fallbacks=0
[mpc_node-2] [INFO] [1783590985.891074771] [px4_0.mpc_node_0]: [d0] solve: status=0 time=0.15ms cost=0.0 pos=(19.99,0.00,-5.01) local=(19.99,0.08,-5.01) wbirth=(-0.00,-0.08,0.00) ref=(20.00,0.00) leader=(20.00,0.00) fallbacks=0
[mpc_node-5] [INFO] [1783590986.808664643] [px4_3.mpc_node_3]: [d3] solve: status=0 time=0.17ms cost=0.0 pos=(23.09,-0.03,-5.04) local=(19.79,-0.03,-3.78) wbirth=(3.30,-0.01,-1.26) ref=(23.00,0.00) leader=(20.00,0.00) fallbacks=0
[mpc_node-4] [INFO] [1783590986.823495392] [px4_2.mpc_node_2]: [d2] solve: status=0 time=0.15ms cost=0.0 pos=(20.06,-3.01,-4.96) local=(20.35,0.01,-3.99) wbirth=(-0.29,-3.02,-0.97) ref=(20.00,-3.00) leader=(20.00,0.00) fallbacks=0
[mpc_node-6] [INFO] [1783590986.824322398] [px4_4.mpc_node_4]: [d4] solve: status=0 time=0.20ms cost=0.0 pos=(17.12,0.08,-5.05) local=(19.86,-0.07,-4.59) wbirth=(-2.74,0.15,-0.46) ref=(17.00,0.00) leader=(20.00,0.00) fallbacks=0
[mpc_node-3] [INFO] [1783590986.827584230] [px4_1.mpc_node_1]: [d1] solve: status=0 time=0.27ms cost=0.0 pos=(20.01,3.06,-4.96) local=(19.84,-0.10,-4.58) wbirth=(0.17,3.16,-0.38) ref=(20.00,3.00) leader=(20.00,0.00) fallbacks=0
[mpc_node-2] [INFO] [1783590986.891774424] [px4_0.mpc_node_0]: [d0] solve: status=0 time=0.20ms cost=0.0 pos=(19.99,-0.04,-5.05) local=(20.00,0.03,-5.05) wbirth=(-0.00,-0.08,0.00) ref=(20.00,0.00) leader=(20.00,0.00) fallbacks=0
[mpc_node-5] [INFO] [1783590987.809629137] [px4_3.mpc_node_3]: [d3] solve: status=0 time=0.17ms cost=0.0 pos=(23.04,-0.05,-5.01) local=(19.74,-0.04,-3.76) wbirth=(3.30,-0.01,-1.26) ref=(23.00,0.00) leader=(20.00,0.00) fallbacks=0
[mpc_node-4] [INFO] [1783590987.823068469] [px4_2.mpc_node_2]: [d2] solve: status=0 time=0.18ms cost=0.0 pos=(20.03,-2.94,-5.03) local=(20.32,0.08,-4.06) wbirth=(-0.29,-3.02,-0.97) ref=(20.00,-3.00) leader=(20.00,0.00) fallbacks=0
[mpc_node-6] [INFO] [1783590987.824375205] [px4_4.mpc_node_4]: [d4] solve: status=0 time=0.17ms cost=0.0 pos=(16.94,0.05,-5.08) local=(19.68,-0.10,-4.62) wbirth=(-2.74,0.15,-0.46) ref=(17.00,0.00) leader=(20.00,0.00) fallbacks=0
[mpc_node-3] [INFO] [1783590987.827276664] [px4_1.mpc_node_1]: [d1] solve: status=0 time=0.17ms cost=0.0 pos=(19.97,3.03,-4.96) local=(19.81,-0.13,-4.58) wbirth=(0.17,3.16,-0.38) ref=(20.00,3.00) leader=(20.00,0.00) fallbacks=0
[mpc_node-2] [INFO] [1783590987.891648948] [px4_0.mpc_node_0]: [d0] solve: status=0 time=0.14ms cost=0.0 pos=(20.05,-0.07,-5.02) local=(20.06,0.00,-5.02) wbirth=(-0.00,-0.08,0.00) ref=(20.00,0.00) leader=(20.00,0.00) fallbacks=0
[mpc_node-5] [INFO] [1783590988.809080894] [px4_3.mpc_node_3]: [d3] solve: status=0 time=0.16ms cost=0.0 pos=(22.98,-0.04,-4.98) local=(19.69,-0.04,-3.72) wbirth=(3.30,-0.01,-1.26) ref=(23.00,0.00) leader=(20.00,0.00) fallbacks=0
[mpc_node-4] [INFO] [1783590988.823019026] [px4_2.mpc_node_2]: [d2] solve: status=0 time=0.18ms cost=0.0 pos=(20.03,-2.91,-5.04) local=(20.32,0.11,-4.07) wbirth=(-0.29,-3.02,-0.97) ref=(20.00,-3.00) leader=(20.00,0.00) fallbacks=0
[mpc_node-6] [INFO] [1783590988.824688071] [px4_4.mpc_node_4]: [d4] solve: status=0 time=0.14ms cost=0.1 pos=(16.80,0.00,-5.01) local=(19.54,-0.15,-4.55) wbirth=(-2.74,0.15,-0.46) ref=(17.00,0.00) leader=(20.00,0.00) fallbacks=0
[mpc_node-3] [INFO] [1783590988.827609765] [px4_1.mpc_node_1]: [d1] solve: status=0 time=0.20ms cost=0.0 pos=(20.03,2.96,-5.01) local=(19.86,-0.21,-4.62) wbirth=(0.17,3.16,-0.38) ref=(20.00,3.00) leader=(20.00,0.00) fallbacks=0
[mpc_node-2] [INFO] [1783590988.891702301] [px4_0.mpc_node_0]: [d0] solve: status=0 time=0.17ms cost=0.1 pos=(20.15,-0.05,-5.00) local=(20.15,0.02,-5.00) wbirth=(-0.00,-0.08,0.00) ref=(20.00,0.00) leader=(20.00,0.00) fallbacks=0
[mpc_node-5] [INFO] [1783590989.808708687] [px4_3.mpc_node_3]: [d3] solve: status=0 time=0.14ms cost=0.0 pos=(22.91,-0.01,-4.96) local=(19.62,-0.00,-3.70) wbirth=(3.30,-0.01,-1.26) ref=(23.00,0.00) leader=(20.00,0.00) fallbacks=0
[mpc_node-4] [INFO] [1783590989.822964439] [px4_2.mpc_node_2]: [d2] solve: status=0 time=0.15ms cost=0.0 pos=(20.01,-2.91,-4.98) local=(20.30,0.12,-4.01) wbirth=(-0.29,-3.02,-0.97) ref=(20.00,-3.00) leader=(20.00,0.00) fallbacks=0
[mpc_node-6] [INFO] [1783590989.824363806] [px4_4.mpc_node_4]: [d4] solve: status=0 time=0.17ms cost=0.0 pos=(16.87,-0.05,-4.98) local=(19.61,-0.20,-4.52) wbirth=(-2.74,0.15,-0.46) ref=(17.00,0.00) leader=(20.00,0.00) fallbacks=0
[mpc_node-3] [INFO] [1783590989.827620849] [px4_1.mpc_node_1]: [d1] solve: status=0 time=0.28ms cost=0.0 pos=(20.08,2.96,-5.02) local=(19.91,-0.20,-4.64) wbirth=(0.17,3.16,-0.38) ref=(20.00,3.00) leader=(20.00,0.00) fallbacks=0
[mpc_node-2] [INFO] [1783590989.891519195] [px4_0.mpc_node_0]: [d0] solve: status=0 time=0.18ms cost=0.0 pos=(20.09,0.01,-5.05) local=(20.09,0.08,-5.05) wbirth=(-0.00,-0.08,0.00) ref=(20.00,0.00) leader=(20.00,0.00) fallbacks=0
[mpc_node-5] [INFO] [1783590990.808703958] [px4_3.mpc_node_3]: [d3] solve: status=0 time=0.14ms cost=0.0 pos=(22.93,0.03,-5.03) local=(19.63,0.03,-3.77) wbirth=(3.30,-0.01,-1.26) ref=(23.00,0.00) leader=(20.00,0.00) fallbacks=0
[mpc_node-4] [INFO] [1783590990.823292022] [px4_2.mpc_node_2]: [d2] solve: status=0 time=0.20ms cost=0.0 pos=(19.90,-2.93,-4.98) local=(20.19,0.09,-4.01) wbirth=(-0.29,-3.02,-0.97) ref=(20.00,-3.00) leader=(20.00,0.00) fallbacks=0
[mpc_node-6] [INFO] [1783590990.824297289] [px4_4.mpc_node_4]: [d4] solve: status=0 time=0.21ms cost=0.0 pos=(17.00,-0.06,-5.00) local=(19.74,-0.21,-4.54) wbirth=(-2.74,0.15,-0.46) ref=(17.00,0.00) leader=(20.00,0.00) fallbacks=0
[mpc_node-3] [INFO] [1783590990.827677337] [px4_1.mpc_node_1]: [d1] solve: status=0 time=0.21ms cost=0.0 pos=(20.11,2.99,-4.96) local=(19.94,-0.17,-4.57) wbirth=(0.17,3.16,-0.38) ref=(20.00,3.00) leader=(20.00,0.00) fallbacks=0
[mpc_node-2] [INFO] [1783590990.891673423] [px4_0.mpc_node_0]: [d0] solve: status=0 time=0.14ms cost=0.0 pos=(19.97,0.04,-5.05) local=(19.98,0.12,-5.05) wbirth=(-0.00,-0.08,0.00) ref=(20.00,0.00) leader=(20.00,0.00) fallbacks=0
[mpc_node-5] [INFO] [1783590991.808760071] [px4_3.mpc_node_3]: [d3] solve: status=0 time=0.17ms cost=0.0 pos=(23.02,0.06,-5.00) local=(19.72,0.06,-3.74) wbirth=(3.30,-0.01,-1.26) ref=(23.00,0.00) leader=(20.00,0.00) fallbacks=0
[mpc_node-4] [INFO] [1783590991.823544983] [px4_2.mpc_node_2]: [d2] solve: status=0 time=0.18ms cost=0.0 pos=(19.85,-3.00,-5.05) local=(20.14,0.03,-4.08) wbirth=(-0.29,-3.02,-0.97) ref=(20.00,-3.00) leader=(20.00,0.00) fallbacks=0
[mpc_node-6] [INFO] [1783590991.824647274] [px4_4.mpc_node_4]: [d4] solve: status=0 time=0.17ms cost=0.0 pos=(17.11,-0.08,-5.01) local=(19.86,-0.23,-4.55) wbirth=(-2.74,0.15,-0.46) ref=(17.00,0.00) leader=(20.00,0.00) fallbacks=0
[mpc_node-3] [INFO] [1783590991.827309259] [px4_1.mpc_node_1]: [d1] solve: status=0 time=0.17ms cost=0.0 pos=(20.12,3.00,-4.98) local=(19.95,-0.16,-4.60) wbirth=(0.17,3.16,-0.38) ref=(20.00,3.00) leader=(20.00,0.00) fallbacks=0
[mpc_node-2] [INFO] [1783590991.892295769] [px4_0.mpc_node_0]: [d0] solve: status=0 time=0.15ms cost=0.1 pos=(19.88,0.07,-5.02) local=(19.89,0.15,-5.02) wbirth=(-0.00,-0.08,0.00) ref=(20.00,0.00) leader=(20.00,0.00) fallbacks=0
[mpc_node-5] [INFO] [1783590992.809210459] [px4_3.mpc_node_3]: [d3] solve: status=0 time=0.13ms cost=0.0 pos=(22.98,0.05,-4.99) local=(19.68,0.06,-3.73) wbirth=(3.30,-0.01,-1.26) ref=(23.00,0.00) leader=(20.00,0.00) fallbacks=0
[mpc_node-4] [INFO] [1783590992.823120746] [px4_2.mpc_node_2]: [d2] solve: status=0 time=0.15ms cost=0.0 pos=(19.95,-3.08,-5.02) local=(20.24,-0.06,-4.05) wbirth=(-0.29,-3.02,-0.97) ref=(20.00,-3.00) leader=(20.00,0.00) fallbacks=0
[mpc_node-6] [INFO] [1783590992.824527540] [px4_4.mpc_node_4]: [d4] solve: status=0 time=0.14ms cost=0.1 pos=(17.21,-0.06,-5.05) local=(19.95,-0.21,-4.59) wbirth=(-2.74,0.15,-0.46) ref=(17.00,0.00) leader=(20.00,0.00) fallbacks=0
[mpc_node-3] [INFO] [1783590992.827674583] [px4_1.mpc_node_1]: [d1] solve: status=0 time=0.20ms cost=0.0 pos=(19.98,3.02,-5.00) local=(19.81,-0.14,-4.62) wbirth=(0.17,3.16,-0.38) ref=(20.00,3.00) leader=(20.00,0.00) fallbacks=0
[mpc_node-2] [INFO] [1783590992.892396638] [px4_0.mpc_node_0]: [d0] solve: status=0 time=0.20ms cost=0.1 pos=(19.86,0.06,-4.98) local=(19.86,0.13,-4.98) wbirth=(-0.00,-0.08,0.00) ref=(20.00,0.00) leader=(20.00,0.00) fallbacks=0
[mpc_node-5] [INFO] [1783590993.808642749] [px4_3.mpc_node_3]: [d3] solve: status=0 time=0.17ms cost=0.0 pos=(22.98,-0.00,-5.00) local=(19.69,0.00,-3.74) wbirth=(3.30,-0.01,-1.26) ref=(23.00,0.00) leader=(20.00,0.00) fallbacks=0
[mpc_node-4] [INFO] [1783590993.823153628] [px4_2.mpc_node_2]: [d2] solve: status=0 time=0.18ms cost=0.0 pos=(20.00,-3.09,-5.00) local=(20.29,-0.06,-4.03) wbirth=(-0.29,-3.02,-0.97) ref=(20.00,-3.00) leader=(20.00,0.00) fallbacks=0
[mpc_node-6] [INFO] [1783590993.824046338] [px4_4.mpc_node_4]: [d4] solve: status=0 time=0.16ms cost=0.0 pos=(17.11,0.04,-5.05) local=(19.85,-0.11,-4.59) wbirth=(-2.74,0.15,-0.46) ref=(17.00,0.00) leader=(20.00,0.00) fallbacks=0
[mpc_node-3] [INFO] [1783590993.827645847] [px4_1.mpc_node_1]: [d1] solve: status=0 time=0.20ms cost=0.0 pos=(19.88,2.98,-5.01) local=(19.71,-0.18,-4.62) wbirth=(0.17,3.16,-0.38) ref=(20.00,3.00) leader=(20.00,0.00) fallbacks=0
[mpc_node-2] [INFO] [1783590993.890999349] [px4_0.mpc_node_0]: [d0] solve: status=0 time=0.17ms cost=0.0 pos=(19.94,0.02,-5.07) local=(19.94,0.10,-5.07) wbirth=(-0.00,-0.08,0.00) ref=(20.00,0.00) leader=(20.00,0.00) fallbacks=0
[mpc_node-5] [INFO] [1783590994.810609885] [px4_3.mpc_node_3]: [d3] solve: status=0 time=0.19ms cost=0.0 pos=(23.03,-0.04,-4.97) local=(19.73,-0.04,-3.71) wbirth=(3.30,-0.01,-1.26) ref=(23.00,0.00) leader=(20.00,0.00) fallbacks=0
[mpc_node-4] [INFO] [1783590994.823119468] [px4_2.mpc_node_2]: [d2] solve: status=0 time=0.17ms cost=0.0 pos=(20.10,-3.09,-4.96) local=(20.39,-0.07,-3.99) wbirth=(-0.29,-3.02,-0.97) ref=(20.00,-3.00) leader=(20.00,0.00) fallbacks=0
[mpc_node-6] [INFO] [1783590994.824817951] [px4_4.mpc_node_4]: [d4] solve: status=0 time=0.14ms cost=0.0 pos=(17.00,0.08,-5.00) local=(19.75,-0.07,-4.54) wbirth=(-2.74,0.15,-0.46) ref=(17.00,0.00) leader=(20.00,0.00) fallbacks=0
[mpc_node-3] [INFO] [1783590994.827184769] [px4_1.mpc_node_1]: [d1] solve: status=0 time=0.14ms cost=0.1 pos=(19.80,2.96,-5.05) local=(19.64,-0.20,-4.66) wbirth=(0.17,3.16,-0.38) ref=(20.00,3.00) leader=(20.00,0.00) fallbacks=0
[mpc_node-2] [INFO] [1783590994.891924806] [px4_0.mpc_node_0]: [d0] solve: status=0 time=0.17ms cost=0.0 pos=(20.03,0.02,-5.08) local=(20.03,0.10,-5.08) wbirth=(-0.00,-0.08,0.00) ref=(20.00,0.00) leader=(20.00,0.00) fallbacks=0
[mpc_node-5] [INFO] [1783590995.810386883] [px4_3.mpc_node_3]: [d3] solve: status=0 time=0.14ms cost=0.0 pos=(23.02,-0.05,-4.97) local=(19.72,-0.04,-3.72) wbirth=(3.30,-0.01,-1.26) ref=(23.00,0.00) leader=(20.00,0.00) fallbacks=0
[mpc_node-4] [INFO] [1783590995.822999001] [px4_2.mpc_node_2]: [d2] solve: status=0 time=0.15ms cost=0.1 pos=(20.17,-3.05,-5.03) local=(20.46,-0.02,-4.06) wbirth=(-0.29,-3.02,-0.97) ref=(20.00,-3.00) leader=(20.00,0.00) fallbacks=0
[mpc_node-6] [INFO] [1783590995.824827890] [px4_4.mpc_node_4]: [d4] solve: status=0 time=0.20ms cost=0.1 pos=(16.85,0.12,-5.00) local=(19.60,-0.03,-4.54) wbirth=(-2.74,0.15,-0.46) ref=(17.00,0.00) leader=(20.00,0.00) fallbacks=0
[mpc_node-3] [INFO] [1783590995.827303362] [px4_1.mpc_node_1]: [d1] solve: status=0 time=0.17ms cost=0.0 pos=(19.89,2.96,-4.99) local=(19.72,-0.20,-4.61) wbirth=(0.17,3.16,-0.38) ref=(20.00,3.00) leader=(20.00,0.00) fallbacks=0
[mpc_node-2] [INFO] [1783590995.891666509] [px4_0.mpc_node_0]: [d0] solve: status=0 time=0.15ms cost=0.0 pos=(20.02,-0.05,-4.99) local=(20.02,0.02,-4.99) wbirth=(-0.00,-0.08,0.00) ref=(20.00,0.00) leader=(20.00,0.00) fallbacks=0
[mpc_node-5] [INFO] [1783590996.809391038] [px4_3.mpc_node_3]: [d3] solve: status=0 time=0.14ms cost=0.0 pos=(22.97,-0.06,-4.97) local=(19.68,-0.05,-3.71) wbirth=(3.30,-0.01,-1.26) ref=(23.00,0.00) leader=(20.00,0.00) fallbacks=0
[mpc_node-4] [INFO] [1783590996.823087072] [px4_2.mpc_node_2]: [d2] solve: status=0 time=0.17ms cost=0.1 pos=(20.16,-2.96,-4.99) local=(20.45,0.07,-4.02) wbirth=(-0.29,-3.02,-0.97) ref=(20.00,-3.00) leader=(20.00,0.00) fallbacks=0
[mpc_node-6] [INFO] [1783590996.823972311] [px4_4.mpc_node_4]: [d4] solve: status=0 time=0.14ms cost=0.1 pos=(16.76,0.06,-5.05) local=(19.51,-0.09,-4.59) wbirth=(-2.74,0.15,-0.46) ref=(17.00,0.00) leader=(20.00,0.00) fallbacks=0
[mpc_node-3] [INFO] [1783590996.827517603] [px4_1.mpc_node_1]: [d1] solve: status=0 time=0.17ms cost=0.0 pos=(20.04,3.03,-5.02) local=(19.87,-0.13,-4.64) wbirth=(0.17,3.16,-0.38) ref=(20.00,3.00) leader=(20.00,0.00) fallbacks=0
[mpc_node-2] [INFO] [1783590996.891159782] [px4_0.mpc_node_0]: [d0] solve: status=0 time=0.15ms cost=0.0 pos=(20.02,-0.10,-5.03) local=(20.03,-0.02,-5.03) wbirth=(-0.00,-0.08,0.00) ref=(20.00,0.00) leader=(20.00,0.00) fallbacks=0
[mpc_node-5] [INFO] [1783590997.808926217] [px4_3.mpc_node_3]: [d3] solve: status=0 time=0.19ms cost=0.0 pos=(23.03,-0.05,-4.97) local=(19.73,-0.04,-3.71) wbirth=(3.30,-0.01,-1.26) ref=(23.00,0.00) leader=(20.00,0.00) fallbacks=0
[mpc_node-4] [INFO] [1783590997.823137720] [px4_2.mpc_node_2]: [d2] solve: status=0 time=0.15ms cost=0.0 pos=(20.07,-2.91,-4.94) local=(20.36,0.11,-3.97) wbirth=(-0.29,-3.02,-0.97) ref=(20.00,-3.00) leader=(20.00,0.00) fallbacks=0
[mpc_node-6] [INFO] [1783590997.824344121] [px4_4.mpc_node_4]: [d4] solve: status=0 time=0.20ms cost=0.0 pos=(16.85,-0.04,-5.04) local=(19.60,-0.19,-4.58) wbirth=(-2.74,0.15,-0.46) ref=(17.00,0.00) leader=(20.00,0.00) fallbacks=0
[mpc_node-3] [INFO] [1783590997.827272608] [px4_1.mpc_node_1]: [d1] solve: status=0 time=0.17ms cost=0.0 pos=(20.08,3.10,-5.02) local=(19.91,-0.06,-4.64) wbirth=(0.17,3.16,-0.38) ref=(20.00,3.00) leader=(20.00,0.00) fallbacks=0
[mpc_node-2] [INFO] [1783590997.892045383] [px4_0.mpc_node_0]: [d0] solve: status=0 time=0.15ms cost=0.0 pos=(20.05,-0.06,-4.95) local=(20.06,0.02,-4.95) wbirth=(-0.00,-0.08,0.00) ref=(20.00,0.00) leader=(20.00,0.00) fallbacks=0
[mpc_node-5] [INFO] [1783590998.809557544] [px4_3.mpc_node_3]: [d3] solve: status=0 time=0.17ms cost=0.0 pos=(23.05,0.04,-5.01) local=(19.75,0.05,-3.76) wbirth=(3.30,-0.01,-1.26) ref=(23.00,0.00) leader=(20.00,0.00) fallbacks=0
[mpc_node-4] [INFO] [1783590998.823123539] [px4_2.mpc_node_2]: [d2] solve: status=0 time=0.18ms cost=0.0 pos=(20.01,-2.86,-4.93) local=(20.30,0.16,-3.96) wbirth=(-0.29,-3.02,-0.97) ref=(20.00,-3.00) leader=(20.00,0.00) fallbacks=0
[mpc_node-6] [INFO] [1783590998.824085070] [px4_4.mpc_node_4]: [d4] solve: status=0 time=0.17ms cost=0.0 pos=(17.05,-0.08,-5.02) local=(19.79,-0.23,-4.56) wbirth=(-2.74,0.15,-0.46) ref=(17.00,0.00) leader=(20.00,0.00) fallbacks=0
[mpc_node-3] [INFO] [1783590998.827638898] [px4_1.mpc_node_1]: [d1] solve: status=0 time=0.14ms cost=0.0 pos=(20.01,3.10,-5.00) local=(19.84,-0.07,-4.62) wbirth=(0.17,3.16,-0.38) ref=(20.00,3.00) leader=(20.00,0.00) fallbacks=0
[mpc_node-2] [INFO] [1783590998.891764260] [px4_0.mpc_node_0]: [d0] solve: status=0 time=0.17ms cost=0.1 pos=(20.14,0.06,-4.96) local=(20.15,0.13,-4.96) wbirth=(-0.00,-0.08,0.00) ref=(20.00,0.00) leader=(20.00,0.00) fallbacks=0
[mpc_node-5] [INFO] [1783590999.809061291] [px4_3.mpc_node_3]: [d3] solve: status=0 time=0.17ms cost=0.0 pos=(23.00,0.11,-4.99) local=(19.71,0.12,-3.74) wbirth=(3.30,-0.01,-1.26) ref=(23.00,0.00) leader=(20.00,0.00) fallbacks=0
[mpc_node-4] [INFO] [1783590999.824003724] [px4_2.mpc_node_2]: [d2] solve: status=0 time=0.17ms cost=0.1 pos=(19.86,-2.91,-5.00) local=(20.15,0.11,-4.03) wbirth=(-0.29,-3.02,-0.97) ref=(20.00,-3.00) leader=(20.00,0.00) fallbacks=0
[mpc_node-6] [INFO] [1783590999.824663473] [px4_4.mpc_node_4]: [d4] solve: status=0 time=0.17ms cost=0.1 pos=(17.23,-0.06,-4.98) local=(19.97,-0.21,-4.52) wbirth=(-2.74,0.15,-0.46) ref=(17.00,0.00) leader=(20.00,0.00) fallbacks=0
[mpc_node-3] [INFO] [1783590999.827510507] [px4_1.mpc_node_1]: [d1] solve: status=0 time=0.17ms cost=0.0 pos=(20.09,3.05,-4.97) local=(19.92,-0.11,-4.59) wbirth=(0.17,3.16,-0.38) ref=(20.00,3.00) leader=(20.00,0.00) fallbacks=0
[mpc_node-2] [INFO] [1783590999.891133161] [px4_0.mpc_node_0]: [d0] solve: status=0 time=0.17ms cost=0.0 pos=(20.07,0.12,-4.98) local=(20.07,0.19,-4.98) wbirth=(-0.00,-0.08,0.00) ref=(20.00,0.00) leader=(20.00,0.00) fallbacks=0
[mpc_node-5] [INFO] [1783591000.809563912] [px4_3.mpc_node_3]: [d3] solve: status=0 time=0.20ms cost=0.0 pos=(23.01,0.12,-5.03) local=(19.71,0.12,-3.77) wbirth=(3.30,-0.01,-1.26) ref=(23.00,0.00) leader=(20.00,0.00) fallbacks=0
[mpc_node-6] [INFO] [1783591000.824135385] [px4_4.mpc_node_4]: [d4] solve: status=0 time=0.17ms cost=0.1 pos=(17.21,-0.05,-4.99) local=(19.95,-0.20,-4.53) wbirth=(-2.74,0.15,-0.46) ref=(17.00,0.00) leader=(20.00,0.00) fallbacks=0
[mpc_node-4] [INFO] [1783591000.824252334] [px4_2.mpc_node_2]: [d2] solve: status=0 time=0.17ms cost=0.1 pos=(19.80,-3.02,-5.06) local=(20.09,-0.00,-4.09) wbirth=(-0.29,-3.02,-0.97) ref=(20.00,-3.00) leader=(20.00,0.00) fallbacks=0
[mpc_node-3] [INFO] [1783591000.828246580] [px4_1.mpc_node_1]: [d1] solve: status=0 time=0.21ms cost=0.0 pos=(20.10,3.03,-5.03) local=(19.93,-0.13,-4.65) wbirth=(0.17,3.16,-0.38) ref=(20.00,3.00) leader=(20.00,0.00) fallbacks=0
[mpc_node-2] [INFO] [1783591000.892660614] [px4_0.mpc_node_0]: [d0] solve: status=0 time=0.22ms cost=0.0 pos=(19.97,0.08,-5.01) local=(19.98,0.16,-5.01) wbirth=(-0.00,-0.08,0.00) ref=(20.00,0.00) leader=(20.00,0.00) fallbacks=0
[mpc_node-5] [INFO] [1783591001.808625274] [px4_3.mpc_node_3]: [d3] solve: status=0 time=0.16ms cost=0.0 pos=(22.90,0.03,-4.98) local=(19.61,0.04,-3.72) wbirth=(3.30,-0.01,-1.26) ref=(23.00,0.00) leader=(20.00,0.00) fallbacks=0
[mpc_node-6] [INFO] [1783591001.824008116] [px4_4.mpc_node_4]: [d4] solve: status=0 time=0.18ms cost=0.0 pos=(17.07,-0.03,-5.04) local=(19.82,-0.18,-4.58) wbirth=(-2.74,0.15,-0.46) ref=(17.00,0.00) leader=(20.00,0.00) fallbacks=0
[mpc_node-4] [INFO] [1783591001.824050282] [px4_2.mpc_node_2]: [d2] solve: status=0 time=0.17ms cost=0.1 pos=(19.86,-3.06,-5.08) local=(20.15,-0.04,-4.11) wbirth=(-0.29,-3.02,-0.97) ref=(20.00,-3.00) leader=(20.00,0.00) fallbacks=0
[mpc_node-3] [INFO] [1783591001.827543768] [px4_1.mpc_node_1]: [d1] solve: status=0 time=0.17ms cost=0.0 pos=(19.96,2.97,-4.94) local=(19.79,-0.19,-4.56) wbirth=(0.17,3.16,-0.38) ref=(20.00,3.00) leader=(20.00,0.00) fallbacks=0
[mpc_node-2] [INFO] [1783591001.891970483] [px4_0.mpc_node_0]: [d0] solve: status=0 time=0.17ms cost=0.1 pos=(19.86,0.01,-4.97) local=(19.86,0.08,-4.97) wbirth=(-0.00,-0.08,0.00) ref=(20.00,0.00) leader=(20.00,0.00) fallbacks=0
[mpc_node-5] [INFO] [1783591002.809605134] [px4_3.mpc_node_3]: [d3] solve: status=0 time=0.17ms cost=0.0 pos=(22.87,-0.06,-5.03) local=(19.57,-0.06,-3.77) wbirth=(3.30,-0.01,-1.26) ref=(23.00,0.00) leader=(20.00,0.00) fallbacks=0
[mpc_node-4] [INFO] [1783591002.823071315] [px4_2.mpc_node_2]: [d2] solve: status=0 time=0.16ms cost=0.0 pos=(19.96,-3.11,-5.02) local=(20.25,-0.09,-4.05) wbirth=(-0.29,-3.02,-0.97) ref=(20.00,-3.00) leader=(20.00,0.00) fallbacks=0
[mpc_node-6] [INFO] [1783591002.824866461] [px4_4.mpc_node_4]: [d4] solve: status=0 time=0.17ms cost=0.0 pos=(16.97,0.01,-5.01) local=(19.72,-0.14,-4.55) wbirth=(-2.74,0.15,-0.46) ref=(17.00,0.00) leader=(20.00,0.00) fallbacks=0
[mpc_node-3] [INFO] [1783591002.827592409] [px4_1.mpc_node_1]: [d1] solve: status=0 time=0.17ms cost=0.0 pos=(19.92,2.89,-4.96) local=(19.76,-0.27,-4.58) wbirth=(0.17,3.16,-0.38) ref=(20.00,3.00) leader=(20.00,0.00) fallbacks=0
[mpc_node-2] [INFO] [1783591002.891720819] [px4_0.mpc_node_0]: [d0] solve: status=0 time=0.14ms cost=0.1 pos=(19.85,-0.08,-4.97) local=(19.85,-0.00,-4.97) wbirth=(-0.00,-0.08,0.00) ref=(20.00,0.00) leader=(20.00,0.00) fallbacks=0
[mpc_node-5] [INFO] [1783591003.808877889] [px4_3.mpc_node_3]: [d3] solve: status=0 time=0.14ms cost=0.0 pos=(22.94,-0.11,-5.02) local=(19.65,-0.11,-3.77) wbirth=(3.30,-0.01,-1.26) ref=(23.00,0.00) leader=(20.00,0.00) fallbacks=0
[mpc_node-4] [INFO] [1783591003.823879338] [px4_2.mpc_node_2]: [d2] solve: status=0 time=0.18ms cost=0.0 pos=(20.03,-3.15,-4.97) local=(20.32,-0.13,-4.00) wbirth=(-0.29,-3.02,-0.97) ref=(20.00,-3.00) leader=(20.00,0.00) fallbacks=0
[mpc_node-6] [INFO] [1783591003.823978210] [px4_4.mpc_node_4]: [d4] solve: status=0 time=0.14ms cost=0.1 pos=(16.84,0.09,-5.00) local=(19.58,-0.06,-4.54) wbirth=(-2.74,0.15,-0.46) ref=(17.00,0.00) leader=(20.00,0.00) fallbacks=0
[mpc_node-3] [INFO] [1783591003.828453050] [px4_1.mpc_node_1]: [d1] solve: status=0 time=0.17ms cost=0.0 pos=(19.98,2.91,-4.95) local=(19.81,-0.25,-4.57) wbirth=(0.17,3.16,-0.38) ref=(20.00,3.00) leader=(20.00,0.00) fallbacks=0
[mpc_node-2] [INFO] [1783591003.892548553] [px4_0.mpc_node_0]: [d0] solve: status=0 time=0.17ms cost=0.0 pos=(19.97,-0.13,-4.94) local=(19.97,-0.05,-4.94) wbirth=(-0.00,-0.08,0.00) ref=(20.00,0.00) leader=(20.00,0.00) fallbacks=0
[mpc_node-5] [INFO] [1783591004.809008025] [px4_3.mpc_node_3]: [d3] solve: status=0 time=0.17ms cost=0.0 pos=(23.07,-0.11,-5.04) local=(19.77,-0.11,-3.79) wbirth=(3.30,-0.01,-1.26) ref=(23.00,0.00) leader=(20.00,0.00) fallbacks=0
[mpc_node-4] [INFO] [1783591004.823694372] [px4_2.mpc_node_2]: [d2] solve: status=0 time=0.21ms cost=0.1 pos=(20.12,-3.13,-4.99) local=(20.41,-0.11,-4.02) wbirth=(-0.29,-3.02,-0.97) ref=(20.00,-3.00) leader=(20.00,0.00) fallbacks=0
[mpc_node-6] [INFO] [1783591004.823918886] [px4_4.mpc_node_4]: [d4] solve: status=0 time=0.13ms cost=0.1 pos=(16.80,0.06,-5.02) local=(19.54,-0.09,-4.56) wbirth=(-2.74,0.15,-0.46) ref=(17.00,0.00) leader=(20.00,0.00) fallbacks=0
[mpc_node-3] [INFO] [1783591004.827544920] [px4_1.mpc_node_1]: [d1] solve: status=0 time=0.15ms cost=0.0 pos=(19.94,2.95,-4.99) local=(19.77,-0.21,-4.61) wbirth=(0.17,3.16,-0.38) ref=(20.00,3.00) leader=(20.00,0.00) fallbacks=0
[mpc_node-2] [INFO] [1783591004.892052612] [px4_0.mpc_node_0]: [d0] solve: status=0 time=0.15ms cost=0.0 pos=(19.98,-0.12,-4.91) local=(19.98,-0.05,-4.91) wbirth=(-0.00,-0.08,0.00) ref=(20.00,0.00) leader=(20.00,0.00) fallbacks=0
[mpc_node-5] [INFO] [1783591005.808794534] [px4_3.mpc_node_3]: [d3] solve: status=0 time=0.14ms cost=0.0 pos=(23.11,-0.02,-5.01) local=(19.81,-0.02,-3.75) wbirth=(3.30,-0.01,-1.26) ref=(23.00,0.00) leader=(20.00,0.00) fallbacks=0
[mpc_node-4] [INFO] [1783591005.823848297] [px4_2.mpc_node_2]: [d2] solve: status=0 time=0.15ms cost=0.0 pos=(20.10,-3.01,-4.93) local=(20.39,0.01,-3.96) wbirth=(-0.29,-3.02,-0.97) ref=(20.00,-3.00) leader=(20.00,0.00) fallbacks=0
[mpc_node-6] [INFO] [1783591005.824483134] [px4_4.mpc_node_4]: [d4] solve: status=0 time=0.20ms cost=0.0 pos=(16.84,0.01,-5.02) local=(19.58,-0.14,-4.56) wbirth=(-2.74,0.15,-0.46) ref=(17.00,0.00) leader=(20.00,0.00) fallbacks=0
[mpc_node-3] [INFO] [1783591005.827793292] [px4_1.mpc_node_1]: [d1] solve: status=0 time=0.17ms cost=0.0 pos=(19.97,2.99,-4.98) local=(19.80,-0.17,-4.60) wbirth=(0.17,3.16,-0.38) ref=(20.00,3.00) leader=(20.00,0.00) fallbacks=0
[mpc_node-2] [INFO] [1783591005.891551416] [px4_0.mpc_node_0]: [d0] solve: status=0 time=0.15ms cost=0.0 pos=(20.03,-0.09,-4.95) local=(20.04,-0.02,-4.95) wbirth=(-0.00,-0.08,0.00) ref=(20.00,0.00) leader=(20.00,0.00) fallbacks=0
[mpc_node-5] [INFO] [1783591006.808681878] [px4_3.mpc_node_3]: [d3] solve: status=0 time=0.16ms cost=0.0 pos=(23.10,0.02,-5.00) local=(19.81,0.03,-3.74) wbirth=(3.30,-0.01,-1.26) ref=(23.00,0.00) leader=(20.00,0.00) fallbacks=0
[mpc_node-4] [INFO] [1783591006.822955944] [px4_2.mpc_node_2]: [d2] solve: status=0 time=0.17ms cost=0.1 pos=(20.13,-2.90,-4.99) local=(20.42,0.12,-4.02) wbirth=(-0.29,-3.02,-0.97) ref=(20.00,-3.00) leader=(20.00,0.00) fallbacks=0
[mpc_node-6] [INFO] [1783591006.823951464] [px4_4.mpc_node_4]: [d4] solve: status=0 time=0.16ms cost=0.0 pos=(16.97,-0.06,-5.07) local=(19.72,-0.21,-4.61) wbirth=(-2.74,0.15,-0.46) ref=(17.00,0.00) leader=(20.00,0.00) fallbacks=0
[mpc_node-3] [INFO] [1783591006.827322199] [px4_1.mpc_node_1]: [d1] solve: status=0 time=0.16ms cost=0.0 pos=(20.04,3.05,-5.01) local=(19.87,-0.11,-4.63) wbirth=(0.17,3.16,-0.38) ref=(20.00,3.00) leader=(20.00,0.00) fallbacks=0
[mpc_node-2] [INFO] [1783591006.892316270] [px4_0.mpc_node_0]: [d0] solve: status=0 time=0.20ms cost=0.0 pos=(20.04,0.02,-5.03) local=(20.04,0.10,-5.03) wbirth=(-0.00,-0.08,0.00) ref=(20.00,0.00) leader=(20.00,0.00) fallbacks=0
[mpc_node-5] [INFO] [1783591007.810378929] [px4_3.mpc_node_3]: [d3] solve: status=0 time=0.14ms cost=0.0 pos=(23.05,0.08,-5.01) local=(19.76,0.09,-3.75) wbirth=(3.30,-0.01,-1.26) ref=(23.00,0.00) leader=(20.00,0.00) fallbacks=0
[mpc_node-4] [INFO] [1783591007.823587621] [px4_2.mpc_node_2]: [d2] solve: status=0 time=0.18ms cost=0.1 pos=(19.99,-2.84,-4.98) local=(20.28,0.18,-4.01) wbirth=(-0.29,-3.02,-0.97) ref=(20.00,-3.00) leader=(20.00,0.00) fallbacks=0
[mpc_node-6] [INFO] [1783591007.824297893] [px4_4.mpc_node_4]: [d4] solve: status=0 time=0.20ms cost=0.1 pos=(17.14,-0.10,-4.96) local=(19.89,-0.25,-4.50) wbirth=(-2.74,0.15,-0.46) ref=(17.00,0.00) leader=(20.00,0.00) fallbacks=0
[mpc_node-3] [INFO] [1783591007.827688407] [px4_1.mpc_node_1]: [d1] solve: status=0 time=0.17ms cost=0.0 pos=(20.07,3.09,-5.04) local=(19.90,-0.08,-4.66) wbirth=(0.17,3.16,-0.38) ref=(20.00,3.00) leader=(20.00,0.00) fallbacks=0
[mpc_node-2] [INFO] [1783591007.891341083] [px4_0.mpc_node_0]: [d0] solve: status=0 time=0.15ms cost=0.0 pos=(20.06,0.11,-5.01) local=(20.06,0.18,-5.01) wbirth=(-0.00,-0.08,0.00) ref=(20.00,0.00) leader=(20.00,0.00) fallbacks=0
[mpc_node-5] [INFO] [1783591008.809924676] [px4_3.mpc_node_3]: [d3] solve: status=0 time=0.14ms cost=0.0 pos=(22.97,0.05,-5.00) local=(19.68,0.05,-3.74) wbirth=(3.30,-0.01,-1.26) ref=(23.00,0.00) leader=(20.00,0.00) fallbacks=0
[mpc_node-4] [INFO] [1783591008.823343462] [px4_2.mpc_node_2]: [d2] solve: status=0 time=0.20ms cost=0.1 pos=(19.91,-2.83,-4.94) local=(20.20,0.19,-3.97) wbirth=(-0.29,-3.02,-0.97) ref=(20.00,-3.00) leader=(20.00,0.00) fallbacks=0
[mpc_node-6] [INFO] [1783591008.825182481] [px4_4.mpc_node_4]: [d4] solve: status=0 time=0.20ms cost=0.1 pos=(17.19,-0.03,-4.93) local=(19.94,-0.18,-4.47) wbirth=(-2.74,0.15,-0.46) ref=(17.00,0.00) leader=(20.00,0.00) fallbacks=0
[mpc_node-3] [INFO] [1783591008.827855716] [px4_1.mpc_node_1]: [d1] solve: status=0 time=0.17ms cost=0.0 pos=(20.04,3.05,-4.99) local=(19.88,-0.12,-4.61) wbirth=(0.17,3.16,-0.38) ref=(20.00,3.00) leader=(20.00,0.00) fallbacks=0
[mpc_node-2] [INFO] [1783591008.891664319] [px4_0.mpc_node_0]: [d0] solve: status=0 time=0.18ms cost=0.1 pos=(20.12,0.11,-4.94) local=(20.12,0.18,-4.94) wbirth=(-0.00,-0.08,0.00) ref=(20.00,0.00) leader=(20.00,0.00) fallbacks=0
[mpc_node-5] [INFO] [1783591009.809281229] [px4_3.mpc_node_3]: [d3] solve: status=0 time=0.14ms cost=0.0 pos=(23.03,0.03,-4.95) local=(19.74,0.04,-3.69) wbirth=(3.30,-0.01,-1.26) ref=(23.00,0.00) leader=(20.00,0.00) fallbacks=0
[mpc_node-4] [INFO] [1783591009.823136968] [px4_2.mpc_node_2]: [d2] solve: status=0 time=0.17ms cost=0.0 pos=(19.90,-2.89,-5.01) local=(20.19,0.13,-4.04) wbirth=(-0.29,-3.02,-0.97) ref=(20.00,-3.00) leader=(20.00,0.00) fallbacks=0
[mpc_node-6] [INFO] [1783591009.824615310] [px4_4.mpc_node_4]: [d4] solve: status=0 time=0.18ms cost=0.0 pos=(17.15,-0.00,-4.95) local=(19.89,-0.15,-4.49) wbirth=(-2.74,0.15,-0.46) ref=(17.00,0.00) leader=(20.00,0.00) fallbacks=0
[mpc_node-3] [INFO] [1783591009.827430643] [px4_1.mpc_node_1]: [d1] solve: status=0 time=0.17ms cost=0.0 pos=(20.04,2.99,-4.98) local=(19.87,-0.18,-4.60) wbirth=(0.17,3.16,-0.38) ref=(20.00,3.00) leader=(20.00,0.00) fallbacks=0
[mpc_node-2] [INFO] [1783591009.891009442] [px4_0.mpc_node_0]: [d0] solve: status=0 time=0.17ms cost=0.0 pos=(20.06,0.12,-5.04) local=(20.07,0.20,-5.04) wbirth=(-0.00,-0.08,0.00) ref=(20.00,0.00) leader=(20.00,0.00) fallbacks=0
[mpc_node-5] [INFO] [1783591010.808784473] [px4_3.mpc_node_3]: [d3] solve: status=0 time=0.18ms cost=0.0 pos=(22.99,0.04,-4.92) local=(19.70,0.05,-3.66) wbirth=(3.30,-0.01,-1.26) ref=(23.00,0.00) leader=(20.00,0.00) fallbacks=0
[mpc_node-4] [INFO] [1783591010.823191064] [px4_2.mpc_node_2]: [d2] solve: status=0 time=0.18ms cost=0.0 pos=(19.88,-3.01,-5.08) local=(20.17,0.01,-4.11) wbirth=(-0.29,-3.02,-0.97) ref=(20.00,-3.00) leader=(20.00,0.00) fallbacks=0
[mpc_node-6] [INFO] [1783591010.824085605] [px4_4.mpc_node_4]: [d4] solve: status=0 time=0.14ms cost=0.0 pos=(17.07,0.03,-5.00) local=(19.81,-0.12,-4.54) wbirth=(-2.74,0.15,-0.46) ref=(17.00,0.00) leader=(20.00,0.00) fallbacks=0
[mpc_node-3] [INFO] [1783591010.827607179] [px4_1.mpc_node_1]: [d1] solve: status=0 time=0.28ms cost=0.0 pos=(20.01,2.96,-4.96) local=(19.84,-0.21,-4.58) wbirth=(0.17,3.16,-0.38) ref=(20.00,3.00) leader=(20.00,0.00) fallbacks=0
[mpc_node-2] [INFO] [1783591010.891208398] [px4_0.mpc_node_0]: [d0] solve: status=0 time=0.17ms cost=0.0 pos=(20.03,0.08,-5.03) local=(20.03,0.15,-5.03) wbirth=(-0.00,-0.08,0.00) ref=(20.00,0.00) leader=(20.00,0.00) fallbacks=0
[mpc_node-5] [INFO] [1783591011.808660358] [px4_3.mpc_node_3]: [d3] solve: status=0 time=0.14ms cost=0.0 pos=(22.97,0.02,-4.95) local=(19.67,0.03,-3.69) wbirth=(3.30,-0.01,-1.26) ref=(23.00,0.00) leader=(20.00,0.00) fallbacks=0
[mpc_node-4] [INFO] [1783591011.824205538] [px4_2.mpc_node_2]: [d2] solve: status=0 time=0.18ms cost=0.1 pos=(19.92,-3.18,-5.09) local=(20.21,-0.16,-4.12) wbirth=(-0.29,-3.02,-0.97) ref=(20.00,-3.00) leader=(20.00,0.00) fallbacks=0
[mpc_node-6] [INFO] [1783591011.824384013] [px4_4.mpc_node_4]: [d4] solve: status=0 time=0.20ms cost=0.0 pos=(17.00,0.01,-5.02) local=(19.75,-0.14,-4.56) wbirth=(-2.74,0.15,-0.46) ref=(17.00,0.00) leader=(20.00,0.00) fallbacks=0
[mpc_node-3] [INFO] [1783591011.827427549] [px4_1.mpc_node_1]: [d1] solve: status=0 time=0.17ms cost=0.0 pos=(19.96,2.96,-4.99) local=(19.79,-0.20,-4.61) wbirth=(0.17,3.16,-0.38) ref=(20.00,3.00) leader=(20.00,0.00) fallbacks=0
[mpc_node-2] [INFO] [1783591011.891641398] [px4_0.mpc_node_0]: [d0] solve: status=0 time=0.17ms cost=0.0 pos=(20.00,-0.03,-5.09) local=(20.01,0.05,-5.09) wbirth=(-0.00,-0.08,0.00) ref=(20.00,0.00) leader=(20.00,0.00) fallbacks=0
[mpc_node-5] [INFO] [1783591012.809578716] [px4_3.mpc_node_3]: [d3] solve: status=0 time=0.19ms cost=0.0 pos=(22.90,0.01,-5.02) local=(19.60,0.02,-3.76) wbirth=(3.30,-0.01,-1.26) ref=(23.00,0.00) leader=(20.00,0.00) fallbacks=0
[mpc_node-4] [INFO] [1783591012.823390050] [px4_2.mpc_node_2]: [d2] solve: status=0 time=0.21ms cost=0.1 pos=(19.99,-3.22,-5.03) local=(20.28,-0.20,-4.06) wbirth=(-0.29,-3.02,-0.97) ref=(20.00,-3.00) leader=(20.00,0.00) fallbacks=0
[mpc_node-6] [INFO] [1783591012.824340200] [px4_4.mpc_node_4]: [d4] solve: status=0 time=0.17ms cost=0.0 pos=(16.93,0.02,-5.03) local=(19.67,-0.13,-4.57) wbirth=(-2.74,0.15,-0.46) ref=(17.00,0.00) leader=(20.00,0.00) fallbacks=0
[mpc_node-3] [INFO] [1783591012.827650770] [px4_1.mpc_node_1]: [d1] solve: status=0 time=0.20ms cost=0.0 pos=(19.94,2.93,-4.99) local=(19.77,-0.23,-4.61) wbirth=(0.17,3.16,-0.38) ref=(20.00,3.00) leader=(20.00,0.00) fallbacks=0
[mpc_node-2] [INFO] [1783591012.891995041] [px4_0.mpc_node_0]: [d0] solve: status=0 time=0.21ms cost=0.0 pos=(19.96,-0.11,-5.03) local=(19.96,-0.04,-5.03) wbirth=(-0.00,-0.08,0.00) ref=(20.00,0.00) leader=(20.00,0.00) fallbacks=0
[mpc_node-5] [INFO] [1783591013.808564409] [px4_3.mpc_node_3]: [d3] solve: status=0 time=0.14ms cost=0.0 pos=(22.91,-0.01,-5.00) local=(19.62,-0.00,-3.74) wbirth=(3.30,-0.01,-1.26) ref=(23.00,0.00) leader=(20.00,0.00) fallbacks=0
[mpc_node-4] [INFO] [1783591013.822991225] [px4_2.mpc_node_2]: [d2] solve: status=0 time=0.17ms cost=0.1 pos=(20.07,-3.17,-5.02) local=(20.36,-0.14,-4.05) wbirth=(-0.29,-3.02,-0.97) ref=(20.00,-3.00) leader=(20.00,0.00) fallbacks=0
[mpc_node-6] [INFO] [1783591013.824275588] [px4_4.mpc_node_4]: [d4] solve: status=0 time=0.20ms cost=0.1 pos=(16.84,-0.01,-4.99) local=(19.59,-0.16,-4.53) wbirth=(-2.74,0.15,-0.46) ref=(17.00,0.00) leader=(20.00,0.00) fallbacks=0
[mpc_node-3] [INFO] [1783591013.827626702] [px4_1.mpc_node_1]: [d1] solve: status=0 time=0.25ms cost=0.0 pos=(19.92,2.98,-5.00) local=(19.76,-0.18,-4.62) wbirth=(0.17,3.16,-0.38) ref=(20.00,3.00) leader=(20.00,0.00) fallbacks=0
[mpc_node-2] [INFO] [1783591013.891597818] [px4_0.mpc_node_0]: [d0] solve: status=0 time=0.14ms cost=0.0 pos=(19.96,-0.08,-5.03) local=(19.96,-0.00,-5.03) wbirth=(-0.00,-0.08,0.00) ref=(20.00,0.00) leader=(20.00,0.00) fallbacks=0
[mpc_node-5] [INFO] [1783591014.809843330] [px4_3.mpc_node_3]: [d3] solve: status=0 time=0.17ms cost=0.0 pos=(23.00,-0.08,-5.01) local=(19.71,-0.07,-3.75) wbirth=(3.30,-0.01,-1.26) ref=(23.00,0.00) leader=(20.00,0.00) fallbacks=0
[mpc_node-4] [INFO] [1783591014.823558460] [px4_2.mpc_node_2]: [d2] solve: status=0 time=0.17ms cost=0.1 pos=(20.14,-2.98,-5.01) local=(20.43,0.04,-4.04) wbirth=(-0.29,-3.02,-0.97) ref=(20.00,-3.00) leader=(20.00,0.00) fallbacks=0
[mpc_node-6] [INFO] [1783591014.824976358] [px4_4.mpc_node_4]: [d4] solve: status=0 time=0.17ms cost=0.0 pos=(16.86,0.01,-4.96) local=(19.60,-0.14,-4.50) wbirth=(-2.74,0.15,-0.46) ref=(17.00,0.00) leader=(20.00,0.00) fallbacks=0
[mpc_node-3] [INFO] [1783591014.827395377] [px4_1.mpc_node_1]: [d1] solve: status=0 time=0.17ms cost=0.0 pos=(20.02,3.03,-4.96) local=(19.85,-0.13,-4.58) wbirth=(0.17,3.16,-0.38) ref=(20.00,3.00) leader=(20.00,0.00) fallbacks=0
[mpc_node-2] [INFO] [1783591014.891331347] [px4_0.mpc_node_0]: [d0] solve: status=0 time=0.18ms cost=0.0 pos=(19.99,-0.03,-5.00) local=(20.00,0.04,-5.00) wbirth=(-0.00,-0.08,0.00) ref=(20.00,0.00) leader=(20.00,0.00) fallbacks=0
[mpc_node-5] [INFO] [1783591015.808742053] [px4_3.mpc_node_3]: [d3] solve: status=0 time=0.13ms cost=0.0 pos=(22.99,-0.07,-4.98) local=(19.69,-0.07,-3.72) wbirth=(3.30,-0.01,-1.26) ref=(23.00,0.00) leader=(20.00,0.00) fallbacks=0
[mpc_node-4] [INFO] [1783591015.822973468] [px4_2.mpc_node_2]: [d2] solve: status=0 time=0.17ms cost=0.1 pos=(20.15,-2.84,-4.97) local=(20.44,0.18,-4.00) wbirth=(-0.29,-3.02,-0.97) ref=(20.00,-3.00) leader=(20.00,0.00) fallbacks=0
[mpc_node-6] [INFO] [1783591015.824572728] [px4_4.mpc_node_4]: [d4] solve: status=0 time=0.20ms cost=0.0 pos=(17.00,0.00,-5.03) local=(19.74,-0.15,-4.57) wbirth=(-2.74,0.15,-0.46) ref=(17.00,0.00) leader=(20.00,0.00) fallbacks=0
[mpc_node-3] [INFO] [1783591015.827436456] [px4_1.mpc_node_1]: [d1] solve: status=0 time=0.14ms cost=0.0 pos=(20.11,3.07,-4.99) local=(19.94,-0.09,-4.61) wbirth=(0.17,3.16,-0.38) ref=(20.00,3.00) leader=(20.00,0.00) fallbacks=0
[mpc_node-2] [INFO] [1783591015.891538300] [px4_0.mpc_node_0]: [d0] solve: status=0 time=0.14ms cost=0.0 pos=(19.91,-0.01,-5.01) local=(19.91,0.07,-5.01) wbirth=(-0.00,-0.08,0.00) ref=(20.00,0.00) leader=(20.00,0.00) fallbacks=0
[mpc_node-5] [INFO] [1783591016.809612162] [px4_3.mpc_node_3]: [d3] solve: status=0 time=0.16ms cost=0.0 pos=(23.03,-0.03,-4.96) local=(19.73,-0.03,-3.70) wbirth=(3.30,-0.01,-1.26) ref=(23.00,0.00) leader=(20.00,0.00) fallbacks=0
[mpc_node-4] [INFO] [1783591016.823326017] [px4_2.mpc_node_2]: [d2] solve: status=0 time=0.18ms cost=0.1 pos=(20.05,-2.76,-4.92) local=(20.34,0.27,-3.95) wbirth=(-0.29,-3.02,-0.97) ref=(20.00,-3.00) leader=(20.00,0.00) fallbacks=0
[mpc_node-6] [INFO] [1783591016.824176778] [px4_4.mpc_node_4]: [d4] solve: status=0 time=0.16ms cost=0.0 pos=(17.05,0.04,-5.03) local=(19.80,-0.11,-4.57) wbirth=(-2.74,0.15,-0.46) ref=(17.00,0.00) leader=(20.00,0.00) fallbacks=0
[mpc_node-3] [INFO] [1783591016.827622911] [px4_1.mpc_node_1]: [d1] solve: status=0 time=0.17ms cost=0.0 pos=(20.10,3.05,-5.03) local=(19.93,-0.12,-4.65) wbirth=(0.17,3.16,-0.38) ref=(20.00,3.00) leader=(20.00,0.00) fallbacks=0
[mpc_node-2] [INFO] [1783591016.891770829] [px4_0.mpc_node_0]: [d0] solve: status=0 time=0.20ms cost=0.0 pos=(19.92,-0.01,-4.99) local=(19.93,0.07,-4.99) wbirth=(-0.00,-0.08,0.00) ref=(20.00,0.00) leader=(20.00,0.00) fallbacks=0
[mpc_node-5] [INFO] [1783591017.810194066] [px4_3.mpc_node_3]: [d3] solve: status=0 time=0.13ms cost=0.0 pos=(23.04,0.02,-4.95) local=(19.74,0.03,-3.69) wbirth=(3.30,-0.01,-1.26) ref=(23.00,0.00) leader=(20.00,0.00) fallbacks=0
[mpc_node-4] [INFO] [1783591017.823359937] [px4_2.mpc_node_2]: [d2] solve: status=0 time=0.21ms cost=0.1 pos=(19.99,-2.79,-4.95) local=(20.28,0.23,-3.98) wbirth=(-0.29,-3.02,-0.97) ref=(20.00,-3.00) leader=(20.00,0.00) fallbacks=0
[mpc_node-6] [INFO] [1783591017.824102534] [px4_4.mpc_node_4]: [d4] solve: status=0 time=0.16ms cost=0.0 pos=(17.06,0.02,-5.00) local=(19.80,-0.13,-4.54) wbirth=(-2.74,0.15,-0.46) ref=(17.00,0.00) leader=(20.00,0.00) fallbacks=0
[mpc_node-3] [INFO] [1783591017.827765041] [px4_1.mpc_node_1]: [d1] solve: status=0 time=0.17ms cost=0.0 pos=(20.02,2.98,-5.02) local=(19.85,-0.18,-4.64) wbirth=(0.17,3.16,-0.38) ref=(20.00,3.00) leader=(20.00,0.00) fallbacks=0
[mpc_node-2] [INFO] [1783591017.891664476] [px4_0.mpc_node_0]: [d0] solve: status=0 time=0.14ms cost=0.0 pos=(19.99,-0.02,-4.98) local=(20.00,0.06,-4.98) wbirth=(-0.00,-0.08,0.00) ref=(20.00,0.00) leader=(20.00,0.00) fallbacks=0
[mpc_node-5] [INFO] [1783591018.810529746] [px4_3.mpc_node_3]: [d3] solve: status=0 time=0.17ms cost=0.0 pos=(23.01,0.09,-5.00) local=(19.72,0.09,-3.74) wbirth=(3.30,-0.01,-1.26) ref=(23.00,0.00) leader=(20.00,0.00) fallbacks=0
[mpc_node-4] [INFO] [1783591018.823099439] [px4_2.mpc_node_2]: [d2] solve: status=0 time=0.18ms cost=0.0 pos=(19.96,-2.99,-4.99) local=(20.25,0.04,-4.02) wbirth=(-0.29,-3.02,-0.97) ref=(20.00,-3.00) leader=(20.00,0.00) fallbacks=0
[mpc_node-6] [INFO] [1783591018.825207381] [px4_4.mpc_node_4]: [d4] solve: status=0 time=0.20ms cost=0.0 pos=(17.08,-0.01,-4.99) local=(19.83,-0.16,-4.53) wbirth=(-2.74,0.15,-0.46) ref=(17.00,0.00) leader=(20.00,0.00) fallbacks=0
[mpc_node-3] [INFO] [1783591018.827637561] [px4_1.mpc_node_1]: [d1] solve: status=0 time=0.17ms cost=0.0 pos=(19.97,2.98,-4.97) local=(19.80,-0.18,-4.59) wbirth=(0.17,3.16,-0.38) ref=(20.00,3.00) leader=(20.00,0.00) fallbacks=0
[mpc_node-2] [INFO] [1783591018.891045919] [px4_0.mpc_node_0]: [d0] solve: status=0 time=0.17ms cost=0.0 pos=(20.08,0.00,-4.97) local=(20.08,0.08,-4.97) wbirth=(-0.00,-0.08,0.00) ref=(20.00,0.00) leader=(20.00,0.00) fallbacks=0
[mpc_node-5] [INFO] [1783591019.809911409] [px4_3.mpc_node_3]: [d3] solve: status=0 time=0.18ms cost=0.0 pos=(22.97,0.09,-5.02) local=(19.68,0.09,-3.76) wbirth=(3.30,-0.01,-1.26) ref=(23.00,0.00) leader=(20.00,0.00) fallbacks=0
[mpc_node-4] [INFO] [1783591019.823421256] [px4_2.mpc_node_2]: [d2] solve: status=0 time=0.21ms cost=0.0 pos=(19.94,-3.09,-5.00) local=(20.23,-0.07,-4.03) wbirth=(-0.29,-3.02,-0.97) ref=(20.00,-3.00) leader=(20.00,0.00) fallbacks=0
[mpc_node-6] [INFO] [1783591019.825491940] [px4_4.mpc_node_4]: [d4] solve: status=0 time=0.20ms cost=0.0 pos=(17.07,0.03,-5.01) local=(19.82,-0.12,-4.55) wbirth=(-2.74,0.15,-0.46) ref=(17.00,0.00) leader=(20.00,0.00) fallbacks=0
[mpc_node-3] [INFO] [1783591019.827288937] [px4_1.mpc_node_1]: [d1] solve: status=0 time=0.14ms cost=0.0 pos=(19.92,2.98,-4.96) local=(19.75,-0.19,-4.58) wbirth=(0.17,3.16,-0.38) ref=(20.00,3.00) leader=(20.00,0.00) fallbacks=0
[mpc_node-2] [INFO] [1783591019.891903875] [px4_0.mpc_node_0]: [d0] solve: status=0 time=0.14ms cost=0.0 pos=(20.09,-0.02,-5.01) local=(20.09,0.06,-5.01) wbirth=(-0.00,-0.08,0.00) ref=(20.00,0.00) leader=(20.00,0.00) fallbacks=0
[mpc_node-5] [INFO] [1783591020.809007496] [px4_3.mpc_node_3]: [d3] solve: status=0 time=0.14ms cost=0.0 pos=(23.00,0.02,-5.01) local=(19.71,0.03,-3.75) wbirth=(3.30,-0.01,-1.26) ref=(23.00,0.00) leader=(20.00,0.00) fallbacks=0
[mpc_node-4] [INFO] [1783591020.823560450] [px4_2.mpc_node_2]: [d2] solve: status=0 time=0.21ms cost=0.1 pos=(19.85,-3.10,-5.07) local=(20.14,-0.08,-4.10) wbirth=(-0.29,-3.02,-0.97) ref=(20.00,-3.00) leader=(20.00,0.00) fallbacks=0
[mpc_node-6] [INFO] [1783591020.824736102] [px4_4.mpc_node_4]: [d4] solve: status=0 time=0.16ms cost=0.0 pos=(17.04,0.03,-5.02) local=(19.79,-0.12,-4.56) wbirth=(-2.74,0.15,-0.46) ref=(17.00,0.00) leader=(20.00,0.00) fallbacks=0
[mpc_node-3] [INFO] [1783591020.827500293] [px4_1.mpc_node_1]: [d1] solve: status=0 time=0.13ms cost=0.0 pos=(19.88,2.98,-5.00) local=(19.72,-0.18,-4.62) wbirth=(0.17,3.16,-0.38) ref=(20.00,3.00) leader=(20.00,0.00) fallbacks=0
[mpc_node-2] [INFO] [1783591020.890898981] [px4_0.mpc_node_0]: [d0] solve: status=0 time=0.15ms cost=0.0 pos=(20.14,0.03,-5.00) local=(20.14,0.11,-5.00) wbirth=(-0.00,-0.08,0.00) ref=(20.00,0.00) leader=(20.00,0.00) fallbacks=0
[mpc_node-5] [INFO] [1783591021.808652070] [px4_3.mpc_node_3]: [d3] solve: status=0 time=0.14ms cost=0.0 pos=(23.02,-0.00,-5.01) local=(19.72,0.00,-3.75) wbirth=(3.30,-0.01,-1.26) ref=(23.00,0.00) leader=(20.00,0.00) fallbacks=0
[mpc_node-4] [INFO] [1783591021.823885157] [px4_2.mpc_node_2]: [d2] solve: status=0 time=0.14ms cost=0.1 pos=(19.89,-3.09,-5.10) local=(20.18,-0.06,-4.13) wbirth=(-0.29,-3.02,-0.97) ref=(20.00,-3.00) leader=(20.00,0.00) fallbacks=0
[mpc_node-6] [INFO] [1783591021.824558187] [px4_4.mpc_node_4]: [d4] solve: status=0 time=0.17ms cost=0.0 pos=(16.98,-0.02,-5.08) local=(19.72,-0.17,-4.62) wbirth=(-2.74,0.15,-0.46) ref=(17.00,0.00) leader=(20.00,0.00) fallbacks=0
[mpc_node-3] [INFO] [1783591021.828402619] [px4_1.mpc_node_1]: [d1] solve: status=0 time=0.14ms cost=0.0 pos=(19.96,3.03,-5.03) local=(19.79,-0.13,-4.65) wbirth=(0.17,3.16,-0.38) ref=(20.00,3.00) leader=(20.00,0.00) fallbacks=0
[mpc_node-2] [INFO] [1783591021.892886889] [px4_0.mpc_node_0]: [d0] solve: status=0 time=0.14ms cost=0.0 pos=(20.09,0.06,-5.01) local=(20.10,0.13,-5.01) wbirth=(-0.00,-0.08,0.00) ref=(20.00,0.00) leader=(20.00,0.00) fallbacks=0
[mpc_node-5] [INFO] [1783591022.808600278] [px4_3.mpc_node_3]: [d3] solve: status=0 time=0.13ms cost=0.0 pos=(23.01,-0.06,-5.04) local=(19.71,-0.05,-3.78) wbirth=(3.30,-0.01,-1.26) ref=(23.00,0.00) leader=(20.00,0.00) fallbacks=0
[mpc_node-4] [INFO] [1783591022.823519093] [px4_2.mpc_node_2]: [d2] solve: status=0 time=0.17ms cost=0.0 pos=(19.95,-3.09,-5.06) local=(20.24,-0.07,-4.09) wbirth=(-0.29,-3.02,-0.97) ref=(20.00,-3.00) leader=(20.00,0.00) fallbacks=0
[mpc_node-6] [INFO] [1783591022.823881049] [px4_4.mpc_node_4]: [d4] solve: status=0 time=0.14ms cost=0.0 pos=(16.89,-0.05,-5.01) local=(19.63,-0.20,-4.55) wbirth=(-2.74,0.15,-0.46) ref=(17.00,0.00) leader=(20.00,0.00) fallbacks=0
[mpc_node-3] [INFO] [1783591022.827622754] [px4_1.mpc_node_1]: [d1] solve: status=0 time=0.17ms cost=0.0 pos=(20.01,3.05,-4.99) local=(19.84,-0.11,-4.61) wbirth=(0.17,3.16,-0.38) ref=(20.00,3.00) leader=(20.00,0.00) fallbacks=0
[mpc_node-2] [INFO] [1783591022.891716644] [px4_0.mpc_node_0]: [d0] solve: status=0 time=0.17ms cost=0.0 pos=(19.98,0.03,-5.02) local=(19.98,0.11,-5.02) wbirth=(-0.00,-0.08,0.00) ref=(20.00,0.00) leader=(20.00,0.00) fallbacks=0
[mpc_node-5] [INFO] [1783591023.808682456] [px4_3.mpc_node_3]: [d3] solve: status=0 time=0.17ms cost=0.0 pos=(23.08,-0.10,-4.95) local=(19.78,-0.09,-3.69) wbirth=(3.30,-0.01,-1.26) ref=(23.00,0.00) leader=(20.00,0.00) fallbacks=0
[mpc_node-4] [INFO] [1783591023.823929841] [px4_2.mpc_node_2]: [d2] solve: status=0 time=0.17ms cost=0.0 pos=(20.06,-3.07,-5.00) local=(20.35,-0.05,-4.03) wbirth=(-0.29,-3.02,-0.97) ref=(20.00,-3.00) leader=(20.00,0.00) fallbacks=0
[mpc_node-6] [INFO] [1783591023.824872151] [px4_4.mpc_node_4]: [d4] solve: status=0 time=0.16ms cost=0.0 pos=(16.97,-0.02,-4.97) local=(19.72,-0.17,-4.51) wbirth=(-2.74,0.15,-0.46) ref=(17.00,0.00) leader=(20.00,0.00) fallbacks=0
[mpc_node-3] [INFO] [1783591023.828269803] [px4_1.mpc_node_1]: [d1] solve: status=0 time=0.30ms cost=0.0 pos=(20.06,3.02,-5.02) local=(19.89,-0.14,-4.64) wbirth=(0.17,3.16,-0.38) ref=(20.00,3.00) leader=(20.00,0.00) fallbacks=0
[mpc_node-2] [INFO] [1783591023.891934909] [px4_0.mpc_node_0]: [d0] solve: status=0 time=0.14ms cost=0.0 pos=(19.94,-0.04,-4.96) local=(19.94,0.04,-4.96) wbirth=(-0.00,-0.08,0.00) ref=(20.00,0.00) leader=(20.00,0.00) fallbacks=0
