[INFO] [launch]: All log files can be found below /home/shirui/.ros/log/2026-07-09-17-42-32-173909-idt-93115
[INFO] [launch]: Default logging verbosity is set to INFO
[INFO] [leader_node-1]: process started with pid [93119]
[INFO] [mpc_node-2]: process started with pid [93121]
[INFO] [mpc_node-3]: process started with pid [93123]
[INFO] [mpc_node-4]: process started with pid [93125]
[INFO] [mpc_node-5]: process started with pid [93127]
[INFO] [mpc_node-6]: process started with pid [93129]
[leader_node-1] [INFO] [1783590152.372843756] [leader_node]: Leader ready: mode=line, yaw_mode=fixed, alt=-5.0m (NED), speed=1.0m/s, radius=10.0m
[mpc_node-4] [INFO] [1783590152.381186665] [px4_2.mpc_node_2]: building acados OCP for drone 2 (N=30, dt=0.05, neighbours=[0], d_star=[3.0])...
[mpc_node-5] [INFO] [1783590152.381201721] [px4_3.mpc_node_3]: building acados OCP for drone 3 (N=30, dt=0.05, neighbours=[0], d_star=[3.0])...
[mpc_node-2] [INFO] [1783590152.391173249] [px4_0.mpc_node_0]: building acados OCP for drone 0 (N=30, dt=0.05, neighbours=[1, 2, 3, 4], d_star=[3.0, 3.0, 3.0, 3.0])...
[mpc_node-3] [INFO] [1783590152.397710084] [px4_1.mpc_node_1]: building acados OCP for drone 1 (N=30, dt=0.05, neighbours=[0], d_star=[3.0])...
[mpc_node-5] /usr/lib/python3/dist-packages/scipy/__init__.py:146: UserWarning: A NumPy version >=1.17.3 and <1.25.0 is required for this version of SciPy (detected version 1.26.4
[mpc_node-5]   warnings.warn(f"A NumPy version >={np_minversion} and <{np_maxversion}"
[mpc_node-4] /usr/lib/python3/dist-packages/scipy/__init__.py:146: UserWarning: A NumPy version >=1.17.3 and <1.25.0 is required for this version of SciPy (detected version 1.26.4
[mpc_node-4]   warnings.warn(f"A NumPy version >={np_minversion} and <{np_maxversion}"
[mpc_node-2] /usr/lib/python3/dist-packages/scipy/__init__.py:146: UserWarning: A NumPy version >=1.17.3 and <1.25.0 is required for this version of SciPy (detected version 1.26.4
[mpc_node-2]   warnings.warn(f"A NumPy version >={np_minversion} and <{np_maxversion}"
[mpc_node-6] [INFO] [1783590152.409128293] [px4_4.mpc_node_4]: building acados OCP for drone 4 (N=30, dt=0.05, neighbours=[0], d_star=[3.0])...
[mpc_node-3] /usr/lib/python3/dist-packages/scipy/__init__.py:146: UserWarning: A NumPy version >=1.17.3 and <1.25.0 is required for this version of SciPy (detected version 1.26.4
[mpc_node-3]   warnings.warn(f"A NumPy version >={np_minversion} and <{np_maxversion}"
[mpc_node-6] /usr/lib/python3/dist-packages/scipy/__init__.py:146: UserWarning: A NumPy version >=1.17.3 and <1.25.0 is required for this version of SciPy (detected version 1.26.4
[mpc_node-6]   warnings.warn(f"A NumPy version >={np_minversion} and <{np_maxversion}"
[mpc_node-5] rm -f libacados_ocp_solver_di_mpc_i3_m1.so
[mpc_node-5] rm -f di_mpc_i3_m1_cost/di_mpc_i3_m1_cost_y_0_fun.o di_mpc_i3_m1_cost/di_mpc_i3_m1_cost_y_0_fun_jac_ut_xt.o di_mpc_i3_m1_cost/di_mpc_i3_m1_cost_y_0_hess.o di_mpc_i3_m1_cost/di_mpc_i3_m1_cost_y_fun.o di_mpc_i3_m1_cost/di_mpc_i3_m1_cost_y_fun_jac_ut_xt.o di_mpc_i3_m1_cost/di_mpc_i3_m1_cost_y_hess.o di_mpc_i3_m1_cost/di_mpc_i3_m1_cost_y_e_fun.o di_mpc_i3_m1_cost/di_mpc_i3_m1_cost_y_e_fun_jac_ut_xt.o di_mpc_i3_m1_cost/di_mpc_i3_m1_cost_y_e_hess.o acados_solver_di_mpc_i3_m1.o
[mpc_node-5] cc -fPIC -std=c99   -O2 -I/home/shirui/acados/include -I/home/shirui/acados/include/acados -I/home/shirui/acados/include/blasfeo/include -I/home/shirui/acados/include/hpipm/include  -c -o di_mpc_i3_m1_cost/di_mpc_i3_m1_cost_y_0_fun.o di_mpc_i3_m1_cost/di_mpc_i3_m1_cost_y_0_fun.c
[mpc_node-4] rm -f libacados_ocp_solver_di_mpc_i2_m1.so
[mpc_node-4] rm -f di_mpc_i2_m1_cost/di_mpc_i2_m1_cost_y_0_fun.o di_mpc_i2_m1_cost/di_mpc_i2_m1_cost_y_0_fun_jac_ut_xt.o di_mpc_i2_m1_cost/di_mpc_i2_m1_cost_y_0_hess.o di_mpc_i2_m1_cost/di_mpc_i2_m1_cost_y_fun.o di_mpc_i2_m1_cost/di_mpc_i2_m1_cost_y_fun_jac_ut_xt.o di_mpc_i2_m1_cost/di_mpc_i2_m1_cost_y_hess.o di_mpc_i2_m1_cost/di_mpc_i2_m1_cost_y_e_fun.o di_mpc_i2_m1_cost/di_mpc_i2_m1_cost_y_e_fun_jac_ut_xt.o di_mpc_i2_m1_cost/di_mpc_i2_m1_cost_y_e_hess.o acados_solver_di_mpc_i2_m1.o
[mpc_node-4] cc -fPIC -std=c99   -O2 -I/home/shirui/acados/include -I/home/shirui/acados/include/acados -I/home/shirui/acados/include/blasfeo/include -I/home/shirui/acados/include/hpipm/include  -c -o di_mpc_i2_m1_cost/di_mpc_i2_m1_cost_y_0_fun.o di_mpc_i2_m1_cost/di_mpc_i2_m1_cost_y_0_fun.c
[mpc_node-2] rm -f libacados_ocp_solver_di_mpc_i0_m4.so
[mpc_node-3] rm -f libacados_ocp_solver_di_mpc_i1_m1.so
[mpc_node-2] rm -f di_mpc_i0_m4_cost/di_mpc_i0_m4_cost_y_0_fun.o di_mpc_i0_m4_cost/di_mpc_i0_m4_cost_y_0_fun_jac_ut_xt.o di_mpc_i0_m4_cost/di_mpc_i0_m4_cost_y_0_hess.o di_mpc_i0_m4_cost/di_mpc_i0_m4_cost_y_fun.o di_mpc_i0_m4_cost/di_mpc_i0_m4_cost_y_fun_jac_ut_xt.o di_mpc_i0_m4_cost/di_mpc_i0_m4_cost_y_hess.o di_mpc_i0_m4_cost/di_mpc_i0_m4_cost_y_e_fun.o di_mpc_i0_m4_cost/di_mpc_i0_m4_cost_y_e_fun_jac_ut_xt.o di_mpc_i0_m4_cost/di_mpc_i0_m4_cost_y_e_hess.o acados_solver_di_mpc_i0_m4.o
[mpc_node-3] rm -f di_mpc_i1_m1_cost/di_mpc_i1_m1_cost_y_0_fun.o di_mpc_i1_m1_cost/di_mpc_i1_m1_cost_y_0_fun_jac_ut_xt.o di_mpc_i1_m1_cost/di_mpc_i1_m1_cost_y_0_hess.o di_mpc_i1_m1_cost/di_mpc_i1_m1_cost_y_fun.o di_mpc_i1_m1_cost/di_mpc_i1_m1_cost_y_fun_jac_ut_xt.o di_mpc_i1_m1_cost/di_mpc_i1_m1_cost_y_hess.o di_mpc_i1_m1_cost/di_mpc_i1_m1_cost_y_e_fun.o di_mpc_i1_m1_cost/di_mpc_i1_m1_cost_y_e_fun_jac_ut_xt.o di_mpc_i1_m1_cost/di_mpc_i1_m1_cost_y_e_hess.o acados_solver_di_mpc_i1_m1.o
[mpc_node-2] cc -fPIC -std=c99   -O2 -I/home/shirui/acados/include -I/home/shirui/acados/include/acados -I/home/shirui/acados/include/blasfeo/include -I/home/shirui/acados/include/hpipm/include  -c -o di_mpc_i0_m4_cost/di_mpc_i0_m4_cost_y_0_fun.o di_mpc_i0_m4_cost/di_mpc_i0_m4_cost_y_0_fun.c
[mpc_node-3] cc -fPIC -std=c99   -O2 -I/home/shirui/acados/include -I/home/shirui/acados/include/acados -I/home/shirui/acados/include/blasfeo/include -I/home/shirui/acados/include/hpipm/include  -c -o di_mpc_i1_m1_cost/di_mpc_i1_m1_cost_y_0_fun.o di_mpc_i1_m1_cost/di_mpc_i1_m1_cost_y_0_fun.c
[mpc_node-5] cc -fPIC -std=c99   -O2 -I/home/shirui/acados/include -I/home/shirui/acados/include/acados -I/home/shirui/acados/include/blasfeo/include -I/home/shirui/acados/include/hpipm/include  -c -o di_mpc_i3_m1_cost/di_mpc_i3_m1_cost_y_0_fun_jac_ut_xt.o di_mpc_i3_m1_cost/di_mpc_i3_m1_cost_y_0_fun_jac_ut_xt.c
[mpc_node-4] cc -fPIC -std=c99   -O2 -I/home/shirui/acados/include -I/home/shirui/acados/include/acados -I/home/shirui/acados/include/blasfeo/include -I/home/shirui/acados/include/hpipm/include  -c -o di_mpc_i2_m1_cost/di_mpc_i2_m1_cost_y_0_fun_jac_ut_xt.o di_mpc_i2_m1_cost/di_mpc_i2_m1_cost_y_0_fun_jac_ut_xt.c
[mpc_node-6] rm -f libacados_ocp_solver_di_mpc_i4_m1.so
[mpc_node-6] rm -f di_mpc_i4_m1_cost/di_mpc_i4_m1_cost_y_0_fun.o di_mpc_i4_m1_cost/di_mpc_i4_m1_cost_y_0_fun_jac_ut_xt.o di_mpc_i4_m1_cost/di_mpc_i4_m1_cost_y_0_hess.o di_mpc_i4_m1_cost/di_mpc_i4_m1_cost_y_fun.o di_mpc_i4_m1_cost/di_mpc_i4_m1_cost_y_fun_jac_ut_xt.o di_mpc_i4_m1_cost/di_mpc_i4_m1_cost_y_hess.o di_mpc_i4_m1_cost/di_mpc_i4_m1_cost_y_e_fun.o di_mpc_i4_m1_cost/di_mpc_i4_m1_cost_y_e_fun_jac_ut_xt.o di_mpc_i4_m1_cost/di_mpc_i4_m1_cost_y_e_hess.o acados_solver_di_mpc_i4_m1.o
[mpc_node-6] cc -fPIC -std=c99   -O2 -I/home/shirui/acados/include -I/home/shirui/acados/include/acados -I/home/shirui/acados/include/blasfeo/include -I/home/shirui/acados/include/hpipm/include  -c -o di_mpc_i4_m1_cost/di_mpc_i4_m1_cost_y_0_fun.o di_mpc_i4_m1_cost/di_mpc_i4_m1_cost_y_0_fun.c
[mpc_node-3] cc -fPIC -std=c99   -O2 -I/home/shirui/acados/include -I/home/shirui/acados/include/acados -I/home/shirui/acados/include/blasfeo/include -I/home/shirui/acados/include/hpipm/include  -c -o di_mpc_i1_m1_cost/di_mpc_i1_m1_cost_y_0_fun_jac_ut_xt.o di_mpc_i1_m1_cost/di_mpc_i1_m1_cost_y_0_fun_jac_ut_xt.c
[mpc_node-5] cc -fPIC -std=c99   -O2 -I/home/shirui/acados/include -I/home/shirui/acados/include/acados -I/home/shirui/acados/include/blasfeo/include -I/home/shirui/acados/include/hpipm/include  -c -o di_mpc_i3_m1_cost/di_mpc_i3_m1_cost_y_0_hess.o di_mpc_i3_m1_cost/di_mpc_i3_m1_cost_y_0_hess.c
[mpc_node-4] cc -fPIC -std=c99   -O2 -I/home/shirui/acados/include -I/home/shirui/acados/include/acados -I/home/shirui/acados/include/blasfeo/include -I/home/shirui/acados/include/hpipm/include  -c -o di_mpc_i2_m1_cost/di_mpc_i2_m1_cost_y_0_hess.o di_mpc_i2_m1_cost/di_mpc_i2_m1_cost_y_0_hess.c
[mpc_node-2] cc -fPIC -std=c99   -O2 -I/home/shirui/acados/include -I/home/shirui/acados/include/acados -I/home/shirui/acados/include/blasfeo/include -I/home/shirui/acados/include/hpipm/include  -c -o di_mpc_i0_m4_cost/di_mpc_i0_m4_cost_y_0_fun_jac_ut_xt.o di_mpc_i0_m4_cost/di_mpc_i0_m4_cost_y_0_fun_jac_ut_xt.c
[mpc_node-6] cc -fPIC -std=c99   -O2 -I/home/shirui/acados/include -I/home/shirui/acados/include/acados -I/home/shirui/acados/include/blasfeo/include -I/home/shirui/acados/include/hpipm/include  -c -o di_mpc_i4_m1_cost/di_mpc_i4_m1_cost_y_0_fun_jac_ut_xt.o di_mpc_i4_m1_cost/di_mpc_i4_m1_cost_y_0_fun_jac_ut_xt.c
[mpc_node-5] cc -fPIC -std=c99   -O2 -I/home/shirui/acados/include -I/home/shirui/acados/include/acados -I/home/shirui/acados/include/blasfeo/include -I/home/shirui/acados/include/hpipm/include  -c -o di_mpc_i3_m1_cost/di_mpc_i3_m1_cost_y_fun.o di_mpc_i3_m1_cost/di_mpc_i3_m1_cost_y_fun.c
[mpc_node-3] cc -fPIC -std=c99   -O2 -I/home/shirui/acados/include -I/home/shirui/acados/include/acados -I/home/shirui/acados/include/blasfeo/include -I/home/shirui/acados/include/hpipm/include  -c -o di_mpc_i1_m1_cost/di_mpc_i1_m1_cost_y_0_hess.o di_mpc_i1_m1_cost/di_mpc_i1_m1_cost_y_0_hess.c
[mpc_node-4] cc -fPIC -std=c99   -O2 -I/home/shirui/acados/include -I/home/shirui/acados/include/acados -I/home/shirui/acados/include/blasfeo/include -I/home/shirui/acados/include/hpipm/include  -c -o di_mpc_i2_m1_cost/di_mpc_i2_m1_cost_y_fun.o di_mpc_i2_m1_cost/di_mpc_i2_m1_cost_y_fun.c
[mpc_node-2] cc -fPIC -std=c99   -O2 -I/home/shirui/acados/include -I/home/shirui/acados/include/acados -I/home/shirui/acados/include/blasfeo/include -I/home/shirui/acados/include/hpipm/include  -c -o di_mpc_i0_m4_cost/di_mpc_i0_m4_cost_y_0_hess.o di_mpc_i0_m4_cost/di_mpc_i0_m4_cost_y_0_hess.c
[mpc_node-3] cc -fPIC -std=c99   -O2 -I/home/shirui/acados/include -I/home/shirui/acados/include/acados -I/home/shirui/acados/include/blasfeo/include -I/home/shirui/acados/include/hpipm/include  -c -o di_mpc_i1_m1_cost/di_mpc_i1_m1_cost_y_fun.o di_mpc_i1_m1_cost/di_mpc_i1_m1_cost_y_fun.c
[mpc_node-6] cc -fPIC -std=c99   -O2 -I/home/shirui/acados/include -I/home/shirui/acados/include/acados -I/home/shirui/acados/include/blasfeo/include -I/home/shirui/acados/include/hpipm/include  -c -o di_mpc_i4_m1_cost/di_mpc_i4_m1_cost_y_0_hess.o di_mpc_i4_m1_cost/di_mpc_i4_m1_cost_y_0_hess.c
[mpc_node-5] cc -fPIC -std=c99   -O2 -I/home/shirui/acados/include -I/home/shirui/acados/include/acados -I/home/shirui/acados/include/blasfeo/include -I/home/shirui/acados/include/hpipm/include  -c -o di_mpc_i3_m1_cost/di_mpc_i3_m1_cost_y_fun_jac_ut_xt.o di_mpc_i3_m1_cost/di_mpc_i3_m1_cost_y_fun_jac_ut_xt.c
[mpc_node-4] cc -fPIC -std=c99   -O2 -I/home/shirui/acados/include -I/home/shirui/acados/include/acados -I/home/shirui/acados/include/blasfeo/include -I/home/shirui/acados/include/hpipm/include  -c -o di_mpc_i2_m1_cost/di_mpc_i2_m1_cost_y_fun_jac_ut_xt.o di_mpc_i2_m1_cost/di_mpc_i2_m1_cost_y_fun_jac_ut_xt.c
[mpc_node-3] cc -fPIC -std=c99   -O2 -I/home/shirui/acados/include -I/home/shirui/acados/include/acados -I/home/shirui/acados/include/blasfeo/include -I/home/shirui/acados/include/hpipm/include  -c -o di_mpc_i1_m1_cost/di_mpc_i1_m1_cost_y_fun_jac_ut_xt.o di_mpc_i1_m1_cost/di_mpc_i1_m1_cost_y_fun_jac_ut_xt.c
[mpc_node-6] cc -fPIC -std=c99   -O2 -I/home/shirui/acados/include -I/home/shirui/acados/include/acados -I/home/shirui/acados/include/blasfeo/include -I/home/shirui/acados/include/hpipm/include  -c -o di_mpc_i4_m1_cost/di_mpc_i4_m1_cost_y_fun.o di_mpc_i4_m1_cost/di_mpc_i4_m1_cost_y_fun.c
[mpc_node-5] cc -fPIC -std=c99   -O2 -I/home/shirui/acados/include -I/home/shirui/acados/include/acados -I/home/shirui/acados/include/blasfeo/include -I/home/shirui/acados/include/hpipm/include  -c -o di_mpc_i3_m1_cost/di_mpc_i3_m1_cost_y_hess.o di_mpc_i3_m1_cost/di_mpc_i3_m1_cost_y_hess.c
[mpc_node-2] cc -fPIC -std=c99   -O2 -I/home/shirui/acados/include -I/home/shirui/acados/include/acados -I/home/shirui/acados/include/blasfeo/include -I/home/shirui/acados/include/hpipm/include  -c -o di_mpc_i0_m4_cost/di_mpc_i0_m4_cost_y_fun.o di_mpc_i0_m4_cost/di_mpc_i0_m4_cost_y_fun.c
[mpc_node-4] cc -fPIC -std=c99   -O2 -I/home/shirui/acados/include -I/home/shirui/acados/include/acados -I/home/shirui/acados/include/blasfeo/include -I/home/shirui/acados/include/hpipm/include  -c -o di_mpc_i2_m1_cost/di_mpc_i2_m1_cost_y_hess.o di_mpc_i2_m1_cost/di_mpc_i2_m1_cost_y_hess.c
[mpc_node-6] cc -fPIC -std=c99   -O2 -I/home/shirui/acados/include -I/home/shirui/acados/include/acados -I/home/shirui/acados/include/blasfeo/include -I/home/shirui/acados/include/hpipm/include  -c -o di_mpc_i4_m1_cost/di_mpc_i4_m1_cost_y_fun_jac_ut_xt.o di_mpc_i4_m1_cost/di_mpc_i4_m1_cost_y_fun_jac_ut_xt.c
[mpc_node-3] cc -fPIC -std=c99   -O2 -I/home/shirui/acados/include -I/home/shirui/acados/include/acados -I/home/shirui/acados/include/blasfeo/include -I/home/shirui/acados/include/hpipm/include  -c -o di_mpc_i1_m1_cost/di_mpc_i1_m1_cost_y_hess.o di_mpc_i1_m1_cost/di_mpc_i1_m1_cost_y_hess.c
[mpc_node-5] cc -fPIC -std=c99   -O2 -I/home/shirui/acados/include -I/home/shirui/acados/include/acados -I/home/shirui/acados/include/blasfeo/include -I/home/shirui/acados/include/hpipm/include  -c -o di_mpc_i3_m1_cost/di_mpc_i3_m1_cost_y_e_fun.o di_mpc_i3_m1_cost/di_mpc_i3_m1_cost_y_e_fun.c
[mpc_node-2] cc -fPIC -std=c99   -O2 -I/home/shirui/acados/include -I/home/shirui/acados/include/acados -I/home/shirui/acados/include/blasfeo/include -I/home/shirui/acados/include/hpipm/include  -c -o di_mpc_i0_m4_cost/di_mpc_i0_m4_cost_y_fun_jac_ut_xt.o di_mpc_i0_m4_cost/di_mpc_i0_m4_cost_y_fun_jac_ut_xt.c
[mpc_node-4] cc -fPIC -std=c99   -O2 -I/home/shirui/acados/include -I/home/shirui/acados/include/acados -I/home/shirui/acados/include/blasfeo/include -I/home/shirui/acados/include/hpipm/include  -c -o di_mpc_i2_m1_cost/di_mpc_i2_m1_cost_y_e_fun.o di_mpc_i2_m1_cost/di_mpc_i2_m1_cost_y_e_fun.c
[mpc_node-3] cc -fPIC -std=c99   -O2 -I/home/shirui/acados/include -I/home/shirui/acados/include/acados -I/home/shirui/acados/include/blasfeo/include -I/home/shirui/acados/include/hpipm/include  -c -o di_mpc_i1_m1_cost/di_mpc_i1_m1_cost_y_e_fun.o di_mpc_i1_m1_cost/di_mpc_i1_m1_cost_y_e_fun.c
[mpc_node-5] cc -fPIC -std=c99   -O2 -I/home/shirui/acados/include -I/home/shirui/acados/include/acados -I/home/shirui/acados/include/blasfeo/include -I/home/shirui/acados/include/hpipm/include  -c -o di_mpc_i3_m1_cost/di_mpc_i3_m1_cost_y_e_fun_jac_ut_xt.o di_mpc_i3_m1_cost/di_mpc_i3_m1_cost_y_e_fun_jac_ut_xt.c
[mpc_node-6] cc -fPIC -std=c99   -O2 -I/home/shirui/acados/include -I/home/shirui/acados/include/acados -I/home/shirui/acados/include/blasfeo/include -I/home/shirui/acados/include/hpipm/include  -c -o di_mpc_i4_m1_cost/di_mpc_i4_m1_cost_y_hess.o di_mpc_i4_m1_cost/di_mpc_i4_m1_cost_y_hess.c
[mpc_node-4] cc -fPIC -std=c99   -O2 -I/home/shirui/acados/include -I/home/shirui/acados/include/acados -I/home/shirui/acados/include/blasfeo/include -I/home/shirui/acados/include/hpipm/include  -c -o di_mpc_i2_m1_cost/di_mpc_i2_m1_cost_y_e_fun_jac_ut_xt.o di_mpc_i2_m1_cost/di_mpc_i2_m1_cost_y_e_fun_jac_ut_xt.c
[mpc_node-3] cc -fPIC -std=c99   -O2 -I/home/shirui/acados/include -I/home/shirui/acados/include/acados -I/home/shirui/acados/include/blasfeo/include -I/home/shirui/acados/include/hpipm/include  -c -o di_mpc_i1_m1_cost/di_mpc_i1_m1_cost_y_e_fun_jac_ut_xt.o di_mpc_i1_m1_cost/di_mpc_i1_m1_cost_y_e_fun_jac_ut_xt.c
[mpc_node-5] cc -fPIC -std=c99   -O2 -I/home/shirui/acados/include -I/home/shirui/acados/include/acados -I/home/shirui/acados/include/blasfeo/include -I/home/shirui/acados/include/hpipm/include  -c -o di_mpc_i3_m1_cost/di_mpc_i3_m1_cost_y_e_hess.o di_mpc_i3_m1_cost/di_mpc_i3_m1_cost_y_e_hess.c
[mpc_node-2] cc -fPIC -std=c99   -O2 -I/home/shirui/acados/include -I/home/shirui/acados/include/acados -I/home/shirui/acados/include/blasfeo/include -I/home/shirui/acados/include/hpipm/include  -c -o di_mpc_i0_m4_cost/di_mpc_i0_m4_cost_y_hess.o di_mpc_i0_m4_cost/di_mpc_i0_m4_cost_y_hess.c
[mpc_node-4] cc -fPIC -std=c99   -O2 -I/home/shirui/acados/include -I/home/shirui/acados/include/acados -I/home/shirui/acados/include/blasfeo/include -I/home/shirui/acados/include/hpipm/include  -c -o di_mpc_i2_m1_cost/di_mpc_i2_m1_cost_y_e_hess.o di_mpc_i2_m1_cost/di_mpc_i2_m1_cost_y_e_hess.c
[mpc_node-6] cc -fPIC -std=c99   -O2 -I/home/shirui/acados/include -I/home/shirui/acados/include/acados -I/home/shirui/acados/include/blasfeo/include -I/home/shirui/acados/include/hpipm/include  -c -o di_mpc_i4_m1_cost/di_mpc_i4_m1_cost_y_e_fun.o di_mpc_i4_m1_cost/di_mpc_i4_m1_cost_y_e_fun.c
[mpc_node-5] cc -fPIC -std=c99   -O2 -I/home/shirui/acados/include -I/home/shirui/acados/include/acados -I/home/shirui/acados/include/blasfeo/include -I/home/shirui/acados/include/hpipm/include  -c -o acados_solver_di_mpc_i3_m1.o acados_solver_di_mpc_i3_m1.c
[mpc_node-3] cc -fPIC -std=c99   -O2 -I/home/shirui/acados/include -I/home/shirui/acados/include/acados -I/home/shirui/acados/include/blasfeo/include -I/home/shirui/acados/include/hpipm/include  -c -o di_mpc_i1_m1_cost/di_mpc_i1_m1_cost_y_e_hess.o di_mpc_i1_m1_cost/di_mpc_i1_m1_cost_y_e_hess.c
[mpc_node-4] cc -fPIC -std=c99   -O2 -I/home/shirui/acados/include -I/home/shirui/acados/include/acados -I/home/shirui/acados/include/blasfeo/include -I/home/shirui/acados/include/hpipm/include  -c -o acados_solver_di_mpc_i2_m1.o acados_solver_di_mpc_i2_m1.c
[mpc_node-6] cc -fPIC -std=c99   -O2 -I/home/shirui/acados/include -I/home/shirui/acados/include/acados -I/home/shirui/acados/include/blasfeo/include -I/home/shirui/acados/include/hpipm/include  -c -o di_mpc_i4_m1_cost/di_mpc_i4_m1_cost_y_e_fun_jac_ut_xt.o di_mpc_i4_m1_cost/di_mpc_i4_m1_cost_y_e_fun_jac_ut_xt.c
[mpc_node-3] cc -fPIC -std=c99   -O2 -I/home/shirui/acados/include -I/home/shirui/acados/include/acados -I/home/shirui/acados/include/blasfeo/include -I/home/shirui/acados/include/hpipm/include  -c -o acados_solver_di_mpc_i1_m1.o acados_solver_di_mpc_i1_m1.c
[mpc_node-2] cc -fPIC -std=c99   -O2 -I/home/shirui/acados/include -I/home/shirui/acados/include/acados -I/home/shirui/acados/include/blasfeo/include -I/home/shirui/acados/include/hpipm/include  -c -o di_mpc_i0_m4_cost/di_mpc_i0_m4_cost_y_e_fun.o di_mpc_i0_m4_cost/di_mpc_i0_m4_cost_y_e_fun.c
[mpc_node-6] cc -fPIC -std=c99   -O2 -I/home/shirui/acados/include -I/home/shirui/acados/include/acados -I/home/shirui/acados/include/blasfeo/include -I/home/shirui/acados/include/hpipm/include  -c -o di_mpc_i4_m1_cost/di_mpc_i4_m1_cost_y_e_hess.o di_mpc_i4_m1_cost/di_mpc_i4_m1_cost_y_e_hess.c
[mpc_node-2] cc -fPIC -std=c99   -O2 -I/home/shirui/acados/include -I/home/shirui/acados/include/acados -I/home/shirui/acados/include/blasfeo/include -I/home/shirui/acados/include/hpipm/include  -c -o di_mpc_i0_m4_cost/di_mpc_i0_m4_cost_y_e_fun_jac_ut_xt.o di_mpc_i0_m4_cost/di_mpc_i0_m4_cost_y_e_fun_jac_ut_xt.c
[mpc_node-6] cc -fPIC -std=c99   -O2 -I/home/shirui/acados/include -I/home/shirui/acados/include/acados -I/home/shirui/acados/include/blasfeo/include -I/home/shirui/acados/include/hpipm/include  -c -o acados_solver_di_mpc_i4_m1.o acados_solver_di_mpc_i4_m1.c
[mpc_node-2] cc -fPIC -std=c99   -O2 -I/home/shirui/acados/include -I/home/shirui/acados/include/acados -I/home/shirui/acados/include/blasfeo/include -I/home/shirui/acados/include/hpipm/include  -c -o di_mpc_i0_m4_cost/di_mpc_i0_m4_cost_y_e_hess.o di_mpc_i0_m4_cost/di_mpc_i0_m4_cost_y_e_hess.c
[mpc_node-2] cc -fPIC -std=c99   -O2 -I/home/shirui/acados/include -I/home/shirui/acados/include/acados -I/home/shirui/acados/include/blasfeo/include -I/home/shirui/acados/include/hpipm/include  -c -o acados_solver_di_mpc_i0_m4.o acados_solver_di_mpc_i0_m4.c
[mpc_node-5] cc -fPIC -std=c99   -O2 -I/home/shirui/acados/include -I/home/shirui/acados/include/acados -I/home/shirui/acados/include/blasfeo/include -I/home/shirui/acados/include/hpipm/include  -c -o di_mpc_i3_m1_model/di_mpc_i3_m1_expl_ode_fun.o di_mpc_i3_m1_model/di_mpc_i3_m1_expl_ode_fun.c
[mpc_node-4] cc -fPIC -std=c99   -O2 -I/home/shirui/acados/include -I/home/shirui/acados/include/acados -I/home/shirui/acados/include/blasfeo/include -I/home/shirui/acados/include/hpipm/include  -c -o di_mpc_i2_m1_model/di_mpc_i2_m1_expl_ode_fun.o di_mpc_i2_m1_model/di_mpc_i2_m1_expl_ode_fun.c
[mpc_node-5] cc -fPIC -std=c99   -O2 -I/home/shirui/acados/include -I/home/shirui/acados/include/acados -I/home/shirui/acados/include/blasfeo/include -I/home/shirui/acados/include/hpipm/include  -c -o di_mpc_i3_m1_model/di_mpc_i3_m1_expl_vde_forw.o di_mpc_i3_m1_model/di_mpc_i3_m1_expl_vde_forw.c
[mpc_node-3] cc -fPIC -std=c99   -O2 -I/home/shirui/acados/include -I/home/shirui/acados/include/acados -I/home/shirui/acados/include/blasfeo/include -I/home/shirui/acados/include/hpipm/include  -c -o di_mpc_i1_m1_model/di_mpc_i1_m1_expl_ode_fun.o di_mpc_i1_m1_model/di_mpc_i1_m1_expl_ode_fun.c
[mpc_node-4] cc -fPIC -std=c99   -O2 -I/home/shirui/acados/include -I/home/shirui/acados/include/acados -I/home/shirui/acados/include/blasfeo/include -I/home/shirui/acados/include/hpipm/include  -c -o di_mpc_i2_m1_model/di_mpc_i2_m1_expl_vde_forw.o di_mpc_i2_m1_model/di_mpc_i2_m1_expl_vde_forw.c
[mpc_node-3] cc -fPIC -std=c99   -O2 -I/home/shirui/acados/include -I/home/shirui/acados/include/acados -I/home/shirui/acados/include/blasfeo/include -I/home/shirui/acados/include/hpipm/include  -c -o di_mpc_i1_m1_model/di_mpc_i1_m1_expl_vde_forw.o di_mpc_i1_m1_model/di_mpc_i1_m1_expl_vde_forw.c
[mpc_node-6] cc -fPIC -std=c99   -O2 -I/home/shirui/acados/include -I/home/shirui/acados/include/acados -I/home/shirui/acados/include/blasfeo/include -I/home/shirui/acados/include/hpipm/include  -c -o di_mpc_i4_m1_model/di_mpc_i4_m1_expl_ode_fun.o di_mpc_i4_m1_model/di_mpc_i4_m1_expl_ode_fun.c
[mpc_node-5] cc -fPIC -std=c99   -O2 -I/home/shirui/acados/include -I/home/shirui/acados/include/acados -I/home/shirui/acados/include/blasfeo/include -I/home/shirui/acados/include/hpipm/include  -c -o di_mpc_i3_m1_model/di_mpc_i3_m1_expl_vde_adj.o di_mpc_i3_m1_model/di_mpc_i3_m1_expl_vde_adj.c
[mpc_node-4] cc -fPIC -std=c99   -O2 -I/home/shirui/acados/include -I/home/shirui/acados/include/acados -I/home/shirui/acados/include/blasfeo/include -I/home/shirui/acados/include/hpipm/include  -c -o di_mpc_i2_m1_model/di_mpc_i2_m1_expl_vde_adj.o di_mpc_i2_m1_model/di_mpc_i2_m1_expl_vde_adj.c
[mpc_node-5] cc -shared di_mpc_i3_m1_cost/di_mpc_i3_m1_cost_y_0_fun.o di_mpc_i3_m1_cost/di_mpc_i3_m1_cost_y_0_fun_jac_ut_xt.o di_mpc_i3_m1_cost/di_mpc_i3_m1_cost_y_0_hess.o di_mpc_i3_m1_cost/di_mpc_i3_m1_cost_y_fun.o di_mpc_i3_m1_cost/di_mpc_i3_m1_cost_y_fun_jac_ut_xt.o di_mpc_i3_m1_cost/di_mpc_i3_m1_cost_y_hess.o di_mpc_i3_m1_cost/di_mpc_i3_m1_cost_y_e_fun.o di_mpc_i3_m1_cost/di_mpc_i3_m1_cost_y_e_fun_jac_ut_xt.o di_mpc_i3_m1_cost/di_mpc_i3_m1_cost_y_e_hess.o acados_solver_di_mpc_i3_m1.o di_mpc_i3_m1_model/di_mpc_i3_m1_expl_ode_fun.o di_mpc_i3_m1_model/di_mpc_i3_m1_expl_vde_forw.o di_mpc_i3_m1_model/di_mpc_i3_m1_expl_vde_adj.o -o libacados_ocp_solver_di_mpc_i3_m1.so -L/home/shirui/acados/lib -lacados -lhpipm -lblasfeo -lm \
[mpc_node-5] -L -l
[mpc_node-6] cc -fPIC -std=c99   -O2 -I/home/shirui/acados/include -I/home/shirui/acados/include/acados -I/home/shirui/acados/include/blasfeo/include -I/home/shirui/acados/include/hpipm/include  -c -o di_mpc_i4_m1_model/di_mpc_i4_m1_expl_vde_forw.o di_mpc_i4_m1_model/di_mpc_i4_m1_expl_vde_forw.c
[mpc_node-3] cc -fPIC -std=c99   -O2 -I/home/shirui/acados/include -I/home/shirui/acados/include/acados -I/home/shirui/acados/include/blasfeo/include -I/home/shirui/acados/include/hpipm/include  -c -o di_mpc_i1_m1_model/di_mpc_i1_m1_expl_vde_adj.o di_mpc_i1_m1_model/di_mpc_i1_m1_expl_vde_adj.c
[mpc_node-4] cc -shared di_mpc_i2_m1_cost/di_mpc_i2_m1_cost_y_0_fun.o di_mpc_i2_m1_cost/di_mpc_i2_m1_cost_y_0_fun_jac_ut_xt.o di_mpc_i2_m1_cost/di_mpc_i2_m1_cost_y_0_hess.o di_mpc_i2_m1_cost/di_mpc_i2_m1_cost_y_fun.o di_mpc_i2_m1_cost/di_mpc_i2_m1_cost_y_fun_jac_ut_xt.o di_mpc_i2_m1_cost/di_mpc_i2_m1_cost_y_hess.o di_mpc_i2_m1_cost/di_mpc_i2_m1_cost_y_e_fun.o di_mpc_i2_m1_cost/di_mpc_i2_m1_cost_y_e_fun_jac_ut_xt.o di_mpc_i2_m1_cost/di_mpc_i2_m1_cost_y_e_hess.o acados_solver_di_mpc_i2_m1.o di_mpc_i2_m1_model/di_mpc_i2_m1_expl_ode_fun.o di_mpc_i2_m1_model/di_mpc_i2_m1_expl_vde_forw.o di_mpc_i2_m1_model/di_mpc_i2_m1_expl_vde_adj.o -o libacados_ocp_solver_di_mpc_i2_m1.so -L/home/shirui/acados/lib -lacados -lhpipm -lblasfeo -lm \
[mpc_node-4] -L -l
[mpc_node-2] cc -fPIC -std=c99   -O2 -I/home/shirui/acados/include -I/home/shirui/acados/include/acados -I/home/shirui/acados/include/blasfeo/include -I/home/shirui/acados/include/hpipm/include  -c -o di_mpc_i0_m4_model/di_mpc_i0_m4_expl_ode_fun.o di_mpc_i0_m4_model/di_mpc_i0_m4_expl_ode_fun.c
[mpc_node-5] [INFO] [1783590153.678939453] [px4_3.mpc_node_3]: acados OCP ready. model = double-integrator (v_dot=u, publish x_pred[1]) [legacy]
[mpc_node-5] [INFO] [1783590153.679140054] [px4_3.mpc_node_3]: safety_filter ON: track<12.0m alt[0.3,8.0]m d_emerg=1.2m d_warn=2.0m self_timeout=0.3s
[mpc_node-3] cc -shared di_mpc_i1_m1_cost/di_mpc_i1_m1_cost_y_0_fun.o di_mpc_i1_m1_cost/di_mpc_i1_m1_cost_y_0_fun_jac_ut_xt.o di_mpc_i1_m1_cost/di_mpc_i1_m1_cost_y_0_hess.o di_mpc_i1_m1_cost/di_mpc_i1_m1_cost_y_fun.o di_mpc_i1_m1_cost/di_mpc_i1_m1_cost_y_fun_jac_ut_xt.o di_mpc_i1_m1_cost/di_mpc_i1_m1_cost_y_hess.o di_mpc_i1_m1_cost/di_mpc_i1_m1_cost_y_e_fun.o di_mpc_i1_m1_cost/di_mpc_i1_m1_cost_y_e_fun_jac_ut_xt.o di_mpc_i1_m1_cost/di_mpc_i1_m1_cost_y_e_hess.o acados_solver_di_mpc_i1_m1.o di_mpc_i1_m1_model/di_mpc_i1_m1_expl_ode_fun.o di_mpc_i1_m1_model/di_mpc_i1_m1_expl_vde_forw.o di_mpc_i1_m1_model/di_mpc_i1_m1_expl_vde_adj.o -o libacados_ocp_solver_di_mpc_i1_m1.so -L/home/shirui/acados/lib -lacados -lhpipm -lblasfeo -lm \
[mpc_node-3] -L -l
[mpc_node-5] [INFO] [1783590153.684256556] [px4_3.mpc_node_3]: mpc_controller drone 3 ready. birth=[ 3.5 -0.6  0. ], r_i0=[3. 0. 0.], neighbours=[0]
[mpc_node-6] cc -fPIC -std=c99   -O2 -I/home/shirui/acados/include -I/home/shirui/acados/include/acados -I/home/shirui/acados/include/blasfeo/include -I/home/shirui/acados/include/hpipm/include  -c -o di_mpc_i4_m1_model/di_mpc_i4_m1_expl_vde_adj.o di_mpc_i4_m1_model/di_mpc_i4_m1_expl_vde_adj.c
[mpc_node-4] [INFO] [1783590153.691422821] [px4_2.mpc_node_2]: acados OCP ready. model = double-integrator (v_dot=u, publish x_pred[1]) [legacy]
[mpc_node-4] [INFO] [1783590153.691604585] [px4_2.mpc_node_2]: safety_filter ON: track<12.0m alt[0.3,8.0]m d_emerg=1.2m d_warn=2.0m self_timeout=0.3s
[mpc_node-2] cc -fPIC -std=c99   -O2 -I/home/shirui/acados/include -I/home/shirui/acados/include/acados -I/home/shirui/acados/include/blasfeo/include -I/home/shirui/acados/include/hpipm/include  -c -o di_mpc_i0_m4_model/di_mpc_i0_m4_expl_vde_forw.o di_mpc_i0_m4_model/di_mpc_i0_m4_expl_vde_forw.c
[mpc_node-4] [INFO] [1783590153.696328115] [px4_2.mpc_node_2]: mpc_controller drone 2 ready. birth=[-0.7 -2.6  0. ], r_i0=[ 0. -3.  0.], neighbours=[0]
[mpc_node-3] [INFO] [1783590153.697815006] [px4_1.mpc_node_1]: acados OCP ready. model = double-integrator (v_dot=u, publish x_pred[1]) [legacy]
[mpc_node-3] [INFO] [1783590153.697987529] [px4_1.mpc_node_1]: safety_filter ON: track<12.0m alt[0.3,8.0]m d_emerg=1.2m d_warn=2.0m self_timeout=0.3s
[mpc_node-3] [INFO] [1783590153.703917412] [px4_1.mpc_node_1]: mpc_controller drone 1 ready. birth=[0.5 3.4 0. ], r_i0=[0. 3. 0.], neighbours=[0]
[mpc_node-6] cc -shared di_mpc_i4_m1_cost/di_mpc_i4_m1_cost_y_0_fun.o di_mpc_i4_m1_cost/di_mpc_i4_m1_cost_y_0_fun_jac_ut_xt.o di_mpc_i4_m1_cost/di_mpc_i4_m1_cost_y_0_hess.o di_mpc_i4_m1_cost/di_mpc_i4_m1_cost_y_fun.o di_mpc_i4_m1_cost/di_mpc_i4_m1_cost_y_fun_jac_ut_xt.o di_mpc_i4_m1_cost/di_mpc_i4_m1_cost_y_hess.o di_mpc_i4_m1_cost/di_mpc_i4_m1_cost_y_e_fun.o di_mpc_i4_m1_cost/di_mpc_i4_m1_cost_y_e_fun_jac_ut_xt.o di_mpc_i4_m1_cost/di_mpc_i4_m1_cost_y_e_hess.o acados_solver_di_mpc_i4_m1.o di_mpc_i4_m1_model/di_mpc_i4_m1_expl_ode_fun.o di_mpc_i4_m1_model/di_mpc_i4_m1_expl_vde_forw.o di_mpc_i4_m1_model/di_mpc_i4_m1_expl_vde_adj.o -o libacados_ocp_solver_di_mpc_i4_m1.so -L/home/shirui/acados/lib -lacados -lhpipm -lblasfeo -lm \
[mpc_node-6] -L -l
[mpc_node-2] cc -fPIC -std=c99   -O2 -I/home/shirui/acados/include -I/home/shirui/acados/include/acados -I/home/shirui/acados/include/blasfeo/include -I/home/shirui/acados/include/hpipm/include  -c -o di_mpc_i0_m4_model/di_mpc_i0_m4_expl_vde_adj.o di_mpc_i0_m4_model/di_mpc_i0_m4_expl_vde_adj.c
[mpc_node-6] [INFO] [1783590153.725972183] [px4_4.mpc_node_4]: acados OCP ready. model = double-integrator (v_dot=u, publish x_pred[1]) [legacy]
[mpc_node-6] [INFO] [1783590153.726150809] [px4_4.mpc_node_4]: safety_filter ON: track<12.0m alt[0.3,8.0]m d_emerg=1.2m d_warn=2.0m self_timeout=0.3s
[mpc_node-6] [INFO] [1783590153.730251990] [px4_4.mpc_node_4]: mpc_controller drone 4 ready. birth=[-3.5 -0.8  0. ], r_i0=[-3.  0.  0.], neighbours=[0]
[mpc_node-2] cc -shared di_mpc_i0_m4_cost/di_mpc_i0_m4_cost_y_0_fun.o di_mpc_i0_m4_cost/di_mpc_i0_m4_cost_y_0_fun_jac_ut_xt.o di_mpc_i0_m4_cost/di_mpc_i0_m4_cost_y_0_hess.o di_mpc_i0_m4_cost/di_mpc_i0_m4_cost_y_fun.o di_mpc_i0_m4_cost/di_mpc_i0_m4_cost_y_fun_jac_ut_xt.o di_mpc_i0_m4_cost/di_mpc_i0_m4_cost_y_hess.o di_mpc_i0_m4_cost/di_mpc_i0_m4_cost_y_e_fun.o di_mpc_i0_m4_cost/di_mpc_i0_m4_cost_y_e_fun_jac_ut_xt.o di_mpc_i0_m4_cost/di_mpc_i0_m4_cost_y_e_hess.o acados_solver_di_mpc_i0_m4.o di_mpc_i0_m4_model/di_mpc_i0_m4_expl_ode_fun.o di_mpc_i0_m4_model/di_mpc_i0_m4_expl_vde_forw.o di_mpc_i0_m4_model/di_mpc_i0_m4_expl_vde_adj.o -o libacados_ocp_solver_di_mpc_i0_m4.so -L/home/shirui/acados/lib -lacados -lhpipm -lblasfeo -lm \
[mpc_node-2] -L -l
[mpc_node-2] [INFO] [1783590153.760008713] [px4_0.mpc_node_0]: acados OCP ready. model = double-integrator (v_dot=u, publish x_pred[1]) [legacy]
[mpc_node-2] [INFO] [1783590153.760187823] [px4_0.mpc_node_0]: safety_filter ON: track<12.0m alt[0.3,8.0]m d_emerg=1.2m d_warn=2.0m self_timeout=0.3s
[mpc_node-2] [INFO] [1783590153.767927362] [px4_0.mpc_node_0]: mpc_controller drone 0 ready. birth=[1.  0.8 0. ], r_i0=[0. 0. 0.], neighbours=[1, 2, 3, 4]
[mpc_node-5] [INFO] [1783590153.993295913] [px4_3.mpc_node_3]: [veh 3] alt_sync disabled, using birth_z=0.00
[mpc_node-5] [INFO] [1783590153.993442224] [px4_3.mpc_node_3]: first position from drone 3 (calibrated [STABLE] after 40 frames, spread=(0.017,0.014,0.007)): local_mean=(-0.20, -0.06, -0.37) world_birth=(3.70, -0.54, 0.00)
[mpc_node-5] [INFO] [1783590153.997030828] [px4_3.mpc_node_3]: [veh 0] alt_sync disabled, using birth_z=0.00
[mpc_node-5] [INFO] [1783590153.997170133] [px4_3.mpc_node_3]: first position from drone 0 (calibrated [STABLE] after 40 frames, spread=(0.003,0.005,0.023)): local_mean=(0.28, 0.27, 0.70) world_birth=(0.72, 0.53, 0.00)
[mpc_node-4] [INFO] [1783590154.005016033] [px4_2.mpc_node_2]: [veh 0] alt_sync disabled, using birth_z=0.00
[mpc_node-4] [INFO] [1783590154.005163058] [px4_2.mpc_node_2]: first position from drone 0 (calibrated [STABLE] after 40 frames, spread=(0.003,0.005,0.022)): local_mean=(0.28, 0.27, 0.70) world_birth=(0.72, 0.53, 0.00)
[mpc_node-4] [INFO] [1783590154.009274785] [px4_2.mpc_node_2]: [veh 2] alt_sync disabled, using birth_z=0.00
[mpc_node-4] [INFO] [1783590154.009411434] [px4_2.mpc_node_2]: first position from drone 2 (calibrated [STABLE] after 40 frames, spread=(0.022,0.017,0.014)): local_mean=(-0.07, 0.07, -0.51) world_birth=(-0.63, -2.67, 0.00)
[mpc_node-3] [INFO] [1783590154.013103577] [px4_1.mpc_node_1]: [veh 0] alt_sync disabled, using birth_z=0.00
[mpc_node-3] [INFO] [1783590154.013245621] [px4_1.mpc_node_1]: first position from drone 0 (calibrated [STABLE] after 40 frames, spread=(0.003,0.005,0.021)): local_mean=(0.28, 0.27, 0.70) world_birth=(0.72, 0.53, 0.00)
[mpc_node-6] [INFO] [1783590154.045425170] [px4_4.mpc_node_4]: [veh 0] alt_sync disabled, using birth_z=0.00
[mpc_node-6] [INFO] [1783590154.045578751] [px4_4.mpc_node_4]: first position from drone 0 (calibrated [STABLE] after 40 frames, spread=(0.007,0.006,0.017)): local_mean=(0.27, 0.27, 0.70) world_birth=(0.73, 0.53, 0.00)
[mpc_node-2] [INFO] [1783590154.077244086] [px4_0.mpc_node_0]: [veh 0] alt_sync disabled, using birth_z=0.00
[mpc_node-2] [INFO] [1783590154.077393343] [px4_0.mpc_node_0]: first position from drone 0 (calibrated [STABLE] after 40 frames, spread=(0.010,0.006,0.013)): local_mean=(0.27, 0.27, 0.70) world_birth=(0.73, 0.53, 0.00)
[mpc_node-2] [INFO] [1783590154.078263846] [px4_0.mpc_node_0]: [veh 2] alt_sync disabled, using birth_z=0.00
[mpc_node-2] [INFO] [1783590154.078394562] [px4_0.mpc_node_0]: first position from drone 2 (calibrated [STABLE] after 40 frames, spread=(0.019,0.017,0.010)): local_mean=(-0.07, 0.07, -0.51) world_birth=(-0.63, -2.67, 0.00)
[mpc_node-2] [INFO] [1783590154.080459026] [px4_0.mpc_node_0]: [veh 4] alt_sync disabled, using birth_z=0.00
[mpc_node-2] [INFO] [1783590154.080579429] [px4_0.mpc_node_0]: first position from drone 4 (calibrated [STABLE] after 40 frames, spread=(0.009,0.002,0.006)): local_mean=(0.06, 0.24, 0.48) world_birth=(-3.56, -1.04, 0.00)
[mpc_node-3] [INFO] [1783590154.081055846] [px4_1.mpc_node_1]: [veh 1] alt_sync disabled, using birth_z=0.00
[mpc_node-3] [INFO] [1783590154.081197090] [px4_1.mpc_node_1]: first position from drone 1 (calibrated [STABLE] after 48 frames, spread=(0.023,0.007,0.050)): local_mean=(0.06, 0.26, -0.24) world_birth=(0.44, 3.14, 0.00)
[mpc_node-2] [INFO] [1783590154.081615234] [px4_0.mpc_node_0]: [veh 1] alt_sync disabled, using birth_z=0.00
[mpc_node-2] [INFO] [1783590154.081738588] [px4_0.mpc_node_0]: first position from drone 1 (calibrated [STABLE] after 40 frames, spread=(0.023,0.007,0.050)): local_mean=(0.06, 0.26, -0.24) world_birth=(0.44, 3.14, 0.00)
[mpc_node-2] [INFO] [1783590154.082262829] [px4_0.mpc_node_0]: [veh 3] alt_sync disabled, using birth_z=0.00
[mpc_node-2] [INFO] [1783590154.082383509] [px4_0.mpc_node_0]: first position from drone 3 (calibrated [STABLE] after 40 frames, spread=(0.011,0.011,0.006)): local_mean=(-0.21, -0.06, -0.37) world_birth=(3.71, -0.54, 0.00)
[mpc_node-6] [INFO] [1783590155.615358174] [px4_4.mpc_node_4]: [veh 4] alt_sync disabled, using birth_z=0.00
[mpc_node-6] [INFO] [1783590155.615510017] [px4_4.mpc_node_4]: first position from drone 4 (calibrated [STABLE] after 40 frames, spread=(0.017,0.004,0.020)): local_mean=(0.01, 0.25, 0.40) world_birth=(-3.51, -1.05, 0.00)
[mpc_node-5] [INFO] [1783590155.704564036] [px4_3.mpc_node_3]: drone 3: retry ARM+OFFBOARD (nav=4, arm=1) frame=1
[mpc_node-4] [INFO] [1783590155.716731050] [px4_2.mpc_node_2]: drone 2: retry ARM+OFFBOARD (nav=4, arm=1) frame=1
[mpc_node-3] [INFO] [1783590155.724022825] [px4_1.mpc_node_1]: drone 1: retry ARM+OFFBOARD (nav=4, arm=1) frame=1
[mpc_node-6] [INFO] [1783590155.751161119] [px4_4.mpc_node_4]: drone 4: retry ARM+OFFBOARD (nav=4, arm=1) frame=1
[mpc_node-2] [INFO] [1783590155.788134815] [px4_0.mpc_node_0]: drone 0: retry ARM+OFFBOARD (nav=4, arm=1) frame=1
[mpc_node-5] [INFO] [1783590156.704543786] [px4_3.mpc_node_3]: drone 3: OFFBOARD + ARMED confirmed
[mpc_node-4] [INFO] [1783590156.716458677] [px4_2.mpc_node_2]: drone 2: OFFBOARD + ARMED confirmed
[mpc_node-3] [INFO] [1783590156.724065466] [px4_1.mpc_node_1]: drone 1: OFFBOARD + ARMED confirmed
[mpc_node-5] [WARN] [1783590156.727161530] [px4_3.mpc_node_3]: DEBUG d3: x0=(3.60,-0.61,-0.37) ref0=(3.00,0.00,-5.00) pred1=(3.60,-0.61,-0.38) leader=(0.00,0.00,-5.00)
[mpc_node-4] [WARN] [1783590156.737749420] [px4_2.mpc_node_2]: DEBUG d2: x0=(-0.72,-2.59,-0.48) ref0=(0.00,-3.00,-5.00) pred1=(-0.72,-2.58,-0.48) leader=(0.00,0.00,-5.00)
[mpc_node-3] [WARN] [1783590156.745442319] [px4_1.mpc_node_1]: DEBUG d1: x0=(0.50,3.44,-0.28) ref0=(0.00,3.00,-5.00) pred1=(0.49,3.44,-0.28) leader=(0.00,0.00,-5.00)
[mpc_node-5] [WARN] [1783590156.746754995] [px4_3.mpc_node_3]: DEBUG d3: x0=(3.60,-0.61,-0.37) ref0=(3.00,0.00,-5.00) pred1=(3.60,-0.60,-0.38) leader=(0.00,0.00,-5.00)
[mpc_node-6] [INFO] [1783590156.751113348] [px4_4.mpc_node_4]: drone 4: OFFBOARD + ARMED confirmed
[mpc_node-4] [WARN] [1783590156.757412108] [px4_2.mpc_node_2]: DEBUG d2: x0=(-0.72,-2.58,-0.48) ref0=(0.00,-3.00,-5.00) pred1=(-0.71,-2.59,-0.48) leader=(0.00,0.00,-5.00)
[mpc_node-3] [WARN] [1783590156.765140249] [px4_1.mpc_node_1]: DEBUG d1: x0=(0.50,3.44,-0.28) ref0=(0.00,3.00,-5.00) pred1=(0.50,3.44,-0.28) leader=(0.00,0.00,-5.00)
[mpc_node-5] [WARN] [1783590156.765327565] [px4_3.mpc_node_3]: DEBUG d3: x0=(3.60,-0.61,-0.37) ref0=(3.00,0.00,-5.00) pred1=(3.59,-0.60,-0.38) leader=(0.00,0.00,-5.00)
[mpc_node-6] [WARN] [1783590156.773018565] [px4_4.mpc_node_4]: DEBUG d4: x0=(-3.52,-0.85,0.43) ref0=(-3.00,0.00,-5.00) pred1=(-3.52,-0.85,0.42) leader=(0.00,0.00,-5.00)
[mpc_node-4] [WARN] [1783590156.777121656] [px4_2.mpc_node_2]: DEBUG d2: x0=(-0.72,-2.58,-0.48) ref0=(0.00,-3.00,-5.00) pred1=(-0.71,-2.59,-0.48) leader=(0.00,0.00,-5.00)
[mpc_node-3] [WARN] [1783590156.784791529] [px4_1.mpc_node_1]: DEBUG d1: x0=(0.50,3.44,-0.28) ref0=(0.00,3.00,-5.00) pred1=(0.50,3.44,-0.28) leader=(0.00,0.00,-5.00)
[mpc_node-5] [WARN] [1783590156.786168178] [px4_3.mpc_node_3]: DEBUG d3: x0=(3.59,-0.61,-0.37) ref0=(3.00,0.00,-5.00) pred1=(3.59,-0.60,-0.38) leader=(0.00,0.00,-5.00)
[mpc_node-2] [INFO] [1783590156.788392365] [px4_0.mpc_node_0]: drone 0: OFFBOARD + ARMED confirmed
[mpc_node-6] [WARN] [1783590156.792810472] [px4_4.mpc_node_4]: DEBUG d4: x0=(-3.52,-0.85,0.43) ref0=(-3.00,0.00,-5.00) pred1=(-3.52,-0.85,0.42) leader=(0.00,0.00,-5.00)
[mpc_node-4] [WARN] [1783590156.797798161] [px4_2.mpc_node_2]: DEBUG d2: x0=(-0.72,-2.58,-0.48) ref0=(0.00,-3.00,-5.00) pred1=(-0.71,-2.58,-0.48) leader=(0.00,0.00,-5.00)
[mpc_node-3] [WARN] [1783590156.804795335] [px4_1.mpc_node_1]: DEBUG d1: x0=(0.50,3.44,-0.28) ref0=(0.00,3.00,-5.00) pred1=(0.50,3.44,-0.28) leader=(0.00,0.00,-5.00)
[mpc_node-5] [WARN] [1783590156.806916623] [px4_3.mpc_node_3]: DEBUG d3: x0=(3.59,-0.61,-0.37) ref0=(3.00,0.00,-5.00) pred1=(3.59,-0.60,-0.38) leader=(0.00,0.00,-5.00)
[mpc_node-2] [WARN] [1783590156.809877932] [px4_0.mpc_node_0]: DEBUG d0: x0=(0.95,0.77,0.59) ref0=(0.00,0.00,-5.00) pred1=(0.94,0.76,0.58) leader=(0.00,0.00,-5.00)
[mpc_node-6] [WARN] [1783590156.812708244] [px4_4.mpc_node_4]: DEBUG d4: x0=(-3.52,-0.86,0.43) ref0=(-3.00,0.00,-5.00) pred1=(-3.52,-0.85,0.42) leader=(0.00,0.00,-5.00)
[mpc_node-4] [WARN] [1783590156.817189466] [px4_2.mpc_node_2]: DEBUG d2: x0=(-0.72,-2.58,-0.48) ref0=(0.00,-3.00,-5.00) pred1=(-0.71,-2.58,-0.48) leader=(0.00,0.00,-5.00)
[mpc_node-3] [WARN] [1783590156.825139208] [px4_1.mpc_node_1]: DEBUG d1: x0=(0.50,3.44,-0.28) ref0=(0.00,3.00,-5.00) pred1=(0.50,3.44,-0.28) leader=(0.00,0.00,-5.00)
[mpc_node-2] [WARN] [1783590156.829978188] [px4_0.mpc_node_0]: DEBUG d0: x0=(0.94,0.77,0.59) ref0=(0.00,0.00,-5.00) pred1=(0.94,0.76,0.59) leader=(0.00,0.00,-5.00)
[mpc_node-6] [WARN] [1783590156.832319747] [px4_4.mpc_node_4]: DEBUG d4: x0=(-3.52,-0.86,0.43) ref0=(-3.00,0.00,-5.00) pred1=(-3.52,-0.85,0.43) leader=(0.00,0.00,-5.00)
[mpc_node-2] [WARN] [1783590156.849760654] [px4_0.mpc_node_0]: DEBUG d0: x0=(0.94,0.77,0.59) ref0=(0.00,0.00,-5.00) pred1=(0.94,0.76,0.59) leader=(0.00,0.00,-5.00)
[mpc_node-6] [WARN] [1783590156.852797444] [px4_4.mpc_node_4]: DEBUG d4: x0=(-3.53,-0.86,0.43) ref0=(-3.00,0.00,-5.00) pred1=(-3.52,-0.86,0.43) leader=(0.00,0.00,-5.00)
[mpc_node-2] [WARN] [1783590156.869894283] [px4_0.mpc_node_0]: DEBUG d0: x0=(0.94,0.77,0.59) ref0=(0.00,0.00,-5.00) pred1=(0.94,0.76,0.59) leader=(0.00,0.00,-5.00)
[mpc_node-2] [WARN] [1783590156.890470859] [px4_0.mpc_node_0]: DEBUG d0: x0=(0.94,0.77,0.59) ref0=(0.00,0.00,-5.00) pred1=(0.94,0.76,0.59) leader=(0.00,0.00,-5.00)
[mpc_node-5] [INFO] [1783590157.706563113] [px4_3.mpc_node_3]: [d3] solve: status=0 time=0.23ms cost=79.0 pos=(3.56,-0.60,-0.36) local=(-0.14,-0.06,-0.36) wbirth=(3.70,-0.54,0.00) ref=(3.00,0.00) leader=(0.00,0.00) fallbacks=0
[mpc_node-4] [INFO] [1783590157.718022045] [px4_2.mpc_node_2]: [d2] solve: status=0 time=0.25ms cost=69.7 pos=(-0.72,-2.58,-0.58) local=(-0.09,0.09,-0.58) wbirth=(-0.63,-2.67,0.00) ref=(0.00,-3.00) leader=(0.00,0.00) fallbacks=0
[mpc_node-3] [INFO] [1783590157.726906554] [px4_1.mpc_node_1]: [d1] solve: status=0 time=0.22ms cost=83.2 pos=(0.50,3.44,-0.26) local=(0.06,0.31,-0.26) wbirth=(0.44,3.14,0.00) ref=(0.00,3.00) leader=(0.00,0.00) fallbacks=0
[mpc_node-6] [INFO] [1783590157.751750549] [px4_4.mpc_node_4]: [d4] solve: status=0 time=0.22ms cost=120.1 pos=(-3.55,-0.89,0.44) local=(-0.05,0.16,0.44) wbirth=(-3.51,-1.05,0.00) ref=(-3.00,0.00) leader=(0.00,0.00) fallbacks=0
[mpc_node-2] [INFO] [1783590157.789642065] [px4_0.mpc_node_0]: [d0] solve: status=0 time=0.26ms cost=130.7 pos=(0.98,0.75,0.61) local=(0.25,0.21,0.61) wbirth=(0.73,0.53,0.00) ref=(0.00,0.00) leader=(0.00,0.00) fallbacks=0
[mpc_node-5] [INFO] [1783590158.707018082] [px4_3.mpc_node_3]: [d3] solve: status=0 time=0.23ms cost=77.7 pos=(3.61,-0.57,-0.39) local=(-0.09,-0.03,-0.39) wbirth=(3.70,-0.54,0.00) ref=(3.00,0.00) leader=(0.00,0.00) fallbacks=0
[mpc_node-4] [INFO] [1783590158.718328818] [px4_2.mpc_node_2]: [d2] solve: status=0 time=0.25ms cost=68.9 pos=(-0.71,-2.59,-0.59) local=(-0.08,0.08,-0.59) wbirth=(-0.63,-2.67,0.00) ref=(0.00,-3.00) leader=(0.00,0.00) fallbacks=0
[mpc_node-3] [INFO] [1783590158.724830477] [px4_1.mpc_node_1]: [d1] solve: status=0 time=0.23ms cost=83.1 pos=(0.51,3.43,-0.26) local=(0.07,0.30,-0.26) wbirth=(0.44,3.14,0.00) ref=(0.00,3.00) leader=(0.00,0.00) fallbacks=0
[mpc_node-6] [INFO] [1783590158.751339290] [px4_4.mpc_node_4]: [d4] solve: status=0 time=0.27ms cost=118.4 pos=(-3.54,-0.85,0.41) local=(-0.04,0.19,0.41) wbirth=(-3.51,-1.05,0.00) ref=(-3.00,0.00) leader=(0.00,0.00) fallbacks=0
[mpc_node-2] [INFO] [1783590158.789093873] [px4_0.mpc_node_0]: [d0] solve: status=0 time=0.23ms cost=132.6 pos=(0.95,0.74,0.64) local=(0.23,0.21,0.64) wbirth=(0.73,0.53,0.00) ref=(0.00,0.00) leader=(0.00,0.00) fallbacks=0
[mpc_node-5] [INFO] [1783590159.706593333] [px4_3.mpc_node_3]: [d3] solve: status=0 time=0.22ms cost=60.1 pos=(3.47,-0.45,-0.60) local=(-0.24,0.09,-0.60) wbirth=(3.70,-0.54,0.00) ref=(3.00,0.00) leader=(0.00,0.00) fallbacks=0
[mpc_node-4] [INFO] [1783590159.718153091] [px4_2.mpc_node_2]: [d2] solve: status=0 time=0.23ms cost=51.9 pos=(-0.48,-2.63,-0.84) local=(0.15,0.05,-0.84) wbirth=(-0.63,-2.67,0.00) ref=(0.00,-3.00) leader=(0.00,0.00) fallbacks=0
[mpc_node-3] [INFO] [1783590159.726637353] [px4_1.mpc_node_1]: [d1] solve: status=0 time=0.25ms cost=63.7 pos=(0.47,3.28,-0.52) local=(0.03,0.15,-0.52) wbirth=(0.44,3.14,0.00) ref=(0.00,3.00) leader=(0.00,0.00) fallbacks=0
[mpc_node-6] [INFO] [1783590159.752414079] [px4_4.mpc_node_4]: [d4] solve: status=0 time=0.26ms cost=93.8 pos=(-3.31,-0.63,0.16) local=(0.19,0.42,0.16) wbirth=(-3.51,-1.05,0.00) ref=(-3.00,0.00) leader=(0.00,0.00) fallbacks=0
[mpc_node-2] [INFO] [1783590159.790850237] [px4_0.mpc_node_0]: [d0] solve: status=0 time=0.30ms cost=100.4 pos=(0.80,0.48,0.28) local=(0.08,-0.06,0.28) wbirth=(0.73,0.53,0.00) ref=(0.00,0.00) leader=(0.00,0.00) fallbacks=0
[mpc_node-5] [INFO] [1783590160.705561171] [px4_3.mpc_node_3]: [d3] solve: status=0 time=0.28ms cost=28.3 pos=(3.15,0.02,-1.58) local=(-0.55,0.56,-1.70) wbirth=(3.70,-0.54,0.12) ref=(3.00,0.00) leader=(0.00,0.00) fallbacks=0
[mpc_node-4] [INFO] [1783590160.717424027] [px4_2.mpc_node_2]: [d2] solve: status=0 time=0.23ms cost=26.8 pos=(-0.07,-2.87,-1.64) local=(0.56,-0.20,-1.80) wbirth=(-0.63,-2.67,0.16) ref=(0.00,-3.00) leader=(0.00,0.00) fallbacks=0
[mpc_node-3] [INFO] [1783590160.726864365] [px4_1.mpc_node_1]: [d1] solve: status=0 time=0.22ms cost=31.7 pos=(0.13,3.13,-1.44) local=(-0.31,-0.01,-1.53) wbirth=(0.44,3.14,0.10) ref=(0.00,3.00) leader=(0.00,0.00) fallbacks=0
[mpc_node-6] [INFO] [1783590160.751592553] [px4_4.mpc_node_4]: [d4] solve: status=0 time=0.27ms cost=68.5 pos=(-2.94,-0.22,-0.48) local=(0.57,0.83,-0.48) wbirth=(-3.51,-1.05,0.00) ref=(-3.00,0.00) leader=(0.00,0.00) fallbacks=0
[mpc_node-2] [INFO] [1783590160.790588724] [px4_0.mpc_node_0]: [d0] solve: status=0 time=0.23ms cost=73.4 pos=(0.29,0.26,-0.36) local=(-0.43,-0.27,-0.36) wbirth=(0.73,0.53,0.00) ref=(0.00,0.00) leader=(0.00,0.00) fallbacks=0
[mpc_node-2] [WARN] [1783590160.790847978] [px4_0.mpc_node_0]: [d0] SAFETY DEGRADED []
[mpc_node-5] [INFO] [1783590161.705930830] [px4_3.mpc_node_3]: [d3] solve: status=0 time=0.24ms cost=10.7 pos=(2.90,0.35,-2.60) local=(-0.81,0.89,-2.92) wbirth=(3.70,-0.54,0.32) ref=(3.00,0.00) leader=(0.00,0.00) fallbacks=0
[mpc_node-4] [INFO] [1783590161.717771460] [px4_2.mpc_node_2]: [d2] solve: status=0 time=0.29ms cost=10.0 pos=(0.18,-3.12,-2.64) local=(0.81,-0.44,-3.01) wbirth=(-0.63,-2.67,0.36) ref=(0.00,-3.00) leader=(0.00,0.00) fallbacks=0
[mpc_node-3] [INFO] [1783590161.726825870] [px4_1.mpc_node_1]: [d1] solve: status=0 time=0.28ms cost=11.2 pos=(-0.20,2.93,-2.54) local=(-0.64,-0.20,-2.83) wbirth=(0.44,3.14,0.30) ref=(0.00,3.00) leader=(0.00,0.00) fallbacks=0
[mpc_node-6] [INFO] [1783590161.751245721] [px4_4.mpc_node_4]: [d4] solve: status=0 time=0.22ms cost=31.3 pos=(-2.83,-0.14,-1.44) local=(0.67,0.91,-1.53) wbirth=(-3.51,-1.05,0.08) ref=(-3.00,0.00) leader=(0.00,0.00) fallbacks=0
[mpc_node-2] [INFO] [1783590161.789765518] [px4_0.mpc_node_0]: [d0] solve: status=0 time=0.26ms cost=41.1 pos=(0.13,0.17,-1.11) local=(-0.60,-0.36,-1.11) wbirth=(0.73,0.53,0.00) ref=(0.00,0.00) leader=(0.00,0.00) fallbacks=0
[mpc_node-5] [INFO] [1783590162.705901463] [px4_3.mpc_node_3]: [d3] solve: status=0 time=0.17ms cost=3.2 pos=(2.69,0.46,-3.72) local=(-1.01,1.00,-4.24) wbirth=(3.70,-0.54,0.52) ref=(3.00,0.00) leader=(0.00,0.00) fallbacks=0
[mpc_node-4] [INFO] [1783590162.718263479] [px4_2.mpc_node_2]: [d2] solve: status=0 time=0.20ms cost=3.0 pos=(0.38,-3.37,-3.76) local=(1.01,-0.70,-4.33) wbirth=(-0.63,-2.67,0.56) ref=(0.00,-3.00) leader=(0.00,0.00) fallbacks=0
[mpc_node-3] [INFO] [1783590162.726521120] [px4_1.mpc_node_1]: [d1] solve: status=0 time=0.20ms cost=3.4 pos=(-0.36,2.85,-3.60) local=(-0.80,-0.28,-4.10) wbirth=(0.44,3.14,0.50) ref=(0.00,3.00) leader=(0.00,0.00) fallbacks=0
[mpc_node-6] [INFO] [1783590162.752222204] [px4_4.mpc_node_4]: [d4] solve: status=0 time=0.34ms cost=9.1 pos=(-2.87,-0.02,-2.71) local=(0.63,1.02,-2.85) wbirth=(-3.51,-1.05,0.14) ref=(-3.00,0.00) leader=(0.00,0.00) fallbacks=0
[mpc_node-2] [INFO] [1783590162.790390280] [px4_0.mpc_node_0]: [d0] solve: status=0 time=0.28ms cost=12.0 pos=(-0.04,-0.01,-2.46) local=(-0.77,-0.55,-2.46) wbirth=(0.73,0.53,0.00) ref=(0.00,0.00) leader=(0.00,0.00) fallbacks=0
[leader_node-1] [INFO] [1783590163.605707147] [leader_node]: all drones formed up (pos_err < 0.80m), confirming for 30.0s...
[mpc_node-5] [INFO] [1783590163.705700386] [px4_3.mpc_node_3]: [d3] solve: status=0 time=0.17ms cost=0.9 pos=(2.75,0.37,-4.40) local=(-0.95,0.91,-5.13) wbirth=(3.70,-0.54,0.72) ref=(3.00,0.00) leader=(0.00,0.00) fallbacks=0
[mpc_node-4] [INFO] [1783590163.717733332] [px4_2.mpc_node_2]: [d2] solve: status=0 time=0.18ms cost=1.1 pos=(0.38,-3.42,-4.42) local=(1.01,-0.74,-5.18) wbirth=(-0.63,-2.67,0.76) ref=(0.00,-3.00) leader=(0.00,0.00) fallbacks=0
[mpc_node-3] [INFO] [1783590163.725887246] [px4_1.mpc_node_1]: [d1] solve: status=0 time=0.17ms cost=0.9 pos=(-0.33,2.83,-4.35) local=(-0.77,-0.31,-5.05) wbirth=(0.44,3.14,0.70) ref=(0.00,3.00) leader=(0.00,0.00) fallbacks=0
[mpc_node-6] [INFO] [1783590163.751747647] [px4_4.mpc_node_4]: [d4] solve: status=0 time=0.17ms cost=1.3 pos=(-2.91,0.00,-4.09) local=(0.59,1.05,-4.23) wbirth=(-3.51,-1.05,0.14) ref=(-3.00,0.00) leader=(0.00,0.00) fallbacks=0
[mpc_node-2] [INFO] [1783590163.790047174] [px4_0.mpc_node_0]: [d0] solve: status=0 time=0.20ms cost=2.4 pos=(-0.15,-0.12,-3.79) local=(-0.88,-0.65,-3.79) wbirth=(0.73,0.53,0.00) ref=(0.00,0.00) leader=(0.00,0.00) fallbacks=0
[mpc_node-5] [INFO] [1783590164.705222284] [px4_3.mpc_node_3]: [d3] solve: status=0 time=0.17ms cost=0.3 pos=(2.88,0.18,-4.61) local=(-0.83,0.72,-5.54) wbirth=(3.70,-0.54,0.92) ref=(3.00,0.00) leader=(0.00,0.00) fallbacks=0
[mpc_node-4] [INFO] [1783590164.717154711] [px4_2.mpc_node_2]: [d2] solve: status=0 time=0.18ms cost=0.4 pos=(0.13,-3.26,-4.56) local=(0.76,-0.58,-5.52) wbirth=(-0.63,-2.67,0.96) ref=(0.00,-3.00) leader=(0.00,0.00) fallbacks=0
[mpc_node-3] [INFO] [1783590164.724778560] [px4_1.mpc_node_1]: [d1] solve: status=0 time=0.17ms cost=0.5 pos=(-0.25,2.78,-4.59) local=(-0.69,-0.35,-5.48) wbirth=(0.44,3.14,0.90) ref=(0.00,3.00) leader=(0.00,0.00) fallbacks=0
[mpc_node-6] [INFO] [1783590164.751269218] [px4_4.mpc_node_4]: [d4] solve: status=0 time=0.14ms cost=0.2 pos=(-2.96,0.02,-4.64) local=(0.55,1.07,-4.78) wbirth=(-3.51,-1.05,0.14) ref=(-3.00,0.00) leader=(0.00,0.00) fallbacks=0
[mpc_node-2] [INFO] [1783590164.790515020] [px4_0.mpc_node_0]: [d0] solve: status=0 time=0.18ms cost=0.4 pos=(-0.14,-0.14,-4.58) local=(-0.86,-0.68,-4.58) wbirth=(0.73,0.53,0.00) ref=(0.00,0.00) leader=(0.00,0.00) fallbacks=0
[mpc_node-5] [INFO] [1783590165.705287695] [px4_3.mpc_node_3]: [d3] solve: status=0 time=0.17ms cost=0.3 pos=(3.11,-0.09,-4.68) local=(-0.59,0.45,-5.81) wbirth=(3.70,-0.54,1.12) ref=(3.00,0.00) leader=(0.00,0.00) fallbacks=0
[mpc_node-4] [INFO] [1783590165.717421204] [px4_2.mpc_node_2]: [d2] solve: status=0 time=0.18ms cost=0.3 pos=(-0.08,-2.95,-4.63) local=(0.55,-0.28,-5.79) wbirth=(-0.63,-2.67,1.16) ref=(0.00,-3.00) leader=(0.00,0.00) fallbacks=0
[mpc_node-3] [INFO] [1783590165.725097926] [px4_1.mpc_node_1]: [d1] solve: status=0 time=0.17ms cost=0.1 pos=(-0.09,2.89,-4.75) local=(-0.53,-0.24,-5.71) wbirth=(0.44,3.14,0.96) ref=(0.00,3.00) leader=(0.00,0.00) fallbacks=0
[mpc_node-6] [INFO] [1783590165.751213476] [px4_4.mpc_node_4]: [d4] solve: status=0 time=0.17ms cost=0.1 pos=(-3.12,-0.00,-4.83) local=(0.39,1.04,-4.97) wbirth=(-3.51,-1.05,0.14) ref=(-3.00,0.00) leader=(0.00,0.00) fallbacks=0
[mpc_node-2] [INFO] [1783590165.789654121] [px4_0.mpc_node_0]: [d0] solve: status=0 time=0.17ms cost=0.1 pos=(-0.08,-0.06,-4.84) local=(-0.80,-0.59,-4.84) wbirth=(0.73,0.53,0.00) ref=(0.00,0.00) leader=(0.00,0.00) fallbacks=0
[mpc_node-5] [INFO] [1783590166.706611251] [px4_3.mpc_node_3]: [d3] solve: status=0 time=0.18ms cost=0.4 pos=(3.28,-0.30,-4.88) local=(-0.43,0.24,-6.03) wbirth=(3.70,-0.54,1.15) ref=(3.00,0.00) leader=(0.00,0.00) fallbacks=0
[mpc_node-4] [INFO] [1783590166.718000767] [px4_2.mpc_node_2]: [d2] solve: status=0 time=0.14ms cost=0.2 pos=(-0.09,-2.81,-4.85) local=(0.54,-0.13,-6.05) wbirth=(-0.63,-2.67,1.20) ref=(0.00,-3.00) leader=(0.00,0.00) fallbacks=0
[mpc_node-3] [INFO] [1783590166.725617295] [px4_1.mpc_node_1]: [d1] solve: status=0 time=0.18ms cost=0.2 pos=(0.21,3.04,-4.85) local=(-0.23,-0.10,-5.81) wbirth=(0.44,3.14,0.96) ref=(0.00,3.00) leader=(0.00,0.00) fallbacks=0
[mpc_node-6] [INFO] [1783590166.751172423] [px4_4.mpc_node_4]: [d4] solve: status=0 time=0.14ms cost=0.1 pos=(-3.18,-0.04,-4.87) local=(0.33,1.01,-5.01) wbirth=(-3.51,-1.05,0.14) ref=(-3.00,0.00) leader=(0.00,0.00) fallbacks=0
[mpc_node-2] [INFO] [1783590166.790287882] [px4_0.mpc_node_0]: [d0] solve: status=0 time=0.17ms cost=0.1 pos=(0.11,-0.00,-4.93) local=(-0.61,-0.54,-4.93) wbirth=(0.73,0.53,0.00) ref=(0.00,0.00) leader=(0.00,0.00) fallbacks=0
[mpc_node-5] [INFO] [1783590167.705531799] [px4_3.mpc_node_3]: [d3] solve: status=0 time=0.14ms cost=0.3 pos=(3.24,-0.35,-4.94) local=(-0.47,0.19,-6.08) wbirth=(3.70,-0.54,1.15) ref=(3.00,0.00) leader=(0.00,0.00) fallbacks=0
[mpc_node-4] [INFO] [1783590167.717778131] [px4_2.mpc_node_2]: [d2] solve: status=0 time=0.17ms cost=0.2 pos=(-0.12,-2.74,-5.02) local=(0.51,-0.07,-6.22) wbirth=(-0.63,-2.67,1.20) ref=(0.00,-3.00) leader=(0.00,0.00) fallbacks=0
[mpc_node-3] [INFO] [1783590167.726992130] [px4_1.mpc_node_1]: [d1] solve: status=0 time=0.17ms cost=0.3 pos=(0.36,3.10,-4.93) local=(-0.08,-0.04,-5.89) wbirth=(0.44,3.14,0.96) ref=(0.00,3.00) leader=(0.00,0.00) fallbacks=0
[mpc_node-6] [INFO] [1783590167.751757440] [px4_4.mpc_node_4]: [d4] solve: status=0 time=0.14ms cost=0.1 pos=(-3.20,-0.02,-4.91) local=(0.31,1.03,-5.05) wbirth=(-3.51,-1.05,0.14) ref=(-3.00,0.00) leader=(0.00,0.00) fallbacks=0
[mpc_node-2] [INFO] [1783590167.789696479] [px4_0.mpc_node_0]: [d0] solve: status=0 time=0.14ms cost=0.1 pos=(0.15,0.07,-4.93) local=(-0.58,-0.46,-4.93) wbirth=(0.73,0.53,0.00) ref=(0.00,0.00) leader=(0.00,0.00) fallbacks=0
[mpc_node-5] [INFO] [1783590168.705249729] [px4_3.mpc_node_3]: [d3] solve: status=0 time=0.18ms cost=0.2 pos=(3.06,-0.32,-4.94) local=(-0.65,0.22,-6.09) wbirth=(3.70,-0.54,1.15) ref=(3.00,0.00) leader=(0.00,0.00) fallbacks=0
[mpc_node-4] [INFO] [1783590168.717381545] [px4_2.mpc_node_2]: [d2] solve: status=0 time=0.16ms cost=0.1 pos=(-0.20,-2.79,-5.01) local=(0.43,-0.12,-6.22) wbirth=(-0.63,-2.67,1.20) ref=(0.00,-3.00) leader=(0.00,0.00) fallbacks=0
[mpc_node-3] [INFO] [1783590168.725467925] [px4_1.mpc_node_1]: [d1] solve: status=0 time=0.23ms cost=0.2 pos=(0.29,3.16,-4.96) local=(-0.15,0.03,-5.92) wbirth=(0.44,3.14,0.96) ref=(0.00,3.00) leader=(0.00,0.00) fallbacks=0
[mpc_node-6] [INFO] [1783590168.752535819] [px4_4.mpc_node_4]: [d4] solve: status=0 time=0.30ms cost=0.1 pos=(-3.21,-0.03,-4.94) local=(0.29,1.01,-5.09) wbirth=(-3.51,-1.05,0.14) ref=(-3.00,0.00) leader=(0.00,0.00) fallbacks=0
[mpc_node-2] [INFO] [1783590168.789852719] [px4_0.mpc_node_0]: [d0] solve: status=0 time=0.15ms cost=0.1 pos=(0.16,0.14,-4.99) local=(-0.57,-0.40,-4.99) wbirth=(0.73,0.53,0.00) ref=(0.00,0.00) leader=(0.00,0.00) fallbacks=0
[mpc_node-5] [INFO] [1783590169.705407500] [px4_3.mpc_node_3]: [d3] solve: status=0 time=0.17ms cost=0.1 pos=(2.87,-0.19,-5.01) local=(-0.83,0.35,-6.15) wbirth=(3.70,-0.54,1.15) ref=(3.00,0.00) leader=(0.00,0.00) fallbacks=0
[mpc_node-4] [INFO] [1783590169.717057091] [px4_2.mpc_node_2]: [d2] solve: status=0 time=0.18ms cost=0.1 pos=(-0.23,-2.94,-4.96) local=(0.40,-0.26,-6.17) wbirth=(-0.63,-2.67,1.20) ref=(0.00,-3.00) leader=(0.00,0.00) fallbacks=0
[mpc_node-3] [INFO] [1783590169.725030179] [px4_1.mpc_node_1]: [d1] solve: status=0 time=0.20ms cost=0.0 pos=(0.07,3.13,-5.00) local=(-0.37,-0.00,-5.96) wbirth=(0.44,3.14,0.96) ref=(0.00,3.00) leader=(0.00,0.00) fallbacks=0
[mpc_node-6] [INFO] [1783590169.752539650] [px4_4.mpc_node_4]: [d4] solve: status=0 time=0.21ms cost=0.1 pos=(-3.15,-0.07,-5.03) local=(0.35,0.98,-5.17) wbirth=(-3.51,-1.05,0.14) ref=(-3.00,0.00) leader=(0.00,0.00) fallbacks=0
[mpc_node-2] [INFO] [1783590169.789794271] [px4_0.mpc_node_0]: [d0] solve: status=0 time=0.15ms cost=0.1 pos=(0.15,0.10,-5.03) local=(-0.57,-0.43,-5.03) wbirth=(0.73,0.53,0.00) ref=(0.00,0.00) leader=(0.00,0.00) fallbacks=0
[mpc_node-5] [INFO] [1783590170.705489123] [px4_3.mpc_node_3]: [d3] solve: status=0 time=0.21ms cost=0.0 pos=(2.95,0.00,-4.93) local=(-0.76,0.54,-6.08) wbirth=(3.70,-0.54,1.15) ref=(3.00,0.00) leader=(0.00,0.00) fallbacks=0
[mpc_node-4] [INFO] [1783590170.717264952] [px4_2.mpc_node_2]: [d2] solve: status=0 time=0.17ms cost=0.1 pos=(-0.17,-3.08,-4.99) local=(0.46,-0.41,-6.19) wbirth=(-0.63,-2.67,1.20) ref=(0.00,-3.00) leader=(0.00,0.00) fallbacks=0
[mpc_node-3] [INFO] [1783590170.724683380] [px4_1.mpc_node_1]: [d1] solve: status=0 time=0.17ms cost=0.1 pos=(-0.08,3.13,-5.02) local=(-0.52,-0.00,-5.98) wbirth=(0.44,3.14,0.96) ref=(0.00,3.00) leader=(0.00,0.00) fallbacks=0
[mpc_node-6] [INFO] [1783590170.752442867] [px4_4.mpc_node_4]: [d4] solve: status=0 time=0.17ms cost=0.0 pos=(-2.94,-0.03,-4.92) local=(0.56,1.02,-5.06) wbirth=(-3.51,-1.05,0.14) ref=(-3.00,0.00) leader=(0.00,0.00) fallbacks=0
[mpc_node-2] [INFO] [1783590170.789591589] [px4_0.mpc_node_0]: [d0] solve: status=0 time=0.18ms cost=0.0 pos=(0.07,0.07,-4.99) local=(-0.65,-0.46,-4.99) wbirth=(0.73,0.53,0.00) ref=(0.00,0.00) leader=(0.00,0.00) fallbacks=0
[mpc_node-5] [INFO] [1783590171.706866449] [px4_3.mpc_node_3]: [d3] solve: status=0 time=0.30ms cost=0.1 pos=(2.93,0.17,-4.98) local=(-0.77,0.71,-6.13) wbirth=(3.70,-0.54,1.15) ref=(3.00,0.00) leader=(0.00,0.00) fallbacks=0
[mpc_node-4] [INFO] [1783590171.717194197] [px4_2.mpc_node_2]: [d2] solve: status=0 time=0.17ms cost=0.1 pos=(-0.09,-3.13,-4.96) local=(0.54,-0.46,-6.17) wbirth=(-0.63,-2.67,1.20) ref=(0.00,-3.00) leader=(0.00,0.00) fallbacks=0
[mpc_node-3] [INFO] [1783590171.725395621] [px4_1.mpc_node_1]: [d1] solve: status=0 time=0.22ms cost=0.1 pos=(-0.20,3.03,-5.03) local=(-0.64,-0.11,-5.99) wbirth=(0.44,3.14,0.96) ref=(0.00,3.00) leader=(0.00,0.00) fallbacks=0
[mpc_node-6] [INFO] [1783590171.751478628] [px4_4.mpc_node_4]: [d4] solve: status=0 time=0.14ms cost=0.0 pos=(-2.87,0.03,-5.01) local=(0.64,1.08,-5.15) wbirth=(-3.51,-1.05,0.14) ref=(-3.00,0.00) leader=(0.00,0.00) fallbacks=0
[mpc_node-2] [INFO] [1783590171.789811491] [px4_0.mpc_node_0]: [d0] solve: status=0 time=0.21ms cost=0.0 pos=(-0.01,-0.00,-5.00) local=(-0.73,-0.54,-5.00) wbirth=(0.73,0.53,0.00) ref=(0.00,0.00) leader=(0.00,0.00) fallbacks=0
[mpc_node-5] [INFO] [1783590172.707484916] [px4_3.mpc_node_3]: [d3] solve: status=0 time=0.20ms cost=0.1 pos=(2.95,0.23,-5.01) local=(-0.75,0.77,-6.15) wbirth=(3.70,-0.54,1.15) ref=(3.00,0.00) leader=(0.00,0.00) fallbacks=0
[mpc_node-4] [INFO] [1783590172.717417240] [px4_2.mpc_node_2]: [d2] solve: status=0 time=0.16ms cost=0.0 pos=(0.04,-3.11,-5.01) local=(0.67,-0.43,-6.21) wbirth=(-0.63,-2.67,1.20) ref=(0.00,-3.00) leader=(0.00,0.00) fallbacks=0
[mpc_node-3] [INFO] [1783590172.724929449] [px4_1.mpc_node_1]: [d1] solve: status=0 time=0.17ms cost=0.1 pos=(-0.17,2.94,-5.00) local=(-0.61,-0.20,-5.96) wbirth=(0.44,3.14,0.96) ref=(0.00,3.00) leader=(0.00,0.00) fallbacks=0
[mpc_node-6] [INFO] [1783590172.751986007] [px4_4.mpc_node_4]: [d4] solve: status=0 time=0.20ms cost=0.1 pos=(-2.86,0.07,-5.05) local=(0.65,1.11,-5.19) wbirth=(-3.51,-1.05,0.14) ref=(-3.00,0.00) leader=(0.00,0.00) fallbacks=0
[mpc_node-2] [INFO] [1783590172.789457059] [px4_0.mpc_node_0]: [d0] solve: status=0 time=0.15ms cost=0.0 pos=(-0.09,-0.06,-5.00) local=(-0.82,-0.60,-5.00) wbirth=(0.73,0.53,0.00) ref=(0.00,0.00) leader=(0.00,0.00) fallbacks=0
[mpc_node-5] [INFO] [1783590173.705457847] [px4_3.mpc_node_3]: [d3] solve: status=0 time=0.18ms cost=0.0 pos=(3.02,0.13,-5.04) local=(-0.68,0.67,-6.19) wbirth=(3.70,-0.54,1.15) ref=(3.00,0.00) leader=(0.00,0.00) fallbacks=0
[mpc_node-4] [INFO] [1783590173.717440535] [px4_2.mpc_node_2]: [d2] solve: status=0 time=0.14ms cost=0.0 pos=(0.13,-3.06,-5.01) local=(0.76,-0.38,-6.21) wbirth=(-0.63,-2.67,1.20) ref=(0.00,-3.00) leader=(0.00,0.00) fallbacks=0
[mpc_node-3] [INFO] [1783590173.724683567] [px4_1.mpc_node_1]: [d1] solve: status=0 time=0.14ms cost=0.1 pos=(-0.16,2.87,-4.97) local=(-0.60,-0.26,-5.93) wbirth=(0.44,3.14,0.96) ref=(0.00,3.00) leader=(0.00,0.00) fallbacks=0
[mpc_node-6] [INFO] [1783590173.752162647] [px4_4.mpc_node_4]: [d4] solve: status=0 time=0.17ms cost=0.0 pos=(-2.89,0.05,-4.98) local=(0.61,1.10,-5.12) wbirth=(-3.51,-1.05,0.14) ref=(-3.00,0.00) leader=(0.00,0.00) fallbacks=0
[mpc_node-2] [INFO] [1783590173.789776226] [px4_0.mpc_node_0]: [d0] solve: status=0 time=0.17ms cost=0.0 pos=(-0.11,-0.00,-5.06) local=(-0.83,-0.54,-5.06) wbirth=(0.73,0.53,0.00) ref=(0.00,0.00) leader=(0.00,0.00) fallbacks=0
[mpc_node-5] [INFO] [1783590174.705622938] [px4_3.mpc_node_3]: [d3] solve: status=0 time=0.18ms cost=0.0 pos=(3.05,-0.03,-4.96) local=(-0.65,0.51,-6.11) wbirth=(3.70,-0.54,1.15) ref=(3.00,0.00) leader=(0.00,0.00) fallbacks=0
[mpc_node-4] [INFO] [1783590174.717488870] [px4_2.mpc_node_2]: [d2] solve: status=0 time=0.14ms cost=0.0 pos=(0.10,-2.98,-5.03) local=(0.73,-0.30,-6.24) wbirth=(-0.63,-2.67,1.20) ref=(0.00,-3.00) leader=(0.00,0.00) fallbacks=0
[mpc_node-3] [INFO] [1783590174.724964956] [px4_1.mpc_node_1]: [d1] solve: status=0 time=0.17ms cost=0.0 pos=(-0.01,2.91,-5.01) local=(-0.45,-0.23,-5.97) wbirth=(0.44,3.14,0.96) ref=(0.00,3.00) leader=(0.00,0.00) fallbacks=0
[mpc_node-6] [INFO] [1783590174.751919589] [px4_4.mpc_node_4]: [d4] solve: status=0 time=0.17ms cost=0.0 pos=(-3.04,-0.02,-5.00) local=(0.47,1.03,-5.14) wbirth=(-3.51,-1.05,0.14) ref=(-3.00,0.00) leader=(0.00,0.00) fallbacks=0
[mpc_node-2] [INFO] [1783590174.790028176] [px4_0.mpc_node_0]: [d0] solve: status=0 time=0.21ms cost=0.0 pos=(-0.02,0.01,-5.00) local=(-0.75,-0.52,-5.00) wbirth=(0.73,0.53,0.00) ref=(0.00,0.00) leader=(0.00,0.00) fallbacks=0
[mpc_node-5] [INFO] [1783590175.705380434] [px4_3.mpc_node_3]: [d3] solve: status=0 time=0.14ms cost=0.1 pos=(3.13,-0.14,-5.00) local=(-0.57,0.40,-6.15) wbirth=(3.70,-0.54,1.15) ref=(3.00,0.00) leader=(0.00,0.00) fallbacks=0
[mpc_node-4] [INFO] [1783590175.717701552] [px4_2.mpc_node_2]: [d2] solve: status=0 time=0.17ms cost=0.0 pos=(0.04,-2.90,-5.02) local=(0.67,-0.23,-6.22) wbirth=(-0.63,-2.67,1.20) ref=(0.00,-3.00) leader=(0.00,0.00) fallbacks=0
[mpc_node-3] [INFO] [1783590175.725079117] [px4_1.mpc_node_1]: [d1] solve: status=0 time=0.17ms cost=0.1 pos=(0.13,2.91,-5.01) local=(-0.31,-0.23,-5.97) wbirth=(0.44,3.14,0.96) ref=(0.00,3.00) leader=(0.00,0.00) fallbacks=0
[mpc_node-6] [INFO] [1783590175.751849727] [px4_4.mpc_node_4]: [d4] solve: status=0 time=0.17ms cost=0.1 pos=(-3.26,-0.02,-5.00) local=(0.25,1.03,-5.14) wbirth=(-3.51,-1.05,0.14) ref=(-3.00,0.00) leader=(0.00,0.00) fallbacks=0
[mpc_node-2] [INFO] [1783590175.789734350] [px4_0.mpc_node_0]: [d0] solve: status=0 time=0.15ms cost=0.0 pos=(-0.01,0.00,-4.98) local=(-0.73,-0.53,-4.98) wbirth=(0.73,0.53,0.00) ref=(0.00,0.00) leader=(0.00,0.00) fallbacks=0
[mpc_node-5] [INFO] [1783590176.705588367] [px4_3.mpc_node_3]: [d3] solve: status=0 time=0.20ms cost=0.1 pos=(3.14,-0.12,-4.99) local=(-0.56,0.42,-6.14) wbirth=(3.70,-0.54,1.15) ref=(3.00,0.00) leader=(0.00,0.00) fallbacks=0
[mpc_node-4] [INFO] [1783590176.717429332] [px4_2.mpc_node_2]: [d2] solve: status=0 time=0.16ms cost=0.0 pos=(0.06,-2.87,-5.06) local=(0.69,-0.20,-6.26) wbirth=(-0.63,-2.67,1.20) ref=(0.00,-3.00) leader=(0.00,0.00) fallbacks=0
[mpc_node-3] [INFO] [1783590176.725420065] [px4_1.mpc_node_1]: [d1] solve: status=0 time=0.22ms cost=0.0 pos=(0.11,2.96,-4.98) local=(-0.33,-0.18,-5.94) wbirth=(0.44,3.14,0.96) ref=(0.00,3.00) leader=(0.00,0.00) fallbacks=0
[mpc_node-6] [INFO] [1783590176.752418660] [px4_4.mpc_node_4]: [d4] solve: status=0 time=0.17ms cost=0.1 pos=(-3.21,-0.00,-5.02) local=(0.29,1.04,-5.16) wbirth=(-3.51,-1.05,0.14) ref=(-3.00,0.00) leader=(0.00,0.00) fallbacks=0
[mpc_node-2] [INFO] [1783590176.789221301] [px4_0.mpc_node_0]: [d0] solve: status=0 time=0.17ms cost=0.0 pos=(-0.02,0.02,-4.96) local=(-0.74,-0.52,-4.96) wbirth=(0.73,0.53,0.00) ref=(0.00,0.00) leader=(0.00,0.00) fallbacks=0
[mpc_node-5] [INFO] [1783590177.705476593] [px4_3.mpc_node_3]: [d3] solve: status=0 time=0.23ms cost=0.0 pos=(3.02,-0.04,-4.97) local=(-0.68,0.50,-6.12) wbirth=(3.70,-0.54,1.15) ref=(3.00,0.00) leader=(0.00,0.00) fallbacks=0
[mpc_node-4] [INFO] [1783590177.717557022] [px4_2.mpc_node_2]: [d2] solve: status=0 time=0.17ms cost=0.1 pos=(0.01,-2.82,-5.00) local=(0.64,-0.15,-6.20) wbirth=(-0.63,-2.67,1.20) ref=(0.00,-3.00) leader=(0.00,0.00) fallbacks=0
[mpc_node-3] [INFO] [1783590177.725240541] [px4_1.mpc_node_1]: [d1] solve: status=0 time=0.20ms cost=0.0 pos=(0.08,3.00,-5.01) local=(-0.36,-0.13,-5.97) wbirth=(0.44,3.14,0.96) ref=(0.00,3.00) leader=(0.00,0.00) fallbacks=0
[mpc_node-6] [INFO] [1783590177.751309351] [px4_4.mpc_node_4]: [d4] solve: status=0 time=0.16ms cost=0.0 pos=(-3.05,-0.08,-4.96) local=(0.46,0.97,-5.10) wbirth=(-3.51,-1.05,0.14) ref=(-3.00,0.00) leader=(0.00,0.00) fallbacks=0
[mpc_node-2] [INFO] [1783590177.789562593] [px4_0.mpc_node_0]: [d0] solve: status=0 time=0.17ms cost=0.0 pos=(0.03,-0.02,-4.96) local=(-0.69,-0.55,-4.96) wbirth=(0.73,0.53,0.00) ref=(0.00,0.00) leader=(0.00,0.00) fallbacks=0
[mpc_node-5] [INFO] [1783590178.705066762] [px4_3.mpc_node_3]: [d3] solve: status=0 time=0.14ms cost=0.1 pos=(2.83,0.04,-4.98) local=(-0.87,0.58,-6.13) wbirth=(3.70,-0.54,1.15) ref=(3.00,0.00) leader=(0.00,0.00) fallbacks=0
[mpc_node-4] [INFO] [1783590178.717333835] [px4_2.mpc_node_2]: [d2] solve: status=0 time=0.14ms cost=0.0 pos=(-0.08,-2.89,-4.97) local=(0.55,-0.22,-6.18) wbirth=(-0.63,-2.67,1.20) ref=(0.00,-3.00) leader=(0.00,0.00) fallbacks=0
[mpc_node-3] [INFO] [1783590178.725089559] [px4_1.mpc_node_1]: [d1] solve: status=0 time=0.20ms cost=0.0 pos=(0.08,3.02,-5.05) local=(-0.36,-0.11,-6.01) wbirth=(0.44,3.14,0.96) ref=(0.00,3.00) leader=(0.00,0.00) fallbacks=0
[mpc_node-6] [INFO] [1783590178.752156879] [px4_4.mpc_node_4]: [d4] solve: status=0 time=0.20ms cost=0.1 pos=(-2.87,-0.10,-4.96) local=(0.64,0.95,-5.10) wbirth=(-3.51,-1.05,0.14) ref=(-3.00,0.00) leader=(0.00,0.00) fallbacks=0
[mpc_node-2] [INFO] [1783590178.791665983] [px4_0.mpc_node_0]: [d0] solve: status=0 time=0.14ms cost=0.1 pos=(0.12,-0.09,-5.02) local=(-0.60,-0.63,-5.02) wbirth=(0.73,0.53,0.00) ref=(0.00,0.00) leader=(0.00,0.00) fallbacks=0
[mpc_node-5] [INFO] [1783590179.706182450] [px4_3.mpc_node_3]: [d3] solve: status=0 time=0.14ms cost=0.1 pos=(2.79,0.06,-5.06) local=(-0.91,0.60,-6.21) wbirth=(3.70,-0.54,1.15) ref=(3.00,0.00) leader=(0.00,0.00) fallbacks=0
[mpc_node-4] [INFO] [1783590179.717633730] [px4_2.mpc_node_2]: [d2] solve: status=0 time=0.17ms cost=0.0 pos=(-0.12,-2.99,-5.04) local=(0.51,-0.31,-6.24) wbirth=(-0.63,-2.67,1.20) ref=(0.00,-3.00) leader=(0.00,0.00) fallbacks=0
[mpc_node-3] [INFO] [1783590179.725430466] [px4_1.mpc_node_1]: [d1] solve: status=0 time=0.17ms cost=0.0 pos=(0.01,3.08,-5.05) local=(-0.43,-0.05,-6.01) wbirth=(0.44,3.14,0.96) ref=(0.00,3.00) leader=(0.00,0.00) fallbacks=0
[mpc_node-6] [INFO] [1783590179.751689088] [px4_4.mpc_node_4]: [d4] solve: status=0 time=0.13ms cost=0.0 pos=(-2.88,-0.00,-4.96) local=(0.63,1.05,-5.10) wbirth=(-3.51,-1.05,0.14) ref=(-3.00,0.00) leader=(0.00,0.00) fallbacks=0
[mpc_node-2] [INFO] [1783590179.790326684] [px4_0.mpc_node_0]: [d0] solve: status=0 time=0.15ms cost=0.1 pos=(0.13,-0.09,-4.98) local=(-0.60,-0.62,-4.98) wbirth=(0.73,0.53,0.00) ref=(0.00,0.00) leader=(0.00,0.00) fallbacks=0
[mpc_node-5] [INFO] [1783590180.706240892] [px4_3.mpc_node_3]: [d3] solve: status=0 time=0.17ms cost=0.0 pos=(2.84,0.03,-4.98) local=(-0.86,0.57,-6.13) wbirth=(3.70,-0.54,1.15) ref=(3.00,0.00) leader=(0.00,0.00) fallbacks=0
[mpc_node-4] [INFO] [1783590180.717866965] [px4_2.mpc_node_2]: [d2] solve: status=0 time=0.17ms cost=0.0 pos=(-0.05,-3.08,-5.04) local=(0.58,-0.41,-6.24) wbirth=(-0.63,-2.67,1.20) ref=(0.00,-3.00) leader=(0.00,0.00) fallbacks=0
[mpc_node-3] [INFO] [1783590180.725470236] [px4_1.mpc_node_1]: [d1] solve: status=0 time=0.17ms cost=0.0 pos=(-0.07,3.07,-5.00) local=(-0.51,-0.06,-5.96) wbirth=(0.44,3.14,0.96) ref=(0.00,3.00) leader=(0.00,0.00) fallbacks=0
[mpc_node-6] [INFO] [1783590180.751624217] [px4_4.mpc_node_4]: [d4] solve: status=0 time=0.17ms cost=0.0 pos=(-2.94,0.07,-5.05) local=(0.57,1.12,-5.19) wbirth=(-3.51,-1.05,0.14) ref=(-3.00,0.00) leader=(0.00,0.00) fallbacks=0
[mpc_node-2] [INFO] [1783590180.790684356] [px4_0.mpc_node_0]: [d0] solve: status=0 time=0.18ms cost=0.0 pos=(0.08,-0.11,-5.00) local=(-0.65,-0.65,-5.00) wbirth=(0.73,0.53,0.00) ref=(0.00,0.00) leader=(0.00,0.00) fallbacks=0
[mpc_node-5] [INFO] [1783590181.706050439] [px4_3.mpc_node_3]: [d3] solve: status=0 time=0.17ms cost=0.0 pos=(3.01,-0.01,-4.98) local=(-0.69,0.53,-6.13) wbirth=(3.70,-0.54,1.15) ref=(3.00,0.00) leader=(0.00,0.00) fallbacks=0
[mpc_node-4] [INFO] [1783590181.717610445] [px4_2.mpc_node_2]: [d2] solve: status=0 time=0.17ms cost=0.0 pos=(0.03,-3.10,-5.06) local=(0.66,-0.42,-6.27) wbirth=(-0.63,-2.67,1.20) ref=(0.00,-3.00) leader=(0.00,0.00) fallbacks=0
[mpc_node-3] [INFO] [1783590181.726731916] [px4_1.mpc_node_1]: [d1] solve: status=0 time=0.15ms cost=0.0 pos=(-0.06,3.01,-4.94) local=(-0.50,-0.13,-5.90) wbirth=(0.44,3.14,0.96) ref=(0.00,3.00) leader=(0.00,0.00) fallbacks=0
[mpc_node-6] [INFO] [1783590181.751743215] [px4_4.mpc_node_4]: [d4] solve: status=0 time=0.14ms cost=0.0 pos=(-2.96,0.10,-5.06) local=(0.54,1.15,-5.20) wbirth=(-3.51,-1.05,0.14) ref=(-3.00,0.00) leader=(0.00,0.00) fallbacks=0
[mpc_node-2] [INFO] [1783590181.790759747] [px4_0.mpc_node_0]: [d0] solve: status=0 time=0.17ms cost=0.0 pos=(-0.03,-0.02,-4.98) local=(-0.76,-0.55,-4.98) wbirth=(0.73,0.53,0.00) ref=(0.00,0.00) leader=(0.00,0.00) fallbacks=0
[mpc_node-5] [INFO] [1783590182.705144700] [px4_3.mpc_node_3]: [d3] solve: status=0 time=0.17ms cost=0.1 pos=(3.21,-0.01,-4.97) local=(-0.49,0.53,-6.11) wbirth=(3.70,-0.54,1.15) ref=(3.00,0.00) leader=(0.00,0.00) fallbacks=0
[mpc_node-4] [INFO] [1783590182.717136130] [px4_2.mpc_node_2]: [d2] solve: status=0 time=0.14ms cost=0.0 pos=(0.06,-3.07,-5.01) local=(0.69,-0.40,-6.21) wbirth=(-0.63,-2.67,1.20) ref=(0.00,-3.00) leader=(0.00,0.00) fallbacks=0
[mpc_node-3] [INFO] [1783590182.724789466] [px4_1.mpc_node_1]: [d1] solve: status=0 time=0.14ms cost=0.0 pos=(-0.02,2.98,-4.99) local=(-0.46,-0.15,-5.95) wbirth=(0.44,3.14,0.96) ref=(0.00,3.00) leader=(0.00,0.00) fallbacks=0
[mpc_node-6] [INFO] [1783590182.751232516] [px4_4.mpc_node_4]: [d4] solve: status=0 time=0.17ms cost=0.0 pos=(-2.96,0.01,-5.01) local=(0.54,1.06,-5.15) wbirth=(-3.51,-1.05,0.14) ref=(-3.00,0.00) leader=(0.00,0.00) fallbacks=0
[mpc_node-2] [INFO] [1783590182.790354503] [px4_0.mpc_node_0]: [d0] solve: status=0 time=0.17ms cost=0.1 pos=(-0.13,0.06,-5.04) local=(-0.86,-0.48,-5.04) wbirth=(0.73,0.53,0.00) ref=(0.00,0.00) leader=(0.00,0.00) fallbacks=0
[mpc_node-5] [INFO] [1783590183.706385955] [px4_3.mpc_node_3]: [d3] solve: status=0 time=0.21ms cost=0.1 pos=(3.20,-0.02,-5.02) local=(-0.50,0.52,-6.16) wbirth=(3.70,-0.54,1.15) ref=(3.00,0.00) leader=(0.00,0.00) fallbacks=0
[mpc_node-4] [INFO] [1783590183.717186054] [px4_2.mpc_node_2]: [d2] solve: status=0 time=0.16ms cost=0.0 pos=(0.06,-3.00,-4.97) local=(0.69,-0.33,-6.17) wbirth=(-0.63,-2.67,1.20) ref=(0.00,-3.00) leader=(0.00,0.00) fallbacks=0
[mpc_node-3] [INFO] [1783590183.725180997] [px4_1.mpc_node_1]: [d1] solve: status=0 time=0.20ms cost=0.0 pos=(-0.02,3.00,-4.97) local=(-0.46,-0.14,-5.93) wbirth=(0.44,3.14,0.96) ref=(0.00,3.00) leader=(0.00,0.00) fallbacks=0
[mpc_node-6] [INFO] [1783590183.752109611] [px4_4.mpc_node_4]: [d4] solve: status=0 time=0.17ms cost=0.0 pos=(-3.09,0.05,-5.01) local=(0.42,1.10,-5.15) wbirth=(-3.51,-1.05,0.14) ref=(-3.00,0.00) leader=(0.00,0.00) fallbacks=0
[mpc_node-2] [INFO] [1783590183.789012411] [px4_0.mpc_node_0]: [d0] solve: status=0 time=0.17ms cost=0.1 pos=(-0.19,0.11,-5.00) local=(-0.91,-0.42,-5.00) wbirth=(0.73,0.53,0.00) ref=(0.00,0.00) leader=(0.00,0.00) fallbacks=0
[mpc_node-5] [INFO] [1783590184.705181884] [px4_3.mpc_node_3]: [d3] solve: status=0 time=0.17ms cost=0.0 pos=(3.10,-0.02,-5.05) local=(-0.60,0.52,-6.20) wbirth=(3.70,-0.54,1.15) ref=(3.00,0.00) leader=(0.00,0.00) fallbacks=0
[mpc_node-4] [INFO] [1783590184.717995681] [px4_2.mpc_node_2]: [d2] solve: status=0 time=0.16ms cost=0.0 pos=(0.04,-2.96,-4.98) local=(0.67,-0.29,-6.19) wbirth=(-0.63,-2.67,1.20) ref=(0.00,-3.00) leader=(0.00,0.00) fallbacks=0
[mpc_node-3] [INFO] [1783590184.726163558] [px4_1.mpc_node_1]: [d1] solve: status=0 time=0.20ms cost=0.0 pos=(0.03,3.00,-5.02) local=(-0.41,-0.14,-5.98) wbirth=(0.44,3.14,0.96) ref=(0.00,3.00) leader=(0.00,0.00) fallbacks=0
[mpc_node-6] [INFO] [1783590184.751517467] [px4_4.mpc_node_4]: [d4] solve: status=0 time=0.17ms cost=0.0 pos=(-3.11,0.02,-5.02) local=(0.40,1.07,-5.16) wbirth=(-3.51,-1.05,0.14) ref=(-3.00,0.00) leader=(0.00,0.00) fallbacks=0
[mpc_node-2] [INFO] [1783590184.791124031] [px4_0.mpc_node_0]: [d0] solve: status=0 time=0.17ms cost=0.1 pos=(-0.06,0.13,-4.94) local=(-0.79,-0.40,-4.94) wbirth=(0.73,0.53,0.00) ref=(0.00,0.00) leader=(0.00,0.00) fallbacks=0
[mpc_node-5] [INFO] [1783590185.705630198] [px4_3.mpc_node_3]: [d3] solve: status=0 time=0.41ms cost=0.0 pos=(2.94,-0.00,-5.02) local=(-0.76,0.54,-6.16) wbirth=(3.70,-0.54,1.15) ref=(3.00,0.00) leader=(0.00,0.00) fallbacks=0
[mpc_node-4] [INFO] [1783590185.718209723] [px4_2.mpc_node_2]: [d2] solve: status=0 time=0.18ms cost=0.0 pos=(-0.08,-2.98,-4.95) local=(0.55,-0.30,-6.16) wbirth=(-0.63,-2.67,1.20) ref=(0.00,-3.00) leader=(0.00,0.00) fallbacks=0
[mpc_node-3] [INFO] [1783590185.725272433] [px4_1.mpc_node_1]: [d1] solve: status=0 time=0.20ms cost=0.0 pos=(0.06,3.02,-5.05) local=(-0.38,-0.12,-6.01) wbirth=(0.44,3.14,0.96) ref=(0.00,3.00) leader=(0.00,0.00) fallbacks=0
[mpc_node-6] [INFO] [1783590185.751922803] [px4_4.mpc_node_4]: [d4] solve: status=0 time=0.17ms cost=0.0 pos=(-3.02,-0.03,-4.99) local=(0.48,1.02,-5.13) wbirth=(-3.51,-1.05,0.14) ref=(-3.00,0.00) leader=(0.00,0.00) fallbacks=0
[mpc_node-2] [INFO] [1783590185.791034074] [px4_0.mpc_node_0]: [d0] solve: status=0 time=0.18ms cost=0.0 pos=(0.08,0.10,-4.97) local=(-0.65,-0.43,-4.97) wbirth=(0.73,0.53,0.00) ref=(0.00,0.00) leader=(0.00,0.00) fallbacks=0
[mpc_node-5] [INFO] [1783590186.706743695] [px4_3.mpc_node_3]: [d3] solve: status=0 time=0.14ms cost=0.1 pos=(2.81,0.02,-5.00) local=(-0.89,0.56,-6.14) wbirth=(3.70,-0.54,1.15) ref=(3.00,0.00) leader=(0.00,0.00) fallbacks=0
[mpc_node-4] [INFO] [1783590186.717731295] [px4_2.mpc_node_2]: [d2] solve: status=0 time=0.14ms cost=0.0 pos=(-0.04,-3.01,-4.96) local=(0.59,-0.33,-6.16) wbirth=(-0.63,-2.67,1.20) ref=(0.00,-3.00) leader=(0.00,0.00) fallbacks=0
[mpc_node-3] [INFO] [1783590186.724749023] [px4_1.mpc_node_1]: [d1] solve: status=0 time=0.14ms cost=0.0 pos=(0.08,3.03,-5.02) local=(-0.36,-0.10,-5.98) wbirth=(0.44,3.14,0.96) ref=(0.00,3.00) leader=(0.00,0.00) fallbacks=0
[mpc_node-6] [INFO] [1783590186.752068479] [px4_4.mpc_node_4]: [d4] solve: status=0 time=0.16ms cost=0.0 pos=(-2.90,-0.09,-4.96) local=(0.61,0.96,-5.10) wbirth=(-3.51,-1.05,0.14) ref=(-3.00,0.00) leader=(0.00,0.00) fallbacks=0
[mpc_node-2] [INFO] [1783590186.790630000] [px4_0.mpc_node_0]: [d0] solve: status=0 time=0.21ms cost=0.0 pos=(0.06,0.00,-4.97) local=(-0.67,-0.53,-4.97) wbirth=(0.73,0.53,0.00) ref=(0.00,0.00) leader=(0.00,0.00) fallbacks=0
[mpc_node-5] [INFO] [1783590187.705546160] [px4_3.mpc_node_3]: [d3] solve: status=0 time=0.20ms cost=0.0 pos=(2.87,0.07,-5.03) local=(-0.83,0.61,-6.17) wbirth=(3.70,-0.54,1.15) ref=(3.00,0.00) leader=(0.00,0.00) fallbacks=0
[mpc_node-4] [INFO] [1783590187.717911778] [px4_2.mpc_node_2]: [d2] solve: status=0 time=0.18ms cost=0.0 pos=(0.02,-3.01,-5.01) local=(0.65,-0.34,-6.21) wbirth=(-0.63,-2.67,1.20) ref=(0.00,-3.00) leader=(0.00,0.00) fallbacks=0
[mpc_node-3] [INFO] [1783590187.724777223] [px4_1.mpc_node_1]: [d1] solve: status=0 time=0.17ms cost=0.0 pos=(0.06,2.98,-5.03) local=(-0.38,-0.16,-5.99) wbirth=(0.44,3.14,0.96) ref=(0.00,3.00) leader=(0.00,0.00) fallbacks=0
[mpc_node-6] [INFO] [1783590187.752090315] [px4_4.mpc_node_4]: [d4] solve: status=0 time=0.14ms cost=0.0 pos=(-2.88,-0.07,-4.96) local=(0.63,0.98,-5.11) wbirth=(-3.51,-1.05,0.14) ref=(-3.00,0.00) leader=(0.00,0.00) fallbacks=0
[mpc_node-2] [INFO] [1783590187.789926364] [px4_0.mpc_node_0]: [d0] solve: status=0 time=0.19ms cost=0.1 pos=(0.11,-0.09,-4.94) local=(-0.62,-0.63,-4.94) wbirth=(0.73,0.53,0.00) ref=(0.00,0.00) leader=(0.00,0.00) fallbacks=0
[mpc_node-5] [INFO] [1783590188.705915850] [px4_3.mpc_node_3]: [d3] solve: status=0 time=0.17ms cost=0.0 pos=(2.98,0.12,-5.03) local=(-0.72,0.66,-6.18) wbirth=(3.70,-0.54,1.15) ref=(3.00,0.00) leader=(0.00,0.00) fallbacks=0
[mpc_node-4] [INFO] [1783590188.718139785] [px4_2.mpc_node_2]: [d2] solve: status=0 time=0.14ms cost=0.0 pos=(0.09,-2.98,-4.98) local=(0.72,-0.31,-6.18) wbirth=(-0.63,-2.67,1.20) ref=(0.00,-3.00) leader=(0.00,0.00) fallbacks=0
[mpc_node-3] [INFO] [1783590188.725509314] [px4_1.mpc_node_1]: [d1] solve: status=0 time=0.17ms cost=0.0 pos=(-0.04,2.94,-5.01) local=(-0.48,-0.20,-5.97) wbirth=(0.44,3.14,0.96) ref=(0.00,3.00) leader=(0.00,0.00) fallbacks=0
[mpc_node-6] [INFO] [1783590188.751516622] [px4_4.mpc_node_4]: [d4] solve: status=0 time=0.17ms cost=0.0 pos=(-2.94,0.00,-5.02) local=(0.57,1.05,-5.16) wbirth=(-3.51,-1.05,0.14) ref=(-3.00,0.00) leader=(0.00,0.00) fallbacks=0
[mpc_node-2] [INFO] [1783590188.790772424] [px4_0.mpc_node_0]: [d0] solve: status=0 time=0.17ms cost=0.0 pos=(0.03,-0.12,-4.99) local=(-0.69,-0.65,-4.99) wbirth=(0.73,0.53,0.00) ref=(0.00,0.00) leader=(0.00,0.00) fallbacks=0
[mpc_node-5] [INFO] [1783590189.705225085] [px4_3.mpc_node_3]: [d3] solve: status=0 time=0.15ms cost=0.0 pos=(3.09,0.11,-5.02) local=(-0.61,0.65,-6.17) wbirth=(3.70,-0.54,1.15) ref=(3.00,0.00) leader=(0.00,0.00) fallbacks=0
[mpc_node-4] [INFO] [1783590189.717872406] [px4_2.mpc_node_2]: [d2] solve: status=0 time=0.20ms cost=0.0 pos=(0.02,-2.93,-4.95) local=(0.65,-0.26,-6.15) wbirth=(-0.63,-2.67,1.20) ref=(0.00,-3.00) leader=(0.00,0.00) fallbacks=0
[mpc_node-3] [INFO] [1783590189.725369760] [px4_1.mpc_node_1]: [d1] solve: status=0 time=0.17ms cost=0.0 pos=(-0.09,2.92,-5.03) local=(-0.53,-0.22,-5.99) wbirth=(0.44,3.14,0.96) ref=(0.00,3.00) leader=(0.00,0.00) fallbacks=0
[mpc_node-6] [INFO] [1783590189.751539439] [px4_4.mpc_node_4]: [d4] solve: status=0 time=0.17ms cost=0.0 pos=(-3.02,0.01,-5.02) local=(0.48,1.06,-5.16) wbirth=(-3.51,-1.05,0.14) ref=(-3.00,0.00) leader=(0.00,0.00) fallbacks=0
[mpc_node-2] [INFO] [1783590189.789913062] [px4_0.mpc_node_0]: [d0] solve: status=0 time=0.17ms cost=0.0 pos=(-0.09,-0.08,-5.02) local=(-0.82,-0.62,-5.02) wbirth=(0.73,0.53,0.00) ref=(0.00,0.00) leader=(0.00,0.00) fallbacks=0
[mpc_node-5] [INFO] [1783590190.706093117] [px4_3.mpc_node_3]: [d3] solve: status=0 time=0.15ms cost=0.0 pos=(3.11,-0.01,-5.01) local=(-0.59,0.53,-6.16) wbirth=(3.70,-0.54,1.15) ref=(3.00,0.00) leader=(0.00,0.00) fallbacks=0
[mpc_node-4] [INFO] [1783590190.718156582] [px4_2.mpc_node_2]: [d2] solve: status=0 time=0.17ms cost=0.0 pos=(-0.05,-2.95,-5.01) local=(0.58,-0.28,-6.21) wbirth=(-0.63,-2.67,1.20) ref=(0.00,-3.00) leader=(0.00,0.00) fallbacks=0
[mpc_node-3] [INFO] [1783590190.725546230] [px4_1.mpc_node_1]: [d1] solve: status=0 time=0.17ms cost=0.0 pos=(-0.04,2.97,-5.04) local=(-0.48,-0.17,-6.00) wbirth=(0.44,3.14,0.96) ref=(0.00,3.00) leader=(0.00,0.00) fallbacks=0
[mpc_node-6] [INFO] [1783590190.752368823] [px4_4.mpc_node_4]: [d4] solve: status=0 time=0.20ms cost=0.0 pos=(-3.06,0.01,-5.03) local=(0.45,1.06,-5.17) wbirth=(-3.51,-1.05,0.14) ref=(-3.00,0.00) leader=(0.00,0.00) fallbacks=0
[mpc_node-2] [INFO] [1783590190.790028172] [px4_0.mpc_node_0]: [d0] solve: status=0 time=0.15ms cost=0.1 pos=(-0.17,0.02,-5.04) local=(-0.90,-0.51,-5.04) wbirth=(0.73,0.53,0.00) ref=(0.00,0.00) leader=(0.00,0.00) fallbacks=0
[mpc_node-5] [INFO] [1783590191.705180561] [px4_3.mpc_node_3]: [d3] solve: status=0 time=0.17ms cost=0.0 pos=(3.03,-0.10,-4.98) local=(-0.67,0.44,-6.12) wbirth=(3.70,-0.54,1.15) ref=(3.00,0.00) leader=(0.00,0.00) fallbacks=0
[mpc_node-4] [INFO] [1783590191.718079789] [px4_2.mpc_node_2]: [d2] solve: status=0 time=0.17ms cost=0.0 pos=(-0.04,-2.99,-4.95) local=(0.59,-0.32,-6.16) wbirth=(-0.63,-2.67,1.20) ref=(0.00,-3.00) leader=(0.00,0.00) fallbacks=0
[mpc_node-3] [INFO] [1783590191.724996550] [px4_1.mpc_node_1]: [d1] solve: status=0 time=0.16ms cost=0.0 pos=(0.04,3.02,-5.08) local=(-0.40,-0.11,-6.04) wbirth=(0.44,3.14,0.96) ref=(0.00,3.00) leader=(0.00,0.00) fallbacks=0
[mpc_node-6] [INFO] [1783590191.752231612] [px4_4.mpc_node_4]: [d4] solve: status=0 time=0.17ms cost=0.0 pos=(-3.12,0.08,-5.01) local=(0.38,1.13,-5.16) wbirth=(-3.51,-1.05,0.14) ref=(-3.00,0.00) leader=(0.00,0.00) fallbacks=0
[mpc_node-2] [INFO] [1783590191.790817015] [px4_0.mpc_node_0]: [d0] solve: status=0 time=0.20ms cost=0.0 pos=(-0.15,0.07,-5.01) local=(-0.87,-0.46,-5.01) wbirth=(0.73,0.53,0.00) ref=(0.00,0.00) leader=(0.00,0.00) fallbacks=0
[mpc_node-5] [INFO] [1783590192.706558289] [px4_3.mpc_node_3]: [d3] solve: status=0 time=0.20ms cost=0.0 pos=(2.96,-0.09,-4.99) local=(-0.74,0.45,-6.14) wbirth=(3.70,-0.54,1.15) ref=(3.00,0.00) leader=(0.00,0.00) fallbacks=0
[mpc_node-4] [INFO] [1783590192.717987135] [px4_2.mpc_node_2]: [d2] solve: status=0 time=0.17ms cost=0.0 pos=(0.02,-3.02,-4.98) local=(0.65,-0.34,-6.18) wbirth=(-0.63,-2.67,1.20) ref=(0.00,-3.00) leader=(0.00,0.00) fallbacks=0
[mpc_node-3] [INFO] [1783590192.725564870] [px4_1.mpc_node_1]: [d1] solve: status=0 time=0.22ms cost=0.0 pos=(-0.05,3.07,-4.99) local=(-0.49,-0.06,-5.95) wbirth=(0.44,3.14,0.96) ref=(0.00,3.00) leader=(0.00,0.00) fallbacks=0
[mpc_node-6] [INFO] [1783590192.751722950] [px4_4.mpc_node_4]: [d4] solve: status=0 time=0.17ms cost=0.0 pos=(-3.08,0.03,-4.97) local=(0.43,1.07,-5.11) wbirth=(-3.51,-1.05,0.14) ref=(-3.00,0.00) leader=(0.00,0.00) fallbacks=0
[mpc_node-2] [INFO] [1783590192.789837346] [px4_0.mpc_node_0]: [d0] solve: status=0 time=0.17ms cost=0.0 pos=(0.02,0.05,-4.99) local=(-0.70,-0.48,-4.99) wbirth=(0.73,0.53,0.00) ref=(0.00,0.00) leader=(0.00,0.00) fallbacks=0
[leader_node-1] [INFO] [1783590193.605890786] [leader_node]: formation ready — starting leader motion at t=41.2s
[leader_node-1] [INFO] [1783590193.606046891] [leader_node]: Yaw aligned to 0.0°, starting line motion
[mpc_node-5] [INFO] [1783590193.706310379] [px4_3.mpc_node_3]: [d3] solve: status=0 time=0.23ms cost=0.5 pos=(2.96,-0.11,-4.99) local=(-0.74,0.43,-6.14) wbirth=(3.70,-0.54,1.15) ref=(3.08,0.00) leader=(0.08,0.00) fallbacks=0
[mpc_node-4] [INFO] [1783590193.718366232] [px4_2.mpc_node_2]: [d2] solve: status=0 time=0.26ms cost=0.4 pos=(-0.02,-3.03,-4.99) local=(0.61,-0.36,-6.19) wbirth=(-0.63,-2.67,1.20) ref=(0.10,-3.00) leader=(0.10,0.00) fallbacks=0
[mpc_node-3] [INFO] [1783590193.725264466] [px4_1.mpc_node_1]: [d1] solve: status=0 time=0.22ms cost=0.5 pos=(-0.03,3.08,-5.00) local=(-0.47,-0.05,-5.96) wbirth=(0.44,3.14,0.96) ref=(0.10,3.00) leader=(0.10,0.00) fallbacks=0
[mpc_node-6] [INFO] [1783590193.751798378] [px4_4.mpc_node_4]: [d4] solve: status=0 time=0.24ms cost=0.4 pos=(-2.98,-0.03,-4.97) local=(0.53,1.02,-5.11) wbirth=(-3.51,-1.05,0.14) ref=(-2.86,0.00) leader=(0.14,0.00) fallbacks=0
[mpc_node-2] [INFO] [1783590193.789730920] [px4_0.mpc_node_0]: [d0] solve: status=0 time=0.23ms cost=0.3 pos=(0.14,0.07,-5.00) local=(-0.59,-0.47,-5.00) wbirth=(0.73,0.53,0.00) ref=(0.18,0.00) leader=(0.18,0.00) fallbacks=0
[mpc_node-5] [INFO] [1783590194.708040922] [px4_3.mpc_node_3]: [d3] solve: status=0 time=0.32ms cost=3.0 pos=(3.06,-0.09,-4.98) local=(-0.65,0.45,-6.13) wbirth=(3.70,-0.54,1.15) ref=(4.08,0.00) leader=(1.10,0.00) fallbacks=0
[mpc_node-4] [INFO] [1783590194.718427654] [px4_2.mpc_node_2]: [d2] solve: status=0 time=0.26ms cost=2.5 pos=(0.17,-3.00,-5.03) local=(0.80,-0.33,-6.23) wbirth=(-0.63,-2.67,1.20) ref=(1.10,-3.00) leader=(1.10,0.00) fallbacks=0
[mpc_node-3] [INFO] [1783590194.726326498] [px4_1.mpc_node_1]: [d1] solve: status=0 time=0.24ms cost=2.3 pos=(0.20,3.04,-5.01) local=(-0.24,-0.09,-5.97) wbirth=(0.44,3.14,0.96) ref=(1.10,3.00) leader=(1.12,0.00) fallbacks=0
[mpc_node-6] [INFO] [1783590194.751850965] [px4_4.mpc_node_4]: [d4] solve: status=0 time=0.20ms cost=2.0 pos=(-2.72,-0.06,-4.98) local=(0.78,0.99,-5.12) wbirth=(-3.51,-1.05,0.14) ref=(-1.86,0.00) leader=(1.14,0.00) fallbacks=0
[mpc_node-2] [INFO] [1783590194.790826853] [px4_0.mpc_node_0]: [d0] solve: status=0 time=0.23ms cost=1.9 pos=(0.37,0.01,-4.95) local=(-0.36,-0.53,-4.95) wbirth=(0.73,0.53,0.00) ref=(1.18,0.00) leader=(1.18,0.00) fallbacks=0
[mpc_node-5] [INFO] [1783590195.705569943] [px4_3.mpc_node_3]: [d3] solve: status=0 time=0.22ms cost=5.7 pos=(3.52,-0.02,-4.99) local=(-0.18,0.52,-6.13) wbirth=(3.70,-0.54,1.15) ref=(5.08,0.00) leader=(2.08,0.00) fallbacks=0
[mpc_node-4] [INFO] [1783590195.717400023] [px4_2.mpc_node_2]: [d2] solve: status=0 time=0.20ms cost=5.4 pos=(0.57,-2.97,-5.03) local=(1.20,-0.30,-6.23) wbirth=(-0.63,-2.67,1.20) ref=(2.10,-3.00) leader=(2.10,0.00) fallbacks=0
[mpc_node-3] [INFO] [1783590195.724739381] [px4_1.mpc_node_1]: [d1] solve: status=0 time=0.22ms cost=4.7 pos=(0.66,2.99,-5.01) local=(0.22,-0.15,-5.97) wbirth=(0.44,3.14,0.96) ref=(2.10,3.00) leader=(2.10,0.00) fallbacks=0
[mpc_node-6] [INFO] [1783590195.752235879] [px4_4.mpc_node_4]: [d4] solve: status=0 time=0.27ms cost=4.1 pos=(-2.21,-0.08,-4.97) local=(1.30,0.97,-5.11) wbirth=(-3.51,-1.05,0.14) ref=(-0.86,0.00) leader=(2.14,0.00) fallbacks=0
[mpc_node-2] [INFO] [1783590195.789542769] [px4_0.mpc_node_0]: [d0] solve: status=0 time=0.26ms cost=3.2 pos=(0.98,-0.08,-5.00) local=(0.26,-0.61,-5.00) wbirth=(0.73,0.53,0.00) ref=(2.18,0.00) leader=(2.18,0.00) fallbacks=0
[mpc_node-5] [INFO] [1783590196.705438356] [px4_3.mpc_node_3]: [d3] solve: status=0 time=0.19ms cost=6.4 pos=(4.32,0.08,-5.07) local=(0.62,0.62,-6.22) wbirth=(3.70,-0.54,1.15) ref=(6.08,0.00) leader=(3.08,0.00) fallbacks=0
[mpc_node-4] [INFO] [1783590196.717642547] [px4_2.mpc_node_2]: [d2] solve: status=0 time=0.23ms cost=5.8 pos=(1.41,-2.99,-5.02) local=(2.04,-0.32,-6.22) wbirth=(-0.63,-2.67,1.20) ref=(3.10,-3.00) leader=(3.10,0.00) fallbacks=0
[mpc_node-3] [INFO] [1783590196.724770424] [px4_1.mpc_node_1]: [d1] solve: status=0 time=0.21ms cost=5.7 pos=(1.43,2.90,-4.96) local=(0.99,-0.24,-5.92) wbirth=(0.44,3.14,0.96) ref=(3.10,3.00) leader=(3.10,0.00) fallbacks=0
[mpc_node-6] [INFO] [1783590196.751731506] [px4_4.mpc_node_4]: [d4] solve: status=0 time=0.20ms cost=4.0 pos=(-1.30,-0.05,-4.99) local=(2.20,1.00,-5.13) wbirth=(-3.51,-1.05,0.14) ref=(0.14,0.00) leader=(3.14,0.00) fallbacks=0
[mpc_node-2] [INFO] [1783590196.789482455] [px4_0.mpc_node_0]: [d0] solve: status=0 time=0.22ms cost=2.9 pos=(1.97,-0.16,-5.03) local=(1.25,-0.70,-5.03) wbirth=(0.73,0.53,0.00) ref=(3.18,0.00) leader=(3.18,0.00) fallbacks=0
[mpc_node-5] [INFO] [1783590197.705670708] [px4_3.mpc_node_3]: [d3] solve: status=0 time=0.27ms cost=4.7 pos=(5.50,0.17,-5.02) local=(1.79,0.71,-6.16) wbirth=(3.70,-0.54,1.15) ref=(7.08,0.00) leader=(4.08,0.00) fallbacks=0
[mpc_node-4] [INFO] [1783590197.717717836] [px4_2.mpc_node_2]: [d2] solve: status=0 time=0.23ms cost=4.3 pos=(2.57,-3.10,-4.92) local=(3.20,-0.42,-6.13) wbirth=(-0.63,-2.67,1.20) ref=(4.10,-3.00) leader=(4.10,0.00) fallbacks=0
[mpc_node-3] [INFO] [1783590197.725477646] [px4_1.mpc_node_1]: [d1] solve: status=0 time=0.29ms cost=3.8 pos=(2.65,2.83,-4.97) local=(2.21,-0.31,-5.93) wbirth=(0.44,3.14,0.96) ref=(4.10,3.00) leader=(4.10,0.00) fallbacks=0
[mpc_node-6] [INFO] [1783590197.752334764] [px4_4.mpc_node_4]: [d4] solve: status=0 time=0.20ms cost=2.3 pos=(-0.00,-0.03,-5.04) local=(3.51,1.02,-5.18) wbirth=(-3.51,-1.05,0.14) ref=(1.14,0.00) leader=(4.14,0.00) fallbacks=0
[mpc_node-2] [INFO] [1783590197.789440869] [px4_0.mpc_node_0]: [d0] solve: status=0 time=0.18ms cost=1.5 pos=(3.26,-0.10,-4.99) local=(2.54,-0.63,-4.99) wbirth=(0.73,0.53,0.00) ref=(4.18,0.00) leader=(4.18,0.00) fallbacks=0
[mpc_node-5] [INFO] [1783590198.705516252] [px4_3.mpc_node_3]: [d3] solve: status=0 time=0.20ms cost=1.8 pos=(7.05,0.11,-5.00) local=(3.35,0.65,-6.15) wbirth=(3.70,-0.54,1.15) ref=(8.08,0.00) leader=(5.08,0.00) fallbacks=0
[mpc_node-4] [INFO] [1783590198.717511321] [px4_2.mpc_node_2]: [d2] solve: status=0 time=0.26ms cost=1.4 pos=(4.17,-3.16,-4.99) local=(4.80,-0.48,-6.20) wbirth=(-0.63,-2.67,1.20) ref=(5.10,-3.00) leader=(5.10,0.00) fallbacks=0
[mpc_node-3] [INFO] [1783590198.725056209] [px4_1.mpc_node_1]: [d1] solve: status=0 time=0.20ms cost=1.1 pos=(4.28,2.84,-4.97) local=(3.85,-0.30,-5.93) wbirth=(0.44,3.14,0.96) ref=(5.10,3.00) leader=(5.10,0.00) fallbacks=0
[mpc_node-6] [INFO] [1783590198.752055950] [px4_4.mpc_node_4]: [d4] solve: status=0 time=0.17ms cost=0.4 pos=(1.63,0.04,-5.00) local=(5.13,1.09,-5.14) wbirth=(-3.51,-1.05,0.14) ref=(2.14,0.00) leader=(5.14,0.00) fallbacks=0
[mpc_node-2] [INFO] [1783590198.789339935] [px4_0.mpc_node_0]: [d0] solve: status=0 time=0.17ms cost=0.4 pos=(4.73,-0.05,-5.03) local=(4.00,-0.59,-5.03) wbirth=(0.73,0.53,0.00) ref=(5.18,0.00) leader=(5.18,0.00) fallbacks=0
[mpc_node-5] [INFO] [1783590199.705117685] [px4_3.mpc_node_3]: [d3] solve: status=0 time=0.19ms cost=0.2 pos=(8.92,-0.03,-4.99) local=(5.22,0.51,-6.14) wbirth=(3.70,-0.54,1.15) ref=(9.08,0.00) leader=(6.08,0.00) fallbacks=0
[mpc_node-4] [INFO] [1783590199.717639187] [px4_2.mpc_node_2]: [d2] solve: status=0 time=0.23ms cost=0.3 pos=(5.95,-3.20,-5.05) local=(6.58,-0.52,-6.25) wbirth=(-0.63,-2.67,1.20) ref=(6.10,-3.00) leader=(6.10,0.00) fallbacks=0
[mpc_node-3] [INFO] [1783590199.724902803] [px4_1.mpc_node_1]: [d1] solve: status=0 time=0.24ms cost=0.3 pos=(6.08,2.82,-4.92) local=(5.64,-0.31,-5.88) wbirth=(0.44,3.14,0.96) ref=(6.10,3.00) leader=(6.10,0.00) fallbacks=0
[mpc_node-6] [INFO] [1783590199.752269085] [px4_4.mpc_node_4]: [d4] solve: status=0 time=0.22ms cost=0.3 pos=(3.35,0.06,-5.00) local=(6.86,1.11,-5.14) wbirth=(-3.51,-1.05,0.14) ref=(3.14,0.00) leader=(6.14,0.00) fallbacks=0
[mpc_node-2] [INFO] [1783590199.789399604] [px4_0.mpc_node_0]: [d0] solve: status=0 time=0.17ms cost=0.2 pos=(6.31,-0.01,-4.98) local=(5.58,-0.54,-4.98) wbirth=(0.73,0.53,0.00) ref=(6.18,0.00) leader=(6.18,0.00) fallbacks=0
[mpc_node-5] [INFO] [1783590200.705226136] [px4_3.mpc_node_3]: [d3] solve: status=0 time=0.22ms cost=1.1 pos=(10.66,-0.09,-5.02) local=(6.96,0.45,-6.16) wbirth=(3.70,-0.54,1.15) ref=(10.08,0.00) leader=(7.08,0.00) fallbacks=0
[mpc_node-4] [INFO] [1783590200.717422095] [px4_2.mpc_node_2]: [d2] solve: status=0 time=0.23ms cost=1.1 pos=(7.69,-3.12,-4.99) local=(8.32,-0.44,-6.19) wbirth=(-0.63,-2.67,1.20) ref=(7.10,-3.00) leader=(7.10,0.00) fallbacks=0
[mpc_node-3] [INFO] [1783590200.725305254] [px4_1.mpc_node_1]: [d1] solve: status=0 time=0.22ms cost=1.2 pos=(7.73,2.96,-4.98) local=(7.29,-0.18,-5.94) wbirth=(0.44,3.14,0.96) ref=(7.10,3.00) leader=(7.10,0.00) fallbacks=0
[mpc_node-6] [INFO] [1783590200.752472832] [px4_4.mpc_node_4]: [d4] solve: status=0 time=0.20ms cost=1.3 pos=(4.86,-0.02,-5.03) local=(8.37,1.03,-5.17) wbirth=(-3.51,-1.05,0.14) ref=(4.14,0.00) leader=(7.14,0.00) fallbacks=0
[mpc_node-2] [INFO] [1783590200.790097660] [px4_0.mpc_node_0]: [d0] solve: status=0 time=0.25ms cost=0.8 pos=(7.73,0.06,-5.03) local=(7.01,-0.48,-5.03) wbirth=(0.73,0.53,0.00) ref=(7.18,0.00) leader=(7.18,0.00) fallbacks=0
[mpc_node-5] [INFO] [1783590201.705373374] [px4_3.mpc_node_3]: [d3] solve: status=0 time=0.22ms cost=2.6 pos=(12.12,-0.08,-5.05) local=(8.42,0.46,-6.19) wbirth=(3.70,-0.54,1.15) ref=(11.08,0.00) leader=(8.08,0.00) fallbacks=0
[mpc_node-4] [INFO] [1783590201.717208898] [px4_2.mpc_node_2]: [d2] solve: status=0 time=0.20ms cost=3.1 pos=(9.25,-2.94,-4.96) local=(9.88,-0.26,-6.16) wbirth=(-0.63,-2.67,1.20) ref=(8.10,-3.00) leader=(8.10,0.00) fallbacks=0
[mpc_node-3] [INFO] [1783590201.725058968] [px4_1.mpc_node_1]: [d1] solve: status=0 time=0.19ms cost=3.1 pos=(9.25,3.11,-5.00) local=(8.81,-0.02,-5.96) wbirth=(0.44,3.14,0.96) ref=(8.10,3.00) leader=(8.10,0.00) fallbacks=0
[mpc_node-6] [INFO] [1783590201.752779857] [px4_4.mpc_node_4]: [d4] solve: status=0 time=0.20ms cost=2.2 pos=(6.17,-0.01,-5.02) local=(9.67,1.03,-5.16) wbirth=(-3.51,-1.05,0.14) ref=(5.14,0.00) leader=(8.14,0.00) fallbacks=0
[mpc_node-2] [INFO] [1783590201.789909348] [px4_0.mpc_node_0]: [d0] solve: status=0 time=0.24ms cost=1.2 pos=(8.93,0.16,-5.01) local=(8.21,-0.37,-5.01) wbirth=(0.73,0.53,0.00) ref=(8.18,0.00) leader=(8.18,0.00) fallbacks=0
[mpc_node-5] [INFO] [1783590202.705333732] [px4_3.mpc_node_3]: [d3] solve: status=0 time=0.19ms cost=3.8 pos=(13.42,-0.05,-5.04) local=(9.72,0.49,-6.18) wbirth=(3.70,-0.54,1.15) ref=(12.08,0.00) leader=(9.08,0.00) fallbacks=0
[mpc_node-4] [INFO] [1783590202.717452489] [px4_2.mpc_node_2]: [d2] solve: status=0 time=0.20ms cost=4.3 pos=(10.52,-2.79,-5.01) local=(11.15,-0.12,-6.22) wbirth=(-0.63,-2.67,1.20) ref=(9.10,-3.00) leader=(9.10,0.00) fallbacks=0
[mpc_node-3] [INFO] [1783590202.724970129] [px4_1.mpc_node_1]: [d1] solve: status=0 time=0.19ms cost=3.7 pos=(10.43,3.21,-4.93) local=(9.99,0.07,-5.89) wbirth=(0.44,3.14,0.96) ref=(9.10,3.00) leader=(9.10,0.00) fallbacks=0
[mpc_node-6] [INFO] [1783590202.752044977] [px4_4.mpc_node_4]: [d4] solve: status=0 time=0.19ms cost=1.9 pos=(7.15,0.03,-4.99) local=(10.65,1.08,-5.13) wbirth=(-3.51,-1.05,0.14) ref=(6.14,0.00) leader=(9.14,0.00) fallbacks=0
[mpc_node-2] [INFO] [1783590202.789813942] [px4_0.mpc_node_0]: [d0] solve: status=0 time=0.17ms cost=0.9 pos=(9.87,0.10,-5.04) local=(9.14,-0.43,-5.04) wbirth=(0.73,0.53,0.00) ref=(9.18,0.00) leader=(9.18,0.00) fallbacks=0
[mpc_node-5] [INFO] [1783590203.705187509] [px4_3.mpc_node_3]: [d3] solve: status=0 time=0.20ms cost=3.5 pos=(14.42,-0.02,-5.06) local=(10.72,0.52,-6.20) wbirth=(3.70,-0.54,1.15) ref=(13.08,0.00) leader=(10.08,0.00) fallbacks=0
[mpc_node-4] [INFO] [1783590203.717323815] [px4_2.mpc_node_2]: [d2] solve: status=0 time=0.22ms cost=4.0 pos=(11.52,-2.68,-5.01) local=(12.15,-0.01,-6.21) wbirth=(-0.63,-2.67,1.20) ref=(10.10,-3.00) leader=(10.10,0.00) fallbacks=0
[mpc_node-3] [INFO] [1783590203.724874267] [px4_1.mpc_node_1]: [d1] solve: status=0 time=0.20ms cost=2.6 pos=(11.28,3.25,-4.98) local=(10.84,0.11,-5.94) wbirth=(0.44,3.14,0.96) ref=(10.10,3.00) leader=(10.10,0.00) fallbacks=0
[mpc_node-6] [INFO] [1783590203.752570127] [px4_4.mpc_node_4]: [d4] solve: status=0 time=0.27ms cost=1.0 pos=(7.92,0.08,-4.99) local=(11.43,1.13,-5.13) wbirth=(-3.51,-1.05,0.14) ref=(7.14,0.00) leader=(10.14,0.00) fallbacks=0
[mpc_node-2] [INFO] [1783590203.789305373] [px4_0.mpc_node_0]: [d0] solve: status=0 time=0.17ms cost=0.5 pos=(10.64,0.09,-5.07) local=(9.91,-0.45,-5.07) wbirth=(0.73,0.53,0.00) ref=(10.18,0.00) leader=(10.18,0.00) fallbacks=0
[mpc_node-5] [INFO] [1783590204.705186038] [px4_3.mpc_node_3]: [d3] solve: status=0 time=0.19ms cost=1.8 pos=(15.08,0.02,-5.03) local=(11.38,0.56,-6.17) wbirth=(3.70,-0.54,1.15) ref=(14.08,0.00) leader=(11.08,0.00) fallbacks=0
[mpc_node-4] [INFO] [1783590204.718167523] [px4_2.mpc_node_2]: [d2] solve: status=0 time=0.23ms cost=2.1 pos=(12.18,-2.71,-4.99) local=(12.81,-0.04,-6.19) wbirth=(-0.63,-2.67,1.20) ref=(11.10,-3.00) leader=(11.10,0.00) fallbacks=0
[mpc_node-3] [INFO] [1783590204.724788385] [px4_1.mpc_node_1]: [d1] solve: status=0 time=0.17ms cost=1.1 pos=(11.88,3.24,-5.03) local=(11.44,0.11,-5.99) wbirth=(0.44,3.14,0.96) ref=(11.10,3.00) leader=(11.10,0.00) fallbacks=0
[mpc_node-6] [INFO] [1783590204.751280777] [px4_4.mpc_node_4]: [d4] solve: status=0 time=0.17ms cost=0.1 pos=(8.38,0.10,-4.95) local=(11.88,1.15,-5.09) wbirth=(-3.51,-1.05,0.14) ref=(8.14,0.00) leader=(11.14,0.00) fallbacks=0
[mpc_node-2] [INFO] [1783590204.790229133] [px4_0.mpc_node_0]: [d0] solve: status=0 time=0.21ms cost=0.1 pos=(11.24,0.03,-4.94) local=(10.52,-0.51,-4.94) wbirth=(0.73,0.53,0.00) ref=(11.18,0.00) leader=(11.18,0.00) fallbacks=0
[mpc_node-5] [INFO] [1783590205.706399692] [px4_3.mpc_node_3]: [d3] solve: status=0 time=0.21ms cost=0.4 pos=(15.53,0.09,-5.00) local=(11.83,0.63,-6.15) wbirth=(3.70,-0.54,1.15) ref=(15.08,0.00) leader=(12.08,0.00) fallbacks=0
[mpc_node-4] [INFO] [1783590205.717705286] [px4_2.mpc_node_2]: [d2] solve: status=0 time=0.20ms cost=0.3 pos=(12.47,-2.84,-5.00) local=(13.10,-0.17,-6.20) wbirth=(-0.63,-2.67,1.20) ref=(12.10,-3.00) leader=(12.10,0.00) fallbacks=0
[mpc_node-3] [INFO] [1783590205.725095273] [px4_1.mpc_node_1]: [d1] solve: status=0 time=0.20ms cost=0.2 pos=(12.31,3.14,-5.07) local=(11.87,0.01,-6.03) wbirth=(0.44,3.14,0.96) ref=(12.10,3.00) leader=(12.10,0.00) fallbacks=0
[mpc_node-6] [INFO] [1783590205.752108992] [px4_4.mpc_node_4]: [d4] solve: status=0 time=0.20ms cost=0.3 pos=(8.89,0.08,-4.95) local=(12.40,1.13,-5.09) wbirth=(-3.51,-1.05,0.14) ref=(9.14,0.00) leader=(12.14,0.00) fallbacks=0
[mpc_node-2] [INFO] [1783590205.790090374] [px4_0.mpc_node_0]: [d0] solve: status=0 time=0.21ms cost=0.2 pos=(11.99,-0.06,-4.92) local=(11.26,-0.60,-4.92) wbirth=(0.73,0.53,0.00) ref=(12.18,0.00) leader=(12.18,0.00) fallbacks=0
[mpc_node-5] [INFO] [1783590206.705954955] [px4_3.mpc_node_3]: [d3] solve: status=0 time=0.23ms cost=0.2 pos=(15.95,0.08,-4.97) local=(12.25,0.62,-6.11) wbirth=(3.70,-0.54,1.15) ref=(16.08,0.00) leader=(13.08,0.00) fallbacks=0
[mpc_node-4] [INFO] [1783590206.717724542] [px4_2.mpc_node_2]: [d2] solve: status=0 time=0.23ms cost=0.5 pos=(12.73,-2.99,-4.97) local=(13.36,-0.31,-6.18) wbirth=(-0.63,-2.67,1.20) ref=(13.10,-3.00) leader=(13.10,0.00) fallbacks=0
[mpc_node-3] [INFO] [1783590206.724707479] [px4_1.mpc_node_1]: [d1] solve: status=0 time=0.19ms cost=0.5 pos=(12.73,2.97,-4.96) local=(12.29,-0.17,-5.92) wbirth=(0.44,3.14,0.96) ref=(13.10,3.00) leader=(13.10,0.00) fallbacks=0
[mpc_node-6] [INFO] [1783590206.751481769] [px4_4.mpc_node_4]: [d4] solve: status=0 time=0.23ms cost=0.7 pos=(9.59,0.02,-4.93) local=(13.10,1.07,-5.07) wbirth=(-3.51,-1.05,0.14) ref=(10.14,0.00) leader=(13.14,0.00) fallbacks=0
[mpc_node-2] [INFO] [1783590206.790501551] [px4_0.mpc_node_0]: [d0] solve: status=0 time=0.20ms cost=0.1 pos=(12.96,-0.08,-5.01) local=(12.23,-0.62,-5.01) wbirth=(0.73,0.53,0.00) ref=(13.18,0.00) leader=(13.18,0.00) fallbacks=0
[mpc_node-5] [INFO] [1783590207.706429029] [px4_3.mpc_node_3]: [d3] solve: status=0 time=0.19ms cost=0.7 pos=(16.55,0.00,-5.01) local=(12.85,0.54,-6.15) wbirth=(3.70,-0.54,1.15) ref=(17.08,0.00) leader=(14.08,0.00) fallbacks=0
[mpc_node-4] [INFO] [1783590207.718281487] [px4_2.mpc_node_2]: [d2] solve: status=0 time=0.20ms cost=1.1 pos=(13.41,-3.11,-5.01) local=(14.04,-0.44,-6.22) wbirth=(-0.63,-2.67,1.20) ref=(14.10,-3.00) leader=(14.10,0.00) fallbacks=0
[mpc_node-3] [INFO] [1783590207.727116705] [px4_1.mpc_node_1]: [d1] solve: status=0 time=0.19ms cost=1.0 pos=(13.44,2.90,-5.02) local=(13.00,-0.23,-5.98) wbirth=(0.44,3.14,0.96) ref=(14.10,3.00) leader=(14.12,0.00) fallbacks=0
[mpc_node-6] [INFO] [1783590207.751890236] [px4_4.mpc_node_4]: [d4] solve: status=0 time=0.20ms cost=0.5 pos=(10.60,-0.02,-4.97) local=(14.10,1.02,-5.11) wbirth=(-3.51,-1.05,0.14) ref=(11.14,0.00) leader=(14.14,0.00) fallbacks=0
[mpc_node-2] [INFO] [1783590207.790407905] [px4_0.mpc_node_0]: [d0] solve: status=0 time=0.17ms cost=0.1 pos=(13.99,-0.11,-5.02) local=(13.26,-0.65,-5.02) wbirth=(0.73,0.53,0.00) ref=(14.18,0.00) leader=(14.18,0.00) fallbacks=0
[mpc_node-5] [INFO] [1783590208.706870992] [px4_3.mpc_node_3]: [d3] solve: status=0 time=0.19ms cost=1.1 pos=(17.35,-0.07,-5.01) local=(13.64,0.47,-6.16) wbirth=(3.70,-0.54,1.15) ref=(18.08,0.00) leader=(15.10,0.00) fallbacks=0
[mpc_node-4] [INFO] [1783590208.717578111] [px4_2.mpc_node_2]: [d2] solve: status=0 time=0.20ms cost=1.4 pos=(14.29,-3.23,-5.02) local=(14.92,-0.55,-6.23) wbirth=(-0.63,-2.67,1.20) ref=(15.10,-3.00) leader=(15.10,0.00) fallbacks=0
[mpc_node-3] [INFO] [1783590208.726099761] [px4_1.mpc_node_1]: [d1] solve: status=0 time=0.17ms cost=0.8 pos=(14.44,2.88,-5.09) local=(14.00,-0.26,-6.05) wbirth=(0.44,3.14,0.96) ref=(15.10,3.00) leader=(15.10,0.00) fallbacks=0
[mpc_node-6] [INFO] [1783590208.752050157] [px4_4.mpc_node_4]: [d4] solve: status=0 time=0.17ms cost=0.2 pos=(11.79,-0.07,-5.06) local=(15.29,0.98,-5.20) wbirth=(-3.51,-1.05,0.14) ref=(12.14,0.00) leader=(15.14,0.00) fallbacks=0
[mpc_node-2] [INFO] [1783590208.790369123] [px4_0.mpc_node_0]: [d0] solve: status=0 time=0.17ms cost=0.1 pos=(15.03,-0.06,-4.99) local=(14.30,-0.60,-4.99) wbirth=(0.73,0.53,0.00) ref=(15.18,0.00) leader=(15.18,0.00) fallbacks=0
[mpc_node-5] [INFO] [1783590209.705441873] [px4_3.mpc_node_3]: [d3] solve: status=0 time=0.20ms cost=0.8 pos=(18.43,-0.05,-5.01) local=(14.73,0.49,-6.15) wbirth=(3.70,-0.54,1.15) ref=(19.08,0.00) leader=(16.08,0.00) fallbacks=0
[mpc_node-4] [INFO] [1783590209.717664557] [px4_2.mpc_node_2]: [d2] solve: status=0 time=0.20ms cost=0.8 pos=(15.50,-3.29,-5.01) local=(16.13,-0.62,-6.21) wbirth=(-0.63,-2.67,1.20) ref=(16.10,-3.00) leader=(16.10,0.00) fallbacks=0
[mpc_node-3] [INFO] [1783590209.725343836] [px4_1.mpc_node_1]: [d1] solve: status=0 time=0.14ms cost=0.4 pos=(15.67,2.82,-5.04) local=(15.24,-0.32,-6.00) wbirth=(0.44,3.14,0.96) ref=(16.10,3.00) leader=(16.10,0.00) fallbacks=0
[mpc_node-6] [INFO] [1783590209.752523469] [px4_4.mpc_node_4]: [d4] solve: status=0 time=0.18ms cost=0.1 pos=(13.18,-0.07,-5.04) local=(16.69,0.98,-5.18) wbirth=(-3.51,-1.05,0.14) ref=(13.14,0.00) leader=(16.14,0.00) fallbacks=0
[mpc_node-2] [INFO] [1783590209.789790002] [px4_0.mpc_node_0]: [d0] solve: status=0 time=0.18ms cost=0.1 pos=(16.13,-0.06,-5.02) local=(15.40,-0.59,-5.02) wbirth=(0.73,0.53,0.00) ref=(16.18,0.00) leader=(16.18,0.00) fallbacks=0
[mpc_node-5] [INFO] [1783590210.705137028] [px4_3.mpc_node_3]: [d3] solve: status=0 time=0.17ms cost=0.1 pos=(19.82,0.05,-5.00) local=(16.12,0.59,-6.15) wbirth=(3.70,-0.54,1.15) ref=(20.08,0.00) leader=(17.08,0.00) fallbacks=0
[mpc_node-4] [INFO] [1783590210.717251766] [px4_2.mpc_node_2]: [d2] solve: status=0 time=0.17ms cost=0.2 pos=(16.93,-3.28,-5.01) local=(17.56,-0.61,-6.21) wbirth=(-0.63,-2.67,1.20) ref=(17.10,-3.00) leader=(17.10,0.00) fallbacks=0
[mpc_node-3] [INFO] [1783590210.725050856] [px4_1.mpc_node_1]: [d1] solve: status=0 time=0.17ms cost=0.1 pos=(17.02,2.80,-4.98) local=(16.58,-0.33,-5.94) wbirth=(0.44,3.14,0.96) ref=(17.10,3.00) leader=(17.10,0.00) fallbacks=0
[mpc_node-6] [INFO] [1783590210.752426005] [px4_4.mpc_node_4]: [d4] solve: status=0 time=0.17ms cost=0.2 pos=(14.44,-0.09,-5.01) local=(17.94,0.96,-5.15) wbirth=(-3.51,-1.05,0.14) ref=(14.14,0.00) leader=(17.14,0.00) fallbacks=0
[mpc_node-2] [INFO] [1783590210.789594206] [px4_0.mpc_node_0]: [d0] solve: status=0 time=0.18ms cost=0.0 pos=(17.21,0.02,-4.97) local=(16.49,-0.52,-4.97) wbirth=(0.73,0.53,0.00) ref=(17.18,0.00) leader=(17.18,0.00) fallbacks=0
[mpc_node-5] [INFO] [1783590211.706012801] [px4_3.mpc_node_3]: [d3] solve: status=0 time=0.20ms cost=0.2 pos=(21.26,0.06,-5.00) local=(17.56,0.60,-6.14) wbirth=(3.70,-0.54,1.15) ref=(21.08,0.00) leader=(18.08,0.00) fallbacks=0
[mpc_node-4] [INFO] [1783590211.717244823] [px4_2.mpc_node_2]: [d2] solve: status=0 time=0.16ms cost=0.3 pos=(18.36,-3.12,-5.02) local=(18.99,-0.44,-6.23) wbirth=(-0.63,-2.67,1.20) ref=(18.10,-3.00) leader=(18.10,0.00) fallbacks=0
[mpc_node-3] [INFO] [1783590211.725176036] [px4_1.mpc_node_1]: [d1] solve: status=0 time=0.20ms cost=0.3 pos=(18.38,2.87,-4.94) local=(17.94,-0.27,-5.90) wbirth=(0.44,3.14,0.96) ref=(18.10,3.00) leader=(18.10,0.00) fallbacks=0
[mpc_node-6] [INFO] [1783590211.753246785] [px4_4.mpc_node_4]: [d4] solve: status=0 time=0.21ms cost=0.2 pos=(15.47,-0.08,-5.01) local=(18.98,0.97,-5.15) wbirth=(-3.51,-1.05,0.14) ref=(15.14,0.00) leader=(18.14,0.00) fallbacks=0
[mpc_node-2] [INFO] [1783590211.790740517] [px4_0.mpc_node_0]: [d0] solve: status=0 time=0.18ms cost=0.0 pos=(18.28,0.05,-4.96) local=(17.56,-0.48,-4.96) wbirth=(0.73,0.53,0.00) ref=(18.18,0.00) leader=(18.18,0.00) fallbacks=0
[mpc_node-5] [INFO] [1783590212.705062950] [px4_3.mpc_node_3]: [d3] solve: status=0 time=0.17ms cost=0.3 pos=(22.44,-0.02,-5.04) local=(18.74,0.52,-6.19) wbirth=(3.70,-0.54,1.15) ref=(22.08,0.00) leader=(19.08,0.00) fallbacks=0
[mpc_node-5] [INFO] [1783590212.705297276] [px4_3.mpc_node_3]: [d3] track-err total=0.364m radial=-0.364 tangential=-0.364 (|v|=0.96 |a|=0.50)
[mpc_node-4] [INFO] [1783590212.717200367] [px4_2.mpc_node_2]: [d2] solve: status=0 time=0.23ms cost=0.6 pos=(19.60,-2.93,-4.98) local=(20.22,-0.25,-6.19) wbirth=(-0.63,-2.67,1.20) ref=(19.10,-3.00) leader=(19.10,0.00) fallbacks=0
[mpc_node-4] [INFO] [1783590212.717440010] [px4_2.mpc_node_2]: [d2] track-err total=0.503m radial=-0.498 tangential=-0.498 (|v|=0.95 |a|=0.50)
[mpc_node-3] [INFO] [1783590212.724829174] [px4_1.mpc_node_1]: [d1] solve: status=0 time=0.17ms cost=0.4 pos=(19.49,2.97,-4.97) local=(19.05,-0.17,-5.93) wbirth=(0.44,3.14,0.96) ref=(19.10,3.00) leader=(19.10,0.00) fallbacks=0
[mpc_node-3] [INFO] [1783590212.725049827] [px4_1.mpc_node_1]: [d1] track-err total=0.392m radial=-0.391 tangential=-0.391 (|v|=0.95 |a|=0.50)
[mpc_node-6] [INFO] [1783590212.752451322] [px4_4.mpc_node_4]: [d4] solve: status=0 time=0.17ms cost=0.1 pos=(16.39,-0.04,-4.98) local=(19.90,1.01,-5.12) wbirth=(-3.51,-1.05,0.14) ref=(16.14,0.00) leader=(19.14,0.00) fallbacks=0
[mpc_node-6] [INFO] [1783590212.752679083] [px4_4.mpc_node_4]: [d4] track-err total=0.261m radial=-0.259 tangential=-0.259 (|v|=0.93 |a|=0.50)
[mpc_node-2] [INFO] [1783590212.789561829] [px4_0.mpc_node_0]: [d0] solve: status=0 time=0.17ms cost=0.1 pos=(19.32,0.05,-4.98) local=(18.60,-0.49,-4.98) wbirth=(0.73,0.53,0.00) ref=(19.17,0.00) leader=(19.17,0.00) fallbacks=0
[mpc_node-2] [INFO] [1783590212.789795161] [px4_0.mpc_node_0]: [d0] track-err total=0.160m radial=-0.153 tangential=-0.153 (|v|=0.91 |a|=0.50)
[mpc_node-5] [INFO] [1783590213.705254065] [px4_3.mpc_node_3]: [d3] solve: status=0 time=0.20ms cost=1.1 pos=(23.42,-0.05,-5.05) local=(19.72,0.49,-6.19) wbirth=(3.70,-0.54,1.15) ref=(22.79,0.00) leader=(19.79,0.00) fallbacks=0
[mpc_node-5] [INFO] [1783590213.706034782] [px4_3.mpc_node_3]: [d3] track-err total=0.635m radial=-0.632 tangential=-0.632 (|v|=0.46 |a|=0.50)
[mpc_node-4] [INFO] [1783590213.717286051] [px4_2.mpc_node_2]: [d2] solve: status=0 time=0.22ms cost=1.2 pos=(20.45,-2.76,-5.01) local=(21.08,-0.08,-6.21) wbirth=(-0.63,-2.67,1.20) ref=(19.80,-3.00) leader=(19.80,0.00) fallbacks=0
[mpc_node-4] [INFO] [1783590213.717506444] [px4_2.mpc_node_2]: [d2] track-err total=0.697m radial=-0.652 tangential=-0.652 (|v|=0.45 |a|=0.50)
[mpc_node-3] [INFO] [1783590213.725184916] [px4_1.mpc_node_1]: [d1] solve: status=0 time=0.26ms cost=1.0 pos=(20.43,3.09,-5.04) local=(19.99,-0.05,-6.00) wbirth=(0.44,3.14,0.96) ref=(19.80,3.00) leader=(19.80,0.00) fallbacks=0
[mpc_node-3] [INFO] [1783590213.725464828] [px4_1.mpc_node_1]: [d1] track-err total=0.640m radial=-0.634 tangential=-0.634 (|v|=0.45 |a|=0.50)
[mpc_node-6] [INFO] [1783590213.751558523] [px4_4.mpc_node_4]: [d4] solve: status=0 time=0.20ms cost=0.4 pos=(17.18,0.07,-4.98) local=(20.68,1.11,-5.12) wbirth=(-3.51,-1.05,0.14) ref=(16.82,0.00) leader=(19.82,0.00) fallbacks=0
[mpc_node-6] [INFO] [1783590213.751787718] [px4_4.mpc_node_4]: [d4] track-err total=0.367m radial=-0.361 tangential=-0.361 (|v|=0.43 |a|=0.50)
[mpc_node-2] [INFO] [1783590213.790164909] [px4_0.mpc_node_0]: [d0] solve: status=0 time=0.27ms cost=0.5 pos=(20.22,0.02,-5.05) local=(19.50,-0.52,-5.05) wbirth=(0.73,0.53,0.00) ref=(19.83,0.00) leader=(19.83,0.00) fallbacks=0
[mpc_node-2] [INFO] [1783590213.790481936] [px4_0.mpc_node_0]: [d0] track-err total=0.390m radial=-0.390 tangential=-0.390 (|v|=0.41 |a|=0.50)
[mpc_node-5] [INFO] [1783590214.705266961] [px4_3.mpc_node_3]: [d3] solve: status=0 time=0.22ms cost=3.0 pos=(24.09,0.03,-5.06) local=(20.39,0.57,-6.20) wbirth=(3.70,-0.54,1.15) ref=(23.00,0.00) leader=(20.00,0.00) fallbacks=0
[mpc_node-4] [INFO] [1783590214.717710342] [px4_2.mpc_node_2]: [d2] solve: status=0 time=0.24ms cost=2.9 pos=(21.09,-2.78,-5.01) local=(21.72,-0.11,-6.21) wbirth=(-0.63,-2.67,1.20) ref=(20.00,-3.00) leader=(20.00,0.00) fallbacks=0
[mpc_node-3] [INFO] [1783590214.724759107] [px4_1.mpc_node_1]: [d1] solve: status=0 time=0.19ms cost=2.7 pos=(21.06,3.16,-5.02) local=(20.62,0.03,-5.98) wbirth=(0.44,3.14,0.96) ref=(20.00,3.00) leader=(20.00,0.00) fallbacks=0
[mpc_node-6] [INFO] [1783590214.752149250] [px4_4.mpc_node_4]: [d4] solve: status=0 time=0.20ms cost=1.0 pos=(17.64,0.13,-5.01) local=(21.14,1.18,-5.16) wbirth=(-3.51,-1.05,0.14) ref=(17.00,0.00) leader=(20.00,0.00) fallbacks=0
[mpc_node-2] [INFO] [1783590214.789685360] [px4_0.mpc_node_0]: [d0] solve: status=0 time=0.20ms cost=1.6 pos=(20.79,0.02,-5.01) local=(20.06,-0.52,-5.01) wbirth=(0.73,0.53,0.00) ref=(20.00,0.00) leader=(20.00,0.00) fallbacks=0
[mpc_node-5] [INFO] [1783590215.705305362] [px4_3.mpc_node_3]: [d3] solve: status=0 time=0.19ms cost=4.3 pos=(24.42,0.08,-4.96) local=(20.72,0.62,-6.11) wbirth=(3.70,-0.54,1.15) ref=(23.00,0.00) leader=(20.00,0.00) fallbacks=0
[mpc_node-4] [INFO] [1783590215.717259562] [px4_2.mpc_node_2]: [d2] solve: status=0 time=0.20ms cost=3.4 pos=(21.29,-2.84,-4.97) local=(21.92,-0.17,-6.18) wbirth=(-0.63,-2.67,1.20) ref=(20.00,-3.00) leader=(20.00,0.00) fallbacks=0
[mpc_node-3] [INFO] [1783590215.724990064] [px4_1.mpc_node_1]: [d1] solve: status=0 time=0.28ms cost=3.6 pos=(21.32,3.19,-5.02) local=(20.88,0.05,-5.98) wbirth=(0.44,3.14,0.96) ref=(20.00,3.00) leader=(20.00,0.00) fallbacks=0
[mpc_node-6] [INFO] [1783590215.751988952] [px4_4.mpc_node_4]: [d4] solve: status=0 time=0.21ms cost=1.2 pos=(17.79,0.09,-4.99) local=(21.30,1.14,-5.14) wbirth=(-3.51,-1.05,0.14) ref=(17.00,0.00) leader=(20.00,0.00) fallbacks=0
[mpc_node-2] [INFO] [1783590215.789337976] [px4_0.mpc_node_0]: [d0] solve: status=0 time=0.20ms cost=1.9 pos=(20.95,0.04,-4.99) local=(20.23,-0.50,-4.99) wbirth=(0.73,0.53,0.00) ref=(20.00,0.00) leader=(20.00,0.00) fallbacks=0
[mpc_node-5] [INFO] [1783590216.706316786] [px4_3.mpc_node_3]: [d3] solve: status=0 time=0.20ms cost=3.8 pos=(24.43,-0.00,-4.96) local=(20.72,0.54,-6.11) wbirth=(3.70,-0.54,1.15) ref=(23.00,0.00) leader=(20.00,0.00) fallbacks=0
[mpc_node-4] [INFO] [1783590216.718286922] [px4_2.mpc_node_2]: [d2] solve: status=0 time=0.20ms cost=2.1 pos=(21.08,-2.93,-5.06) local=(21.71,-0.26,-6.26) wbirth=(-0.63,-2.67,1.20) ref=(20.00,-3.00) leader=(20.00,0.00) fallbacks=0
[mpc_node-3] [INFO] [1783590216.725544926] [px4_1.mpc_node_1]: [d1] solve: status=0 time=0.19ms cost=2.7 pos=(21.22,3.15,-4.98) local=(20.79,0.01,-5.94) wbirth=(0.44,3.14,0.96) ref=(20.00,3.00) leader=(20.00,0.00) fallbacks=0
[mpc_node-6] [INFO] [1783590216.752825172] [px4_4.mpc_node_4]: [d4] solve: status=0 time=0.19ms cost=0.7 pos=(17.65,0.06,-4.98) local=(21.15,1.11,-5.12) wbirth=(-3.51,-1.05,0.14) ref=(17.00,0.00) leader=(20.00,0.00) fallbacks=0
[mpc_node-2] [INFO] [1783590216.790524486] [px4_0.mpc_node_0]: [d0] solve: status=0 time=0.18ms cost=1.5 pos=(20.90,0.04,-4.95) local=(20.17,-0.50,-4.95) wbirth=(0.73,0.53,0.00) ref=(20.00,0.00) leader=(20.00,0.00) fallbacks=0
[mpc_node-5] [INFO] [1783590217.706445518] [px4_3.mpc_node_3]: [d3] solve: status=0 time=0.20ms cost=1.6 pos=(23.98,-0.06,-4.96) local=(20.28,0.48,-6.11) wbirth=(3.70,-0.54,1.15) ref=(23.00,0.00) leader=(20.00,0.00) fallbacks=0
[mpc_node-4] [INFO] [1783590217.718338414] [px4_2.mpc_node_2]: [d2] solve: status=0 time=0.17ms cost=0.4 pos=(20.52,-2.98,-5.00) local=(21.15,-0.30,-6.20) wbirth=(-0.63,-2.67,1.20) ref=(20.00,-3.00) leader=(20.00,0.00) fallbacks=0
[mpc_node-3] [INFO] [1783590217.725200691] [px4_1.mpc_node_1]: [d1] solve: status=0 time=0.20ms cost=0.9 pos=(20.74,3.10,-5.00) local=(20.30,-0.03,-5.96) wbirth=(0.44,3.14,0.96) ref=(20.00,3.00) leader=(20.00,0.00) fallbacks=0
[mpc_node-6] [INFO] [1783590217.751718108] [px4_4.mpc_node_4]: [d4] solve: status=0 time=0.17ms cost=0.1 pos=(17.13,0.03,-5.00) local=(20.63,1.08,-5.14) wbirth=(-3.51,-1.05,0.14) ref=(17.00,0.00) leader=(20.00,0.00) fallbacks=0
[mpc_node-2] [INFO] [1783590217.789999317] [px4_0.mpc_node_0]: [d0] solve: status=0 time=0.21ms cost=0.4 pos=(20.50,-0.01,-5.00) local=(19.77,-0.54,-5.00) wbirth=(0.73,0.53,0.00) ref=(20.00,0.00) leader=(20.00,0.00) fallbacks=0
[mpc_node-5] [INFO] [1783590218.707416577] [px4_3.mpc_node_3]: [d3] solve: status=0 time=0.20ms cost=0.2 pos=(23.27,-0.07,-4.94) local=(19.56,0.47,-6.08) wbirth=(3.70,-0.54,1.15) ref=(23.00,0.00) leader=(20.00,0.00) fallbacks=0
[mpc_node-4] [INFO] [1783590218.717230363] [px4_2.mpc_node_2]: [d2] solve: status=0 time=0.19ms cost=0.2 pos=(19.90,-2.97,-5.00) local=(20.53,-0.29,-6.20) wbirth=(-0.63,-2.67,1.20) ref=(20.00,-3.00) leader=(20.00,0.00) fallbacks=0
[mpc_node-3] [INFO] [1783590218.724844264] [px4_1.mpc_node_1]: [d1] solve: status=0 time=0.20ms cost=0.1 pos=(20.05,3.04,-5.04) local=(19.61,-0.10,-6.00) wbirth=(0.44,3.14,0.96) ref=(20.00,3.00) leader=(20.00,0.00) fallbacks=0
[mpc_node-6] [INFO] [1783590218.751635842] [px4_4.mpc_node_4]: [d4] solve: status=0 time=0.20ms cost=0.3 pos=(16.68,-0.01,-5.00) local=(20.19,1.04,-5.14) wbirth=(-3.51,-1.05,0.14) ref=(17.00,0.00) leader=(20.00,0.00) fallbacks=0
[mpc_node-2] [INFO] [1783590218.789346452] [px4_0.mpc_node_0]: [d0] solve: status=0 time=0.18ms cost=0.1 pos=(20.01,-0.04,-5.03) local=(19.28,-0.57,-5.03) wbirth=(0.73,0.53,0.00) ref=(20.00,0.00) leader=(20.00,0.00) fallbacks=0
[mpc_node-5] [INFO] [1783590219.706641867] [px4_3.mpc_node_3]: [d3] solve: status=0 time=0.23ms cost=0.7 pos=(22.55,-0.02,-4.97) local=(18.85,0.52,-6.11) wbirth=(3.70,-0.54,1.15) ref=(23.00,0.00) leader=(20.00,0.00) fallbacks=0
[mpc_node-4] [INFO] [1783590219.718148850] [px4_2.mpc_node_2]: [d2] solve: status=0 time=0.23ms cost=0.9 pos=(19.42,-2.99,-4.99) local=(20.05,-0.31,-6.20) wbirth=(-0.63,-2.67,1.20) ref=(20.00,-3.00) leader=(20.00,0.00) fallbacks=0
[mpc_node-3] [INFO] [1783590219.725431375] [px4_1.mpc_node_1]: [d1] solve: status=0 time=0.20ms cost=0.8 pos=(19.47,2.97,-4.97) local=(19.03,-0.17,-5.93) wbirth=(0.44,3.14,0.96) ref=(20.00,3.00) leader=(20.00,0.00) fallbacks=0
[mpc_node-6] [INFO] [1783590219.753623227] [px4_4.mpc_node_4]: [d4] solve: status=0 time=0.38ms cost=0.7 pos=(16.43,-0.07,-5.00) local=(19.94,0.97,-5.14) wbirth=(-3.51,-1.05,0.14) ref=(17.00,0.00) leader=(20.00,0.00) fallbacks=0
[mpc_node-2] [INFO] [1783590219.790441887] [px4_0.mpc_node_0]: [d0] solve: status=0 time=0.23ms cost=0.8 pos=(19.46,-0.03,-4.98) local=(18.73,-0.57,-4.98) wbirth=(0.73,0.53,0.00) ref=(20.00,0.00) leader=(20.00,0.00) fallbacks=0
[mpc_node-5] [INFO] [1783590220.706545065] [px4_3.mpc_node_3]: [d3] solve: status=0 time=0.20ms cost=2.3 pos=(22.02,0.00,-4.97) local=(18.31,0.54,-6.11) wbirth=(3.70,-0.54,1.15) ref=(23.00,0.00) leader=(20.00,0.00) fallbacks=0
[mpc_node-4] [INFO] [1783590220.718095943] [px4_2.mpc_node_2]: [d2] solve: status=0 time=0.22ms cost=1.2 pos=(19.23,-3.06,-4.96) local=(19.86,-0.39,-6.16) wbirth=(-0.63,-2.67,1.20) ref=(20.00,-3.00) leader=(20.00,0.00) fallbacks=0
[mpc_node-3] [INFO] [1783590220.726810600] [px4_1.mpc_node_1]: [d1] solve: status=0 time=0.19ms cost=1.7 pos=(19.14,2.90,-4.98) local=(18.70,-0.23,-5.94) wbirth=(0.44,3.14,0.96) ref=(20.00,3.00) leader=(20.00,0.00) fallbacks=0
[mpc_node-6] [INFO] [1783590220.751542375] [px4_4.mpc_node_4]: [d4] solve: status=0 time=0.17ms cost=0.6 pos=(16.41,-0.08,-5.00) local=(19.92,0.97,-5.14) wbirth=(-3.51,-1.05,0.14) ref=(17.00,0.00) leader=(20.00,0.00) fallbacks=0
[mpc_node-2] [INFO] [1783590220.789823801] [px4_0.mpc_node_0]: [d0] solve: status=0 time=0.20ms cost=1.4 pos=(19.17,-0.00,-4.98) local=(18.45,-0.54,-4.98) wbirth=(0.73,0.53,0.00) ref=(20.00,0.00) leader=(20.00,0.00) fallbacks=0
[mpc_node-5] [INFO] [1783590221.705145796] [px4_3.mpc_node_3]: [d3] solve: status=0 time=0.20ms cost=2.9 pos=(21.81,-0.02,-4.98) local=(18.11,0.52,-6.12) wbirth=(3.70,-0.54,1.15) ref=(23.00,0.00) leader=(20.00,0.00) fallbacks=0
[mpc_node-4] [INFO] [1783590221.717471139] [px4_2.mpc_node_2]: [d2] solve: status=0 time=0.23ms cost=0.8 pos=(19.34,-3.12,-4.96) local=(19.97,-0.45,-6.17) wbirth=(-0.63,-2.67,1.20) ref=(20.00,-3.00) leader=(20.00,0.00) fallbacks=0
[mpc_node-3] [INFO] [1783590221.724873714] [px4_1.mpc_node_1]: [d1] solve: status=0 time=0.20ms cost=2.0 pos=(19.00,2.82,-5.00) local=(18.56,-0.32,-5.96) wbirth=(0.44,3.14,0.96) ref=(20.00,3.00) leader=(20.00,0.00) fallbacks=0
[mpc_node-6] [INFO] [1783590221.752253576] [px4_4.mpc_node_4]: [d4] solve: status=0 time=0.17ms cost=0.2 pos=(16.65,-0.10,-5.01) local=(20.15,0.95,-5.15) wbirth=(-3.51,-1.05,0.14) ref=(17.00,0.00) leader=(20.00,0.00) fallbacks=0
[mpc_node-2] [INFO] [1783590221.789620556] [px4_0.mpc_node_0]: [d0] solve: status=0 time=0.18ms cost=1.1 pos=(19.24,-0.05,-4.99) local=(18.52,-0.58,-4.99) wbirth=(0.73,0.53,0.00) ref=(20.00,0.00) leader=(20.00,0.00) fallbacks=0
[mpc_node-5] [INFO] [1783590222.705601429] [px4_3.mpc_node_3]: [d3] solve: status=0 time=0.23ms cost=2.3 pos=(21.88,-0.03,-5.01) local=(18.18,0.51,-6.15) wbirth=(3.70,-0.54,1.15) ref=(23.00,0.00) leader=(20.00,0.00) fallbacks=0
[mpc_node-4] [INFO] [1783590222.717243859] [px4_2.mpc_node_2]: [d2] solve: status=0 time=0.17ms cost=0.3 pos=(19.63,-3.15,-4.99) local=(20.26,-0.48,-6.19) wbirth=(-0.63,-2.67,1.20) ref=(20.00,-3.00) leader=(20.00,0.00) fallbacks=0
[mpc_node-3] [INFO] [1783590222.724724436] [px4_1.mpc_node_1]: [d1] solve: status=0 time=0.17ms cost=1.3 pos=(19.15,2.81,-4.97) local=(18.71,-0.33,-5.93) wbirth=(0.44,3.14,0.96) ref=(20.00,3.00) leader=(20.00,0.00) fallbacks=0
[mpc_node-6] [INFO] [1783590222.751224165] [px4_4.mpc_node_4]: [d4] solve: status=0 time=0.17ms cost=0.0 pos=(16.92,-0.07,-4.96) local=(20.43,0.98,-5.10) wbirth=(-3.51,-1.05,0.14) ref=(17.00,0.00) leader=(20.00,0.00) fallbacks=0
[mpc_node-2] [INFO] [1783590222.789212413] [px4_0.mpc_node_0]: [d0] solve: status=0 time=0.17ms cost=0.4 pos=(19.54,-0.08,-4.99) local=(18.81,-0.62,-4.99) wbirth=(0.73,0.53,0.00) ref=(20.00,0.00) leader=(20.00,0.00) fallbacks=0
[mpc_node-5] [INFO] [1783590223.705347090] [px4_3.mpc_node_3]: [d3] solve: status=0 time=0.17ms cost=0.9 pos=(22.25,0.01,-5.03) local=(18.55,0.55,-6.17) wbirth=(3.70,-0.54,1.15) ref=(23.00,0.00) leader=(20.00,0.00) fallbacks=0
[mpc_node-4] [INFO] [1783590223.717816690] [px4_2.mpc_node_2]: [d2] solve: status=0 time=0.20ms cost=0.1 pos=(19.94,-3.12,-5.04) local=(20.57,-0.45,-6.25) wbirth=(-0.63,-2.67,1.20) ref=(20.00,-3.00) leader=(20.00,0.00) fallbacks=0
[mpc_node-3] [INFO] [1783590223.725201274] [px4_1.mpc_node_1]: [d1] solve: status=0 time=0.20ms cost=0.3 pos=(19.60,2.82,-4.95) local=(19.16,-0.32,-5.91) wbirth=(0.44,3.14,0.96) ref=(20.00,3.00) leader=(20.00,0.00) fallbacks=0
[mpc_node-6] [INFO] [1783590223.751882603] [px4_4.mpc_node_4]: [d4] solve: status=0 time=0.18ms cost=0.1 pos=(17.14,0.01,-5.04) local=(20.64,1.06,-5.18) wbirth=(-3.51,-1.05,0.14) ref=(17.00,0.00) leader=(20.00,0.00) fallbacks=0
[mpc_node-2] [INFO] [1783590223.789762350] [px4_0.mpc_node_0]: [d0] solve: status=0 time=0.17ms cost=0.1 pos=(19.89,-0.03,-4.99) local=(19.17,-0.56,-4.99) wbirth=(0.73,0.53,0.00) ref=(20.00,0.00) leader=(20.00,0.00) fallbacks=0
[mpc_node-5] [INFO] [1783590224.705223765] [px4_3.mpc_node_3]: [d3] solve: status=0 time=0.17ms cost=0.1 pos=(22.85,-0.06,-4.97) local=(19.15,0.48,-6.11) wbirth=(3.70,-0.54,1.15) ref=(23.00,0.00) leader=(20.00,0.00) fallbacks=0
[mpc_node-4] [INFO] [1783590224.717557161] [px4_2.mpc_node_2]: [d2] solve: status=0 time=0.20ms cost=0.1 pos=(20.16,-3.06,-5.03) local=(20.79,-0.39,-6.24) wbirth=(-0.63,-2.67,1.20) ref=(20.00,-3.00) leader=(20.00,0.00) fallbacks=0
[mpc_node-3] [INFO] [1783590224.725140103] [px4_1.mpc_node_1]: [d1] solve: status=0 time=0.20ms cost=0.1 pos=(20.06,2.86,-4.95) local=(19.62,-0.28,-5.91) wbirth=(0.44,3.14,0.96) ref=(20.00,3.00) leader=(20.00,0.00) fallbacks=0
[mpc_node-6] [INFO] [1783590224.752009489] [px4_4.mpc_node_4]: [d4] solve: status=0 time=0.17ms cost=0.1 pos=(17.22,0.02,-5.00) local=(20.73,1.06,-5.14) wbirth=(-3.51,-1.05,0.14) ref=(17.00,0.00) leader=(20.00,0.00) fallbacks=0
[mpc_node-2] [INFO] [1783590224.789581268] [px4_0.mpc_node_0]: [d0] solve: status=0 time=0.17ms cost=0.1 pos=(20.16,0.05,-4.97) local=(19.43,-0.49,-4.97) wbirth=(0.73,0.53,0.00) ref=(20.00,0.00) leader=(20.00,0.00) fallbacks=0
[mpc_node-5] [INFO] [1783590225.705682552] [px4_3.mpc_node_3]: [d3] solve: status=0 time=0.22ms cost=0.3 pos=(23.27,-0.03,-5.02) local=(19.57,0.51,-6.16) wbirth=(3.70,-0.54,1.15) ref=(23.00,0.00) leader=(20.00,0.00) fallbacks=0
[mpc_node-4] [INFO] [1783590225.717454880] [px4_2.mpc_node_2]: [d2] solve: status=0 time=0.19ms cost=0.2 pos=(20.27,-2.96,-5.04) local=(20.89,-0.28,-6.24) wbirth=(-0.63,-2.67,1.20) ref=(20.00,-3.00) leader=(20.00,0.00) fallbacks=0
[mpc_node-3] [INFO] [1783590225.725141575] [px4_1.mpc_node_1]: [d1] solve: status=0 time=0.21ms cost=0.4 pos=(20.43,2.98,-4.95) local=(19.99,-0.16,-5.91) wbirth=(0.44,3.14,0.96) ref=(20.00,3.00) leader=(20.00,0.00) fallbacks=0
[mpc_node-6] [INFO] [1783590225.752393083] [px4_4.mpc_node_4]: [d4] solve: status=0 time=0.15ms cost=0.1 pos=(17.18,-0.04,-4.98) local=(20.69,1.01,-5.12) wbirth=(-3.51,-1.05,0.14) ref=(17.00,0.00) leader=(20.00,0.00) fallbacks=0
[mpc_node-2] [INFO] [1783590225.789585797] [px4_0.mpc_node_0]: [d0] solve: status=0 time=0.21ms cost=0.3 pos=(20.35,0.04,-4.92) local=(19.62,-0.50,-4.92) wbirth=(0.73,0.53,0.00) ref=(20.00,0.00) leader=(20.00,0.00) fallbacks=0
[mpc_node-5] [INFO] [1783590226.705707972] [px4_3.mpc_node_3]: [d3] solve: status=0 time=0.17ms cost=0.6 pos=(23.54,-0.00,-5.05) local=(19.84,0.54,-6.19) wbirth=(3.70,-0.54,1.15) ref=(23.00,0.00) leader=(20.00,0.00) fallbacks=0
[mpc_node-4] [INFO] [1783590226.717937923] [px4_2.mpc_node_2]: [d2] solve: status=0 time=0.20ms cost=0.2 pos=(20.26,-2.87,-4.98) local=(20.89,-0.20,-6.18) wbirth=(-0.63,-2.67,1.20) ref=(20.00,-3.00) leader=(20.00,0.00) fallbacks=0
[mpc_node-3] [INFO] [1783590226.725478735] [px4_1.mpc_node_1]: [d1] solve: status=0 time=0.17ms cost=0.5 pos=(20.49,3.08,-5.00) local=(20.05,-0.06,-5.96) wbirth=(0.44,3.14,0.96) ref=(20.00,3.00) leader=(20.00,0.00) fallbacks=0
[mpc_node-6] [INFO] [1783590226.751751706] [px4_4.mpc_node_4]: [d4] solve: status=0 time=0.18ms cost=0.0 pos=(17.11,-0.00,-5.01) local=(20.62,1.05,-5.15) wbirth=(-3.51,-1.05,0.14) ref=(17.00,0.00) leader=(20.00,0.00) fallbacks=0
[mpc_node-2] [INFO] [1783590226.789205081] [px4_0.mpc_node_0]: [d0] solve: status=0 time=0.17ms cost=0.2 pos=(20.36,0.04,-5.03) local=(19.63,-0.49,-5.03) wbirth=(0.73,0.53,0.00) ref=(20.00,0.00) leader=(20.00,0.00) fallbacks=0
[mpc_node-5] [INFO] [1783590227.706471972] [px4_3.mpc_node_3]: [d3] solve: status=0 time=0.17ms cost=0.5 pos=(23.50,0.06,-5.01) local=(19.80,0.60,-6.15) wbirth=(3.70,-0.54,1.15) ref=(23.00,0.00) leader=(20.00,0.00) fallbacks=0
[mpc_node-4] [INFO] [1783590227.717800499] [px4_2.mpc_node_2]: [d2] solve: status=0 time=0.17ms cost=0.0 pos=(20.11,-2.88,-4.96) local=(20.74,-0.21,-6.17) wbirth=(-0.63,-2.67,1.20) ref=(20.00,-3.00) leader=(20.00,0.00) fallbacks=0
[mpc_node-3] [INFO] [1783590227.726618561] [px4_1.mpc_node_1]: [d1] solve: status=0 time=0.18ms cost=0.4 pos=(20.37,3.24,-4.97) local=(19.93,0.10,-5.93) wbirth=(0.44,3.14,0.96) ref=(20.00,3.00) leader=(20.00,0.00) fallbacks=0
[mpc_node-6] [INFO] [1783590227.751909276] [px4_4.mpc_node_4]: [d4] solve: status=0 time=0.17ms cost=0.0 pos=(17.01,0.04,-5.01) local=(20.51,1.09,-5.15) wbirth=(-3.51,-1.05,0.14) ref=(17.00,0.00) leader=(20.00,0.00) fallbacks=0
[mpc_node-2] [INFO] [1783590227.789874694] [px4_0.mpc_node_0]: [d0] solve: status=0 time=0.17ms cost=0.1 pos=(20.24,0.03,-5.01) local=(19.51,-0.51,-5.01) wbirth=(0.73,0.53,0.00) ref=(20.00,0.00) leader=(20.00,0.00) fallbacks=0
[mpc_node-5] [INFO] [1783590228.705269901] [px4_3.mpc_node_3]: [d3] solve: status=0 time=0.17ms cost=0.1 pos=(23.24,0.09,-5.03) local=(19.54,0.63,-6.18) wbirth=(3.70,-0.54,1.15) ref=(23.00,0.00) leader=(20.00,0.00) fallbacks=0
[mpc_node-4] [INFO] [1783590228.716965677] [px4_2.mpc_node_2]: [d2] solve: status=0 time=0.17ms cost=0.0 pos=(19.93,-2.90,-4.98) local=(20.56,-0.22,-6.18) wbirth=(-0.63,-2.67,1.20) ref=(20.00,-3.00) leader=(20.00,0.00) fallbacks=0
[mpc_node-3] [INFO] [1783590228.725531849] [px4_1.mpc_node_1]: [d1] solve: status=0 time=0.20ms cost=0.2 pos=(20.12,3.26,-4.98) local=(19.68,0.13,-5.94) wbirth=(0.44,3.14,0.96) ref=(20.00,3.00) leader=(20.00,0.00) fallbacks=0
[mpc_node-6] [INFO] [1783590228.751536881] [px4_4.mpc_node_4]: [d4] solve: status=0 time=0.21ms cost=0.0 pos=(16.94,0.11,-4.96) local=(20.45,1.15,-5.10) wbirth=(-3.51,-1.05,0.14) ref=(17.00,0.00) leader=(20.00,0.00) fallbacks=0
[mpc_node-2] [INFO] [1783590228.789933687] [px4_0.mpc_node_0]: [d0] solve: status=0 time=0.17ms cost=0.0 pos=(19.99,-0.04,-5.07) local=(19.27,-0.57,-5.07) wbirth=(0.73,0.53,0.00) ref=(20.00,0.00) leader=(20.00,0.00) fallbacks=0
[mpc_node-5] [INFO] [1783590229.705195488] [px4_3.mpc_node_3]: [d3] solve: status=0 time=0.17ms cost=0.1 pos=(22.97,0.13,-4.97) local=(19.27,0.67,-6.12) wbirth=(3.70,-0.54,1.15) ref=(23.00,0.00) leader=(20.00,0.00) fallbacks=0
[mpc_node-4] [INFO] [1783590229.717086488] [px4_2.mpc_node_2]: [d2] solve: status=0 time=0.14ms cost=0.0 pos=(19.88,-2.97,-5.02) local=(20.51,-0.30,-6.23) wbirth=(-0.63,-2.67,1.20) ref=(20.00,-3.00) leader=(20.00,0.00) fallbacks=0
[mpc_node-3] [INFO] [1783590229.724870301] [px4_1.mpc_node_1]: [d1] solve: status=0 time=0.17ms cost=0.2 pos=(19.82,3.19,-4.98) local=(19.38,0.05,-5.94) wbirth=(0.44,3.14,0.96) ref=(20.00,3.00) leader=(20.00,0.00) fallbacks=0
[mpc_node-6] [INFO] [1783590229.752445580] [px4_4.mpc_node_4]: [d4] solve: status=0 time=0.17ms cost=0.1 pos=(16.89,0.12,-5.01) local=(20.40,1.16,-5.16) wbirth=(-3.51,-1.05,0.14) ref=(17.00,0.00) leader=(20.00,0.00) fallbacks=0
[mpc_node-2] [INFO] [1783590229.790337056] [px4_0.mpc_node_0]: [d0] solve: status=0 time=0.17ms cost=0.1 pos=(19.81,-0.04,-5.05) local=(19.08,-0.58,-5.05) wbirth=(0.73,0.53,0.00) ref=(20.00,0.00) leader=(20.00,0.00) fallbacks=0
[mpc_node-5] [INFO] [1783590230.706019124] [px4_3.mpc_node_3]: [d3] solve: status=0 time=0.18ms cost=0.2 pos=(22.69,0.05,-4.95) local=(18.99,0.59,-6.09) wbirth=(3.70,-0.54,1.15) ref=(23.00,0.00) leader=(20.00,0.00) fallbacks=0
[mpc_node-4] [INFO] [1783590230.717343074] [px4_2.mpc_node_2]: [d2] solve: status=0 time=0.17ms cost=0.1 pos=(19.85,-3.05,-4.98) local=(20.48,-0.37,-6.18) wbirth=(-0.63,-2.67,1.20) ref=(20.00,-3.00) leader=(20.00,0.00) fallbacks=0
[mpc_node-3] [INFO] [1783590230.725557916] [px4_1.mpc_node_1]: [d1] solve: status=0 time=0.17ms cost=0.2 pos=(19.67,3.03,-4.99) local=(19.23,-0.10,-5.95) wbirth=(0.44,3.14,0.96) ref=(20.00,3.00) leader=(20.00,0.00) fallbacks=0
[mpc_node-6] [INFO] [1783590230.751281584] [px4_4.mpc_node_4]: [d4] solve: status=0 time=0.14ms cost=0.0 pos=(16.88,0.08,-5.00) local=(20.39,1.13,-5.14) wbirth=(-3.51,-1.05,0.14) ref=(17.00,0.00) leader=(20.00,0.00) fallbacks=0
[mpc_node-2] [INFO] [1783590230.789994987] [px4_0.mpc_node_0]: [d0] solve: status=0 time=0.17ms cost=0.3 pos=(19.63,0.05,-5.05) local=(18.90,-0.49,-5.05) wbirth=(0.73,0.53,0.00) ref=(20.00,0.00) leader=(20.00,0.00) fallbacks=0
[mpc_node-5] [INFO] [1783590231.706122238] [px4_3.mpc_node_3]: [d3] solve: status=0 time=0.17ms cost=0.2 pos=(22.65,-0.04,-4.99) local=(18.95,0.50,-6.13) wbirth=(3.70,-0.54,1.15) ref=(23.00,0.00) leader=(20.00,0.00) fallbacks=0
[mpc_node-4] [INFO] [1783590231.718770068] [px4_2.mpc_node_2]: [d2] solve: status=0 time=0.20ms cost=0.1 pos=(19.88,-3.13,-4.95) local=(20.51,-0.46,-6.16) wbirth=(-0.63,-2.67,1.20) ref=(20.00,-3.00) leader=(20.00,0.00) fallbacks=0
[mpc_node-3] [INFO] [1783590231.726878233] [px4_1.mpc_node_1]: [d1] solve: status=0 time=0.19ms cost=0.1 pos=(19.76,2.95,-5.02) local=(19.32,-0.19,-5.98) wbirth=(0.44,3.14,0.96) ref=(20.00,3.00) leader=(20.00,0.00) fallbacks=0
[mpc_node-6] [INFO] [1783590231.751724380] [px4_4.mpc_node_4]: [d4] solve: status=0 time=0.17ms cost=0.0 pos=(16.97,0.01,-5.01) local=(20.47,1.06,-5.15) wbirth=(-3.51,-1.05,0.14) ref=(17.00,0.00) leader=(20.00,0.00) fallbacks=0
[mpc_node-2] [INFO] [1783590231.790573648] [px4_0.mpc_node_0]: [d0] solve: status=0 time=0.21ms cost=0.1 pos=(19.73,0.02,-4.99) local=(19.00,-0.51,-4.99) wbirth=(0.73,0.53,0.00) ref=(20.00,0.00) leader=(20.00,0.00) fallbacks=0
[mpc_node-5] [INFO] [1783590232.705289187] [px4_3.mpc_node_3]: [d3] solve: status=0 time=0.17ms cost=0.2 pos=(22.71,-0.07,-5.01) local=(19.01,0.47,-6.16) wbirth=(3.70,-0.54,1.15) ref=(23.00,0.00) leader=(20.00,0.00) fallbacks=0
[mpc_node-4] [INFO] [1783590232.717565879] [px4_2.mpc_node_2]: [d2] solve: status=0 time=0.21ms cost=0.0 pos=(19.97,-3.10,-4.95) local=(20.60,-0.43,-6.16) wbirth=(-0.63,-2.67,1.20) ref=(20.00,-3.00) leader=(20.00,0.00) fallbacks=0
[mpc_node-3] [INFO] [1783590232.726184498] [px4_1.mpc_node_1]: [d1] solve: status=0 time=0.16ms cost=0.1 pos=(19.88,2.88,-5.04) local=(19.44,-0.25,-6.00) wbirth=(0.44,3.14,0.96) ref=(20.00,3.00) leader=(20.00,0.00) fallbacks=0
[mpc_node-6] [INFO] [1783590232.752688062] [px4_4.mpc_node_4]: [d4] solve: status=0 time=0.14ms cost=0.0 pos=(17.05,-0.01,-5.01) local=(20.55,1.03,-5.15) wbirth=(-3.51,-1.05,0.14) ref=(17.00,0.00) leader=(20.00,0.00) fallbacks=0
[mpc_node-2] [INFO] [1783590232.789916804] [px4_0.mpc_node_0]: [d0] solve: status=0 time=0.18ms cost=0.0 pos=(19.90,-0.01,-4.93) local=(19.18,-0.55,-4.93) wbirth=(0.73,0.53,0.00) ref=(20.00,0.00) leader=(20.00,0.00) fallbacks=0
[mpc_node-5] [INFO] [1783590233.705426405] [px4_3.mpc_node_3]: [d3] solve: status=0 time=0.20ms cost=0.0 pos=(22.93,-0.08,-4.97) local=(19.23,0.46,-6.11) wbirth=(3.70,-0.54,1.15) ref=(23.00,0.00) leader=(20.00,0.00) fallbacks=0
[mpc_node-4] [INFO] [1783590233.717276766] [px4_2.mpc_node_2]: [d2] solve: status=0 time=0.18ms cost=0.0 pos=(20.03,-3.04,-5.02) local=(20.66,-0.36,-6.22) wbirth=(-0.63,-2.67,1.20) ref=(20.00,-3.00) leader=(20.00,0.00) fallbacks=0
[mpc_node-3] [INFO] [1783590233.725401159] [px4_1.mpc_node_1]: [d1] solve: status=0 time=0.17ms cost=0.1 pos=(20.09,2.87,-5.02) local=(19.65,-0.27,-5.98) wbirth=(0.44,3.14,0.96) ref=(20.00,3.00) leader=(20.00,0.00) fallbacks=0
[mpc_node-6] [INFO] [1783590233.752153177] [px4_4.mpc_node_4]: [d4] solve: status=0 time=0.63ms cost=0.0 pos=(16.97,-0.05,-5.01) local=(20.47,1.00,-5.15) wbirth=(-3.51,-1.05,0.14) ref=(17.00,0.00) leader=(20.00,0.00) fallbacks=0
[mpc_node-2] [INFO] [1783590233.789921006] [px4_0.mpc_node_0]: [d0] solve: status=0 time=0.17ms cost=0.0 pos=(20.10,-0.04,-4.97) local=(19.37,-0.58,-4.97) wbirth=(0.73,0.53,0.00) ref=(20.00,0.00) leader=(20.00,0.00) fallbacks=0
[mpc_node-5] [INFO] [1783590234.705551690] [px4_3.mpc_node_3]: [d3] solve: status=0 time=0.17ms cost=0.0 pos=(23.10,-0.07,-5.01) local=(19.40,0.47,-6.16) wbirth=(3.70,-0.54,1.15) ref=(23.00,0.00) leader=(20.00,0.00) fallbacks=0
[mpc_node-4] [INFO] [1783590234.717230752] [px4_2.mpc_node_2]: [d2] solve: status=0 time=0.14ms cost=0.0 pos=(20.09,-2.96,-5.04) local=(20.72,-0.28,-6.25) wbirth=(-0.63,-2.67,1.20) ref=(20.00,-3.00) leader=(20.00,0.00) fallbacks=0
[mpc_node-3] [INFO] [1783590234.724966718] [px4_1.mpc_node_1]: [d1] solve: status=0 time=0.15ms cost=0.1 pos=(20.09,2.86,-4.97) local=(19.65,-0.28,-5.93) wbirth=(0.44,3.14,0.96) ref=(20.00,3.00) leader=(20.00,0.00) fallbacks=0
[mpc_node-6] [INFO] [1783590234.751780563] [px4_4.mpc_node_4]: [d4] solve: status=0 time=0.14ms cost=0.0 pos=(16.90,-0.04,-4.98) local=(20.41,1.01,-5.12) wbirth=(-3.51,-1.05,0.14) ref=(17.00,0.00) leader=(20.00,0.00) fallbacks=0
[mpc_node-2] [INFO] [1783590234.790144500] [px4_0.mpc_node_0]: [d0] solve: status=0 time=0.15ms cost=0.1 pos=(20.14,-0.04,-5.03) local=(19.42,-0.58,-5.03) wbirth=(0.73,0.53,0.00) ref=(20.00,0.00) leader=(20.00,0.00) fallbacks=0
[mpc_node-5] [INFO] [1783590235.705499745] [px4_3.mpc_node_3]: [d3] solve: status=0 time=0.20ms cost=0.1 pos=(23.23,-0.02,-5.06) local=(19.53,0.52,-6.21) wbirth=(3.70,-0.54,1.15) ref=(23.00,0.00) leader=(20.00,0.00) fallbacks=0
[mpc_node-4] [INFO] [1783590235.717441362] [px4_2.mpc_node_2]: [d2] solve: status=0 time=0.18ms cost=0.0 pos=(20.09,-2.92,-5.00) local=(20.72,-0.24,-6.20) wbirth=(-0.63,-2.67,1.20) ref=(20.00,-3.00) leader=(20.00,0.00) fallbacks=0
[mpc_node-3] [INFO] [1783590235.725552110] [px4_1.mpc_node_1]: [d1] solve: status=0 time=0.17ms cost=0.0 pos=(20.04,2.91,-5.04) local=(19.60,-0.23,-6.00) wbirth=(0.44,3.14,0.96) ref=(20.00,3.00) leader=(20.00,0.00) fallbacks=0
[mpc_node-6] [INFO] [1783590235.751328088] [px4_4.mpc_node_4]: [d4] solve: status=0 time=0.14ms cost=0.0 pos=(16.91,-0.04,-4.93) local=(20.41,1.01,-5.07) wbirth=(-3.51,-1.05,0.14) ref=(17.00,0.00) leader=(20.00,0.00) fallbacks=0
[mpc_node-2] [INFO] [1783590235.789615902] [px4_0.mpc_node_0]: [d0] solve: status=0 time=0.17ms cost=0.1 pos=(20.18,-0.09,-5.04) local=(19.45,-0.62,-5.04) wbirth=(0.73,0.53,0.00) ref=(20.00,0.00) leader=(20.00,0.00) fallbacks=0
[mpc_node-5] [INFO] [1783590236.705080053] [px4_3.mpc_node_3]: [d3] solve: status=0 time=0.17ms cost=0.1 pos=(23.23,0.04,-5.03) local=(19.52,0.58,-6.18) wbirth=(3.70,-0.54,1.15) ref=(23.00,0.00) leader=(20.00,0.00) fallbacks=0
[mpc_node-4] [INFO] [1783590236.717534801] [px4_2.mpc_node_2]: [d2] solve: status=0 time=0.14ms cost=0.0 pos=(20.00,-2.92,-5.03) local=(20.63,-0.24,-6.23) wbirth=(-0.63,-2.67,1.20) ref=(20.00,-3.00) leader=(20.00,0.00) fallbacks=0
[mpc_node-3] [INFO] [1783590236.724768009] [px4_1.mpc_node_1]: [d1] solve: status=0 time=0.17ms cost=0.0 pos=(20.00,3.03,-5.02) local=(19.56,-0.10,-5.98) wbirth=(0.44,3.14,0.96) ref=(20.00,3.00) leader=(20.00,0.00) fallbacks=0
[mpc_node-6] [INFO] [1783590236.751971468] [px4_4.mpc_node_4]: [d4] solve: status=0 time=0.17ms cost=0.0 pos=(17.04,-0.09,-5.02) local=(20.55,0.96,-5.16) wbirth=(-3.51,-1.05,0.14) ref=(17.00,0.00) leader=(20.00,0.00) fallbacks=0
[mpc_node-2] [INFO] [1783590236.790017232] [px4_0.mpc_node_0]: [d0] solve: status=0 time=0.18ms cost=0.0 pos=(20.12,-0.07,-5.00) local=(19.39,-0.60,-5.00) wbirth=(0.73,0.53,0.00) ref=(20.00,0.00) leader=(20.00,0.00) fallbacks=0
[mpc_node-5] [INFO] [1783590237.705335753] [px4_3.mpc_node_3]: [d3] solve: status=0 time=0.17ms cost=0.1 pos=(23.17,0.01,-5.04) local=(19.47,0.55,-6.19) wbirth=(3.70,-0.54,1.15) ref=(23.00,0.00) leader=(20.00,0.00) fallbacks=0
[mpc_node-4] [INFO] [1783590237.717607295] [px4_2.mpc_node_2]: [d2] solve: status=0 time=0.17ms cost=0.0 pos=(19.98,-2.98,-4.99) local=(20.61,-0.30,-6.20) wbirth=(-0.63,-2.67,1.20) ref=(20.00,-3.00) leader=(20.00,0.00) fallbacks=0
[mpc_node-3] [INFO] [1783590237.725226490] [px4_1.mpc_node_1]: [d1] solve: status=0 time=0.17ms cost=0.0 pos=(19.97,3.12,-4.94) local=(19.53,-0.02,-5.90) wbirth=(0.44,3.14,0.96) ref=(20.00,3.00) leader=(20.00,0.00) fallbacks=0
[mpc_node-6] [INFO] [1783590237.751855346] [px4_4.mpc_node_4]: [d4] solve: status=0 time=0.17ms cost=0.1 pos=(17.13,-0.11,-5.01) local=(20.63,0.94,-5.16) wbirth=(-3.51,-1.05,0.14) ref=(17.00,0.00) leader=(20.00,0.00) fallbacks=0
[mpc_node-2] [INFO] [1783590237.789228667] [px4_0.mpc_node_0]: [d0] solve: status=0 time=0.17ms cost=0.0 pos=(20.03,0.01,-5.02) local=(19.31,-0.53,-5.02) wbirth=(0.73,0.53,0.00) ref=(20.00,0.00) leader=(20.00,0.00) fallbacks=0
[mpc_node-5] [INFO] [1783590238.705215227] [px4_3.mpc_node_3]: [d3] solve: status=0 time=0.17ms cost=0.0 pos=(23.03,0.00,-5.03) local=(19.33,0.54,-6.18) wbirth=(3.70,-0.54,1.15) ref=(23.00,0.00) leader=(20.00,0.00) fallbacks=0
[mpc_node-4] [INFO] [1783590238.717137691] [px4_2.mpc_node_2]: [d2] solve: status=0 time=0.14ms cost=0.0 pos=(19.91,-3.04,-5.06) local=(20.54,-0.36,-6.26) wbirth=(-0.63,-2.67,1.20) ref=(20.00,-3.00) leader=(20.00,0.00) fallbacks=0
[mpc_node-3] [INFO] [1783590238.724767463] [px4_1.mpc_node_1]: [d1] solve: status=0 time=0.14ms cost=0.0 pos=(19.96,3.12,-4.95) local=(19.52,-0.02,-5.91) wbirth=(0.44,3.14,0.96) ref=(20.00,3.00) leader=(20.00,0.00) fallbacks=0
[mpc_node-6] [INFO] [1783590238.751884068] [px4_4.mpc_node_4]: [d4] solve: status=0 time=0.17ms cost=0.1 pos=(17.18,-0.06,-4.95) local=(20.68,0.98,-5.09) wbirth=(-3.51,-1.05,0.14) ref=(17.00,0.00) leader=(20.00,0.00) fallbacks=0
[mpc_node-2] [INFO] [1783590238.789339137] [px4_0.mpc_node_0]: [d0] solve: status=0 time=0.17ms cost=0.0 pos=(19.98,0.07,-4.99) local=(19.25,-0.47,-4.99) wbirth=(0.73,0.53,0.00) ref=(20.00,0.00) leader=(20.00,0.00) fallbacks=0
[mpc_node-5] [INFO] [1783590239.705181346] [px4_3.mpc_node_3]: [d3] solve: status=0 time=0.17ms cost=0.1 pos=(22.85,-0.02,-5.04) local=(19.15,0.52,-6.19) wbirth=(3.70,-0.54,1.15) ref=(23.00,0.00) leader=(20.00,0.00) fallbacks=0
[mpc_node-4] [INFO] [1783590239.717250615] [px4_2.mpc_node_2]: [d2] solve: status=0 time=0.14ms cost=0.0 pos=(19.95,-3.07,-5.00) local=(20.58,-0.40,-6.21) wbirth=(-0.63,-2.67,1.20) ref=(20.00,-3.00) leader=(20.00,0.00) fallbacks=0
[mpc_node-3] [INFO] [1783590239.724847607] [px4_1.mpc_node_1]: [d1] solve: status=0 time=0.17ms cost=0.0 pos=(19.97,3.05,-4.97) local=(19.53,-0.09,-5.93) wbirth=(0.44,3.14,0.96) ref=(20.00,3.00) leader=(20.00,0.00) fallbacks=0
[mpc_node-6] [INFO] [1783590239.751617926] [px4_4.mpc_node_4]: [d4] solve: status=0 time=0.17ms cost=0.0 pos=(17.08,0.05,-4.99) local=(20.59,1.10,-5.13) wbirth=(-3.51,-1.05,0.14) ref=(17.00,0.00) leader=(20.00,0.00) fallbacks=0
[mpc_node-2] [INFO] [1783590239.789691804] [px4_0.mpc_node_0]: [d0] solve: status=0 time=0.15ms cost=0.0 pos=(19.89,0.07,-5.02) local=(19.16,-0.47,-5.02) wbirth=(0.73,0.53,0.00) ref=(20.00,0.00) leader=(20.00,0.00) fallbacks=0
[mpc_node-5] [INFO] [1783590240.705126521] [px4_3.mpc_node_3]: [d3] solve: status=0 time=0.17ms cost=0.1 pos=(22.75,0.00,-5.01) local=(19.05,0.54,-6.16) wbirth=(3.70,-0.54,1.15) ref=(23.00,0.00) leader=(20.00,0.00) fallbacks=0
[mpc_node-4] [INFO] [1783590240.717457338] [px4_2.mpc_node_2]: [d2] solve: status=0 time=0.15ms cost=0.0 pos=(19.97,-3.06,-4.96) local=(20.60,-0.38,-6.17) wbirth=(-0.63,-2.67,1.20) ref=(20.00,-3.00) leader=(20.00,0.00) fallbacks=0
[mpc_node-3] [INFO] [1783590240.724844821] [px4_1.mpc_node_1]: [d1] solve: status=0 time=0.17ms cost=0.0 pos=(19.98,2.95,-4.99) local=(19.54,-0.19,-5.95) wbirth=(0.44,3.14,0.96) ref=(20.00,3.00) leader=(20.00,0.00) fallbacks=0
[mpc_node-6] [INFO] [1783590240.752422021] [px4_4.mpc_node_4]: [d4] solve: status=0 time=0.20ms cost=0.0 pos=(16.95,0.07,-5.06) local=(20.46,1.12,-5.20) wbirth=(-3.51,-1.05,0.14) ref=(17.00,0.00) leader=(20.00,0.00) fallbacks=0
[mpc_node-2] [INFO] [1783590240.789317810] [px4_0.mpc_node_0]: [d0] solve: status=0 time=0.18ms cost=0.0 pos=(19.95,0.05,-4.97) local=(19.22,-0.48,-4.97) wbirth=(0.73,0.53,0.00) ref=(20.00,0.00) leader=(20.00,0.00) fallbacks=0
[mpc_node-5] [INFO] [1783590241.705477185] [px4_3.mpc_node_3]: [d3] solve: status=0 time=0.17ms cost=0.1 pos=(22.79,-0.04,-4.99) local=(19.09,0.50,-6.13) wbirth=(3.70,-0.54,1.15) ref=(23.00,0.00) leader=(20.00,0.00) fallbacks=0
[mpc_node-4] [INFO] [1783590241.717708135] [px4_2.mpc_node_2]: [d2] solve: status=0 time=0.38ms cost=0.0 pos=(19.93,-3.00,-5.00) local=(20.56,-0.32,-6.20) wbirth=(-0.63,-2.67,1.20) ref=(20.00,-3.00) leader=(20.00,0.00) fallbacks=0
[mpc_node-3] [INFO] [1783590241.724790475] [px4_1.mpc_node_1]: [d1] solve: status=0 time=0.16ms cost=0.0 pos=(20.04,2.89,-5.00) local=(19.60,-0.24,-5.96) wbirth=(0.44,3.14,0.96) ref=(20.00,3.00) leader=(20.00,0.00) fallbacks=0
[mpc_node-6] [INFO] [1783590241.751824660] [px4_4.mpc_node_4]: [d4] solve: status=0 time=0.14ms cost=0.1 pos=(16.87,0.10,-5.05) local=(20.37,1.15,-5.19) wbirth=(-3.51,-1.05,0.14) ref=(17.00,0.00) leader=(20.00,0.00) fallbacks=0
[mpc_node-2] [INFO] [1783590241.789829384] [px4_0.mpc_node_0]: [d0] solve: status=0 time=0.18ms cost=0.0 pos=(19.95,0.02,-5.03) local=(19.22,-0.52,-5.03) wbirth=(0.73,0.53,0.00) ref=(20.00,0.00) leader=(20.00,0.00) fallbacks=0
[mpc_node-5] [INFO] [1783590242.705113909] [px4_3.mpc_node_3]: [d3] solve: status=0 time=0.14ms cost=0.0 pos=(22.87,-0.01,-4.98) local=(19.17,0.53,-6.13) wbirth=(3.70,-0.54,1.15) ref=(23.00,0.00) leader=(20.00,0.00) fallbacks=0
[mpc_node-4] [INFO] [1783590242.717261105] [px4_2.mpc_node_2]: [d2] solve: status=0 time=0.17ms cost=0.0 pos=(20.01,-2.98,-5.00) local=(20.64,-0.31,-6.20) wbirth=(-0.63,-2.67,1.20) ref=(20.00,-3.00) leader=(20.00,0.00) fallbacks=0
[mpc_node-3] [INFO] [1783590242.725198707] [px4_1.mpc_node_1]: [d1] solve: status=0 time=0.20ms cost=0.0 pos=(20.07,2.91,-5.01) local=(19.63,-0.23,-5.97) wbirth=(0.44,3.14,0.96) ref=(20.00,3.00) leader=(20.00,0.00) fallbacks=0
[mpc_node-6] [INFO] [1783590242.752871681] [px4_4.mpc_node_4]: [d4] solve: status=0 time=0.14ms cost=0.1 pos=(16.87,0.13,-5.03) local=(20.38,1.18,-5.17) wbirth=(-3.51,-1.05,0.14) ref=(17.00,0.00) leader=(20.00,0.00) fallbacks=0
[mpc_node-2] [INFO] [1783590242.790251549] [px4_0.mpc_node_0]: [d0] solve: status=0 time=0.15ms cost=0.0 pos=(19.95,0.04,-5.02) local=(19.23,-0.50,-5.02) wbirth=(0.73,0.53,0.00) ref=(20.00,0.00) leader=(20.00,0.00) fallbacks=0
[mpc_node-5] [INFO] [1783590243.707074593] [px4_3.mpc_node_3]: [d3] solve: status=0 time=0.21ms cost=0.0 pos=(23.00,0.03,-5.01) local=(19.30,0.57,-6.15) wbirth=(3.70,-0.54,1.15) ref=(23.00,0.00) leader=(20.00,0.00) fallbacks=0
[mpc_node-4] [INFO] [1783590243.717286867] [px4_2.mpc_node_2]: [d2] solve: status=0 time=0.17ms cost=0.0 pos=(20.11,-2.93,-4.95) local=(20.74,-0.26,-6.15) wbirth=(-0.63,-2.67,1.20) ref=(20.00,-3.00) leader=(20.00,0.00) fallbacks=0
[mpc_node-3] [INFO] [1783590243.725525919] [px4_1.mpc_node_1]: [d1] solve: status=0 time=0.17ms cost=0.0 pos=(20.03,2.97,-5.02) local=(19.59,-0.16,-5.98) wbirth=(0.44,3.14,0.96) ref=(20.00,3.00) leader=(20.00,0.00) fallbacks=0
[mpc_node-6] [INFO] [1783590243.752209153] [px4_4.mpc_node_4]: [d4] solve: status=0 time=0.17ms cost=0.0 pos=(16.93,0.06,-4.98) local=(20.43,1.11,-5.12) wbirth=(-3.51,-1.05,0.14) ref=(17.00,0.00) leader=(20.00,0.00) fallbacks=0
[mpc_node-2] [INFO] [1783590243.789542558] [px4_0.mpc_node_0]: [d0] solve: status=0 time=0.18ms cost=0.0 pos=(20.00,0.01,-5.04) local=(19.27,-0.52,-5.04) wbirth=(0.73,0.53,0.00) ref=(20.00,0.00) leader=(20.00,0.00) fallbacks=0
[mpc_node-5] [INFO] [1783590244.706749565] [px4_3.mpc_node_3]: [d3] solve: status=0 time=0.14ms cost=0.0 pos=(23.12,0.03,-4.98) local=(19.41,0.57,-6.13) wbirth=(3.70,-0.54,1.15) ref=(23.00,0.00) leader=(20.00,0.00) fallbacks=0
[mpc_node-4] [INFO] [1783590244.717120394] [px4_2.mpc_node_2]: [d2] solve: status=0 time=0.14ms cost=0.0 pos=(20.12,-2.99,-4.99) local=(20.75,-0.31,-6.20) wbirth=(-0.63,-2.67,1.20) ref=(20.00,-3.00) leader=(20.00,0.00) fallbacks=0
[mpc_node-3] [INFO] [1783590244.724853397] [px4_1.mpc_node_1]: [d1] solve: status=0 time=0.17ms cost=0.0 pos=(19.96,3.09,-4.93) local=(19.52,-0.04,-5.89) wbirth=(0.44,3.14,0.96) ref=(20.00,3.00) leader=(20.00,0.00) fallbacks=0
[mpc_node-6] [INFO] [1783590244.751779089] [px4_4.mpc_node_4]: [d4] solve: status=0 time=0.17ms cost=0.0 pos=(17.00,-0.06,-4.94) local=(20.51,0.99,-5.08) wbirth=(-3.51,-1.05,0.14) ref=(17.00,0.00) leader=(20.00,0.00) fallbacks=0
[mpc_node-2] [INFO] [1783590244.789409145] [px4_0.mpc_node_0]: [d0] solve: status=0 time=0.17ms cost=0.0 pos=(20.01,-0.04,-4.98) local=(19.29,-0.57,-4.98) wbirth=(0.73,0.53,0.00) ref=(20.00,0.00) leader=(20.00,0.00) fallbacks=0
[mpc_node-5] [INFO] [1783590245.706678403] [px4_3.mpc_node_3]: [d3] solve: status=0 time=0.20ms cost=0.1 pos=(23.19,0.04,-4.93) local=(19.49,0.58,-6.07) wbirth=(3.70,-0.54,1.15) ref=(23.00,0.00) leader=(20.00,0.00) fallbacks=0
[mpc_node-4] [INFO] [1783590245.718357993] [px4_2.mpc_node_2]: [d2] solve: status=0 time=0.25ms cost=0.0 pos=(20.02,-2.96,-4.98) local=(20.65,-0.28,-6.19) wbirth=(-0.63,-2.67,1.20) ref=(20.00,-3.00) leader=(20.00,0.00) fallbacks=0
[mpc_node-3] [INFO] [1783590245.724923097] [px4_1.mpc_node_1]: [d1] solve: status=0 time=0.17ms cost=0.0 pos=(19.97,3.11,-5.01) local=(19.53,-0.03,-5.97) wbirth=(0.44,3.14,0.96) ref=(20.00,3.00) leader=(20.00,0.00) fallbacks=0
[mpc_node-6] [INFO] [1783590245.751217816] [px4_4.mpc_node_4]: [d4] solve: status=0 time=0.17ms cost=0.1 pos=(17.11,-0.12,-4.97) local=(20.62,0.93,-5.11) wbirth=(-3.51,-1.05,0.14) ref=(17.00,0.00) leader=(20.00,0.00) fallbacks=0
[mpc_node-2] [INFO] [1783590245.790471755] [px4_0.mpc_node_0]: [d0] solve: status=0 time=0.24ms cost=0.0 pos=(20.02,-0.03,-4.97) local=(19.29,-0.57,-4.97) wbirth=(0.73,0.53,0.00) ref=(20.00,0.00) leader=(20.00,0.00) fallbacks=0
[mpc_node-5] [INFO] [1783590246.705162607] [px4_3.mpc_node_3]: [d3] solve: status=0 time=0.14ms cost=0.1 pos=(23.16,0.09,-5.03) local=(19.46,0.63,-6.18) wbirth=(3.70,-0.54,1.15) ref=(23.00,0.00) leader=(20.00,0.00) fallbacks=0
[mpc_node-4] [INFO] [1783590246.717568392] [px4_2.mpc_node_2]: [d2] solve: status=0 time=0.14ms cost=0.0 pos=(19.99,-3.00,-5.03) local=(20.62,-0.33,-6.23) wbirth=(-0.63,-2.67,1.20) ref=(20.00,-3.00) leader=(20.00,0.00) fallbacks=0
[mpc_node-3] [INFO] [1783590246.725035040] [px4_1.mpc_node_1]: [d1] solve: status=0 time=0.14ms cost=0.0 pos=(20.01,3.05,-4.95) local=(19.57,-0.08,-5.91) wbirth=(0.44,3.14,0.96) ref=(20.00,3.00) leader=(20.00,0.00) fallbacks=0
[mpc_node-6] [INFO] [1783590246.752148311] [px4_4.mpc_node_4]: [d4] solve: status=0 time=0.14ms cost=0.1 pos=(17.16,-0.13,-5.01) local=(20.67,0.92,-5.15) wbirth=(-3.51,-1.05,0.14) ref=(17.00,0.00) leader=(20.00,0.00) fallbacks=0
[mpc_node-2] [INFO] [1783590246.791133282] [px4_0.mpc_node_0]: [d0] solve: status=0 time=0.18ms cost=0.0 pos=(20.04,0.01,-4.95) local=(19.31,-0.53,-4.95) wbirth=(0.73,0.53,0.00) ref=(20.00,0.00) leader=(20.00,0.00) fallbacks=0
[mpc_node-5] [INFO] [1783590247.705356307] [px4_3.mpc_node_3]: [d3] solve: status=0 time=0.17ms cost=0.0 pos=(23.12,0.04,-4.95) local=(19.42,0.58,-6.10) wbirth=(3.70,-0.54,1.15) ref=(23.00,0.00) leader=(20.00,0.00) fallbacks=0
[mpc_node-4] [INFO] [1783590247.717091149] [px4_2.mpc_node_2]: [d2] solve: status=0 time=0.14ms cost=0.0 pos=(19.98,-2.99,-5.04) local=(20.61,-0.32,-6.24) wbirth=(-0.63,-2.67,1.20) ref=(20.00,-3.00) leader=(20.00,0.00) fallbacks=0
[mpc_node-3] [INFO] [1783590247.724846485] [px4_1.mpc_node_1]: [d1] solve: status=0 time=0.18ms cost=0.0 pos=(19.98,2.99,-5.04) local=(19.54,-0.15,-6.00) wbirth=(0.44,3.14,0.96) ref=(20.00,3.00) leader=(20.00,0.00) fallbacks=0
[mpc_node-6] [INFO] [1783590247.751735400] [px4_4.mpc_node_4]: [d4] solve: status=0 time=0.17ms cost=0.0 pos=(17.08,-0.07,-4.96) local=(20.59,0.98,-5.10) wbirth=(-3.51,-1.05,0.14) ref=(17.00,0.00) leader=(20.00,0.00) fallbacks=0
[mpc_node-2] [INFO] [1783590247.789294782] [px4_0.mpc_node_0]: [d0] solve: status=0 time=0.17ms cost=0.0 pos=(20.01,0.04,-5.02) local=(19.29,-0.49,-5.02) wbirth=(0.73,0.53,0.00) ref=(20.00,0.00) leader=(20.00,0.00) fallbacks=0
[mpc_node-5] [INFO] [1783590248.707486016] [px4_3.mpc_node_3]: [d3] solve: status=0 time=0.20ms cost=0.0 pos=(22.99,0.02,-4.98) local=(19.29,0.56,-6.12) wbirth=(3.70,-0.54,1.15) ref=(23.00,0.00) leader=(20.00,0.00) fallbacks=0
[mpc_node-4] [INFO] [1783590248.717352010] [px4_2.mpc_node_2]: [d2] solve: status=0 time=0.17ms cost=0.0 pos=(19.94,-3.00,-4.99) local=(20.57,-0.32,-6.19) wbirth=(-0.63,-2.67,1.20) ref=(20.00,-3.00) leader=(20.00,0.00) fallbacks=0
[mpc_node-3] [INFO] [1783590248.725073389] [px4_1.mpc_node_1]: [d1] solve: status=0 time=0.20ms cost=0.0 pos=(19.98,2.95,-4.99) local=(19.54,-0.19,-5.95) wbirth=(0.44,3.14,0.96) ref=(20.00,3.00) leader=(20.00,0.00) fallbacks=0
[mpc_node-6] [INFO] [1783590248.752266478] [px4_4.mpc_node_4]: [d4] solve: status=0 time=0.17ms cost=0.0 pos=(16.95,0.01,-4.91) local=(20.46,1.05,-5.05) wbirth=(-3.51,-1.05,0.14) ref=(17.00,0.00) leader=(20.00,0.00) fallbacks=0
[mpc_node-2] [INFO] [1783590248.789841407] [px4_0.mpc_node_0]: [d0] solve: status=0 time=0.20ms cost=0.0 pos=(20.04,0.02,-5.01) local=(19.31,-0.52,-5.01) wbirth=(0.73,0.53,0.00) ref=(20.00,0.00) leader=(20.00,0.00) fallbacks=0
[mpc_node-5] [INFO] [1783590249.706011065] [px4_3.mpc_node_3]: [d3] solve: status=0 time=0.17ms cost=0.1 pos=(22.88,0.05,-5.08) local=(19.18,0.59,-6.23) wbirth=(3.70,-0.54,1.15) ref=(23.00,0.00) leader=(20.00,0.00) fallbacks=0
[mpc_node-4] [INFO] [1783590249.717807187] [px4_2.mpc_node_2]: [d2] solve: status=0 time=0.21ms cost=0.0 pos=(19.98,-3.05,-5.01) local=(20.61,-0.38,-6.21) wbirth=(-0.63,-2.67,1.20) ref=(20.00,-3.00) leader=(20.00,0.00) fallbacks=0
[mpc_node-3] [INFO] [1783590249.724971638] [px4_1.mpc_node_1]: [d1] solve: status=0 time=0.15ms cost=0.0 pos=(19.96,2.96,-5.05) local=(19.52,-0.18,-6.01) wbirth=(0.44,3.14,0.96) ref=(20.00,3.00) leader=(20.00,0.00) fallbacks=0
[mpc_node-6] [INFO] [1783590249.751848928] [px4_4.mpc_node_4]: [d4] solve: status=0 time=0.17ms cost=0.1 pos=(16.82,0.07,-4.97) local=(20.33,1.12,-5.11) wbirth=(-3.51,-1.05,0.14) ref=(17.00,0.00) leader=(20.00,0.00) fallbacks=0
[mpc_node-2] [INFO] [1783590249.789847513] [px4_0.mpc_node_0]: [d0] solve: status=0 time=0.18ms cost=0.0 pos=(20.10,-0.03,-5.03) local=(19.37,-0.57,-5.03) wbirth=(0.73,0.53,0.00) ref=(20.00,0.00) leader=(20.00,0.00) fallbacks=0
[mpc_node-5] [INFO] [1783590250.707763308] [px4_3.mpc_node_3]: [d3] solve: status=0 time=0.14ms cost=0.1 pos=(22.82,0.02,-5.06) local=(19.11,0.56,-6.21) wbirth=(3.70,-0.54,1.15) ref=(23.00,0.00) leader=(20.00,0.00) fallbacks=0
[mpc_node-4] [INFO] [1783590250.717299849] [px4_2.mpc_node_2]: [d2] solve: status=0 time=0.15ms cost=0.0 pos=(19.99,-3.09,-4.98) local=(20.62,-0.41,-6.18) wbirth=(-0.63,-2.67,1.20) ref=(20.00,-3.00) leader=(20.00,0.00) fallbacks=0
[mpc_node-3] [INFO] [1783590250.725162809] [px4_1.mpc_node_1]: [d1] solve: status=0 time=0.18ms cost=0.0 pos=(20.00,2.96,-5.01) local=(19.56,-0.18,-5.97) wbirth=(0.44,3.14,0.96) ref=(20.00,3.00) leader=(20.00,0.00) fallbacks=0
[mpc_node-6] [INFO] [1783590250.751709738] [px4_4.mpc_node_4]: [d4] solve: status=0 time=0.18ms cost=0.0 pos=(16.92,0.07,-5.00) local=(20.43,1.12,-5.14) wbirth=(-3.51,-1.05,0.14) ref=(17.00,0.00) leader=(20.00,0.00) fallbacks=0
[mpc_node-2] [INFO] [1783590250.789401590] [px4_0.mpc_node_0]: [d0] solve: status=0 time=0.18ms cost=0.0 pos=(20.01,-0.06,-4.98) local=(19.29,-0.59,-4.98) wbirth=(0.73,0.53,0.00) ref=(20.00,0.00) leader=(20.00,0.00) fallbacks=0
[mpc_node-5] [INFO] [1783590251.706268673] [px4_3.mpc_node_3]: [d3] solve: status=0 time=0.23ms cost=0.0 pos=(22.89,-0.06,-5.04) local=(19.19,0.48,-6.18) wbirth=(3.70,-0.54,1.15) ref=(23.00,0.00) leader=(20.00,0.00) fallbacks=0
[mpc_node-4] [INFO] [1783590251.717837970] [px4_2.mpc_node_2]: [d2] solve: status=0 time=0.17ms cost=0.0 pos=(20.02,-3.02,-4.98) local=(20.65,-0.34,-6.19) wbirth=(-0.63,-2.67,1.20) ref=(20.00,-3.00) leader=(20.00,0.00) fallbacks=0
[mpc_node-3] [INFO] [1783590251.726865166] [px4_1.mpc_node_1]: [d1] solve: status=0 time=0.23ms cost=0.0 pos=(20.00,3.01,-4.99) local=(19.56,-0.13,-5.95) wbirth=(0.44,3.14,0.96) ref=(20.00,3.00) leader=(20.00,0.00) fallbacks=0
[mpc_node-6] [INFO] [1783590251.751513777] [px4_4.mpc_node_4]: [d4] solve: status=0 time=0.14ms cost=0.0 pos=(17.01,0.04,-5.01) local=(20.51,1.09,-5.15) wbirth=(-3.51,-1.05,0.14) ref=(17.00,0.00) leader=(20.00,0.00) fallbacks=0
[mpc_node-2] [INFO] [1783590251.791227652] [px4_0.mpc_node_0]: [d0] solve: status=0 time=0.18ms cost=0.0 pos=(19.90,-0.08,-5.04) local=(19.17,-0.61,-5.04) wbirth=(0.73,0.53,0.00) ref=(20.00,0.00) leader=(20.00,0.00) fallbacks=0
[mpc_node-5] [INFO] [1783590252.706527960] [px4_3.mpc_node_3]: [d3] solve: status=0 time=0.17ms cost=0.0 pos=(22.94,-0.13,-5.00) local=(19.23,0.41,-6.14) wbirth=(3.70,-0.54,1.15) ref=(23.00,0.00) leader=(20.00,0.00) fallbacks=0
[mpc_node-4] [INFO] [1783590252.717270520] [px4_2.mpc_node_2]: [d2] solve: status=0 time=0.17ms cost=0.0 pos=(20.05,-2.99,-4.98) local=(20.68,-0.31,-6.19) wbirth=(-0.63,-2.67,1.20) ref=(20.00,-3.00) leader=(20.00,0.00) fallbacks=0
[mpc_node-3] [INFO] [1783590252.725030149] [px4_1.mpc_node_1]: [d1] solve: status=0 time=0.17ms cost=0.0 pos=(20.07,3.03,-4.97) local=(19.63,-0.11,-5.93) wbirth=(0.44,3.14,0.96) ref=(20.00,3.00) leader=(20.00,0.00) fallbacks=0
[mpc_node-6] [INFO] [1783590252.752267465] [px4_4.mpc_node_4]: [d4] solve: status=0 time=0.17ms cost=0.0 pos=(17.08,-0.01,-5.06) local=(20.58,1.04,-5.20) wbirth=(-3.51,-1.05,0.14) ref=(17.00,0.00) leader=(20.00,0.00) fallbacks=0
[mpc_node-2] [INFO] [1783590252.789538242] [px4_0.mpc_node_0]: [d0] solve: status=0 time=0.18ms cost=0.1 pos=(19.86,-0.05,-5.10) local=(19.14,-0.59,-5.10) wbirth=(0.73,0.53,0.00) ref=(20.00,0.00) leader=(20.00,0.00) fallbacks=0
[mpc_node-5] [INFO] [1783590253.706534983] [px4_3.mpc_node_3]: [d3] solve: status=0 time=0.20ms cost=0.1 pos=(23.04,-0.16,-4.94) local=(19.34,0.38,-6.09) wbirth=(3.70,-0.54,1.15) ref=(23.00,0.00) leader=(20.00,0.00) fallbacks=0
[mpc_node-4] [INFO] [1783590253.717925726] [px4_2.mpc_node_2]: [d2] solve: status=0 time=0.14ms cost=0.0 pos=(20.02,-2.97,-4.95) local=(20.65,-0.29,-6.16) wbirth=(-0.63,-2.67,1.20) ref=(20.00,-3.00) leader=(20.00,0.00) fallbacks=0
[mpc_node-3] [INFO] [1783590253.724936978] [px4_1.mpc_node_1]: [d1] solve: status=0 time=0.14ms cost=0.0 pos=(19.98,3.05,-5.01) local=(19.55,-0.09,-5.97) wbirth=(0.44,3.14,0.96) ref=(20.00,3.00) leader=(20.00,0.00) fallbacks=0
[mpc_node-6] [INFO] [1783590253.751776133] [px4_4.mpc_node_4]: [d4] solve: status=0 time=0.14ms cost=0.0 pos=(17.05,-0.05,-4.98) local=(20.55,1.00,-5.12) wbirth=(-3.51,-1.05,0.14) ref=(17.00,0.00) leader=(20.00,0.00) fallbacks=0
[mpc_node-2] [INFO] [1783590253.789345734] [px4_0.mpc_node_0]: [d0] solve: status=0 time=0.17ms cost=0.0 pos=(19.97,0.02,-5.00) local=(19.25,-0.51,-5.00) wbirth=(0.73,0.53,0.00) ref=(20.00,0.00) leader=(20.00,0.00) fallbacks=0
[mpc_node-5] [INFO] [1783590254.706510321] [px4_3.mpc_node_3]: [d3] solve: status=0 time=0.18ms cost=0.0 pos=(23.07,-0.06,-4.95) local=(19.37,0.48,-6.09) wbirth=(3.70,-0.54,1.15) ref=(23.00,0.00) leader=(20.00,0.00) fallbacks=0
[mpc_node-4] [INFO] [1783590254.717241724] [px4_2.mpc_node_2]: [d2] solve: status=0 time=0.17ms cost=0.0 pos=(20.02,-2.98,-5.05) local=(20.65,-0.31,-6.26) wbirth=(-0.63,-2.67,1.20) ref=(20.00,-3.00) leader=(20.00,0.00) fallbacks=0
[mpc_node-3] [INFO] [1783590254.725165940] [px4_1.mpc_node_1]: [d1] solve: status=0 time=0.20ms cost=0.0 pos=(19.92,3.01,-4.94) local=(19.48,-0.13,-5.90) wbirth=(0.44,3.14,0.96) ref=(20.00,3.00) leader=(20.00,0.00) fallbacks=0
[mpc_node-6] [INFO] [1783590254.751242089] [px4_4.mpc_node_4]: [d4] solve: status=0 time=0.14ms cost=0.0 pos=(17.05,-0.10,-4.99) local=(20.56,0.95,-5.13) wbirth=(-3.51,-1.05,0.14) ref=(17.00,0.00) leader=(20.00,0.00) fallbacks=0
[mpc_node-2] [INFO] [1783590254.790912723] [px4_0.mpc_node_0]: [d0] solve: status=0 time=0.21ms cost=0.0 pos=(20.10,0.09,-4.96) local=(19.37,-0.45,-4.96) wbirth=(0.73,0.53,0.00) ref=(20.00,0.00) leader=(20.00,0.00) fallbacks=0
[mpc_node-5] [INFO] [1783590255.706978220] [px4_3.mpc_node_3]: [d3] solve: status=0 time=0.17ms cost=0.0 pos=(23.07,-0.01,-4.97) local=(19.37,0.53,-6.11) wbirth=(3.70,-0.54,1.15) ref=(23.00,0.00) leader=(20.00,0.00) fallbacks=0
[mpc_node-4] [INFO] [1783590255.717671596] [px4_2.mpc_node_2]: [d2] solve: status=0 time=0.17ms cost=0.0 pos=(19.90,-3.03,-5.05) local=(20.53,-0.36,-6.25) wbirth=(-0.63,-2.67,1.20) ref=(20.00,-3.00) leader=(20.00,0.00) fallbacks=0
[mpc_node-3] [INFO] [1783590255.725509664] [px4_1.mpc_node_1]: [d1] solve: status=0 time=0.15ms cost=0.0 pos=(19.91,2.98,-4.96) local=(19.47,-0.15,-5.92) wbirth=(0.44,3.14,0.96) ref=(20.00,3.00) leader=(20.00,0.00) fallbacks=0
[mpc_node-6] [INFO] [1783590255.752715180] [px4_4.mpc_node_4]: [d4] solve: status=0 time=0.17ms cost=0.0 pos=(17.00,0.00,-4.98) local=(20.50,1.05,-5.12) wbirth=(-3.51,-1.05,0.14) ref=(17.00,0.00) leader=(20.00,0.00) fallbacks=0
[mpc_node-2] [INFO] [1783590255.790236666] [px4_0.mpc_node_0]: [d0] solve: status=0 time=0.17ms cost=0.0 pos=(20.11,0.09,-4.95) local=(19.38,-0.44,-4.95) wbirth=(0.73,0.53,0.00) ref=(20.00,0.00) leader=(20.00,0.00) fallbacks=0
[mpc_node-5] [INFO] [1783590256.706701415] [px4_3.mpc_node_3]: [d3] solve: status=0 time=0.20ms cost=0.0 pos=(23.06,0.12,-4.99) local=(19.36,0.66,-6.13) wbirth=(3.70,-0.54,1.15) ref=(23.00,0.00) leader=(20.00,0.00) fallbacks=0
[mpc_node-4] [INFO] [1783590256.718096469] [px4_2.mpc_node_2]: [d2] solve: status=0 time=0.17ms cost=0.0 pos=(19.91,-3.04,-5.04) local=(20.54,-0.36,-6.24) wbirth=(-0.63,-2.67,1.20) ref=(20.00,-3.00) leader=(20.00,0.00) fallbacks=0
[mpc_node-3] [INFO] [1783590256.726518424] [px4_1.mpc_node_1]: [d1] solve: status=0 time=0.14ms cost=0.0 pos=(20.01,2.97,-5.05) local=(19.57,-0.16,-6.01) wbirth=(0.44,3.14,0.96) ref=(20.00,3.00) leader=(20.00,0.00) fallbacks=0
[mpc_node-6] [INFO] [1783590256.751823793] [px4_4.mpc_node_4]: [d4] solve: status=0 time=0.17ms cost=0.0 pos=(16.98,0.08,-5.02) local=(20.49,1.13,-5.16) wbirth=(-3.51,-1.05,0.14) ref=(17.00,0.00) leader=(20.00,0.00) fallbacks=0
[mpc_node-2] [INFO] [1783590256.790078802] [px4_0.mpc_node_0]: [d0] solve: status=0 time=0.17ms cost=0.0 pos=(20.06,0.03,-5.00) local=(19.34,-0.51,-5.00) wbirth=(0.73,0.53,0.00) ref=(20.00,0.00) leader=(20.00,0.00) fallbacks=0
[mpc_node-5] [INFO] [1783590257.705593919] [px4_3.mpc_node_3]: [d3] solve: status=0 time=0.17ms cost=0.1 pos=(23.04,0.18,-4.97) local=(19.34,0.72,-6.12) wbirth=(3.70,-0.54,1.15) ref=(23.00,0.00) leader=(20.00,0.00) fallbacks=0
[mpc_node-4] [INFO] [1783590257.717333589] [px4_2.mpc_node_2]: [d2] solve: status=0 time=0.17ms cost=0.0 pos=(20.00,-2.98,-4.95) local=(20.63,-0.30,-6.15) wbirth=(-0.63,-2.67,1.20) ref=(20.00,-3.00) leader=(20.00,0.00) fallbacks=0
[mpc_node-3] [INFO] [1783590257.726037137] [px4_1.mpc_node_1]: [d1] solve: status=0 time=0.17ms cost=0.0 pos=(20.02,2.99,-5.01) local=(19.58,-0.15,-5.97) wbirth=(0.44,3.14,0.96) ref=(20.00,3.00) leader=(20.00,0.00) fallbacks=0
[mpc_node-6] [INFO] [1783590257.751336756] [px4_4.mpc_node_4]: [d4] solve: status=0 time=0.14ms cost=0.0 pos=(16.99,0.08,-5.01) local=(20.50,1.12,-5.15) wbirth=(-3.51,-1.05,0.14) ref=(17.00,0.00) leader=(20.00,0.00) fallbacks=0
[mpc_node-2] [INFO] [1783590257.789944408] [px4_0.mpc_node_0]: [d0] solve: status=0 time=0.15ms cost=0.0 pos=(20.00,-0.08,-5.03) local=(19.28,-0.61,-5.03) wbirth=(0.73,0.53,0.00) ref=(20.00,0.00) leader=(20.00,0.00) fallbacks=0
[mpc_node-5] [INFO] [1783590258.705178670] [px4_3.mpc_node_3]: [d3] solve: status=0 time=0.17ms cost=0.0 pos=(23.01,0.08,-5.01) local=(19.31,0.62,-6.16) wbirth=(3.70,-0.54,1.15) ref=(23.00,0.00) leader=(20.00,0.00) fallbacks=0
[mpc_node-4] [INFO] [1783590258.717303506] [px4_2.mpc_node_2]: [d2] solve: status=0 time=0.17ms cost=0.0 pos=(20.11,-2.94,-4.97) local=(20.74,-0.27,-6.17) wbirth=(-0.63,-2.67,1.20) ref=(20.00,-3.00) leader=(20.00,0.00) fallbacks=0
[mpc_node-3] [INFO] [1783590258.724779641] [px4_1.mpc_node_1]: [d1] solve: status=0 time=0.15ms cost=0.0 pos=(20.12,2.96,-4.97) local=(19.68,-0.17,-5.93) wbirth=(0.44,3.14,0.96) ref=(20.00,3.00) leader=(20.00,0.00) fallbacks=0
[mpc_node-6] [INFO] [1783590258.752099800] [px4_4.mpc_node_4]: [d4] solve: status=0 time=0.19ms cost=0.0 pos=(17.00,0.03,-5.00) local=(20.51,1.08,-5.14) wbirth=(-3.51,-1.05,0.14) ref=(17.00,0.00) leader=(20.00,0.00) fallbacks=0
[mpc_node-2] [INFO] [1783590258.789332786] [px4_0.mpc_node_0]: [d0] solve: status=0 time=0.15ms cost=0.0 pos=(19.93,-0.04,-4.99) local=(19.21,-0.57,-4.99) wbirth=(0.73,0.53,0.00) ref=(20.00,0.00) leader=(20.00,0.00) fallbacks=0
[mpc_node-5] [INFO] [1783590259.705513129] [px4_3.mpc_node_3]: [d3] solve: status=0 time=0.20ms cost=0.0 pos=(22.94,-0.01,-4.99) local=(19.23,0.53,-6.14) wbirth=(3.70,-0.54,1.15) ref=(23.00,0.00) leader=(20.00,0.00) fallbacks=0
[mpc_node-4] [INFO] [1783590259.717589871] [px4_2.mpc_node_2]: [d2] solve: status=0 time=0.17ms cost=0.1 pos=(20.17,-2.95,-5.01) local=(20.80,-0.27,-6.21) wbirth=(-0.63,-2.67,1.20) ref=(20.00,-3.00) leader=(20.00,0.00) fallbacks=0
[mpc_node-3] [INFO] [1783590259.724745268] [px4_1.mpc_node_1]: [d1] solve: status=0 time=0.17ms cost=0.0 pos=(20.07,3.00,-5.04) local=(19.63,-0.13,-6.00) wbirth=(0.44,3.14,0.96) ref=(20.00,3.00) leader=(20.00,0.00) fallbacks=0
[mpc_node-6] [INFO] [1783590259.752458272] [px4_4.mpc_node_4]: [d4] solve: status=0 time=0.17ms cost=0.0 pos=(17.00,-0.00,-4.95) local=(20.50,1.05,-5.09) wbirth=(-3.51,-1.05,0.14) ref=(17.00,0.00) leader=(20.00,0.00) fallbacks=0
[mpc_node-2] [INFO] [1783590259.789341653] [px4_0.mpc_node_0]: [d0] solve: status=0 time=0.17ms cost=0.0 pos=(19.93,-0.02,-5.01) local=(19.21,-0.55,-5.01) wbirth=(0.73,0.53,0.00) ref=(20.00,0.00) leader=(20.00,0.00) fallbacks=0
[mpc_node-5] [INFO] [1783590260.705488928] [px4_3.mpc_node_3]: [d3] solve: status=0 time=0.17ms cost=0.0 pos=(22.90,-0.03,-5.02) local=(19.20,0.50,-6.17) wbirth=(3.70,-0.54,1.15) ref=(23.00,0.00) leader=(20.00,0.00) fallbacks=0
[mpc_node-4] [INFO] [1783590260.717144255] [px4_2.mpc_node_2]: [d2] solve: status=0 time=0.17ms cost=0.0 pos=(20.14,-2.96,-4.97) local=(20.77,-0.28,-6.18) wbirth=(-0.63,-2.67,1.20) ref=(20.00,-3.00) leader=(20.00,0.00) fallbacks=0
[mpc_node-3] [INFO] [1783590260.724717306] [px4_1.mpc_node_1]: [d1] solve: status=0 time=0.14ms cost=0.0 pos=(20.05,3.03,-5.00) local=(19.61,-0.11,-5.96) wbirth=(0.44,3.14,0.96) ref=(20.00,3.00) leader=(20.00,0.00) fallbacks=0
[mpc_node-6] [INFO] [1783590260.751753681] [px4_4.mpc_node_4]: [d4] solve: status=0 time=0.17ms cost=0.0 pos=(16.99,-0.08,-4.97) local=(20.50,0.97,-5.11) wbirth=(-3.51,-1.05,0.14) ref=(17.00,0.00) leader=(20.00,0.00) fallbacks=0
[mpc_node-2] [INFO] [1783590260.789430980] [px4_0.mpc_node_0]: [d0] solve: status=0 time=0.15ms cost=0.0 pos=(20.01,0.04,-5.01) local=(19.28,-0.50,-5.01) wbirth=(0.73,0.53,0.00) ref=(20.00,0.00) leader=(20.00,0.00) fallbacks=0
[mpc_node-5] [INFO] [1783590261.705503091] [px4_3.mpc_node_3]: [d3] solve: status=0 time=0.20ms cost=0.0 pos=(23.02,-0.05,-5.06) local=(19.31,0.49,-6.21) wbirth=(3.70,-0.54,1.15) ref=(23.00,0.00) leader=(20.00,0.00) fallbacks=0
[mpc_node-4] [INFO] [1783590261.717546816] [px4_2.mpc_node_2]: [d2] solve: status=0 time=0.28ms cost=0.0 pos=(19.98,-2.98,-4.93) local=(20.61,-0.31,-6.13) wbirth=(-0.63,-2.67,1.20) ref=(20.00,-3.00) leader=(20.00,0.00) fallbacks=0
[mpc_node-3] [INFO] [1783590261.724749426] [px4_1.mpc_node_1]: [d1] solve: status=0 time=0.14ms cost=0.0 pos=(19.99,2.94,-5.00) local=(19.55,-0.19,-5.96) wbirth=(0.44,3.14,0.96) ref=(20.00,3.00) leader=(20.00,0.00) fallbacks=0
[mpc_node-6] [INFO] [1783590261.752449538] [px4_4.mpc_node_4]: [d4] solve: status=0 time=0.15ms cost=0.0 pos=(17.05,-0.02,-5.02) local=(20.55,1.03,-5.16) wbirth=(-3.51,-1.05,0.14) ref=(17.00,0.00) leader=(20.00,0.00) fallbacks=0
[mpc_node-2] [INFO] [1783590261.789937377] [px4_0.mpc_node_0]: [d0] solve: status=0 time=0.14ms cost=0.0 pos=(20.00,0.06,-5.03) local=(19.28,-0.47,-5.03) wbirth=(0.73,0.53,0.00) ref=(20.00,0.00) leader=(20.00,0.00) fallbacks=0
[mpc_node-5] [INFO] [1783590262.705556685] [px4_3.mpc_node_3]: [d3] solve: status=0 time=0.17ms cost=0.0 pos=(23.04,-0.06,-5.04) local=(19.34,0.48,-6.19) wbirth=(3.70,-0.54,1.15) ref=(23.00,0.00) leader=(20.00,0.00) fallbacks=0
[mpc_node-4] [INFO] [1783590262.717174774] [px4_2.mpc_node_2]: [d2] solve: status=0 time=0.17ms cost=0.1 pos=(19.85,-3.03,-5.00) local=(20.48,-0.35,-6.21) wbirth=(-0.63,-2.67,1.20) ref=(20.00,-3.00) leader=(20.00,0.00) fallbacks=0
[mpc_node-3] [INFO] [1783590262.724872000] [px4_1.mpc_node_1]: [d1] solve: status=0 time=0.14ms cost=0.0 pos=(19.87,2.97,-4.97) local=(19.43,-0.17,-5.93) wbirth=(0.44,3.14,0.96) ref=(20.00,3.00) leader=(20.00,0.00) fallbacks=0
[mpc_node-6] [INFO] [1783590262.751851398] [px4_4.mpc_node_4]: [d4] solve: status=0 time=0.14ms cost=0.0 pos=(17.04,0.00,-4.96) local=(20.54,1.05,-5.10) wbirth=(-3.51,-1.05,0.14) ref=(17.00,0.00) leader=(20.00,0.00) fallbacks=0
[mpc_node-2] [INFO] [1783590262.789841918] [px4_0.mpc_node_0]: [d0] solve: status=0 time=0.18ms cost=0.0 pos=(20.01,0.04,-5.02) local=(19.28,-0.49,-5.02) wbirth=(0.73,0.53,0.00) ref=(20.00,0.00) leader=(20.00,0.00) fallbacks=0
[mpc_node-5] [INFO] [1783590263.705316472] [px4_3.mpc_node_3]: [d3] solve: status=0 time=0.17ms cost=0.0 pos=(22.98,-0.03,-5.02) local=(19.28,0.51,-6.17) wbirth=(3.70,-0.54,1.15) ref=(23.00,0.00) leader=(20.00,0.00) fallbacks=0
[mpc_node-4] [INFO] [1783590263.717051314] [px4_2.mpc_node_2]: [d2] solve: status=0 time=0.14ms cost=0.1 pos=(19.78,-3.07,-5.04) local=(20.41,-0.39,-6.25) wbirth=(-0.63,-2.67,1.20) ref=(20.00,-3.00) leader=(20.00,0.00) fallbacks=0
[mpc_node-3] [INFO] [1783590263.724771202] [px4_1.mpc_node_1]: [d1] solve: status=0 time=0.17ms cost=0.0 pos=(19.90,2.99,-5.05) local=(19.46,-0.14,-6.01) wbirth=(0.44,3.14,0.96) ref=(20.00,3.00) leader=(20.00,0.00) fallbacks=0
[mpc_node-6] [INFO] [1783590263.753488557] [px4_4.mpc_node_4]: [d4] solve: status=0 time=0.17ms cost=0.0 pos=(16.94,-0.00,-5.03) local=(20.45,1.04,-5.17) wbirth=(-3.51,-1.05,0.14) ref=(17.00,0.00) leader=(20.00,0.00) fallbacks=0
[mpc_node-2] [INFO] [1783590263.790617284] [px4_0.mpc_node_0]: [d0] solve: status=0 time=0.18ms cost=0.0 pos=(19.95,0.01,-5.00) local=(19.22,-0.52,-5.00) wbirth=(0.73,0.53,0.00) ref=(20.00,0.00) leader=(20.00,0.00) fallbacks=0
[mpc_node-5] [INFO] [1783590264.705191504] [px4_3.mpc_node_3]: [d3] solve: status=0 time=0.14ms cost=0.0 pos=(23.04,-0.03,-4.95) local=(19.34,0.51,-6.09) wbirth=(3.70,-0.54,1.15) ref=(23.00,0.00) leader=(20.00,0.00) fallbacks=0
[mpc_node-4] [INFO] [1783590264.717341212] [px4_2.mpc_node_2]: [d2] solve: status=0 time=0.14ms cost=0.0 pos=(19.87,-3.06,-4.98) local=(20.50,-0.39,-6.18) wbirth=(-0.63,-2.67,1.20) ref=(20.00,-3.00) leader=(20.00,0.00) fallbacks=0
[mpc_node-3] [INFO] [1783590264.724829786] [px4_1.mpc_node_1]: [d1] solve: status=0 time=0.14ms cost=0.0 pos=(19.92,3.08,-5.00) local=(19.48,-0.06,-5.97) wbirth=(0.44,3.14,0.96) ref=(20.00,3.00) leader=(20.00,0.00) fallbacks=0
[mpc_node-6] [INFO] [1783590264.752432569] [px4_4.mpc_node_4]: [d4] solve: status=0 time=0.18ms cost=0.0 pos=(16.96,-0.01,-4.98) local=(20.47,1.04,-5.12) wbirth=(-3.51,-1.05,0.14) ref=(17.00,0.00) leader=(20.00,0.00) fallbacks=0
[mpc_node-2] [INFO] [1783590264.789070757] [px4_0.mpc_node_0]: [d0] solve: status=0 time=0.18ms cost=0.0 pos=(19.99,-0.04,-5.03) local=(19.27,-0.57,-5.03) wbirth=(0.73,0.53,0.00) ref=(20.00,0.00) leader=(20.00,0.00) fallbacks=0
[mpc_node-5] [INFO] [1783590265.706302298] [px4_3.mpc_node_3]: [d3] solve: status=0 time=0.15ms cost=0.0 pos=(23.03,0.00,-4.97) local=(19.33,0.54,-6.12) wbirth=(3.70,-0.54,1.15) ref=(23.00,0.00) leader=(20.00,0.00) fallbacks=0
[mpc_node-4] [INFO] [1783590265.717308735] [px4_2.mpc_node_2]: [d2] solve: status=0 time=0.14ms cost=0.0 pos=(19.97,-3.06,-4.98) local=(20.60,-0.38,-6.18) wbirth=(-0.63,-2.67,1.20) ref=(20.00,-3.00) leader=(20.00,0.00) fallbacks=0
[mpc_node-3] [INFO] [1783590265.724962660] [px4_1.mpc_node_1]: [d1] solve: status=0 time=0.17ms cost=0.0 pos=(19.98,3.10,-5.01) local=(19.54,-0.03,-5.97) wbirth=(0.44,3.14,0.96) ref=(20.00,3.00) leader=(20.00,0.00) fallbacks=0
[mpc_node-6] [INFO] [1783590265.751438638] [px4_4.mpc_node_4]: [d4] solve: status=0 time=0.15ms cost=0.0 pos=(17.00,-0.01,-5.01) local=(20.51,1.03,-5.15) wbirth=(-3.51,-1.05,0.14) ref=(17.00,0.00) leader=(20.00,0.00) fallbacks=0
[mpc_node-2] [INFO] [1783590265.789748741] [px4_0.mpc_node_0]: [d0] solve: status=0 time=0.15ms cost=0.0 pos=(20.02,-0.04,-4.99) local=(19.29,-0.57,-4.99) wbirth=(0.73,0.53,0.00) ref=(20.00,0.00) leader=(20.00,0.00) fallbacks=0
[mpc_node-5] [INFO] [1783590266.707568495] [px4_3.mpc_node_3]: [d3] solve: status=0 time=0.17ms cost=0.0 pos=(23.04,-0.01,-4.97) local=(19.33,0.53,-6.12) wbirth=(3.70,-0.54,1.15) ref=(23.00,0.00) leader=(20.00,0.00) fallbacks=0
[mpc_node-4] [INFO] [1783590266.717233948] [px4_2.mpc_node_2]: [d2] solve: status=0 time=0.17ms cost=0.0 pos=(20.12,-3.04,-5.03) local=(20.75,-0.36,-6.23) wbirth=(-0.63,-2.67,1.20) ref=(20.00,-3.00) leader=(20.00,0.00) fallbacks=0
[mpc_node-3] [INFO] [1783590266.724725654] [px4_1.mpc_node_1]: [d1] solve: status=0 time=0.17ms cost=0.0 pos=(20.12,3.05,-4.97) local=(19.68,-0.09,-5.93) wbirth=(0.44,3.14,0.96) ref=(20.00,3.00) leader=(20.00,0.00) fallbacks=0
[mpc_node-6] [INFO] [1783590266.751625228] [px4_4.mpc_node_4]: [d4] solve: status=0 time=0.14ms cost=0.0 pos=(17.03,-0.02,-4.98) local=(20.54,1.03,-5.12) wbirth=(-3.51,-1.05,0.14) ref=(17.00,0.00) leader=(20.00,0.00) fallbacks=0
[mpc_node-2] [INFO] [1783590266.789667496] [px4_0.mpc_node_0]: [d0] solve: status=0 time=0.15ms cost=0.0 pos=(20.00,-0.05,-4.98) local=(19.27,-0.59,-4.98) wbirth=(0.73,0.53,0.00) ref=(20.00,0.00) leader=(20.00,0.00) fallbacks=0
[mpc_node-5] [INFO] [1783590267.706758715] [px4_3.mpc_node_3]: [d3] solve: status=0 time=0.18ms cost=0.0 pos=(23.05,0.00,-5.00) local=(19.35,0.54,-6.14) wbirth=(3.70,-0.54,1.15) ref=(23.00,0.00) leader=(20.00,0.00) fallbacks=0
[mpc_node-4] [INFO] [1783590267.717551923] [px4_2.mpc_node_2]: [d2] solve: status=0 time=0.17ms cost=0.0 pos=(20.15,-2.97,-5.02) local=(20.78,-0.30,-6.23) wbirth=(-0.63,-2.67,1.20) ref=(20.00,-3.00) leader=(20.00,0.00) fallbacks=0
[mpc_node-3] [INFO] [1783590267.724847382] [px4_1.mpc_node_1]: [d1] solve: status=0 time=0.14ms cost=0.0 pos=(20.15,3.02,-5.02) local=(19.71,-0.12,-5.98) wbirth=(0.44,3.14,0.96) ref=(20.00,3.00) leader=(20.00,0.00) fallbacks=0
[mpc_node-6] [INFO] [1783590267.752110192] [px4_4.mpc_node_4]: [d4] solve: status=0 time=0.17ms cost=0.0 pos=(17.05,-0.00,-4.95) local=(20.56,1.05,-5.09) wbirth=(-3.51,-1.05,0.14) ref=(17.00,0.00) leader=(20.00,0.00) fallbacks=0
[mpc_node-2] [INFO] [1783590267.789407526] [px4_0.mpc_node_0]: [d0] solve: status=0 time=0.15ms cost=0.0 pos=(20.00,-0.03,-5.03) local=(19.27,-0.57,-5.03) wbirth=(0.73,0.53,0.00) ref=(20.00,0.00) leader=(20.00,0.00) fallbacks=0
[mpc_node-5] [INFO] [1783590268.705145854] [px4_3.mpc_node_3]: [d3] solve: status=0 time=0.17ms cost=0.0 pos=(22.97,0.05,-4.97) local=(19.27,0.59,-6.11) wbirth=(3.70,-0.54,1.15) ref=(23.00,0.00) leader=(20.00,0.00) fallbacks=0
[mpc_node-4] [INFO] [1783590268.718616840] [px4_2.mpc_node_2]: [d2] solve: status=0 time=0.17ms cost=0.1 pos=(20.18,-2.90,-4.97) local=(20.81,-0.23,-6.18) wbirth=(-0.63,-2.67,1.20) ref=(20.00,-3.00) leader=(20.00,0.00) fallbacks=0
[mpc_node-3] [INFO] [1783590268.724740929] [px4_1.mpc_node_1]: [d1] solve: status=0 time=0.17ms cost=0.0 pos=(20.09,2.90,-5.01) local=(19.65,-0.24,-5.97) wbirth=(0.44,3.14,0.96) ref=(20.00,3.00) leader=(20.00,0.00) fallbacks=0
[mpc_node-6] [INFO] [1783590268.751990479] [px4_4.mpc_node_4]: [d4] solve: status=0 time=0.17ms cost=0.0 pos=(17.03,0.04,-4.97) local=(20.54,1.09,-5.11) wbirth=(-3.51,-1.05,0.14) ref=(17.00,0.00) leader=(20.00,0.00) fallbacks=0
[mpc_node-2] [INFO] [1783590268.789471885] [px4_0.mpc_node_0]: [d0] solve: status=0 time=0.18ms cost=0.0 pos=(20.04,-0.04,-4.98) local=(19.31,-0.58,-4.98) wbirth=(0.73,0.53,0.00) ref=(20.00,0.00) leader=(20.00,0.00) fallbacks=0
[mpc_node-5] [INFO] [1783590269.705492387] [px4_3.mpc_node_3]: [d3] solve: status=0 time=0.14ms cost=0.0 pos=(22.97,0.07,-5.01) local=(19.26,0.61,-6.16) wbirth=(3.70,-0.54,1.15) ref=(23.00,0.00) leader=(20.00,0.00) fallbacks=0
[mpc_node-4] [INFO] [1783590269.717552858] [px4_2.mpc_node_2]: [d2] solve: status=0 time=0.20ms cost=0.0 pos=(20.07,-2.90,-4.98) local=(20.70,-0.23,-6.19) wbirth=(-0.63,-2.67,1.20) ref=(20.00,-3.00) leader=(20.00,0.00) fallbacks=0
[mpc_node-3] [INFO] [1783590269.724846256] [px4_1.mpc_node_1]: [d1] solve: status=0 time=0.17ms cost=0.0 pos=(19.97,2.89,-4.96) local=(19.53,-0.25,-5.92) wbirth=(0.44,3.14,0.96) ref=(20.00,3.00) leader=(20.00,0.00) fallbacks=0
[mpc_node-6] [INFO] [1783590269.751814037] [px4_4.mpc_node_4]: [d4] solve: status=0 time=0.14ms cost=0.0 pos=(16.93,0.07,-5.03) local=(20.44,1.11,-5.17) wbirth=(-3.51,-1.05,0.14) ref=(17.00,0.00) leader=(20.00,0.00) fallbacks=0
[mpc_node-2] [INFO] [1783590269.789593413] [px4_0.mpc_node_0]: [d0] solve: status=0 time=0.18ms cost=0.0 pos=(20.05,-0.01,-4.94) local=(19.32,-0.54,-4.94) wbirth=(0.73,0.53,0.00) ref=(20.00,0.00) leader=(20.00,0.00) fallbacks=0
[mpc_node-5] [INFO] [1783590270.707027887] [px4_3.mpc_node_3]: [d3] solve: status=0 time=0.18ms cost=0.0 pos=(23.00,0.04,-5.01) local=(19.30,0.58,-6.15) wbirth=(3.70,-0.54,1.15) ref=(23.00,0.00) leader=(20.00,0.00) fallbacks=0
[mpc_node-4] [INFO] [1783590270.717325691] [px4_2.mpc_node_2]: [d2] solve: status=0 time=0.17ms cost=0.0 pos=(19.96,-2.96,-4.97) local=(20.59,-0.28,-6.17) wbirth=(-0.63,-2.67,1.20) ref=(20.00,-3.00) leader=(20.00,0.00) fallbacks=0
[mpc_node-3] [INFO] [1783590270.724745759] [px4_1.mpc_node_1]: [d1] solve: status=0 time=0.14ms cost=0.0 pos=(19.91,2.95,-4.95) local=(19.47,-0.18,-5.91) wbirth=(0.44,3.14,0.96) ref=(20.00,3.00) leader=(20.00,0.00) fallbacks=0
[mpc_node-6] [INFO] [1783590270.751835733] [px4_4.mpc_node_4]: [d4] solve: status=0 time=0.14ms cost=0.0 pos=(16.91,0.04,-4.96) local=(20.42,1.09,-5.10) wbirth=(-3.51,-1.05,0.14) ref=(17.00,0.00) leader=(20.00,0.00) fallbacks=0
[mpc_node-2] [INFO] [1783590270.789460900] [px4_0.mpc_node_0]: [d0] solve: status=0 time=0.18ms cost=0.0 pos=(20.06,0.05,-5.00) local=(19.34,-0.48,-5.00) wbirth=(0.73,0.53,0.00) ref=(20.00,0.00) leader=(20.00,0.00) fallbacks=0
[mpc_node-5] [INFO] [1783590271.706952890] [px4_3.mpc_node_3]: [d3] solve: status=0 time=0.15ms cost=0.0 pos=(22.91,0.02,-4.99) local=(19.21,0.56,-6.13) wbirth=(3.70,-0.54,1.15) ref=(23.00,0.00) leader=(20.00,0.00) fallbacks=0
[mpc_node-4] [INFO] [1783590271.717542153] [px4_2.mpc_node_2]: [d2] solve: status=0 time=0.20ms cost=0.1 pos=(19.81,-3.00,-5.04) local=(20.44,-0.32,-6.24) wbirth=(-0.63,-2.67,1.20) ref=(20.00,-3.00) leader=(20.00,0.00) fallbacks=0
[mpc_node-3] [INFO] [1783590271.725093152] [px4_1.mpc_node_1]: [d1] solve: status=0 time=0.17ms cost=0.0 pos=(19.91,3.01,-4.92) local=(19.47,-0.12,-5.88) wbirth=(0.44,3.14,0.96) ref=(20.00,3.00) leader=(20.00,0.00) fallbacks=0
[mpc_node-6] [INFO] [1783590271.752118738] [px4_4.mpc_node_4]: [d4] solve: status=0 time=0.17ms cost=0.0 pos=(16.95,0.00,-5.05) local=(20.45,1.05,-5.20) wbirth=(-3.51,-1.05,0.14) ref=(17.00,0.00) leader=(20.00,0.00) fallbacks=0
[mpc_node-2] [INFO] [1783590271.789531053] [px4_0.mpc_node_0]: [d0] solve: status=0 time=0.17ms cost=0.0 pos=(19.99,0.10,-5.02) local=(19.27,-0.43,-5.02) wbirth=(0.73,0.53,0.00) ref=(20.00,0.00) leader=(20.00,0.00) fallbacks=0
[mpc_node-5] [INFO] [1783590272.705207429] [px4_3.mpc_node_3]: [d3] solve: status=0 time=0.17ms cost=0.0 pos=(22.91,-0.03,-5.03) local=(19.21,0.51,-6.18) wbirth=(3.70,-0.54,1.15) ref=(23.00,0.00) leader=(20.00,0.00) fallbacks=0
[mpc_node-4] [INFO] [1783590272.717067092] [px4_2.mpc_node_2]: [d2] solve: status=0 time=0.14ms cost=0.1 pos=(19.84,-3.03,-5.04) local=(20.47,-0.35,-6.25) wbirth=(-0.63,-2.67,1.20) ref=(20.00,-3.00) leader=(20.00,0.00) fallbacks=0
[mpc_node-3] [INFO] [1783590272.725158321] [px4_1.mpc_node_1]: [d1] solve: status=0 time=0.17ms cost=0.0 pos=(19.94,3.07,-5.01) local=(19.50,-0.07,-5.97) wbirth=(0.44,3.14,0.96) ref=(20.00,3.00) leader=(20.00,0.00) fallbacks=0
[mpc_node-6] [INFO] [1783590272.751416062] [px4_4.mpc_node_4]: [d4] solve: status=0 time=0.17ms cost=0.0 pos=(17.03,-0.02,-5.03) local=(20.53,1.03,-5.17) wbirth=(-3.51,-1.05,0.14) ref=(17.00,0.00) leader=(20.00,0.00) fallbacks=0
[mpc_node-2] [INFO] [1783590272.789493344] [px4_0.mpc_node_0]: [d0] solve: status=0 time=0.15ms cost=0.0 pos=(19.96,0.13,-4.98) local=(19.23,-0.41,-4.98) wbirth=(0.73,0.53,0.00) ref=(20.00,0.00) leader=(20.00,0.00) fallbacks=0
[mpc_node-5] [INFO] [1783590273.706805546] [px4_3.mpc_node_3]: [d3] solve: status=0 time=0.14ms cost=0.0 pos=(22.98,-0.03,-5.04) local=(19.28,0.50,-6.19) wbirth=(3.70,-0.54,1.15) ref=(23.00,0.00) leader=(20.00,0.00) fallbacks=0
[mpc_node-4] [INFO] [1783590273.718346030] [px4_2.mpc_node_2]: [d2] solve: status=0 time=0.15ms cost=0.0 pos=(19.92,-3.08,-5.05) local=(20.55,-0.40,-6.25) wbirth=(-0.63,-2.67,1.20) ref=(20.00,-3.00) leader=(20.00,0.00) fallbacks=0
[mpc_node-3] [INFO] [1783590273.725609923] [px4_1.mpc_node_1]: [d1] solve: status=0 time=0.15ms cost=0.0 pos=(19.95,3.07,-5.03) local=(19.51,-0.07,-5.99) wbirth=(0.44,3.14,0.96) ref=(20.00,3.00) leader=(20.00,0.00) fallbacks=0
[mpc_node-6] [INFO] [1783590273.751919684] [px4_4.mpc_node_4]: [d4] solve: status=0 time=0.17ms cost=0.0 pos=(17.04,0.03,-4.96) local=(20.55,1.08,-5.10) wbirth=(-3.51,-1.05,0.14) ref=(17.00,0.00) leader=(20.00,0.00) fallbacks=0
[mpc_node-2] [INFO] [1783590273.790733188] [px4_0.mpc_node_0]: [d0] solve: status=0 time=0.18ms cost=0.0 pos=(20.04,0.05,-4.96) local=(19.31,-0.48,-4.96) wbirth=(0.73,0.53,0.00) ref=(20.00,0.00) leader=(20.00,0.00) fallbacks=0
[mpc_node-5] [INFO] [1783590274.706723295] [px4_3.mpc_node_3]: [d3] solve: status=0 time=0.14ms cost=0.0 pos=(23.04,-0.04,-5.01) local=(19.34,0.50,-6.16) wbirth=(3.70,-0.54,1.15) ref=(23.00,0.00) leader=(20.00,0.00) fallbacks=0
[mpc_node-4] [INFO] [1783590274.717410785] [px4_2.mpc_node_2]: [d2] solve: status=0 time=0.14ms cost=0.0 pos=(20.00,-3.07,-4.97) local=(20.63,-0.40,-6.17) wbirth=(-0.63,-2.67,1.20) ref=(20.00,-3.00) leader=(20.00,0.00) fallbacks=0
[mpc_node-3] [INFO] [1783590274.727110036] [px4_1.mpc_node_1]: [d1] solve: status=0 time=0.17ms cost=0.0 pos=(19.96,3.07,-5.03) local=(19.52,-0.07,-5.99) wbirth=(0.44,3.14,0.96) ref=(20.00,3.00) leader=(20.00,0.00) fallbacks=0
[mpc_node-6] [INFO] [1783590274.751805106] [px4_4.mpc_node_4]: [d4] solve: status=0 time=0.17ms cost=0.0 pos=(17.02,0.07,-5.02) local=(20.53,1.12,-5.16) wbirth=(-3.51,-1.05,0.14) ref=(17.00,0.00) leader=(20.00,0.00) fallbacks=0
[mpc_node-2] [INFO] [1783590274.789837451] [px4_0.mpc_node_0]: [d0] solve: status=0 time=0.18ms cost=0.0 pos=(20.02,-0.07,-4.95) local=(19.30,-0.61,-4.95) wbirth=(0.73,0.53,0.00) ref=(20.00,0.00) leader=(20.00,0.00) fallbacks=0
[mpc_node-5] [INFO] [1783590275.706688208] [px4_3.mpc_node_3]: [d3] solve: status=0 time=0.16ms cost=0.0 pos=(23.06,-0.04,-5.02) local=(19.36,0.50,-6.16) wbirth=(3.70,-0.54,1.15) ref=(23.00,0.00) leader=(20.00,0.00) fallbacks=0
[mpc_node-4] [INFO] [1783590275.718413327] [px4_2.mpc_node_2]: [d2] solve: status=0 time=0.17ms cost=0.0 pos=(20.09,-3.07,-5.03) local=(20.72,-0.39,-6.23) wbirth=(-0.63,-2.67,1.20) ref=(20.00,-3.00) leader=(20.00,0.00) fallbacks=0
[mpc_node-3] [INFO] [1783590275.726387285] [px4_1.mpc_node_1]: [d1] solve: status=0 time=0.18ms cost=0.0 pos=(20.00,3.04,-5.03) local=(19.56,-0.09,-5.99) wbirth=(0.44,3.14,0.96) ref=(20.00,3.00) leader=(20.00,0.00) fallbacks=0
[mpc_node-6] [INFO] [1783590275.751856736] [px4_4.mpc_node_4]: [d4] solve: status=0 time=0.18ms cost=0.0 pos=(17.03,0.06,-5.02) local=(20.54,1.10,-5.16) wbirth=(-3.51,-1.05,0.14) ref=(17.00,0.00) leader=(20.00,0.00) fallbacks=0
[mpc_node-2] [INFO] [1783590275.790423752] [px4_0.mpc_node_0]: [d0] solve: status=0 time=0.16ms cost=0.0 pos=(19.99,-0.11,-4.99) local=(19.26,-0.65,-4.99) wbirth=(0.73,0.53,0.00) ref=(20.00,0.00) leader=(20.00,0.00) fallbacks=0
[mpc_node-5] [INFO] [1783590276.707304097] [px4_3.mpc_node_3]: [d3] solve: status=0 time=0.17ms cost=0.0 pos=(23.02,0.03,-5.02) local=(19.32,0.57,-6.16) wbirth=(3.70,-0.54,1.15) ref=(23.00,0.00) leader=(20.00,0.00) fallbacks=0
[mpc_node-4] [INFO] [1783590276.718738005] [px4_2.mpc_node_2]: [d2] solve: status=0 time=0.24ms cost=0.0 pos=(20.12,-3.02,-5.01) local=(20.75,-0.34,-6.21) wbirth=(-0.63,-2.67,1.20) ref=(20.00,-3.00) leader=(20.00,0.00) fallbacks=0
[mpc_node-3] [INFO] [1783590276.725675930] [px4_1.mpc_node_1]: [d1] solve: status=0 time=0.14ms cost=0.0 pos=(20.10,3.01,-5.03) local=(19.66,-0.13,-5.99) wbirth=(0.44,3.14,0.96) ref=(20.00,3.00) leader=(20.00,0.00) fallbacks=0
[mpc_node-6] [INFO] [1783590276.751768828] [px4_4.mpc_node_4]: [d4] solve: status=0 time=0.14ms cost=0.0 pos=(16.96,0.00,-5.05) local=(20.47,1.05,-5.19) wbirth=(-3.51,-1.05,0.14) ref=(17.00,0.00) leader=(20.00,0.00) fallbacks=0
[mpc_node-2] [INFO] [1783590276.790602784] [px4_0.mpc_node_0]: [d0] solve: status=0 time=0.15ms cost=0.0 pos=(19.91,-0.09,-5.01) local=(19.18,-0.62,-5.01) wbirth=(0.73,0.53,0.00) ref=(20.00,0.00) leader=(20.00,0.00) fallbacks=0
[mpc_node-5] [INFO] [1783590277.705087739] [px4_3.mpc_node_3]: [d3] solve: status=0 time=0.17ms cost=0.0 pos=(23.03,0.05,-5.00) local=(19.33,0.59,-6.15) wbirth=(3.70,-0.54,1.15) ref=(23.00,0.00) leader=(20.00,0.00) fallbacks=0
[mpc_node-4] [INFO] [1783590277.717318198] [px4_2.mpc_node_2]: [d2] solve: status=0 time=0.17ms cost=0.0 pos=(20.11,-2.93,-4.94) local=(20.74,-0.25,-6.14) wbirth=(-0.63,-2.67,1.20) ref=(20.00,-3.00) leader=(20.00,0.00) fallbacks=0
[mpc_node-3] [INFO] [1783590277.724943980] [px4_1.mpc_node_1]: [d1] solve: status=0 time=0.17ms cost=0.0 pos=(20.11,3.02,-5.04) local=(19.67,-0.12,-6.00) wbirth=(0.44,3.14,0.96) ref=(20.00,3.00) leader=(20.00,0.00) fallbacks=0
[mpc_node-6] [INFO] [1783590277.751215859] [px4_4.mpc_node_4]: [d4] solve: status=0 time=0.17ms cost=0.0 pos=(16.93,-0.07,-4.96) local=(20.44,0.97,-5.10) wbirth=(-3.51,-1.05,0.14) ref=(17.00,0.00) leader=(20.00,0.00) fallbacks=0
[mpc_node-2] [INFO] [1783590277.790258259] [px4_0.mpc_node_0]: [d0] solve: status=0 time=0.17ms cost=0.0 pos=(19.91,-0.00,-5.01) local=(19.19,-0.54,-5.01) wbirth=(0.73,0.53,0.00) ref=(20.00,0.00) leader=(20.00,0.00) fallbacks=0
[mpc_node-5] [INFO] [1783590278.706402089] [px4_3.mpc_node_3]: [d3] solve: status=0 time=0.15ms cost=0.0 pos=(23.06,-0.01,-5.00) local=(19.36,0.53,-6.15) wbirth=(3.70,-0.54,1.15) ref=(23.00,0.00) leader=(20.00,0.00) fallbacks=0
[mpc_node-4] [INFO] [1783590278.718270198] [px4_2.mpc_node_2]: [d2] solve: status=0 time=0.17ms cost=0.0 pos=(20.08,-2.88,-5.00) local=(20.71,-0.20,-6.21) wbirth=(-0.63,-2.67,1.20) ref=(20.00,-3.00) leader=(20.00,0.00) fallbacks=0
[mpc_node-3] [INFO] [1783590278.725309022] [px4_1.mpc_node_1]: [d1] solve: status=0 time=0.15ms cost=0.0 pos=(20.13,2.94,-5.00) local=(19.69,-0.19,-5.96) wbirth=(0.44,3.14,0.96) ref=(20.00,3.00) leader=(20.00,0.00) fallbacks=0
[mpc_node-6] [INFO] [1783590278.751520699] [px4_4.mpc_node_4]: [d4] solve: status=0 time=0.17ms cost=0.0 pos=(16.97,-0.14,-5.00) local=(20.48,0.91,-5.14) wbirth=(-3.51,-1.05,0.14) ref=(17.00,0.00) leader=(20.00,0.00) fallbacks=0
[mpc_node-2] [INFO] [1783590278.789965935] [px4_0.mpc_node_0]: [d0] solve: status=0 time=0.18ms cost=0.0 pos=(19.98,0.04,-5.02) local=(19.26,-0.49,-5.02) wbirth=(0.73,0.53,0.00) ref=(20.00,0.00) leader=(20.00,0.00) fallbacks=0
[mpc_node-5] [INFO] [1783590279.707704791] [px4_3.mpc_node_3]: [d3] solve: status=0 time=0.18ms cost=0.0 pos=(23.09,-0.03,-4.99) local=(19.38,0.51,-6.13) wbirth=(3.70,-0.54,1.15) ref=(23.00,0.00) leader=(20.00,0.00) fallbacks=0
[mpc_node-4] [INFO] [1783590279.718180595] [px4_2.mpc_node_2]: [d2] solve: status=0 time=0.15ms cost=0.0 pos=(19.88,-2.93,-4.99) local=(20.51,-0.25,-6.19) wbirth=(-0.63,-2.67,1.20) ref=(20.00,-3.00) leader=(20.00,0.00) fallbacks=0
[mpc_node-3] [INFO] [1783590279.725709306] [px4_1.mpc_node_1]: [d1] solve: status=0 time=0.17ms cost=0.0 pos=(20.07,2.94,-4.99) local=(19.63,-0.19,-5.95) wbirth=(0.44,3.14,0.96) ref=(20.00,3.00) leader=(20.00,0.00) fallbacks=0
[mpc_node-6] [INFO] [1783590279.751760271] [px4_4.mpc_node_4]: [d4] solve: status=0 time=0.15ms cost=0.0 pos=(17.03,-0.09,-5.00) local=(20.53,0.96,-5.14) wbirth=(-3.51,-1.05,0.14) ref=(17.00,0.00) leader=(20.00,0.00) fallbacks=0
[mpc_node-2] [INFO] [1783590279.789576699] [px4_0.mpc_node_0]: [d0] solve: status=0 time=0.16ms cost=0.0 pos=(20.05,0.10,-5.03) local=(19.32,-0.44,-5.03) wbirth=(0.73,0.53,0.00) ref=(20.00,0.00) leader=(20.00,0.00) fallbacks=0
[mpc_node-5] [INFO] [1783590280.706625173] [px4_3.mpc_node_3]: [d3] solve: status=0 time=0.15ms cost=0.0 pos=(22.98,-0.01,-5.00) local=(19.27,0.53,-6.14) wbirth=(3.70,-0.54,1.15) ref=(23.00,0.00) leader=(20.00,0.00) fallbacks=0
[mpc_node-4] [INFO] [1783590280.718004978] [px4_2.mpc_node_2]: [d2] solve: status=0 time=0.20ms cost=0.0 pos=(19.86,-2.97,-5.04) local=(20.49,-0.30,-6.24) wbirth=(-0.63,-2.67,1.20) ref=(20.00,-3.00) leader=(20.00,0.00) fallbacks=0
[mpc_node-3] [INFO] [1783590280.726362267] [px4_1.mpc_node_1]: [d1] solve: status=0 time=0.15ms cost=0.0 pos=(19.93,2.98,-4.99) local=(19.49,-0.15,-5.95) wbirth=(0.44,3.14,0.96) ref=(20.00,3.00) leader=(20.00,0.00) fallbacks=0
[mpc_node-6] [INFO] [1783590280.752485760] [px4_4.mpc_node_4]: [d4] solve: status=0 time=0.14ms cost=0.0 pos=(17.03,-0.06,-5.00) local=(20.54,0.99,-5.14) wbirth=(-3.51,-1.05,0.14) ref=(17.00,0.00) leader=(20.00,0.00) fallbacks=0
[mpc_node-2] [INFO] [1783590280.789859193] [px4_0.mpc_node_0]: [d0] solve: status=0 time=0.15ms cost=0.0 pos=(20.02,0.07,-5.03) local=(19.30,-0.46,-5.03) wbirth=(0.73,0.53,0.00) ref=(20.00,0.00) leader=(20.00,0.00) fallbacks=0
[mpc_node-5] [INFO] [1783590281.707123113] [px4_3.mpc_node_3]: [d3] solve: status=0 time=0.14ms cost=0.0 pos=(23.04,-0.01,-4.98) local=(19.33,0.53,-6.12) wbirth=(3.70,-0.54,1.15) ref=(23.00,0.00) leader=(20.00,0.00) fallbacks=0
[mpc_node-4] [INFO] [1783590281.719309082] [px4_2.mpc_node_2]: [d2] solve: status=0 time=0.20ms cost=0.0 pos=(19.88,-3.00,-5.05) local=(20.51,-0.32,-6.25) wbirth=(-0.63,-2.67,1.20) ref=(20.00,-3.00) leader=(20.00,0.00) fallbacks=0
[mpc_node-3] [INFO] [1783590281.725717578] [px4_1.mpc_node_1]: [d1] solve: status=0 time=0.17ms cost=0.0 pos=(19.86,3.00,-4.96) local=(19.42,-0.14,-5.92) wbirth=(0.44,3.14,0.96) ref=(20.00,3.00) leader=(20.00,0.00) fallbacks=0
[mpc_node-6] [INFO] [1783590281.751734277] [px4_4.mpc_node_4]: [d4] solve: status=0 time=0.14ms cost=0.0 pos=(17.03,-0.00,-5.02) local=(20.54,1.05,-5.16) wbirth=(-3.51,-1.05,0.14) ref=(17.00,0.00) leader=(20.00,0.00) fallbacks=0
[mpc_node-2] [INFO] [1783590281.791152385] [px4_0.mpc_node_0]: [d0] solve: status=0 time=0.18ms cost=0.0 pos=(20.03,0.03,-4.99) local=(19.31,-0.51,-4.99) wbirth=(0.73,0.53,0.00) ref=(20.00,0.00) leader=(20.00,0.00) fallbacks=0
[mpc_node-5] [INFO] [1783590282.706290801] [px4_3.mpc_node_3]: [d3] solve: status=0 time=0.17ms cost=0.0 pos=(22.95,-0.01,-4.96) local=(19.25,0.53,-6.11) wbirth=(3.70,-0.54,1.15) ref=(23.00,0.00) leader=(20.00,0.00) fallbacks=0
[mpc_node-4] [INFO] [1783590282.717713438] [px4_2.mpc_node_2]: [d2] solve: status=0 time=0.17ms cost=0.0 pos=(19.96,-3.02,-4.95) local=(20.59,-0.35,-6.15) wbirth=(-0.63,-2.67,1.20) ref=(20.00,-3.00) leader=(20.00,0.00) fallbacks=0
[mpc_node-3] [INFO] [1783590282.726299108] [px4_1.mpc_node_1]: [d1] solve: status=0 time=0.17ms cost=0.0 pos=(19.87,3.00,-4.97) local=(19.43,-0.13,-5.93) wbirth=(0.44,3.14,0.96) ref=(20.00,3.00) leader=(20.00,0.00) fallbacks=0
[mpc_node-6] [INFO] [1783590282.751472350] [px4_4.mpc_node_4]: [d4] solve: status=0 time=0.14ms cost=0.0 pos=(17.04,0.07,-5.02) local=(20.55,1.11,-5.16) wbirth=(-3.51,-1.05,0.14) ref=(17.00,0.00) leader=(20.00,0.00) fallbacks=0
[mpc_node-2] [INFO] [1783590282.789456575] [px4_0.mpc_node_0]: [d0] solve: status=0 time=0.18ms cost=0.0 pos=(20.03,-0.01,-5.02) local=(19.30,-0.54,-5.02) wbirth=(0.73,0.53,0.00) ref=(20.00,0.00) leader=(20.00,0.00) fallbacks=0
[mpc_node-5] [INFO] [1783590283.705611680] [px4_3.mpc_node_3]: [d3] solve: status=0 time=0.20ms cost=0.0 pos=(22.96,0.04,-4.93) local=(19.26,0.58,-6.07) wbirth=(3.70,-0.54,1.15) ref=(23.00,0.00) leader=(20.00,0.00) fallbacks=0
[mpc_node-4] [INFO] [1783590283.717169030] [px4_2.mpc_node_2]: [d2] solve: status=0 time=0.14ms cost=0.0 pos=(20.06,-3.06,-4.98) local=(20.69,-0.39,-6.19) wbirth=(-0.63,-2.67,1.20) ref=(20.00,-3.00) leader=(20.00,0.00) fallbacks=0
[mpc_node-3] [INFO] [1783590283.725067385] [px4_1.mpc_node_1]: [d1] solve: status=0 time=0.14ms cost=0.0 pos=(19.91,2.98,-4.96) local=(19.47,-0.15,-5.92) wbirth=(0.44,3.14,0.96) ref=(20.00,3.00) leader=(20.00,0.00) fallbacks=0
[mpc_node-6] [INFO] [1783590283.751436607] [px4_4.mpc_node_4]: [d4] solve: status=0 time=0.18ms cost=0.0 pos=(17.02,0.08,-5.01) local=(20.53,1.13,-5.15) wbirth=(-3.51,-1.05,0.14) ref=(17.00,0.00) leader=(20.00,0.00) fallbacks=0
[mpc_node-2] [INFO] [1783590283.790271200] [px4_0.mpc_node_0]: [d0] solve: status=0 time=0.21ms cost=0.0 pos=(20.03,-0.03,-5.00) local=(19.30,-0.56,-5.00) wbirth=(0.73,0.53,0.00) ref=(20.00,0.00) leader=(20.00,0.00) fallbacks=0
[mpc_node-5] [INFO] [1783590284.706535072] [px4_3.mpc_node_3]: [d3] solve: status=0 time=0.15ms cost=0.0 pos=(23.00,0.07,-5.00) local=(19.30,0.61,-6.14) wbirth=(3.70,-0.54,1.15) ref=(23.00,0.00) leader=(20.00,0.00) fallbacks=0
[mpc_node-4] [INFO] [1783590284.717733763] [px4_2.mpc_node_2]: [d2] solve: status=0 time=0.17ms cost=0.0 pos=(20.05,-3.06,-4.97) local=(20.68,-0.39,-6.17) wbirth=(-0.63,-2.67,1.20) ref=(20.00,-3.00) leader=(20.00,0.00) fallbacks=0
[mpc_node-3] [INFO] [1783590284.724804110] [px4_1.mpc_node_1]: [d1] solve: status=0 time=0.14ms cost=0.0 pos=(20.03,3.03,-4.96) local=(19.59,-0.11,-5.92) wbirth=(0.44,3.14,0.96) ref=(20.00,3.00) leader=(20.00,0.00) fallbacks=0
[mpc_node-6] [INFO] [1783590284.753023282] [px4_4.mpc_node_4]: [d4] solve: status=0 time=0.14ms cost=0.0 pos=(17.04,0.06,-5.03) local=(20.55,1.11,-5.17) wbirth=(-3.51,-1.05,0.14) ref=(17.00,0.00) leader=(20.00,0.00) fallbacks=0
[mpc_node-2] [INFO] [1783590284.789517785] [px4_0.mpc_node_0]: [d0] solve: status=0 time=0.18ms cost=0.0 pos=(20.04,-0.05,-4.98) local=(19.32,-0.58,-4.98) wbirth=(0.73,0.53,0.00) ref=(20.00,0.00) leader=(20.00,0.00) fallbacks=0
[mpc_node-5] [INFO] [1783590285.705719645] [px4_3.mpc_node_3]: [d3] solve: status=0 time=0.16ms cost=0.0 pos=(23.02,0.03,-5.02) local=(19.32,0.57,-6.16) wbirth=(3.70,-0.54,1.15) ref=(23.00,0.00) leader=(20.00,0.00) fallbacks=0
[mpc_node-4] [INFO] [1783590285.718271025] [px4_2.mpc_node_2]: [d2] solve: status=0 time=0.18ms cost=0.0 pos=(19.98,-3.11,-4.97) local=(20.61,-0.44,-6.17) wbirth=(-0.63,-2.67,1.20) ref=(20.00,-3.00) leader=(20.00,0.00) fallbacks=0
[mpc_node-3] [INFO] [1783590285.726192407] [px4_1.mpc_node_1]: [d1] solve: status=0 time=0.14ms cost=0.0 pos=(20.08,3.07,-5.02) local=(19.65,-0.06,-5.98) wbirth=(0.44,3.14,0.96) ref=(20.00,3.00) leader=(20.00,0.00) fallbacks=0
[mpc_node-6] [INFO] [1783590285.751929016] [px4_4.mpc_node_4]: [d4] solve: status=0 time=0.17ms cost=0.0 pos=(16.99,0.07,-4.97) local=(20.50,1.12,-5.11) wbirth=(-3.51,-1.05,0.14) ref=(17.00,0.00) leader=(20.00,0.00) fallbacks=0
[mpc_node-2] [INFO] [1783590285.789749053] [px4_0.mpc_node_0]: [d0] solve: status=0 time=0.18ms cost=0.0 pos=(19.96,-0.05,-4.99) local=(19.23,-0.58,-4.99) wbirth=(0.73,0.53,0.00) ref=(20.00,0.00) leader=(20.00,0.00) fallbacks=0
[mpc_node-5] [INFO] [1783590286.706312814] [px4_3.mpc_node_3]: [d3] solve: status=0 time=0.37ms cost=0.0 pos=(23.02,-0.02,-5.01) local=(19.32,0.52,-6.16) wbirth=(3.70,-0.54,1.15) ref=(23.00,0.00) leader=(20.00,0.00) fallbacks=0
[mpc_node-4] [INFO] [1783590286.717144822] [px4_2.mpc_node_2]: [d2] solve: status=0 time=0.17ms cost=0.0 pos=(19.95,-3.01,-4.96) local=(20.58,-0.33,-6.17) wbirth=(-0.63,-2.67,1.20) ref=(20.00,-3.00) leader=(20.00,0.00) fallbacks=0
[mpc_node-3] [INFO] [1783590286.725638646] [px4_1.mpc_node_1]: [d1] solve: status=0 time=0.20ms cost=0.0 pos=(20.10,3.07,-5.02) local=(19.66,-0.07,-5.98) wbirth=(0.44,3.14,0.96) ref=(20.00,3.00) leader=(20.00,0.00) fallbacks=0
[mpc_node-6] [INFO] [1783590286.752826404] [px4_4.mpc_node_4]: [d4] solve: status=0 time=0.21ms cost=0.0 pos=(16.92,0.06,-5.01) local=(20.42,1.11,-5.15) wbirth=(-3.51,-1.05,0.14) ref=(17.00,0.00) leader=(20.00,0.00) fallbacks=0
[mpc_node-2] [INFO] [1783590286.790368218] [px4_0.mpc_node_0]: [d0] solve: status=0 time=0.18ms cost=0.0 pos=(19.97,-0.03,-4.96) local=(19.24,-0.56,-4.96) wbirth=(0.73,0.53,0.00) ref=(20.00,0.00) leader=(20.00,0.00) fallbacks=0
[mpc_node-5] [INFO] [1783590287.705192494] [px4_3.mpc_node_3]: [d3] solve: status=0 time=0.14ms cost=0.0 pos=(22.96,-0.04,-5.02) local=(19.26,0.50,-6.16) wbirth=(3.70,-0.54,1.15) ref=(23.00,0.00) leader=(20.00,0.00) fallbacks=0
[mpc_node-4] [INFO] [1783590287.717514156] [px4_2.mpc_node_2]: [d2] solve: status=0 time=0.18ms cost=0.0 pos=(20.03,-2.97,-5.03) local=(20.66,-0.30,-6.23) wbirth=(-0.63,-2.67,1.20) ref=(20.00,-3.00) leader=(20.00,0.00) fallbacks=0
[mpc_node-3] [INFO] [1783590287.725361971] [px4_1.mpc_node_1]: [d1] solve: status=0 time=0.14ms cost=0.0 pos=(20.07,3.00,-5.06) local=(19.63,-0.13,-6.02) wbirth=(0.44,3.14,0.96) ref=(20.00,3.00) leader=(20.00,0.00) fallbacks=0
[mpc_node-6] [INFO] [1783590287.751402530] [px4_4.mpc_node_4]: [d4] solve: status=0 time=0.15ms cost=0.1 pos=(16.83,0.02,-4.95) local=(20.33,1.07,-5.09) wbirth=(-3.51,-1.05,0.14) ref=(17.00,0.00) leader=(20.00,0.00) fallbacks=0
[mpc_node-2] [INFO] [1783590287.790278653] [px4_0.mpc_node_0]: [d0] solve: status=0 time=0.21ms cost=0.0 pos=(19.90,-0.02,-4.99) local=(19.17,-0.55,-4.99) wbirth=(0.73,0.53,0.00) ref=(20.00,0.00) leader=(20.00,0.00) fallbacks=0
[mpc_node-5] [INFO] [1783590288.706110582] [px4_3.mpc_node_3]: [d3] solve: status=0 time=0.17ms cost=0.0 pos=(22.94,-0.05,-5.00) local=(19.23,0.49,-6.14) wbirth=(3.70,-0.54,1.15) ref=(23.00,0.00) leader=(20.00,0.00) fallbacks=0
[mpc_node-4] [INFO] [1783590288.717191461] [px4_2.mpc_node_2]: [d2] solve: status=0 time=0.17ms cost=0.0 pos=(20.05,-2.92,-5.09) local=(20.68,-0.25,-6.29) wbirth=(-0.63,-2.67,1.20) ref=(20.00,-3.00) leader=(20.00,0.00) fallbacks=0
[mpc_node-3] [INFO] [1783590288.724959949] [px4_1.mpc_node_1]: [d1] solve: status=0 time=0.14ms cost=0.0 pos=(20.03,2.96,-5.04) local=(19.60,-0.18,-6.00) wbirth=(0.44,3.14,0.96) ref=(20.00,3.00) leader=(20.00,0.00) fallbacks=0
[mpc_node-6] [INFO] [1783590288.751239666] [px4_4.mpc_node_4]: [d4] solve: status=0 time=0.17ms cost=0.0 pos=(16.85,-0.04,-4.96) local=(20.36,1.01,-5.11) wbirth=(-3.51,-1.05,0.14) ref=(17.00,0.00) leader=(20.00,0.00) fallbacks=0
[mpc_node-2] [INFO] [1783590288.789553703] [px4_0.mpc_node_0]: [d0] solve: status=0 time=0.15ms cost=0.0 pos=(19.88,0.05,-5.03) local=(19.15,-0.49,-5.03) wbirth=(0.73,0.53,0.00) ref=(20.00,0.00) leader=(20.00,0.00) fallbacks=0
[mpc_node-5] [INFO] [1783590289.706158900] [px4_3.mpc_node_3]: [d3] solve: status=0 time=0.17ms cost=0.0 pos=(22.96,-0.00,-4.99) local=(19.26,0.54,-6.14) wbirth=(3.70,-0.54,1.15) ref=(23.00,0.00) leader=(20.00,0.00) fallbacks=0
[mpc_node-4] [INFO] [1783590289.717655098] [px4_2.mpc_node_2]: [d2] solve: status=0 time=0.17ms cost=0.0 pos=(20.03,-2.91,-5.04) local=(20.65,-0.24,-6.25) wbirth=(-0.63,-2.67,1.20) ref=(20.00,-3.00) leader=(20.00,0.00) fallbacks=0
[mpc_node-3] [INFO] [1783590289.725381981] [px4_1.mpc_node_1]: [d1] solve: status=0 time=0.17ms cost=0.0 pos=(19.98,2.94,-5.02) local=(19.54,-0.20,-5.98) wbirth=(0.44,3.14,0.96) ref=(20.00,3.00) leader=(20.00,0.00) fallbacks=0
[mpc_node-6] [INFO] [1783590289.751830059] [px4_4.mpc_node_4]: [d4] solve: status=0 time=0.17ms cost=0.0 pos=(16.96,-0.08,-4.98) local=(20.47,0.97,-5.12) wbirth=(-3.51,-1.05,0.14) ref=(17.00,0.00) leader=(20.00,0.00) fallbacks=0
[mpc_node-2] [INFO] [1783590289.790116738] [px4_0.mpc_node_0]: [d0] solve: status=0 time=0.17ms cost=0.0 pos=(19.94,0.04,-4.95) local=(19.22,-0.49,-4.95) wbirth=(0.73,0.53,0.00) ref=(20.00,0.00) leader=(20.00,0.00) fallbacks=0
[mpc_node-5] [INFO] [1783590290.706260173] [px4_3.mpc_node_3]: [d3] solve: status=0 time=0.33ms cost=0.0 pos=(22.99,0.03,-4.99) local=(19.29,0.57,-6.13) wbirth=(3.70,-0.54,1.15) ref=(23.00,0.00) leader=(20.00,0.00) fallbacks=0
[mpc_node-4] [INFO] [1783590290.717590753] [px4_2.mpc_node_2]: [d2] solve: status=0 time=0.21ms cost=0.0 pos=(20.02,-2.95,-5.05) local=(20.65,-0.28,-6.25) wbirth=(-0.63,-2.67,1.20) ref=(20.00,-3.00) leader=(20.00,0.00) fallbacks=0
[mpc_node-3] [INFO] [1783590290.724941446] [px4_1.mpc_node_1]: [d1] solve: status=0 time=0.17ms cost=0.0 pos=(19.90,2.93,-5.06) local=(19.46,-0.20,-6.03) wbirth=(0.44,3.14,0.96) ref=(20.00,3.00) leader=(20.00,0.00) fallbacks=0
[mpc_node-6] [INFO] [1783590290.752857614] [px4_4.mpc_node_4]: [d4] solve: status=0 time=0.17ms cost=0.0 pos=(17.10,-0.09,-4.99) local=(20.61,0.96,-5.13) wbirth=(-3.51,-1.05,0.14) ref=(17.00,0.00) leader=(20.00,0.00) fallbacks=0
[mpc_node-2] [INFO] [1783590290.790332225] [px4_0.mpc_node_0]: [d0] solve: status=0 time=0.21ms cost=0.0 pos=(20.07,-0.02,-4.99) local=(19.35,-0.55,-4.99) wbirth=(0.73,0.53,0.00) ref=(20.00,0.00) leader=(20.00,0.00) fallbacks=0
[mpc_node-5] [INFO] [1783590291.706161556] [px4_3.mpc_node_3]: [d3] solve: status=0 time=0.14ms cost=0.0 pos=(23.05,0.04,-4.96) local=(19.34,0.58,-6.10) wbirth=(3.70,-0.54,1.15) ref=(23.00,0.00) leader=(20.00,0.00) fallbacks=0
[mpc_node-4] [INFO] [1783590291.717097829] [px4_2.mpc_node_2]: [d2] solve: status=0 time=0.14ms cost=0.0 pos=(19.95,-3.00,-5.00) local=(20.58,-0.33,-6.20) wbirth=(-0.63,-2.67,1.20) ref=(20.00,-3.00) leader=(20.00,0.00) fallbacks=0
[mpc_node-3] [INFO] [1783590291.725052283] [px4_1.mpc_node_1]: [d1] solve: status=0 time=0.18ms cost=0.0 pos=(19.90,3.01,-5.05) local=(19.46,-0.12,-6.01) wbirth=(0.44,3.14,0.96) ref=(20.00,3.00) leader=(20.00,0.00) fallbacks=0
[mpc_node-6] [INFO] [1783590291.751676470] [px4_4.mpc_node_4]: [d4] solve: status=0 time=0.17ms cost=0.1 pos=(17.17,-0.05,-5.03) local=(20.67,1.00,-5.17) wbirth=(-3.51,-1.05,0.14) ref=(17.00,0.00) leader=(20.00,0.00) fallbacks=0
[mpc_node-2] [INFO] [1783590291.789742589] [px4_0.mpc_node_0]: [d0] solve: status=0 time=0.18ms cost=0.1 pos=(20.19,-0.06,-5.01) local=(19.47,-0.59,-5.01) wbirth=(0.73,0.53,0.00) ref=(20.00,0.00) leader=(20.00,0.00) fallbacks=0
[mpc_node-5] [INFO] [1783590292.705477458] [px4_3.mpc_node_3]: [d3] solve: status=0 time=0.18ms cost=0.0 pos=(23.11,0.02,-4.96) local=(19.40,0.56,-6.11) wbirth=(3.70,-0.54,1.15) ref=(23.00,0.00) leader=(20.00,0.00) fallbacks=0
[mpc_node-4] [INFO] [1783590292.717226722] [px4_2.mpc_node_2]: [d2] solve: status=0 time=0.14ms cost=0.0 pos=(19.97,-2.99,-4.99) local=(20.60,-0.32,-6.19) wbirth=(-0.63,-2.67,1.20) ref=(20.00,-3.00) leader=(20.00,0.00) fallbacks=0
[mpc_node-3] [INFO] [1783590292.724823244] [px4_1.mpc_node_1]: [d1] solve: status=0 time=0.14ms cost=0.0 pos=(19.90,3.02,-5.02) local=(19.46,-0.12,-5.98) wbirth=(0.44,3.14,0.96) ref=(20.00,3.00) leader=(20.00,0.00) fallbacks=0
[mpc_node-6] [INFO] [1783590292.751738464] [px4_4.mpc_node_4]: [d4] solve: status=0 time=0.17ms cost=0.0 pos=(17.06,0.07,-4.99) local=(20.57,1.11,-5.14) wbirth=(-3.51,-1.05,0.14) ref=(17.00,0.00) leader=(20.00,0.00) fallbacks=0
[mpc_node-2] [INFO] [1783590292.789374468] [px4_0.mpc_node_0]: [d0] solve: status=0 time=0.18ms cost=0.1 pos=(20.19,-0.03,-5.05) local=(19.46,-0.56,-5.05) wbirth=(0.73,0.53,0.00) ref=(20.00,0.00) leader=(20.00,0.00) fallbacks=0
[mpc_node-5] [INFO] [1783590293.705159123] [px4_3.mpc_node_3]: [d3] solve: status=0 time=0.17ms cost=0.0 pos=(23.10,0.03,-5.01) local=(19.40,0.57,-6.15) wbirth=(3.70,-0.54,1.15) ref=(23.00,0.00) leader=(20.00,0.00) fallbacks=0
[mpc_node-4] [INFO] [1783590293.717752762] [px4_2.mpc_node_2]: [d2] solve: status=0 time=0.18ms cost=0.0 pos=(19.99,-3.04,-4.93) local=(20.62,-0.37,-6.13) wbirth=(-0.63,-2.67,1.20) ref=(20.00,-3.00) leader=(20.00,0.00) fallbacks=0
[mpc_node-3] [INFO] [1783590293.725188433] [px4_1.mpc_node_1]: [d1] solve: status=0 time=0.20ms cost=0.0 pos=(19.96,3.03,-4.96) local=(19.52,-0.11,-5.92) wbirth=(0.44,3.14,0.96) ref=(20.00,3.00) leader=(20.00,0.00) fallbacks=0
[mpc_node-6] [INFO] [1783590293.752143746] [px4_4.mpc_node_4]: [d4] solve: status=0 time=0.18ms cost=0.0 pos=(17.06,0.12,-4.97) local=(20.57,1.17,-5.11) wbirth=(-3.51,-1.05,0.14) ref=(17.00,0.00) leader=(20.00,0.00) fallbacks=0
[mpc_node-2] [INFO] [1783590293.789748261] [px4_0.mpc_node_0]: [d0] solve: status=0 time=0.18ms cost=0.0 pos=(20.04,-0.05,-5.03) local=(19.32,-0.59,-5.03) wbirth=(0.73,0.53,0.00) ref=(20.00,0.00) leader=(20.00,0.00) fallbacks=0
[mpc_node-5] [INFO] [1783590294.706329784] [px4_3.mpc_node_3]: [d3] solve: status=0 time=0.19ms cost=0.0 pos=(23.01,-0.00,-5.09) local=(19.31,0.54,-6.23) wbirth=(3.70,-0.54,1.15) ref=(23.00,0.00) leader=(20.00,0.00) fallbacks=0
[mpc_node-4] [INFO] [1783590294.717334320] [px4_2.mpc_node_2]: [d2] solve: status=0 time=0.15ms cost=0.0 pos=(20.05,-3.12,-5.00) local=(20.68,-0.45,-6.20) wbirth=(-0.63,-2.67,1.20) ref=(20.00,-3.00) leader=(20.00,0.00) fallbacks=0
[mpc_node-3] [INFO] [1783590294.724738361] [px4_1.mpc_node_1]: [d1] solve: status=0 time=0.17ms cost=0.0 pos=(20.04,3.02,-4.99) local=(19.60,-0.11,-5.95) wbirth=(0.44,3.14,0.96) ref=(20.00,3.00) leader=(20.00,0.00) fallbacks=0
[mpc_node-6] [INFO] [1783590294.751853926] [px4_4.mpc_node_4]: [d4] solve: status=0 time=0.17ms cost=0.0 pos=(17.03,0.06,-5.00) local=(20.53,1.11,-5.14) wbirth=(-3.51,-1.05,0.14) ref=(17.00,0.00) leader=(20.00,0.00) fallbacks=0
[mpc_node-2] [INFO] [1783590294.789515412] [px4_0.mpc_node_0]: [d0] solve: status=0 time=0.18ms cost=0.0 pos=(19.93,-0.01,-5.04) local=(19.20,-0.55,-5.04) wbirth=(0.73,0.53,0.00) ref=(20.00,0.00) leader=(20.00,0.00) fallbacks=0
[mpc_node-5] [INFO] [1783590295.706029227] [px4_3.mpc_node_3]: [d3] solve: status=0 time=0.18ms cost=0.0 pos=(22.99,-0.04,-4.98) local=(19.29,0.50,-6.12) wbirth=(3.70,-0.54,1.15) ref=(23.00,0.00) leader=(20.00,0.00) fallbacks=0
[mpc_node-4] [INFO] [1783590295.717711344] [px4_2.mpc_node_2]: [d2] solve: status=0 time=0.18ms cost=0.0 pos=(20.04,-3.10,-5.02) local=(20.67,-0.42,-6.22) wbirth=(-0.63,-2.67,1.20) ref=(20.00,-3.00) leader=(20.00,0.00) fallbacks=0
[mpc_node-3] [INFO] [1783590295.725252262] [px4_1.mpc_node_1]: [d1] solve: status=0 time=0.20ms cost=0.0 pos=(20.12,3.01,-4.98) local=(19.68,-0.13,-5.94) wbirth=(0.44,3.14,0.96) ref=(20.00,3.00) leader=(20.00,0.00) fallbacks=0
[mpc_node-6] [INFO] [1783590295.752780560] [px4_4.mpc_node_4]: [d4] solve: status=0 time=0.21ms cost=0.0 pos=(16.99,0.03,-5.02) local=(20.50,1.08,-5.16) wbirth=(-3.51,-1.05,0.14) ref=(17.00,0.00) leader=(20.00,0.00) fallbacks=0
[mpc_node-2] [INFO] [1783590295.788799738] [px4_0.mpc_node_0]: [d0] solve: status=0 time=0.15ms cost=0.0 pos=(19.88,0.05,-5.05) local=(19.15,-0.48,-5.05) wbirth=(0.73,0.53,0.00) ref=(20.00,0.00) leader=(20.00,0.00) fallbacks=0
[mpc_node-5] [INFO] [1783590296.707262647] [px4_3.mpc_node_3]: [d3] solve: status=0 time=0.17ms cost=0.0 pos=(22.88,0.00,-5.03) local=(19.18,0.54,-6.17) wbirth=(3.70,-0.54,1.15) ref=(23.00,0.00) leader=(20.00,0.00) fallbacks=0
[mpc_node-4] [INFO] [1783590296.718745618] [px4_2.mpc_node_2]: [d2] solve: status=0 time=0.18ms cost=0.0 pos=(19.98,-3.01,-5.02) local=(20.61,-0.34,-6.22) wbirth=(-0.63,-2.67,1.20) ref=(20.00,-3.00) leader=(20.00,0.00) fallbacks=0
[mpc_node-3] [INFO] [1783590296.725134561] [px4_1.mpc_node_1]: [d1] solve: status=0 time=0.17ms cost=0.0 pos=(20.05,2.94,-5.00) local=(19.61,-0.19,-5.96) wbirth=(0.44,3.14,0.96) ref=(20.00,3.00) leader=(20.00,0.00) fallbacks=0
[mpc_node-6] [INFO] [1783590296.751607871] [px4_4.mpc_node_4]: [d4] solve: status=0 time=0.14ms cost=0.0 pos=(16.90,-0.04,-5.05) local=(20.41,1.00,-5.19) wbirth=(-3.51,-1.05,0.14) ref=(17.00,0.00) leader=(20.00,0.00) fallbacks=0
[mpc_node-2] [INFO] [1783590296.789669294] [px4_0.mpc_node_0]: [d0] solve: status=0 time=0.18ms cost=0.0 pos=(19.86,0.02,-4.95) local=(19.13,-0.52,-4.95) wbirth=(0.73,0.53,0.00) ref=(20.00,0.00) leader=(20.00,0.00) fallbacks=0
[mpc_node-5] [INFO] [1783590297.706658605] [px4_3.mpc_node_3]: [d3] solve: status=0 time=0.17ms cost=0.0 pos=(22.91,-0.00,-5.06) local=(19.21,0.54,-6.21) wbirth=(3.70,-0.54,1.15) ref=(23.00,0.00) leader=(20.00,0.00) fallbacks=0
[mpc_node-4] [INFO] [1783590297.717843343] [px4_2.mpc_node_2]: [d2] solve: status=0 time=0.17ms cost=0.0 pos=(19.94,-2.96,-5.01) local=(20.57,-0.29,-6.21) wbirth=(-0.63,-2.67,1.20) ref=(20.00,-3.00) leader=(20.00,0.00) fallbacks=0
[mpc_node-3] [INFO] [1783590297.725410086] [px4_1.mpc_node_1]: [d1] solve: status=0 time=0.14ms cost=0.0 pos=(20.09,2.93,-4.95) local=(19.65,-0.21,-5.92) wbirth=(0.44,3.14,0.96) ref=(20.00,3.00) leader=(20.00,0.00) fallbacks=0
[mpc_node-6] [INFO] [1783590297.753010213] [px4_4.mpc_node_4]: [d4] solve: status=0 time=0.14ms cost=0.0 pos=(16.96,-0.09,-5.04) local=(20.47,0.96,-5.18) wbirth=(-3.51,-1.05,0.14) ref=(17.00,0.00) leader=(20.00,0.00) fallbacks=0
[mpc_node-2] [INFO] [1783590297.791236135] [px4_0.mpc_node_0]: [d0] solve: status=0 time=0.20ms cost=0.0 pos=(19.97,-0.01,-4.98) local=(19.24,-0.55,-4.98) wbirth=(0.73,0.53,0.00) ref=(20.00,0.00) leader=(20.00,0.00) fallbacks=0
[mpc_node-5] [INFO] [1783590298.707063305] [px4_3.mpc_node_3]: [d3] solve: status=0 time=0.18ms cost=0.0 pos=(22.97,0.01,-5.01) local=(19.26,0.55,-6.15) wbirth=(3.70,-0.54,1.15) ref=(23.00,0.00) leader=(20.00,0.00) fallbacks=0
[mpc_node-4] [INFO] [1783590298.718065557] [px4_2.mpc_node_2]: [d2] solve: status=0 time=0.14ms cost=0.0 pos=(19.92,-2.96,-5.05) local=(20.55,-0.28,-6.25) wbirth=(-0.63,-2.67,1.20) ref=(20.00,-3.00) leader=(20.00,0.00) fallbacks=0
[mpc_node-3] [INFO] [1783590298.726536665] [px4_1.mpc_node_1]: [d1] solve: status=0 time=0.17ms cost=0.0 pos=(20.05,3.00,-4.98) local=(19.61,-0.13,-5.94) wbirth=(0.44,3.14,0.96) ref=(20.00,3.00) leader=(20.00,0.00) fallbacks=0
[mpc_node-6] [INFO] [1783590298.751890751] [px4_4.mpc_node_4]: [d4] solve: status=0 time=0.20ms cost=0.0 pos=(17.01,-0.09,-5.01) local=(20.51,0.96,-5.15) wbirth=(-3.51,-1.05,0.14) ref=(17.00,0.00) leader=(20.00,0.00) fallbacks=0
[mpc_node-2] [INFO] [1783590298.790734592] [px4_0.mpc_node_0]: [d0] solve: status=0 time=0.18ms cost=0.0 pos=(20.04,-0.01,-5.00) local=(19.31,-0.55,-5.00) wbirth=(0.73,0.53,0.00) ref=(20.00,0.00) leader=(20.00,0.00) fallbacks=0
[mpc_node-5] [INFO] [1783590299.707185613] [px4_3.mpc_node_3]: [d3] solve: status=0 time=0.17ms cost=0.0 pos=(22.99,-0.02,-4.98) local=(19.29,0.52,-6.13) wbirth=(3.70,-0.54,1.15) ref=(23.00,0.00) leader=(20.00,0.00) fallbacks=0
[mpc_node-4] [INFO] [1783590299.717820771] [px4_2.mpc_node_2]: [d2] solve: status=0 time=0.14ms cost=0.0 pos=(19.96,-2.96,-4.99) local=(20.59,-0.29,-6.20) wbirth=(-0.63,-2.67,1.20) ref=(20.00,-3.00) leader=(20.00,0.00) fallbacks=0
[mpc_node-3] [INFO] [1783590299.725307281] [px4_1.mpc_node_1]: [d1] solve: status=0 time=0.14ms cost=0.0 pos=(20.06,3.06,-5.03) local=(19.62,-0.08,-5.99) wbirth=(0.44,3.14,0.96) ref=(20.00,3.00) leader=(20.00,0.00) fallbacks=0
[mpc_node-6] [INFO] [1783590299.751555593] [px4_4.mpc_node_4]: [d4] solve: status=0 time=0.17ms cost=0.0 pos=(17.00,-0.02,-5.11) local=(20.50,1.03,-5.25) wbirth=(-3.51,-1.05,0.14) ref=(17.00,0.00) leader=(20.00,0.00) fallbacks=0
[mpc_node-2] [INFO] [1783590299.790230250] [px4_0.mpc_node_0]: [d0] solve: status=0 time=0.17ms cost=0.0 pos=(20.12,0.00,-5.02) local=(19.40,-0.53,-5.02) wbirth=(0.73,0.53,0.00) ref=(20.00,0.00) leader=(20.00,0.00) fallbacks=0
[mpc_node-5] [INFO] [1783590300.707403789] [px4_3.mpc_node_3]: [d3] solve: status=0 time=0.15ms cost=0.0 pos=(23.01,-0.01,-4.95) local=(19.30,0.53,-6.10) wbirth=(3.70,-0.54,1.15) ref=(23.00,0.00) leader=(20.00,0.00) fallbacks=0
[mpc_node-4] [INFO] [1783590300.718740770] [px4_2.mpc_node_2]: [d2] solve: status=0 time=0.15ms cost=0.0 pos=(20.01,-2.96,-4.95) local=(20.64,-0.29,-6.15) wbirth=(-0.63,-2.67,1.20) ref=(20.00,-3.00) leader=(20.00,0.00) fallbacks=0
[mpc_node-3] [INFO] [1783590300.725538856] [px4_1.mpc_node_1]: [d1] solve: status=0 time=0.18ms cost=0.0 pos=(19.92,3.04,-5.03) local=(19.49,-0.10,-5.99) wbirth=(0.44,3.14,0.96) ref=(20.00,3.00) leader=(20.00,0.00) fallbacks=0
[mpc_node-6] [INFO] [1783590300.753857277] [px4_4.mpc_node_4]: [d4] solve: status=0 time=0.20ms cost=0.0 pos=(17.02,0.02,-5.04) local=(20.52,1.07,-5.18) wbirth=(-3.51,-1.05,0.14) ref=(17.00,0.00) leader=(20.00,0.00) fallbacks=0
[mpc_node-2] [INFO] [1783590300.789725519] [px4_0.mpc_node_0]: [d0] solve: status=0 time=0.17ms cost=0.0 pos=(20.06,-0.05,-4.97) local=(19.34,-0.59,-4.97) wbirth=(0.73,0.53,0.00) ref=(20.00,0.00) leader=(20.00,0.00) fallbacks=0
[mpc_node-5] [INFO] [1783590301.707003701] [px4_3.mpc_node_3]: [d3] solve: status=0 time=0.14ms cost=0.0 pos=(22.98,0.01,-4.95) local=(19.28,0.55,-6.10) wbirth=(3.70,-0.54,1.15) ref=(23.00,0.00) leader=(20.00,0.00) fallbacks=0
[mpc_node-4] [INFO] [1783590301.718011076] [px4_2.mpc_node_2]: [d2] solve: status=0 time=0.15ms cost=0.0 pos=(20.04,-2.98,-4.95) local=(20.67,-0.30,-6.15) wbirth=(-0.63,-2.67,1.20) ref=(20.00,-3.00) leader=(20.00,0.00) fallbacks=0
[mpc_node-3] [INFO] [1783590301.726402966] [px4_1.mpc_node_1]: [d1] solve: status=0 time=0.17ms cost=0.0 pos=(19.86,3.05,-4.95) local=(19.42,-0.09,-5.91) wbirth=(0.44,3.14,0.96) ref=(20.00,3.00) leader=(20.00,0.00) fallbacks=0
[mpc_node-6] [INFO] [1783590301.751842582] [px4_4.mpc_node_4]: [d4] solve: status=0 time=0.15ms cost=0.0 pos=(16.95,0.04,-4.99) local=(20.45,1.08,-5.13) wbirth=(-3.51,-1.05,0.14) ref=(17.00,0.00) leader=(20.00,0.00) fallbacks=0
[mpc_node-2] [INFO] [1783590301.789975400] [px4_0.mpc_node_0]: [d0] solve: status=0 time=0.18ms cost=0.0 pos=(19.99,-0.05,-4.92) local=(19.26,-0.58,-4.92) wbirth=(0.73,0.53,0.00) ref=(20.00,0.00) leader=(20.00,0.00) fallbacks=0
[mpc_node-5] [INFO] [1783590302.705249947] [px4_3.mpc_node_3]: [d3] solve: status=0 time=0.20ms cost=0.0 pos=(23.04,0.02,-5.00) local=(19.34,0.56,-6.14) wbirth=(3.70,-0.54,1.15) ref=(23.00,0.00) leader=(20.00,0.00) fallbacks=0
[mpc_node-4] [INFO] [1783590302.717176480] [px4_2.mpc_node_2]: [d2] solve: status=0 time=0.17ms cost=0.0 pos=(20.03,-2.99,-4.97) local=(20.66,-0.32,-6.17) wbirth=(-0.63,-2.67,1.20) ref=(20.00,-3.00) leader=(20.00,0.00) fallbacks=0
[mpc_node-3] [INFO] [1783590302.724859187] [px4_1.mpc_node_1]: [d1] solve: status=0 time=0.14ms cost=0.0 pos=(19.89,3.04,-4.94) local=(19.45,-0.09,-5.90) wbirth=(0.44,3.14,0.96) ref=(20.00,3.00) leader=(20.00,0.00) fallbacks=0
[mpc_node-6] [INFO] [1783590302.752131155] [px4_4.mpc_node_4]: [d4] solve: status=0 time=0.17ms cost=0.0 pos=(17.01,0.08,-4.96) local=(20.52,1.13,-5.10) wbirth=(-3.51,-1.05,0.14) ref=(17.00,0.00) leader=(20.00,0.00) fallbacks=0
[mpc_node-2] [INFO] [1783590302.789817160] [px4_0.mpc_node_0]: [d0] solve: status=0 time=0.17ms cost=0.0 pos=(19.90,0.02,-5.06) local=(19.17,-0.52,-5.06) wbirth=(0.73,0.53,0.00) ref=(20.00,0.00) leader=(20.00,0.00) fallbacks=0
[mpc_node-5] [INFO] [1783590303.707419654] [px4_3.mpc_node_3]: [d3] solve: status=0 time=0.18ms cost=0.0 pos=(23.07,0.00,-5.05) local=(19.37,0.54,-6.20) wbirth=(3.70,-0.54,1.15) ref=(23.00,0.00) leader=(20.00,0.00) fallbacks=0
[mpc_node-4] [INFO] [1783590303.718110058] [px4_2.mpc_node_2]: [d2] solve: status=0 time=0.19ms cost=0.0 pos=(19.97,-3.01,-4.92) local=(20.60,-0.33,-6.13) wbirth=(-0.63,-2.67,1.20) ref=(20.00,-3.00) leader=(20.00,0.00) fallbacks=0
[mpc_node-3] [INFO] [1783590303.724761135] [px4_1.mpc_node_1]: [d1] solve: status=0 time=0.15ms cost=0.0 pos=(19.92,2.98,-4.99) local=(19.48,-0.15,-5.95) wbirth=(0.44,3.14,0.96) ref=(20.00,3.00) leader=(20.00,0.00) fallbacks=0
[mpc_node-6] [INFO] [1783590303.752289300] [px4_4.mpc_node_4]: [d4] solve: status=0 time=0.14ms cost=0.0 pos=(17.06,0.05,-4.99) local=(20.57,1.10,-5.14) wbirth=(-3.51,-1.05,0.14) ref=(17.00,0.00) leader=(20.00,0.00) fallbacks=0
[mpc_node-2] [INFO] [1783590303.790049943] [px4_0.mpc_node_0]: [d0] solve: status=0 time=0.17ms cost=0.0 pos=(19.88,0.01,-5.06) local=(19.15,-0.53,-5.06) wbirth=(0.73,0.53,0.00) ref=(20.00,0.00) leader=(20.00,0.00) fallbacks=0
[mpc_node-5] [INFO] [1783590304.706806522] [px4_3.mpc_node_3]: [d3] solve: status=0 time=0.17ms cost=0.0 pos=(23.10,0.01,-5.01) local=(19.39,0.55,-6.16) wbirth=(3.70,-0.54,1.15) ref=(23.00,0.00) leader=(20.00,0.00) fallbacks=0
[mpc_node-4] [INFO] [1783590304.717575104] [px4_2.mpc_node_2]: [d2] solve: status=0 time=0.17ms cost=0.0 pos=(19.95,-2.99,-5.03) local=(20.58,-0.31,-6.23) wbirth=(-0.63,-2.67,1.20) ref=(20.00,-3.00) leader=(20.00,0.00) fallbacks=0
[mpc_node-3] [INFO] [1783590304.725099221] [px4_1.mpc_node_1]: [d1] solve: status=0 time=0.20ms cost=0.0 pos=(20.07,2.94,-5.02) local=(19.63,-0.19,-5.98) wbirth=(0.44,3.14,0.96) ref=(20.00,3.00) leader=(20.00,0.00) fallbacks=0
[mpc_node-6] [INFO] [1783590304.752201112] [px4_4.mpc_node_4]: [d4] solve: status=0 time=0.18ms cost=0.0 pos=(17.02,0.05,-4.98) local=(20.53,1.10,-5.12) wbirth=(-3.51,-1.05,0.14) ref=(17.00,0.00) leader=(20.00,0.00) fallbacks=0
[mpc_node-2] [INFO] [1783590304.789662363] [px4_0.mpc_node_0]: [d0] solve: status=0 time=0.17ms cost=0.0 pos=(19.94,0.00,-5.00) local=(19.22,-0.53,-5.00) wbirth=(0.73,0.53,0.00) ref=(20.00,0.00) leader=(20.00,0.00) fallbacks=0
[mpc_node-5] [INFO] [1783590305.705048325] [px4_3.mpc_node_3]: [d3] solve: status=0 time=0.14ms cost=0.0 pos=(23.10,-0.00,-4.93) local=(19.39,0.54,-6.08) wbirth=(3.70,-0.54,1.15) ref=(23.00,0.00) leader=(20.00,0.00) fallbacks=0
[mpc_node-4] [INFO] [1783590305.717501410] [px4_2.mpc_node_2]: [d2] solve: status=0 time=0.17ms cost=0.0 pos=(19.99,-3.00,-5.01) local=(20.62,-0.33,-6.21) wbirth=(-0.63,-2.67,1.20) ref=(20.00,-3.00) leader=(20.00,0.00) fallbacks=0
[mpc_node-3] [INFO] [1783590305.724800614] [px4_1.mpc_node_1]: [d1] solve: status=0 time=0.15ms cost=0.1 pos=(20.14,2.94,-4.92) local=(19.70,-0.19,-5.88) wbirth=(0.44,3.14,0.96) ref=(20.00,3.00) leader=(20.00,0.00) fallbacks=0
[mpc_node-6] [INFO] [1783590305.752424583] [px4_4.mpc_node_4]: [d4] solve: status=0 time=0.20ms cost=0.0 pos=(16.98,0.02,-4.95) local=(20.49,1.06,-5.09) wbirth=(-3.51,-1.05,0.14) ref=(17.00,0.00) leader=(20.00,0.00) fallbacks=0
[mpc_node-2] [INFO] [1783590305.790030363] [px4_0.mpc_node_0]: [d0] solve: status=0 time=0.18ms cost=0.0 pos=(20.01,0.00,-5.05) local=(19.28,-0.53,-5.05) wbirth=(0.73,0.53,0.00) ref=(20.00,0.00) leader=(20.00,0.00) fallbacks=0
[mpc_node-5] [INFO] [1783590306.705596723] [px4_3.mpc_node_3]: [d3] solve: status=0 time=0.17ms cost=0.0 pos=(23.03,-0.01,-4.97) local=(19.33,0.53,-6.12) wbirth=(3.70,-0.54,1.15) ref=(23.00,0.00) leader=(20.00,0.00) fallbacks=0
[mpc_node-4] [INFO] [1783590306.717574348] [px4_2.mpc_node_2]: [d2] solve: status=0 time=0.18ms cost=0.0 pos=(20.06,-3.02,-4.99) local=(20.69,-0.35,-6.20) wbirth=(-0.63,-2.67,1.20) ref=(20.00,-3.00) leader=(20.00,0.00) fallbacks=0
[mpc_node-3] [INFO] [1783590306.725081510] [px4_1.mpc_node_1]: [d1] solve: status=0 time=0.20ms cost=0.0 pos=(20.08,2.92,-4.99) local=(19.64,-0.21,-5.95) wbirth=(0.44,3.14,0.96) ref=(20.00,3.00) leader=(20.00,0.00) fallbacks=0
[mpc_node-6] [INFO] [1783590306.751812368] [px4_4.mpc_node_4]: [d4] solve: status=0 time=0.14ms cost=0.0 pos=(16.94,-0.04,-4.98) local=(20.45,1.01,-5.12) wbirth=(-3.51,-1.05,0.14) ref=(17.00,0.00) leader=(20.00,0.00) fallbacks=0
[mpc_node-2] [INFO] [1783590306.789276799] [px4_0.mpc_node_0]: [d0] solve: status=0 time=0.18ms cost=0.1 pos=(20.12,0.07,-5.04) local=(19.40,-0.46,-5.04) wbirth=(0.73,0.53,0.00) ref=(20.00,0.00) leader=(20.00,0.00) fallbacks=0
[mpc_node-5] [INFO] [1783590307.706659325] [px4_3.mpc_node_3]: [d3] solve: status=0 time=0.21ms cost=0.0 pos=(22.98,0.04,-4.99) local=(19.28,0.58,-6.14) wbirth=(3.70,-0.54,1.15) ref=(23.00,0.00) leader=(20.00,0.00) fallbacks=0
[mpc_node-4] [INFO] [1783590307.717258224] [px4_2.mpc_node_2]: [d2] solve: status=0 time=0.15ms cost=0.0 pos=(20.03,-3.06,-4.98) local=(20.66,-0.39,-6.18) wbirth=(-0.63,-2.67,1.20) ref=(20.00,-3.00) leader=(20.00,0.00) fallbacks=0
[mpc_node-3] [INFO] [1783590307.725294484] [px4_1.mpc_node_1]: [d1] solve: status=0 time=0.18ms cost=0.0 pos=(20.02,3.02,-5.01) local=(19.58,-0.11,-5.97) wbirth=(0.44,3.14,0.96) ref=(20.00,3.00) leader=(20.00,0.00) fallbacks=0
[mpc_node-6] [INFO] [1783590307.752869864] [px4_4.mpc_node_4]: [d4] solve: status=0 time=0.21ms cost=0.0 pos=(17.03,-0.06,-4.96) local=(20.53,0.99,-5.10) wbirth=(-3.51,-1.05,0.14) ref=(17.00,0.00) leader=(20.00,0.00) fallbacks=0
[mpc_node-2] [INFO] [1783590307.789644002] [px4_0.mpc_node_0]: [d0] solve: status=0 time=0.17ms cost=0.1 pos=(20.13,0.14,-4.99) local=(19.40,-0.40,-4.99) wbirth=(0.73,0.53,0.00) ref=(20.00,0.00) leader=(20.00,0.00) fallbacks=0
[mpc_node-5] [INFO] [1783590308.706802240] [px4_3.mpc_node_3]: [d3] solve: status=0 time=0.20ms cost=0.1 pos=(22.85,0.06,-4.99) local=(19.15,0.60,-6.13) wbirth=(3.70,-0.54,1.15) ref=(23.00,0.00) leader=(20.00,0.00) fallbacks=0
[mpc_node-4] [INFO] [1783590308.717342306] [px4_2.mpc_node_2]: [d2] solve: status=0 time=0.15ms cost=0.0 pos=(20.01,-3.04,-4.97) local=(20.64,-0.36,-6.17) wbirth=(-0.63,-2.67,1.20) ref=(20.00,-3.00) leader=(20.00,0.00) fallbacks=0
[mpc_node-3] [INFO] [1783590308.724802035] [px4_1.mpc_node_1]: [d1] solve: status=0 time=0.14ms cost=0.0 pos=(20.01,3.08,-5.05) local=(19.57,-0.06,-6.01) wbirth=(0.44,3.14,0.96) ref=(20.00,3.00) leader=(20.00,0.00) fallbacks=0
[mpc_node-6] [INFO] [1783590308.752455012] [px4_4.mpc_node_4]: [d4] solve: status=0 time=0.15ms cost=0.0 pos=(17.04,-0.08,-5.04) local=(20.54,0.97,-5.18) wbirth=(-3.51,-1.05,0.14) ref=(17.00,0.00) leader=(20.00,0.00) fallbacks=0
[mpc_node-2] [INFO] [1783590308.789245603] [px4_0.mpc_node_0]: [d0] solve: status=0 time=0.17ms cost=0.0 pos=(20.07,0.06,-4.98) local=(19.35,-0.48,-4.98) wbirth=(0.73,0.53,0.00) ref=(20.00,0.00) leader=(20.00,0.00) fallbacks=0
[mpc_node-5] [INFO] [1783590309.705266806] [px4_3.mpc_node_3]: [d3] solve: status=0 time=0.14ms cost=0.1 pos=(22.83,0.01,-4.98) local=(19.13,0.55,-6.13) wbirth=(3.70,-0.54,1.15) ref=(23.00,0.00) leader=(20.00,0.00) fallbacks=0
[mpc_node-4] [INFO] [1783590309.717126390] [px4_2.mpc_node_2]: [d2] solve: status=0 time=0.14ms cost=0.0 pos=(19.98,-3.02,-4.98) local=(20.61,-0.34,-6.18) wbirth=(-0.63,-2.67,1.20) ref=(20.00,-3.00) leader=(20.00,0.00) fallbacks=0
[mpc_node-3] [INFO] [1783590309.724725295] [px4_1.mpc_node_1]: [d1] solve: status=0 time=0.14ms cost=0.0 pos=(19.98,3.12,-4.96) local=(19.54,-0.02,-5.92) wbirth=(0.44,3.14,0.96) ref=(20.00,3.00) leader=(20.00,0.00) fallbacks=0
[mpc_node-6] [INFO] [1783590309.752093266] [px4_4.mpc_node_4]: [d4] solve: status=0 time=0.15ms cost=0.0 pos=(16.99,-0.01,-5.01) local=(20.50,1.04,-5.15) wbirth=(-3.51,-1.05,0.14) ref=(17.00,0.00) leader=(20.00,0.00) fallbacks=0
[mpc_node-2] [INFO] [1783590309.789850840] [px4_0.mpc_node_0]: [d0] solve: status=0 time=0.18ms cost=0.0 pos=(19.98,-0.00,-5.03) local=(19.26,-0.54,-5.03) wbirth=(0.73,0.53,0.00) ref=(20.00,0.00) leader=(20.00,0.00) fallbacks=0
[mpc_node-5] [INFO] [1783590310.705404434] [px4_3.mpc_node_3]: [d3] solve: status=0 time=0.17ms cost=0.0 pos=(22.91,-0.02,-4.97) local=(19.20,0.52,-6.12) wbirth=(3.70,-0.54,1.15) ref=(23.00,0.00) leader=(20.00,0.00) fallbacks=0
[mpc_node-4] [INFO] [1783590310.717289510] [px4_2.mpc_node_2]: [d2] solve: status=0 time=0.15ms cost=0.0 pos=(19.94,-3.02,-5.01) local=(20.57,-0.34,-6.22) wbirth=(-0.63,-2.67,1.20) ref=(20.00,-3.00) leader=(20.00,0.00) fallbacks=0
[mpc_node-3] [INFO] [1783590310.724907028] [px4_1.mpc_node_1]: [d1] solve: status=0 time=0.18ms cost=0.0 pos=(20.01,3.06,-4.99) local=(19.57,-0.08,-5.95) wbirth=(0.44,3.14,0.96) ref=(20.00,3.00) leader=(20.00,0.00) fallbacks=0
[mpc_node-6] [INFO] [1783590310.751629890] [px4_4.mpc_node_4]: [d4] solve: status=0 time=0.17ms cost=0.0 pos=(17.02,0.04,-4.98) local=(20.53,1.09,-5.12) wbirth=(-3.51,-1.05,0.14) ref=(17.00,0.00) leader=(20.00,0.00) fallbacks=0
[mpc_node-2] [INFO] [1783590310.789651710] [px4_0.mpc_node_0]: [d0] solve: status=0 time=0.18ms cost=0.0 pos=(19.92,-0.09,-4.98) local=(19.19,-0.62,-4.98) wbirth=(0.73,0.53,0.00) ref=(20.00,0.00) leader=(20.00,0.00) fallbacks=0
[mpc_node-5] [INFO] [1783590311.705162004] [px4_3.mpc_node_3]: [d3] solve: status=0 time=0.17ms cost=0.0 pos=(23.03,-0.02,-4.99) local=(19.33,0.52,-6.13) wbirth=(3.70,-0.54,1.15) ref=(23.00,0.00) leader=(20.00,0.00) fallbacks=0
[mpc_node-4] [INFO] [1783590311.717737028] [px4_2.mpc_node_2]: [d2] solve: status=0 time=0.20ms cost=0.0 pos=(19.97,-2.99,-5.02) local=(20.60,-0.32,-6.23) wbirth=(-0.63,-2.67,1.20) ref=(20.00,-3.00) leader=(20.00,0.00) fallbacks=0
[mpc_node-3] [INFO] [1783590311.724762865] [px4_1.mpc_node_1]: [d1] solve: status=0 time=0.18ms cost=0.0 pos=(19.98,2.94,-5.00) local=(19.55,-0.19,-5.97) wbirth=(0.44,3.14,0.96) ref=(20.00,3.00) leader=(20.00,0.00) fallbacks=0
[mpc_node-6] [INFO] [1783590311.751291481] [px4_4.mpc_node_4]: [d4] solve: status=0 time=0.19ms cost=0.0 pos=(17.00,0.08,-5.05) local=(20.51,1.13,-5.19) wbirth=(-3.51,-1.05,0.14) ref=(17.00,0.00) leader=(20.00,0.00) fallbacks=0
[mpc_node-2] [INFO] [1783590311.789700372] [px4_0.mpc_node_0]: [d0] solve: status=0 time=0.15ms cost=0.0 pos=(19.93,-0.08,-4.96) local=(19.20,-0.62,-4.96) wbirth=(0.73,0.53,0.00) ref=(20.00,0.00) leader=(20.00,0.00) fallbacks=0
[mpc_node-5] [INFO] [1783590312.706331851] [px4_3.mpc_node_3]: [d3] solve: status=0 time=0.20ms cost=0.0 pos=(23.10,-0.04,-5.04) local=(19.39,0.50,-6.19) wbirth=(3.70,-0.54,1.15) ref=(23.00,0.00) leader=(20.00,0.00) fallbacks=0
[mpc_node-4] [INFO] [1783590312.717239495] [px4_2.mpc_node_2]: [d2] solve: status=0 time=0.22ms cost=0.0 pos=(20.03,-2.94,-4.99) local=(20.66,-0.26,-6.19) wbirth=(-0.63,-2.67,1.20) ref=(20.00,-3.00) leader=(20.00,0.00) fallbacks=0
[mpc_node-3] [INFO] [1783590312.724963055] [px4_1.mpc_node_1]: [d1] solve: status=0 time=0.17ms cost=0.0 pos=(19.92,2.87,-5.03) local=(19.48,-0.26,-5.99) wbirth=(0.44,3.14,0.96) ref=(20.00,3.00) leader=(20.00,0.00) fallbacks=0
[mpc_node-6] [INFO] [1783590312.752634962] [px4_4.mpc_node_4]: [d4] solve: status=0 time=0.20ms cost=0.0 pos=(17.00,0.04,-5.03) local=(20.51,1.09,-5.17) wbirth=(-3.51,-1.05,0.14) ref=(17.00,0.00) leader=(20.00,0.00) fallbacks=0
[mpc_node-2] [INFO] [1783590312.789882191] [px4_0.mpc_node_0]: [d0] solve: status=0 time=0.17ms cost=0.0 pos=(19.99,-0.06,-5.00) local=(19.26,-0.59,-5.00) wbirth=(0.73,0.53,0.00) ref=(20.00,0.00) leader=(20.00,0.00) fallbacks=0
[mpc_node-5] [INFO] [1783590313.706176969] [px4_3.mpc_node_3]: [d3] solve: status=0 time=0.20ms cost=0.0 pos=(23.10,-0.03,-4.95) local=(19.40,0.51,-6.09) wbirth=(3.70,-0.54,1.15) ref=(23.00,0.00) leader=(20.00,0.00) fallbacks=0
[mpc_node-4] [INFO] [1783590313.717066411] [px4_2.mpc_node_2]: [d2] solve: status=0 time=0.15ms cost=0.0 pos=(20.12,-2.97,-4.97) local=(20.75,-0.30,-6.17) wbirth=(-0.63,-2.67,1.20) ref=(20.00,-3.00) leader=(20.00,0.00) fallbacks=0
[mpc_node-3] [INFO] [1783590313.725371859] [px4_1.mpc_node_1]: [d1] solve: status=0 time=0.18ms cost=0.0 pos=(19.92,2.89,-5.03) local=(19.48,-0.24,-5.99) wbirth=(0.44,3.14,0.96) ref=(20.00,3.00) leader=(20.00,0.00) fallbacks=0
[mpc_node-6] [INFO] [1783590313.752837113] [px4_4.mpc_node_4]: [d4] solve: status=0 time=0.14ms cost=0.0 pos=(16.99,-0.03,-4.96) local=(20.50,1.02,-5.11) wbirth=(-3.51,-1.05,0.14) ref=(17.00,0.00) leader=(20.00,0.00) fallbacks=0
[mpc_node-2] [INFO] [1783590313.789942157] [px4_0.mpc_node_0]: [d0] solve: status=0 time=0.17ms cost=0.0 pos=(20.05,0.03,-5.06) local=(19.33,-0.50,-5.06) wbirth=(0.73,0.53,0.00) ref=(20.00,0.00) leader=(20.00,0.00) fallbacks=0
[mpc_node-5] [INFO] [1783590314.705146567] [px4_3.mpc_node_3]: [d3] solve: status=0 time=0.14ms cost=0.0 pos=(23.05,-0.01,-4.99) local=(19.34,0.52,-6.14) wbirth=(3.70,-0.54,1.15) ref=(23.00,0.00) leader=(20.00,0.00) fallbacks=0
[mpc_node-4] [INFO] [1783590314.717231880] [px4_2.mpc_node_2]: [d2] solve: status=0 time=0.16ms cost=0.0 pos=(20.08,-2.99,-5.05) local=(20.71,-0.31,-6.25) wbirth=(-0.63,-2.67,1.20) ref=(20.00,-3.00) leader=(20.00,0.00) fallbacks=0
[mpc_node-3] [INFO] [1783590314.725020479] [px4_1.mpc_node_1]: [d1] solve: status=0 time=0.15ms cost=0.0 pos=(20.01,2.98,-4.98) local=(19.58,-0.16,-5.94) wbirth=(0.44,3.14,0.96) ref=(20.00,3.00) leader=(20.00,0.00) fallbacks=0
[mpc_node-6] [INFO] [1783590314.752236885] [px4_4.mpc_node_4]: [d4] solve: status=0 time=0.20ms cost=0.0 pos=(16.98,-0.06,-5.00) local=(20.49,0.99,-5.14) wbirth=(-3.51,-1.05,0.14) ref=(17.00,0.00) leader=(20.00,0.00) fallbacks=0
[mpc_node-2] [INFO] [1783590314.790464185] [px4_0.mpc_node_0]: [d0] solve: status=0 time=0.18ms cost=0.0 pos=(20.01,0.06,-4.99) local=(19.29,-0.48,-4.99) wbirth=(0.73,0.53,0.00) ref=(20.00,0.00) leader=(20.00,0.00) fallbacks=0
[mpc_node-5] [INFO] [1783590315.706551135] [px4_3.mpc_node_3]: [d3] solve: status=0 time=0.14ms cost=0.0 pos=(23.06,-0.02,-5.02) local=(19.36,0.51,-6.16) wbirth=(3.70,-0.54,1.15) ref=(23.00,0.00) leader=(20.00,0.00) fallbacks=0
[mpc_node-4] [INFO] [1783590315.717717188] [px4_2.mpc_node_2]: [d2] solve: status=0 time=0.17ms cost=0.0 pos=(19.98,-3.00,-5.01) local=(20.61,-0.32,-6.22) wbirth=(-0.63,-2.67,1.20) ref=(20.00,-3.00) leader=(20.00,0.00) fallbacks=0
[mpc_node-3] [INFO] [1783590315.726087903] [px4_1.mpc_node_1]: [d1] solve: status=0 time=0.15ms cost=0.0 pos=(20.01,3.02,-4.97) local=(19.57,-0.11,-5.93) wbirth=(0.44,3.14,0.96) ref=(20.00,3.00) leader=(20.00,0.00) fallbacks=0
[mpc_node-6] [INFO] [1783590315.751658007] [px4_4.mpc_node_4]: [d4] solve: status=0 time=0.17ms cost=0.0 pos=(16.98,-0.01,-4.99) local=(20.48,1.04,-5.13) wbirth=(-3.51,-1.05,0.14) ref=(17.00,0.00) leader=(20.00,0.00) fallbacks=0
[mpc_node-2] [INFO] [1783590315.789570810] [px4_0.mpc_node_0]: [d0] solve: status=0 time=0.15ms cost=0.0 pos=(20.03,0.07,-5.03) local=(19.30,-0.46,-5.03) wbirth=(0.73,0.53,0.00) ref=(20.00,0.00) leader=(20.00,0.00) fallbacks=0
[mpc_node-5] [INFO] [1783590316.705167564] [px4_3.mpc_node_3]: [d3] solve: status=0 time=0.14ms cost=0.0 pos=(23.03,-0.02,-4.95) local=(19.33,0.52,-6.10) wbirth=(3.70,-0.54,1.15) ref=(23.00,0.00) leader=(20.00,0.00) fallbacks=0
[mpc_node-4] [INFO] [1783590316.717325437] [px4_2.mpc_node_2]: [d2] solve: status=0 time=0.17ms cost=0.0 pos=(19.91,-2.98,-5.00) local=(20.54,-0.30,-6.20) wbirth=(-0.63,-2.67,1.20) ref=(20.00,-3.00) leader=(20.00,0.00) fallbacks=0
[mpc_node-3] [INFO] [1783590316.725344181] [px4_1.mpc_node_1]: [d1] solve: status=0 time=0.14ms cost=0.0 pos=(20.06,3.02,-5.02) local=(19.62,-0.12,-5.98) wbirth=(0.44,3.14,0.96) ref=(20.00,3.00) leader=(20.00,0.00) fallbacks=0
[mpc_node-6] [INFO] [1783590316.752140005] [px4_4.mpc_node_4]: [d4] solve: status=0 time=0.21ms cost=0.0 pos=(16.89,0.04,-5.01) local=(20.40,1.09,-5.15) wbirth=(-3.51,-1.05,0.14) ref=(17.00,0.00) leader=(20.00,0.00) fallbacks=0
[mpc_node-2] [INFO] [1783590316.789991842] [px4_0.mpc_node_0]: [d0] solve: status=0 time=0.14ms cost=0.0 pos=(19.98,0.07,-4.97) local=(19.26,-0.46,-4.97) wbirth=(0.73,0.53,0.00) ref=(20.00,0.00) leader=(20.00,0.00) fallbacks=0
[mpc_node-5] [INFO] [1783590317.706800026] [px4_3.mpc_node_3]: [d3] solve: status=0 time=0.18ms cost=0.0 pos=(23.00,-0.04,-4.97) local=(19.30,0.50,-6.12) wbirth=(3.70,-0.54,1.15) ref=(23.00,0.00) leader=(20.00,0.00) fallbacks=0
[mpc_node-4] [INFO] [1783590317.717277653] [px4_2.mpc_node_2]: [d2] solve: status=0 time=0.17ms cost=0.0 pos=(19.94,-3.03,-4.98) local=(20.57,-0.35,-6.19) wbirth=(-0.63,-2.67,1.20) ref=(20.00,-3.00) leader=(20.00,0.00) fallbacks=0
[mpc_node-3] [INFO] [1783590317.724823539] [px4_1.mpc_node_1]: [d1] solve: status=0 time=0.17ms cost=0.0 pos=(20.10,3.03,-5.06) local=(19.66,-0.10,-6.02) wbirth=(0.44,3.14,0.96) ref=(20.00,3.00) leader=(20.00,0.00) fallbacks=0
[mpc_node-6] [INFO] [1783590317.752145818] [px4_4.mpc_node_4]: [d4] solve: status=0 time=0.17ms cost=0.0 pos=(16.95,0.05,-4.96) local=(20.45,1.09,-5.10) wbirth=(-3.51,-1.05,0.14) ref=(17.00,0.00) leader=(20.00,0.00) fallbacks=0
[mpc_node-2] [INFO] [1783590317.789476396] [px4_0.mpc_node_0]: [d0] solve: status=0 time=0.17ms cost=0.0 pos=(19.96,0.05,-4.95) local=(19.24,-0.48,-4.95) wbirth=(0.73,0.53,0.00) ref=(20.00,0.00) leader=(20.00,0.00) fallbacks=0
[mpc_node-5] [INFO] [1783590318.705536123] [px4_3.mpc_node_3]: [d3] solve: status=0 time=0.21ms cost=0.0 pos=(22.96,0.00,-5.04) local=(19.26,0.54,-6.18) wbirth=(3.70,-0.54,1.15) ref=(23.00,0.00) leader=(20.00,0.00) fallbacks=0
[mpc_node-4] [INFO] [1783590318.717264098] [px4_2.mpc_node_2]: [d2] solve: status=0 time=0.17ms cost=0.0 pos=(19.94,-3.07,-5.00) local=(20.57,-0.40,-6.20) wbirth=(-0.63,-2.67,1.20) ref=(20.00,-3.00) leader=(20.00,0.00) fallbacks=0
[mpc_node-3] [INFO] [1783590318.724960078] [px4_1.mpc_node_1]: [d1] solve: status=0 time=0.21ms cost=0.0 pos=(20.10,3.05,-4.99) local=(19.66,-0.09,-5.95) wbirth=(0.44,3.14,0.96) ref=(20.00,3.00) leader=(20.00,0.00) fallbacks=0
[mpc_node-6] [INFO] [1783590318.752412880] [px4_4.mpc_node_4]: [d4] solve: status=0 time=0.20ms cost=0.0 pos=(16.99,-0.02,-5.02) local=(20.50,1.03,-5.16) wbirth=(-3.51,-1.05,0.14) ref=(17.00,0.00) leader=(20.00,0.00) fallbacks=0
[mpc_node-2] [INFO] [1783590318.789598920] [px4_0.mpc_node_0]: [d0] solve: status=0 time=0.20ms cost=0.0 pos=(19.97,-0.02,-4.97) local=(19.24,-0.56,-4.97) wbirth=(0.73,0.53,0.00) ref=(20.00,0.00) leader=(20.00,0.00) fallbacks=0
[mpc_node-5] [INFO] [1783590319.705141677] [px4_3.mpc_node_3]: [d3] solve: status=0 time=0.14ms cost=0.0 pos=(22.92,-0.02,-5.03) local=(19.22,0.52,-6.17) wbirth=(3.70,-0.54,1.15) ref=(23.00,0.00) leader=(20.00,0.00) fallbacks=0
[mpc_node-4] [INFO] [1783590319.717178645] [px4_2.mpc_node_2]: [d2] solve: status=0 time=0.17ms cost=0.0 pos=(20.02,-3.06,-4.97) local=(20.64,-0.38,-6.17) wbirth=(-0.63,-2.67,1.20) ref=(20.00,-3.00) leader=(20.00,0.00) fallbacks=0
[mpc_node-3] [INFO] [1783590319.724693814] [px4_1.mpc_node_1]: [d1] solve: status=0 time=0.17ms cost=0.0 pos=(20.03,3.02,-4.98) local=(19.59,-0.12,-5.94) wbirth=(0.44,3.14,0.96) ref=(20.00,3.00) leader=(20.00,0.00) fallbacks=0
[mpc_node-6] [INFO] [1783590319.751463227] [px4_4.mpc_node_4]: [d4] solve: status=0 time=0.17ms cost=0.0 pos=(17.13,-0.05,-5.01) local=(20.64,1.00,-5.15) wbirth=(-3.51,-1.05,0.14) ref=(17.00,0.00) leader=(20.00,0.00) fallbacks=0
[mpc_node-2] [INFO] [1783590319.789629039] [px4_0.mpc_node_0]: [d0] solve: status=0 time=0.17ms cost=0.0 pos=(19.97,-0.10,-4.92) local=(19.25,-0.63,-4.92) wbirth=(0.73,0.53,0.00) ref=(20.00,0.00) leader=(20.00,0.00) fallbacks=0
[mpc_node-5] [INFO] [1783590320.706495822] [px4_3.mpc_node_3]: [d3] solve: status=0 time=0.16ms cost=0.0 pos=(22.88,-0.03,-4.95) local=(19.17,0.51,-6.09) wbirth=(3.70,-0.54,1.15) ref=(23.00,0.00) leader=(20.00,0.00) fallbacks=0
[mpc_node-4] [INFO] [1783590320.717731104] [px4_2.mpc_node_2]: [d2] solve: status=0 time=0.17ms cost=0.0 pos=(20.10,-3.00,-5.01) local=(20.73,-0.33,-6.21) wbirth=(-0.63,-2.67,1.20) ref=(20.00,-3.00) leader=(20.00,0.00) fallbacks=0
[mpc_node-3] [INFO] [1783590320.726212655] [px4_1.mpc_node_1]: [d1] solve: status=0 time=0.16ms cost=0.0 pos=(19.91,3.03,-4.97) local=(19.47,-0.11,-5.93) wbirth=(0.44,3.14,0.96) ref=(20.00,3.00) leader=(20.00,0.00) fallbacks=0
[mpc_node-6] [INFO] [1783590320.751778459] [px4_4.mpc_node_4]: [d4] solve: status=0 time=0.20ms cost=0.0 pos=(17.11,-0.10,-4.98) local=(20.62,0.95,-5.12) wbirth=(-3.51,-1.05,0.14) ref=(17.00,0.00) leader=(20.00,0.00) fallbacks=0
[mpc_node-2] [INFO] [1783590320.789426638] [px4_0.mpc_node_0]: [d0] solve: status=0 time=0.15ms cost=0.0 pos=(19.98,-0.09,-4.97) local=(19.25,-0.63,-4.97) wbirth=(0.73,0.53,0.00) ref=(20.00,0.00) leader=(20.00,0.00) fallbacks=0
[mpc_node-5] [INFO] [1783590321.707236545] [px4_3.mpc_node_3]: [d3] solve: status=0 time=0.17ms cost=0.0 pos=(22.97,0.02,-5.05) local=(19.27,0.56,-6.20) wbirth=(3.70,-0.54,1.15) ref=(23.00,0.00) leader=(20.00,0.00) fallbacks=0
[mpc_node-4] [INFO] [1783590321.717424383] [px4_2.mpc_node_2]: [d2] solve: status=0 time=0.17ms cost=0.0 pos=(20.01,-2.93,-4.93) local=(20.64,-0.26,-6.14) wbirth=(-0.63,-2.67,1.20) ref=(20.00,-3.00) leader=(20.00,0.00) fallbacks=0
[mpc_node-3] [INFO] [1783590321.724781127] [px4_1.mpc_node_1]: [d1] solve: status=0 time=0.15ms cost=0.1 pos=(19.83,3.02,-5.00) local=(19.39,-0.12,-5.96) wbirth=(0.44,3.14,0.96) ref=(20.00,3.00) leader=(20.00,0.00) fallbacks=0
[mpc_node-6] [INFO] [1783590321.751745588] [px4_4.mpc_node_4]: [d4] solve: status=0 time=0.17ms cost=0.0 pos=(17.09,-0.06,-5.00) local=(20.59,0.98,-5.14) wbirth=(-3.51,-1.05,0.14) ref=(17.00,0.00) leader=(20.00,0.00) fallbacks=0
[mpc_node-2] [INFO] [1783590321.788845421] [px4_0.mpc_node_0]: [d0] solve: status=0 time=0.14ms cost=0.0 pos=(20.03,-0.06,-5.05) local=(19.31,-0.59,-5.05) wbirth=(0.73,0.53,0.00) ref=(20.00,0.00) leader=(20.00,0.00) fallbacks=0
[mpc_node-5] [INFO] [1783590322.705868606] [px4_3.mpc_node_3]: [d3] solve: status=0 time=0.16ms cost=0.0 pos=(23.06,0.03,-4.95) local=(19.36,0.57,-6.10) wbirth=(3.70,-0.54,1.15) ref=(23.00,0.00) leader=(20.00,0.00) fallbacks=0
[mpc_node-4] [INFO] [1783590322.717929155] [px4_2.mpc_node_2]: [d2] solve: status=0 time=0.17ms cost=0.0 pos=(20.03,-2.95,-5.02) local=(20.66,-0.27,-6.23) wbirth=(-0.63,-2.67,1.20) ref=(20.00,-3.00) leader=(20.00,0.00) fallbacks=0
[mpc_node-3] [INFO] [1783590322.724642436] [px4_1.mpc_node_1]: [d1] solve: status=0 time=0.14ms cost=0.1 pos=(19.84,3.05,-4.97) local=(19.40,-0.09,-5.93) wbirth=(0.44,3.14,0.96) ref=(20.00,3.00) leader=(20.00,0.00) fallbacks=0
[mpc_node-6] [INFO] [1783590322.751762173] [px4_4.mpc_node_4]: [d4] solve: status=0 time=0.17ms cost=0.0 pos=(16.99,0.06,-5.05) local=(20.49,1.10,-5.19) wbirth=(-3.51,-1.05,0.14) ref=(17.00,0.00) leader=(20.00,0.00) fallbacks=0
[mpc_node-2] [INFO] [1783590322.789590876] [px4_0.mpc_node_0]: [d0] solve: status=0 time=0.15ms cost=0.0 pos=(20.06,0.02,-5.02) local=(19.33,-0.51,-5.02) wbirth=(0.73,0.53,0.00) ref=(20.00,0.00) leader=(20.00,0.00) fallbacks=0
[mpc_node-5] [INFO] [1783590323.706862603] [px4_3.mpc_node_3]: [d3] solve: status=0 time=0.14ms cost=0.0 pos=(23.06,0.04,-4.99) local=(19.36,0.58,-6.13) wbirth=(3.70,-0.54,1.15) ref=(23.00,0.00) leader=(20.00,0.00) fallbacks=0
[mpc_node-4] [INFO] [1783590323.717755920] [px4_2.mpc_node_2]: [d2] solve: status=0 time=0.14ms cost=0.0 pos=(19.99,-2.99,-5.05) local=(20.62,-0.31,-6.25) wbirth=(-0.63,-2.67,1.20) ref=(20.00,-3.00) leader=(20.00,0.00) fallbacks=0
[mpc_node-3] [INFO] [1783590323.726771234] [px4_1.mpc_node_1]: [d1] solve: status=0 time=0.18ms cost=0.0 pos=(20.00,3.00,-4.99) local=(19.56,-0.13,-5.95) wbirth=(0.44,3.14,0.96) ref=(20.00,3.00) leader=(20.00,0.00) fallbacks=0
[mpc_node-6] [INFO] [1783590323.751452949] [px4_4.mpc_node_4]: [d4] solve: status=0 time=0.17ms cost=0.1 pos=(16.84,0.11,-5.01) local=(20.34,1.16,-5.15) wbirth=(-3.51,-1.05,0.14) ref=(17.00,0.00) leader=(20.00,0.00) fallbacks=0
[mpc_node-2] [INFO] [1783590323.792562788] [px4_0.mpc_node_0]: [d0] solve: status=0 time=0.18ms cost=0.0 pos=(20.04,0.11,-5.04) local=(19.31,-0.43,-5.04) wbirth=(0.73,0.53,0.00) ref=(20.00,0.00) leader=(20.00,0.00) fallbacks=0
[mpc_node-5] [INFO] [1783590324.706301349] [px4_3.mpc_node_3]: [d3] solve: status=0 time=0.17ms cost=0.0 pos=(23.04,0.04,-4.95) local=(19.34,0.58,-6.10) wbirth=(3.70,-0.54,1.15) ref=(23.00,0.00) leader=(20.00,0.00) fallbacks=0
[mpc_node-4] [INFO] [1783590324.718043080] [px4_2.mpc_node_2]: [d2] solve: status=0 time=0.20ms cost=0.0 pos=(19.97,-2.99,-5.05) local=(20.60,-0.32,-6.25) wbirth=(-0.63,-2.67,1.20) ref=(20.00,-3.00) leader=(20.00,0.00) fallbacks=0
[mpc_node-3] [INFO] [1783590324.725861090] [px4_1.mpc_node_1]: [d1] solve: status=0 time=0.17ms cost=0.1 pos=(20.13,2.95,-4.97) local=(19.69,-0.18,-5.93) wbirth=(0.44,3.14,0.96) ref=(20.00,3.00) leader=(20.00,0.00) fallbacks=0
[mpc_node-6] [INFO] [1783590324.751455108] [px4_4.mpc_node_4]: [d4] solve: status=0 time=0.17ms cost=0.0 pos=(16.86,0.02,-4.99) local=(20.37,1.07,-5.13) wbirth=(-3.51,-1.05,0.14) ref=(17.00,0.00) leader=(20.00,0.00) fallbacks=0
[mpc_node-2] [INFO] [1783590324.790118030] [px4_0.mpc_node_0]: [d0] solve: status=0 time=0.16ms cost=0.0 pos=(20.07,0.12,-4.99) local=(19.35,-0.41,-4.99) wbirth=(0.73,0.53,0.00) ref=(20.00,0.00) leader=(20.00,0.00) fallbacks=0
[mpc_node-5] [INFO] [1783590325.705576771] [px4_3.mpc_node_3]: [d3] solve: status=0 time=0.14ms cost=0.0 pos=(23.06,0.05,-4.99) local=(19.36,0.59,-6.13) wbirth=(3.70,-0.54,1.15) ref=(23.00,0.00) leader=(20.00,0.00) fallbacks=0
[mpc_node-4] [INFO] [1783590325.718612901] [px4_2.mpc_node_2]: [d2] solve: status=0 time=0.17ms cost=0.0 pos=(19.98,-3.03,-5.00) local=(20.61,-0.35,-6.20) wbirth=(-0.63,-2.67,1.20) ref=(20.00,-3.00) leader=(20.00,0.00) fallbacks=0
[mpc_node-3] [INFO] [1783590325.726461206] [px4_1.mpc_node_1]: [d1] solve: status=0 time=0.15ms cost=0.1 pos=(20.15,2.92,-5.02) local=(19.71,-0.21,-5.98) wbirth=(0.44,3.14,0.96) ref=(20.00,3.00) leader=(20.00,0.00) fallbacks=0
[mpc_node-6] [INFO] [1783590325.753026819] [px4_4.mpc_node_4]: [d4] solve: status=0 time=0.15ms cost=0.0 pos=(17.01,0.00,-4.95) local=(20.52,1.05,-5.09) wbirth=(-3.51,-1.05,0.14) ref=(17.00,0.00) leader=(20.00,0.00) fallbacks=0
[mpc_node-2] [INFO] [1783590325.790101968] [px4_0.mpc_node_0]: [d0] solve: status=0 time=0.18ms cost=0.0 pos=(20.07,0.04,-5.09) local=(19.35,-0.50,-5.09) wbirth=(0.73,0.53,0.00) ref=(20.00,0.00) leader=(20.00,0.00) fallbacks=0
[mpc_node-5] [INFO] [1783590326.705141623] [px4_3.mpc_node_3]: [d3] solve: status=0 time=0.17ms cost=0.0 pos=(23.03,0.02,-5.00) local=(19.33,0.56,-6.15) wbirth=(3.70,-0.54,1.15) ref=(23.00,0.00) leader=(20.00,0.00) fallbacks=0
[mpc_node-4] [INFO] [1783590326.717155064] [px4_2.mpc_node_2]: [d2] solve: status=0 time=0.14ms cost=0.0 pos=(19.98,-2.98,-4.99) local=(20.61,-0.31,-6.20) wbirth=(-0.63,-2.67,1.20) ref=(20.00,-3.00) leader=(20.00,0.00) fallbacks=0
[mpc_node-3] [INFO] [1783590326.725451506] [px4_1.mpc_node_1]: [d1] solve: status=0 time=0.17ms cost=0.0 pos=(20.10,2.96,-4.99) local=(19.66,-0.18,-5.95) wbirth=(0.44,3.14,0.96) ref=(20.00,3.00) leader=(20.00,0.00) fallbacks=0
[mpc_node-6] [INFO] [1783590326.751651595] [px4_4.mpc_node_4]: [d4] solve: status=0 time=0.17ms cost=0.0 pos=(17.05,-0.02,-4.97) local=(20.56,1.03,-5.11) wbirth=(-3.51,-1.05,0.14) ref=(17.00,0.00) leader=(20.00,0.00) fallbacks=0
[mpc_node-2] [INFO] [1783590326.789655438] [px4_0.mpc_node_0]: [d0] solve: status=0 time=0.17ms cost=0.0 pos=(20.01,-0.10,-5.00) local=(19.29,-0.63,-5.00) wbirth=(0.73,0.53,0.00) ref=(20.00,0.00) leader=(20.00,0.00) fallbacks=0
[mpc_node-5] [INFO] [1783590327.705442483] [px4_3.mpc_node_3]: [d3] solve: status=0 time=0.17ms cost=0.0 pos=(22.93,-0.08,-5.01) local=(19.23,0.46,-6.15) wbirth=(3.70,-0.54,1.15) ref=(23.00,0.00) leader=(20.00,0.00) fallbacks=0
[mpc_node-4] [INFO] [1783590327.717464319] [px4_2.mpc_node_2]: [d2] solve: status=0 time=0.17ms cost=0.0 pos=(20.02,-3.01,-4.97) local=(20.65,-0.33,-6.18) wbirth=(-0.63,-2.67,1.20) ref=(20.00,-3.00) leader=(20.00,0.00) fallbacks=0
[mpc_node-3] [INFO] [1783590327.725511030] [px4_1.mpc_node_1]: [d1] solve: status=0 time=0.14ms cost=0.0 pos=(20.00,3.01,-4.95) local=(19.56,-0.12,-5.91) wbirth=(0.44,3.14,0.96) ref=(20.00,3.00) leader=(20.00,0.00) fallbacks=0
[mpc_node-6] [INFO] [1783590327.751805515] [px4_4.mpc_node_4]: [d4] solve: status=0 time=0.20ms cost=0.0 pos=(17.08,-0.03,-4.96) local=(20.59,1.02,-5.10) wbirth=(-3.51,-1.05,0.14) ref=(17.00,0.00) leader=(20.00,0.00) fallbacks=0
[mpc_node-2] [INFO] [1783590327.789408823] [px4_0.mpc_node_0]: [d0] solve: status=0 time=0.17ms cost=0.0 pos=(19.92,-0.11,-4.98) local=(19.19,-0.64,-4.98) wbirth=(0.73,0.53,0.00) ref=(20.00,0.00) leader=(20.00,0.00) fallbacks=0
[mpc_node-5] [INFO] [1783590328.706417287] [px4_3.mpc_node_3]: [d3] solve: status=0 time=0.20ms cost=0.1 pos=(22.89,-0.14,-4.99) local=(19.18,0.40,-6.13) wbirth=(3.70,-0.54,1.15) ref=(23.00,0.00) leader=(20.00,0.00) fallbacks=0
[mpc_node-4] [INFO] [1783590328.717160903] [px4_2.mpc_node_2]: [d2] solve: status=0 time=0.14ms cost=0.0 pos=(20.03,-3.03,-5.00) local=(20.66,-0.35,-6.20) wbirth=(-0.63,-2.67,1.20) ref=(20.00,-3.00) leader=(20.00,0.00) fallbacks=0
[mpc_node-3] [INFO] [1783590328.724973502] [px4_1.mpc_node_1]: [d1] solve: status=0 time=0.18ms cost=0.0 pos=(19.90,3.05,-5.01) local=(19.46,-0.09,-5.97) wbirth=(0.44,3.14,0.96) ref=(20.00,3.00) leader=(20.00,0.00) fallbacks=0
[mpc_node-6] [INFO] [1783590328.752065912] [px4_4.mpc_node_4]: [d4] solve: status=0 time=0.15ms cost=0.0 pos=(17.07,-0.02,-5.01) local=(20.58,1.03,-5.16) wbirth=(-3.51,-1.05,0.14) ref=(17.00,0.00) leader=(20.00,0.00) fallbacks=0
[mpc_node-2] [INFO] [1783590328.789174399] [px4_0.mpc_node_0]: [d0] solve: status=0 time=0.15ms cost=0.0 pos=(19.87,-0.04,-4.99) local=(19.14,-0.57,-4.99) wbirth=(0.73,0.53,0.00) ref=(20.00,0.00) leader=(20.00,0.00) fallbacks=0
[mpc_node-5] [INFO] [1783590329.706329704] [px4_3.mpc_node_3]: [d3] solve: status=0 time=0.38ms cost=0.0 pos=(23.00,-0.07,-4.99) local=(19.30,0.46,-6.14) wbirth=(3.70,-0.54,1.15) ref=(23.00,0.00) leader=(20.00,0.00) fallbacks=0
[mpc_node-4] [INFO] [1783590329.717174847] [px4_2.mpc_node_2]: [d2] solve: status=0 time=0.17ms cost=0.0 pos=(20.02,-3.03,-5.05) local=(20.64,-0.36,-6.25) wbirth=(-0.63,-2.67,1.20) ref=(20.00,-3.00) leader=(20.00,0.00) fallbacks=0
[mpc_node-3] [INFO] [1783590329.724871477] [px4_1.mpc_node_1]: [d1] solve: status=0 time=0.18ms cost=0.0 pos=(19.96,3.01,-5.00) local=(19.52,-0.13,-5.96) wbirth=(0.44,3.14,0.96) ref=(20.00,3.00) leader=(20.00,0.00) fallbacks=0
[mpc_node-6] [INFO] [1783590329.752693722] [px4_4.mpc_node_4]: [d4] solve: status=0 time=0.15ms cost=0.0 pos=(17.02,0.00,-4.99) local=(20.52,1.05,-5.13) wbirth=(-3.51,-1.05,0.14) ref=(17.00,0.00) leader=(20.00,0.00) fallbacks=0
[mpc_node-2] [INFO] [1783590329.789237990] [px4_0.mpc_node_0]: [d0] solve: status=0 time=0.18ms cost=0.0 pos=(19.89,0.04,-5.00) local=(19.16,-0.49,-5.00) wbirth=(0.73,0.53,0.00) ref=(20.00,0.00) leader=(20.00,0.00) fallbacks=0
[mpc_node-5] [INFO] [1783590330.706290786] [px4_3.mpc_node_3]: [d3] solve: status=0 time=0.17ms cost=0.0 pos=(23.07,0.03,-5.03) local=(19.37,0.57,-6.18) wbirth=(3.70,-0.54,1.15) ref=(23.00,0.00) leader=(20.00,0.00) fallbacks=0
[mpc_node-4] [INFO] [1783590330.717771224] [px4_2.mpc_node_2]: [d2] solve: status=0 time=0.18ms cost=0.0 pos=(20.04,-3.00,-5.01) local=(20.67,-0.32,-6.22) wbirth=(-0.63,-2.67,1.20) ref=(20.00,-3.00) leader=(20.00,0.00) fallbacks=0
[mpc_node-3] [INFO] [1783590330.725027106] [px4_1.mpc_node_1]: [d1] solve: status=0 time=0.18ms cost=0.0 pos=(19.97,2.98,-5.01) local=(19.53,-0.16,-5.97) wbirth=(0.44,3.14,0.96) ref=(20.00,3.00) leader=(20.00,0.00) fallbacks=0
[mpc_node-6] [INFO] [1783590330.752114179] [px4_4.mpc_node_4]: [d4] solve: status=0 time=0.15ms cost=0.0 pos=(16.99,0.06,-5.00) local=(20.49,1.11,-5.14) wbirth=(-3.51,-1.05,0.14) ref=(17.00,0.00) leader=(20.00,0.00) fallbacks=0
[mpc_node-2] [INFO] [1783590330.789342186] [px4_0.mpc_node_0]: [d0] solve: status=0 time=0.18ms cost=0.0 pos=(20.00,0.02,-5.00) local=(19.27,-0.52,-5.00) wbirth=(0.73,0.53,0.00) ref=(20.00,0.00) leader=(20.00,0.00) fallbacks=0
[mpc_node-5] [INFO] [1783590331.707190585] [px4_3.mpc_node_3]: [d3] solve: status=0 time=0.17ms cost=0.0 pos=(23.04,0.10,-4.97) local=(19.34,0.64,-6.11) wbirth=(3.70,-0.54,1.15) ref=(23.00,0.00) leader=(20.00,0.00) fallbacks=0
[mpc_node-4] [INFO] [1783590331.717706411] [px4_2.mpc_node_2]: [d2] solve: status=0 time=0.21ms cost=0.0 pos=(20.01,-2.98,-4.99) local=(20.64,-0.31,-6.20) wbirth=(-0.63,-2.67,1.20) ref=(20.00,-3.00) leader=(20.00,0.00) fallbacks=0
[mpc_node-3] [INFO] [1783590331.725095677] [px4_1.mpc_node_1]: [d1] solve: status=0 time=0.20ms cost=0.0 pos=(19.94,3.00,-4.97) local=(19.50,-0.13,-5.93) wbirth=(0.44,3.14,0.96) ref=(20.00,3.00) leader=(20.00,0.00) fallbacks=0
[mpc_node-6] [INFO] [1783590331.751281391] [px4_4.mpc_node_4]: [d4] solve: status=0 time=0.22ms cost=0.0 pos=(16.97,0.06,-5.02) local=(20.48,1.11,-5.16) wbirth=(-3.51,-1.05,0.14) ref=(17.00,0.00) leader=(20.00,0.00) fallbacks=0
[mpc_node-2] [INFO] [1783590331.789191799] [px4_0.mpc_node_0]: [d0] solve: status=0 time=0.17ms cost=0.0 pos=(20.05,0.03,-4.99) local=(19.32,-0.50,-4.99) wbirth=(0.73,0.53,0.00) ref=(20.00,0.00) leader=(20.00,0.00) fallbacks=0
[mpc_node-5] [INFO] [1783590332.705598515] [px4_3.mpc_node_3]: [d3] solve: status=0 time=0.17ms cost=0.0 pos=(23.01,0.09,-5.05) local=(19.31,0.63,-6.19) wbirth=(3.70,-0.54,1.15) ref=(23.00,0.00) leader=(20.00,0.00) fallbacks=0
[mpc_node-4] [INFO] [1783590332.717609235] [px4_2.mpc_node_2]: [d2] solve: status=0 time=0.25ms cost=0.0 pos=(20.00,-3.01,-5.05) local=(20.63,-0.34,-6.26) wbirth=(-0.63,-2.67,1.20) ref=(20.00,-3.00) leader=(20.00,0.00) fallbacks=0
[mpc_node-3] [INFO] [1783590332.724697324] [px4_1.mpc_node_1]: [d1] solve: status=0 time=0.15ms cost=0.0 pos=(20.01,2.98,-4.94) local=(19.57,-0.15,-5.90) wbirth=(0.44,3.14,0.96) ref=(20.00,3.00) leader=(20.00,0.00) fallbacks=0
[mpc_node-6] [INFO] [1783590332.751794933] [px4_4.mpc_node_4]: [d4] solve: status=0 time=0.17ms cost=0.0 pos=(16.95,-0.03,-4.97) local=(20.45,1.02,-5.11) wbirth=(-3.51,-1.05,0.14) ref=(17.00,0.00) leader=(20.00,0.00) fallbacks=0
[mpc_node-2] [INFO] [1783590332.789685653] [px4_0.mpc_node_0]: [d0] solve: status=0 time=0.15ms cost=0.0 pos=(20.14,0.02,-5.02) local=(19.41,-0.51,-5.02) wbirth=(0.73,0.53,0.00) ref=(20.00,0.00) leader=(20.00,0.00) fallbacks=0
[mpc_node-5] [INFO] [1783590333.705213471] [px4_3.mpc_node_3]: [d3] solve: status=0 time=0.14ms cost=0.0 pos=(23.02,0.02,-5.00) local=(19.31,0.56,-6.14) wbirth=(3.70,-0.54,1.15) ref=(23.00,0.00) leader=(20.00,0.00) fallbacks=0
[mpc_node-4] [INFO] [1783590333.717158033] [px4_2.mpc_node_2]: [d2] solve: status=0 time=0.14ms cost=0.0 pos=(20.02,-3.01,-4.97) local=(20.65,-0.34,-6.18) wbirth=(-0.63,-2.67,1.20) ref=(20.00,-3.00) leader=(20.00,0.00) fallbacks=0
[mpc_node-3] [INFO] [1783590333.725195186] [px4_1.mpc_node_1]: [d1] solve: status=0 time=0.18ms cost=0.0 pos=(20.03,2.98,-4.96) local=(19.59,-0.15,-5.92) wbirth=(0.44,3.14,0.96) ref=(20.00,3.00) leader=(20.00,0.00) fallbacks=0
[mpc_node-6] [INFO] [1783590333.752178034] [px4_4.mpc_node_4]: [d4] solve: status=0 time=0.17ms cost=0.0 pos=(17.03,-0.08,-5.01) local=(20.53,0.97,-5.15) wbirth=(-3.51,-1.05,0.14) ref=(17.00,0.00) leader=(20.00,0.00) fallbacks=0
[mpc_node-2] [INFO] [1783590333.789535636] [px4_0.mpc_node_0]: [d0] solve: status=0 time=0.18ms cost=0.0 pos=(20.11,-0.01,-5.02) local=(19.39,-0.55,-5.02) wbirth=(0.73,0.53,0.00) ref=(20.00,0.00) leader=(20.00,0.00) fallbacks=0
[mpc_node-5] [INFO] [1783590334.706540662] [px4_3.mpc_node_3]: [d3] solve: status=0 time=0.17ms cost=0.0 pos=(23.03,-0.02,-4.99) local=(19.33,0.52,-6.14) wbirth=(3.70,-0.54,1.15) ref=(23.00,0.00) leader=(20.00,0.00) fallbacks=0
[mpc_node-4] [INFO] [1783590334.718174118] [px4_2.mpc_node_2]: [d2] solve: status=0 time=0.14ms cost=0.0 pos=(20.00,-3.03,-5.02) local=(20.63,-0.36,-6.22) wbirth=(-0.63,-2.67,1.20) ref=(20.00,-3.00) leader=(20.00,0.00) fallbacks=0
[mpc_node-3] [INFO] [1783590334.725240651] [px4_1.mpc_node_1]: [d1] solve: status=0 time=0.15ms cost=0.0 pos=(20.01,2.97,-4.99) local=(19.57,-0.16,-5.95) wbirth=(0.44,3.14,0.96) ref=(20.00,3.00) leader=(20.00,0.00) fallbacks=0
[mpc_node-6] [INFO] [1783590334.751484277] [px4_4.mpc_node_4]: [d4] solve: status=0 time=0.14ms cost=0.0 pos=(17.02,-0.03,-5.06) local=(20.52,1.01,-5.20) wbirth=(-3.51,-1.05,0.14) ref=(17.00,0.00) leader=(20.00,0.00) fallbacks=0
[mpc_node-2] [INFO] [1783590334.791140097] [px4_0.mpc_node_0]: [d0] solve: status=0 time=0.18ms cost=0.0 pos=(20.06,0.02,-4.93) local=(19.33,-0.52,-4.93) wbirth=(0.73,0.53,0.00) ref=(20.00,0.00) leader=(20.00,0.00) fallbacks=0
[mpc_node-5] [INFO] [1783590335.706689209] [px4_3.mpc_node_3]: [d3] solve: status=0 time=0.14ms cost=0.0 pos=(22.98,-0.09,-5.02) local=(19.28,0.45,-6.17) wbirth=(3.70,-0.54,1.15) ref=(23.00,0.00) leader=(20.00,0.00) fallbacks=0
[mpc_node-4] [INFO] [1783590335.718210923] [px4_2.mpc_node_2]: [d2] solve: status=0 time=0.18ms cost=0.0 pos=(19.97,-3.03,-5.01) local=(20.60,-0.36,-6.21) wbirth=(-0.63,-2.67,1.20) ref=(20.00,-3.00) leader=(20.00,0.00) fallbacks=0
[mpc_node-3] [INFO] [1783590335.725254808] [px4_1.mpc_node_1]: [d1] solve: status=0 time=0.18ms cost=0.0 pos=(20.09,2.97,-5.00) local=(19.65,-0.16,-5.96) wbirth=(0.44,3.14,0.96) ref=(20.00,3.00) leader=(20.00,0.00) fallbacks=0
[mpc_node-6] [INFO] [1783590335.751093861] [px4_4.mpc_node_4]: [d4] solve: status=0 time=0.15ms cost=0.0 pos=(17.03,0.01,-4.98) local=(20.54,1.06,-5.12) wbirth=(-3.51,-1.05,0.14) ref=(17.00,0.00) leader=(20.00,0.00) fallbacks=0
[mpc_node-2] [INFO] [1783590335.790055366] [px4_0.mpc_node_0]: [d0] solve: status=0 time=0.15ms cost=0.0 pos=(19.95,-0.02,-4.97) local=(19.22,-0.55,-4.97) wbirth=(0.73,0.53,0.00) ref=(20.00,0.00) leader=(20.00,0.00) fallbacks=0
[mpc_node-5] [INFO] [1783590336.707388977] [px4_3.mpc_node_3]: [d3] solve: status=0 time=0.17ms cost=0.0 pos=(23.01,-0.06,-5.00) local=(19.30,0.48,-6.15) wbirth=(3.70,-0.54,1.15) ref=(23.00,0.00) leader=(20.00,0.00) fallbacks=0
[mpc_node-4] [INFO] [1783590336.717553414] [px4_2.mpc_node_2]: [d2] solve: status=0 time=0.17ms cost=0.0 pos=(19.96,-3.02,-5.00) local=(20.59,-0.35,-6.20) wbirth=(-0.63,-2.67,1.20) ref=(20.00,-3.00) leader=(20.00,0.00) fallbacks=0
[mpc_node-3] [INFO] [1783590336.725491176] [px4_1.mpc_node_1]: [d1] solve: status=0 time=0.17ms cost=0.0 pos=(20.09,3.02,-5.02) local=(19.65,-0.11,-5.98) wbirth=(0.44,3.14,0.96) ref=(20.00,3.00) leader=(20.00,0.00) fallbacks=0
[mpc_node-6] [INFO] [1783590336.751672938] [px4_4.mpc_node_4]: [d4] solve: status=0 time=0.15ms cost=0.0 pos=(16.98,-0.02,-5.01) local=(20.48,1.02,-5.15) wbirth=(-3.51,-1.05,0.14) ref=(17.00,0.00) leader=(20.00,0.00) fallbacks=0
[mpc_node-2] [INFO] [1783590336.790521754] [px4_0.mpc_node_0]: [d0] solve: status=0 time=0.15ms cost=0.0 pos=(19.93,0.01,-4.98) local=(19.20,-0.53,-4.98) wbirth=(0.73,0.53,0.00) ref=(20.00,0.00) leader=(20.00,0.00) fallbacks=0
[mpc_node-5] [INFO] [1783590337.705198166] [px4_3.mpc_node_3]: [d3] solve: status=0 time=0.17ms cost=0.0 pos=(22.97,-0.03,-4.95) local=(19.27,0.50,-6.10) wbirth=(3.70,-0.54,1.15) ref=(23.00,0.00) leader=(20.00,0.00) fallbacks=0
[mpc_node-4] [INFO] [1783590337.717141497] [px4_2.mpc_node_2]: [d2] solve: status=0 time=0.17ms cost=0.0 pos=(20.04,-2.97,-4.99) local=(20.67,-0.29,-6.19) wbirth=(-0.63,-2.67,1.20) ref=(20.00,-3.00) leader=(20.00,0.00) fallbacks=0
[mpc_node-3] [INFO] [1783590337.725616159] [px4_1.mpc_node_1]: [d1] solve: status=0 time=0.18ms cost=0.0 pos=(19.98,3.05,-5.02) local=(19.54,-0.09,-5.98) wbirth=(0.44,3.14,0.96) ref=(20.00,3.00) leader=(20.00,0.00) fallbacks=0
[mpc_node-6] [INFO] [1783590337.752853005] [px4_4.mpc_node_4]: [d4] solve: status=0 time=0.14ms cost=0.0 pos=(16.98,-0.01,-5.05) local=(20.49,1.04,-5.19) wbirth=(-3.51,-1.05,0.14) ref=(17.00,0.00) leader=(20.00,0.00) fallbacks=0
[mpc_node-2] [INFO] [1783590337.790341192] [px4_0.mpc_node_0]: [d0] solve: status=0 time=0.14ms cost=0.0 pos=(19.91,-0.01,-5.04) local=(19.18,-0.55,-5.04) wbirth=(0.73,0.53,0.00) ref=(20.00,0.00) leader=(20.00,0.00) fallbacks=0
[mpc_node-5] [INFO] [1783590338.705426129] [px4_3.mpc_node_3]: [d3] solve: status=0 time=0.20ms cost=0.0 pos=(22.95,0.07,-4.98) local=(19.24,0.61,-6.13) wbirth=(3.70,-0.54,1.15) ref=(23.00,0.00) leader=(20.00,0.00) fallbacks=0
[mpc_node-4] [INFO] [1783590338.717484745] [px4_2.mpc_node_2]: [d2] solve: status=0 time=0.20ms cost=0.0 pos=(20.02,-2.98,-4.99) local=(20.65,-0.30,-6.19) wbirth=(-0.63,-2.67,1.20) ref=(20.00,-3.00) leader=(20.00,0.00) fallbacks=0
[mpc_node-3] [INFO] [1783590338.725098972] [px4_1.mpc_node_1]: [d1] solve: status=0 time=0.15ms cost=0.0 pos=(19.96,3.04,-4.95) local=(19.52,-0.09,-5.91) wbirth=(0.44,3.14,0.96) ref=(20.00,3.00) leader=(20.00,0.00) fallbacks=0
[mpc_node-6] [INFO] [1783590338.752980931] [px4_4.mpc_node_4]: [d4] solve: status=0 time=0.17ms cost=0.0 pos=(17.00,0.01,-4.99) local=(20.50,1.06,-5.13) wbirth=(-3.51,-1.05,0.14) ref=(17.00,0.00) leader=(20.00,0.00) fallbacks=0
[mpc_node-2] [INFO] [1783590338.789934569] [px4_0.mpc_node_0]: [d0] solve: status=0 time=0.17ms cost=0.0 pos=(19.95,-0.06,-5.04) local=(19.22,-0.59,-5.04) wbirth=(0.73,0.53,0.00) ref=(20.00,0.00) leader=(20.00,0.00) fallbacks=0
[mpc_node-5] [INFO] [1783590339.705456285] [px4_3.mpc_node_3]: [d3] solve: status=0 time=0.17ms cost=0.0 pos=(22.92,0.12,-4.98) local=(19.22,0.66,-6.13) wbirth=(3.70,-0.54,1.15) ref=(23.00,0.00) leader=(20.00,0.00) fallbacks=0
[mpc_node-4] [INFO] [1783590339.717009037] [px4_2.mpc_node_2]: [d2] solve: status=0 time=0.14ms cost=0.0 pos=(19.98,-2.97,-4.97) local=(20.61,-0.29,-6.18) wbirth=(-0.63,-2.67,1.20) ref=(20.00,-3.00) leader=(20.00,0.00) fallbacks=0
[mpc_node-3] [INFO] [1783590339.725304464] [px4_1.mpc_node_1]: [d1] solve: status=0 time=0.20ms cost=0.0 pos=(19.94,3.06,-5.02) local=(19.50,-0.08,-5.98) wbirth=(0.44,3.14,0.96) ref=(20.00,3.00) leader=(20.00,0.00) fallbacks=0
[mpc_node-6] [INFO] [1783590339.752007798] [px4_4.mpc_node_4]: [d4] solve: status=0 time=0.17ms cost=0.0 pos=(16.97,0.02,-5.03) local=(20.48,1.07,-5.17) wbirth=(-3.51,-1.05,0.14) ref=(17.00,0.00) leader=(20.00,0.00) fallbacks=0
[mpc_node-2] [INFO] [1783590339.790651460] [px4_0.mpc_node_0]: [d0] solve: status=0 time=0.18ms cost=0.0 pos=(20.05,-0.03,-5.03) local=(19.32,-0.56,-5.03) wbirth=(0.73,0.53,0.00) ref=(20.00,0.00) leader=(20.00,0.00) fallbacks=0
[mpc_node-5] [INFO] [1783590340.705157419] [px4_3.mpc_node_3]: [d3] solve: status=0 time=0.14ms cost=0.0 pos=(22.94,0.09,-5.00) local=(19.24,0.63,-6.14) wbirth=(3.70,-0.54,1.15) ref=(23.00,0.00) leader=(20.00,0.00) fallbacks=0
[mpc_node-4] [INFO] [1783590340.717447742] [px4_2.mpc_node_2]: [d2] solve: status=0 time=0.17ms cost=0.0 pos=(19.97,-2.98,-4.99) local=(20.60,-0.30,-6.19) wbirth=(-0.63,-2.67,1.20) ref=(20.00,-3.00) leader=(20.00,0.00) fallbacks=0
[mpc_node-3] [INFO] [1783590340.725380608] [px4_1.mpc_node_1]: [d1] solve: status=0 time=0.14ms cost=0.0 pos=(19.88,3.02,-5.02) local=(19.44,-0.12,-5.98) wbirth=(0.44,3.14,0.96) ref=(20.00,3.00) leader=(20.00,0.00) fallbacks=0
[mpc_node-6] [INFO] [1783590340.751813597] [px4_4.mpc_node_4]: [d4] solve: status=0 time=0.18ms cost=0.0 pos=(16.98,0.05,-5.02) local=(20.49,1.10,-5.16) wbirth=(-3.51,-1.05,0.14) ref=(17.00,0.00) leader=(20.00,0.00) fallbacks=0
[mpc_node-2] [INFO] [1783590340.790080294] [px4_0.mpc_node_0]: [d0] solve: status=0 time=0.17ms cost=0.0 pos=(20.05,-0.01,-5.03) local=(19.32,-0.55,-5.03) wbirth=(0.73,0.53,0.00) ref=(20.00,0.00) leader=(20.00,0.00) fallbacks=0
[mpc_node-5] [INFO] [1783590341.705442852] [px4_3.mpc_node_3]: [d3] solve: status=0 time=0.17ms cost=0.0 pos=(22.99,0.01,-4.97) local=(19.29,0.55,-6.12) wbirth=(3.70,-0.54,1.15) ref=(23.00,0.00) leader=(20.00,0.00) fallbacks=0
[mpc_node-4] [INFO] [1783590341.717376336] [px4_2.mpc_node_2]: [d2] solve: status=0 time=0.14ms cost=0.0 pos=(20.00,-3.00,-5.01) local=(20.63,-0.32,-6.22) wbirth=(-0.63,-2.67,1.20) ref=(20.00,-3.00) leader=(20.00,0.00) fallbacks=0
[mpc_node-3] [INFO] [1783590341.725133012] [px4_1.mpc_node_1]: [d1] solve: status=0 time=0.20ms cost=0.0 pos=(19.93,2.95,-5.00) local=(19.49,-0.19,-5.96) wbirth=(0.44,3.14,0.96) ref=(20.00,3.00) leader=(20.00,0.00) fallbacks=0
[mpc_node-6] [INFO] [1783590341.752603770] [px4_4.mpc_node_4]: [d4] solve: status=0 time=0.14ms cost=0.0 pos=(17.06,0.02,-4.99) local=(20.57,1.06,-5.13) wbirth=(-3.51,-1.05,0.14) ref=(17.00,0.00) leader=(20.00,0.00) fallbacks=0
[mpc_node-2] [INFO] [1783590341.789776860] [px4_0.mpc_node_0]: [d0] solve: status=0 time=0.17ms cost=0.0 pos=(19.98,0.03,-5.06) local=(19.25,-0.51,-5.06) wbirth=(0.73,0.53,0.00) ref=(20.00,0.00) leader=(20.00,0.00) fallbacks=0
[mpc_node-5] [INFO] [1783590342.705488595] [px4_3.mpc_node_3]: [d3] solve: status=0 time=0.20ms cost=0.0 pos=(23.02,-0.01,-4.99) local=(19.32,0.53,-6.14) wbirth=(3.70,-0.54,1.15) ref=(23.00,0.00) leader=(20.00,0.00) fallbacks=0
[mpc_node-4] [INFO] [1783590342.717204520] [px4_2.mpc_node_2]: [d2] solve: status=0 time=0.14ms cost=0.0 pos=(20.04,-3.02,-4.96) local=(20.67,-0.34,-6.16) wbirth=(-0.63,-2.67,1.20) ref=(20.00,-3.00) leader=(20.00,0.00) fallbacks=0
[mpc_node-3] [INFO] [1783590342.725006860] [px4_1.mpc_node_1]: [d1] solve: status=0 time=0.17ms cost=0.0 pos=(20.01,2.91,-5.02) local=(19.57,-0.23,-5.98) wbirth=(0.44,3.14,0.96) ref=(20.00,3.00) leader=(20.00,0.00) fallbacks=0
[mpc_node-6] [INFO] [1783590342.752373745] [px4_4.mpc_node_4]: [d4] solve: status=0 time=0.17ms cost=0.0 pos=(17.00,0.03,-4.95) local=(20.51,1.08,-5.09) wbirth=(-3.51,-1.05,0.14) ref=(17.00,0.00) leader=(20.00,0.00) fallbacks=0
[mpc_node-2] [INFO] [1783590342.789307417] [px4_0.mpc_node_0]: [d0] solve: status=0 time=0.17ms cost=0.0 pos=(20.03,0.03,-4.97) local=(19.31,-0.50,-4.97) wbirth=(0.73,0.53,0.00) ref=(20.00,0.00) leader=(20.00,0.00) fallbacks=0
[mpc_node-5] [INFO] [1783590343.705208052] [px4_3.mpc_node_3]: [d3] solve: status=0 time=0.14ms cost=0.0 pos=(23.06,-0.04,-4.99) local=(19.36,0.50,-6.14) wbirth=(3.70,-0.54,1.15) ref=(23.00,0.00) leader=(20.00,0.00) fallbacks=0
[mpc_node-4] [INFO] [1783590343.717131602] [px4_2.mpc_node_2]: [d2] solve: status=0 time=0.14ms cost=0.0 pos=(20.11,-2.99,-4.99) local=(20.74,-0.31,-6.19) wbirth=(-0.63,-2.67,1.20) ref=(20.00,-3.00) leader=(20.00,0.00) fallbacks=0
[mpc_node-3] [INFO] [1783590343.725078246] [px4_1.mpc_node_1]: [d1] solve: status=0 time=0.18ms cost=0.0 pos=(20.04,2.91,-5.03) local=(19.60,-0.23,-5.99) wbirth=(0.44,3.14,0.96) ref=(20.00,3.00) leader=(20.00,0.00) fallbacks=0
[mpc_node-6] [INFO] [1783590343.751991154] [px4_4.mpc_node_4]: [d4] solve: status=0 time=0.17ms cost=0.0 pos=(17.01,-0.01,-5.01) local=(20.52,1.04,-5.15) wbirth=(-3.51,-1.05,0.14) ref=(17.00,0.00) leader=(20.00,0.00) fallbacks=0
[mpc_node-2] [INFO] [1783590343.789657756] [px4_0.mpc_node_0]: [d0] solve: status=0 time=0.15ms cost=0.0 pos=(19.96,-0.01,-4.93) local=(19.23,-0.54,-4.93) wbirth=(0.73,0.53,0.00) ref=(20.00,0.00) leader=(20.00,0.00) fallbacks=0
[mpc_node-5] [INFO] [1783590344.705138011] [px4_3.mpc_node_3]: [d3] solve: status=0 time=0.17ms cost=0.0 pos=(23.01,-0.06,-4.96) local=(19.31,0.47,-6.10) wbirth=(3.70,-0.54,1.15) ref=(23.00,0.00) leader=(20.00,0.00) fallbacks=0
[mpc_node-4] [INFO] [1783590344.717464234] [px4_2.mpc_node_2]: [d2] solve: status=0 time=0.16ms cost=0.0 pos=(20.07,-3.04,-5.02) local=(20.70,-0.37,-6.23) wbirth=(-0.63,-2.67,1.20) ref=(20.00,-3.00) leader=(20.00,0.00) fallbacks=0
[mpc_node-3] [INFO] [1783590344.724981067] [px4_1.mpc_node_1]: [d1] solve: status=0 time=0.17ms cost=0.0 pos=(20.03,2.93,-4.99) local=(19.59,-0.21,-5.95) wbirth=(0.44,3.14,0.96) ref=(20.00,3.00) leader=(20.00,0.00) fallbacks=0
[mpc_node-6] [INFO] [1783590344.751870251] [px4_4.mpc_node_4]: [d4] solve: status=0 time=0.15ms cost=0.0 pos=(17.02,-0.02,-5.03) local=(20.52,1.03,-5.17) wbirth=(-3.51,-1.05,0.14) ref=(17.00,0.00) leader=(20.00,0.00) fallbacks=0
[mpc_node-2] [INFO] [1783590344.789216694] [px4_0.mpc_node_0]: [d0] solve: status=0 time=0.17ms cost=0.0 pos=(19.94,0.01,-4.98) local=(19.21,-0.53,-4.98) wbirth=(0.73,0.53,0.00) ref=(20.00,0.00) leader=(20.00,0.00) fallbacks=0
[mpc_node-5] [INFO] [1783590345.705411171] [px4_3.mpc_node_3]: [d3] solve: status=0 time=0.14ms cost=0.0 pos=(22.92,-0.12,-4.97) local=(19.22,0.42,-6.11) wbirth=(3.70,-0.54,1.15) ref=(23.00,0.00) leader=(20.00,0.00) fallbacks=0
[mpc_node-4] [INFO] [1783590345.717160045] [px4_2.mpc_node_2]: [d2] solve: status=0 time=0.17ms cost=0.0 pos=(20.05,-3.06,-4.96) local=(20.68,-0.38,-6.16) wbirth=(-0.63,-2.67,1.20) ref=(20.00,-3.00) leader=(20.00,0.00) fallbacks=0
[mpc_node-3] [INFO] [1783590345.724829521] [px4_1.mpc_node_1]: [d1] solve: status=0 time=0.15ms cost=0.0 pos=(20.03,2.98,-4.96) local=(19.59,-0.15,-5.92) wbirth=(0.44,3.14,0.96) ref=(20.00,3.00) leader=(20.00,0.00) fallbacks=0
[mpc_node-6] [INFO] [1783590345.752041540] [px4_4.mpc_node_4]: [d4] solve: status=0 time=0.14ms cost=0.0 pos=(16.99,-0.01,-4.99) local=(20.50,1.04,-5.13) wbirth=(-3.51,-1.05,0.14) ref=(17.00,0.00) leader=(20.00,0.00) fallbacks=0
[mpc_node-2] [INFO] [1783590345.789853200] [px4_0.mpc_node_0]: [d0] solve: status=0 time=0.20ms cost=0.0 pos=(19.93,0.06,-4.96) local=(19.20,-0.47,-4.96) wbirth=(0.73,0.53,0.00) ref=(20.00,0.00) leader=(20.00,0.00) fallbacks=0
[mpc_node-5] [INFO] [1783590346.706969330] [px4_3.mpc_node_3]: [d3] solve: status=0 time=0.22ms cost=0.0 pos=(23.01,-0.07,-4.98) local=(19.30,0.47,-6.13) wbirth=(3.70,-0.54,1.15) ref=(23.00,0.00) leader=(20.00,0.00) fallbacks=0
[mpc_node-4] [INFO] [1783590346.718005300] [px4_2.mpc_node_2]: [d2] solve: status=0 time=0.17ms cost=0.0 pos=(19.95,-2.99,-4.97) local=(20.58,-0.31,-6.17) wbirth=(-0.63,-2.67,1.20) ref=(20.00,-3.00) leader=(20.00,0.00) fallbacks=0
[mpc_node-3] [INFO] [1783590346.725169240] [px4_1.mpc_node_1]: [d1] solve: status=0 time=0.17ms cost=0.1 pos=(20.15,3.06,-5.02) local=(19.71,-0.07,-5.98) wbirth=(0.44,3.14,0.96) ref=(20.00,3.00) leader=(20.00,0.00) fallbacks=0
[mpc_node-6] [INFO] [1783590346.751185532] [px4_4.mpc_node_4]: [d4] solve: status=0 time=0.15ms cost=0.0 pos=(16.95,-0.00,-5.04) local=(20.46,1.04,-5.18) wbirth=(-3.51,-1.05,0.14) ref=(17.00,0.00) leader=(20.00,0.00) fallbacks=0
[mpc_node-2] [INFO] [1783590346.789442195] [px4_0.mpc_node_0]: [d0] solve: status=0 time=0.18ms cost=0.0 pos=(20.02,0.03,-5.02) local=(19.29,-0.51,-5.02) wbirth=(0.73,0.53,0.00) ref=(20.00,0.00) leader=(20.00,0.00) fallbacks=0
[mpc_node-5] [INFO] [1783590347.706370923] [px4_3.mpc_node_3]: [d3] solve: status=0 time=0.14ms cost=0.0 pos=(23.09,-0.01,-5.02) local=(19.38,0.53,-6.17) wbirth=(3.70,-0.54,1.15) ref=(23.00,0.00) leader=(20.00,0.00) fallbacks=0
[mpc_node-4] [INFO] [1783590347.718282409] [px4_2.mpc_node_2]: [d2] solve: status=0 time=0.18ms cost=0.0 pos=(19.87,-2.94,-5.01) local=(20.50,-0.26,-6.21) wbirth=(-0.63,-2.67,1.20) ref=(20.00,-3.00) leader=(20.00,0.00) fallbacks=0
[mpc_node-3] [INFO] [1783590347.724838941] [px4_1.mpc_node_1]: [d1] solve: status=0 time=0.17ms cost=0.0 pos=(20.11,3.09,-4.96) local=(19.67,-0.04,-5.92) wbirth=(0.44,3.14,0.96) ref=(20.00,3.00) leader=(20.00,0.00) fallbacks=0
[mpc_node-6] [INFO] [1783590347.751643916] [px4_4.mpc_node_4]: [d4] solve: status=0 time=0.17ms cost=0.0 pos=(17.01,-0.07,-4.95) local=(20.52,0.98,-5.09) wbirth=(-3.51,-1.05,0.14) ref=(17.00,0.00) leader=(20.00,0.00) fallbacks=0
[mpc_node-2] [INFO] [1783590347.789501118] [px4_0.mpc_node_0]: [d0] solve: status=0 time=0.18ms cost=0.0 pos=(20.07,-0.04,-5.00) local=(19.34,-0.58,-5.00) wbirth=(0.73,0.53,0.00) ref=(20.00,0.00) leader=(20.00,0.00) fallbacks=0
[mpc_node-5] [INFO] [1783590348.706462510] [px4_3.mpc_node_3]: [d3] solve: status=0 time=0.17ms cost=0.0 pos=(23.14,0.04,-5.01) local=(19.44,0.58,-6.15) wbirth=(3.70,-0.54,1.15) ref=(23.00,0.00) leader=(20.00,0.00) fallbacks=0
[mpc_node-4] [INFO] [1783590348.717546044] [px4_2.mpc_node_2]: [d2] solve: status=0 time=0.22ms cost=0.1 pos=(19.81,-2.93,-5.00) local=(20.44,-0.25,-6.21) wbirth=(-0.63,-2.67,1.20) ref=(20.00,-3.00) leader=(20.00,0.00) fallbacks=0
[mpc_node-3] [INFO] [1783590348.726084235] [px4_1.mpc_node_1]: [d1] solve: status=0 time=0.20ms cost=0.0 pos=(20.07,3.05,-5.02) local=(19.63,-0.09,-5.98) wbirth=(0.44,3.14,0.96) ref=(20.00,3.00) leader=(20.00,0.00) fallbacks=0
[mpc_node-6] [INFO] [1783590348.752399903] [px4_4.mpc_node_4]: [d4] solve: status=0 time=0.17ms cost=0.0 pos=(16.96,-0.04,-5.09) local=(20.47,1.01,-5.23) wbirth=(-3.51,-1.05,0.14) ref=(17.00,0.00) leader=(20.00,0.00) fallbacks=0
[mpc_node-2] [INFO] [1783590348.790123191] [px4_0.mpc_node_0]: [d0] solve: status=0 time=0.14ms cost=0.1 pos=(20.13,-0.08,-4.99) local=(19.41,-0.61,-4.99) wbirth=(0.73,0.53,0.00) ref=(20.00,0.00) leader=(20.00,0.00) fallbacks=0
[mpc_node-5] [INFO] [1783590349.706957145] [px4_3.mpc_node_3]: [d3] solve: status=0 time=0.17ms cost=0.0 pos=(23.04,0.10,-4.97) local=(19.34,0.64,-6.12) wbirth=(3.70,-0.54,1.15) ref=(23.00,0.00) leader=(20.00,0.00) fallbacks=0
[mpc_node-4] [INFO] [1783590349.718694191] [px4_2.mpc_node_2]: [d2] solve: status=0 time=0.17ms cost=0.0 pos=(19.83,-2.96,-4.98) local=(20.46,-0.28,-6.19) wbirth=(-0.63,-2.67,1.20) ref=(20.00,-3.00) leader=(20.00,0.00) fallbacks=0
[mpc_node-3] [INFO] [1783590349.726418310] [px4_1.mpc_node_1]: [d1] solve: status=0 time=0.17ms cost=0.0 pos=(19.98,3.02,-4.98) local=(19.54,-0.11,-5.94) wbirth=(0.44,3.14,0.96) ref=(20.00,3.00) leader=(20.00,0.00) fallbacks=0
[mpc_node-6] [INFO] [1783590349.751528522] [px4_4.mpc_node_4]: [d4] solve: status=0 time=0.14ms cost=0.0 pos=(17.00,0.01,-5.01) local=(20.51,1.06,-5.15) wbirth=(-3.51,-1.05,0.14) ref=(17.00,0.00) leader=(20.00,0.00) fallbacks=0
[mpc_node-2] [INFO] [1783590349.791126953] [px4_0.mpc_node_0]: [d0] solve: status=0 time=0.21ms cost=0.0 pos=(20.15,-0.04,-5.01) local=(19.42,-0.58,-5.01) wbirth=(0.73,0.53,0.00) ref=(20.00,0.00) leader=(20.00,0.00) fallbacks=0
[mpc_node-5] [INFO] [1783590350.705494719] [px4_3.mpc_node_3]: [d3] solve: status=0 time=0.20ms cost=0.1 pos=(22.90,0.12,-5.05) local=(19.20,0.66,-6.20) wbirth=(3.70,-0.54,1.15) ref=(23.00,0.00) leader=(20.00,0.00) fallbacks=0
[mpc_node-4] [INFO] [1783590350.718410716] [px4_2.mpc_node_2]: [d2] solve: status=0 time=0.25ms cost=0.0 pos=(19.99,-2.99,-5.02) local=(20.62,-0.31,-6.23) wbirth=(-0.63,-2.67,1.20) ref=(20.00,-3.00) leader=(20.00,0.00) fallbacks=0
[mpc_node-3] [INFO] [1783590350.724716267] [px4_1.mpc_node_1]: [d1] solve: status=0 time=0.14ms cost=0.0 pos=(19.88,2.97,-4.97) local=(19.44,-0.16,-5.93) wbirth=(0.44,3.14,0.96) ref=(20.00,3.00) leader=(20.00,0.00) fallbacks=0
[mpc_node-6] [INFO] [1783590350.751985956] [px4_4.mpc_node_4]: [d4] solve: status=0 time=0.51ms cost=0.0 pos=(16.96,0.05,-5.01) local=(20.47,1.10,-5.15) wbirth=(-3.51,-1.05,0.14) ref=(17.00,0.00) leader=(20.00,0.00) fallbacks=0
[mpc_node-2] [INFO] [1783590350.790617813] [px4_0.mpc_node_0]: [d0] solve: status=0 time=0.20ms cost=0.0 pos=(19.99,0.03,-5.03) local=(19.27,-0.51,-5.03) wbirth=(0.73,0.53,0.00) ref=(20.00,0.00) leader=(20.00,0.00) fallbacks=0
[mpc_node-5] [INFO] [1783590351.706895109] [px4_3.mpc_node_3]: [d3] solve: status=0 time=0.18ms cost=0.0 pos=(22.92,0.11,-5.01) local=(19.21,0.65,-6.16) wbirth=(3.70,-0.54,1.15) ref=(23.00,0.00) leader=(20.00,0.00) fallbacks=0
[mpc_node-4] [INFO] [1783590351.718114927] [px4_2.mpc_node_2]: [d2] solve: status=0 time=0.14ms cost=0.1 pos=(20.14,-3.08,-5.00) local=(20.77,-0.41,-6.20) wbirth=(-0.63,-2.67,1.20) ref=(20.00,-3.00) leader=(20.00,0.00) fallbacks=0
[mpc_node-3] [INFO] [1783590351.724673073] [px4_1.mpc_node_1]: [d1] solve: status=0 time=0.17ms cost=0.0 pos=(19.88,2.95,-4.99) local=(19.44,-0.19,-5.95) wbirth=(0.44,3.14,0.96) ref=(20.00,3.00) leader=(20.00,0.00) fallbacks=0
[mpc_node-6] [INFO] [1783590351.751880635] [px4_4.mpc_node_4]: [d4] solve: status=0 time=0.20ms cost=0.0 pos=(16.96,0.02,-5.00) local=(20.46,1.06,-5.14) wbirth=(-3.51,-1.05,0.14) ref=(17.00,0.00) leader=(20.00,0.00) fallbacks=0
[mpc_node-2] [INFO] [1783590351.790400120] [px4_0.mpc_node_0]: [d0] solve: status=0 time=0.20ms cost=0.1 pos=(19.85,0.05,-5.02) local=(19.13,-0.48,-5.02) wbirth=(0.73,0.53,0.00) ref=(20.00,0.00) leader=(20.00,0.00) fallbacks=0
[mpc_node-5] [INFO] [1783590352.705519274] [px4_3.mpc_node_3]: [d3] solve: status=0 time=0.17ms cost=0.0 pos=(22.93,0.03,-5.08) local=(19.23,0.56,-6.23) wbirth=(3.70,-0.54,1.15) ref=(23.00,0.00) leader=(20.00,0.00) fallbacks=0
[mpc_node-4] [INFO] [1783590352.718184182] [px4_2.mpc_node_2]: [d2] solve: status=0 time=0.17ms cost=0.1 pos=(20.13,-3.09,-4.95) local=(20.76,-0.42,-6.15) wbirth=(-0.63,-2.67,1.20) ref=(20.00,-3.00) leader=(20.00,0.00) fallbacks=0
[mpc_node-3] [INFO] [1783590352.724800243] [px4_1.mpc_node_1]: [d1] solve: status=0 time=0.14ms cost=0.0 pos=(19.96,2.96,-5.04) local=(19.52,-0.17,-6.00) wbirth=(0.44,3.14,0.96) ref=(20.00,3.00) leader=(20.00,0.00) fallbacks=0
[mpc_node-6] [INFO] [1783590352.751780630] [px4_4.mpc_node_4]: [d4] solve: status=0 time=0.17ms cost=0.0 pos=(16.99,-0.03,-4.94) local=(20.49,1.02,-5.08) wbirth=(-3.51,-1.05,0.14) ref=(17.00,0.00) leader=(20.00,0.00) fallbacks=0
[mpc_node-2] [INFO] [1783590352.789966488] [px4_0.mpc_node_0]: [d0] solve: status=0 time=0.17ms cost=0.0 pos=(19.88,0.02,-4.99) local=(19.16,-0.52,-4.99) wbirth=(0.73,0.53,0.00) ref=(20.00,0.00) leader=(20.00,0.00) fallbacks=0
[mpc_node-5] [INFO] [1783590353.707175380] [px4_3.mpc_node_3]: [d3] solve: status=0 time=0.17ms cost=0.0 pos=(23.00,-0.04,-5.02) local=(19.29,0.50,-6.16) wbirth=(3.70,-0.54,1.15) ref=(23.00,0.00) leader=(20.00,0.00) fallbacks=0
[mpc_node-4] [INFO] [1783590353.718698551] [px4_2.mpc_node_2]: [d2] solve: status=0 time=0.17ms cost=0.0 pos=(20.12,-3.03,-4.96) local=(20.75,-0.35,-6.17) wbirth=(-0.63,-2.67,1.20) ref=(20.00,-3.00) leader=(20.00,0.00) fallbacks=0
[mpc_node-3] [INFO] [1783590353.726397052] [px4_1.mpc_node_1]: [d1] solve: status=0 time=0.16ms cost=0.0 pos=(19.97,2.99,-5.04) local=(19.53,-0.14,-6.00) wbirth=(0.44,3.14,0.96) ref=(20.00,3.00) leader=(20.00,0.00) fallbacks=0
[mpc_node-6] [INFO] [1783590353.751753797] [px4_4.mpc_node_4]: [d4] solve: status=0 time=0.20ms cost=0.0 pos=(17.10,-0.00,-4.97) local=(20.61,1.05,-5.11) wbirth=(-3.51,-1.05,0.14) ref=(17.00,0.00) leader=(20.00,0.00) fallbacks=0
[mpc_node-2] [INFO] [1783590353.790578393] [px4_0.mpc_node_0]: [d0] solve: status=0 time=0.15ms cost=0.0 pos=(19.96,-0.05,-4.94) local=(19.23,-0.59,-4.94) wbirth=(0.73,0.53,0.00) ref=(20.00,0.00) leader=(20.00,0.00) fallbacks=0
[mpc_node-5] [INFO] [1783590354.706269200] [px4_3.mpc_node_3]: [d3] solve: status=0 time=0.21ms cost=0.0 pos=(22.98,-0.12,-4.96) local=(19.28,0.42,-6.10) wbirth=(3.70,-0.54,1.15) ref=(23.00,0.00) leader=(20.00,0.00) fallbacks=0
[mpc_node-4] [INFO] [1783590354.718553390] [px4_2.mpc_node_2]: [d2] solve: status=0 time=0.17ms cost=0.0 pos=(20.02,-2.98,-4.98) local=(20.65,-0.31,-6.18) wbirth=(-0.63,-2.67,1.20) ref=(20.00,-3.00) leader=(20.00,0.00) fallbacks=0
[mpc_node-3] [INFO] [1783590354.725553840] [px4_1.mpc_node_1]: [d1] solve: status=0 time=0.17ms cost=0.0 pos=(20.02,3.04,-5.00) local=(19.58,-0.09,-5.96) wbirth=(0.44,3.14,0.96) ref=(20.00,3.00) leader=(20.00,0.00) fallbacks=0
[mpc_node-6] [INFO] [1783590354.751731033] [px4_4.mpc_node_4]: [d4] solve: status=0 time=0.15ms cost=0.0 pos=(17.02,0.03,-4.96) local=(20.53,1.08,-5.10) wbirth=(-3.51,-1.05,0.14) ref=(17.00,0.00) leader=(20.00,0.00) fallbacks=0
[mpc_node-2] [INFO] [1783590354.789921528] [px4_0.mpc_node_0]: [d0] solve: status=0 time=0.18ms cost=0.0 pos=(20.04,-0.05,-4.99) local=(19.31,-0.58,-4.99) wbirth=(0.73,0.53,0.00) ref=(20.00,0.00) leader=(20.00,0.00) fallbacks=0
[mpc_node-5] [INFO] [1783590355.705754605] [px4_3.mpc_node_3]: [d3] solve: status=0 time=0.16ms cost=0.0 pos=(22.98,-0.11,-4.95) local=(19.28,0.43,-6.10) wbirth=(3.70,-0.54,1.15) ref=(23.00,0.00) leader=(20.00,0.00) fallbacks=0
[mpc_node-4] [INFO] [1783590355.718315431] [px4_2.mpc_node_2]: [d2] solve: status=0 time=0.18ms cost=0.0 pos=(19.94,-2.93,-5.02) local=(20.57,-0.25,-6.22) wbirth=(-0.63,-2.67,1.20) ref=(20.00,-3.00) leader=(20.00,0.00) fallbacks=0
[mpc_node-3] [INFO] [1783590355.726525756] [px4_1.mpc_node_1]: [d1] solve: status=0 time=0.17ms cost=0.0 pos=(20.02,3.03,-4.98) local=(19.59,-0.10,-5.94) wbirth=(0.44,3.14,0.96) ref=(20.00,3.00) leader=(20.00,0.00) fallbacks=0
[mpc_node-6] [INFO] [1783590355.752359941] [px4_4.mpc_node_4]: [d4] solve: status=0 time=0.17ms cost=0.0 pos=(16.96,0.06,-5.02) local=(20.46,1.10,-5.16) wbirth=(-3.51,-1.05,0.14) ref=(17.00,0.00) leader=(20.00,0.00) fallbacks=0
[mpc_node-2] [INFO] [1783590355.790769523] [px4_0.mpc_node_0]: [d0] solve: status=0 time=0.21ms cost=0.0 pos=(20.09,-0.05,-4.98) local=(19.37,-0.59,-4.98) wbirth=(0.73,0.53,0.00) ref=(20.00,0.00) leader=(20.00,0.00) fallbacks=0
[mpc_node-5] [INFO] [1783590356.705499546] [px4_3.mpc_node_3]: [d3] solve: status=0 time=0.20ms cost=0.0 pos=(23.00,-0.05,-5.04) local=(19.30,0.49,-6.19) wbirth=(3.70,-0.54,1.15) ref=(23.00,0.00) leader=(20.00,0.00) fallbacks=0
[mpc_node-4] [INFO] [1783590356.717345163] [px4_2.mpc_node_2]: [d2] solve: status=0 time=0.16ms cost=0.0 pos=(19.95,-2.93,-4.99) local=(20.58,-0.25,-6.19) wbirth=(-0.63,-2.67,1.20) ref=(20.00,-3.00) leader=(20.00,0.00) fallbacks=0
[mpc_node-3] [INFO] [1783590356.725177626] [px4_1.mpc_node_1]: [d1] solve: status=0 time=0.14ms cost=0.0 pos=(20.04,3.00,-5.00) local=(19.60,-0.13,-5.96) wbirth=(0.44,3.14,0.96) ref=(20.00,3.00) leader=(20.00,0.00) fallbacks=0
[mpc_node-6] [INFO] [1783590356.751358915] [px4_4.mpc_node_4]: [d4] solve: status=0 time=0.17ms cost=0.0 pos=(16.93,0.04,-5.01) local=(20.44,1.08,-5.15) wbirth=(-3.51,-1.05,0.14) ref=(17.00,0.00) leader=(20.00,0.00) fallbacks=0
[mpc_node-2] [INFO] [1783590356.789482143] [px4_0.mpc_node_0]: [d0] solve: status=0 time=0.17ms cost=0.0 pos=(20.10,0.03,-5.03) local=(19.38,-0.51,-5.03) wbirth=(0.73,0.53,0.00) ref=(20.00,0.00) leader=(20.00,0.00) fallbacks=0
[mpc_node-5] [INFO] [1783590357.705327564] [px4_3.mpc_node_3]: [d3] solve: status=0 time=0.14ms cost=0.0 pos=(23.07,-0.06,-5.00) local=(19.37,0.48,-6.15) wbirth=(3.70,-0.54,1.15) ref=(23.00,0.00) leader=(20.00,0.00) fallbacks=0
[mpc_node-4] [INFO] [1783590357.717728206] [px4_2.mpc_node_2]: [d2] solve: status=0 time=0.17ms cost=0.0 pos=(19.98,-2.90,-4.96) local=(20.61,-0.22,-6.16) wbirth=(-0.63,-2.67,1.20) ref=(20.00,-3.00) leader=(20.00,0.00) fallbacks=0
[mpc_node-3] [INFO] [1783590357.726183135] [px4_1.mpc_node_1]: [d1] solve: status=0 time=0.17ms cost=0.0 pos=(20.08,2.96,-5.01) local=(19.64,-0.17,-5.97) wbirth=(0.44,3.14,0.96) ref=(20.00,3.00) leader=(20.00,0.00) fallbacks=0
[mpc_node-6] [INFO] [1783590357.751600098] [px4_4.mpc_node_4]: [d4] solve: status=0 time=0.14ms cost=0.0 pos=(17.01,0.01,-4.95) local=(20.52,1.06,-5.09) wbirth=(-3.51,-1.05,0.14) ref=(17.00,0.00) leader=(20.00,0.00) fallbacks=0
[mpc_node-2] [INFO] [1783590357.790225781] [px4_0.mpc_node_0]: [d0] solve: status=0 time=0.15ms cost=0.0 pos=(19.97,0.08,-5.03) local=(19.24,-0.46,-5.03) wbirth=(0.73,0.53,0.00) ref=(20.00,0.00) leader=(20.00,0.00) fallbacks=0
[mpc_node-5] [INFO] [1783590358.705562829] [px4_3.mpc_node_3]: [d3] solve: status=0 time=0.17ms cost=0.0 pos=(23.06,0.04,-4.97) local=(19.36,0.58,-6.11) wbirth=(3.70,-0.54,1.15) ref=(23.00,0.00) leader=(20.00,0.00) fallbacks=0
[mpc_node-4] [INFO] [1783590358.717142491] [px4_2.mpc_node_2]: [d2] solve: status=0 time=0.17ms cost=0.0 pos=(20.00,-3.01,-4.99) local=(20.62,-0.34,-6.19) wbirth=(-0.63,-2.67,1.20) ref=(20.00,-3.00) leader=(20.00,0.00) fallbacks=0
[mpc_node-3] [INFO] [1783590358.724975742] [px4_1.mpc_node_1]: [d1] solve: status=0 time=0.17ms cost=0.0 pos=(20.03,2.98,-4.96) local=(19.59,-0.16,-5.92) wbirth=(0.44,3.14,0.96) ref=(20.00,3.00) leader=(20.00,0.00) fallbacks=0
[mpc_node-6] [INFO] [1783590358.752494020] [px4_4.mpc_node_4]: [d4] solve: status=0 time=0.20ms cost=0.0 pos=(17.09,-0.05,-4.99) local=(20.59,1.00,-5.13) wbirth=(-3.51,-1.05,0.14) ref=(17.00,0.00) leader=(20.00,0.00) fallbacks=0
[mpc_node-2] [INFO] [1783590358.790144278] [px4_0.mpc_node_0]: [d0] solve: status=0 time=0.18ms cost=0.0 pos=(20.02,0.09,-5.05) local=(19.30,-0.45,-5.05) wbirth=(0.73,0.53,0.00) ref=(20.00,0.00) leader=(20.00,0.00) fallbacks=0
[mpc_node-5] [INFO] [1783590359.705132971] [px4_3.mpc_node_3]: [d3] solve: status=0 time=0.14ms cost=0.0 pos=(23.06,0.07,-5.04) local=(19.35,0.61,-6.19) wbirth=(3.70,-0.54,1.15) ref=(23.00,0.00) leader=(20.00,0.00) fallbacks=0
[mpc_node-4] [INFO] [1783590359.717346194] [px4_2.mpc_node_2]: [d2] solve: status=0 time=0.17ms cost=0.0 pos=(20.04,-3.11,-5.00) local=(20.67,-0.44,-6.20) wbirth=(-0.63,-2.67,1.20) ref=(20.00,-3.00) leader=(20.00,0.00) fallbacks=0
[mpc_node-3] [INFO] [1783590359.724809062] [px4_1.mpc_node_1]: [d1] solve: status=0 time=0.17ms cost=0.0 pos=(19.95,3.06,-4.99) local=(19.51,-0.07,-5.95) wbirth=(0.44,3.14,0.96) ref=(20.00,3.00) leader=(20.00,0.00) fallbacks=0
[mpc_node-6] [INFO] [1783590359.752296963] [px4_4.mpc_node_4]: [d4] solve: status=0 time=0.17ms cost=0.0 pos=(17.08,-0.09,-5.00) local=(20.58,0.96,-5.14) wbirth=(-3.51,-1.05,0.14) ref=(17.00,0.00) leader=(20.00,0.00) fallbacks=0
[mpc_node-2] [INFO] [1783590359.789697684] [px4_0.mpc_node_0]: [d0] solve: status=0 time=0.15ms cost=0.0 pos=(20.05,0.07,-4.96) local=(19.33,-0.47,-4.96) wbirth=(0.73,0.53,0.00) ref=(20.00,0.00) leader=(20.00,0.00) fallbacks=0
[mpc_node-5] [INFO] [1783590360.705459385] [px4_3.mpc_node_3]: [d3] solve: status=0 time=0.14ms cost=0.0 pos=(22.98,0.06,-5.02) local=(19.28,0.60,-6.16) wbirth=(3.70,-0.54,1.15) ref=(23.00,0.00) leader=(20.00,0.00) fallbacks=0
[mpc_node-4] [INFO] [1783590360.717582361] [px4_2.mpc_node_2]: [d2] solve: status=0 time=0.15ms cost=0.0 pos=(19.98,-3.10,-5.00) local=(20.61,-0.42,-6.20) wbirth=(-0.63,-2.67,1.20) ref=(20.00,-3.00) leader=(20.00,0.00) fallbacks=0
[mpc_node-3] [INFO] [1783590360.725009400] [px4_1.mpc_node_1]: [d1] solve: status=0 time=0.18ms cost=0.0 pos=(19.93,3.06,-4.93) local=(19.49,-0.08,-5.90) wbirth=(0.44,3.14,0.96) ref=(20.00,3.00) leader=(20.00,0.00) fallbacks=0
[mpc_node-6] [INFO] [1783590360.752334702] [px4_4.mpc_node_4]: [d4] solve: status=0 time=0.17ms cost=0.0 pos=(17.00,-0.07,-5.00) local=(20.51,0.98,-5.14) wbirth=(-3.51,-1.05,0.14) ref=(17.00,0.00) leader=(20.00,0.00) fallbacks=0
[mpc_node-2] [INFO] [1783590360.789243755] [px4_0.mpc_node_0]: [d0] solve: status=0 time=0.14ms cost=0.0 pos=(20.00,0.00,-5.00) local=(19.27,-0.53,-5.00) wbirth=(0.73,0.53,0.00) ref=(20.00,0.00) leader=(20.00,0.00) fallbacks=0
[mpc_node-5] [INFO] [1783590361.705527035] [px4_3.mpc_node_3]: [d3] solve: status=0 time=0.20ms cost=0.0 pos=(23.02,0.06,-4.98) local=(19.32,0.60,-6.12) wbirth=(3.70,-0.54,1.15) ref=(23.00,0.00) leader=(20.00,0.00) fallbacks=0
[mpc_node-4] [INFO] [1783590361.717581229] [px4_2.mpc_node_2]: [d2] solve: status=0 time=0.20ms cost=0.0 pos=(20.06,-3.03,-5.04) local=(20.69,-0.35,-6.24) wbirth=(-0.63,-2.67,1.20) ref=(20.00,-3.00) leader=(20.00,0.00) fallbacks=0
[mpc_node-3] [INFO] [1783590361.724775049] [px4_1.mpc_node_1]: [d1] solve: status=0 time=0.14ms cost=0.0 pos=(19.98,3.03,-4.94) local=(19.55,-0.11,-5.90) wbirth=(0.44,3.14,0.96) ref=(20.00,3.00) leader=(20.00,0.00) fallbacks=0
[mpc_node-6] [INFO] [1783590361.751947253] [px4_4.mpc_node_4]: [d4] solve: status=0 time=0.15ms cost=0.0 pos=(16.94,-0.04,-4.98) local=(20.45,1.01,-5.12) wbirth=(-3.51,-1.05,0.14) ref=(17.00,0.00) leader=(20.00,0.00) fallbacks=0
[mpc_node-2] [INFO] [1783590361.789477184] [px4_0.mpc_node_0]: [d0] solve: status=0 time=0.18ms cost=0.0 pos=(19.94,-0.05,-4.97) local=(19.22,-0.58,-4.97) wbirth=(0.73,0.53,0.00) ref=(20.00,0.00) leader=(20.00,0.00) fallbacks=0
[mpc_node-5] [INFO] [1783590362.705572685] [px4_3.mpc_node_3]: [d3] solve: status=0 time=0.18ms cost=0.0 pos=(22.98,-0.00,-5.03) local=(19.28,0.54,-6.17) wbirth=(3.70,-0.54,1.15) ref=(23.00,0.00) leader=(20.00,0.00) fallbacks=0
[mpc_node-4] [INFO] [1783590362.717525052] [px4_2.mpc_node_2]: [d2] solve: status=0 time=0.14ms cost=0.0 pos=(20.08,-2.92,-5.00) local=(20.71,-0.25,-6.21) wbirth=(-0.63,-2.67,1.20) ref=(20.00,-3.00) leader=(20.00,0.00) fallbacks=0
[mpc_node-3] [INFO] [1783590362.726536630] [px4_1.mpc_node_1]: [d1] solve: status=0 time=0.16ms cost=0.0 pos=(20.07,2.95,-5.00) local=(19.64,-0.18,-5.96) wbirth=(0.44,3.14,0.96) ref=(20.00,3.00) leader=(20.00,0.00) fallbacks=0
[mpc_node-6] [INFO] [1783590362.752729452] [px4_4.mpc_node_4]: [d4] solve: status=0 time=0.18ms cost=0.0 pos=(16.92,0.01,-4.98) local=(20.43,1.06,-5.12) wbirth=(-3.51,-1.05,0.14) ref=(17.00,0.00) leader=(20.00,0.00) fallbacks=0
[mpc_node-2] [INFO] [1783590362.789666565] [px4_0.mpc_node_0]: [d0] solve: status=0 time=0.17ms cost=0.0 pos=(20.00,-0.10,-5.00) local=(19.27,-0.63,-5.00) wbirth=(0.73,0.53,0.00) ref=(20.00,0.00) leader=(20.00,0.00) fallbacks=0
[mpc_node-5] [INFO] [1783590363.705144174] [px4_3.mpc_node_3]: [d3] solve: status=0 time=0.14ms cost=0.0 pos=(23.02,-0.06,-5.00) local=(19.32,0.48,-6.14) wbirth=(3.70,-0.54,1.15) ref=(23.00,0.00) leader=(20.00,0.00) fallbacks=0
[mpc_node-4] [INFO] [1783590363.717838008] [px4_2.mpc_node_2]: [d2] solve: status=0 time=0.17ms cost=0.0 pos=(20.03,-2.92,-5.05) local=(20.65,-0.25,-6.25) wbirth=(-0.63,-2.67,1.20) ref=(20.00,-3.00) leader=(20.00,0.00) fallbacks=0
[mpc_node-3] [INFO] [1783590363.725093960] [px4_1.mpc_node_1]: [d1] solve: status=0 time=0.14ms cost=0.0 pos=(20.04,2.98,-4.98) local=(19.60,-0.15,-5.94) wbirth=(0.44,3.14,0.96) ref=(20.00,3.00) leader=(20.00,0.00) fallbacks=0
[mpc_node-6] [INFO] [1783590363.751741261] [px4_4.mpc_node_4]: [d4] solve: status=0 time=0.17ms cost=0.0 pos=(16.99,0.04,-5.07) local=(20.49,1.09,-5.22) wbirth=(-3.51,-1.05,0.14) ref=(17.00,0.00) leader=(20.00,0.00) fallbacks=0
[mpc_node-2] [INFO] [1783590363.789718384] [px4_0.mpc_node_0]: [d0] solve: status=0 time=0.17ms cost=0.0 pos=(19.96,-0.08,-5.02) local=(19.24,-0.62,-5.02) wbirth=(0.73,0.53,0.00) ref=(20.00,0.00) leader=(20.00,0.00) fallbacks=0
[mpc_node-5] [INFO] [1783590364.705239102] [px4_3.mpc_node_3]: [d3] solve: status=0 time=0.14ms cost=0.0 pos=(23.01,-0.05,-4.99) local=(19.31,0.49,-6.14) wbirth=(3.70,-0.54,1.15) ref=(23.00,0.00) leader=(20.00,0.00) fallbacks=0
[mpc_node-4] [INFO] [1783590364.717120190] [px4_2.mpc_node_2]: [d2] solve: status=0 time=0.14ms cost=0.0 pos=(19.91,-2.95,-5.02) local=(20.54,-0.28,-6.22) wbirth=(-0.63,-2.67,1.20) ref=(20.00,-3.00) leader=(20.00,0.00) fallbacks=0
[mpc_node-3] [INFO] [1783590364.725235575] [px4_1.mpc_node_1]: [d1] solve: status=0 time=0.17ms cost=0.0 pos=(19.98,2.98,-5.03) local=(19.55,-0.15,-5.99) wbirth=(0.44,3.14,0.96) ref=(20.00,3.00) leader=(20.00,0.00) fallbacks=0
[mpc_node-6] [INFO] [1783590364.751280034] [px4_4.mpc_node_4]: [d4] solve: status=0 time=0.14ms cost=0.0 pos=(16.99,0.06,-5.04) local=(20.49,1.11,-5.18) wbirth=(-3.51,-1.05,0.14) ref=(17.00,0.00) leader=(20.00,0.00) fallbacks=0
[mpc_node-2] [INFO] [1783590364.789963847] [px4_0.mpc_node_0]: [d0] solve: status=0 time=0.14ms cost=0.0 pos=(19.85,-0.02,-4.99) local=(19.13,-0.56,-4.99) wbirth=(0.73,0.53,0.00) ref=(20.00,0.00) leader=(20.00,0.00) fallbacks=0
[mpc_node-5] [INFO] [1783590365.705519324] [px4_3.mpc_node_3]: [d3] solve: status=0 time=0.20ms cost=0.0 pos=(23.02,-0.03,-5.01) local=(19.32,0.51,-6.16) wbirth=(3.70,-0.54,1.15) ref=(23.00,0.00) leader=(20.00,0.00) fallbacks=0
[mpc_node-4] [INFO] [1783590365.717463078] [px4_2.mpc_node_2]: [d2] solve: status=0 time=0.16ms cost=0.0 pos=(19.92,-3.01,-4.98) local=(20.55,-0.33,-6.18) wbirth=(-0.63,-2.67,1.20) ref=(20.00,-3.00) leader=(20.00,0.00) fallbacks=0
[mpc_node-3] [INFO] [1783590365.726554087] [px4_1.mpc_node_1]: [d1] solve: status=0 time=0.17ms cost=0.0 pos=(19.98,2.90,-5.06) local=(19.54,-0.23,-6.02) wbirth=(0.44,3.14,0.96) ref=(20.00,3.00) leader=(20.00,0.00) fallbacks=0
[mpc_node-6] [INFO] [1783590365.752345385] [px4_4.mpc_node_4]: [d4] solve: status=0 time=0.17ms cost=0.0 pos=(16.93,0.06,-5.01) local=(20.44,1.10,-5.15) wbirth=(-3.51,-1.05,0.14) ref=(17.00,0.00) leader=(20.00,0.00) fallbacks=0
[mpc_node-2] [INFO] [1783590365.790528888] [px4_0.mpc_node_0]: [d0] solve: status=0 time=0.25ms cost=0.0 pos=(19.89,0.05,-5.01) local=(19.17,-0.49,-5.01) wbirth=(0.73,0.53,0.00) ref=(20.00,0.00) leader=(20.00,0.00) fallbacks=0
[mpc_node-5] [INFO] [1783590366.705569808] [px4_3.mpc_node_3]: [d3] solve: status=0 time=0.20ms cost=0.0 pos=(23.03,-0.05,-5.01) local=(19.33,0.49,-6.15) wbirth=(3.70,-0.54,1.15) ref=(23.00,0.00) leader=(20.00,0.00) fallbacks=0
[mpc_node-4] [INFO] [1783590366.717536733] [px4_2.mpc_node_2]: [d2] solve: status=0 time=0.17ms cost=0.1 pos=(19.90,-3.12,-4.95) local=(20.53,-0.44,-6.15) wbirth=(-0.63,-2.67,1.20) ref=(20.00,-3.00) leader=(20.00,0.00) fallbacks=0
[mpc_node-3] [INFO] [1783590366.724994133] [px4_1.mpc_node_1]: [d1] solve: status=0 time=0.18ms cost=0.0 pos=(19.96,2.93,-5.03) local=(19.53,-0.20,-5.99) wbirth=(0.44,3.14,0.96) ref=(20.00,3.00) leader=(20.00,0.00) fallbacks=0
[mpc_node-6] [INFO] [1783590366.752507055] [px4_4.mpc_node_4]: [d4] solve: status=0 time=0.17ms cost=0.0 pos=(16.98,0.03,-5.03) local=(20.49,1.08,-5.17) wbirth=(-3.51,-1.05,0.14) ref=(17.00,0.00) leader=(20.00,0.00) fallbacks=0
[mpc_node-2] [INFO] [1783590366.789975925] [px4_0.mpc_node_0]: [d0] solve: status=0 time=0.17ms cost=0.0 pos=(20.03,0.07,-4.96) local=(19.30,-0.46,-4.96) wbirth=(0.73,0.53,0.00) ref=(20.00,0.00) leader=(20.00,0.00) fallbacks=0
[mpc_node-5] [INFO] [1783590367.705318107] [px4_3.mpc_node_3]: [d3] solve: status=0 time=0.17ms cost=0.0 pos=(23.01,-0.01,-5.02) local=(19.30,0.53,-6.16) wbirth=(3.70,-0.54,1.15) ref=(23.00,0.00) leader=(20.00,0.00) fallbacks=0
[mpc_node-4] [INFO] [1783590367.717210304] [px4_2.mpc_node_2]: [d2] solve: status=0 time=0.16ms cost=0.0 pos=(19.91,-3.09,-4.95) local=(20.54,-0.41,-6.15) wbirth=(-0.63,-2.67,1.20) ref=(20.00,-3.00) leader=(20.00,0.00) fallbacks=0
[mpc_node-3] [INFO] [1783590367.724867460] [px4_1.mpc_node_1]: [d1] solve: status=0 time=0.14ms cost=0.0 pos=(20.00,2.97,-5.02) local=(19.57,-0.16,-5.98) wbirth=(0.44,3.14,0.96) ref=(20.00,3.00) leader=(20.00,0.00) fallbacks=0
[mpc_node-6] [INFO] [1783590367.751297492] [px4_4.mpc_node_4]: [d4] solve: status=0 time=0.15ms cost=0.0 pos=(17.04,0.02,-5.07) local=(20.55,1.07,-5.21) wbirth=(-3.51,-1.05,0.14) ref=(17.00,0.00) leader=(20.00,0.00) fallbacks=0
[mpc_node-2] [INFO] [1783590367.790818234] [px4_0.mpc_node_0]: [d0] solve: status=0 time=0.18ms cost=0.0 pos=(20.12,0.08,-5.00) local=(19.39,-0.45,-5.00) wbirth=(0.73,0.53,0.00) ref=(20.00,0.00) leader=(20.00,0.00) fallbacks=0
[mpc_node-5] [INFO] [1783590368.706535214] [px4_3.mpc_node_3]: [d3] solve: status=0 time=0.25ms cost=0.0 pos=(22.96,0.04,-5.00) local=(19.26,0.58,-6.14) wbirth=(3.70,-0.54,1.15) ref=(23.00,0.00) leader=(20.00,0.00) fallbacks=0
[mpc_node-4] [INFO] [1783590368.717524025] [px4_2.mpc_node_2]: [d2] solve: status=0 time=0.17ms cost=0.0 pos=(19.95,-3.05,-5.02) local=(20.58,-0.38,-6.22) wbirth=(-0.63,-2.67,1.20) ref=(20.00,-3.00) leader=(20.00,0.00) fallbacks=0
[mpc_node-3] [INFO] [1783590368.726789197] [px4_1.mpc_node_1]: [d1] solve: status=0 time=0.17ms cost=0.0 pos=(20.02,3.04,-5.02) local=(19.59,-0.10,-5.98) wbirth=(0.44,3.14,0.96) ref=(20.00,3.00) leader=(20.00,0.00) fallbacks=0
[mpc_node-6] [INFO] [1783590368.751405075] [px4_4.mpc_node_4]: [d4] solve: status=0 time=0.17ms cost=0.0 pos=(17.05,0.01,-4.97) local=(20.56,1.06,-5.11) wbirth=(-3.51,-1.05,0.14) ref=(17.00,0.00) leader=(20.00,0.00) fallbacks=0
[mpc_node-2] [INFO] [1783590368.789544151] [px4_0.mpc_node_0]: [d0] solve: status=0 time=0.18ms cost=0.0 pos=(20.12,0.04,-5.02) local=(19.40,-0.50,-5.02) wbirth=(0.73,0.53,0.00) ref=(20.00,0.00) leader=(20.00,0.00) fallbacks=0
[mpc_node-5] [INFO] [1783590369.705459334] [px4_3.mpc_node_3]: [d3] solve: status=0 time=0.23ms cost=0.0 pos=(23.00,0.13,-4.96) local=(19.30,0.67,-6.11) wbirth=(3.70,-0.54,1.15) ref=(23.00,0.00) leader=(20.00,0.00) fallbacks=0
[mpc_node-4] [INFO] [1783590369.717122241] [px4_2.mpc_node_2]: [d2] solve: status=0 time=0.17ms cost=0.0 pos=(20.08,-3.01,-4.99) local=(20.71,-0.34,-6.20) wbirth=(-0.63,-2.67,1.20) ref=(20.00,-3.00) leader=(20.00,0.00) fallbacks=0
[mpc_node-3] [INFO] [1783590369.724664120] [px4_1.mpc_node_1]: [d1] solve: status=0 time=0.14ms cost=0.0 pos=(20.08,3.07,-4.97) local=(19.64,-0.07,-5.93) wbirth=(0.44,3.14,0.96) ref=(20.00,3.00) leader=(20.00,0.00) fallbacks=0
[mpc_node-6] [INFO] [1783590369.752484686] [px4_4.mpc_node_4]: [d4] solve: status=0 time=0.17ms cost=0.0 pos=(17.07,0.02,-4.97) local=(20.57,1.07,-5.11) wbirth=(-3.51,-1.05,0.14) ref=(17.00,0.00) leader=(20.00,0.00) fallbacks=0
[mpc_node-2] [INFO] [1783590369.789807506] [px4_0.mpc_node_0]: [d0] solve: status=0 time=0.26ms cost=0.0 pos=(20.11,-0.08,-4.98) local=(19.38,-0.62,-4.98) wbirth=(0.73,0.53,0.00) ref=(20.00,0.00) leader=(20.00,0.00) fallbacks=0
[mpc_node-5] [INFO] [1783590370.705710467] [px4_3.mpc_node_3]: [d3] solve: status=0 time=0.20ms cost=0.0 pos=(23.01,0.16,-4.98) local=(19.31,0.70,-6.12) wbirth=(3.70,-0.54,1.15) ref=(23.00,0.00) leader=(20.00,0.00) fallbacks=0
[mpc_node-4] [INFO] [1783590370.717036490] [px4_2.mpc_node_2]: [d2] solve: status=0 time=0.15ms cost=0.1 pos=(20.19,-2.99,-4.98) local=(20.82,-0.32,-6.18) wbirth=(-0.63,-2.67,1.20) ref=(20.00,-3.00) leader=(20.00,0.00) fallbacks=0
[mpc_node-3] [INFO] [1783590370.725492507] [px4_1.mpc_node_1]: [d1] solve: status=0 time=0.15ms cost=0.0 pos=(20.07,3.13,-5.02) local=(19.63,-0.00,-5.98) wbirth=(0.44,3.14,0.96) ref=(20.00,3.00) leader=(20.00,0.00) fallbacks=0
[mpc_node-6] [INFO] [1783590370.751476307] [px4_4.mpc_node_4]: [d4] solve: status=0 time=0.17ms cost=0.0 pos=(17.06,0.00,-5.07) local=(20.56,1.05,-5.21) wbirth=(-3.51,-1.05,0.14) ref=(17.00,0.00) leader=(20.00,0.00) fallbacks=0
[mpc_node-2] [INFO] [1783590370.790045958] [px4_0.mpc_node_0]: [d0] solve: status=0 time=0.17ms cost=0.0 pos=(20.01,-0.06,-4.98) local=(19.28,-0.59,-4.98) wbirth=(0.73,0.53,0.00) ref=(20.00,0.00) leader=(20.00,0.00) fallbacks=0
[mpc_node-5] [INFO] [1783590371.705332671] [px4_3.mpc_node_3]: [d3] solve: status=0 time=0.17ms cost=0.0 pos=(22.99,0.12,-5.04) local=(19.29,0.66,-6.19) wbirth=(3.70,-0.54,1.15) ref=(23.00,0.00) leader=(20.00,0.00) fallbacks=0
[mpc_node-4] [INFO] [1783590371.717479261] [px4_2.mpc_node_2]: [d2] solve: status=0 time=0.22ms cost=0.1 pos=(20.16,-2.94,-5.02) local=(20.79,-0.26,-6.22) wbirth=(-0.63,-2.67,1.20) ref=(20.00,-3.00) leader=(20.00,0.00) fallbacks=0
[mpc_node-3] [INFO] [1783590371.724737686] [px4_1.mpc_node_1]: [d1] solve: status=0 time=0.14ms cost=0.0 pos=(20.00,3.11,-4.95) local=(19.56,-0.02,-5.91) wbirth=(0.44,3.14,0.96) ref=(20.00,3.00) leader=(20.00,0.00) fallbacks=0
[mpc_node-6] [INFO] [1783590371.752488641] [px4_4.mpc_node_4]: [d4] solve: status=0 time=0.18ms cost=0.0 pos=(17.05,-0.07,-4.96) local=(20.56,0.98,-5.10) wbirth=(-3.51,-1.05,0.14) ref=(17.00,0.00) leader=(20.00,0.00) fallbacks=0
[mpc_node-2] [INFO] [1783590371.789713901] [px4_0.mpc_node_0]: [d0] solve: status=0 time=0.15ms cost=0.0 pos=(19.95,-0.00,-5.03) local=(19.22,-0.54,-5.03) wbirth=(0.73,0.53,0.00) ref=(20.00,0.00) leader=(20.00,0.00) fallbacks=0
[mpc_node-5] [INFO] [1783590372.705492905] [px4_3.mpc_node_3]: [d3] solve: status=0 time=0.20ms cost=0.0 pos=(22.98,0.00,-4.97) local=(19.28,0.54,-6.11) wbirth=(3.70,-0.54,1.15) ref=(23.00,0.00) leader=(20.00,0.00) fallbacks=0
[mpc_node-4] [INFO] [1783590372.717393452] [px4_2.mpc_node_2]: [d2] solve: status=0 time=0.17ms cost=0.0 pos=(20.05,-2.94,-4.99) local=(20.68,-0.26,-6.19) wbirth=(-0.63,-2.67,1.20) ref=(20.00,-3.00) leader=(20.00,0.00) fallbacks=0
[mpc_node-3] [INFO] [1783590372.725078497] [px4_1.mpc_node_1]: [d1] solve: status=0 time=0.20ms cost=0.0 pos=(19.94,3.04,-4.95) local=(19.50,-0.10,-5.91) wbirth=(0.44,3.14,0.96) ref=(20.00,3.00) leader=(20.00,0.00) fallbacks=0
[mpc_node-6] [INFO] [1783590372.752370407] [px4_4.mpc_node_4]: [d4] solve: status=0 time=0.20ms cost=0.0 pos=(16.99,-0.09,-5.00) local=(20.49,0.96,-5.14) wbirth=(-3.51,-1.05,0.14) ref=(17.00,0.00) leader=(20.00,0.00) fallbacks=0
[mpc_node-2] [INFO] [1783590372.791160198] [px4_0.mpc_node_0]: [d0] solve: status=0 time=0.15ms cost=0.0 pos=(19.86,0.00,-5.04) local=(19.14,-0.53,-5.04) wbirth=(0.73,0.53,0.00) ref=(20.00,0.00) leader=(20.00,0.00) fallbacks=0
[mpc_node-5] [INFO] [1783590373.705325184] [px4_3.mpc_node_3]: [d3] solve: status=0 time=0.17ms cost=0.1 pos=(22.92,-0.14,-4.98) local=(19.22,0.40,-6.12) wbirth=(3.70,-0.54,1.15) ref=(23.00,0.00) leader=(20.00,0.00) fallbacks=0
[mpc_node-4] [INFO] [1783590373.717338787] [px4_2.mpc_node_2]: [d2] solve: status=0 time=0.17ms cost=0.0 pos=(20.00,-2.94,-5.03) local=(20.63,-0.27,-6.24) wbirth=(-0.63,-2.67,1.20) ref=(20.00,-3.00) leader=(20.00,0.00) fallbacks=0
[mpc_node-3] [INFO] [1783590373.724671351] [px4_1.mpc_node_1]: [d1] solve: status=0 time=0.14ms cost=0.1 pos=(19.88,2.89,-5.03) local=(19.44,-0.24,-5.99) wbirth=(0.44,3.14,0.96) ref=(20.00,3.00) leader=(20.00,0.00) fallbacks=0
[mpc_node-6] [INFO] [1783590373.751815594] [px4_4.mpc_node_4]: [d4] solve: status=0 time=0.15ms cost=0.0 pos=(16.91,-0.07,-4.94) local=(20.42,0.98,-5.08) wbirth=(-3.51,-1.05,0.14) ref=(17.00,0.00) leader=(20.00,0.00) fallbacks=0
[mpc_node-2] [INFO] [1783590373.789533759] [px4_0.mpc_node_0]: [d0] solve: status=0 time=0.15ms cost=0.0 pos=(19.85,-0.01,-5.08) local=(19.13,-0.54,-5.08) wbirth=(0.73,0.53,0.00) ref=(20.00,0.00) leader=(20.00,0.00) fallbacks=0
[mpc_node-5] [INFO] [1783590374.706284947] [px4_3.mpc_node_3]: [d3] solve: status=0 time=0.17ms cost=0.1 pos=(22.96,-0.16,-5.01) local=(19.26,0.38,-6.15) wbirth=(3.70,-0.54,1.15) ref=(23.00,0.00) leader=(20.00,0.00) fallbacks=0
[mpc_node-4] [INFO] [1783590374.717231694] [px4_2.mpc_node_2]: [d2] solve: status=0 time=0.16ms cost=0.0 pos=(19.90,-2.97,-5.01) local=(20.53,-0.29,-6.22) wbirth=(-0.63,-2.67,1.20) ref=(20.00,-3.00) leader=(20.00,0.00) fallbacks=0
[mpc_node-3] [INFO] [1783590374.724840393] [px4_1.mpc_node_1]: [d1] solve: status=0 time=0.14ms cost=0.1 pos=(19.91,2.86,-5.03) local=(19.47,-0.28,-5.99) wbirth=(0.44,3.14,0.96) ref=(20.00,3.00) leader=(20.00,0.00) fallbacks=0
[mpc_node-6] [INFO] [1783590374.751384845] [px4_4.mpc_node_4]: [d4] solve: status=0 time=0.15ms cost=0.0 pos=(16.90,-0.07,-4.99) local=(20.41,0.98,-5.13) wbirth=(-3.51,-1.05,0.14) ref=(17.00,0.00) leader=(20.00,0.00) fallbacks=0
[mpc_node-2] [INFO] [1783590374.790662378] [px4_0.mpc_node_0]: [d0] solve: status=0 time=0.14ms cost=0.0 pos=(19.93,0.00,-5.06) local=(19.21,-0.53,-5.06) wbirth=(0.73,0.53,0.00) ref=(20.00,0.00) leader=(20.00,0.00) fallbacks=0
[mpc_node-5] [INFO] [1783590375.706712757] [px4_3.mpc_node_3]: [d3] solve: status=0 time=0.16ms cost=0.0 pos=(22.97,-0.09,-4.97) local=(19.26,0.45,-6.11) wbirth=(3.70,-0.54,1.15) ref=(23.00,0.00) leader=(20.00,0.00) fallbacks=0
[mpc_node-4] [INFO] [1783590375.717709507] [px4_2.mpc_node_2]: [d2] solve: status=0 time=0.25ms cost=0.0 pos=(19.84,-3.00,-5.02) local=(20.47,-0.32,-6.22) wbirth=(-0.63,-2.67,1.20) ref=(20.00,-3.00) leader=(20.00,0.00) fallbacks=0
[mpc_node-3] [INFO] [1783590375.726447933] [px4_1.mpc_node_1]: [d1] solve: status=0 time=0.17ms cost=0.0 pos=(19.95,2.89,-5.00) local=(19.51,-0.24,-5.96) wbirth=(0.44,3.14,0.96) ref=(20.00,3.00) leader=(20.00,0.00) fallbacks=0
[mpc_node-6] [INFO] [1783590375.751368883] [px4_4.mpc_node_4]: [d4] solve: status=0 time=0.18ms cost=0.0 pos=(16.94,-0.00,-5.03) local=(20.45,1.04,-5.17) wbirth=(-3.51,-1.05,0.14) ref=(17.00,0.00) leader=(20.00,0.00) fallbacks=0
[mpc_node-2] [INFO] [1783590375.789888911] [px4_0.mpc_node_0]: [d0] solve: status=0 time=0.14ms cost=0.0 pos=(20.00,0.02,-5.06) local=(19.27,-0.52,-5.06) wbirth=(0.73,0.53,0.00) ref=(20.00,0.00) leader=(20.00,0.00) fallbacks=0
[mpc_node-5] [INFO] [1783590376.706760215] [px4_3.mpc_node_3]: [d3] solve: status=0 time=0.14ms cost=0.0 pos=(23.05,0.01,-4.94) local=(19.35,0.55,-6.08) wbirth=(3.70,-0.54,1.15) ref=(23.00,0.00) leader=(20.00,0.00) fallbacks=0
[mpc_node-4] [INFO] [1783590376.718587232] [px4_2.mpc_node_2]: [d2] solve: status=0 time=0.19ms cost=0.0 pos=(19.91,-3.04,-5.00) local=(20.54,-0.36,-6.21) wbirth=(-0.63,-2.67,1.20) ref=(20.00,-3.00) leader=(20.00,0.00) fallbacks=0
[mpc_node-3] [INFO] [1783590376.727483452] [px4_1.mpc_node_1]: [d1] solve: status=0 time=0.17ms cost=0.0 pos=(20.08,2.99,-4.98) local=(19.65,-0.14,-5.94) wbirth=(0.44,3.14,0.96) ref=(20.00,3.00) leader=(20.00,0.00) fallbacks=0
[mpc_node-6] [INFO] [1783590376.752719410] [px4_4.mpc_node_4]: [d4] solve: status=0 time=0.20ms cost=0.0 pos=(17.06,0.07,-5.03) local=(20.57,1.11,-5.17) wbirth=(-3.51,-1.05,0.14) ref=(17.00,0.00) leader=(20.00,0.00) fallbacks=0
[mpc_node-2] [INFO] [1783590376.790208977] [px4_0.mpc_node_0]: [d0] solve: status=0 time=0.14ms cost=0.0 pos=(20.10,-0.01,-4.98) local=(19.37,-0.54,-4.98) wbirth=(0.73,0.53,0.00) ref=(20.00,0.00) leader=(20.00,0.00) fallbacks=0
[mpc_node-5] [INFO] [1783590377.705719942] [px4_3.mpc_node_3]: [d3] solve: status=0 time=0.14ms cost=0.0 pos=(23.06,0.08,-5.07) local=(19.36,0.62,-6.21) wbirth=(3.70,-0.54,1.15) ref=(23.00,0.00) leader=(20.00,0.00) fallbacks=0
[mpc_node-4] [INFO] [1783590377.717436375] [px4_2.mpc_node_2]: [d2] solve: status=0 time=0.14ms cost=0.0 pos=(19.90,-3.07,-4.95) local=(20.53,-0.39,-6.15) wbirth=(-0.63,-2.67,1.20) ref=(20.00,-3.00) leader=(20.00,0.00) fallbacks=0
[mpc_node-3] [INFO] [1783590377.726491387] [px4_1.mpc_node_1]: [d1] solve: status=0 time=0.14ms cost=0.0 pos=(20.05,3.04,-4.98) local=(19.61,-0.09,-5.94) wbirth=(0.44,3.14,0.96) ref=(20.00,3.00) leader=(20.00,0.00) fallbacks=0
[mpc_node-6] [INFO] [1783590377.751727069] [px4_4.mpc_node_4]: [d4] solve: status=0 time=0.14ms cost=0.1 pos=(17.11,0.12,-5.00) local=(20.61,1.17,-5.14) wbirth=(-3.51,-1.05,0.14) ref=(17.00,0.00) leader=(20.00,0.00) fallbacks=0
[mpc_node-2] [INFO] [1783590377.789728236] [px4_0.mpc_node_0]: [d0] solve: status=0 time=0.15ms cost=0.0 pos=(20.13,0.02,-5.00) local=(19.40,-0.52,-5.00) wbirth=(0.73,0.53,0.00) ref=(20.00,0.00) leader=(20.00,0.00) fallbacks=0
[mpc_node-5] [INFO] [1783590378.706223760] [px4_3.mpc_node_3]: [d3] solve: status=0 time=0.15ms cost=0.0 pos=(23.02,0.10,-4.98) local=(19.32,0.64,-6.13) wbirth=(3.70,-0.54,1.15) ref=(23.00,0.00) leader=(20.00,0.00) fallbacks=0
[mpc_node-4] [INFO] [1783590378.718505351] [px4_2.mpc_node_2]: [d2] solve: status=0 time=0.17ms cost=0.0 pos=(19.98,-3.07,-5.04) local=(20.61,-0.40,-6.25) wbirth=(-0.63,-2.67,1.20) ref=(20.00,-3.00) leader=(20.00,0.00) fallbacks=0
[mpc_node-3] [INFO] [1783590378.725237948] [px4_1.mpc_node_1]: [d1] solve: status=0 time=0.14ms cost=0.0 pos=(20.06,3.06,-5.03) local=(19.62,-0.08,-5.99) wbirth=(0.44,3.14,0.96) ref=(20.00,3.00) leader=(20.00,0.00) fallbacks=0
[mpc_node-6] [INFO] [1783590378.751667718] [px4_4.mpc_node_4]: [d4] solve: status=0 time=0.17ms cost=0.0 pos=(17.06,0.06,-5.00) local=(20.57,1.11,-5.14) wbirth=(-3.51,-1.05,0.14) ref=(17.00,0.00) leader=(20.00,0.00) fallbacks=0
[mpc_node-2] [INFO] [1783590378.790215474] [px4_0.mpc_node_0]: [d0] solve: status=0 time=0.15ms cost=0.0 pos=(20.12,0.04,-4.99) local=(19.39,-0.50,-4.99) wbirth=(0.73,0.53,0.00) ref=(20.00,0.00) leader=(20.00,0.00) fallbacks=0
[mpc_node-5] [INFO] [1783590379.705174217] [px4_3.mpc_node_3]: [d3] solve: status=0 time=0.14ms cost=0.0 pos=(23.03,0.11,-4.99) local=(19.33,0.65,-6.14) wbirth=(3.70,-0.54,1.15) ref=(23.00,0.00) leader=(20.00,0.00) fallbacks=0
[mpc_node-4] [INFO] [1783590379.717978635] [px4_2.mpc_node_2]: [d2] solve: status=0 time=0.24ms cost=0.0 pos=(20.12,-3.07,-5.03) local=(20.75,-0.40,-6.23) wbirth=(-0.63,-2.67,1.20) ref=(20.00,-3.00) leader=(20.00,0.00) fallbacks=0
[mpc_node-3] [INFO] [1783590379.724709682] [px4_1.mpc_node_1]: [d1] solve: status=0 time=0.14ms cost=0.0 pos=(20.10,3.06,-5.06) local=(19.66,-0.08,-6.02) wbirth=(0.44,3.14,0.96) ref=(20.00,3.00) leader=(20.00,0.00) fallbacks=0
[mpc_node-6] [INFO] [1783590379.752102019] [px4_4.mpc_node_4]: [d4] solve: status=0 time=0.18ms cost=0.0 pos=(17.07,-0.03,-5.04) local=(20.57,1.02,-5.18) wbirth=(-3.51,-1.05,0.14) ref=(17.00,0.00) leader=(20.00,0.00) fallbacks=0
[mpc_node-2] [INFO] [1783590379.789708631] [px4_0.mpc_node_0]: [d0] solve: status=0 time=0.20ms cost=0.0 pos=(20.04,0.02,-5.01) local=(19.32,-0.51,-5.01) wbirth=(0.73,0.53,0.00) ref=(20.00,0.00) leader=(20.00,0.00) fallbacks=0
[mpc_node-5] [INFO] [1783590380.706262571] [px4_3.mpc_node_3]: [d3] solve: status=0 time=0.17ms cost=0.0 pos=(23.05,0.07,-4.96) local=(19.35,0.61,-6.10) wbirth=(3.70,-0.54,1.15) ref=(23.00,0.00) leader=(20.00,0.00) fallbacks=0
[mpc_node-4] [INFO] [1783590380.718313624] [px4_2.mpc_node_2]: [d2] solve: status=0 time=0.21ms cost=0.0 pos=(20.07,-3.04,-4.98) local=(20.70,-0.36,-6.19) wbirth=(-0.63,-2.67,1.20) ref=(20.00,-3.00) leader=(20.00,0.00) fallbacks=0
[mpc_node-3] [INFO] [1783590380.727795148] [px4_1.mpc_node_1]: [d1] solve: status=0 time=0.18ms cost=0.0 pos=(20.05,3.03,-5.03) local=(19.61,-0.10,-5.99) wbirth=(0.44,3.14,0.96) ref=(20.00,3.00) leader=(20.00,0.00) fallbacks=0
[mpc_node-6] [INFO] [1783590380.751717851] [px4_4.mpc_node_4]: [d4] solve: status=0 time=0.14ms cost=0.0 pos=(17.03,-0.08,-5.01) local=(20.54,0.96,-5.15) wbirth=(-3.51,-1.05,0.14) ref=(17.00,0.00) leader=(20.00,0.00) fallbacks=0
[mpc_node-2] [INFO] [1783590380.788920351] [px4_0.mpc_node_0]: [d0] solve: status=0 time=0.17ms cost=0.0 pos=(19.99,0.03,-4.98) local=(19.27,-0.50,-4.98) wbirth=(0.73,0.53,0.00) ref=(20.00,0.00) leader=(20.00,0.00) fallbacks=0
