t,d0_x,d0_y,d0_z,d0_zerr,d0_velxy,d0_arm,d0_nav,d0_mpc,d0_solve_ms,d0_fallback,d0_hover,d0_poserr,d0_planratio,d0_clipn,d1_x,d1_y,d1_z,d1_zerr,d1_velxy,d1_arm,d1_nav,d1_mpc,d1_solve_ms,d1_fallback,d1_hover,d1_poserr,d1_planratio,d1_clipn,d2_x,d2_y,d2_z,d2_zerr,d2_velxy,d2_arm,d2_nav,d2_mpc,d2_solve_ms,d2_fallback,d2_hover,d2_poserr,d2_planratio,d2_clipn,d3_x,d3_y,d3_z,d3_zerr,d3_velxy,d3_arm,d3_nav,d3_mpc,d3_solve_ms,d3_fallback,d3_hover,d3_poserr,d3_planratio,d3_clipn,d4_x,d4_y,d4_z,d4_zerr,d4_velxy,d4_arm,d4_nav,d4_mpc,d4_solve_ms,d4_fallback,d4_hover,d4_poserr,d4_planratio,d4_clipn,d5_x,d5_y,d5_z,d5_zerr,d5_velxy,d5_arm,d5_nav,d5_mpc,d5_solve_ms,d5_fallback,d5_hover,d5_poserr,d5_planratio,d5_clipn,d6_x,d6_y,d6_z,d6_zerr,d6_velxy,d6_arm,d6_nav,d6_mpc,d6_solve_ms,d6_fallback,d6_hover,d6_poserr,d6_planratio,d6_clipn,d7_x,d7_y,d7_z,d7_zerr,d7_velxy,d7_arm,d7_nav,d7_mpc,d7_solve_ms,d7_fallback,d7_hover,d7_poserr,d7_planratio,d7_clipn,d8_x,d8_y,d8_z,d8_zerr,d8_velxy,d8_arm,d8_nav,d8_mpc,d8_solve_ms,d8_fallback,d8_hover,d8_poserr,d8_planratio,d8_clipn,min_spacing,formation_max_err,safety_violations,total_fallbacks,max_solve_ms,leader_x,leader_y,leader_vx,leader_vy
1.0,-0.025,0.078,0.109,5.109,0.034,2,14,-1,0.000,0,0,0.000,0.0000,0,-0.079,3.043,-0.187,4.813,0.021,2,14,-1,0.000,0,0,0.000,0.0000,0,-0.082,-3.028,-0.255,4.745,0.044,2,14,0,0.231,0,0,0.060,0.0161,0,2.995,-0.047,0.414,5.414,0.019,2,14,0,0.279,0,0,0.104,0.1036,0,nan,nan,nan,nan,nan,0,0,-1,0.000,0,0,0.000,0.0000,0,nan,nan,nan,nan,nan,0,0,0,0.244,0,0,0.059,0.0354,0,nan,nan,nan,nan,nan,0,0,0,0.264,0,0,0.076,0.0328,0,3.081,-3.151,0.175,5.175,0.051,2,14,0,0.317,0,0,0.026,0.0339,0,-2.788,-3.049,-1.159,3.841,0.008,0,0,0,0.230,0,0,0.076,0.0391,0,2.853,nan,0,0,0.317,0.000,0.000,0.000,0.000
2.0,-0.043,0.073,-0.546,4.454,0.056,2,14,0,0.242,0,0,0.063,0.0232,0,-0.037,3.042,-0.849,4.151,0.077,2,14,0,0.229,0,0,0.047,0.1004,0,0.007,-3.047,-0.898,4.102,0.048,2,14,0,0.238,0,0,0.090,0.0271,0,3.122,-0.052,-0.225,4.775,0.094,2,14,0,0.258,0,1,0.024,0.1036,0,-2.792,0.139,0.004,5.004,0.075,0,0,0,0.287,0,0,0.028,0.0885,0,3.071,3.206,-1.058,3.942,0.083,0,0,0,0.239,0,0,0.007,0.0354,0,-2.847,3.082,-0.351,4.649,0.131,0,0,0,0.467,0,1,0.051,0.0328,0,3.149,-3.154,-0.516,4.484,0.068,2,14,0,0.233,0,0,0.081,0.0339,0,-2.771,-3.071,-1.148,3.852,0.002,2,14,0,0.236,0,0,0.095,0.0391,0,2.790,0.250,0,0,0.467,0.000,0.000,0.000,0.000
3.0,0.000,0.135,-1.634,3.366,0.006,2,14,0,0.295,0,0,0.126,0.0232,0,-0.057,3.088,-1.921,3.079,0.031,2,14,0,0.228,0,0,0.051,0.1004,0,-0.019,-3.028,-2.018,2.982,0.033,2,14,0,0.230,0,0,0.081,0.0271,0,3.178,-0.003,-0.744,4.256,0.024,2,14,0,0.266,0,0,0.101,0.1036,0,-2.727,0.238,-0.583,4.417,0.027,2,14,0,0.397,0,0,0.101,0.0885,0,3.151,3.236,-2.218,2.782,0.033,2,14,0,0.295,0,0,0.081,0.0354,0,-2.742,3.162,-1.002,3.998,0.016,2,14,0,0.268,0,0,0.172,0.0328,0,3.037,-3.059,-1.633,3.367,0.081,2,14,0,0.243,0,0,0.077,0.0339,0,-2.732,-3.042,-1.740,3.260,0.082,2,14,0,0.230,0,0,0.132,0.0391,0,2.727,0.362,0,0,0.397,0.000,0.000,0.000,0.000
4.0,-0.012,0.011,-2.885,2.115,0.097,2,14,0,0.350,0,0,0.008,0.0283,0,-0.007,3.133,-3.219,1.781,0.033,2,14,0,0.281,0,0,0.119,0.1004,0,-0.024,-3.085,-3.242,1.758,0.073,2,14,0,0.291,0,0,0.050,0.0271,0,3.170,-0.044,-2.038,2.962,0.062,2,14,0,0.284,0,0,0.074,0.1036,0,-2.751,0.238,-1.787,3.213,0.023,2,14,0,0.321,0,0,0.086,0.0885,0,3.139,3.212,-3.407,1.593,0.034,2,14,0,0.284,0,0,0.066,0.0354,0,-2.921,3.136,-2.214,2.786,0.126,2,14,0,0.383,0,0,0.043,0.0328,0,2.981,-2.994,-2.871,2.129,0.031,2,14,0,0.450,0,0,0.162,0.0339,0,-2.857,-2.914,-2.777,2.223,0.086,2,14,0,0.311,0,0,0.135,0.0391,0,2.876,0.344,0,0,0.450,0.000,0.000,0.000,0.000
5.0,-0.060,-0.091,-4.166,0.834,0.079,2,14,0,0.180,0,0,0.110,0.0283,0,-0.058,3.093,-4.426,0.574,0.076,2,14,0,0.170,0,0,0.057,0.1004,0,-0.096,-3.138,-4.498,0.502,0.064,2,14,0,0.187,0,0,0.056,0.0271,0,3.131,-0.140,-3.443,1.557,0.080,2,14,0,0.178,0,0,0.084,0.1036,0,-2.834,0.205,-3.137,1.863,0.085,2,14,0,0.287,0,0,0.052,0.0885,0,3.143,3.219,-4.668,0.332,0.024,2,14,0,0.176,0,0,0.069,0.0354,0,-3.035,3.078,-3.579,1.421,0.078,2,14,0,0.251,0,0,0.137,0.0328,0,2.992,-3.081,-4.162,0.838,0.081,2,14,0,0.178,0,0,0.094,0.0339,0,-2.979,-2.951,-4.103,0.897,0.078,2,14,0,0.381,0,0,0.151,0.0391,0,2.914,0.264,0,0,0.381,0.000,0.000,0.000,0.000
6.0,-0.028,-0.039,-4.656,0.344,0.015,2,14,0,0.171,0,0,0.052,0.0283,0,-0.093,3.010,-4.962,0.038,0.083,2,14,0,0.173,0,0,0.035,0.1004,0,-0.087,-3.211,-5.004,-0.004,0.040,2,14,0,0.190,0,0,0.124,0.0271,0,3.071,-0.158,-4.231,0.769,0.043,2,14,0,0.176,0,0,0.098,0.1036,0,-2.956,0.186,-4.211,0.789,0.054,2,14,0,0.179,0,0,0.158,0.0885,0,3.152,3.217,-5.284,-0.284,0.035,2,14,0,0.389,0,0,0.078,0.0354,0,-2.964,3.097,-4.582,0.418,0.050,2,14,0,0.171,0,0,0.067,0.0328,0,3.123,-3.218,-4.667,0.333,0.091,2,14,0,0.181,0,0,0.104,0.0339,0,-2.976,-3.057,-5.173,-0.173,0.090,2,14,0,0.184,0,0,0.113,0.0391,0,2.897,0.265,0,0,0.389,0.000,0.000,0.000,0.000
7.0,-0.103,-0.016,-4.787,0.213,0.012,2,14,0,0.192,0,0,0.088,0.0283,0,-0.040,2.971,-5.199,-0.199,0.030,2,14,0,0.435,0,0,0.085,0.1004,0,-0.165,-3.191,-5.185,-0.185,0.035,2,14,0,0.186,0,0,0.138,0.0271,0,3.103,-0.149,-4.495,0.505,0.031,2,14,0,0.152,0,0,0.085,0.1036,0,-2.997,0.183,-4.471,0.529,0.030,2,14,0,0.224,0,0,0.199,0.0885,0,3.113,3.250,-5.435,-0.435,0.054,2,14,0,0.209,0,0,0.060,0.0354,0,-2.965,3.109,-4.896,0.104,0.047,2,14,0,0.150,0,0,0.067,0.0328,0,3.117,-3.216,-4.782,0.218,0.017,2,14,0,0.154,0,0,0.100,0.0339,0,-2.929,-3.063,-5.718,-0.718,0.079,2,14,0,0.181,0,0,0.068,0.0391,0,2.818,0.275,0,0,0.435,0.000,0.000,0.000,0.000
8.0,-0.102,0.002,-4.890,0.110,0.051,2,14,0,0.190,0,0,0.084,0.0283,0,-0.046,2.971,-5.219,-0.219,0.038,2,14,0,0.176,0,0,0.083,0.1004,0,-0.118,-3.094,-5.308,-0.308,0.082,2,14,0,0.334,0,0,0.045,0.0271,0,3.071,-0.163,-4.570,0.430,0.055,2,14,0,0.173,0,0,0.104,0.1036,0,-2.860,0.162,-4.543,0.457,0.102,2,14,0,0.180,0,0,0.064,0.0885,0,3.084,3.278,-5.574,-0.574,0.045,2,14,0,0.161,0,0,0.076,0.0354,0,-2.927,3.075,-4.928,0.072,0.048,2,14,0,0.204,0,0,0.033,0.0328,0,3.145,-3.249,-4.889,0.111,0.030,2,14,0,0.182,0,0,0.143,0.0339,0,-2.797,-3.101,-5.988,-0.988,0.084,2,14,0,0.186,0,0,0.085,0.0391,0,2.763,0.291,0,0,0.334,0.000,0.000,0.000,0.000
9.0,-0.076,0.035,-4.946,0.054,0.060,2,14,0,0.219,0,0,0.063,0.0283,0,-0.189,2.947,-5.207,-0.207,0.050,2,14,0,0.151,0,0,0.143,0.1004,0,-0.084,-2.996,-5.279,-0.279,0.059,2,14,0,0.149,0,0,0.092,0.0271,0,3.048,-0.107,-4.634,0.366,0.071,2,14,0,0.176,0,0,0.068,0.1036,0,-2.794,0.103,-4.632,0.368,0.072,2,14,0,0.152,0,0,0.063,0.0885,0,3.038,3.179,-5.661,-0.661,0.061,2,14,0,0.262,0,0,0.041,0.0354,0,-2.903,3.056,-5.024,-0.024,0.037,2,14,0,0.182,0,0,0.037,0.0328,0,3.143,-3.218,-4.928,0.072,0.074,2,14,0,0.196,0,0,0.115,0.0339,0,-2.822,-3.145,-6.213,-1.213,0.016,2,14,0,0.213,0,0,0.103,0.0391,0,2.723,0.260,0,0,0.262,0.000,0.000,0.000,0.000
10.0,-0.004,0.007,-4.958,0.042,0.058,2,14,0,0.200,0,0,0.016,0.0283,0,-0.224,3.026,-5.237,-0.237,0.057,2,14,0,0.156,0,0,0.141,0.1004,0,-0.085,-3.003,-5.290,-0.290,0.026,2,14,0,0.185,0,0,0.085,0.0271,0,3.024,0.006,-4.721,0.279,0.057,2,14,0,0.298,0,0,0.103,0.1036,0,-2.707,0.124,-4.690,0.310,0.039,2,14,0,0.178,0,0,0.101,0.0885,0,2.976,3.147,-5.718,-0.718,0.015,2,14,0,0.152,0,0,0.115,0.0354,0,-2.860,3.009,-5.081,-0.081,0.016,2,14,0,0.177,0,0,0.092,0.0328,0,3.166,-3.176,-4.918,0.082,0.087,2,14,0,0.191,0,0,0.106,0.0339,0,-2.886,-3.128,-6.280,-1.280,0.046,2,14,0,0.183,0,0,0.081,0.0391,0,2.641,0.319,0,0,0.298,0.000,0.000,0.000,0.000
11.0,-0.001,-0.070,-4.960,0.040,0.026,2,14,0,0.163,0,0,0.083,0.0283,0,-0.159,3.060,-5.263,-0.263,0.075,2,14,0,0.175,0,0,0.076,0.1004,0,-0.071,-3.086,-5.299,-0.299,0.049,2,14,0,0.155,0,0,0.003,0.0271,0,3.041,-0.022,-4.762,0.238,0.031,2,14,0,0.207,0,0,0.073,0.1036,0,-2.681,0.138,-4.671,0.329,0.030,2,14,0,0.154,0,0,0.121,0.0885,0,2.992,3.119,-5.728,-0.728,0.034,2,14,0,0.375,0,0,0.118,0.0354,0,-2.957,3.016,-5.126,-0.126,0.041,2,14,0,0.172,0,0,0.097,0.0328,0,3.045,-3.132,-4.904,0.096,0.091,2,14,0,0.178,0,0,0.030,0.0339,0,-2.970,-3.052,-6.301,-1.301,0.062,2,14,0,0.218,0,0,0.106,0.0391,0,2.703,0.347,0,0,0.375,0.000,0.000,0.000,0.000
12.0,-0.045,-0.022,-4.985,0.015,0.033,2,14,0,0.179,0,0,0.044,0.0283,0,-0.072,3.078,-5.280,-0.280,0.066,2,14,0,0.148,0,0,0.037,0.1004,0,-0.024,-3.133,-5.261,-0.261,0.032,2,14,0,0.187,0,0,0.068,0.0271,0,3.062,-0.036,-4.719,0.281,0.049,2,14,0,0.148,0,0,0.048,0.1036,0,-2.728,0.150,-4.700,0.300,0.063,2,14,0,0.160,0,0,0.072,0.0885,0,3.064,3.149,-5.680,-0.680,0.071,2,14,0,0.185,0,0,0.056,0.0354,0,-2.943,3.120,-5.132,-0.132,0.051,2,14,0,0.202,0,0,0.050,0.0328,0,3.021,-3.053,-4.955,0.045,0.052,2,14,0,0.215,0,0,0.089,0.0339,0,-2.940,-2.978,-6.369,-1.369,0.054,2,14,0,0.181,0,0,0.105,0.0391,0,2.704,0.310,0,0,0.215,0.000,0.000,0.000,0.000
13.0,-0.054,0.062,-5.025,-0.025,0.034,2,14,0,0.291,0,0,0.061,0.0283,0,-0.045,3.056,-5.298,-0.298,0.029,2,14,0,0.185,0,0,0.041,0.1004,0,0.009,-3.187,-5.359,-0.359,0.025,2,14,0,0.152,0,0,0.130,0.0271,0,3.128,-0.042,-4.782,0.218,0.042,2,14,0,0.185,0,0,0.035,0.1036,0,-2.811,0.184,-4.784,0.216,0.069,2,14,0,0.196,0,0,0.021,0.0885,0,3.098,3.146,-5.662,-0.662,0.058,2,14,0,0.165,0,0,0.064,0.0354,0,-2.900,3.097,-5.096,-0.096,0.024,2,14,0,0.173,0,0,0.004,0.0328,0,2.990,-3.007,-4.945,0.055,0.009,2,14,0,0.181,0,0,0.146,0.0339,0,-2.815,-3.011,-6.371,-1.371,0.058,2,14,0,0.151,0,0,0.062,0.0391,0,2.770,0.264,0,0,0.291,0.000,0.000,0.000,0.000
14.0,-0.010,0.029,-5.022,-0.022,0.038,2,14,0,0.287,0,0,0.020,0.0283,0,-0.033,3.091,-5.333,-0.333,0.004,2,14,0,0.288,0,0,0.070,0.1004,0,-0.047,-3.118,-5.342,-0.342,0.070,2,14,0,0.157,0,0,0.042,0.0271,0,3.181,-0.050,-4.804,0.196,0.026,2,14,0,0.151,0,0,0.082,0.1036,0,-2.850,0.204,-4.755,0.245,0.034,2,14,0,0.158,0,0,0.064,0.0885,0,3.079,3.229,-5.688,-0.688,0.055,2,14,0,0.153,0,0,0.026,0.0354,0,-2.861,3.126,-5.146,-0.146,0.015,2,14,0,0.152,0,0,0.051,0.0328,0,3.006,-3.037,-4.976,0.024,0.064,2,14,0,0.209,0,0,0.112,0.0339,0,-2.858,-3.058,-6.399,-1.399,0.025,2,14,0,0.178,0,0,0.010,0.0391,0,2.834,0.254,0,0,0.288,0.000,0.000,0.000,0.000
15.0,0.044,0.057,-5.021,-0.021,0.019,2,14,0,0.187,0,0,0.076,0.0283,0,-0.061,3.098,-5.297,-0.297,0.045,2,14,0,0.171,0,0,0.060,0.1004,0,-0.062,-3.065,-5.297,-0.297,0.061,2,14,0,0.154,0,0,0.025,0.0271,0,3.136,0.005,-4.704,0.296,0.018,2,14,0,0.188,0,0,0.077,0.1036,0,-2.917,0.177,-4.814,0.186,0.009,2,14,0,0.178,0,0,0.119,0.0885,0,3.095,3.264,-5.672,-0.672,0.025,2,14,0,0.166,0,0,0.065,0.0354,0,-2.884,3.133,-5.150,-0.150,0.018,2,14,0,0.147,0,0,0.042,0.0328,0,3.073,-3.095,-5.065,-0.065,0.081,2,14,0,0.177,0,0,0.031,0.0339,0,-2.822,-3.088,-6.367,-1.367,0.015,2,14,0,0.181,0,0,0.055,0.0391,0,2.827,0.281,0,0,0.188,0.000,0.000,0.000,0.000
16.0,0.035,0.069,-5.008,-0.008,0.032,2,14,0,0.189,0,0,0.081,0.0283,0,-0.097,3.036,-5.233,-0.233,0.045,2,14,0,0.146,0,0,0.015,0.1004,0,-0.168,-3.043,-5.319,-0.319,0.037,2,14,0,0.159,0,0,0.104,0.0271,0,3.128,0.002,-4.759,0.241,0.040,2,14,0,0.205,0,0,0.073,0.1036,0,-2.904,0.244,-4.752,0.248,0.055,2,14,0,0.155,0,0,0.132,0.0885,0,3.107,3.246,-5.675,-0.675,0.015,2,14,0,0.151,0,0,0.055,0.0354,0,-2.928,3.121,-5.172,-0.172,0.024,2,14,0,0.184,0,0,0.038,0.0328,0,3.099,-3.175,-5.007,-0.007,0.058,2,14,0,0.183,0,0,0.055,0.0339,0,-2.774,-3.079,-6.330,-1.330,0.024,2,14,0,0.177,0,0,0.095,0.0391,0,2.795,0.269,0,0,0.205,0.000,0.000,0.000,0.000
17.0,0.026,0.059,-4.976,0.024,0.046,2,14,0,0.208,0,0,0.065,0.0283,0,-0.163,3.032,-5.248,-0.248,0.013,2,14,0,0.158,0,0,0.079,0.1004,0,-0.168,-3.044,-5.327,-0.327,0.034,2,14,0,0.219,0,0,0.104,0.0271,0,3.031,-0.040,-4.721,0.279,0.064,2,14,0,0.154,0,0,0.071,0.1036,0,-2.828,0.165,-4.798,0.202,0.087,2,14,0,0.203,0,0,0.030,0.0885,0,3.127,3.257,-5.680,-0.680,0.016,2,14,0,0.184,0,0,0.074,0.0354,0,-2.945,3.195,-5.185,-0.185,0.015,2,14,0,0.185,0,0,0.110,0.0328,0,3.107,-3.212,-5.055,-0.055,0.013,2,14,0,0.179,0,0,0.093,0.0339,0,-2.829,-2.993,-6.410,-1.410,0.057,2,14,0,0.202,0,0,0.067,0.0391,0,2.787,0.286,0,0,0.219,0.000,0.000,0.000,0.000
18.0,-0.069,0.051,-5.051,-0.051,0.064,2,14,0,0.200,0,0,0.064,0.0283,0,-0.156,3.053,-5.233,-0.233,0.026,2,14,0,0.173,0,0,0.072,0.1004,0,-0.158,-3.127,-5.371,-0.371,0.061,2,14,0,0.180,0,0,0.094,0.0271,0,3.008,-0.101,-4.733,0.267,0.044,2,14,0,0.156,0,0,0.098,0.1036,0,-2.791,0.133,-4.745,0.255,0.058,2,14,0,0.182,0,0,0.033,0.0885,0,3.136,3.221,-5.721,-0.721,0.044,2,14,0,0.187,0,0,0.064,0.0354,0,-2.910,3.180,-5.135,-0.135,0.061,2,14,0,0.178,0,0,0.088,0.0328,0,3.057,-3.142,-5.032,-0.032,0.038,2,14,0,0.149,0,0,0.024,0.0339,0,-2.851,-3.016,-6.384,-1.384,0.025,2,14,0,0.239,0,0,0.038,0.0391,0,2.740,0.260,0,0,0.239,0.000,0.000,0.000,0.000
19.0,-0.089,0.004,-5.015,-0.015,0.048,2,14,0,0.211,0,0,0.068,0.0283,0,-0.176,3.034,-5.268,-0.268,0.041,2,14,0,0.154,0,0,0.092,0.1004,0,-0.042,-3.176,-5.365,-0.365,0.075,2,14,0,0.183,0,0,0.094,0.0271,0,3.032,-0.095,-4.773,0.227,0.037,2,14,0,0.144,0,0,0.074,0.1036,0,-2.777,0.143,-4.793,0.207,0.031,2,14,0,0.251,0,0,0.030,0.0885,0,3.106,3.150,-5.626,-0.626,0.043,2,14,0,0.187,0,0,0.062,0.0354,0,-2.835,3.086,-5.167,-0.167,0.076,2,14,0,0.154,0,0,0.064,0.0328,0,3.061,-3.106,-5.017,-0.017,0.027,2,14,0,0.187,0,0,0.025,0.0339,0,-2.895,-3.085,-6.390,-1.390,0.049,2,14,0,0.154,0,0,0.046,0.0391,0,2.661,0.265,0,0,0.251,0.000,0.000,0.000,0.000
20.0,-0.133,-0.051,-4.982,0.018,0.038,2,14,0,0.178,0,0,0.132,0.0283,0,-0.181,2.985,-5.293,-0.293,0.072,2,14,0,0.181,0,0,0.113,0.1004,0,0.008,-3.144,-5.312,-0.312,0.056,2,14,0,0.221,0,0,0.099,0.0271,0,3.144,-0.049,-4.768,0.232,0.059,2,14,0,0.178,0,0,0.045,0.1036,0,-2.631,0.125,-4.737,0.263,0.017,2,14,0,0.178,0,0,0.172,0.0885,0,3.085,3.176,-5.668,-0.668,0.031,2,14,0,0.162,0,0,0.029,0.0354,0,-2.818,3.065,-5.120,-0.120,0.040,2,14,0,0.170,0,0,0.085,0.0328,0,3.133,-3.111,-5.032,-0.032,0.008,2,14,0,0.177,0,0,0.061,0.0339,0,-2.931,-3.102,-6.363,-1.363,0.014,2,14,0,0.151,0,0,0.084,0.0391,0,2.517,0.389,0,0,0.221,0.000,0.000,0.000,0.000
21.0,-0.062,-0.055,-4.995,0.005,0.068,2,14,0,0.179,0,0,0.081,0.0283,0,-0.033,2.978,-5.304,-0.304,0.096,2,14,0,0.173,0,0,0.083,0.1004,0,0.039,-3.138,-5.365,-0.365,0.046,2,14,0,0.185,0,0,0.123,0.0271,0,3.204,-0.033,-4.804,0.196,0.011,2,14,0,0.173,0,0,0.110,0.1036,0,-2.647,0.145,-4.707,0.293,0.066,2,14,0,0.197,0,0,0.153,0.0885,0,3.046,3.200,-5.721,-0.721,0.033,2,14,0,0.158,0,0,0.029,0.0354,0,-2.831,3.049,-5.103,-0.103,0.046,2,14,0,0.145,0,0,0.082,0.0328,0,3.128,-3.061,-4.975,0.025,0.018,2,14,0,0.178,0,0,0.084,0.0339,0,-2.861,-3.131,-6.380,-1.380,0.026,2,14,0,0.156,0,0,0.081,0.0391,0,2.609,0.381,0,0,0.197,0.000,0.000,0.000,0.000
22.0,0.045,0.035,-5.014,-0.014,0.071,2,14,0,0.153,0,0,0.068,0.0283,0,0.067,3.064,-5.278,-0.278,0.058,2,14,0,0.173,0,0,0.153,0.1004,0,0.019,-3.060,-5.310,-0.310,0.073,2,14,0,0.152,0,0,0.096,0.0271,0,3.140,-0.001,-4.691,0.309,0.039,2,14,0,0.223,0,0,0.077,0.1036,0,-2.743,0.165,-4.746,0.254,0.110,2,14,0,0.191,0,0,0.057,0.0885,0,3.009,3.252,-5.718,-0.718,0.016,2,14,0,0.184,0,0,0.082,0.0354,0,-2.863,3.020,-5.072,-0.072,0.047,2,14,0,0.146,0,0,0.082,0.0328,0,3.070,-3.064,-5.017,-0.017,0.050,2,14,0,0.175,0,0,0.062,0.0339,0,-2.817,-3.045,-6.372,-1.372,0.043,2,14,0,0.216,0,0,0.045,0.0391,0,2.804,0.305,0,0,0.223,0.000,0.000,0.000,0.000
23.0,0.030,0.069,-5.016,-0.016,0.014,2,14,0,0.186,0,0,0.076,0.0283,0,0.030,3.140,-5.363,-0.363,0.047,2,14,0,0.157,0,0,0.149,0.1004,0,-0.107,-3.032,-5.312,-0.312,0.077,2,14,0,0.180,0,0,0.064,0.0271,0,3.001,-0.021,-4.701,0.299,0.049,2,14,0,0.172,0,0,0.105,0.1036,0,-2.894,0.223,-4.787,0.213,0.084,2,14,0,0.160,0,0,0.111,0.0885,0,3.007,3.285,-5.657,-0.657,0.027,2,14,0,0.160,0,0,0.107,0.0354,0,-2.962,3.013,-5.094,-0.094,0.059,2,14,0,0.173,0,0,0.101,0.0328,0,3.033,-3.080,-5.011,-0.011,0.038,2,14,0,1.106,0,0,0.061,0.0339,0,-2.824,-2.951,-6.408,-1.408,0.037,2,14,0,0.178,0,0,0.106,0.0391,0,2.808,0.285,0,0,1.106,0.000,0.000,0.000,0.000
24.0,-0.022,0.067,-4.980,0.020,0.035,2,14,0,0.224,0,0,0.056,0.0283,0,-0.015,3.111,-5.362,-0.362,0.074,2,14,0,0.176,0,0,0.097,0.1004,0,-0.123,-3.056,-5.316,-0.316,0.023,2,14,0,0.158,0,0,0.059,0.0271,0,2.969,-0.067,-4.678,0.322,0.038,2,14,0,0.177,0,0,0.131,0.1036,0,-2.925,0.222,-4.813,0.187,0.026,2,14,0,0.188,0,0,0.138,0.0885,0,3.070,3.209,-5.683,-0.683,0.066,2,14,0,0.222,0,0,0.009,0.0354,0,-3.049,3.048,-5.105,-0.105,0.054,2,14,0,0.147,0,0,0.156,0.0328,0,2.974,-3.121,-4.966,0.034,0.036,2,14,0,0.178,0,0,0.100,0.0339,0,-2.766,-2.958,-6.415,-1.415,0.020,2,14,0,0.190,0,0,0.134,0.0391,0,2.844,0.238,0,0,0.224,0.000,0.000,0.000,0.000
25.0,-0.020,0.000,-4.942,0.058,0.036,2,14,0,0.196,0,0,0.010,0.0283,0,-0.073,3.015,-5.332,-0.332,0.089,2,14,0,0.147,0,0,0.031,0.1004,0,-0.078,-3.048,-5.324,-0.324,0.023,2,14,0,0.181,0,0,0.039,0.0271,0,3.081,-0.113,-4.712,0.288,0.061,2,14,0,0.177,0,0,0.053,0.1036,0,-2.933,0.144,-4.803,0.197,0.058,2,14,0,0.185,0,0,0.137,0.0885,0,3.037,3.147,-5.691,-0.691,0.036,2,14,0,0.182,0,0,0.067,0.0354,0,-3.022,3.102,-5.123,-0.123,0.070,2,14,0,0.181,0,0,0.122,0.0328,0,2.989,-3.148,-4.975,0.025,0.052,2,14,0,0.178,0,0,0.089,0.0339,0,-2.840,-3.049,-6.415,-1.415,0.073,2,14,0,0.187,0,0,0.026,0.0391,0,2.919,0.167,0,0,0.196,0.000,0.000,0.000,0.000
26.0,0.010,-0.046,-5.039,-0.039,0.023,2,14,0,0.159,0,0,0.064,0.0283,0,-0.132,2.934,-5.337,-0.337,0.048,2,14,0,0.204,0,0,0.119,0.1004,0,-0.074,-3.041,-5.329,-0.329,0.024,2,14,0,0.159,0,0,0.046,0.0271,0,3.147,-0.126,-4.740,0.260,0.048,2,14,0,0.212,0,0,0.076,0.1036,0,-2.863,0.043,-4.827,0.173,0.074,2,14,0,0.163,0,0,0.139,0.0885,0,3.056,3.130,-5.712,-0.712,0.033,2,14,0,0.190,0,0,0.076,0.0354,0,-3.024,3.138,-5.080,-0.080,0.083,2,14,0,0.174,0,0,0.135,0.0328,0,3.067,-3.171,-5.031,-0.031,0.063,2,14,0,0.152,0,0,0.046,0.0339,0,-2.939,-3.083,-6.353,-1.353,0.055,2,14,0,0.156,0,0,0.081,0.0391,0,2.883,0.193,0,0,0.212,0.000,0.000,0.000,0.000
27.0,-0.012,-0.017,-5.005,-0.005,0.024,2,14,0,0.192,0,0,0.031,0.0283,0,-0.192,2.934,-5.334,-0.334,0.035,2,14,0,0.209,0,0,0.154,0.1004,0,-0.116,-3.042,-5.363,-0.363,0.026,2,14,0,0.182,0,0,0.061,0.0271,0,3.204,-0.135,-4.766,0.234,0.032,2,14,0,0.189,0,0,0.126,0.1036,0,-2.801,0.045,-4.756,0.244,0.089,2,14,0,0.183,0,0,0.122,0.0885,0,3.062,3.113,-5.651,-0.651,0.044,2,14,0,0.176,0,0,0.092,0.0354,0,-2.815,3.142,-5.159,-0.159,0.107,2,14,0,0.172,0,0,0.095,0.0328,0,3.062,-3.204,-4.996,0.004,0.032,2,14,0,0.156,0,0,0.081,0.0339,0,-2.950,-3.056,-6.403,-1.403,0.003,2,14,0,0.173,0,0,0.086,0.0391,0,2.637,0.245,0,0,0.209,0.000,0.000,0.000,0.000
28.0,-0.011,0.058,-4.987,0.013,0.031,2,14,0,0.223,0,0,0.045,0.0283,0,-0.185,2.953,-5.275,-0.275,0.073,2,14,0,0.174,0,0,0.137,0.1004,0,-0.159,-3.112,-5.342,-0.342,0.047,2,14,0,0.155,0,0,0.089,0.0271,0,3.149,-0.030,-4.764,0.236,0.065,2,14,0,0.176,0,0,0.061,0.1036,0,-2.687,0.135,-4.779,0.221,0.098,2,14,0,0.178,0,0,0.115,0.0885,0,3.107,3.143,-5.680,-0.680,0.054,2,14,0,0.186,0,0,0.069,0.0354,0,-2.763,3.108,-5.105,-0.105,0.037,2,14,0,0.230,0,0,0.136,0.0328,0,3.053,-3.199,-4.999,0.001,0.036,2,14,0,0.152,0,0,0.076,0.0339,0,-2.980,-3.038,-6.354,-1.354,0.024,2,14,0,0.154,0,0,0.116,0.0391,0,2.588,0.341,0,0,0.230,0.000,0.000,0.000,0.000
29.0,0.012,0.047,-5.049,-0.049,0.016,2,14,0,0.156,0,0,0.049,0.0283,0,-0.108,3.048,-5.267,-0.267,0.111,2,14,0,0.172,0,0,0.024,0.1004,0,-0.097,-3.175,-5.352,-0.352,0.056,2,14,0,0.179,0,0,0.091,0.0271,0,3.063,0.005,-4.717,0.283,0.045,2,14,0,0.152,0,0,0.078,0.1036,0,-2.697,0.241,-4.736,0.264,0.069,2,14,0,0.217,0,0,0.127,0.0885,0,3.098,3.204,-5.747,-0.747,0.058,2,14,0,0.183,0,0,0.024,0.0354,0,-2.761,3.111,-5.130,-0.130,0.047,2,14,0,0.148,0,0,0.138,0.0328,0,3.123,-3.120,-4.966,0.034,0.062,2,14,0,0.214,0,0,0.049,0.0339,0,-2.869,-3.050,-6.365,-1.365,0.072,2,14,0,0.227,0,0,0.006,0.0391,0,2.658,0.387,0,0,0.227,0.000,0.000,0.000,0.000
30.0,-0.030,0.014,-5.027,-0.027,0.030,2,14,0,0.187,0,0,0.010,0.0283,0,-0.016,3.131,-5.342,-0.342,0.068,2,14,0,0.418,0,0,0.110,0.1004,0,0.005,-3.154,-5.340,-0.340,0.052,2,14,0,0.183,0,0,0.103,0.0271,0,3.061,-0.004,-4.748,0.252,0.019,2,14,0,0.191,0,0,0.071,0.1036,0,-2.826,0.324,-4.738,0.262,0.057,2,14,0,0.149,0,0,0.160,0.0885,0,3.033,3.233,-5.690,-0.690,0.035,2,14,0,0.181,0,0,0.051,0.0354,0,-2.852,3.128,-5.120,-0.120,0.098,2,14,0,0.175,0,0,0.061,0.0328,0,3.179,-3.110,-5.073,-0.073,0.022,2,14,0,0.168,0,0,0.106,0.0339,0,-2.837,-3.115,-6.337,-1.337,0.032,2,14,0,0.183,0,0,0.071,0.0391,0,2.829,0.367,0,0,0.418,0.000,0.000,0.000,0.000
31.0,-0.034,0.033,-5.027,-0.027,0.010,2,14,0,0.165,0,0,0.025,0.0283,0,-0.030,3.147,-5.314,-0.314,0.005,2,14,0,0.212,0,0,0.117,0.1004,0,-0.026,-3.150,-5.341,-0.341,0.051,2,14,0,0.183,0,0,0.079,0.0271,0,3.077,-0.017,-4.773,0.227,0.038,2,14,0,0.220,0,0,0.053,0.1036,0,-2.882,0.253,-4.738,0.262,0.069,2,14,0,0.180,0,0,0.121,0.0885,0,3.038,3.277,-5.661,-0.661,0.017,2,14,0,0.158,0,0,0.082,0.0354,0,-3.009,3.130,-5.118,-0.118,0.088,2,14,0,0.172,0,0,0.112,0.0328,0,3.185,-3.065,-5.057,-0.057,0.040,2,14,0,0.246,0,0,0.127,0.0339,0,-2.794,-3.093,-6.402,-1.402,0.033,2,14,0,0.151,0,0,0.083,0.0391,0,2.871,0.279,0,0,0.246,0.000,0.000,0.000,0.000
32.0,0.034,0.075,-4.958,0.042,0.007,2,14,0,0.162,0,0,0.083,0.0283,0,-0.055,3.126,-5.301,-0.301,0.056,2,14,0,0.177,0,0,0.089,0.1004,0,-0.119,-3.117,-5.351,-0.351,0.067,2,14,0,0.155,0,0,0.055,0.0271,0,3.114,-0.063,-4.721,0.279,0.043,2,14,0,0.210,0,0,0.013,0.1036,0,-2.880,0.163,-4.800,0.200,0.083,2,14,0,0.153,0,0,0.083,0.0885,0,3.158,3.298,-5.712,-0.712,0.035,2,14,0,0.175,0,0,0.124,0.0354,0,-3.045,3.080,-5.123,-0.123,0.032,2,14,0,0.159,0,0,0.146,0.0328,0,3.060,-3.018,-5.012,-0.012,0.070,2,14,0,0.197,0,0,0.108,0.0339,0,-2.812,-3.108,-6.430,-1.430,0.043,2,14,0,0.199,0,0,0.078,0.0391,0,2.901,0.337,0,0,0.210,0.000,0.000,0.000,0.000
33.0,-0.064,0.064,-4.991,0.009,0.053,2,14,0,0.189,0,0,0.068,0.0283,0,-0.090,3.075,-5.307,-0.307,0.068,2,14,0,0.205,0,0,0.032,0.1004,0,-0.088,-3.070,-5.333,-0.333,0.052,2,14,0,0.174,0,0,0.023,0.0271,0,3.143,-0.114,-4.673,0.327,0.025,2,14,0,0.147,0,0,0.065,0.1036,0,-2.822,0.164,-4.698,0.302,0.062,2,14,0,0.185,0,0,0.024,0.0885,0,3.156,3.318,-5.668,-0.668,0.044,2,14,0,0.187,0,0,0.141,0.0354,0,-2.927,3.078,-5.137,-0.137,0.066,2,14,0,0.158,0,0,0.032,0.0328,0,3.005,-3.038,-5.004,-0.004,0.058,2,14,0,0.157,0,0,0.111,0.0339,0,-2.849,-3.079,-6.360,-1.360,0.055,2,14,0,0.215,0,0,0.033,0.0391,0,2.775,0.354,0,0,0.215,0.000,0.000,0.000,0.000
34.0,-0.115,0.002,-4.964,0.036,0.048,2,14,0,0.236,0,0,0.096,0.0283,0,-0.147,3.048,-5.324,-0.324,0.050,2,14,0,0.181,0,0,0.063,0.1004,0,-0.069,-3.075,-5.304,-0.304,0.022,2,14,0,0.164,0,0,0.013,0.0271,0,3.112,-0.129,-4.700,0.300,0.021,2,14,0,0.145,0,0,0.067,0.1036,0,-2.773,0.116,-4.680,0.320,0.062,2,14,0,0.187,0,0,0.055,0.0885,0,3.121,3.286,-5.668,-0.668,0.079,2,14,0,0.180,0,0,0.095,0.0354,0,-2.909,3.036,-5.101,-0.101,0.041,2,14,0,0.176,0,0,0.057,0.0328,0,2.938,-3.086,-5.002,-0.002,0.071,2,14,0,0.208,0,0,0.142,0.0339,0,-2.873,-3.052,-6.391,-1.391,0.047,2,14,0,0.182,0,0,0.009,0.0391,0,2.675,0.311,0,0,0.236,0.000,0.000,0.000,0.000
35.0,-0.102,-0.026,-4.953,0.047,0.051,2,14,0,0.188,0,0,0.092,0.0283,0,-0.071,2.957,-5.285,-0.285,0.052,2,14,0,0.173,0,0,0.087,0.1004,0,-0.122,-3.116,-5.355,-0.355,0.002,2,14,0,0.180,0,0,0.057,0.0271,0,3.049,-0.072,-4.722,0.278,0.045,2,14,0,0.183,0,0,0.050,0.1036,0,-2.643,0.089,-4.685,0.315,0.020,2,14,0,0.185,0,0,0.172,0.0885,0,3.043,3.218,-5.648,-0.648,0.094,2,14,0,0.215,0,0,0.034,0.0354,0,-2.892,3.020,-5.133,-0.133,0.041,2,14,0,0.149,0,0,0.075,0.0328,0,3.068,-3.156,-4.952,0.048,0.090,2,14,0,0.175,0,0,0.032,0.0339,0,-2.937,-2.983,-6.388,-1.388,0.037,2,14,0,0.185,0,0,0.098,0.0391,0,2.557,0.368,0,0,0.215,0.000,0.000,0.000,0.000
36.0,0.056,-0.028,-5.045,-0.045,0.235,2,14,0,0.218,0,0,0.344,0.1323,0,0.009,2.913,-5.271,-0.271,0.180,2,14,0,0.172,0,0,0.352,0.1192,0,-0.016,-3.060,-5.399,-0.399,0.196,2,14,0,0.176,0,0,0.365,0.1255,0,3.113,-0.062,-4.722,0.278,0.179,2,14,0,0.280,0,0,0.399,0.1244,0,-2.591,0.125,-4.764,0.236,0.119,2,14,0,0.187,0,0,0.218,0.0916,0,3.071,3.058,-5.676,-0.676,0.171,2,14,0,0.248,0,0,0.444,0.1162,0,-2.786,3.029,-5.085,-0.085,0.181,2,14,0,0.181,0,0,0.306,0.1154,0,3.215,-3.218,-5.031,-0.031,0.212,2,14,0,0.207,0,0,0.295,0.1208,0,-2.861,-2.956,-6.373,-1.373,0.189,2,14,0,0.259,0,0,0.421,0.1284,0,2.667,0.440,0,0,0.280,0.420,0.000,0.500,0.000
37.0,0.510,-0.045,-5.018,-0.018,0.503,2,14,0,0.179,0,0,0.394,0.2027,0,0.371,2.991,-5.290,-0.290,0.471,2,14,0,0.174,0,0,0.472,0.2035,0,0.373,-3.055,-5.360,-0.360,0.493,2,14,0,0.190,0,0,0.474,0.2097,0,3.480,-0.083,-4.724,0.276,0.495,2,14,0,0.186,0,0,0.538,0.2163,0,-2.322,0.088,-4.724,0.276,0.386,2,14,0,0.187,0,0,0.454,0.1810,0,3.391,2.941,-5.683,-0.683,0.470,2,14,0,0.215,0,0,0.655,0.2178,0,-2.397,3.081,-5.144,-0.144,0.477,2,14,0,0.178,0,0,0.423,0.1992,0,3.514,-3.176,-5.055,-0.055,0.459,2,14,0,0.152,0,0,0.487,0.2024,0,-2.468,-3.010,-6.365,-1.365,0.507,2,14,0,0.180,0,0,0.524,0.2174,0,2.774,0.550,0,0,0.215,0.920,0.000,0.500,0.000
38.0,1.057,-0.014,-5.019,-0.019,0.657,2,14,0,0.228,0,0,0.342,0.2369,0,1.006,3.026,-5.304,-0.304,0.693,2,14,0,0.177,0,0,0.330,0.2452,0,0.999,-3.131,-5.368,-0.368,0.705,2,14,0,0.223,0,0,0.351,0.2498,0,4.143,-0.050,-4.790,0.210,0.731,2,14,0,0.173,0,0,0.379,0.2595,0,-1.857,0.142,-4.686,0.314,0.628,2,14,0,0.296,0,0,0.484,0.2446,0,3.960,3.021,-5.718,-0.718,0.743,2,14,0,0.182,0,0,0.573,0.2799,0,-1.729,3.119,-5.146,-0.146,0.669,2,14,0,0.175,0,0,0.251,0.2314,0,4.076,-3.165,-5.021,-0.021,0.687,2,14,0,0.188,0,0,0.426,0.2536,0,-1.844,-3.076,-6.347,-1.347,0.741,2,14,0,0.181,0,0,0.403,0.2640,0,2.741,0.461,0,0,0.296,1.420,0.000,0.500,0.000
39.0,1.676,-0.021,-5.020,-0.020,0.743,2,14,0,0.792,0,0,0.229,0.2492,0,1.723,3.078,-5.276,-0.276,0.768,2,14,0,0.174,0,0,0.118,0.2490,0,1.711,-3.146,-5.360,-0.360,0.774,2,14,0,0.150,0,0,0.153,0.2537,0,4.938,-0.053,-4.691,0.309,0.808,2,14,0,0.173,0,0,0.086,0.2618,0,-1.147,0.184,-4.710,0.290,0.787,2,14,0,0.193,0,0,0.275,0.2643,0,4.773,3.113,-5.744,-0.744,0.894,2,14,0,0.184,0,0,0.245,0.2918,0,-1.081,3.085,-5.088,-0.088,0.708,2,14,0,0.218,0,0,0.101,0.2328,0,4.829,-3.160,-5.050,-0.050,0.803,2,14,0,0.183,0,0,0.175,0.2629,0,-1.047,-3.161,-6.394,-1.394,0.823,2,14,0,0.177,0,0,0.148,0.2670,0,2.810,0.255,0,0,0.792,1.920,0.000,0.500,0.000
40.0,2.489,-0.018,-5.069,-0.069,0.763,2,14,0,0.218,0,0,0.090,0.2492,0,2.404,3.067,-5.317,-0.317,0.720,2,14,0,0.153,0,0,0.072,0.2490,0,2.444,-3.129,-5.336,-0.336,0.739,2,14,0,0.192,0,0,0.106,0.2537,0,5.728,-0.067,-4.663,0.337,0.741,2,14,0,0.176,0,0,0.206,0.2618,0,-0.341,0.212,-4.717,0.283,0.803,2,14,0,0.186,0,0,0.056,0.2643,0,5.672,3.182,-5.747,-0.747,0.847,2,14,0,0.200,0,0,0.174,0.2918,0,-0.372,3.070,-5.116,-0.116,0.684,2,14,0,0.183,0,0,0.110,0.2328,0,5.605,-3.099,-5.051,-0.051,0.761,2,14,0,0.177,0,0,0.108,0.2629,0,-0.200,-3.189,-6.359,-1.359,0.757,2,14,0,0.178,0,0,0.279,0.2670,0,2.784,0.424,0,0,0.218,2.420,0.000,0.500,0.000
41.0,3.248,0.020,-4.991,0.009,0.648,2,14,0,0.156,0,0,0.341,0.2492,0,3.137,3.049,-5.317,-0.317,0.628,2,14,0,0.176,0,0,0.301,0.2490,0,3.072,-3.080,-5.262,-0.262,0.629,2,14,0,0.182,0,0,0.221,0.2537,0,6.343,-0.054,-4.789,0.211,0.585,2,14,0,0.147,0,0,0.325,0.2618,0,0.412,0.186,-4.809,0.191,0.691,2,14,0,0.157,0,0,0.285,0.2643,0,6.469,3.241,-5.712,-0.712,0.657,2,14,0,0.201,0,0,0.469,0.2918,0,0.184,3.139,-5.113,-0.113,0.579,2,14,0,0.151,0,0,0.171,0.2328,0,6.248,-3.103,-4.997,0.003,0.627,2,14,0,0.227,0,0,0.250,0.2629,0,0.416,-3.098,-6.367,-1.367,0.573,2,14,0,0.181,0,0,0.369,0.2670,0,2.846,0.600,0,0,0.227,2.920,0.000,0.500,0.000
42.0,3.749,0.047,-4.965,0.035,0.458,2,14,0,0.216,0,0,0.353,0.2492,0,3.671,3.001,-5.336,-0.336,0.474,2,14,0,0.175,0,0,0.334,0.2490,0,3.616,-3.074,-5.311,-0.311,0.507,2,14,0,0.179,0,0,0.270,0.2537,0,6.813,-0.030,-4.796,0.204,0.438,2,14,0,0.173,0,0,0.299,0.2618,0,1.003,0.203,-4.751,0.249,0.520,2,14,0,0.159,0,0,0.379,0.2643,0,6.993,3.327,-5.687,-0.687,0.422,2,14,0,0.273,0,0,0.516,0.2918,0,0.692,3.190,-5.132,-0.132,0.492,2,14,0,0.376,0,0,0.199,0.2328,0,6.778,-3.116,-5.013,-0.013,0.492,2,14,0,0.186,0,0,0.281,0.2629,0,0.903,-2.989,-6.414,-1.414,0.420,2,14,0,0.178,0,0,0.354,0.2670,0,2.759,0.660,0,0,0.376,3.420,0.000,0.500,0.000
43.0,4.151,0.110,-4.953,0.047,0.349,2,14,0,0.188,0,0,0.272,0.2492,0,4.087,3.040,-5.313,-0.313,0.361,2,14,0,0.181,0,0,0.251,0.2490,0,4.072,-3.015,-5.339,-0.339,0.424,2,14,0,0.172,0,0,0.233,0.2537,0,7.208,-0.040,-4.735,0.265,0.366,2,14,0,0.946,0,0,0.194,0.2618,0,1.399,0.141,-4.742,0.258,0.380,2,14,0,0.182,0,0,0.276,0.2643,0,7.268,3.369,-5.665,-0.665,0.269,2,14,0,0.216,0,0,0.324,0.2918,0,1.155,3.165,-5.116,-0.116,0.444,2,14,0,0.174,0,0,0.156,0.2328,0,7.235,-3.082,-5.009,-0.009,0.407,2,14,0,0.179,0,0,0.241,0.2629,0,1.220,-2.909,-6.380,-1.380,0.311,2,14,0,0.221,0,0,0.222,0.2670,0,2.760,0.508,0,0,0.946,3.920,0.000,0.500,0.000
44.0,4.486,0.105,-4.924,0.076,0.320,2,14,0,0.181,0,0,0.131,0.2492,0,4.343,3.112,-5.291,-0.291,0.316,2,14,0,0.216,0,0,0.068,0.2490,0,4.448,-3.037,-5.391,-0.391,0.374,2,14,0,0.176,0,0,0.111,0.2537,0,7.537,-0.017,-4.772,0.228,0.351,2,14,0,0.221,0,0,0.053,0.2618,0,1.659,0.125,-4.765,0.235,0.323,2,14,0,0.182,0,0,0.054,0.2643,0,7.531,3.394,-5.651,-0.651,0.279,2,14,0,0.208,0,0,0.195,0.2918,0,1.544,3.168,-5.058,-0.058,0.431,2,14,0,0.184,0,0,0.080,0.2328,0,7.647,-3.061,-4.987,0.013,0.365,2,14,0,0.182,0,0,0.163,0.2629,0,1.449,-2.956,-6.428,-1.428,0.334,2,14,0,0.181,0,0,0.137,0.2670,0,2.809,0.409,0,0,0.221,4.420,0.000,0.500,0.000
45.0,4.765,0.105,-4.969,0.031,0.366,2,14,0,0.196,0,0,0.161,0.2492,0,4.689,3.127,-5.259,-0.259,0.402,2,14,0,0.171,0,0,0.171,0.2490,0,4.877,-3.025,-5.312,-0.312,0.392,2,14,0,0.178,0,0,0.069,0.2537,0,7.875,-0.044,-4.678,0.322,0.410,2,14,0,0.222,0,0,0.144,0.2618,0,2.050,0.160,-4.785,0.215,0.383,2,14,0,0.183,0,0,0.075,0.2643,0,7.821,3.377,-5.641,-0.641,0.369,2,14,0,0.203,0,0,0.243,0.2918,0,2.006,3.092,-5.093,-0.093,0.455,2,14,0,0.219,0,0,0.011,0.2328,0,8.058,-3.046,-4.962,0.038,0.371,2,14,0,0.219,0,0,0.100,0.2629,0,1.904,-2.947,-6.378,-1.378,0.454,2,14,0,0.154,0,0,0.182,0.2670,0,2.688,0.389,0,0,0.222,4.920,0.000,0.500,0.000
46.0,5.185,0.056,-4.935,0.065,0.479,2,14,0,0.180,0,0,0.217,0.2492,0,5.147,3.141,-5.347,-0.347,0.513,2,14,0,0.210,0,0,0.213,0.2490,0,5.315,-3.024,-5.344,-0.344,0.424,2,14,0,0.184,0,0,0.072,0.2537,0,8.363,-0.043,-4.689,0.311,0.507,2,14,0,0.179,0,0,0.155,0.2618,0,2.433,0.191,-4.726,0.274,0.464,2,14,0,0.154,0,0,0.194,0.2643,0,8.243,3.252,-5.697,-0.697,0.491,2,14,0,0.241,0,0,0.258,0.2918,0,2.480,3.042,-5.162,-0.162,0.493,2,14,0,0.177,0,0,0.064,0.2328,0,8.469,-3.104,-5.004,-0.004,0.410,2,14,0,0.178,0,0,0.036,0.2629,0,2.416,-2.999,-6.371,-1.371,0.533,2,14,0,0.184,0,0,0.144,0.2670,0,2.674,0.308,0,0,0.241,5.420,0.000,0.500,0.000
47.0,5.718,-0.023,-5.034,-0.034,0.582,2,14,0,0.208,0,0,0.184,0.2492,0,5.676,3.035,-5.300,-0.300,0.576,2,14,0,0.185,0,0,0.164,0.2490,0,5.711,-3.046,-5.356,-0.356,0.466,2,14,0,0.175,0,0,0.142,0.2537,0,8.909,-0.078,-4.762,0.238,0.567,2,14,0,0.206,0,0,0.110,0.2618,0,3.008,0.208,-4.755,0.245,0.563,2,14,0,0.187,0,0,0.126,0.2643,0,8.772,3.149,-5.745,-0.745,0.598,2,14,0,0.191,0,0,0.230,0.2918,0,3.007,2.987,-5.158,-0.158,0.508,2,14,0,0.176,0,0,0.107,0.2328,0,8.884,-3.143,-4.969,0.031,0.453,2,14,0,0.180,0,0,0.115,0.2629,0,3.047,-3.089,-6.379,-1.379,0.583,2,14,0,0.173,0,0,0.040,0.2670,0,2.673,0.247,0,0,0.208,5.920,0.000,0.500,0.000
48.0,6.296,-0.064,-4.997,0.003,0.625,2,14,0,0.178,0,0,0.134,0.2492,0,6.206,3.001,-5.297,-0.297,0.615,2,14,0,0.147,0,0,0.137,0.2490,0,6.223,-3.058,-5.340,-0.340,0.549,2,14,0,0.181,0,0,0.127,0.2537,0,9.495,-0.142,-4.750,0.250,0.590,2,14,0,0.174,0,0,0.082,0.2618,0,3.618,0.238,-4.793,0.207,0.586,2,14,0,0.158,0,0,0.073,0.2643,0,9.469,3.027,-5.680,-0.680,0.640,2,14,0,0.737,0,0,0.177,0.2918,0,3.503,3.024,-5.156,-0.156,0.518,2,14,0,0.175,0,0,0.072,0.2328,0,9.326,-3.209,-5.009,-0.009,0.501,2,14,0,0.227,0,0,0.191,0.2629,0,3.666,-3.112,-6.354,-1.354,0.558,2,14,0,0.155,0,0,0.127,0.2670,0,2.702,0.310,0,0,0.737,6.420,0.000,0.500,0.000
49.0,6.964,-0.078,-4.976,0.024,0.623,2,14,0,0.154,0,0,0.110,0.2492,0,6.832,3.016,-5.304,-0.304,0.632,2,14,0,0.149,0,0,0.028,0.2490,0,6.795,-3.113,-5.292,-0.292,0.575,2,14,0,0.189,0,0,0.062,0.2537,0,9.999,-0.063,-4.764,0.236,0.560,2,14,0,0.178,0,0,0.015,0.2618,0,4.219,0.194,-4.751,0.249,0.557,2,14,0,0.184,0,0,0.098,0.2643,0,10.018,2.994,-5.685,-0.685,0.591,2,14,0,0.184,0,0,0.211,0.2918,0,4.051,3.070,-5.099,-0.099,0.520,2,14,0,0.176,0,0,0.040,0.2328,0,9.837,-3.239,-5.013,-0.013,0.583,2,14,0,0.180,0,0,0.199,0.2629,0,4.120,-3.117,-6.411,-1.411,0.491,2,14,0,0.197,0,0,0.097,0.2670,0,2.768,0.356,0,0,0.197,6.920,0.000,0.500,0.000
50.0,7.537,-0.055,-5.053,-0.053,0.553,2,14,0,0.193,0,0,0.153,0.2492,0,7.404,3.012,-5.257,-0.257,0.584,2,14,0,0.147,0,0,0.071,0.2490,0,7.380,-3.135,-5.310,-0.310,0.577,2,14,0,0.220,0,0,0.059,0.2537,0,10.576,-0.000,-4.717,0.283,0.544,2,14,0,0.156,0,0,0.086,0.2618,0,4.737,0.170,-4.732,0.268,0.505,2,14,0,0.182,0,0,0.111,0.2643,0,10.588,3.071,-5.624,-0.624,0.554,2,14,0,0.179,0,0,0.164,0.2918,0,4.533,3.157,-5.154,-0.154,0.499,2,14,0,0.174,0,0,0.065,0.2328,0,10.514,-3.211,-5.025,-0.025,0.615,2,14,0,0.174,0,0,0.088,0.2629,0,4.654,-3.076,-6.365,-1.365,0.479,2,14,0,0.186,0,0,0.102,0.2670,0,2.828,0.359,0,0,0.220,7.420,0.000,0.500,0.000
51.0,7.979,-0.036,-5.001,-0.001,0.471,2,14,0,0.180,0,0,0.096,0.2492,0,7.969,3.057,-5.266,-0.266,0.528,2,14,0,0.176,0,0,0.134,0.2490,0,7.901,-3.171,-5.306,-0.306,0.529,2,14,0,0.185,0,0,0.098,0.2537,0,11.113,-0.011,-4.726,0.274,0.515,2,14,0,0.178,0,0,0.108,0.2618,0,5.169,0.118,-4.754,0.246,0.460,2,14,0,0.178,0,0,0.064,0.2643,0,11.088,3.134,-5.715,-0.715,0.507,2,14,0,0.226,0,0,0.116,0.2918,0,4.996,3.170,-5.140,-0.140,0.492,2,14,0,0.181,0,0,0.080,0.2328,0,11.119,-3.103,-5.008,-0.008,0.567,2,14,0,0.177,0,0,0.123,0.2629,0,5.096,-3.032,-6.385,-1.385,0.442,2,14,0,0.188,0,0,0.050,0.2670,0,2.825,0.276,0,0,0.226,7.920,0.000,0.500,0.000
52.0,8.504,0.038,-5.013,-0.013,0.467,2,14,0,0.315,0,0,0.108,0.2492,0,8.526,3.023,-5.302,-0.302,0.467,2,14,0,0.154,0,0,0.187,0.2490,0,8.433,-3.204,-5.264,-0.264,0.506,2,14,0,0.174,0,0,0.145,0.2537,0,11.577,-0.000,-4.752,0.248,0.470,2,14,0,0.181,0,0,0.089,0.2618,0,5.652,0.084,-4.779,0.221,0.462,2,14,0,0.189,0,0,0.087,0.2643,0,11.512,3.267,-5.644,-0.644,0.479,2,14,0,0.177,0,0,0.064,0.2918,0,5.532,3.142,-5.065,-0.065,0.512,2,14,0,0.182,0,0,0.051,0.2328,0,11.604,-3.020,-5.014,-0.014,0.492,2,14,0,0.189,0,0,0.149,0.2629,0,5.463,-2.990,-6.370,-1.370,0.446,2,14,0,0.155,0,0,0.105,0.2670,0,2.862,0.283,0,0,0.315,8.420,0.000,0.500,0.000
53.0,8.967,0.049,-5.026,-0.026,0.436,2,14,0,0.161,0,0,0.074,0.2492,0,8.968,3.028,-5.334,-0.334,0.412,2,14,0,0.182,0,0,0.133,0.2490,0,8.922,-3.114,-5.229,-0.229,0.471,2,14,0,0.211,0,0,0.077,0.2537,0,12.041,-0.096,-4.741,0.259,0.463,2,14,0,0.175,0,0,0.038,0.2618,0,6.103,0.150,-4.736,0.264,0.474,2,14,0,0.192,0,0,0.028,0.2643,0,12.017,3.378,-5.689,-0.689,0.487,2,14,0,0.203,0,0,0.175,0.2918,0,6.005,3.058,-5.104,-0.104,0.505,2,14,0,0.175,0,0,0.037,0.2328,0,12.078,-2.949,-5.017,-0.017,0.460,2,14,0,0.218,0,0,0.194,0.2629,0,5.943,-3.043,-6.381,-1.381,0.518,2,14,0,0.157,0,0,0.112,0.2670,0,2.867,0.390,0,0,0.218,8.920,0.000,0.500,0.000
54.0,9.466,0.082,-5.017,-0.017,0.429,2,14,0,0.185,0,0,0.099,0.2492,0,9.429,3.060,-5.288,-0.288,0.398,2,14,0,0.187,0,0,0.095,0.2490,0,9.383,-3.065,-5.299,-0.299,0.449,2,14,0,0.151,0,0,0.039,0.2537,0,12.522,-0.107,-4.778,0.222,0.477,2,14,0,0.149,0,0,0.041,0.2618,0,6.552,0.211,-4.777,0.223,0.489,2,14,0,0.161,0,0,0.086,0.2643,0,12.536,3.424,-5.713,-0.713,0.488,2,14,0,0.155,0,0,0.225,0.2918,0,6.486,3.034,-5.141,-0.141,0.506,2,14,0,0.177,0,0,0.067,0.2328,0,12.508,-3.019,-5.046,-0.046,0.439,2,14,0,0.176,0,0,0.108,0.2629,0,6.504,-3.104,-6.418,-1.418,0.553,2,14,0,0.240,0,0,0.071,0.2670,0,2.848,0.440,0,0,0.240,9.420,0.000,0.500,0.000
55.0,9.871,0.088,-5.052,-0.052,0.440,2,14,0,0.186,0,0,0.082,0.2492,0,9.818,3.073,-5.288,-0.288,0.397,2,14,0,0.175,0,0,0.036,0.2490,0,9.803,-3.054,-5.336,-0.336,0.452,2,14,0,0.155,0,0,0.055,0.2537,0,13.032,-0.112,-4.708,0.292,0.487,2,14,0,0.217,0,0,0.051,0.2618,0,7.082,0.195,-4.748,0.252,0.531,2,14,0,0.216,0,0,0.053,0.2643,0,13.017,3.322,-5.707,-0.707,0.485,2,14,0,0.222,0,0,0.125,0.2918,0,6.963,3.073,-5.156,-0.156,0.522,2,14,0,0.177,0,0,0.062,0.2328,0,12.906,-3.113,-5.034,-0.034,0.466,2,14,0,0.216,0,0,0.093,0.2629,0,7.066,-3.114,-6.449,-1.449,0.552,2,14,0,0.214,0,0,0.065,0.2670,0,2.807,0.337,0,0,0.222,9.920,0.000,0.500,0.000
56.0,10.307,-0.011,-5.082,-0.082,0.468,2,14,0,0.190,0,0,0.097,0.2492,0,10.205,3.116,-5.327,-0.327,0.448,2,14,0,0.212,0,0,0.149,0.2490,0,10.255,-3.024,-5.427,-0.427,0.484,2,14,0,0.181,0,0,0.114,0.2537,0,13.501,-0.081,-4.673,0.327,0.483,2,14,0,0.186,0,0,0.023,0.2618,0,7.656,0.194,-4.740,0.260,0.538,2,14,0,0.167,0,0,0.040,0.2643,0,13.487,3.199,-5.676,-0.676,0.484,2,14,0,0.189,0,0,0.011,0.2918,0,7.496,3.099,-5.097,-0.097,0.538,2,14,0,0.174,0,0,0.024,0.2328,0,13.420,-3.208,-4.955,0.045,0.512,2,14,0,0.178,0,0,0.113,0.2629,0,7.661,-3.044,-6.385,-1.385,0.524,2,14,0,0.175,0,0,0.111,0.2670,0,2.680,0.305,0,0,0.212,10.420,0.000,0.500,0.000
57.0,10.765,-0.064,-5.003,-0.003,0.521,2,14,0,0.226,0,0,0.153,0.2492,0,10.702,3.069,-5.376,-0.376,0.517,2,14,0,0.180,0,0,0.136,0.2490,0,10.772,-3.046,-5.386,-0.386,0.524,2,14,0,0.171,0,0,0.089,0.2537,0,14.014,-0.035,-4.726,0.274,0.495,2,14,0,0.147,0,0,0.028,0.2618,0,8.186,0.156,-4.801,0.199,0.507,2,14,0,0.182,0,0,0.061,0.2643,0,13.917,3.108,-5.654,-0.654,0.479,2,14,0,0.176,0,0,0.121,0.2918,0,8.033,3.129,-5.117,-0.117,0.530,2,14,0,0.234,0,0,0.038,0.2328,0,14.001,-3.227,-4.999,0.001,0.542,2,14,0,0.182,0,0,0.102,0.2629,0,8.108,-2.971,-6.396,-1.396,0.475,2,14,0,0.185,0,0,0.098,0.2670,0,2.596,0.308,0,0,0.234,10.920,0.000,0.500,0.000
58.0,11.294,-0.005,-4.946,0.054,0.578,2,14,0,0.221,0,0,0.108,0.2492,0,11.284,3.039,-5.361,-0.361,0.564,2,14,0,0.173,0,0,0.057,0.2490,0,11.284,-3.124,-5.379,-0.379,0.543,2,14,0,0.156,0,0,0.073,0.2537,0,14.496,0.019,-4.721,0.279,0.485,2,14,0,0.158,0,0,0.085,0.2618,0,8.638,0.159,-4.746,0.254,0.471,2,14,0,0.184,0,0,0.014,0.2643,0,14.371,3.061,-5.744,-0.744,0.505,2,14,0,0.177,0,0,0.187,0.2918,0,8.587,3.169,-5.075,-0.075,0.521,2,14,0,0.148,0,0,0.100,0.2328,0,14.519,-3.188,-5.056,-0.056,0.521,2,14,0,0.224,0,0,0.067,0.2629,0,8.555,-2.960,-6.327,-1.327,0.466,2,14,0,0.233,0,0,0.090,0.2670,0,2.668,0.270,0,0,0.233,11.420,0.000,0.500,0.000
59.0,11.916,0.009,-4.982,0.018,0.579,2,14,0,0.183,0,0,0.035,0.2492,0,11.799,3.010,-5.322,-0.322,0.546,2,14,0,0.181,0,0,0.035,0.2490,0,11.844,-3.141,-5.349,-0.349,0.555,2,14,0,0.267,0,0,0.059,0.2537,0,14.944,-0.018,-4.782,0.218,0.487,2,14,0,0.175,0,0,0.066,0.2618,0,9.124,0.158,-4.687,0.313,0.467,2,14,0,0.180,0,0,0.028,0.2643,0,14.902,3.076,-5.738,-0.738,0.553,2,14,0,0.318,0,0,0.145,0.2918,0,9.100,3.149,-5.141,-0.141,0.464,2,14,0,0.182,0,0,0.123,0.2328,0,15.023,-3.172,-5.028,-0.028,0.482,2,14,0,0.176,0,0,0.071,0.2629,0,8.998,-3.012,-6.390,-1.390,0.464,2,14,0,0.223,0,0,0.046,0.2670,0,2.708,0.281,0,0,0.318,11.891,0.000,0.330,0.000
60.0,12.333,0.016,-4.966,0.034,0.332,2,14,0,0.216,0,0,0.348,0.2492,0,12.333,2.965,-5.228,-0.228,0.345,2,14,0,0.201,0,0,0.422,0.2490,0,12.312,-3.149,-5.322,-0.322,0.341,2,14,0,0.271,0,0,0.390,0.2537,0,15.382,-0.070,-4.789,0.211,0.327,2,14,0,0.218,0,0,0.278,0.2618,0,9.495,0.170,-4.769,0.231,0.288,2,14,0,0.214,0,0,0.291,0.2643,0,15.429,3.149,-5.712,-0.712,0.374,2,14,0,0.187,0,0,0.352,0.2918,0,9.429,3.082,-5.109,-0.109,0.260,2,14,0,0.217,0,0,0.319,0.2328,0,15.417,-3.133,-5.001,-0.001,0.283,2,14,0,0.150,0,0,0.341,0.2629,0,9.340,-3.089,-6.318,-1.318,0.299,2,14,0,0.182,0,0,0.204,0.2670,0,2.849,0.523,0,0,0.271,12.000,0.000,0.000,0.000
61.0,12.466,0.012,-4.984,0.016,0.030,2,14,0,0.191,0,0,0.485,0.2492,0,12.479,2.973,-5.194,-0.194,0.037,2,14,0,0.173,0,0,0.568,0.2490,0,12.460,-3.068,-5.336,-0.336,0.047,2,14,0,0.189,0,0,0.534,0.2537,0,15.605,-0.105,-4.742,0.258,0.060,2,14,0,0.181,0,0,0.506,0.2618,0,9.657,0.190,-4.749,0.251,0.026,2,14,0,0.185,0,0,0.456,0.2643,0,15.690,3.224,-5.699,-0.699,0.105,2,14,0,0.230,0,0,0.612,0.2918,0,9.563,3.080,-5.132,-0.132,0.019,2,14,0,0.174,0,0,0.464,0.2328,0,15.596,-3.093,-4.997,0.003,0.028,2,14,0,0.182,0,0,0.522,0.2629,0,9.582,-3.096,-6.369,-1.369,0.085,2,14,0,0.209,0,0,0.447,0.2670,0,2.824,0.725,0,0,0.230,12.000,0.000,0.000,0.000
62.0,12.317,0.054,-5.012,-0.012,0.202,2,14,0,0.181,0,0,0.346,0.2492,0,12.310,2.975,-5.279,-0.279,0.227,2,14,0,0.213,0,0,0.400,0.2490,0,12.319,-2.997,-5.331,-0.331,0.230,2,14,0,0.215,0,0,0.404,0.2537,0,15.482,-0.083,-4.698,0.302,0.194,2,14,0,0.173,0,0,0.387,0.2618,0,9.605,0.187,-4.761,0.239,0.179,2,14,0,0.225,0,0,0.405,0.2643,0,15.609,3.357,-5.722,-0.722,0.225,2,14,0,0.234,0,0,0.558,0.2918,0,9.411,3.022,-5.133,-0.133,0.202,2,14,0,0.214,0,0,0.320,0.2328,0,15.431,-3.094,-5.021,-0.021,0.219,2,14,0,0.180,0,0,0.359,0.2629,0,9.543,-3.079,-6.369,-1.369,0.146,2,14,0,0.219,0,0,0.408,0.2670,0,2.727,0.706,0,0,0.234,12.000,0.000,0.000,0.000
63.0,12.159,0.103,-4.962,0.038,0.260,2,14,0,0.183,0,0,0.203,0.2492,0,12.078,3.081,-5.343,-0.343,0.307,2,14,0,0.347,0,0,0.166,0.2490,0,12.057,-2.979,-5.308,-0.308,0.306,2,14,0,0.180,0,0,0.169,0.2537,0,15.194,-0.051,-4.724,0.276,0.286,2,14,0,0.185,0,0,0.100,0.2618,0,9.425,0.152,-4.702,0.298,0.291,2,14,0,0.182,0,0,0.226,0.2643,0,15.308,3.371,-5.694,-0.694,0.360,2,14,0,0.183,0,0,0.291,0.2918,0,9.233,3.031,-5.138,-0.138,0.268,2,14,0,0.203,0,0,0.150,0.2328,0,15.235,-3.072,-4.949,0.051,0.284,2,14,0,0.176,0,0,0.171,0.2629,0,9.306,-3.072,-6.413,-1.413,0.272,2,14,0,0.190,0,0,0.176,0.2670,0,2.747,0.483,0,0,0.347,12.000,0.000,0.000,0.000
64.0,11.941,0.095,-5.039,-0.039,0.244,2,14,0,0.182,0,0,0.090,0.2492,0,11.822,3.105,-5.336,-0.336,0.266,2,14,0,0.180,0,0,0.112,0.2490,0,11.830,-2.970,-5.303,-0.303,0.255,2,14,0,0.181,0,0,0.152,0.2537,0,15.029,-0.038,-4.740,0.260,0.226,2,14,0,0.173,0,0,0.072,0.2618,0,9.071,0.173,-4.707,0.293,0.288,2,14,0,0.192,0,0,0.129,0.2643,0,14.918,3.302,-5.661,-0.661,0.350,2,14,0,0.218,0,0,0.179,0.2918,0,9.001,3.091,-5.118,-0.118,0.230,2,14,0,0.176,0,0,0.097,0.2328,0,14.950,-3.045,-4.974,0.026,0.256,2,14,0,0.179,0,0,0.146,0.2629,0,9.076,-3.035,-6.396,-1.396,0.245,2,14,0,0.179,0,0,0.061,0.2670,0,2.830,0.313,0,0,0.218,12.000,0.000,0.000,0.000
65.0,11.772,0.066,-5.019,-0.019,0.160,2,14,0,0.196,0,0,0.213,0.2492,0,11.639,3.053,-5.318,-0.318,0.148,2,14,0,0.176,0,0,0.277,0.2490,0,11.690,-3.019,-5.326,-0.326,0.149,2,14,0,0.188,0,0,0.246,0.2537,0,14.842,-0.050,-4.784,0.216,0.127,2,14,0,0.173,0,0,0.253,0.2618,0,8.860,0.132,-4.720,0.280,0.136,2,14,0,0.189,0,0,0.342,0.2643,0,14.679,3.225,-5.698,-0.698,0.182,2,14,0,0.192,0,0,0.395,0.2918,0,8.863,3.166,-5.061,-0.061,0.114,2,14,0,0.148,0,0,0.246,0.2328,0,14.824,-3.087,-5.023,-0.023,0.129,2,14,0,0.154,0,0,0.252,0.2629,0,8.931,-2.961,-6.380,-1.380,0.152,2,14,0,0.176,0,0,0.222,0.2670,0,2.790,0.392,0,0,0.196,12.000,0.000,0.000,0.000
66.0,11.659,0.039,-5.082,-0.082,0.060,2,14,0,0.191,0,0,0.321,0.2492,0,11.565,3.021,-5.293,-0.293,0.017,2,14,0,0.209,0,0,0.352,0.2490,0,11.642,-3.137,-5.337,-0.337,0.079,2,14,0,0.180,0,0,0.288,0.2537,0,14.807,-0.039,-4.727,0.273,0.015,2,14,0,0.186,0,0,0.294,0.2618,0,8.846,0.120,-4.765,0.235,0.046,2,14,0,0.235,0,0,0.360,0.2643,0,14.570,3.162,-5.697,-0.697,0.072,2,14,0,0.175,0,0,0.503,0.2918,0,8.742,3.160,-5.159,-0.159,0.019,2,14,0,0.175,0,0,0.365,0.2328,0,14.705,-3.193,-5.024,-0.024,0.050,2,14,0,0.239,0,0,0.374,0.2629,0,8.899,-2.976,-6.348,-1.348,0.036,2,14,0,0.162,0,0,0.247,0.2670,0,2.829,0.460,0,0,0.239,12.000,0.000,0.000,0.000
67.0,11.676,-0.017,-5.032,-0.032,0.108,2,14,0,0.194,0,0,0.307,0.2492,0,11.603,3.051,-5.266,-0.266,0.113,2,14,0,0.175,0,0,0.313,0.2490,0,11.639,-3.213,-5.385,-0.385,0.103,2,14,0,0.182,0,0,0.315,0.2537,0,14.887,-0.056,-4.746,0.254,0.108,2,14,0,0.214,0,0,0.213,0.2618,0,8.992,0.168,-4.731,0.269,0.169,2,14,0,0.234,0,0,0.211,0.2643,0,14.659,3.057,-5.680,-0.680,0.208,2,14,0,0.181,0,0,0.444,0.2918,0,8.886,3.103,-5.181,-0.181,0.130,2,14,0,0.147,0,0,0.216,0.2328,0,14.778,-3.199,-5.041,-0.041,0.130,2,14,0,0.207,0,0,0.307,0.2629,0,8.904,-3.020,-6.356,-1.356,0.075,2,14,0,0.183,0,0,0.234,0.2670,0,2.707,0.419,0,0,0.234,12.000,0.000,0.000,0.000
68.0,11.843,-0.157,-5.013,-0.013,0.176,2,14,0,0.226,0,0,0.219,0.2492,0,11.788,3.107,-5.276,-0.276,0.191,2,14,0,0.185,0,0,0.145,0.2490,0,11.827,-3.254,-5.330,-0.330,0.159,2,14,0,0.178,0,0,0.194,0.2537,0,14.956,-0.076,-4.736,0.264,0.128,2,14,0,0.491,0,0,0.146,0.2618,0,9.138,0.165,-4.724,0.276,0.163,2,14,0,0.184,0,0,0.064,0.2643,0,14.949,3.030,-5.696,-0.696,0.278,2,14,0,0.176,0,0,0.217,0.2918,0,8.975,3.058,-5.158,-0.158,0.147,2,14,0,0.148,0,0,0.131,0.2328,0,14.982,-3.171,-5.057,-0.057,0.192,2,14,0,0.188,0,0,0.104,0.2629,0,8.957,-3.100,-6.297,-1.297,0.130,2,14,0,0.199,0,0,0.188,0.2670,0,2.739,0.307,0,0,0.491,12.000,0.000,0.000,0.000
69.0,12.015,-0.169,-4.992,0.008,0.154,2,14,0,0.188,0,0,0.185,0.2492,0,12.009,3.081,-5.253,-0.253,0.156,2,14,0,0.367,0,0,0.101,0.2490,0,11.861,-3.207,-5.379,-0.379,0.139,2,14,0,0.184,0,0,0.138,0.2537,0,15.086,-0.086,-4.697,0.303,0.138,2,14,0,0.170,0,0,0.028,0.2618,0,9.276,0.141,-4.781,0.219,0.117,2,14,0,0.187,0,0,0.077,0.2643,0,15.204,3.050,-5.694,-0.694,0.226,2,14,0,0.731,0,0,0.197,0.2918,0,9.054,3.071,-5.179,-0.179,0.127,2,14,0,0.220,0,0,0.053,0.2328,0,15.103,-3.166,-5.035,-0.035,0.139,2,14,0,0.152,0,0,0.049,0.2629,0,9.063,-3.115,-6.399,-1.399,0.125,2,14,0,0.158,0,0,0.099,0.2670,0,2.764,0.310,0,0,0.731,12.000,0.000,0.000,0.000
70.0,12.114,-0.102,-4.945,0.055,0.116,2,14,0,0.185,0,0,0.175,0.2492,0,12.076,3.028,-5.316,-0.316,0.055,2,14,0,0.174,0,0,0.162,0.2490,0,11.981,-3.104,-5.326,-0.326,0.135,2,14,0,0.245,0,0,0.057,0.2537,0,15.230,-0.061,-4.723,0.277,0.085,2,14,0,0.160,0,0,0.129,0.2618,0,9.331,0.130,-4.689,0.311,0.036,2,14,0,0.200,0,0,0.135,0.2643,0,15.348,3.128,-5.741,-0.741,0.135,2,14,0,0.187,0,0,0.281,0.2918,0,9.129,3.069,-5.135,-0.135,0.097,2,14,0,0.216,0,0,0.035,0.2328,0,15.183,-3.207,-5.018,-0.018,0.070,2,14,0,0.180,0,0,0.136,0.2629,0,9.139,-3.097,-6.438,-1.438,0.095,2,14,0,0.149,0,0,0.046,0.2670,0,2.804,0.371,0,0,0.245,12.000,0.000,0.000,0.000
71.0,12.200,0.039,-4.975,0.025,0.118,2,14,0,0.201,0,0,0.221,0.2492,0,12.001,2.995,-5.291,-0.291,0.040,2,14,0,0.146,0,0,0.098,0.2490,0,12.064,-3.028,-5.305,-0.305,0.065,2,14,0,0.157,0,0,0.150,0.2537,0,15.268,-0.035,-4.690,0.310,0.003,2,14,0,0.147,0,0,0.170,0.2618,0,9.265,0.180,-4.762,0.238,0.038,2,14,0,0.186,0,0,0.065,0.2643,0,15.374,3.213,-5.719,-0.719,0.115,2,14,0,0.183,0,0,0.299,0.2918,0,9.225,3.064,-5.129,-0.129,0.043,2,14,0,0.178,0,0,0.128,0.2328,0,15.220,-3.156,-5.014,-0.014,0.055,2,14,0,0.174,0,0,0.150,0.2629,0,9.255,-3.113,-6.381,-1.381,0.063,2,14,0,0.157,0,0,0.133,0.2670,0,2.781,0.430,0,0,0.201,12.000,0.000,0.000,0.000
72.0,12.122,0.166,-4.980,0.020,0.118,2,14,0,0.183,0,0,0.211,0.2492,0,11.997,2.993,-5.331,-0.331,0.048,2,14,0,0.175,0,0,0.095,0.2490,0,12.053,-2.929,-5.302,-0.302,0.053,2,14,0,0.188,0,0,0.202,0.2537,0,15.227,-0.083,-4.739,0.261,0.070,2,14,0,0.178,0,0,0.130,0.2618,0,9.240,0.211,-4.762,0.238,0.043,2,14,0,0.187,0,0,0.059,0.2643,0,15.213,3.308,-5.663,-0.663,0.178,2,14,0,0.184,0,0,0.175,0.2918,0,9.258,3.027,-5.145,-0.145,0.024,2,14,0,0.174,0,0,0.171,0.2328,0,15.194,-3.099,-5.044,-0.044,0.071,2,14,0,0.162,0,0,0.123,0.2629,0,9.291,-3.078,-6.382,-1.382,0.047,2,14,0,0.155,0,0,0.158,0.2670,0,2.746,0.374,0,0,0.188,12.000,0.000,0.000,0.000
73.0,11.948,0.186,-4.989,0.011,0.130,2,14,0,0.185,0,0,0.176,0.2492,0,11.936,3.059,-5.350,-0.350,0.079,2,14,0,0.174,0,0,0.026,0.2490,0,12.040,-2.940,-5.332,-0.332,0.089,2,14,0,0.182,0,0,0.186,0.2537,0,15.134,-0.102,-4.776,0.224,0.093,2,14,0,0.184,0,0,0.052,0.2618,0,9.235,0.188,-4.786,0.214,0.045,2,14,0,0.171,0,0,0.039,0.2643,0,15.084,3.352,-5.667,-0.667,0.154,2,14,0,0.175,0,0,0.150,0.2918,0,9.200,3.063,-5.097,-0.097,0.090,2,14,0,0.148,0,0,0.105,0.2328,0,15.169,-3.107,-4.992,0.008,0.074,2,14,0,0.159,0,0,0.096,0.2629,0,9.297,-3.055,-6.391,-1.391,0.079,2,14,0,0.194,0,0,0.161,0.2670,0,2.721,0.362,0,0,0.194,12.000,0.000,0.000,0.000
74.0,11.857,0.154,-4.969,0.031,0.104,2,14,0,0.180,0,0,0.188,0.2492,0,11.842,3.100,-5.305,-0.305,0.046,2,14,0,0.158,0,0,0.093,0.2490,0,11.987,-2.993,-5.342,-0.342,0.120,2,14,0,0.178,0,0,0.112,0.2537,0,15.018,-0.126,-4.714,0.286,0.069,2,14,0,0.148,0,0,0.101,0.2618,0,9.198,0.204,-4.773,0.227,0.047,2,14,0,0.190,0,0,0.039,0.2643,0,14.956,3.295,-5.633,-0.633,0.123,2,14,0,0.187,0,0,0.149,0.2918,0,9.121,3.127,-5.087,-0.087,0.106,2,14,0,0.182,0,0,0.039,0.2328,0,15.136,-3.082,-4.990,0.010,0.090,2,14,0,0.157,0,0,0.076,0.2629,0,9.224,-3.058,-6.321,-1.321,0.092,2,14,0,0.153,0,0,0.088,0.2670,0,2.666,0.298,0,0,0.190,12.000,0.000,0.000,0.000
75.0,11.808,0.049,-5.052,-0.052,0.109,2,14,0,0.210,0,0,0.175,0.2492,0,11.833,3.098,-5.309,-0.309,0.015,2,14,0,0.155,0,0,0.099,0.2490,0,11.834,-3.095,-5.320,-0.320,0.119,2,14,0,0.150,0,0,0.092,0.2537,0,14.917,-0.120,-4.711,0.289,0.047,2,14,0,0.185,0,0,0.190,0.2618,0,9.139,0.178,-4.673,0.327,0.041,2,14,0,0.235,0,0,0.064,0.2643,0,14.842,3.338,-5.663,-0.663,0.064,2,14,0,0.157,0,0,0.269,0.2918,0,9.039,3.144,-5.109,-0.109,0.064,2,14,0,0.172,0,0,0.079,0.2328,0,15.042,-3.082,-4.997,0.003,0.076,2,14,0,0.180,0,0,0.054,0.2629,0,9.125,-2.999,-6.385,-1.385,0.101,2,14,0,0.182,0,0,0.052,0.2670,0,2.699,0.373,0,0,0.235,12.000,0.000,0.000,0.000
76.0,11.864,-0.062,-5.000,0.000,0.113,2,14,0,0.196,0,0,0.139,0.2492,0,11.896,3.090,-5.302,-0.302,0.037,2,14,0,0.155,0,0,0.050,0.2490,0,11.768,-3.160,-5.310,-0.310,0.060,2,14,0,0.145,0,0,0.174,0.2537,0,14.935,-0.108,-4.718,0.282,0.066,2,14,0,0.154,0,0,0.171,0.2618,0,9.072,0.146,-4.841,0.159,0.015,2,14,0,0.159,0,0,0.130,0.2643,0,14.770,3.263,-5.712,-0.712,0.112,2,14,0,0.179,0,0,0.312,0.2918,0,8.990,3.145,-5.119,-0.119,0.030,2,14,0,0.171,0,0,0.121,0.2328,0,15.016,-3.110,-4.988,0.012,0.041,2,14,0,0.154,0,0,0.060,0.2629,0,9.044,-2.978,-6.390,-1.390,0.062,2,14,0,0.155,0,0,0.116,0.2670,0,2.803,0.349,0,0,0.196,12.000,0.000,0.000,0.000
77.0,11.985,-0.149,-4.949,0.051,0.092,2,14,0,0.160,0,0,0.159,0.2492,0,11.928,3.024,-5.299,-0.299,0.050,2,14,0,0.169,0,0,0.023,0.2490,0,11.774,-3.223,-5.344,-0.344,0.056,2,14,0,0.177,0,0,0.205,0.2537,0,15.014,-0.063,-4.730,0.270,0.104,2,14,0,0.178,0,0,0.087,0.2618,0,9.125,0.158,-4.807,0.193,0.065,2,14,0,0.181,0,0,0.078,0.2643,0,14.919,3.142,-5.753,-0.753,0.182,2,14,0,0.180,0,0,0.172,0.2918,0,9.003,3.119,-5.164,-0.164,0.041,2,14,0,0.152,0,0,0.102,0.2328,0,14.900,-3.109,-4.977,0.023,0.026,2,14,0,0.185,0,0,0.174,0.2629,0,9.018,-2.966,-6.450,-1.450,0.029,2,14,0,0.186,0,0,0.144,0.2670,0,2.880,0.318,0,0,0.186,12.000,0.000,0.000,0.000
78.0,12.020,-0.173,-5.048,-0.048,0.069,2,14,0,0.156,0,0,0.189,0.2492,0,11.925,3.000,-5.291,-0.291,0.017,2,14,0,0.153,0,0,0.045,0.2490,0,11.949,-3.179,-5.304,-0.304,0.107,2,14,0,0.180,0,0,0.095,0.2537,0,15.117,-0.021,-4.705,0.295,0.096,2,14,0,0.175,0,0,0.044,0.2618,0,9.136,0.202,-4.765,0.235,0.064,2,14,0,0.160,0,0,0.075,0.2643,0,15.124,3.123,-5.782,-0.782,0.168,2,14,0,0.231,0,0,0.091,0.2918,0,9.052,3.060,-5.150,-0.150,0.057,2,14,0,0.177,0,0,0.058,0.2328,0,14.915,-3.157,-5.053,-0.053,0.065,2,14,0,0.185,0,0,0.163,0.2629,0,8.955,-3.017,-6.388,-1.388,0.064,2,14,0,0.179,0,0,0.184,0.2670,0,2.877,0.244,0,0,0.231,12.000,0.000,0.000,0.000
79.0,12.039,-0.131,-4.998,0.002,0.102,2,14,0,0.157,0,0,0.156,0.2492,0,11.904,3.006,-5.314,-0.314,0.009,2,14,0,0.173,0,0,0.040,0.2490,0,12.025,-3.119,-5.333,-0.333,0.074,2,14,0,0.181,0,0,0.104,0.2537,0,15.166,0.034,-4.689,0.311,0.042,2,14,0,0.151,0,0,0.119,0.2618,0,9.213,0.175,-4.665,0.335,0.066,2,14,0,0.160,0,0,0.014,0.2643,0,15.313,3.097,-5.747,-0.747,0.081,2,14,0,0.160,0,0,0.259,0.2918,0,9.090,3.028,-5.066,-0.066,0.049,2,14,0,0.470,0,0,0.065,0.2328,0,15.023,-3.169,-5.059,-0.059,0.112,2,14,0,0.188,0,0,0.068,0.2629,0,9.017,-3.028,-6.410,-1.410,0.095,2,14,0,0.180,0,0,0.123,0.2670,0,2.824,0.328,0,0,0.470,12.000,0.000,0.000,0.000
80.0,12.044,-0.013,-4.985,0.015,0.124,2,14,0,0.191,0,0,0.069,0.2492,0,11.885,3.044,-5.288,-0.288,0.019,2,14,0,0.221,0,0,0.030,0.2490,0,11.979,-3.061,-5.284,-0.284,0.055,2,14,0,0.173,0,0,0.059,0.2537,0,15.197,0.042,-4.684,0.316,0.043,2,14,0,0.144,0,0,0.144,0.2618,0,9.242,0.119,-4.717,0.283,0.042,2,14,0,0.220,0,0,0.061,0.2643,0,15.281,3.087,-5.731,-0.731,0.084,2,14,0,0.217,0,0,0.238,0.2918,0,9.160,3.074,-5.078,-0.078,0.048,2,14,0,0.174,0,0,0.063,0.2328,0,15.096,-3.118,-4.969,0.031,0.090,2,14,0,0.245,0,0,0.022,0.2629,0,9.085,-3.073,-6.384,-1.384,0.111,2,14,0,0.178,0,0,0.057,0.2670,0,2.734,0.294,0,0,0.245,12.000,0.000,0.000,0.000
81.0,12.088,0.115,-5.037,-0.037,0.089,2,14,0,0.192,0,0,0.148,0.2492,0,11.861,3.054,-5.281,-0.281,0.015,2,14,0,0.189,0,0,0.056,0.2490,0,11.935,-3.024,-5.353,-0.353,0.044,2,14,0,0.153,0,0,0.063,0.2537,0,15.178,-0.048,-4.704,0.296,0.088,2,14,0,0.236,0,0,0.083,0.2618,0,9.281,0.111,-4.733,0.267,0.015,2,14,0,0.159,0,0,0.096,0.2643,0,15.164,3.131,-5.701,-0.701,0.145,2,14,0,0.197,0,0,0.116,0.2918,0,9.179,3.101,-5.119,-0.119,0.017,2,14,0,0.179,0,0,0.080,0.2328,0,15.181,-3.128,-4.959,0.041,0.046,2,14,0,0.158,0,0,0.107,0.2629,0,9.260,-3.104,-6.408,-1.408,0.084,2,14,0,0.208,0,0,0.134,0.2670,0,2.687,0.302,0,0,0.236,12.000,0.000,0.000,0.000
82.0,12.025,0.151,-5.018,-0.018,0.053,2,14,0,0.172,0,0,0.145,0.2492,0,11.896,3.043,-5.317,-0.317,0.036,2,14,0,0.172,0,0,0.020,0.2490,0,11.931,-3.048,-5.337,-0.337,0.020,2,14,0,0.179,0,0,0.040,0.2537,0,15.137,-0.107,-4.718,0.282,0.066,2,14,0,0.148,0,0,0.055,0.2618,0,9.269,0.144,-4.801,0.199,0.036,2,14,0,0.158,0,0,0.071,0.2643,0,15.064,3.206,-5.682,-0.682,0.129,2,14,0,0.219,0,0,0.010,0.2918,0,9.158,3.081,-5.132,-0.132,0.040,2,14,0,0.207,0,0,0.060,0.2328,0,15.207,-3.137,-4.957,0.043,0.014,2,14,0,0.148,0,0,0.133,0.2629,0,9.299,-3.068,-6.386,-1.386,0.016,2,14,0,0.183,0,0,0.165,0.2670,0,2.745,0.307,0,0,0.219,12.000,0.000,0.000,0.000
83.0,11.955,0.114,-5.059,-0.059,0.079,2,14,0,0.181,0,0,0.106,0.2492,0,11.922,3.032,-5.328,-0.328,0.033,2,14,0,0.175,0,0,0.013,0.2490,0,11.931,-3.065,-5.357,-0.357,0.016,2,14,0,0.202,0,0,0.022,0.2537,0,15.103,-0.144,-4.696,0.304,0.053,2,14,0,0.158,0,0,0.080,0.2618,0,9.271,0.119,-4.813,0.187,0.044,2,14,0,0.172,0,0,0.084,0.2643,0,14.992,3.286,-5.658,-0.658,0.068,2,14,0,0.163,0,0,0.118,0.2918,0,9.110,3.065,-5.090,-0.090,0.052,2,14,0,0.185,0,0,0.030,0.2328,0,15.071,-3.136,-4.963,0.037,0.074,2,14,0,0.190,0,0,0.011,0.2629,0,9.244,-3.068,-6.361,-1.361,0.074,2,14,0,0.191,0,0,0.111,0.2670,0,2.696,0.296,0,0,0.202,12.000,0.000,0.000,0.000
84.0,11.815,0.067,-5.029,-0.029,0.072,2,14,0,0.182,0,0,0.174,0.2492,0,12.023,3.064,-5.278,-0.278,0.025,2,14,0,0.207,0,0,0.109,0.2490,0,11.880,-3.098,-5.382,-0.382,0.029,2,14,0,0.188,0,0,0.047,0.2537,0,15.074,-0.152,-4.773,0.227,0.051,2,14,0,0.180,0,0,0.091,0.2618,0,9.195,0.146,-4.709,0.291,0.052,2,14,0,0.222,0,0,0.021,0.2643,0,14.980,3.256,-5.674,-0.674,0.007,2,14,0,0.162,0,0,0.108,0.2918,0,9.068,3.063,-5.116,-0.116,0.034,2,14,0,0.556,0,0,0.044,0.2328,0,15.042,-3.143,-5.030,-0.030,0.034,2,14,0,0.179,0,0,0.037,0.2629,0,9.148,-3.083,-6.388,-1.388,0.079,2,14,0,0.151,0,0,0.036,0.2670,0,2.641,0.257,0,0,0.556,12.000,0.000,0.000,0.000
85.0,11.916,0.040,-4.968,0.032,0.086,2,14,0,0.191,0,0,0.071,0.2492,0,12.013,3.062,-5.278,-0.278,0.039,2,14,0,0.150,0,0,0.099,0.2490,0,11.883,-3.120,-5.337,-0.337,0.009,2,14,0,0.148,0,0,0.054,0.2537,0,14.982,-0.141,-4.765,0.235,0.058,2,14,0,0.180,0,0,0.140,0.2618,0,9.207,0.212,-4.723,0.277,0.047,2,14,0,0.192,0,0,0.046,0.2643,0,14.979,3.249,-5.702,-0.702,0.057,2,14,0,0.178,0,0,0.108,0.2918,0,9.018,3.115,-5.066,-0.066,0.026,2,14,0,0.181,0,0,0.085,0.2328,0,15.033,-3.163,-5.015,-0.015,0.016,2,14,0,0.151,0,0,0.055,0.2629,0,9.098,-3.061,-6.367,-1.367,0.057,2,14,0,0.154,0,0,0.039,0.2670,0,2.725,0.296,0,0,0.192,12.000,0.000,0.000,0.000
86.0,12.041,-0.025,-5.021,-0.021,0.086,2,14,0,0.182,0,0,0.069,0.2492,0,11.999,3.099,-5.257,-0.257,0.070,2,14,0,0.174,0,0,0.101,0.2490,0,11.878,-3.125,-5.328,-0.328,0.023,2,14,0,0.183,0,0,0.061,0.2537,0,14.973,-0.083,-4.773,0.227,0.072,2,14,0,0.174,0,0,0.129,0.2618,0,9.201,0.218,-4.743,0.257,0.019,2,14,0,0.194,0,0,0.052,0.2643,0,15.041,3.203,-5.728,-0.728,0.082,2,14,0,0.179,0,0,0.036,0.2918,0,9.016,3.146,-5.175,-0.175,0.027,2,14,0,0.150,0,0,0.099,0.2328,0,15.026,-3.133,-5.011,-0.011,0.016,2,14,0,0.177,0,0,0.049,0.2629,0,9.050,-3.046,-6.323,-1.323,0.030,2,14,0,0.151,0,0,0.085,0.2670,0,2.864,0.296,0,0,0.194,12.000,0.000,0.000,0.000
87.0,12.039,-0.059,-4.955,0.045,0.019,2,14,0,0.161,0,0,0.092,0.2492,0,11.930,3.108,-5.280,-0.280,0.088,2,14,0,0.185,0,0,0.066,0.2490,0,11.875,-3.164,-5.332,-0.332,0.034,2,14,0,0.185,0,0,0.093,0.2537,0,15.043,0.015,-4.721,0.279,0.095,2,14,0,0.178,0,0,0.098,0.2618,0,9.142,0.203,-4.715,0.285,0.017,2,14,0,0.184,0,0,0.069,0.2643,0,15.131,3.181,-5.659,-0.659,0.061,2,14,0,0.388,0,0,0.058,0.2918,0,9.071,3.137,-5.118,-0.118,0.053,2,14,0,0.182,0,0,0.054,0.2328,0,15.054,-3.119,-5.008,-0.008,0.028,2,14,0,0.178,0,0,0.022,0.2629,0,9.028,-2.993,-6.353,-1.353,0.024,2,14,0,0.164,0,0,0.122,0.2670,0,2.864,0.248,0,0,0.388,12.000,0.000,0.000,0.000
88.0,11.989,-0.061,-4.971,0.029,0.033,2,14,0,0.178,0,0,0.074,0.2492,0,11.834,3.082,-5.234,-0.234,0.062,2,14,0,0.146,0,0,0.090,0.2490,0,11.980,-3.164,-5.327,-0.327,0.050,2,14,0,0.233,0,0,0.094,0.2537,0,15.097,0.097,-4.747,0.253,0.072,2,14,0,0.152,0,0,0.159,0.2618,0,9.101,0.194,-4.778,0.222,0.031,2,14,0,0.164,0,0,0.105,0.2643,0,15.176,3.220,-5.672,-0.672,0.013,2,14,0,0.215,0,0,0.099,0.2918,0,9.129,3.109,-5.114,-0.114,0.045,2,14,0,0.146,0,0,0.032,0.2328,0,15.093,-3.075,-5.022,-0.022,0.030,2,14,0,0.156,0,0,0.054,0.2629,0,9.034,-2.945,-6.355,-1.355,0.055,2,14,0,0.181,0,0,0.145,0.2670,0,2.708,0.282,0,0,0.233,12.000,0.000,0.000,0.000
89.0,11.914,-0.037,-4.969,0.031,0.047,2,14,0,0.186,0,0,0.080,0.2492,0,11.751,3.083,-5.261,-0.261,0.033,2,14,0,0.149,0,0,0.170,0.2490,0,12.013,-3.162,-5.360,-0.360,0.049,2,14,0,0.150,0,0,0.115,0.2537,0,15.132,0.067,-4.742,0.258,0.090,2,14,0,0.427,0,0,0.137,0.2618,0,9.133,0.162,-4.800,0.200,0.057,2,14,0,0.162,0,0,0.069,0.2643,0,15.196,3.241,-5.701,-0.701,0.035,2,14,0,0.181,0,0,0.126,0.2918,0,9.096,3.097,-5.170,-0.170,0.022,2,14,0,0.149,0,0,0.005,0.2328,0,15.105,-3.053,-5.017,-0.017,0.016,2,14,0,0.178,0,0,0.079,0.2629,0,9.107,-2.961,-6.393,-1.393,0.088,2,14,0,0.157,0,0,0.093,0.2670,0,2.656,0.311,0,0,0.427,12.000,0.000,0.000,0.000
90.0,11.913,-0.009,-4.937,0.063,0.047,2,14,0,0.154,0,0,0.071,0.2492,0,11.712,3.032,-5.353,-0.353,0.081,2,14,0,0.174,0,0,0.204,0.2490,0,11.992,-3.143,-5.332,-0.332,0.065,2,14,0,0.153,0,0,0.087,0.2537,0,15.232,-0.068,-4.722,0.278,0.103,2,14,0,0.149,0,0,0.132,0.2618,0,9.214,0.086,-4.759,0.241,0.062,2,14,0,0.188,0,0,0.081,0.2643,0,15.102,3.267,-5.689,-0.689,0.078,2,14,0,0.188,0,0,0.070,0.2918,0,9.094,3.081,-5.150,-0.150,0.023,2,14,0,0.146,0,0,0.013,0.2328,0,15.061,-3.055,-4.958,0.042,0.034,2,14,0,0.188,0,0,0.072,0.2629,0,9.176,-3.052,-6.366,-1.366,0.080,2,14,0,0.233,0,0,0.041,0.2670,0,2.626,0.290,0,0,0.233,12.000,0.000,0.000,0.000
91.0,11.972,-0.030,-4.980,0.020,0.047,2,14,0,0.191,0,0,0.041,0.2492,0,11.812,2.998,-5.323,-0.323,0.134,2,14,0,0.173,0,0,0.116,0.2490,0,11.990,-3.080,-5.388,-0.388,0.076,2,14,0,0.183,0,0,0.064,0.2537,0,15.270,-0.177,-4.755,0.245,0.077,2,14,0,0.177,0,0,0.203,0.2618,0,9.275,0.127,-4.717,0.283,0.035,2,14,0,0.184,0,0,0.083,0.2643,0,15.046,3.238,-5.696,-0.696,0.061,2,14,0,0.180,0,0,0.046,0.2918,0,9.115,3.041,-5.158,-0.158,0.016,2,14,0,0.152,0,0,0.055,0.2328,0,15.042,-3.149,-5.025,-0.025,0.060,2,14,0,0.206,0,0,0.039,0.2629,0,9.187,-3.093,-6.326,-1.326,0.046,2,14,0,0.151,0,0,0.066,0.2670,0,2.702,0.323,0,0,0.206,12.000,0.000,0.000,0.000
92.0,12.056,-0.017,-4.911,0.089,0.053,2,14,0,0.182,0,0,0.078,0.2492,0,11.971,2.960,-5.334,-0.334,0.124,2,14,0,0.206,0,0,0.100,0.2490,0,11.899,-2.978,-5.352,-0.352,0.070,2,14,0,0.157,0,0,0.112,0.2537,0,15.220,-0.219,-4.682,0.318,0.095,2,14,0,0.186,0,0,0.197,0.2618,0,9.191,0.192,-4.721,0.279,0.031,2,14,0,0.152,0,0,0.028,0.2643,0,15.024,3.212,-5.722,-0.722,0.051,2,14,0,0.192,0,0,0.050,0.2918,0,9.206,2.992,-5.131,-0.131,0.004,2,14,0,0.176,0,0,0.146,0.2328,0,15.031,-3.234,-5.001,-0.001,0.020,2,14,0,0.166,0,0,0.117,0.2629,0,9.201,-3.126,-6.365,-1.365,0.003,2,14,0,0.159,0,0,0.101,0.2670,0,2.773,0.310,0,0,0.206,12.000,0.000,0.000,0.000
93.0,12.046,-0.027,-4.939,0.061,0.029,2,14,0,0.179,0,0,0.078,0.2492,0,12.126,2.916,-5.333,-0.333,0.054,2,14,0,0.181,0,0,0.245,0.2490,0,11.881,-2.970,-5.300,-0.300,0.035,2,14,0,0.152,0,0,0.125,0.2537,0,15.116,-0.136,-4.717,0.283,0.131,2,14,0,0.178,0,0,0.077,0.2618,0,9.234,0.183,-4.781,0.219,0.008,2,14,0,0.168,0,0,0.037,0.2643,0,14.977,3.203,-5.707,-0.707,0.023,2,14,0,0.813,0,0,0.097,0.2918,0,9.182,3.042,-5.076,-0.076,0.073,2,14,0,0.176,0,0,0.100,0.2328,0,15.095,-3.237,-5.009,-0.009,0.038,2,14,0,0.180,0,0,0.114,0.2629,0,9.184,-3.131,-6.397,-1.397,0.027,2,14,0,0.153,0,0,0.094,0.2670,0,2.824,0.298,0,0,0.813,12.000,0.000,0.000,0.000
94.0,12.010,0.048,-5.055,-0.055,0.058,2,14,0,0.181,0,0,0.046,0.2492,0,12.129,2.949,-5.337,-0.337,0.082,2,14,0,0.206,0,0,0.233,0.2490,0,11.857,-3.024,-5.411,-0.411,0.063,2,14,0,0.175,0,0,0.093,0.2537,0,15.026,-0.011,-4.765,0.235,0.098,2,14,0,0.203,0,0,0.089,0.2618,0,9.253,0.127,-4.737,0.263,0.016,2,14,0,0.194,0,0,0.064,0.2643,0,14.972,3.174,-5.739,-0.739,0.050,2,14,0,0.171,0,0,0.108,0.2918,0,9.113,3.169,-5.100,-0.100,0.090,2,14,0,0.214,0,0,0.076,0.2328,0,15.146,-3.212,-5.022,-0.022,0.056,2,14,0,0.187,0,0,0.112,0.2629,0,9.167,-3.129,-6.394,-1.394,0.045,2,14,0,0.182,0,0,0.083,0.2670,0,2.776,0.283,0,0,0.214,12.000,0.000,0.000,0.000
95.0,11.962,0.114,-5.010,-0.010,0.036,2,14,0,0.165,0,0,0.104,0.2492,0,12.030,3.038,-5.270,-0.270,0.159,2,14,0,0.182,0,0,0.114,0.2490,0,11.895,-3.127,-5.401,-0.401,0.072,2,14,0,0.184,0,0,0.050,0.2537,0,14.989,0.043,-4.745,0.255,0.028,2,14,0,0.205,0,0,0.152,0.2618,0,9.235,0.125,-4.782,0.218,0.031,2,14,0,0.158,0,0,0.053,0.2643,0,15.040,3.131,-5.691,-0.691,0.076,2,14,0,0.155,0,0,0.081,0.2918,0,9.067,3.235,-5.121,-0.121,0.039,2,14,0,0.181,0,0,0.145,0.2328,0,15.124,-3.176,-4.998,0.002,0.069,2,14,0,0.149,0,0,0.071,0.2629,0,9.158,-3.070,-6.369,-1.369,0.066,2,14,0,0.186,0,0,0.030,0.2670,0,2.737,0.266,0,0,0.205,12.000,0.000,0.000,0.000
96.0,11.935,0.060,-4.990,0.010,0.044,2,14,0,0.183,0,0,0.066,0.2492,0,11.899,3.202,-5.196,-0.196,0.130,2,14,0,0.159,0,0,0.159,0.2490,0,11.869,-3.162,-5.316,-0.316,0.037,2,14,0,0.175,0,0,0.095,0.2537,0,14.971,0.045,-4.770,0.230,0.045,2,14,0,0.150,0,0,0.168,0.2618,0,9.175,0.161,-4.707,0.293,0.047,2,14,0,0.175,0,0,0.028,0.2643,0,15.105,3.115,-5.689,-0.689,0.060,2,14,0,0.158,0,0,0.093,0.2918,0,9.107,3.199,-5.146,-0.146,0.053,2,14,0,0.146,0,0,0.106,0.2328,0,15.084,-3.109,-5.045,-0.045,0.076,2,14,0,0.165,0,0,0.019,0.2629,0,9.156,-3.000,-6.416,-1.416,0.052,2,14,0,0.239,0,0,0.053,0.2670,0,2.776,0.238,0,0,0.239,12.000,0.000,0.000,0.000
97.0,11.963,0.001,-5.024,-0.024,0.042,2,14,0,0.192,0,0,0.023,0.2492,0,11.845,3.189,-5.226,-0.226,0.071,2,14,0,0.172,0,0,0.161,0.2490,0,11.931,-3.143,-5.331,-0.331,0.045,2,14,0,0.155,0,0,0.057,0.2537,0,15.018,-0.031,-4.745,0.255,0.101,2,14,0,0.179,0,0,0.090,0.2618,0,9.132,0.201,-4.753,0.247,0.020,2,14,0,0.257,0,0,0.077,0.2643,0,15.126,3.210,-5.659,-0.659,0.062,2,14,0,0.174,0,0,0.051,0.2918,0,9.094,3.164,-5.173,-0.173,0.073,2,14,0,0.145,0,0,0.071,0.2328,0,15.091,-3.063,-4.963,0.037,0.038,2,14,0,0.185,0,0,0.064,0.2629,0,9.125,-2.999,-6.389,-1.389,0.025,2,14,0,0.170,0,0,0.053,0.2670,0,2.752,0.245,0,0,0.257,12.000,0.000,0.000,0.000
98.0,11.955,0.009,-5.059,-0.059,0.021,2,14,0,0.231,0,0,0.025,0.2492,0,11.760,3.151,-5.323,-0.323,0.078,2,14,0,0.212,0,0,0.190,0.2490,0,11.936,-3.096,-5.274,-0.274,0.041,2,14,0,0.153,0,0,0.014,0.2537,0,15.105,-0.088,-4.719,0.281,0.084,2,14,0,0.151,0,0,0.024,0.2618,0,9.055,0.215,-4.752,0.248,0.021,2,14,0,0.181,0,0,0.156,0.2643,0,15.085,3.239,-5.629,-0.629,0.025,2,14,0,0.179,0,0,0.038,0.2918,0,9.088,3.116,-5.076,-0.076,0.080,2,14,0,0.150,0,0,0.026,0.2328,0,15.105,-3.043,-4.973,0.027,0.032,2,14,0,0.184,0,0,0.089,0.2629,0,9.085,-3.025,-6.373,-1.373,0.027,2,14,0,0.154,0,0,0.057,0.2670,0,2.683,0.284,0,0,0.231,12.000,0.000,0.000,0.000
99.0,11.900,-0.002,-5.059,-0.059,0.014,2,14,0,0.157,0,0,0.081,0.2492,0,11.811,3.092,-5.254,-0.254,0.106,2,14,0,0.175,0,0,0.116,0.2490,0,11.973,-3.053,-5.285,-0.285,0.024,2,14,0,0.211,0,0,0.057,0.2537,0,15.140,-0.106,-4.741,0.259,0.038,2,14,0,0.150,0,0,0.058,0.2618,0,9.133,0.187,-4.765,0.235,0.069,2,14,0,0.186,0,0,0.073,0.2643,0,15.068,3.243,-5.665,-0.665,0.006,2,14,0,0.191,0,0,0.041,0.2918,0,9.020,3.065,-5.093,-0.093,0.054,2,14,0,0.172,0,0,0.084,0.2328,0,15.115,-3.127,-5.039,-0.039,0.047,2,14,0,0.159,0,0,0.041,0.2629,0,9.076,-3.082,-6.391,-1.391,0.024,2,14,0,0.159,0,0,0.068,0.2670,0,2.789,0.252,0,0,0.211,12.000,0.000,0.000,0.000
100.0,12.023,-0.030,-4.952,0.048,0.054,2,14,0,0.160,0,0,0.059,0.2492,0,11.891,2.994,-5.248,-0.248,0.105,2,14,0,0.176,0,0,0.056,0.2490,0,11.921,-3.040,-5.272,-0.272,0.007,2,14,0,0.154,0,0,0.047,0.2537,0,15.206,-0.136,-4.711,0.289,0.018,2,14,0,0.147,0,0,0.128,0.2618,0,9.213,0.150,-4.735,0.265,0.069,2,14,0,0.184,0,0,0.019,0.2643,0,15.103,3.243,-5.756,-0.756,0.010,2,14,0,0.265,0,0,0.049,0.2918,0,9.013,3.033,-5.097,-0.097,0.029,2,14,0,0.255,0,0,0.105,0.2328,0,15.040,-3.160,-5.024,-0.024,0.041,2,14,0,0.183,0,0,0.047,0.2629,0,9.100,-2.999,-6.405,-1.405,0.030,2,14,0,0.310,0,0,0.062,0.2670,0,2.824,0.264,0,0,0.310,12.000,0.000,0.000,0.000
101.0,12.079,0.028,-4.915,0.085,0.032,2,14,0,0.164,0,0,0.100,0.2492,0,11.893,2.922,-5.260,-0.260,0.048,2,14,0,0.146,0,0,0.123,0.2490,0,11.933,-3.055,-5.360,-0.360,0.019,2,14,0,0.188,0,0,0.033,0.2537,0,15.240,-0.102,-4.755,0.245,0.042,2,14,0,0.155,0,0,0.145,0.2618,0,9.279,0.124,-4.742,0.258,0.034,2,14,0,0.226,0,0,0.087,0.2643,0,15.133,3.231,-5.699,-0.699,0.027,2,14,0,0.149,0,0,0.064,0.2918,0,9.029,3.027,-5.147,-0.147,0.043,2,14,0,0.180,0,0,0.098,0.2328,0,14.972,-3.176,-4.988,0.012,0.015,2,14,0,0.152,0,0,0.113,0.2629,0,9.146,-2.971,-6.417,-1.417,0.035,2,14,0,0.177,0,0,0.079,0.2670,0,2.808,0.305,0,0,0.226,12.000,0.000,0.000,0.000
102.0,12.054,0.087,-5.002,-0.002,0.024,2,14,0,0.182,0,0,0.105,0.2492,0,11.926,2.929,-5.281,-0.281,0.057,2,14,0,0.232,0,0,0.115,0.2490,0,11.875,-3.109,-5.361,-0.361,0.032,2,14,0,0.210,0,0,0.056,0.2537,0,15.179,-0.067,-4.744,0.256,0.087,2,14,0,0.200,0,0,0.083,0.2618,0,9.285,0.140,-4.769,0.231,0.015,2,14,0,0.184,0,0,0.088,0.2643,0,15.067,3.213,-5.704,-0.704,0.039,2,14,0,0.175,0,0,0.014,0.2918,0,9.022,3.078,-5.144,-0.144,0.067,2,14,0,0.193,0,0,0.081,0.2328,0,14.969,-3.135,-5.014,-0.014,0.043,2,14,0,0.222,0,0,0.106,0.2629,0,9.196,-2.987,-6.360,-1.360,0.051,2,14,0,0.179,0,0,0.086,0.2670,0,2.780,0.317,0,0,0.232,12.000,0.000,0.000,0.000
103.0,11.949,0.025,-5.036,-0.036,0.062,2,14,0,0.167,0,0,0.033,0.2492,0,11.982,2.985,-5.292,-0.292,0.076,2,14,0,0.174,0,0,0.088,0.2490,0,11.955,-3.113,-5.398,-0.398,0.034,2,14,0,0.185,0,0,0.038,0.2537,0,15.053,0.012,-4.675,0.325,0.081,2,14,0,0.148,0,0,0.087,0.2618,0,9.211,0.164,-4.809,0.191,0.051,2,14,0,0.191,0,0,0.009,0.2643,0,15.014,3.190,-5.726,-0.726,0.029,2,14,0,0.148,0,0,0.061,0.2918,0,9.043,3.129,-5.144,-0.144,0.074,2,14,0,0.213,0,0,0.070,0.2328,0,15.052,-3.101,-4.983,0.017,0.067,2,14,0,0.177,0,0,0.034,0.2629,0,9.257,-3.102,-6.391,-1.391,0.066,2,14,0,0.176,0,0,0.131,0.2670,0,2.751,0.276,0,0,0.213,12.000,0.000,0.000,0.000
104.0,11.880,0.004,-4.993,0.007,0.022,2,14,0,0.167,0,0,0.101,0.2492,0,12.025,3.071,-5.308,-0.308,0.072,2,14,0,0.192,0,0,0.112,0.2490,0,11.987,-3.169,-5.383,-0.383,0.005,2,14,0,0.181,0,0,0.102,0.2537,0,14.997,-0.042,-4.780,0.220,0.038,2,14,0,0.182,0,0,0.105,0.2618,0,9.214,0.177,-4.818,0.182,0.027,2,14,0,0.180,0,0,0.016,0.2643,0,15.016,3.198,-5.717,-0.717,0.019,2,14,0,0.177,0,0,0.060,0.2918,0,9.197,3.109,-5.121,-0.121,0.071,2,14,0,0.183,0,0,0.095,0.2328,0,15.059,-3.132,-5.031,-0.031,0.049,2,14,0,0.167,0,0,0.017,0.2629,0,9.077,-3.185,-6.399,-1.399,0.069,2,14,0,0.199,0,0,0.146,0.2670,0,2.678,0.277,0,0,0.199,12.000,0.000,0.000,0.000
105.0,11.947,-0.035,-5.029,-0.029,0.038,2,14,0,0.171,0,0,0.057,0.2492,0,12.014,3.102,-5.270,-0.270,0.064,2,14,0,0.182,0,0,0.114,0.2490,0,11.947,-3.134,-5.308,-0.308,0.044,2,14,0,0.175,0,0,0.052,0.2537,0,14.965,-0.076,-4.723,0.277,0.028,2,14,0,0.153,0,0,0.136,0.2618,0,9.220,0.194,-4.787,0.213,0.022,2,14,0,0.200,0,0,0.033,0.2643,0,15.039,3.190,-5.716,-0.716,0.042,2,14,0,0.177,0,0,0.041,0.2918,0,9.270,3.108,-5.131,-0.131,0.006,2,14,0,0.213,0,0,0.170,0.2328,0,15.108,-3.146,-4.998,0.002,0.034,2,14,0,0.166,0,0,0.040,0.2629,0,9.045,-3.158,-6.393,-1.393,0.050,2,14,0,0.170,0,0,0.143,0.2670,0,2.747,0.293,0,0,0.213,12.000,0.000,0.000,0.000
106.0,12.016,-0.077,-4.983,0.017,0.042,2,14,0,0.216,0,0,0.095,0.2492,0,11.932,3.087,-5.303,-0.303,0.073,2,14,0,0.155,0,0,0.046,0.2490,0,11.901,-3.082,-5.346,-0.346,0.049,2,14,0,0.188,0,0,0.026,0.2537,0,15.032,-0.078,-4.737,0.263,0.064,2,14,0,0.199,0,0,0.073,0.2618,0,9.254,0.166,-4.704,0.296,0.027,2,14,0,0.197,0,0,0.052,0.2643,0,15.127,3.194,-5.678,-0.678,0.042,2,14,0,0.186,0,0,0.052,0.2918,0,9.221,3.101,-5.164,-0.164,0.063,2,14,0,0.212,0,0,0.122,0.2328,0,15.172,-3.125,-4.990,0.010,0.014,2,14,0,0.158,0,0,0.097,0.2629,0,9.080,-3.055,-6.373,-1.373,0.081,2,14,0,0.196,0,0,0.057,0.2670,0,2.715,0.303,0,0,0.216,12.000,0.000,0.000,0.000
107.0,12.055,-0.015,-5.000,0.000,0.044,2,14,0,0.179,0,0,0.081,0.2492,0,11.878,3.071,-5.312,-0.312,0.056,2,14,0,0.177,0,0,0.045,0.2490,0,11.897,-3.070,-5.340,-0.340,0.018,2,14,0,0.217,0,0,0.034,0.2537,0,15.110,-0.097,-4.740,0.260,0.066,2,14,0,0.445,0,0,0.035,0.2618,0,9.231,0.178,-4.706,0.294,0.038,2,14,0,0.157,0,0,0.032,0.2643,0,15.194,3.166,-5.708,-0.708,0.011,2,14,0,0.157,0,0,0.122,0.2918,0,9.135,3.086,-5.119,-0.119,0.085,2,14,0,0.173,0,0,0.036,0.2328,0,15.161,-3.050,-4.938,0.062,0.039,2,14,0,0.155,0,0,0.115,0.2629,0,9.107,-3.014,-6.334,-1.334,0.066,2,14,0,0.178,0,0,0.047,0.2670,0,2.750,0.292,0,0,0.445,12.000,0.000,0.000,0.000
108.0,12.039,0.074,-4.982,0.018,0.048,2,14,0,0.149,0,0,0.084,0.2492,0,11.834,3.092,-5.320,-0.320,0.035,2,14,0,0.183,0,0,0.095,0.2490,0,11.992,-3.067,-5.340,-0.340,0.015,2,14,0,0.153,0,0,0.069,0.2537,0,15.168,-0.071,-4.718,0.282,0.038,2,14,0,0.148,0,0,0.068,0.2618,0,9.259,0.152,-4.721,0.279,0.036,2,14,0,0.223,0,0,0.060,0.2643,0,15.242,3.168,-5.681,-0.681,0.040,2,14,0,0.167,0,0,0.170,0.2918,0,9.058,3.122,-5.140,-0.140,0.067,2,14,0,0.193,0,0,0.050,0.2328,0,15.053,-3.042,-5.000,-0.000,0.061,2,14,0,0.203,0,0,0.086,0.2629,0,9.168,-2.964,-6.372,-1.372,0.048,2,14,0,0.157,0,0,0.091,0.2670,0,2.782,0.301,0,0,0.223,12.000,0.000,0.000,0.000
109.0,11.971,0.147,-4.979,0.021,0.041,2,14,0,0.290,0,0,0.135,0.2492,0,11.832,3.056,-5.304,-0.304,0.039,2,14,0,0.180,0,0,0.085,0.2490,0,11.980,-2.994,-5.374,-0.374,0.022,2,14,0,0.183,0,0,0.107,0.2537,0,15.238,-0.045,-4.728,0.272,0.023,2,14,0,0.175,0,0,0.139,0.2618,0,9.163,0.145,-4.723,0.277,0.048,2,14,0,0.152,0,0,0.044,0.2643,0,15.172,3.195,-5.628,-0.628,0.089,2,14,0,0.196,0,0,0.099,0.2918,0,9.095,3.111,-5.124,-0.124,0.024,2,14,0,0.153,0,0,0.018,0.2328,0,15.036,-3.080,-5.029,-0.029,0.058,2,14,0,0.151,0,0,0.060,0.2629,0,9.198,-2.945,-6.381,-1.381,0.020,2,14,0,0.192,0,0,0.122,0.2670,0,2.743,0.260,0,0,0.290,12.000,0.000,0.000,0.000
110.0,11.962,0.096,-4.964,0.036,0.055,2,14,0,0.866,0,0,0.087,0.2492,0,11.889,3.016,-5.266,-0.266,0.058,2,14,0,0.175,0,0,0.038,0.2490,0,11.924,-2.973,-5.335,-0.335,0.052,2,14,0,0.182,0,0,0.114,0.2537,0,15.269,-0.006,-4.700,0.300,0.058,2,14,0,0.150,0,0,0.179,0.2618,0,9.080,0.189,-4.731,0.269,0.028,2,14,0,0.147,0,0,0.123,0.2643,0,15.059,3.238,-5.711,-0.711,0.108,2,14,0,0.189,0,0,0.036,0.2918,0,9.140,3.139,-5.095,-0.095,0.008,2,14,0,0.419,0,0,0.060,0.2328,0,15.033,-3.115,-4.973,0.027,0.050,2,14,0,0.165,0,0,0.043,0.2629,0,9.213,-3.047,-6.424,-1.424,0.060,2,14,0,0.152,0,0,0.077,0.2670,0,2.757,0.269,0,0,0.866,12.000,0.000,0.000,0.000
111.0,11.942,-0.011,-4.971,0.029,0.062,2,14,0,0.156,0,0,0.045,0.2492,0,11.977,2.997,-5.319,-0.319,0.039,2,14,0,0.160,0,0,0.076,0.2490,0,11.860,-3.054,-5.348,-0.348,0.073,2,14,0,0.177,0,0,0.074,0.2537,0,15.092,0.027,-4.711,0.289,0.118,2,14,0,0.252,0,0,0.090,0.2618,0,9.039,0.158,-4.731,0.269,0.036,2,14,0,0.227,0,0,0.162,0.2643,0,14.969,3.258,-5.732,-0.732,0.046,2,14,0,0.189,0,0,0.121,0.2918,0,9.064,3.150,-5.094,-0.094,0.032,2,14,0,0.178,0,0,0.069,0.2328,0,15.118,-3.197,-4.998,0.002,0.044,2,14,0,0.183,0,0,0.084,0.2629,0,9.250,-3.141,-6.444,-1.444,0.043,2,14,0,0.150,0,0,0.145,0.2670,0,2.833,0.287,0,0,0.252,12.000,0.000,0.000,0.000
112.0,12.000,-0.066,-5.043,-0.043,0.036,2,14,0,0.185,0,0,0.079,0.2492,0,11.934,3.013,-5.340,-0.340,0.010,2,14,0,0.341,0,0,0.036,0.2490,0,11.797,-3.101,-5.370,-0.370,0.059,2,14,0,0.155,0,0,0.131,0.2537,0,14.945,-0.007,-4.737,0.263,0.091,2,14,0,0.176,0,0,0.164,0.2618,0,9.111,0.126,-4.720,0.280,0.089,2,14,0,0.170,0,0,0.099,0.2643,0,14.944,3.250,-5.708,-0.708,0.026,2,14,0,0.158,0,0,0.141,0.2918,0,9.029,3.037,-5.053,-0.053,0.042,2,14,0,0.486,0,0,0.088,0.2328,0,15.100,-3.180,-4.984,0.016,0.017,2,14,0,0.158,0,0,0.061,0.2629,0,9.174,-3.171,-6.429,-1.429,0.065,2,14,0,0.156,0,0,0.128,0.2670,0,2.829,0.256,0,0,0.486,12.000,0.000,0.000,0.000
113.0,11.964,-0.089,-5.073,-0.073,0.012,2,14,0,0.737,0,0,0.103,0.2492,0,11.938,3.023,-5.307,-0.307,0.018,2,14,0,0.185,0,0,0.030,0.2490,0,11.805,-3.130,-5.335,-0.335,0.064,2,14,0,0.148,0,0,0.128,0.2537,0,14.928,-0.007,-4.721,0.279,0.052,2,14,0,0.150,0,0,0.181,0.2618,0,9.230,0.167,-4.714,0.286,0.092,2,14,0,0.218,0,0,0.028,0.2643,0,14.995,3.222,-5.762,-0.762,0.070,2,14,0,0.182,0,0,0.084,0.2918,0,8.947,2.942,-5.046,-0.046,0.024,2,14,0,0.148,0,0,0.216,0.2328,0,15.039,-3.106,-5.061,-0.061,0.044,2,14,0,0.179,0,0,0.040,0.2629,0,9.110,-3.070,-6.382,-1.382,0.081,2,14,0,0.234,0,0,0.033,0.2670,0,2.769,0.284,0,0,0.737,12.000,0.000,0.000,0.000
114.0,11.900,-0.037,-5.049,-0.049,0.046,2,14,0,0.183,0,0,0.095,0.2492,0,11.924,3.050,-5.308,-0.308,0.028,2,14,0,0.155,0,0,0.010,0.2490,0,11.837,-3.134,-5.331,-0.331,0.079,2,14,0,0.153,0,0,0.101,0.2537,0,14.988,-0.085,-4.695,0.305,0.093,2,14,0,0.147,0,0,0.114,0.2618,0,9.270,0.158,-4.814,0.186,0.044,2,14,0,0.195,0,0,0.069,0.2643,0,15.035,3.184,-5.704,-0.704,0.067,2,14,0,0.155,0,0,0.044,0.2918,0,9.015,2.966,-5.067,-0.067,0.095,2,14,0,0.174,0,0,0.155,0.2328,0,15.057,-3.083,-5.043,-0.043,0.004,2,14,0,0.181,0,0,0.046,0.2629,0,9.047,-3.002,-6.301,-1.301,0.048,2,14,0,0.161,0,0,0.100,0.2670,0,2.648,0.313,0,0,0.195,12.000,0.000,0.000,0.000
115.0,11.980,-0.015,-4.978,0.022,0.053,2,14,0,0.162,0,0,0.027,0.2492,0,11.879,3.109,-5.305,-0.305,0.019,2,14,0,0.220,0,0,0.075,0.2490,0,11.926,-3.124,-5.310,-0.310,0.091,2,14,0,0.158,0,0,0.037,0.2537,0,15.068,-0.092,-4.718,0.282,0.099,2,14,0,0.181,0,0,0.044,0.2618,0,9.338,0.183,-4.752,0.248,0.009,2,14,0,0.185,0,0,0.136,0.2643,0,15.046,3.167,-5.668,-0.668,0.057,2,14,0,0.192,0,0,0.049,0.2918,0,9.098,2.996,-5.136,-0.136,0.109,2,14,0,0.189,0,0,0.098,0.2328,0,15.033,-3.097,-4.986,0.014,0.017,2,14,0,0.182,0,0,0.050,0.2629,0,9.075,-3.023,-6.382,-1.382,0.025,2,14,0,0.189,0,0,0.067,0.2670,0,2.659,0.384,0,0,0.220,12.000,0.000,0.000,0.000
116.0,11.920,0.029,-4.956,0.044,0.045,2,14,0,0.188,0,0,0.063,0.2492,0,11.924,3.104,-5.308,-0.308,0.024,2,14,0,0.176,0,0,0.061,0.2490,0,12.042,-3.139,-5.303,-0.303,0.052,2,14,0,0.156,0,0,0.127,0.2537,0,15.165,-0.154,-4.719,0.281,0.073,2,14,0,0.176,0,0,0.110,0.2618,0,9.325,0.188,-4.725,0.275,0.062,2,14,0,0.176,0,0,0.126,0.2643,0,15.168,3.164,-5.669,-0.669,0.049,2,14,0,0.178,0,0,0.099,0.2918,0,9.174,3.144,-5.142,-0.142,0.107,2,14,0,0.175,0,0,0.087,0.2328,0,15.068,-3.091,-4.973,0.027,0.022,2,14,0,0.193,0,0,0.035,0.2629,0,9.083,-3.043,-6.394,-1.394,0.043,2,14,0,0.182,0,0,0.054,0.2670,0,2.610,0.375,0,0,0.193,12.000,0.000,0.000,0.000
117.0,11.942,0.056,-4.919,0.081,0.041,2,14,0,0.154,0,0,0.059,0.2492,0,11.925,3.076,-5.305,-0.305,0.034,2,14,0,0.178,0,0,0.034,0.2490,0,12.042,-3.158,-5.318,-0.318,0.040,2,14,0,0.166,0,0,0.136,0.2537,0,15.226,-0.230,-4.742,0.258,0.034,2,14,0,0.181,0,0,0.209,0.2618,0,9.212,0.180,-4.711,0.289,0.083,2,14,0,0.189,0,0,0.017,0.2643,0,15.241,3.155,-5.704,-0.704,0.015,2,14,0,0.154,0,0,0.173,0.2918,0,9.199,3.256,-5.170,-0.170,0.035,2,14,0,0.143,0,0,0.190,0.2328,0,15.102,-3.052,-5.008,-0.008,0.035,2,14,0,0.182,0,0,0.078,0.2629,0,9.123,-3.061,-6.380,-1.380,0.058,2,14,0,0.183,0,0,0.020,0.2670,0,2.736,0.325,0,0,0.189,12.000,0.000,0.000,0.000
118.0,12.055,0.040,-4.972,0.028,0.043,2,14,0,0.189,0,0,0.079,0.2492,0,11.980,3.052,-5.321,-0.321,0.032,2,14,0,0.223,0,0,0.064,0.2490,0,12.009,-3.127,-5.398,-0.398,0.077,2,14,0,0.175,0,0,0.091,0.2537,0,15.123,-0.200,-4.769,0.231,0.094,2,14,0,0.186,0,0,0.140,0.2618,0,9.138,0.180,-4.799,0.201,0.044,2,14,0,0.182,0,0,0.065,0.2643,0,15.238,3.185,-5.636,-0.636,0.070,2,14,0,0.175,0,0,0.165,0.2918,0,9.107,3.247,-5.134,-0.134,0.059,2,14,0,0.183,0,0,0.154,0.2328,0,15.151,-3.095,-5.013,-0.013,0.057,2,14,0,0.190,0,0,0.083,0.2629,0,9.141,-3.019,-6.342,-1.342,0.034,2,14,0,0.154,0,0,0.031,0.2670,0,2.886,0.301,0,0,0.223,12.000,0.000,0.000,0.000
119.0,12.112,0.034,-4.967,0.033,0.021,2,14,0,0.245,0,0,0.135,0.2492,0,12.019,3.064,-5.316,-0.316,0.033,2,14,0,0.152,0,0,0.105,0.2490,0,11.980,-3.026,-5.384,-0.384,0.080,2,14,0,0.161,0,0,0.081,0.2537,0,15.113,-0.134,-4.787,0.213,0.100,2,14,0,0.186,0,0,0.072,0.2618,0,9.109,0.151,-4.760,0.240,0.012,2,14,0,0.172,0,0,0.094,0.2643,0,15.097,3.191,-5.651,-0.651,0.105,2,14,0,0.224,0,0,0.026,0.2918,0,9.126,3.207,-5.057,-0.057,0.086,2,14,0,0.176,0,0,0.117,0.2328,0,15.067,-3.178,-4.984,0.016,0.051,2,14,0,0.214,0,0,0.053,0.2629,0,9.249,-3.017,-6.347,-1.347,0.033,2,14,0,0.186,0,0,0.117,0.2670,0,2.896,0.250,0,0,0.245,12.000,0.000,0.000,0.000
120.0,12.069,0.017,-5.025,-0.025,0.062,2,14,0,0.200,0,0,0.091,0.2492,0,11.947,3.059,-5.305,-0.305,0.070,2,14,0,0.175,0,0,0.035,0.2490,0,11.958,-3.010,-5.323,-0.323,0.049,2,14,0,0.157,0,0,0.083,0.2537,0,15.107,-0.013,-4.735,0.265,0.100,2,14,0,0.182,0,0,0.050,0.2618,0,9.167,0.107,-4.799,0.201,0.037,2,14,0,0.228,0,0,0.069,0.2643,0,15.066,3.272,-5.676,-0.676,0.069,2,14,0,0.162,0,0,0.069,0.2918,0,9.214,3.103,-5.069,-0.069,0.099,2,14,0,0.176,0,0,0.114,0.2328,0,15.122,-3.187,-4.995,0.005,0.012,2,14,0,0.183,0,0,0.078,0.2629,0,9.240,-3.052,-6.313,-1.313,0.035,2,14,0,0.162,0,0,0.103,0.2670,0,2.744,0.280,0,0,0.228,12.000,0.000,0.000,0.000
121.0,11.989,0.019,-4.994,0.006,0.080,2,14,0,0.195,0,0,0.012,0.2492,0,11.842,3.025,-5.266,-0.266,0.045,2,14,0,0.175,0,0,0.076,0.2490,0,11.904,-3.017,-5.279,-0.279,0.047,2,14,0,0.188,0,0,0.074,0.2537,0,15.028,0.084,-4.720,0.280,0.037,2,14,0,0.181,0,0,0.164,0.2618,0,9.228,0.100,-4.730,0.270,0.047,2,14,0,0.147,0,0,0.070,0.2643,0,15.004,3.260,-5.681,-0.681,0.039,2,14,0,0.152,0,0,0.091,0.2918,0,9.141,2.988,-5.110,-0.110,0.088,2,14,0,0.154,0,0,0.113,0.2328,0,15.033,-3.183,-5.002,-0.002,0.041,2,14,0,0.191,0,0,0.070,0.2629,0,9.200,-3.090,-6.419,-1.419,0.062,2,14,0,0.190,0,0,0.074,0.2670,0,2.706,0.260,0,0,0.195,12.000,0.000,0.000,0.000
122.0,11.936,0.045,-5.054,-0.054,0.049,2,14,0,0.199,0,0,0.059,0.2492,0,11.847,3.002,-5.284,-0.284,0.010,2,14,0,0.151,0,0,0.080,0.2490,0,11.930,-3.061,-5.374,-0.374,0.043,2,14,0,0.184,0,0,0.027,0.2537,0,15.160,0.063,-4.791,0.209,0.048,2,14,0,0.180,0,0,0.141,0.2618,0,9.172,0.164,-4.724,0.276,0.047,2,14,0,0.177,0,0,0.028,0.2643,0,15.021,3.242,-5.683,-0.683,0.030,2,14,0,0.147,0,0,0.067,0.2918,0,9.030,3.012,-5.206,-0.206,0.062,2,14,0,0.149,0,0,0.108,0.2328,0,14.984,-3.120,-5.032,-0.032,0.042,2,14,0,0.184,0,0,0.090,0.2629,0,9.162,-3.056,-6.396,-1.396,0.064,2,14,0,0.178,0,0,0.027,0.2670,0,2.786,0.243,0,0,0.199,12.000,0.000,0.000,0.000
123.0,11.898,-0.009,-5.052,-0.052,0.041,2,14,0,0.222,0,0,0.084,0.2492,0,11.845,3.013,-5.318,-0.318,0.025,2,14,0,0.161,0,0,0.076,0.2490,0,11.885,-3.041,-5.340,-0.340,0.033,2,14,0,0.204,0,0,0.062,0.2537,0,15.135,-0.024,-4.696,0.304,0.086,2,14,0,0.181,0,0,0.055,0.2618,0,9.195,0.194,-4.738,0.262,0.028,2,14,0,0.166,0,0,0.029,0.2643,0,14.983,3.170,-5.712,-0.712,0.042,2,14,0,0.186,0,0,0.098,0.2918,0,9.033,3.034,-5.146,-0.146,0.037,2,14,0,0.145,0,0,0.092,0.2328,0,14.984,-3.143,-4.980,0.020,0.035,2,14,0,0.163,0,0,0.092,0.2629,0,9.076,-3.066,-6.389,-1.389,0.054,2,14,0,0.173,0,0,0.060,0.2670,0,2.728,0.275,0,0,0.222,12.000,0.000,0.000,0.000
124.0,11.857,-0.051,-4.996,0.004,0.018,2,14,0,0.161,0,0,0.139,0.2492,0,11.812,3.046,-5.288,-0.288,0.045,2,14,0,0.146,0,0,0.103,0.2490,0,11.847,-3.140,-5.346,-0.346,0.054,2,14,0,0.184,0,0,0.095,0.2537,0,15.104,-0.118,-4.743,0.257,0.069,2,14,0,0.177,0,0,0.053,0.2618,0,9.254,0.193,-4.747,0.253,0.016,2,14,0,0.152,0,0,0.058,0.2643,0,14.930,3.159,-5.685,-0.685,0.040,2,14,0,0.154,0,0,0.151,0.2918,0,9.006,3.073,-5.119,-0.119,0.052,2,14,0,0.160,0,0,0.098,0.2328,0,15.044,-3.141,-4.990,0.010,0.049,2,14,0,0.148,0,0,0.034,0.2629,0,9.007,-3.067,-6.305,-1.305,0.019,2,14,0,0.223,0,0,0.131,0.2670,0,2.626,0.319,0,0,0.223,12.000,0.000,0.000,0.000
125.0,11.932,0.021,-5.036,-0.036,0.059,2,14,0,0.161,0,0,0.049,0.2492,0,11.844,3.051,-5.310,-0.310,0.066,2,14,0,0.207,0,0,0.072,0.2490,0,11.839,-3.169,-5.305,-0.305,0.037,2,14,0,0.152,0,0,0.119,0.2537,0,15.088,-0.160,-4.772,0.228,0.025,2,14,0,0.147,0,0,0.097,0.2618,0,9.177,0.232,-4.742,0.258,0.030,2,14,0,0.179,0,0,0.070,0.2643,0,14.988,3.186,-5.718,-0.718,0.082,2,14,0,0.171,0,0,0.091,0.2918,0,9.026,3.070,-5.153,-0.153,0.058,2,14,0,0.180,0,0,0.079,0.2328,0,15.054,-3.101,-5.029,-0.029,0.045,2,14,0,0.176,0,0,0.033,0.2629,0,9.070,-3.069,-6.372,-1.372,0.047,2,14,0,0.188,0,0,0.069,0.2670,0,2.778,0.292,0,0,0.207,12.000,0.000,0.000,0.000
126.0,11.988,0.035,-4.964,0.036,0.049,2,14,0,0.153,0,0,0.024,0.2492,0,12.029,3.044,-5.312,-0.312,0.074,2,14,0,0.174,0,0,0.112,0.2490,0,11.846,-3.171,-5.349,-0.349,0.063,2,14,0,0.184,0,0,0.116,0.2537,0,15.025,-0.109,-4.771,0.229,0.033,2,14,0,0.177,0,0,0.086,0.2618,0,9.158,0.203,-4.721,0.279,0.037,2,14,0,0.211,0,0,0.058,0.2643,0,15.098,3.200,-5.721,-0.721,0.083,2,14,0,0.160,0,0,0.022,0.2918,0,9.102,3.139,-5.069,-0.069,0.072,2,14,0,0.178,0,0,0.045,0.2328,0,15.105,-3.096,-5.021,-0.021,0.036,2,14,0,0.158,0,0,0.042,0.2629,0,9.100,-3.099,-6.381,-1.381,0.052,2,14,0,0.200,0,0,0.061,0.2670,0,2.846,0.257,0,0,0.211,12.000,0.000,0.000,0.000
127.0,12.037,0.053,-4.979,0.021,0.020,2,14,0,0.164,0,0,0.070,0.2492,0,12.090,3.043,-5.280,-0.280,0.007,2,14,0,0.176,0,0,0.174,0.2490,0,11.978,-3.119,-5.435,-0.435,0.093,2,14,0,0.179,0,0,0.060,0.2537,0,15.020,-0.035,-4.735,0.265,0.049,2,14,0,0.175,0,0,0.086,0.2618,0,9.191,0.142,-4.753,0.247,0.045,2,14,0,0.160,0,0,0.027,0.2643,0,15.133,3.187,-5.671,-0.671,0.036,2,14,0,0.158,0,0,0.059,0.2918,0,9.211,3.163,-5.118,-0.118,0.043,2,14,0,0.172,0,0,0.129,0.2328,0,15.182,-3.114,-4.977,0.023,0.023,2,14,0,0.155,0,0,0.108,0.2629,0,9.135,-3.075,-6.441,-1.441,0.051,2,14,0,0.192,0,0,0.026,0.2670,0,2.857,0.267,0,0,0.192,12.000,0.000,0.000,0.000
128.0,12.025,0.052,-4.981,0.019,0.026,2,14,0,0.163,0,0,0.060,0.2492,0,12.039,3.120,-5.261,-0.261,0.082,2,14,0,0.183,0,0,0.145,0.2490,0,12.051,-3.037,-5.348,-0.348,0.061,2,14,0,0.177,0,0,0.133,0.2537,0,15.073,0.031,-4.721,0.279,0.049,2,14,0,0.147,0,0,0.098,0.2618,0,9.182,0.114,-4.759,0.241,0.020,2,14,0,0.156,0,0,0.055,0.2643,0,15.183,3.175,-5.657,-0.657,0.019,2,14,0,0.178,0,0,0.110,0.2918,0,9.253,3.179,-5.126,-0.126,0.027,2,14,0,0.149,0,0,0.175,0.2328,0,15.177,-3.130,-4.961,0.039,0.040,2,14,0,0.179,0,0,0.103,0.2629,0,9.173,-3.052,-6.448,-1.448,0.048,2,14,0,0.183,0,0,0.036,0.2670,0,2.789,0.310,0,0,0.183,12.000,0.000,0.000,0.000
129.0,12.001,0.003,-5.024,-0.024,0.037,2,14,0,0.171,0,0,0.023,0.2492,0,11.945,3.137,-5.356,-0.356,0.086,2,14,0,0.147,0,0,0.098,0.2490,0,12.000,-2.986,-5.304,-0.304,0.040,2,14,0,0.212,0,0,0.124,0.2537,0,15.089,0.015,-4.711,0.289,0.054,2,14,0,0.177,0,0,0.081,0.2618,0,9.178,0.125,-4.792,0.208,0.033,2,14,0,0.185,0,0,0.047,0.2643,0,15.162,3.222,-5.663,-0.663,0.045,2,14,0,0.177,0,0,0.090,0.2918,0,9.226,3.122,-5.149,-0.149,0.089,2,14,0,0.220,0,0,0.132,0.2328,0,15.112,-3.184,-5.077,-0.077,0.060,2,14,0,0.174,0,0,0.070,0.2629,0,9.160,-3.076,-6.421,-1.421,0.021,2,14,0,0.257,0,0,0.033,0.2670,0,2.727,0.275,0,0,0.257,12.000,0.000,0.000,0.000
130.0,12.014,-0.027,-4.985,0.015,0.027,2,14,0,0.282,0,0,0.052,0.2492,0,11.917,3.042,-5.322,-0.322,0.081,2,14,0,0.214,0,0,0.002,0.2490,0,11.900,-2.984,-5.353,-0.353,0.071,2,14,0,0.181,0,0,0.106,0.2537,0,15.137,-0.030,-4.724,0.276,0.059,2,14,0,0.183,0,0,0.051,0.2618,0,9.279,0.170,-4.769,0.231,0.043,2,14,0,0.161,0,0,0.077,0.2643,0,15.117,3.287,-5.720,-0.720,0.056,2,14,0,0.151,0,0,0.094,0.2918,0,9.057,3.093,-5.158,-0.158,0.106,2,14,0,0.170,0,0,0.040,0.2328,0,15.056,-3.181,-4.958,0.042,0.053,2,14,0,0.206,0,0,0.059,0.2629,0,9.224,-3.101,-6.337,-1.337,0.023,2,14,0,0.188,0,0,0.101,0.2670,0,2.751,0.326,0,0,0.282,12.000,0.000,0.000,0.000
131.0,11.925,-0.013,-4.974,0.026,0.036,2,14,0,0.152,0,0,0.059,0.2492,0,11.872,2.932,-5.248,-0.248,0.053,2,14,0,0.189,0,0,0.119,0.2490,0,11.826,-3.050,-5.301,-0.301,0.066,2,14,0,0.176,0,0,0.107,0.2537,0,15.151,-0.081,-4.721,0.279,0.051,2,14,0,0.178,0,0,0.055,0.2618,0,9.257,0.205,-4.729,0.271,0.022,2,14,0,0.165,0,0,0.068,0.2643,0,15.100,3.324,-5.740,-0.740,0.048,2,14,0,0.187,0,0,0.124,0.2918,0,8.923,3.050,-5.097,-0.097,0.056,2,14,0,0.143,0,0,0.181,0.2328,0,15.118,-3.099,-4.995,0.005,0.043,2,14,0,0.206,0,0,0.051,0.2629,0,9.240,-3.033,-6.373,-1.373,0.051,2,14,0,0.238,0,0,0.106,0.2670,0,2.688,0.339,0,0,0.238,12.000,0.000,0.000,0.000
132.0,11.891,-0.027,-5.005,-0.005,0.015,2,14,0,0.197,0,0,0.098,0.2492,0,11.845,2.942,-5.271,-0.271,0.026,2,14,0,0.192,0,0,0.124,0.2490,0,11.951,-3.155,-5.318,-0.318,0.074,2,14,0,0.178,0,0,0.072,0.2537,0,15.240,-0.184,-4.740,0.260,0.026,2,14,0,0.274,0,0,0.183,0.2618,0,9.186,0.227,-4.735,0.265,0.036,2,14,0,0.182,0,0,0.063,0.2643,0,15.016,3.225,-5.724,-0.724,0.085,2,14,0,0.180,0,0,0.063,0.2918,0,8.940,3.024,-5.152,-0.152,0.044,2,14,0,0.147,0,0,0.175,0.2328,0,15.029,-3.075,-4.941,0.059,0.041,2,14,0,0.155,0,0,0.067,0.2629,0,9.121,-3.005,-6.389,-1.389,0.072,2,14,0,0.186,0,0,0.047,0.2670,0,2.731,0.302,0,0,0.274,12.000,0.000,0.000,0.000
133.0,11.951,-0.038,-4.972,0.028,0.049,2,14,0,0.186,0,0,0.059,0.2492,0,11.802,2.957,-5.335,-0.335,0.056,2,14,0,0.174,0,0,0.143,0.2490,0,12.014,-3.187,-5.308,-0.308,0.018,2,14,0,0.155,0,0,0.134,0.2537,0,15.169,-0.168,-4.712,0.288,0.088,2,14,0,0.184,0,0,0.128,0.2618,0,9.163,0.224,-4.718,0.282,0.037,2,14,0,0.158,0,0,0.070,0.2643,0,14.932,3.176,-5.716,-0.716,0.049,2,14,0,0.157,0,0,0.147,0.2918,0,9.018,3.008,-5.104,-0.104,0.095,2,14,0,0.175,0,0,0.121,0.2328,0,14.925,-3.095,-4.899,0.101,0.025,2,14,0,0.175,0,0,0.152,0.2629,0,9.031,-2.990,-6.446,-1.446,0.038,2,14,0,0.184,0,0,0.120,0.2670,0,2.794,0.277,0,0,0.186,12.000,0.000,0.000,0.000
134.0,12.034,-0.007,-5.032,-0.032,0.052,2,14,0,0.227,0,0,0.055,0.2492,0,11.852,3.003,-5.294,-0.294,0.081,2,14,0,0.177,0,0,0.077,0.2490,0,11.994,-3.139,-5.331,-0.331,0.054,2,14,0,0.162,0,0,0.085,0.2537,0,15.021,-0.121,-4.747,0.253,0.097,2,14,0,0.179,0,0,0.094,0.2618,0,9.132,0.180,-4.776,0.224,0.039,2,14,0,0.153,0,0,0.071,0.2643,0,15.021,3.146,-5.723,-0.723,0.061,2,14,0,0.180,0,0,0.078,0.2918,0,9.170,3.036,-5.132,-0.132,0.106,2,14,0,0.149,0,0,0.090,0.2328,0,14.958,-3.082,-4.952,0.048,0.054,2,14,0,0.213,0,0,0.125,0.2629,0,9.061,-3.012,-6.397,-1.397,0.030,2,14,0,0.166,0,0,0.084,0.2670,0,2.687,0.223,0,0,0.227,12.000,0.000,0.000,0.000
135.0,12.041,0.061,-4.961,0.039,0.030,2,14,0,0.177,0,0,0.079,0.2492,0,11.837,3.074,-5.301,-0.301,0.071,2,14,0,0.152,0,0,0.084,0.2490,0,11.987,-3.109,-5.338,-0.338,0.058,2,14,0,0.176,0,0,0.063,0.2537,0,14.957,-0.066,-4.726,0.274,0.063,2,14,0,0.218,0,0,0.143,0.2618,0,9.148,0.121,-4.831,0.169,0.041,2,14,0,0.156,0,0,0.069,0.2643,0,15.126,3.140,-5.655,-0.655,0.056,2,14,0,0.151,0,0,0.080,0.2918,0,9.236,3.070,-5.158,-0.158,0.063,2,14,0,0.186,0,0,0.138,0.2328,0,15.015,-3.093,-5.053,-0.053,0.085,2,14,0,0.179,0,0,0.068,0.2629,0,9.169,-3.019,-6.362,-1.362,0.060,2,14,0,0.173,0,0,0.043,0.2670,0,2.605,0.246,0,0,0.218,12.000,0.000,0.000,0.000
136.0,11.990,0.072,-4.924,0.076,0.026,2,14,0,0.180,0,0,0.060,0.2492,0,11.908,3.131,-5.262,-0.262,0.064,2,14,0,0.186,0,0,0.087,0.2490,0,11.954,-3.083,-5.352,-0.352,0.073,2,14,0,0.172,0,0,0.029,0.2537,0,15.048,0.014,-4.690,0.310,0.071,2,14,0,0.175,0,0,0.093,0.2618,0,9.177,0.091,-4.764,0.236,0.037,2,14,0,0.159,0,0,0.079,0.2643,0,15.168,3.169,-5.588,-0.588,0.026,2,14,0,0.191,0,0,0.099,0.2918,0,9.216,3.138,-5.132,-0.132,0.058,2,14,0,0.174,0,0,0.124,0.2328,0,15.101,-3.084,-5.091,-0.091,0.077,2,14,0,0.350,0,0,0.049,0.2629,0,9.169,-3.031,-6.361,-1.361,0.035,2,14,0,0.180,0,0,0.038,0.2670,0,2.695,0.256,0,0,0.350,12.000,0.000,0.000,0.000
137.0,12.014,0.065,-4.973,0.027,0.033,2,14,0,0.152,0,0,0.063,0.2492,0,11.932,3.096,-5.324,-0.324,0.054,2,14,0,0.148,0,0,0.055,0.2490,0,11.811,-3.027,-5.375,-0.375,0.056,2,14,0,0.158,0,0,0.130,0.2537,0,15.159,0.029,-4.710,0.290,0.059,2,14,0,0.175,0,0,0.109,0.2618,0,9.182,0.118,-4.709,0.291,0.045,2,14,0,0.156,0,0,0.052,0.2643,0,15.125,3.200,-5.666,-0.666,0.042,2,14,0,0.187,0,0,0.050,0.2918,0,9.146,3.184,-5.119,-0.119,0.057,2,14,0,0.176,0,0,0.101,0.2328,0,15.199,-3.135,-5.002,-0.002,0.044,2,14,0,0.159,0,0,0.124,0.2629,0,9.176,-3.072,-6.376,-1.376,0.034,2,14,0,0.193,0,0,0.046,0.2670,0,2.795,0.241,0,0,0.193,12.000,0.000,0.000,0.000
138.0,11.959,0.053,-4.966,0.034,0.050,2,14,0,0.211,0,0,0.047,0.2492,0,12.029,3.081,-5.335,-0.335,0.041,2,14,0,0.152,0,0,0.119,0.2490,0,11.824,-3.061,-5.390,-0.390,0.032,2,14,0,0.232,0,0,0.107,0.2537,0,15.184,0.002,-4.701,0.299,0.054,2,14,0,0.211,0,0,0.108,0.2618,0,9.211,0.132,-4.693,0.307,0.042,2,14,0,0.161,0,0,0.034,0.2643,0,15.133,3.251,-5.722,-0.722,0.035,2,14,0,0.190,0,0,0.072,0.2918,0,9.114,3.152,-5.100,-0.100,0.060,2,14,0,0.170,0,0,0.061,0.2328,0,15.190,-3.179,-4.974,0.026,0.041,2,14,0,0.184,0,0,0.128,0.2629,0,9.119,-3.084,-6.350,-1.350,0.028,2,14,0,0.152,0,0,0.039,0.2670,0,2.763,0.284,0,0,0.232,12.000,0.000,0.000,0.000
139.0,11.939,0.009,-5.037,-0.037,0.035,2,14,0,0.245,0,0,0.041,0.2492,0,12.034,3.079,-5.293,-0.293,0.042,2,14,0,0.148,0,0,0.123,0.2490,0,11.899,-3.113,-5.295,-0.295,0.059,2,14,0,0.159,0,0,0.038,0.2537,0,15.091,-0.020,-4.714,0.286,0.059,2,14,0,0.159,0,0,0.044,0.2618,0,9.186,0.189,-4.767,0.233,0.048,2,14,0,0.241,0,0,0.027,0.2643,0,15.101,3.277,-5.675,-0.675,0.041,2,14,0,0.193,0,0,0.079,0.2918,0,9.061,3.152,-5.115,-0.115,0.061,2,14,0,0.146,0,0,0.071,0.2328,0,15.098,-3.198,-5.016,-0.016,0.066,2,14,0,0.159,0,0,0.077,0.2629,0,9.084,-3.088,-6.437,-1.437,0.008,2,14,0,0.145,0,0,0.065,0.2670,0,2.771,0.295,0,0,0.245,12.000,0.000,0.000,0.000
140.0,11.905,0.051,-5.036,-0.036,0.020,2,14,0,0.195,0,0,0.085,0.2492,0,12.012,3.079,-5.294,-0.294,0.075,2,14,0,0.184,0,0,0.102,0.2490,0,11.959,-3.130,-5.347,-0.347,0.054,2,14,0,0.179,0,0,0.054,0.2537,0,15.097,-0.082,-4.738,0.262,0.055,2,14,0,0.174,0,0,0.017,0.2618,0,9.248,0.210,-4.752,0.248,0.022,2,14,0,0.156,0,0,0.064,0.2643,0,15.059,3.251,-5.728,-0.728,0.054,2,14,0,0.176,0,0,0.051,0.2918,0,9.010,3.036,-5.151,-0.151,0.063,2,14,0,0.182,0,0,0.105,0.2328,0,15.024,-3.181,-5.081,-0.081,0.062,2,14,0,0.180,0,0,0.075,0.2629,0,9.126,-3.051,-6.349,-1.349,0.036,2,14,0,0.155,0,0,0.012,0.2670,0,2.676,0.325,0,0,0.195,12.000,0.000,0.000,0.000
141.0,12.005,0.040,-5.032,-0.032,0.056,2,14,0,0.221,0,0,0.037,0.2492,0,11.926,3.048,-5.331,-0.331,0.085,2,14,0,0.248,0,0,0.011,0.2490,0,12.018,-3.101,-5.338,-0.338,0.020,2,14,0,0.164,0,0,0.092,0.2537,0,15.120,-0.094,-4.797,0.203,0.019,2,14,0,0.152,0,0,0.037,0.2618,0,9.224,0.167,-4.764,0.236,0.026,2,14,0,0.227,0,0,0.022,0.2643,0,14.993,3.216,-5.728,-0.728,0.051,2,14,0,0.151,0,0,0.082,0.2918,0,9.015,2.955,-5.041,-0.041,0.026,2,14,0,0.177,0,0,0.161,0.2328,0,15.053,-3.142,-5.074,-0.074,0.043,2,14,0,0.176,0,0,0.027,0.2629,0,9.145,-3.089,-6.360,-1.360,0.023,2,14,0,0.207,0,0,0.040,0.2670,0,2.797,0.279,0,0,0.248,12.000,0.000,0.000,0.000
142.0,12.069,0.007,-4.996,0.004,0.030,2,14,0,0.189,0,0,0.088,0.2492,0,11.884,3.025,-5.332,-0.332,0.051,2,14,0,0.148,0,0,0.038,0.2490,0,12.011,-3.066,-5.331,-0.331,0.032,2,14,0,0.157,0,0,0.087,0.2537,0,15.082,-0.064,-4.717,0.283,0.015,2,14,0,0.148,0,0,0.017,0.2618,0,9.170,0.119,-4.714,0.286,0.027,2,14,0,0.186,0,0,0.056,0.2643,0,14.974,3.182,-5.723,-0.723,0.040,2,14,0,0.151,0,0,0.105,0.2918,0,8.991,2.944,-5.112,-0.112,0.065,2,14,0,0.154,0,0,0.187,0.2328,0,15.069,-3.099,-4.997,0.003,0.042,2,14,0,0.258,0,0,0.026,0.2629,0,9.109,-3.090,-6.396,-1.396,0.016,2,14,0,0.455,0,0,0.046,0.2670,0,2.858,0.208,0,0,0.455,12.000,0.000,0.000,0.000
143.0,12.145,-0.048,-5.007,-0.007,0.024,2,14,0,0.155,0,0,0.175,0.2492,0,11.903,2.987,-5.293,-0.293,0.011,2,14,0,0.183,0,0,0.058,0.2490,0,11.984,-3.028,-5.338,-0.338,0.058,2,14,0,0.173,0,0,0.083,0.2537,0,15.066,-0.057,-4.733,0.267,0.008,2,14,0,0.176,0,0,0.033,0.2618,0,9.135,0.181,-4.724,0.276,0.015,2,14,0,0.203,0,0,0.068,0.2643,0,15.052,3.128,-5.707,-0.707,0.063,2,14,0,0.163,0,0,0.077,0.2918,0,9.110,3.034,-5.169,-0.169,0.121,2,14,0,0.182,0,0,0.061,0.2328,0,15.176,-3.059,-4.948,0.052,0.024,2,14,0,0.185,0,0,0.120,0.2629,0,9.062,-3.057,-6.375,-1.375,0.031,2,14,0,0.219,0,0,0.074,0.2670,0,2.796,0.225,0,0,0.219,12.000,0.000,0.000,0.000
144.0,12.018,-0.058,-5.013,-0.013,0.091,2,14,0,0.166,0,0,0.080,0.2492,0,11.871,3.027,-5.291,-0.291,0.017,2,14,0,0.156,0,0,0.048,0.2490,0,11.932,-3.047,-5.329,-0.329,0.060,2,14,0,0.219,0,0,0.041,0.2537,0,14.980,-0.070,-4.717,0.283,0.010,2,14,0,0.155,0,0,0.119,0.2618,0,9.155,0.277,-4.803,0.197,0.028,2,14,0,0.182,0,0,0.120,0.2643,0,15.098,3.128,-5.711,-0.711,0.042,2,14,0,0.198,0,0,0.080,0.2918,0,9.197,3.089,-5.055,-0.055,0.091,2,14,0,0.172,0,0,0.095,0.2328,0,15.173,-3.066,-5.031,-0.031,0.049,2,14,0,0.263,0,0,0.116,0.2629,0,9.073,-3.022,-6.391,-1.391,0.041,2,14,0,0.184,0,0,0.069,0.2670,0,2.684,0.318,0,0,0.263,12.000,0.000,0.000,0.000
145.0,11.945,-0.039,-5.002,-0.002,0.076,2,14,0,0.193,0,0,0.061,0.2492,0,11.868,3.076,-5.320,-0.320,0.028,2,14,0,0.153,0,0,0.058,0.2490,0,11.909,-3.045,-5.312,-0.312,0.044,2,14,0,0.181,0,0,0.046,0.2537,0,15.117,-0.115,-4.784,0.216,0.059,2,14,0,0.206,0,0,0.052,0.2618,0,9.186,0.189,-4.794,0.206,0.063,2,14,0,0.180,0,0,0.029,0.2643,0,15.076,3.193,-5.727,-0.727,0.046,2,14,0,0.148,0,0,0.011,0.2918,0,9.286,3.139,-5.077,-0.077,0.052,2,14,0,0.259,0,0,0.191,0.2328,0,15.044,-3.087,-5.041,-0.041,0.074,2,14,0,0.151,0,0,0.049,0.2629,0,9.171,-3.058,-6.415,-1.415,0.052,2,14,0,0.181,0,0,0.036,0.2670,0,2.594,0.318,0,0,0.259,12.000,0.000,0.000,0.000
146.0,11.849,0.046,-5.033,-0.033,0.051,2,14,0,0.157,0,0,0.133,0.2492,0,11.871,3.054,-5.310,-0.310,0.030,2,14,0,0.178,0,0,0.046,0.2490,0,11.864,-3.082,-5.326,-0.326,0.042,2,14,0,0.159,0,0,0.063,0.2537,0,15.108,-0.132,-4.723,0.277,0.025,2,14,0,0.178,0,0,0.069,0.2618,0,9.277,0.106,-4.723,0.277,0.047,2,14,0,0.192,0,0,0.096,0.2643,0,15.070,3.195,-5.672,-0.672,0.035,2,14,0,0.189,0,0,0.013,0.2918,0,9.256,3.230,-5.166,-0.166,0.086,2,14,0,0.174,0,0,0.206,0.2328,0,15.036,-3.143,-5.015,-0.015,0.048,2,14,0,0.152,0,0,0.042,0.2629,0,9.228,-3.017,-6.397,-1.397,0.027,2,14,0,0.182,0,0,0.095,0.2670,0,2.591,0.344,0,0,0.192,12.000,0.000,0.000,0.000
147.0,11.829,0.080,-4.985,0.015,0.034,2,14,0,0.164,0,0,0.166,0.2492,0,11.898,3.033,-5.354,-0.354,0.036,2,14,0,0.154,0,0,0.020,0.2490,0,11.865,-3.143,-5.325,-0.325,0.034,2,14,0,0.150,0,0,0.083,0.2537,0,15.116,-0.139,-4.724,0.276,0.034,2,14,0,0.153,0,0,0.076,0.2618,0,9.299,0.088,-4.688,0.312,0.026,2,14,0,0.231,0,0,0.125,0.2643,0,15.118,3.292,-5.648,-0.648,0.028,2,14,0,0.148,0,0,0.097,0.2918,0,9.113,3.213,-5.201,-0.201,0.122,2,14,0,0.173,0,0,0.120,0.2328,0,15.044,-3.212,-5.005,-0.005,0.019,2,14,0,0.177,0,0,0.092,0.2629,0,9.318,-3.011,-6.303,-1.303,0.024,2,14,0,0.209,0,0,0.184,0.2670,0,2.548,0.318,0,0,0.231,12.000,0.000,0.000,0.000
148.0,11.964,0.056,-4.972,0.028,0.096,2,14,0,0.182,0,0,0.049,0.2492,0,11.941,3.018,-5.299,-0.299,0.041,2,14,0,0.183,0,0,0.036,0.2490,0,11.863,-3.186,-5.333,-0.333,0.033,2,14,0,0.179,0,0,0.117,0.2537,0,15.123,-0.108,-4.730,0.270,0.051,2,14,0,0.181,0,0,0.051,0.2618,0,9.219,0.130,-4.762,0.238,0.064,2,14,0,0.156,0,0,0.041,0.2643,0,15.151,3.358,-5.663,-0.663,0.017,2,14,0,0.153,0,0,0.172,0.2918,0,9.001,3.184,-5.141,-0.141,0.104,2,14,0,0.208,0,0,0.134,0.2328,0,15.106,-3.184,-4.945,0.055,0.036,2,14,0,0.193,0,0,0.067,0.2629,0,9.277,-3.075,-6.342,-1.342,0.097,2,14,0,0.180,0,0,0.146,0.2670,0,2.754,0.388,0,0,0.208,12.000,0.000,0.000,0.000
149.0,12.072,-0.036,-5.026,-0.026,0.069,2,14,0,0.186,0,0,0.102,0.2492,0,11.989,3.017,-5.288,-0.288,0.018,2,14,0,0.154,0,0,0.078,0.2490,0,11.948,-3.181,-5.305,-0.305,0.065,2,14,0,0.172,0,0,0.096,0.2537,0,15.131,-0.007,-4.704,0.296,0.054,2,14,0,0.162,0,0,0.065,0.2618,0,9.197,0.159,-4.784,0.216,0.047,2,14,0,0.152,0,0,0.008,0.2643,0,15.164,3.270,-5.682,-0.682,0.083,2,14,0,0.191,0,0,0.111,0.2918,0,8.912,3.101,-5.067,-0.067,0.083,2,14,0,0.146,0,0,0.190,0.2328,0,15.083,-3.153,-4.976,0.024,0.035,2,14,0,0.562,0,0,0.030,0.2629,0,9.111,-3.057,-6.421,-1.421,0.116,2,14,0,0.173,0,0,0.025,0.2670,0,2.892,0.316,0,0,0.562,12.000,0.000,0.000,0.000
150.0,12.122,-0.009,-4.999,0.001,0.001,2,14,0,0.224,0,0,0.142,0.2492,0,11.921,3.043,-5.240,-0.240,0.036,2,14,0,0.147,0,0,0.006,0.2490,0,11.996,-3.109,-5.286,-0.286,0.061,2,14,0,0.182,0,0,0.073,0.2537,0,15.066,0.030,-4.701,0.299,0.021,2,14,0,0.181,0,0,0.100,0.2618,0,9.224,0.175,-4.816,0.184,0.028,2,14,0,0.156,0,0,0.024,0.2643,0,15.136,3.203,-5.668,-0.668,0.091,2,14,0,0.180,0,0,0.062,0.2918,0,8.945,3.033,-5.127,-0.127,0.082,2,14,0,0.175,0,0,0.167,0.2328,0,15.007,-3.111,-5.047,-0.047,0.039,2,14,0,0.149,0,0,0.069,0.2629,0,8.985,-3.074,-6.346,-1.346,0.058,2,14,0,0.155,0,0,0.151,0.2670,0,2.888,0.284,0,0,0.224,12.000,0.000,0.000,0.000
151.0,12.095,0.044,-5.048,-0.048,0.072,2,14,0,0.212,0,0,0.122,0.2492,0,11.872,3.093,-5.275,-0.275,0.023,2,14,0,0.144,0,0,0.066,0.2490,0,11.960,-3.054,-5.322,-0.322,0.049,2,14,0,0.155,0,0,0.046,0.2537,0,15.085,0.001,-4.713,0.287,0.037,2,14,0,0.149,0,0,0.067,0.2618,0,9.230,0.243,-4.752,0.248,0.013,2,14,0,0.179,0,0,0.082,0.2643,0,14.953,3.131,-5.675,-0.675,0.070,2,14,0,0.164,0,0,0.139,0.2918,0,9.055,2.995,-5.084,-0.084,0.106,2,14,0,0.180,0,0,0.110,0.2328,0,14.999,-3.085,-5.029,-0.029,0.034,2,14,0,0.176,0,0,0.085,0.2629,0,9.054,-3.047,-6.358,-1.358,0.036,2,14,0,0.264,0,0,0.084,0.2670,0,2.777,0.335,0,0,0.264,12.000,0.000,0.000,0.000
152.0,11.958,0.079,-4.981,0.019,0.083,2,14,0,0.210,0,0,0.069,0.2492,0,11.869,3.062,-5.246,-0.246,0.011,2,14,0,0.157,0,0,0.050,0.2490,0,11.975,-2.962,-5.313,-0.313,0.035,2,14,0,0.180,0,0,0.134,0.2537,0,15.098,-0.007,-4.692,0.308,0.044,2,14,0,0.155,0,0,0.057,0.2618,0,9.221,0.206,-4.714,0.286,0.034,2,14,0,0.190,0,0,0.045,0.2643,0,14.950,3.111,-5.669,-0.669,0.008,2,14,0,0.158,0,0,0.155,0.2918,0,9.183,3.005,-5.126,-0.126,0.090,2,14,0,0.149,0,0,0.120,0.2328,0,15.024,-3.075,-5.018,-0.018,0.040,2,14,0,0.185,0,0,0.072,0.2629,0,9.134,-3.076,-6.387,-1.387,0.053,2,14,0,0.199,0,0,0.026,0.2670,0,2.690,0.302,0,0,0.210,12.000,0.000,0.000,0.000
153.0,11.898,0.089,-4.944,0.056,0.052,2,14,0,0.182,0,0,0.111,0.2492,0,11.932,3.015,-5.253,-0.253,0.026,2,14,0,0.146,0,0,0.033,0.2490,0,11.935,-2.904,-5.352,-0.352,0.041,2,14,0,0.182,0,0,0.183,0.2537,0,15.124,-0.029,-4.735,0.265,0.051,2,14,0,0.191,0,0,0.043,0.2618,0,9.165,0.198,-4.789,0.211,0.036,2,14,0,0.153,0,0,0.049,0.2643,0,14.991,3.129,-5.681,-0.681,0.067,2,14,0,0.165,0,0,0.113,0.2918,0,9.247,3.048,-5.162,-0.162,0.062,2,14,0,0.173,0,0,0.153,0.2328,0,14.997,-3.099,-4.973,0.027,0.039,2,14,0,0.153,0,0,0.082,0.2629,0,9.162,-3.060,-6.349,-1.349,0.026,2,14,0,0.156,0,0,0.028,0.2670,0,2.688,0.258,0,0,0.191,12.000,0.000,0.000,0.000
154.0,11.896,0.045,-5.013,-0.013,0.046,2,14,0,0.150,0,0,0.090,0.2492,0,11.952,3.030,-5.306,-0.306,0.013,2,14,0,0.257,0,0,0.039,0.2490,0,11.869,-2.955,-5.315,-0.315,0.087,2,14,0,0.223,0,0,0.144,0.2537,0,15.167,-0.111,-4.758,0.242,0.048,2,14,0,0.174,0,0,0.082,0.2618,0,9.174,0.141,-4.747,0.253,0.034,2,14,0,0.155,0,0,0.038,0.2643,0,15.058,3.162,-5.680,-0.680,0.092,2,14,0,0.184,0,0,0.046,0.2918,0,9.241,3.032,-5.176,-0.176,0.068,2,14,0,0.157,0,0,0.154,0.2328,0,15.059,-3.113,-5.036,-0.036,0.066,2,14,0,0.188,0,0,0.021,0.2629,0,9.151,-3.084,-6.374,-1.374,0.012,2,14,0,0.156,0,0,0.037,0.2670,0,2.714,0.243,0,0,0.257,12.000,0.000,0.000,0.000
155.0,11.912,-0.031,-5.041,-0.041,0.059,2,14,0,0.184,0,0,0.080,0.2492,0,12.041,3.087,-5.326,-0.326,0.010,2,14,0,0.149,0,0,0.132,0.2490,0,11.869,-3.089,-5.375,-0.375,0.110,2,14,0,0.182,0,0,0.058,0.2537,0,15.228,-0.139,-4.649,0.351,0.031,2,14,0,0.180,0,0,0.149,0.2618,0,9.132,0.121,-4.756,0.244,0.010,2,14,0,0.193,0,0,0.082,0.2643,0,15.182,3.227,-5.681,-0.681,0.072,2,14,0,0.162,0,0,0.108,0.2918,0,9.222,3.076,-5.156,-0.156,0.100,2,14,0,0.151,0,0,0.124,0.2328,0,15.206,-3.104,-5.005,-0.005,0.045,2,14,0,0.178,0,0,0.134,0.2629,0,9.139,-3.030,-6.418,-1.418,0.029,2,14,0,0.189,0,0,0.018,0.2670,0,2.798,0.291,0,0,0.193,12.000,0.000,0.000,0.000
156.0,11.924,-0.071,-5.075,-0.075,0.052,2,14,0,0.198,0,0,0.101,0.2492,0,11.912,3.142,-5.334,-0.334,0.051,2,14,0,0.155,0,0,0.099,0.2490,0,11.954,-3.251,-5.333,-0.333,0.068,2,14,0,0.151,0,0,0.166,0.2537,0,15.164,-0.101,-4.751,0.249,0.083,2,14,0,0.183,0,0,0.076,0.2618,0,9.149,0.120,-4.742,0.258,0.033,2,14,0,0.158,0,0,0.070,0.2643,0,15.224,3.229,-5.671,-0.671,0.016,2,14,0,0.196,0,0,0.149,0.2918,0,9.112,3.158,-5.116,-0.116,0.117,2,14,0,0.178,0,0,0.066,0.2328,0,15.173,-3.070,-4.964,0.036,0.018,2,14,0,0.174,0,0,0.112,0.2629,0,9.083,-2.998,-6.360,-1.360,0.008,2,14,0,0.202,0,0,0.073,0.2670,0,2.801,0.320,0,0,0.202,12.000,0.000,0.000,0.000
157.0,11.997,-0.089,-5.039,-0.039,0.060,2,14,0,0.209,0,0,0.103,0.2492,0,11.825,3.114,-5.300,-0.300,0.055,2,14,0,0.153,0,0,0.115,0.2490,0,12.024,-3.251,-5.328,-0.328,0.029,2,14,0,0.161,0,0,0.191,0.2537,0,15.060,-0.058,-4.753,0.247,0.088,2,14,0,0.181,0,0,0.038,0.2618,0,9.178,0.131,-4.818,0.182,0.049,2,14,0,0.216,0,0,0.043,0.2643,0,15.162,3.191,-5.704,-0.704,0.071,2,14,0,0.178,0,0,0.090,0.2918,0,8.959,3.136,-5.094,-0.094,0.073,2,14,0,0.171,0,0,0.143,0.2328,0,15.163,-3.092,-4.967,0.033,0.064,2,14,0,0.152,0,0,0.096,0.2629,0,9.039,-2.994,-6.325,-1.325,0.025,2,14,0,0.189,0,0,0.113,0.2670,0,2.837,0.252,0,0,0.216,12.000,0.000,0.000,0.000
158.0,12.052,-0.050,-4.960,0.040,0.067,2,14,0,0.178,0,0,0.096,0.2492,0,11.798,3.087,-5.354,-0.354,0.057,2,14,0,0.154,0,0,0.126,0.2490,0,11.933,-3.158,-5.361,-0.361,0.097,2,14,0,0.178,0,0,0.072,0.2537,0,14.977,0.008,-4.714,0.286,0.041,2,14,0,0.150,0,0,0.141,0.2618,0,9.219,0.178,-4.734,0.266,0.042,2,14,0,0.152,0,0,0.021,0.2643,0,15.050,3.196,-5.665,-0.665,0.071,2,14,0,0.186,0,0,0.027,0.2918,0,8.945,3.149,-5.054,-0.054,0.019,2,14,0,0.146,0,0,0.166,0.2328,0,15.093,-3.171,-5.010,-0.010,0.080,2,14,0,0.178,0,0,0.049,0.2629,0,9.140,-3.060,-6.372,-1.372,0.068,2,14,0,0.183,0,0,0.009,0.2670,0,2.851,0.283,0,0,0.186,12.000,0.000,0.000,0.000
159.0,12.077,0.015,-4.942,0.058,0.057,2,14,0,0.159,0,0,0.096,0.2492,0,11.828,2.989,-5.339,-0.339,0.081,2,14,0,0.179,0,0,0.103,0.2490,0,11.948,-3.118,-5.329,-0.329,0.075,2,14,0,0.158,0,0,0.038,0.2537,0,14.978,-0.002,-4.726,0.274,0.040,2,14,0,0.183,0,0,0.139,0.2618,0,9.260,0.173,-4.769,0.231,0.029,2,14,0,0.181,0,0,0.058,0.2643,0,15.027,3.279,-5.711,-0.711,0.037,2,14,0,0.161,0,0,0.088,0.2918,0,8.938,3.122,-5.098,-0.098,0.068,2,14,0,0.150,0,0,0.164,0.2328,0,15.038,-3.177,-5.000,-0.000,0.043,2,14,0,0.157,0,0,0.063,0.2629,0,9.180,-3.059,-6.454,-1.454,0.035,2,14,0,0.189,0,0,0.044,0.2670,0,2.827,0.312,0,0,0.189,12.000,0.000,0.000,0.000
160.0,12.028,0.059,-4.993,0.007,0.059,2,14,0,0.193,0,0,0.068,0.2492,0,11.903,2.874,-5.362,-0.362,0.074,2,14,0,0.171,0,0,0.169,0.2490,0,11.906,-3.065,-5.375,-0.375,0.065,2,14,0,0.191,0,0,0.031,0.2537,0,15.055,0.013,-4.687,0.313,0.079,2,14,0,0.231,0,0,0.089,0.2618,0,9.395,0.216,-4.683,0.317,0.009,2,14,0,0.153,0,0,0.200,0.2643,0,15.054,3.326,-5.710,-0.710,0.014,2,14,0,0.200,0,0,0.125,0.2918,0,8.989,3.060,-5.114,-0.114,0.111,2,14,0,0.186,0,0,0.118,0.2328,0,14.986,-3.115,-5.017,-0.017,0.029,2,14,0,0.162,0,0,0.089,0.2629,0,9.234,-3.038,-6.395,-1.395,0.005,2,14,0,0.183,0,0,0.099,0.2670,0,2.655,0.450,0,0,0.231,12.000,0.000,0.000,0.000
161.0,11.903,0.052,-4.960,0.040,0.050,2,14,0,0.167,0,0,0.087,0.2492,0,11.943,2.956,-5.344,-0.344,0.079,2,14,0,0.206,0,0,0.092,0.2490,0,11.806,-3.023,-5.275,-0.275,0.022,2,14,0,0.188,0,0,0.137,0.2537,0,15.051,-0.085,-4.735,0.265,0.081,2,14,0,0.150,0,0,0.052,0.2618,0,9.318,0.110,-4.755,0.245,0.088,2,14,0,0.172,0,0,0.129,0.2643,0,15.013,3.207,-5.734,-0.734,0.067,2,14,0,0.177,0,0,0.062,0.2918,0,9.166,3.060,-5.178,-0.178,0.117,2,14,0,0.245,0,0,0.071,0.2328,0,15.069,-3.143,-4.984,0.016,0.033,2,14,0,0.186,0,0,0.018,0.2629,0,9.167,-3.083,-6.420,-1.420,0.042,2,14,0,0.197,0,0,0.045,0.2670,0,2.594,0.337,0,0,0.245,12.000,0.000,0.000,0.000
162.0,11.925,0.007,-4.957,0.043,0.012,2,14,0,0.160,0,0,0.055,0.2492,0,12.055,3.021,-5.303,-0.303,0.069,2,14,0,0.178,0,0,0.141,0.2490,0,11.826,-3.050,-5.346,-0.346,0.043,2,14,0,0.179,0,0,0.108,0.2537,0,15.133,-0.119,-4.701,0.299,0.061,2,14,0,0.173,0,0,0.063,0.2618,0,9.151,0.060,-4.778,0.222,0.101,2,14,0,0.154,0,0,0.118,0.2643,0,15.021,3.139,-5.648,-0.648,0.051,2,14,0,0.178,0,0,0.084,0.2918,0,9.265,3.018,-5.150,-0.150,0.044,2,14,0,0.157,0,0,0.180,0.2328,0,15.023,-3.147,-5.018,-0.018,0.016,2,14,0,0.214,0,0,0.056,0.2629,0,9.078,-3.115,-6.378,-1.378,0.047,2,14,0,0.218,0,0,0.086,0.2670,0,2.780,0.265,0,0,0.218,12.000,0.000,0.000,0.000
163.0,12.010,0.034,-4.977,0.023,0.033,2,14,0,0.178,0,0,0.035,0.2492,0,12.019,3.066,-5.299,-0.299,0.066,2,14,0,0.179,0,0,0.106,0.2490,0,11.879,-3.122,-5.406,-0.406,0.065,2,14,0,0.180,0,0,0.059,0.2537,0,15.178,-0.113,-4.769,0.231,0.020,2,14,0,0.174,0,0,0.093,0.2618,0,9.125,0.110,-4.730,0.270,0.059,2,14,0,0.219,0,0,0.095,0.2643,0,15.035,3.105,-5.685,-0.685,0.037,2,14,0,0.195,0,0,0.106,0.2918,0,9.236,3.046,-5.121,-0.121,0.056,2,14,0,0.205,0,0,0.145,0.2328,0,15.041,-3.123,-5.079,-0.079,0.035,2,14,0,0.153,0,0,0.033,0.2629,0,9.018,-3.121,-6.372,-1.372,0.029,2,14,0,0.185,0,0,0.138,0.2670,0,2.788,0.241,0,0,0.219,12.000,0.000,0.000,0.000
164.0,12.091,0.007,-4.993,0.007,0.016,2,14,0,0.156,0,0,0.110,0.2492,0,11.968,3.168,-5.306,-0.306,0.071,2,14,0,0.292,0,0,0.135,0.2490,0,11.939,-3.135,-5.336,-0.336,0.044,2,14,0,0.182,0,0,0.049,0.2537,0,15.170,-0.138,-4.737,0.263,0.028,2,14,0,0.169,0,0,0.102,0.2618,0,9.135,0.226,-4.736,0.264,0.050,2,14,0,0.182,0,0,0.090,0.2643,0,15.058,3.118,-5.697,-0.697,0.053,2,14,0,0.162,0,0,0.088,0.2918,0,9.152,3.139,-5.116,-0.116,0.087,2,14,0,0.184,0,0,0.069,0.2328,0,15.044,-3.097,-5.020,-0.020,0.026,2,14,0,0.151,0,0,0.041,0.2629,0,9.083,-3.096,-6.403,-1.403,0.075,2,14,0,0.197,0,0,0.072,0.2670,0,2.823,0.263,0,0,0.292,12.000,0.000,0.000,0.000
165.0,12.038,0.003,-4.992,0.008,0.046,2,14,0,0.224,0,0,0.060,0.2492,0,11.880,3.173,-5.286,-0.286,0.078,2,14,0,0.205,0,0,0.135,0.2490,0,11.989,-3.143,-5.417,-0.417,0.032,2,14,0,0.175,0,0,0.084,0.2537,0,15.169,-0.131,-4.702,0.298,0.058,2,14,0,0.174,0,0,0.097,0.2618,0,9.126,0.257,-4.700,0.300,0.023,2,14,0,0.182,0,0,0.118,0.2643,0,15.124,3.225,-5.635,-0.635,0.069,2,14,0,0.189,0,0,0.050,0.2918,0,9.058,3.133,-5.086,-0.086,0.067,2,14,0,0.204,0,0,0.056,0.2328,0,15.067,-3.100,-5.032,-0.032,0.027,2,14,0,0.176,0,0,0.026,0.2629,0,9.194,-2.998,-6.413,-1.413,0.087,2,14,0,0.186,0,0,0.075,0.2670,0,2.830,0.287,0,0,0.224,12.000,0.000,0.000,0.000
166.0,11.924,0.024,-5.041,-0.041,0.053,2,14,0,0.155,0,0,0.057,0.2492,0,11.843,3.158,-5.324,-0.324,0.072,2,14,0,0.182,0,0,0.135,0.2490,0,12.025,-3.143,-5.350,-0.350,0.024,2,14,0,0.174,0,0,0.113,0.2537,0,15.069,-0.064,-4.741,0.259,0.087,2,14,0,0.184,0,0,0.027,0.2618,0,9.168,0.185,-4.794,0.206,0.059,2,14,0,0.163,0,0,0.039,0.2643,0,15.245,3.320,-5.678,-0.678,0.025,2,14,0,0.183,0,0,0.205,0.2918,0,9.000,3.140,-5.083,-0.083,0.029,2,14,0,0.218,0,0,0.109,0.2328,0,15.106,-3.150,-5.032,-0.032,0.029,2,14,0,0.146,0,0,0.040,0.2629,0,9.312,-2.946,-6.348,-1.348,0.023,2,14,0,0.178,0,0,0.205,0.2670,0,2.771,0.403,0,0,0.218,12.000,0.000,0.000,0.000
167.0,11.919,0.015,-5.049,-0.049,0.012,2,14,0,0.176,0,0,0.062,0.2492,0,11.807,3.056,-5.334,-0.334,0.090,2,14,0,0.155,0,0,0.109,0.2490,0,11.947,-3.037,-5.302,-0.302,0.059,2,14,0,0.151,0,0,0.054,0.2537,0,14.961,-0.032,-4.689,0.311,0.038,2,14,0,0.150,0,0,0.142,0.2618,0,9.236,0.178,-4.768,0.232,0.050,2,14,0,0.189,0,0,0.036,0.2643,0,15.238,3.341,-5.764,-0.764,0.065,2,14,0,0.186,0,0,0.212,0.2918,0,8.977,3.093,-5.083,-0.083,0.041,2,14,0,0.149,0,0,0.124,0.2328,0,15.087,-3.136,-5.050,-0.050,0.004,2,14,0,0.158,0,0,0.017,0.2629,0,9.275,-2.968,-6.401,-1.401,0.067,2,14,0,0.164,0,0,0.161,0.2670,0,2.703,0.416,0,0,0.189,12.000,0.000,0.000,0.000
168.0,11.894,0.083,-4.988,0.012,0.017,2,14,0,0.235,0,0,0.114,0.2492,0,11.857,2.999,-5.339,-0.339,0.080,2,14,0,0.184,0,0,0.075,0.2490,0,11.991,-2.964,-5.292,-0.292,0.021,2,14,0,0.148,0,0,0.139,0.2537,0,15.009,0.020,-4.726,0.274,0.051,2,14,0,0.177,0,0,0.125,0.2618,0,9.214,0.229,-4.701,0.299,0.019,2,14,0,0.156,0,0,0.064,0.2643,0,15.134,3.307,-5.786,-0.786,0.132,2,14,0,0.190,0,0,0.121,0.2918,0,9.076,3.030,-5.152,-0.152,0.071,2,14,0,0.157,0,0,0.068,0.2328,0,15.117,-3.100,-4.991,0.009,0.008,2,14,0,0.230,0,0,0.049,0.2629,0,9.156,-3.007,-6.381,-1.381,0.108,2,14,0,0.155,0,0,0.049,0.2670,0,2.699,0.335,0,0,0.235,12.000,0.000,0.000,0.000
169.0,11.957,0.089,-4.992,0.008,0.049,2,14,0,0.195,0,0,0.083,0.2492,0,11.930,2.962,-5.233,-0.233,0.058,2,14,0,0.375,0,0,0.083,0.2490,0,12.014,-2.971,-5.296,-0.296,0.052,2,14,0,0.157,0,0,0.146,0.2537,0,15.105,0.008,-4.785,0.215,0.068,2,14,0,0.222,0,0,0.073,0.2618,0,9.235,0.189,-4.643,0.357,0.048,2,14,0,0.176,0,0,0.041,0.2643,0,14.930,3.255,-5.673,-0.673,0.134,2,14,0,0.177,0,0,0.149,0.2918,0,9.196,3.007,-5.152,-0.152,0.057,2,14,0,0.213,0,0,0.128,0.2328,0,15.145,-3.064,-4.975,0.025,0.011,2,14,0,0.152,0,0,0.093,0.2629,0,9.061,-3.059,-6.410,-1.410,0.081,2,14,0,0.188,0,0,0.074,0.2670,0,2.736,0.302,0,0,0.375,12.000,0.000,0.000,0.000
170.0,11.962,-0.025,-5.026,-0.026,0.063,2,14,0,0.183,0,0,0.040,0.2492,0,11.998,2.918,-5.264,-0.264,0.028,2,14,0,0.173,0,0,0.151,0.2490,0,11.990,-3.037,-5.320,-0.320,0.095,2,14,0,0.184,0,0,0.081,0.2537,0,15.179,-0.032,-4.748,0.252,0.062,2,14,0,0.187,0,0,0.086,0.2618,0,9.205,0.119,-4.773,0.227,0.047,2,14,0,0.217,0,0,0.047,0.2643,0,14.807,3.088,-5.686,-0.686,0.076,2,14,0,0.188,0,0,0.290,0.2918,0,9.238,3.077,-5.099,-0.099,0.036,2,14,0,0.151,0,0,0.139,0.2328,0,15.127,-3.122,-4.993,0.007,0.047,2,14,0,0.215,0,0,0.054,0.2629,0,8.999,-3.094,-6.452,-1.452,0.021,2,14,0,0.148,0,0,0.143,0.2670,0,2.770,0.250,0,0,0.217,12.000,0.000,0.000,0.000
171.0,11.982,-0.078,-5.033,-0.033,0.036,2,14,0,0.158,0,0,0.089,0.2492,0,11.997,2.947,-5.280,-0.280,0.060,2,14,0,0.183,0,0,0.126,0.2490,0,11.894,-3.164,-5.317,-0.317,0.093,2,14,0,0.155,0,0,0.083,0.2537,0,15.153,-0.045,-4.700,0.300,0.039,2,14,0,0.178,0,0,0.058,0.2618,0,9.211,0.080,-4.736,0.264,0.010,2,14,0,0.188,0,0,0.087,0.2643,0,14.881,3.000,-5.669,-0.669,0.115,2,14,0,0.233,0,0,0.283,0.2918,0,9.239,3.109,-5.126,-0.126,0.057,2,14,0,0.152,0,0,0.139,0.2328,0,15.051,-3.168,-5.009,-0.009,0.050,2,14,0,0.179,0,0,0.048,0.2629,0,9.022,-3.083,-6.428,-1.428,0.047,2,14,0,0.197,0,0,0.119,0.2670,0,2.768,0.262,0,0,0.233,12.000,0.000,0.000,0.000
172.0,12.082,-0.118,-5.011,-0.011,0.028,2,14,0,0.173,0,0,0.164,0.2492,0,11.879,2.995,-5.306,-0.306,0.085,2,14,0,0.185,0,0,0.061,0.2490,0,11.891,-3.175,-5.342,-0.342,0.035,2,14,0,0.147,0,0,0.094,0.2537,0,15.105,-0.120,-4.702,0.298,0.049,2,14,0,0.187,0,0,0.056,0.2618,0,9.201,0.123,-4.759,0.241,0.035,2,14,0,0.283,0,0,0.043,0.2643,0,15.042,3.047,-5.650,-0.650,0.174,2,14,0,0.192,0,0,0.162,0.2918,0,9.081,3.132,-5.154,-0.154,0.092,2,14,0,0.174,0,0,0.042,0.2328,0,15.058,-3.183,-4.982,0.018,0.020,2,14,0,0.159,0,0,0.060,0.2629,0,9.073,-3.066,-6.398,-1.398,0.078,2,14,0,0.211,0,0,0.067,0.2670,0,2.805,0.235,0,0,0.283,12.000,0.000,0.000,0.000
173.0,12.091,-0.062,-4.994,0.006,0.074,2,14,0,0.182,0,0,0.135,0.2492,0,11.841,3.063,-5.319,-0.319,0.060,2,14,0,0.187,0,0,0.077,0.2490,0,11.781,-3.153,-5.372,-0.372,0.031,2,14,0,0.156,0,0,0.160,0.2537,0,15.133,-0.151,-4.746,0.254,0.014,2,14,0,0.179,0,0,0.093,0.2618,0,9.268,0.129,-4.739,0.261,0.031,2,14,0,0.154,0,0,0.076,0.2643,0,15.222,3.186,-5.634,-0.634,0.148,2,14,0,0.178,0,0,0.146,0.2918,0,9.051,3.132,-5.130,-0.130,0.046,2,14,0,0.160,0,0,0.063,0.2328,0,15.053,-3.145,-4.981,0.019,0.029,2,14,0,0.153,0,0,0.029,0.2629,0,9.172,-3.074,-6.351,-1.351,0.068,2,14,0,0.147,0,0,0.042,0.2670,0,2.788,0.298,0,0,0.187,12.000,0.000,0.000,0.000
174.0,12.065,-0.002,-5.013,-0.013,0.094,2,14,0,0.181,0,0,0.088,0.2492,0,11.890,3.057,-5.299,-0.299,0.043,2,14,0,0.375,0,0,0.029,0.2490,0,11.759,-3.094,-5.347,-0.347,0.078,2,14,0,0.186,0,0,0.168,0.2537,0,15.138,-0.132,-4.748,0.252,0.039,2,14,0,0.178,0,0,0.079,0.2618,0,9.269,0.158,-4.767,0.233,0.042,2,14,0,0.185,0,0,0.068,0.2643,0,15.271,3.261,-5.755,-0.755,0.070,2,14,0,0.193,0,0,0.206,0.2918,0,9.010,3.121,-5.108,-0.108,0.025,2,14,0,0.150,0,0,0.095,0.2328,0,15.034,-3.131,-5.005,-0.005,0.022,2,14,0,0.211,0,0,0.040,0.2629,0,9.219,-3.032,-6.335,-1.335,0.035,2,14,0,0.217,0,0,0.083,0.2670,0,2.726,0.377,0,0,0.375,12.000,0.000,0.000,0.000
175.0,11.952,0.052,-5.071,-0.071,0.086,2,14,0,0.188,0,0,0.047,0.2492,0,11.901,3.092,-5.301,-0.301,0.023,2,14,0,0.187,0,0,0.050,0.2490,0,11.893,-3.013,-5.331,-0.331,0.116,2,14,0,0.181,0,0,0.081,0.2537,0,15.102,-0.031,-4.792,0.208,0.056,2,14,0,0.148,0,0,0.032,0.2618,0,9.234,0.164,-4.748,0.252,0.051,2,14,0,0.178,0,0,0.032,0.2643,0,15.137,3.276,-5.678,-0.678,0.082,2,14,0,0.182,0,0,0.097,0.2918,0,8.985,3.077,-5.090,-0.090,0.042,2,14,0,0.148,0,0,0.117,0.2328,0,14.980,-3.095,-5.003,-0.003,0.017,2,14,0,0.150,0,0,0.098,0.2629,0,9.219,-2.997,-6.378,-1.378,0.033,2,14,0,0.179,0,0,0.100,0.2670,0,2.740,0.308,0,0,0.188,12.000,0.000,0.000,0.000
176.0,11.871,0.088,-5.015,-0.015,0.032,2,14,0,0.157,0,0,0.133,0.2492,0,11.978,3.078,-5.248,-0.248,0.026,2,14,0,0.188,0,0,0.071,0.2490,0,11.997,-2.976,-5.312,-0.312,0.071,2,14,0,0.175,0,0,0.130,0.2537,0,15.086,0.001,-4.718,0.282,0.029,2,14,0,0.203,0,0,0.065,0.2618,0,9.155,0.213,-4.697,0.303,0.042,2,14,0,0.186,0,0,0.065,0.2643,0,15.097,3.317,-5.789,-0.789,0.071,2,14,0,0.193,0,0,0.117,0.2918,0,9.042,3.091,-5.130,-0.130,0.072,2,14,0,0.172,0,0,0.060,0.2328,0,14.970,-3.062,-5.012,-0.012,0.046,2,14,0,0.180,0,0,0.123,0.2629,0,9.110,-3.064,-6.419,-1.419,0.057,2,14,0,0.157,0,0,0.028,0.2670,0,2.738,0.332,0,0,0.203,12.000,0.000,0.000,0.000
177.0,11.904,0.121,-5.021,-0.021,0.028,2,14,0,0.219,0,0,0.132,0.2492,0,11.957,3.109,-5.290,-0.290,0.027,2,14,0,0.161,0,0,0.077,0.2490,0,12.063,-3.069,-5.300,-0.300,0.051,2,14,0,0.154,0,0,0.138,0.2537,0,15.015,-0.012,-4.731,0.269,0.020,2,14,0,0.152,0,0,0.100,0.2618,0,9.109,0.261,-4.749,0.251,0.005,2,14,0,0.190,0,0,0.133,0.2643,0,15.085,3.321,-5.769,-0.769,0.060,2,14,0,0.189,0,0,0.118,0.2918,0,9.140,3.111,-5.113,-0.113,0.063,2,14,0,0.144,0,0,0.043,0.2328,0,15.062,-3.082,-4.959,0.041,0.076,2,14,0,0.184,0,0,0.046,0.2629,0,9.082,-3.143,-6.414,-1.414,0.023,2,14,0,0.222,0,0,0.108,0.2670,0,2.812,0.332,0,0,0.222,12.000,0.000,0.000,0.000
178.0,11.900,0.093,-4.992,0.008,0.071,2,14,0,0.179,0,0,0.117,0.2492,0,11.912,3.136,-5.292,-0.292,0.044,2,14,0,0.149,0,0,0.092,0.2490,0,12.009,-3.134,-5.346,-0.346,0.057,2,14,0,0.226,0,0,0.094,0.2537,0,15.079,-0.065,-4.733,0.267,0.037,2,14,0,0.146,0,0,0.020,0.2618,0,9.111,0.249,-4.784,0.216,0.057,2,14,0,0.182,0,0,0.123,0.2643,0,15.096,3.217,-5.678,-0.678,0.087,2,14,0,0.185,0,0,0.027,0.2918,0,9.250,3.102,-5.161,-0.161,0.026,2,14,0,0.147,0,0,0.149,0.2328,0,15.194,-3.142,-4.961,0.039,0.063,2,14,0,0.188,0,0,0.121,0.2629,0,9.136,-3.096,-6.354,-1.354,0.040,2,14,0,0.158,0,0,0.047,0.2670,0,2.666,0.272,0,0,0.226,12.000,0.000,0.000,0.000
179.0,11.971,-0.006,-5.003,-0.003,0.083,2,14,0,0.217,0,0,0.019,0.2492,0,11.871,3.086,-5.314,-0.314,0.057,2,14,0,0.178,0,0,0.062,0.2490,0,11.977,-3.189,-5.307,-0.307,0.060,2,14,0,0.149,0,0,0.114,0.2537,0,15.080,-0.046,-4.676,0.324,0.026,2,14,0,0.228,0,0,0.027,0.2618,0,9.066,0.134,-4.755,0.245,0.077,2,14,0,0.184,0,0,0.139,0.2643,0,15.065,3.147,-5.627,-0.627,0.064,2,14,0,0.151,0,0,0.057,0.2918,0,9.140,3.053,-5.105,-0.105,0.057,2,14,0,0.209,0,0,0.057,0.2328,0,15.237,-3.227,-4.975,0.025,0.022,2,14,0,0.202,0,0,0.193,0.2629,0,9.141,-3.075,-6.392,-1.392,0.037,2,14,0,0.150,0,0,0.025,0.2670,0,2.739,0.329,0,0,0.228,12.000,0.000,0.000,0.000
180.0,11.947,-0.002,-4.985,0.015,0.047,2,14,0,0.195,0,0,0.037,0.2492,0,11.815,3.022,-5.304,-0.304,0.052,2,14,0,0.147,0,0,0.102,0.2490,0,11.933,-3.187,-5.331,-0.331,0.070,2,14,0,0.187,0,0,0.100,0.2537,0,15.160,-0.003,-4.710,0.290,0.031,2,14,0,0.175,0,0,0.085,0.2618,0,9.160,0.077,-4.705,0.295,0.093,2,14,0,0.177,0,0,0.099,0.2643,0,15.072,3.121,-5.683,-0.683,0.021,2,14,0,0.179,0,0,0.081,0.2918,0,9.065,3.033,-5.103,-0.103,0.042,2,14,0,0.151,0,0,0.070,0.2328,0,15.179,-3.161,-4.999,0.001,0.080,2,14,0,0.160,0,0,0.111,0.2629,0,9.163,-3.085,-6.372,-1.372,0.026,2,14,0,0.168,0,0,0.044,0.2670,0,2.758,0.241,0,0,0.195,12.000,0.000,0.000,0.000
181.0,11.940,-0.073,-4.988,0.012,0.040,2,14,0,0.203,0,0,0.092,0.2492,0,11.815,3.001,-5.270,-0.270,0.056,2,14,0,0.184,0,0,0.109,0.2490,0,11.902,-3.128,-5.389,-0.389,0.068,2,14,0,0.181,0,0,0.048,0.2537,0,15.127,-0.039,-4.759,0.241,0.038,2,14,0,0.174,0,0,0.038,0.2618,0,9.238,0.091,-4.725,0.275,0.068,2,14,0,0.173,0,0,0.083,0.2643,0,15.085,3.110,-5.661,-0.661,0.025,2,14,0,0.230,0,0,0.095,0.2918,0,9.070,3.033,-5.128,-0.128,0.034,2,14,0,0.152,0,0,0.068,0.2328,0,15.033,-3.133,-4.981,0.019,0.095,2,14,0,0.182,0,0,0.041,0.2629,0,9.150,-3.019,-6.407,-1.407,0.031,2,14,0,0.189,0,0,0.034,0.2670,0,2.720,0.255,0,0,0.230,12.000,0.000,0.000,0.000
182.0,11.942,-0.088,-5.042,-0.042,0.043,2,14,0,0.154,0,0,0.108,0.2492,0,11.944,2.984,-5.321,-0.321,0.071,2,14,0,0.175,0,0,0.066,0.2490,0,11.958,-3.063,-5.385,-0.385,0.050,2,14,0,0.371,0,0,0.040,0.2537,0,15.111,-0.092,-4.675,0.325,0.042,2,14,0,0.146,0,0,0.030,0.2618,0,9.252,0.133,-4.763,0.237,0.047,2,14,0,0.164,0,0,0.060,0.2643,0,15.051,3.142,-5.644,-0.644,0.058,2,14,0,0.185,0,0,0.067,0.2918,0,9.063,3.098,-5.109,-0.109,0.044,2,14,0,0.146,0,0,0.037,0.2328,0,15.004,-3.114,-4.988,0.012,0.047,2,14,0,0.152,0,0,0.071,0.2629,0,9.150,-2.991,-6.405,-1.405,0.013,2,14,0,0.184,0,0,0.059,0.2670,0,2.713,0.285,0,0,0.371,12.000,0.000,0.000,0.000
183.0,12.034,-0.032,-5.049,-0.049,0.075,2,14,0,0.179,0,0,0.069,0.2492,0,12.045,3.030,-5.234,-0.234,0.031,2,14,0,0.172,0,0,0.130,0.2490,0,11.952,-3.032,-5.339,-0.339,0.019,2,14,0,0.185,0,0,0.061,0.2537,0,15.107,-0.145,-4.740,0.260,0.022,2,14,0,0.169,0,0,0.081,0.2618,0,9.321,0.161,-4.765,0.235,0.045,2,14,0,0.159,0,0,0.119,0.2643,0,15.006,3.237,-5.733,-0.733,0.061,2,14,0,0.182,0,0,0.077,0.2918,0,9.078,3.213,-5.107,-0.107,0.049,2,14,0,0.202,0,0,0.119,0.2328,0,15.021,-3.011,-5.055,-0.055,0.014,2,14,0,0.176,0,0,0.125,0.2629,0,9.089,-3.012,-6.343,-1.343,0.023,2,14,0,0.156,0,0,0.059,0.2670,0,2.735,0.359,0,0,0.202,12.000,0.000,0.000,0.000
184.0,12.072,0.096,-4.977,0.023,0.053,2,14,0,0.153,0,0,0.124,0.2492,0,12.033,3.067,-5.310,-0.310,0.044,2,14,0,0.175,0,0,0.120,0.2490,0,11.877,-2.989,-5.343,-0.343,0.023,2,14,0,0.153,0,0,0.109,0.2537,0,15.105,-0.145,-4.734,0.266,0.029,2,14,0,0.173,0,0,0.081,0.2618,0,9.264,0.232,-4.755,0.245,0.060,2,14,0,0.153,0,0,0.090,0.2643,0,15.014,3.283,-5.718,-0.718,0.028,2,14,0,0.188,0,0,0.101,0.2918,0,9.095,3.231,-5.118,-0.118,0.037,2,14,0,0.180,0,0,0.139,0.2328,0,15.018,-3.024,-4.989,0.011,0.045,2,14,0,0.179,0,0,0.116,0.2629,0,9.095,-3.017,-6.326,-1.326,0.025,2,14,0,0.179,0,0,0.053,0.2670,0,2.820,0.351,0,0,0.188,12.000,0.000,0.000,0.000
185.0,12.045,0.120,-4.953,0.047,0.032,2,14,0,0.153,0,0,0.126,0.2492,0,11.970,3.115,-5.323,-0.323,0.073,2,14,0,0.177,0,0,0.090,0.2490,0,11.808,-2.968,-5.330,-0.330,0.045,2,14,0,0.193,0,0,0.168,0.2537,0,15.092,-0.107,-4.731,0.269,0.048,2,14,0,0.149,0,0,0.043,0.2618,0,9.256,0.283,-4.761,0.239,0.049,2,14,0,0.149,0,0,0.129,0.2643,0,14.990,3.253,-5.675,-0.675,0.052,2,14,0,0.219,0,0,0.101,0.2918,0,9.042,3.117,-5.148,-0.148,0.082,2,14,0,0.212,0,0,0.062,0.2328,0,14.985,-3.098,-5.013,-0.013,0.072,2,14,0,0.162,0,0,0.094,0.2629,0,9.124,-3.051,-6.428,-1.428,0.032,2,14,0,0.185,0,0,0.013,0.2670,0,2.799,0.382,0,0,0.219,12.000,0.000,0.000,0.000
186.0,12.036,0.122,-5.000,-0.000,0.061,2,14,0,0.343,0,0,0.123,0.2492,0,11.952,3.131,-5.302,-0.302,0.057,2,14,0,0.208,0,0,0.094,0.2490,0,11.806,-3.024,-5.327,-0.327,0.087,2,14,0,0.154,0,0,0.137,0.2537,0,15.113,-0.084,-4.795,0.205,0.047,2,14,0,0.172,0,0,0.025,0.2618,0,9.202,0.263,-4.778,0.222,0.070,2,14,0,0.191,0,0,0.098,0.2643,0,15.036,3.195,-5.726,-0.726,0.081,2,14,0,0.187,0,0,0.041,0.2918,0,9.070,3.047,-5.199,-0.199,0.070,2,14,0,0.174,0,0,0.056,0.2328,0,15.052,-3.203,-5.049,-0.049,0.073,2,14,0,0.247,0,0,0.080,0.2629,0,9.166,-3.017,-6.416,-1.416,0.020,2,14,0,0.156,0,0,0.045,0.2670,0,2.818,0.332,0,0,0.343,12.000,0.000,0.000,0.000
187.0,11.944,0.021,-5.012,-0.012,0.094,2,14,0,0.241,0,0,0.037,0.2492,0,11.906,3.118,-5.300,-0.300,0.071,2,14,0,0.173,0,0,0.075,0.2490,0,11.928,-3.079,-5.343,-0.343,0.106,2,14,0,0.178,0,0,0.009,0.2537,0,15.083,-0.019,-4.744,0.256,0.042,2,14,0,0.172,0,0,0.047,0.2618,0,9.119,0.169,-4.757,0.243,0.085,2,14,0,0.198,0,0,0.082,0.2643,0,15.166,3.194,-5.796,-0.796,0.074,2,14,0,0.370,0,0,0.087,0.2918,0,9.142,3.001,-5.129,-0.129,0.038,2,14,0,0.145,0,0,0.102,0.2328,0,15.153,-3.295,-5.006,-0.006,0.048,2,14,0,0.178,0,0,0.186,0.2629,0,9.122,-3.019,-6.366,-1.366,0.024,2,14,0,0.184,0,0,0.034,0.2670,0,2.772,0.332,0,0,0.370,12.000,0.000,0.000,0.000
188.0,11.944,-0.074,-4.965,0.035,0.053,2,14,0,0.389,0,0,0.092,0.2492,0,11.770,2.999,-5.328,-0.328,0.074,2,14,0,0.213,0,0,0.151,0.2490,0,11.981,-3.186,-5.309,-0.309,0.067,2,14,0,0.183,0,0,0.113,0.2537,0,15.010,0.031,-4.707,0.293,0.011,2,14,0,0.148,0,0,0.130,0.2618,0,9.091,0.096,-4.717,0.283,0.053,2,14,0,0.222,0,0,0.131,0.2643,0,15.218,3.217,-5.792,-0.792,0.003,2,14,0,0.174,0,0,0.144,0.2918,0,9.164,3.022,-5.132,-0.132,0.033,2,14,0,0.146,0,0,0.097,0.2328,0,15.167,-3.252,-4.971,0.029,0.073,2,14,0,0.179,0,0,0.158,0.2629,0,9.184,-3.025,-6.407,-1.407,0.023,2,14,0,0.188,0,0,0.052,0.2670,0,2.614,0.308,0,0,0.389,12.000,0.000,0.000,0.000
189.0,11.963,-0.011,-5.021,-0.021,0.017,2,14,0,0.153,0,0,0.030,0.2492,0,11.766,2.976,-5.385,-0.385,0.053,2,14,0,0.177,0,0,0.164,0.2490,0,12.014,-3.210,-5.347,-0.347,0.011,2,14,0,0.162,0,0,0.151,0.2537,0,15.059,0.012,-4.643,0.357,0.055,2,14,0,0.179,0,0,0.087,0.2618,0,9.116,0.130,-4.673,0.327,0.044,2,14,0,0.162,0,0,0.092,0.2643,0,15.202,3.220,-5.710,-0.710,0.051,2,14,0,0.152,0,0,0.128,0.2918,0,9.161,3.125,-5.115,-0.115,0.056,2,14,0,0.161,0,0,0.066,0.2328,0,15.133,-3.144,-4.966,0.034,0.106,2,14,0,0.181,0,0,0.062,0.2629,0,9.165,-3.033,-6.393,-1.393,0.034,2,14,0,0.245,0,0,0.036,0.2670,0,2.623,0.299,0,0,0.245,12.000,0.000,0.000,0.000
190.0,11.967,-0.015,-4.985,0.015,0.015,2,14,0,0.181,0,0,0.029,0.2492,0,11.811,2.946,-5.329,-0.329,0.095,2,14,0,0.218,0,0,0.143,0.2490,0,12.028,-3.111,-5.397,-0.397,0.075,2,14,0,0.181,0,0,0.105,0.2537,0,15.136,-0.085,-4.723,0.277,0.076,2,14,0,0.175,0,0,0.040,0.2618,0,9.136,0.133,-4.771,0.229,0.076,2,14,0,0.181,0,0,0.074,0.2643,0,15.102,3.235,-5.701,-0.701,0.088,2,14,0,0.171,0,0,0.043,0.2918,0,9.153,3.162,-5.088,-0.088,0.050,2,14,0,0.146,0,0,0.086,0.2328,0,15.120,-3.078,-4.966,0.034,0.082,2,14,0,0.181,0,0,0.066,0.2629,0,9.056,-3.170,-6.377,-1.377,0.044,2,14,0,0.181,0,0,0.143,0.2670,0,2.677,0.256,0,0,0.218,12.000,0.000,0.000,0.000
191.0,11.926,0.021,-4.983,0.017,0.028,2,14,0,0.190,0,0,0.057,0.2492,0,11.900,2.974,-5.319,-0.319,0.110,2,14,0,0.178,0,0,0.071,0.2490,0,11.987,-3.073,-5.376,-0.376,0.073,2,14,0,0.158,0,0,0.062,0.2537,0,15.230,-0.084,-4.695,0.305,0.029,2,14,0,0.176,0,0,0.130,0.2618,0,9.166,0.124,-4.800,0.200,0.066,2,14,0,0.157,0,0,0.055,0.2643,0,14.964,3.220,-5.713,-0.713,0.078,2,14,0,0.149,0,0,0.112,0.2918,0,9.166,3.165,-5.149,-0.149,0.046,2,14,0,0.169,0,0,0.097,0.2328,0,15.085,-3.025,-5.040,-0.040,0.046,2,14,0,0.161,0,0,0.101,0.2629,0,9.065,-3.185,-6.364,-1.364,0.038,2,14,0,0.152,0,0,0.153,0.2670,0,2.746,0.245,0,0,0.190,12.000,0.000,0.000,0.000
192.0,11.989,0.032,-5.012,-0.012,0.040,2,14,0,0.158,0,0,0.021,0.2492,0,12.000,3.011,-5.221,-0.221,0.087,2,14,0,0.200,0,0,0.090,0.2490,0,11.946,-3.097,-5.349,-0.349,0.065,2,14,0,0.161,0,0,0.022,0.2537,0,15.184,-0.040,-4.736,0.264,0.046,2,14,0,0.149,0,0,0.089,0.2618,0,9.273,0.120,-4.786,0.214,0.065,2,14,0,0.182,0,0,0.084,0.2643,0,14.919,3.160,-5.724,-0.724,0.024,2,14,0,0.164,0,0,0.162,0.2918,0,9.101,3.084,-5.107,-0.107,0.069,2,14,0,0.179,0,0,0.009,0.2328,0,15.007,-3.016,-4.997,0.003,0.040,2,14,0,0.204,0,0,0.129,0.2629,0,9.168,-3.176,-6.385,-1.385,0.083,2,14,0,0.161,0,0,0.130,0.2670,0,2.726,0.298,0,0,0.204,12.000,0.000,0.000,0.000
193.0,12.001,0.006,-5.034,-0.034,0.015,2,14,0,0.152,0,0,0.022,0.2492,0,12.093,3.059,-5.295,-0.295,0.053,2,14,0,0.174,0,0,0.178,0.2490,0,11.873,-3.041,-5.345,-0.345,0.053,2,14,0,0.158,0,0,0.070,0.2537,0,15.108,-0.029,-4.719,0.281,0.057,2,14,0,0.220,0,0,0.036,0.2618,0,9.341,0.142,-4.727,0.273,0.037,2,14,0,0.156,0,0,0.141,0.2643,0,14.961,3.193,-5.736,-0.736,0.060,2,14,0,0.194,0,0,0.115,0.2918,0,9.018,3.044,-5.181,-0.181,0.046,2,14,0,0.180,0,0,0.095,0.2328,0,15.048,-3.088,-4.995,0.005,0.068,2,14,0,0.182,0,0,0.046,0.2629,0,9.209,-3.102,-6.369,-1.369,0.099,2,14,0,0.172,0,0,0.089,0.2670,0,2.681,0.369,0,0,0.220,12.000,0.000,0.000,0.000
194.0,12.009,-0.052,-5.007,-0.007,0.013,2,14,0,0.187,0,0,0.069,0.2492,0,12.055,3.131,-5.334,-0.334,0.078,2,14,0,0.177,0,0,0.164,0.2490,0,11.826,-3.020,-5.291,-0.291,0.004,2,14,0,0.228,0,0,0.121,0.2537,0,15.087,-0.087,-4.760,0.240,0.039,2,14,0,0.171,0,0,0.026,0.2618,0,9.329,0.190,-4.692,0.308,0.064,2,14,0,0.188,0,0,0.130,0.2643,0,14.982,3.221,-5.682,-0.682,0.082,2,14,0,0.173,0,0,0.097,0.2918,0,9.032,3.029,-5.119,-0.119,0.023,2,14,0,0.177,0,0,0.096,0.2328,0,15.011,-3.118,-4.982,0.018,0.053,2,14,0,0.404,0,0,0.064,0.2629,0,9.224,-3.033,-6.334,-1.334,0.082,2,14,0,0.225,0,0,0.090,0.2670,0,2.709,0.380,0,0,0.404,12.000,0.000,0.000,0.000
195.0,11.976,-0.071,-5.066,-0.066,0.022,2,14,0,0.172,0,0,0.083,0.2492,0,11.902,3.152,-5.299,-0.299,0.105,2,14,0,0.177,0,0,0.110,0.2490,0,11.863,-3.029,-5.311,-0.311,0.054,2,14,0,0.151,0,0,0.086,0.2537,0,15.036,-0.131,-4.793,0.207,0.022,2,14,0,0.174,0,0,0.091,0.2618,0,9.204,0.265,-4.784,0.216,0.082,2,14,0,0.183,0,0,0.099,0.2643,0,15.103,3.198,-5.633,-0.633,0.094,2,14,0,0.181,0,0,0.026,0.2918,0,9.054,3.060,-5.071,-0.071,0.050,2,14,0,0.173,0,0,0.058,0.2328,0,15.068,-3.127,-5.024,-0.024,0.043,2,14,0,0.186,0,0,0.006,0.2629,0,9.195,-2.956,-6.373,-1.373,0.066,2,14,0,0.214,0,0,0.111,0.2670,0,2.806,0.335,0,0,0.214,12.000,0.000,0.000,0.000
196.0,11.965,-0.037,-5.019,-0.019,0.059,2,14,0,0.183,0,0,0.053,0.2492,0,11.843,3.097,-5.264,-0.264,0.072,2,14,0,0.210,0,0,0.090,0.2490,0,11.855,-3.101,-5.375,-0.375,0.068,2,14,0,0.179,0,0,0.073,0.2537,0,14.972,-0.098,-4.724,0.276,0.029,2,14,0,0.178,0,0,0.131,0.2618,0,9.155,0.245,-4.724,0.276,0.058,2,14,0,0.156,0,0,0.092,0.2643,0,15.218,3.134,-5.714,-0.714,0.057,2,14,0,0.351,0,0,0.156,0.2918,0,9.083,3.115,-5.106,-0.106,0.059,2,14,0,0.179,0,0,0.028,0.2328,0,15.009,-3.187,-5.015,-0.015,0.028,2,14,0,0.180,0,0,0.091,0.2629,0,9.130,-2.973,-6.372,-1.372,0.046,2,14,0,0.166,0,0,0.078,0.2670,0,2.765,0.290,0,0,0.351,12.000,0.000,0.000,0.000
197.0,11.926,0.047,-5.077,-0.077,0.057,2,14,0,0.365,0,0,0.064,0.2492,0,11.790,3.025,-5.337,-0.337,0.058,2,14,0,0.217,0,0,0.127,0.2490,0,11.854,-3.141,-5.405,-0.405,0.056,2,14,0,0.158,0,0,0.090,0.2537,0,15.043,-0.060,-4.753,0.247,0.070,2,14,0,0.218,0,0,0.059,0.2618,0,9.198,0.178,-4.714,0.286,0.048,2,14,0,0.225,0,0,0.014,0.2643,0,15.265,3.209,-5.721,-0.721,0.051,2,14,0,0.189,0,0,0.192,0.2918,0,9.147,3.156,-5.104,-0.104,0.040,2,14,0,0.153,0,0,0.077,0.2328,0,15.087,-3.161,-4.965,0.035,0.034,2,14,0,0.150,0,0,0.038,0.2629,0,9.077,-2.985,-6.346,-1.346,0.046,2,14,0,0.196,0,0,0.087,0.2670,0,2.656,0.337,0,0,0.365,12.000,0.000,0.000,0.000
198.0,11.908,0.068,-4.975,0.025,0.027,2,14,0,0.162,0,0,0.092,0.2492,0,11.851,2.942,-5.306,-0.306,0.068,2,14,0,0.148,0,0,0.120,0.2490,0,11.861,-3.196,-5.331,-0.331,0.061,2,14,0,0.230,0,0,0.127,0.2537,0,15.150,-0.036,-4.749,0.251,0.067,2,14,0,0.543,0,0,0.057,0.2618,0,9.186,0.083,-4.737,0.263,0.034,2,14,0,0.181,0,0,0.084,0.2643,0,15.185,3.235,-5.653,-0.653,0.097,2,14,0,0.152,0,0,0.115,0.2918,0,9.155,3.164,-5.119,-0.119,0.017,2,14,0,0.142,0,0,0.089,0.2328,0,15.137,-3.151,-4.954,0.046,0.027,2,14,0,0.168,0,0,0.068,0.2629,0,9.001,-3.015,-6.376,-1.376,0.041,2,14,0,0.179,0,0,0.140,0.2670,0,2.711,0.299,0,0,0.543,12.000,0.000,0.000,0.000
199.0,12.006,0.069,-5.017,-0.017,0.053,2,14,0,0.171,0,0,0.063,0.2492,0,11.913,2.916,-5.339,-0.339,0.070,2,14,0,0.194,0,0,0.127,0.2490,0,12.026,-3.190,-5.342,-0.342,0.085,2,14,0,0.195,0,0,0.143,0.2537,0,15.172,-0.049,-4.760,0.240,0.010,2,14,0,0.176,0,0,0.075,0.2618,0,9.189,0.051,-4.736,0.264,0.013,2,14,0,0.155,0,0,0.115,0.2643,0,15.126,3.252,-5.702,-0.702,0.105,2,14,0,0.181,0,0,0.071,0.2918,0,9.110,3.084,-5.089,-0.089,0.055,2,14,0,0.179,0,0,0.013,0.2328,0,15.152,-3.117,-5.022,-0.022,0.032,2,14,0,0.192,0,0,0.078,0.2629,0,9.037,-3.090,-6.374,-1.374,0.074,2,14,0,0.184,0,0,0.108,0.2670,0,2.820,0.282,0,0,0.195,12.000,0.000,0.000,0.000
