t,d0_x,d0_y,d0_z,d0_zerr,d0_velxy,d0_arm,d0_nav,d0_mpc,d0_solve_ms,d0_fallback,d0_hover,d0_poserr,d1_x,d1_y,d1_z,d1_zerr,d1_velxy,d1_arm,d1_nav,d1_mpc,d1_solve_ms,d1_fallback,d1_hover,d1_poserr,d2_x,d2_y,d2_z,d2_zerr,d2_velxy,d2_arm,d2_nav,d2_mpc,d2_solve_ms,d2_fallback,d2_hover,d2_poserr,d3_x,d3_y,d3_z,d3_zerr,d3_velxy,d3_arm,d3_nav,d3_mpc,d3_solve_ms,d3_fallback,d3_hover,d3_poserr,d4_x,d4_y,d4_z,d4_zerr,d4_velxy,d4_arm,d4_nav,d4_mpc,d4_solve_ms,d4_fallback,d4_hover,d4_poserr,min_spacing,formation_max_err,safety_violations,total_fallbacks,max_solve_ms,leader_x,leader_y,leader_vx,leader_vy
1.0,-0.027,-0.160,-0.406,4.594,0.020,1,4,-1,0.000,0,0,0.000,-0.071,2.976,0.560,5.560,0.024,1,4,-1,0.000,0,0,0.000,-0.104,-2.655,-0.456,4.544,0.024,1,4,-1,0.000,0,0,0.000,2.448,0.010,-0.181,4.819,0.020,1,4,-1,0.000,0,0,0.000,-3.231,-0.142,0.396,5.396,0.010,1,4,-1,0.000,0,0,0.000,2.492,nan,0,0,0.000,nan,nan,nan,nan
2.0,-0.042,-0.143,-0.451,4.549,0.008,1,4,-1,0.000,0,0,0.000,-0.051,2.995,0.616,5.616,0.007,1,4,-1,0.000,0,0,0.000,-0.113,-2.625,-0.486,4.514,0.028,1,4,-1,0.000,0,0,0.000,2.409,0.015,-0.162,4.838,0.009,1,4,-1,0.000,0,0,0.000,-3.206,-0.171,0.382,5.382,0.015,1,4,-1,0.000,0,0,0.000,2.472,nan,0,0,0.000,nan,nan,nan,nan
3.0,-0.004,-0.117,-0.297,4.703,0.016,1,4,-1,0.000,0,0,0.000,-0.132,2.991,0.634,5.634,0.026,1,4,-1,0.000,0,0,0.000,-0.147,-2.602,-0.566,4.434,0.034,1,4,-1,0.000,0,0,0.000,2.338,-0.010,-0.180,4.820,0.023,1,4,-1,0.000,0,0,0.000,-3.222,-0.162,0.321,5.321,0.004,1,4,-1,0.000,0,0,0.000,2.347,nan,0,0,0.000,nan,nan,nan,nan
4.0,-0.089,-0.078,-0.291,4.709,0.022,1,4,-1,0.000,0,0,0.000,-0.114,2.978,0.628,5.628,0.013,1,4,-1,0.000,0,0,0.000,-0.141,-2.608,-0.518,4.482,0.020,1,4,-1,0.000,0,0,0.000,2.337,-0.026,-0.242,4.758,0.023,1,4,-1,0.000,0,0,0.000,-3.196,-0.158,0.330,5.330,0.011,1,4,-1,0.000,0,0,0.000,2.427,nan,0,0,0.000,nan,nan,nan,nan
5.0,-0.096,-0.076,-0.320,4.680,0.017,1,4,-1,0.000,0,0,0.000,-0.097,3.013,0.672,5.672,0.012,1,4,-1,0.000,0,0,0.000,-0.156,-2.646,-0.498,4.502,0.020,1,4,-1,0.000,0,0,0.000,2.345,-0.038,-0.240,4.760,0.017,1,4,-1,0.000,0,0,0.000,-3.159,-0.156,0.417,5.417,0.017,1,4,-1,0.000,0,0,0.000,2.443,nan,0,0,0.000,nan,nan,nan,nan
6.0,-0.081,-0.106,-0.355,4.645,0.006,1,4,-1,0.000,0,0,0.000,-0.127,3.010,0.658,5.658,0.013,1,4,-1,0.000,0,0,0.000,-0.038,-2.652,-0.430,4.570,0.030,1,4,-1,0.000,0,0,0.000,2.366,-0.056,-0.253,4.747,0.013,1,4,-1,0.000,0,0,0.000,-3.195,-0.124,0.434,5.434,0.005,1,4,-1,0.000,0,0,0.000,2.450,nan,0,0,0.000,nan,nan,nan,nan
7.0,-0.050,-0.170,-0.328,4.672,0.027,1,4,-1,0.000,0,0,0.000,-0.122,2.995,0.717,5.717,0.007,1,4,-1,0.000,0,0,0.000,-0.051,-2.670,-0.416,4.584,0.027,1,4,-1,0.000,0,0,0.000,2.359,-0.058,-0.265,4.735,0.012,1,4,-1,0.000,0,0,0.000,-3.222,-0.140,0.410,5.410,0.010,1,4,-1,0.000,0,0,0.000,2.413,nan,0,0,0.000,nan,nan,nan,nan
8.0,-0.118,-0.200,-0.342,4.658,0.037,1,4,-1,0.000,0,0,0.000,-0.140,3.016,0.716,5.716,0.014,1,4,-1,0.000,0,0,0.000,-0.059,-2.661,-0.373,4.627,0.013,1,4,-1,0.000,0,0,0.000,2.424,0.017,-0.222,4.778,0.025,1,4,-1,0.000,0,0,0.000,-3.211,-0.205,0.405,5.405,0.028,1,4,-1,0.000,0,0,0.000,2.462,0.577,0,0,0.000,0.000,0.000,0.000,0.000
9.0,-0.091,-0.148,-0.363,4.637,0.004,1,4,-1,0.000,0,0,0.000,-0.138,3.064,0.681,5.681,0.027,1,4,-1,0.000,0,0,0.000,-0.082,-2.663,-0.366,4.634,0.004,1,4,-1,0.000,0,0,0.000,2.446,0.002,-0.255,4.745,0.023,1,4,-1,0.000,0,0,0.000,-3.202,-0.174,0.339,5.339,0.013,1,4,-1,0.000,0,0,0.000,2.515,0.554,0,0,0.000,0.000,0.000,0.000,0.000
10.0,-0.118,-0.152,-0.415,4.585,0.017,1,4,-1,0.000,0,0,0.000,-0.136,3.041,0.704,5.704,0.005,1,4,-1,0.000,0,0,0.000,-0.085,-2.629,-0.415,4.585,0.007,1,4,-1,0.000,0,0,0.000,2.422,0.008,-0.235,4.765,0.011,1,4,-1,0.000,0,0,0.000,-3.215,-0.113,0.357,5.357,0.014,1,4,-1,0.000,0,0,0.000,2.477,0.578,0,0,0.000,0.000,0.000,0.000,0.000
11.0,-0.100,-0.130,-0.394,4.606,0.007,2,14,-1,0.000,0,0,0.000,-0.112,2.990,0.688,5.688,0.022,2,14,-1,0.000,0,0,0.000,-0.106,-2.678,-0.494,4.506,0.018,2,14,-1,0.000,0,0,0.000,2.351,0.040,-0.146,4.854,0.025,2,14,-1,0.000,0,0,0.000,-3.203,-0.079,0.386,5.386,0.027,2,14,-1,0.000,0,0,0.000,2.469,0.650,0,0,0.000,0.000,0.000,0.000,0.000
12.0,-0.105,-0.153,-0.459,4.541,0.013,2,14,0,0.704,0,0,0.028,-0.104,3.007,0.647,5.647,0.017,2,14,0,0.251,0,0,0.065,-0.039,-2.691,-0.541,4.459,0.023,2,14,0,0.550,0,0,0.054,2.376,0.044,-0.129,4.871,0.020,2,14,0,0.230,0,0,0.083,-3.202,-0.150,0.379,5.379,0.008,2,14,0,0.539,0,0,0.019,2.510,0.625,0,0,0.704,0.000,0.000,0.000,0.000
13.0,-0.055,-0.131,-0.487,4.513,0.007,2,14,0,0.274,0,0,0.031,-0.115,3.039,0.736,5.736,0.013,2,14,0,0.244,0,0,0.033,-0.034,-2.705,-0.555,4.445,0.026,2,14,0,0.253,0,0,0.064,2.373,-0.009,-0.210,4.790,0.019,2,14,0,0.245,0,0,0.076,-3.164,-0.176,0.406,5.406,0.022,2,14,0,0.242,0,0,0.044,2.447,0.627,0,0,0.274,0.000,0.000,0.000,0.000
14.0,-0.012,-0.119,-0.504,4.496,0.021,2,14,0,1.117,0,0,0.073,-0.099,3.090,0.626,5.626,0.024,2,14,0,0.257,0,0,0.044,0.003,-2.686,-0.528,4.472,0.023,2,14,0,0.238,0,0,0.089,2.386,-0.005,-0.116,4.884,0.011,2,14,0,0.219,0,0,0.062,-3.170,-0.204,0.421,5.421,0.029,2,14,0,0.234,0,0,0.052,2.432,0.614,0,0,1.117,0.000,0.000,0.000,0.000
15.0,0.059,-0.159,-0.785,4.215,0.029,2,14,0,0.244,0,0,0.138,-0.088,3.075,0.304,5.304,0.033,2,14,0,0.269,0,0,0.049,-0.007,-2.686,-0.870,4.130,0.026,2,14,0,0.231,0,0,0.081,2.450,-0.009,-0.492,4.508,0.091,2,14,0,0.256,0,0,0.012,-3.216,-0.215,0.094,5.094,0.037,2,14,0,0.258,0,0,0.049,2.413,0.551,0,0,0.269,0.000,0.000,0.000,0.000
16.0,-0.077,-0.107,-1.808,3.192,0.110,2,14,0,0.412,0,0,0.044,-0.009,3.095,-0.293,4.707,0.019,2,14,0,0.244,0,1,0.130,-0.036,-2.559,-1.910,3.090,0.111,2,14,0,0.281,0,0,0.112,2.499,0.082,-1.614,3.386,0.091,2,14,0,0.243,0,0,0.092,-3.199,-0.097,-0.491,4.509,0.077,2,14,0,0.285,0,0,0.071,2.455,0.507,0,0,0.412,0.000,0.000,0.000,0.000
17.0,-0.216,-0.153,-2.970,2.030,0.075,2,14,0,0.303,0,0,0.136,-0.038,3.069,-0.828,4.172,0.044,2,14,0,0.276,0,0,0.099,-0.073,-2.550,-3.104,1.896,0.062,2,14,0,0.286,0,0,0.113,2.505,0.076,-2.768,2.232,0.036,2,14,0,0.341,0,0,0.093,-3.199,-0.009,-1.633,3.367,0.016,2,14,0,0.263,0,0,0.160,2.405,0.501,0,0,0.341,0.000,0.000,0.000,0.000
18.0,-0.216,-0.114,-4.244,0.756,0.036,2,14,0,0.235,0,0,0.142,-0.122,3.029,-2.250,2.750,0.075,2,14,0,0.280,0,0,0.036,-0.099,-2.618,-4.239,0.761,0.067,2,14,0,0.176,0,0,0.046,2.426,0.068,-3.939,1.061,0.066,2,14,0,0.175,0,0,0.069,-3.220,-0.098,-2.981,2.019,0.082,2,14,0,0.511,0,0,0.072,2.506,0.578,0,0,0.511,0.000,0.000,0.000,0.000
19.0,-0.117,-0.123,-4.630,0.370,0.088,2,14,0,0.237,0,0,0.050,-0.193,2.934,-3.697,1.303,0.059,2,14,0,0.195,0,0,0.140,-0.134,-2.632,-4.692,0.308,0.070,2,14,0,0.179,0,0,0.058,2.365,-0.021,-4.396,0.604,0.070,2,14,0,0.172,0,0,0.086,-3.293,-0.277,-4.030,0.970,0.113,2,14,0,0.179,0,0,0.137,2.495,0.635,0,0,0.237,0.000,0.000,0.000,0.000
20.0,-0.033,-0.048,-4.829,0.171,0.057,2,14,0,0.230,0,0,0.113,-0.205,2.891,-4.252,0.748,0.028,2,14,0,0.194,0,0,0.188,-0.177,-2.731,-4.821,0.179,0.068,2,14,0,0.171,0,0,0.115,2.340,-0.034,-4.599,0.401,0.023,2,14,0,0.355,0,0,0.115,-3.337,-0.407,-4.196,0.804,0.050,2,14,0,0.220,0,0,0.271,2.384,0.661,0,0,0.355,0.000,0.000,0.000,0.000
21.0,0.011,-0.086,-4.918,0.082,0.069,2,14,0,0.171,0,0,0.111,-0.242,3.020,-4.241,0.759,0.076,2,14,0,0.206,0,0,0.115,-0.138,-2.776,-4.874,0.126,0.042,2,14,0,0.197,0,0,0.127,2.444,-0.004,-4.734,0.266,0.047,2,14,0,0.147,0,0,0.008,-3.333,-0.361,-4.193,0.807,0.080,2,14,0,0.217,0,0,0.230,2.442,0.556,0,0,0.217,0.000,0.000,0.000,0.000
22.0,-0.011,-0.133,-4.931,0.069,0.064,2,14,0,0.169,0,0,0.071,-0.191,3.141,-4.175,0.825,0.081,2,14,0,0.196,0,0,0.095,-0.036,-2.809,-4.916,0.084,0.070,2,14,0,0.174,0,0,0.154,2.411,0.026,-4.734,0.266,0.020,2,14,0,0.170,0,0,0.043,-3.232,-0.247,-4.155,0.845,0.148,2,14,0,0.179,0,0,0.084,2.435,0.589,0,0,0.196,0.000,0.000,0.000,0.000
23.0,-0.072,-0.207,-4.980,0.020,0.075,2,14,0,0.182,0,0,0.054,-0.130,3.206,-3.973,1.027,0.050,2,14,0,0.170,0,0,0.142,-0.000,-2.777,-4.994,0.006,0.072,2,14,0,0.172,0,0,0.144,2.460,0.027,-4.699,0.301,0.037,2,14,0,0.188,0,0,0.027,-3.196,-0.090,-4.197,0.803,0.119,2,14,0,0.179,0,0,0.079,2.559,0.540,0,0,0.188,0.000,0.000,0.000,0.000
24.0,-0.126,-0.314,-4.998,0.002,0.046,2,14,0,0.185,0,0,0.168,-0.130,3.162,-3.851,1.149,0.072,2,14,0,0.190,0,0,0.099,0.017,-2.622,-4.984,0.016,0.089,2,14,0,0.397,0,0,0.106,2.519,-0.017,-4.764,0.236,0.021,2,14,0,0.186,0,0,0.073,-3.118,-0.023,-4.230,0.770,0.045,2,14,0,0.164,0,0,0.170,2.313,0.481,0,0,0.397,0.000,0.000,0.000,0.000
25.0,-0.224,-0.278,-4.953,0.047,0.058,2,14,0,0.167,0,0,0.192,-0.069,3.111,-3.876,1.124,0.078,2,14,0,0.171,0,0,0.082,-0.075,-2.516,-4.992,0.008,0.082,2,14,0,0.178,0,0,0.143,2.538,-0.070,-4.721,0.279,0.022,2,14,0,0.247,0,0,0.116,-3.153,-0.119,-4.267,0.733,0.052,2,14,0,0.154,0,0,0.074,2.244,0.489,0,0,0.247,0.000,0.000,0.000,0.000
26.0,-0.151,-0.201,-4.956,0.044,0.101,2,14,0,0.192,0,0,0.088,-0.040,3.051,-3.953,1.047,0.075,2,14,0,0.207,0,0,0.096,-0.176,-2.535,-5.010,-0.010,0.059,2,14,0,0.207,0,0,0.158,2.505,-0.063,-4.702,0.298,0.059,2,14,0,0.361,0,0,0.088,-3.170,-0.142,-4.220,0.780,0.052,2,14,0,0.196,0,0,0.046,2.335,0.499,0,0,0.361,0.000,0.000,0.000,0.000
27.0,-0.036,-0.118,-4.998,0.002,0.100,2,14,0,0.186,0,0,0.053,-0.145,2.964,-3.954,1.046,0.074,2,14,0,0.190,0,0,0.099,-0.152,-2.615,-5.044,-0.044,0.078,2,14,0,0.227,0,0,0.084,2.401,-0.022,-4.687,0.313,0.070,2,14,0,0.180,0,0,0.052,-3.238,-0.149,-4.226,0.774,0.058,2,14,0,0.450,0,0,0.036,2.458,0.600,0,0,0.450,0.000,0.000,0.000,0.000
28.0,0.024,-0.048,-4.968,0.032,0.040,2,14,0,0.198,0,0,0.146,-0.207,2.973,-3.944,1.056,0.036,2,14,0,0.188,0,0,0.116,-0.127,-2.730,-4.992,0.008,0.065,2,14,0,0.166,0,0,0.081,2.347,0.003,-4.676,0.324,0.031,2,14,0,0.143,0,0,0.102,-3.325,-0.161,-4.213,0.787,0.031,2,14,0,0.215,0,0,0.118,2.341,0.653,0,0,0.215,0.000,0.000,0.000,0.000
29.0,-0.010,-0.034,-5.031,-0.031,0.049,2,14,0,0.197,0,0,0.138,-0.222,2.985,-3.908,1.092,0.046,2,14,0,0.287,0,0,0.119,-0.115,-2.801,-4.977,0.023,0.034,2,14,0,0.171,0,0,0.142,2.301,0.045,-4.731,0.269,0.035,2,14,0,0.147,0,0,0.152,-3.288,-0.147,-4.211,0.789,0.051,2,14,0,0.157,0,0,0.083,2.332,0.700,0,0,0.287,0.000,0.000,0.000,0.000
30.0,-0.059,-0.062,-4.947,0.053,0.087,2,14,0,0.197,0,0,0.093,-0.183,3.023,-3.852,1.148,0.074,2,14,0,0.191,0,0,0.064,-0.132,-2.817,-4.998,0.002,0.056,2,14,0,0.163,0,0,0.164,2.402,0.066,-4.745,0.255,0.092,2,14,0,0.171,0,0,0.080,-3.204,-0.180,-4.258,0.742,0.076,2,14,0,0.184,0,0,0.012,2.473,0.602,0,0,0.197,0.000,0.000,0.000,0.000
31.0,-0.095,-0.193,-5.039,-0.039,0.090,2,14,0,0.167,0,0,0.043,-0.099,3.122,-3.929,1.071,0.079,2,14,0,0.238,0,0,0.067,-0.119,-2.779,-5.001,-0.001,0.102,2,14,0,0.203,0,0,0.125,2.426,0.011,-4.754,0.246,0.067,2,14,0,0.147,0,0,0.023,-3.111,-0.209,-4.206,0.794,0.043,2,14,0,0.226,0,0,0.103,2.546,0.574,0,0,0.238,0.000,0.000,0.000,0.000
32.0,-0.143,-0.239,-5.042,-0.042,0.035,2,14,0,0.172,0,0,0.108,-0.038,3.178,-3.849,1.151,0.026,2,14,0,0.192,0,0,0.151,-0.077,-2.646,-5.001,-0.001,0.112,2,14,0,0.208,0,0,0.015,2.421,0.049,-4.773,0.227,0.051,2,14,0,0.181,0,0,0.054,-3.080,-0.241,-4.253,0.747,0.016,2,14,0,0.185,0,0,0.147,2.408,0.581,0,0,0.208,0.000,0.000,0.000,0.000
33.0,-0.079,-0.249,-5.018,-0.018,0.028,2,14,0,0.199,0,0,0.098,-0.052,3.109,-3.978,1.022,0.052,2,14,0,0.196,0,0,0.096,0.023,-2.551,-4.997,0.003,0.059,2,14,0,0.174,0,0,0.152,2.508,0.043,-4.786,0.214,0.059,2,14,0,0.174,0,0,0.071,-3.178,-0.215,-4.256,0.744,0.077,2,14,0,0.182,0,0,0.056,2.304,0.494,0,0,0.199,0.000,0.000,0.000,0.000
34.0,-0.127,-0.232,-4.959,0.041,0.055,2,14,0,0.154,0,0,0.093,-0.116,3.043,-3.906,1.094,0.085,2,14,0,0.239,0,0,0.028,0.022,-2.555,-4.973,0.027,0.029,2,14,0,0.170,0,0,0.151,2.501,-0.039,-4.738,0.262,0.039,2,14,0,0.160,0,0,0.067,-3.295,-0.128,-4.231,0.769,0.074,2,14,0,0.180,0,0,0.096,2.328,0.500,0,0,0.239,0.000,0.000,0.000,0.000
35.0,-0.117,-0.191,-5.011,-0.011,0.064,2,14,0,0.251,0,0,0.055,-0.220,3.031,-3.944,1.056,0.048,2,14,0,0.201,0,0,0.092,-0.071,-2.590,-4.971,0.029,0.072,2,14,0,0.177,0,0,0.072,2.491,-0.050,-4.736,0.264,0.016,2,14,0,0.181,0,0,0.068,-3.285,-0.162,-4.221,0.779,0.011,2,14,0,0.177,0,0,0.078,2.401,0.511,0,0,0.251,0.000,0.000,0.000,0.000
36.0,-0.064,-0.085,-5.004,-0.004,0.067,2,14,0,0.188,0,0,0.066,-0.256,3.043,-3.958,1.042,0.003,2,14,0,0.199,0,0,0.121,-0.049,-2.646,-4.928,0.072,0.073,2,14,0,0.210,0,0,0.038,2.500,-0.038,-4.775,0.225,0.027,2,14,0,0.158,0,0,0.065,-3.270,-0.149,-4.142,0.858,0.035,2,14,0,0.148,0,0,0.066,2.563,0.502,0,0,0.210,0.000,0.000,0.000,0.000
37.0,-0.039,0.020,-5.002,-0.002,0.018,2,14,0,0.279,0,0,0.176,-0.274,3.042,-3.833,1.167,0.040,2,14,0,0.187,0,0,0.141,-0.089,-2.680,-4.941,0.059,0.056,2,14,0,0.180,0,0,0.019,2.473,-0.036,-4.731,0.269,0.039,2,14,0,0.148,0,0,0.046,-3.291,-0.168,-4.167,0.833,0.041,2,14,0,0.215,0,0,0.083,2.527,0.528,0,0,0.279,0.000,0.000,0.000,0.000
38.0,-0.046,-0.010,-4.999,0.001,0.064,2,14,0,0.327,0,0,0.147,-0.213,3.092,-3.959,1.041,0.070,2,14,0,0.160,0,0,0.082,-0.078,-2.686,-5.026,-0.026,0.017,2,14,0,0.182,0,0,0.026,2.498,-0.046,-4.717,0.283,0.034,2,14,0,0.153,0,0,0.070,-3.198,-0.163,-4.184,0.816,0.077,2,14,0,0.217,0,0,0.011,2.560,0.504,0,0,0.327,0.000,0.000,0.000,0.000
39.0,-0.029,-0.113,-5.012,-0.012,0.095,2,14,0,0.194,0,0,0.065,-0.113,3.103,-3.953,1.047,0.076,2,14,0,0.186,0,0,0.045,-0.115,-2.663,-5.052,-0.052,0.023,2,14,0,0.175,0,0,0.029,2.434,-0.092,-4.722,0.278,0.055,2,14,0,0.151,0,0,0.096,-3.121,-0.175,-4.271,0.729,0.043,2,14,0,0.160,0,0,0.086,2.479,0.574,0,0,0.194,0.000,0.000,0.000,0.000
40.0,-0.034,-0.241,-4.953,0.047,0.082,2,14,0,0.188,0,0,0.098,-0.090,3.059,-3.910,1.090,0.037,2,14,0,0.160,0,0,0.045,-0.200,-2.674,-5.033,-0.033,0.005,2,14,0,0.154,0,0,0.117,2.305,-0.014,-4.731,0.269,0.069,2,14,0,0.175,0,0,0.145,-3.084,-0.178,-4.272,0.728,0.004,2,14,0,0.152,0,0,0.124,2.360,0.696,0,0,0.188,0.000,0.000,0.000,0.000
41.0,-0.096,-0.297,-4.968,0.032,0.047,2,14,0,0.196,0,0,0.145,0.048,3.084,-3.919,1.081,0.015,2,14,0,0.194,0,0,0.182,-0.198,-2.689,-5.012,-0.012,0.053,2,14,0,0.183,0,0,0.119,2.366,0.051,-4.740,0.260,0.059,2,14,0,0.198,0,0,0.095,-3.081,-0.192,-4.257,0.743,0.055,2,14,0,0.182,0,0,0.129,2.394,0.636,0,0,0.198,0.000,0.000,0.000,0.000
42.0,-0.165,-0.293,-5.026,-0.026,0.067,2,14,0,0.197,0,0,0.167,0.001,3.110,-3.904,1.096,0.077,2,14,0,0.249,0,0,0.146,-0.095,-2.617,-4.962,0.038,0.079,2,14,0,0.179,0,0,0.045,2.454,0.082,-4.716,0.284,0.066,2,14,0,0.148,0,0,0.078,-3.181,-0.181,-4.286,0.714,0.091,2,14,0,0.187,0,0,0.029,2.325,0.552,0,0,0.249,0.000,0.000,0.000,0.000
43.0,-0.156,-0.214,-5.057,-0.057,0.119,2,14,0,0.201,0,0,0.173,-0.114,3.050,-3.932,1.068,0.103,2,14,0,0.299,0,0,0.104,-0.025,-2.572,-4.919,0.081,0.041,2,14,0,0.192,0,0,0.059,2.514,0.077,-4.753,0.247,0.032,2,14,0,0.175,0,0,0.068,-3.276,-0.115,-4.284,0.716,0.074,2,14,0,0.181,0,0,0.078,2.366,0.486,0,0,0.299,-0.000,0.092,-0.002,0.192
44.0,-0.108,-0.068,-5.023,-0.023,0.274,2,14,0,0.197,0,0,0.305,-0.189,3.096,-3.927,1.073,0.195,2,14,0,0.208,0,0,0.350,0.006,-2.501,-4.992,0.008,0.146,2,14,0,0.181,0,0,0.237,2.527,0.171,-4.773,0.227,0.150,2,14,0,0.179,0,0,0.233,-3.323,-0.017,-4.223,0.777,0.188,2,14,0,0.181,0,0,0.257,2.436,0.512,0,0,0.208,-0.007,0.384,-0.015,0.392
45.0,0.029,0.347,-5.033,-0.033,0.518,2,14,0,0.185,0,0,0.408,-0.223,3.412,-3.968,1.032,0.474,2,14,0,0.187,0,0,0.524,0.037,-2.300,-4.975,0.025,0.403,2,14,0,0.237,0,0,0.532,2.488,0.455,-4.770,0.230,0.397,2,14,0,0.192,0,0,0.433,-3.330,0.239,-4.283,0.717,0.431,2,14,0,0.234,0,0,0.478,2.475,0.700,0,0,0.237,-0.038,0.875,-0.052,0.590
46.0,-0.033,1.041,-4.893,0.107,0.793,2,14,0,0.197,0,0,0.420,-0.230,4.090,-3.971,1.029,0.815,2,14,0,0.190,0,0,0.540,0.025,-1.717,-5.009,-0.009,0.767,2,14,0,0.246,0,0,0.658,2.378,1.028,-4.779,0.221,0.725,2,14,0,0.172,0,0,0.552,-3.295,0.813,-4.220,0.780,0.739,2,14,0,0.212,0,0,0.587,2.414,0.768,0,0,0.246,-0.123,1.562,-0.124,0.782
47.0,-0.194,1.883,-4.999,0.001,1.018,2,14,0,0.195,0,0,0.449,-0.306,5.086,-3.941,1.059,1.107,2,14,0,0.193,0,0,0.431,-0.249,-0.766,-4.985,0.015,1.118,2,14,0,0.242,0,0,0.564,2.255,1.900,-4.799,0.201,1.041,2,14,0,0.279,0,0,0.557,-3.373,1.771,-4.200,0.800,1.081,2,14,0,0.181,0,0,0.524,2.458,0.696,0,0,0.279,-0.301,2.435,-0.242,0.962
48.0,-0.356,2.981,-5.037,-0.037,1.228,2,14,0,0.197,0,0,0.422,-0.455,6.268,-3.935,1.065,1.272,2,14,0,0.198,0,0,0.336,-0.533,0.350,-4.995,0.005,1.330,2,14,0,0.182,0,0,0.407,2.020,3.009,-4.696,0.304,1.279,2,14,0,0.171,0,0,0.438,-3.559,2.905,-4.216,0.784,1.277,2,14,0,0.185,0,0,0.408,2.400,0.545,0,0,0.198,-0.593,3.391,-0.339,0.941
49.0,-0.854,4.207,-5.048,-0.048,1.334,2,14,0,0.195,0,0,0.211,-0.804,7.427,-3.882,1.118,1.309,2,14,0,0.194,0,0,0.311,-0.874,1.667,-4.990,0.010,1.402,2,14,0,0.177,0,0,0.186,1.667,4.343,-4.669,0.331,1.388,2,14,0,0.176,0,0,0.200,-3.890,4.145,-4.189,0.811,1.350,2,14,0,0.176,0,0,0.296,2.540,0.369,0,0,0.195,-0.978,4.314,-0.431,0.902
50.0,-1.374,5.399,-5.035,-0.035,1.263,2,14,0,0.191,0,0,0.385,-1.309,8.620,-3.885,1.115,1.257,2,14,0,0.214,0,0,0.459,-1.381,2.915,-5.033,-0.033,1.292,2,14,0,0.211,0,0,0.411,1.232,5.641,-4.693,0.307,1.298,2,14,0,0.231,0,0,0.498,-4.432,5.343,-4.254,0.746,1.283,2,14,0,0.218,0,0,0.389,2.484,0.726,0,0,0.231,-1.454,5.193,-0.519,0.855
51.0,-2.018,6.451,-4.942,0.058,1.115,2,14,0,0.338,0,0,0.575,-2.052,9.540,-3.951,1.049,1.131,2,14,0,0.187,0,0,0.465,-1.977,3.995,-5.034,-0.034,1.139,2,14,0,0.202,0,0,0.648,0.662,6.657,-4.723,0.277,1.133,2,14,0,0.288,0,0,0.664,-4.984,6.389,-4.220,0.780,1.139,2,14,0,0.187,0,0,0.587,2.458,0.976,0,0,0.338,-2.015,6.020,-0.602,0.798
52.0,-2.686,7.190,-4.997,0.003,0.965,2,14,0,0.193,0,0,0.552,-2.817,10.240,-3.990,1.010,1.015,2,14,0,0.195,0,0,0.395,-2.657,4.793,-5.011,-0.011,0.977,2,14,0,0.464,0,0,0.676,-0.086,7.415,-4.751,0.249,1.013,2,14,0,0.591,0,0,0.633,-5.736,7.191,-4.239,0.761,1.030,2,14,0,0.188,0,0,0.582,2.397,1.006,0,0,0.591,-2.656,6.787,-0.679,0.734
53.0,-3.466,7.717,-4.943,0.057,0.896,2,14,0,0.196,0,0,0.375,-3.566,10.852,-3.938,1.062,0.933,2,14,0,0.208,0,0,0.307,-3.422,5.282,-4.992,0.008,0.887,2,14,0,0.192,0,0,0.465,-0.926,7.931,-4.774,0.226,0.939,2,14,0,0.170,0,0,0.436,-6.568,7.774,-4.222,0.778,0.964,2,14,0,0.184,0,0,0.453,2.435,0.798,0,0,0.208,-3.370,7.486,-0.749,0.663
54.0,-4.270,8.140,-4.990,0.010,0.893,2,14,0,0.195,0,0,0.181,-4.333,11.354,-3.965,1.035,0.904,2,14,0,0.401,0,0,0.191,-4.215,5.566,-5.038,-0.038,0.883,2,14,0,0.187,0,0,0.125,-1.744,8.271,-4.723,0.277,0.910,2,14,0,0.172,0,0,0.158,-7.452,8.209,-4.231,0.769,0.925,2,14,0,0.185,0,0,0.278,2.544,0.614,0,0,0.401,-4.151,8.111,-0.811,0.585
55.0,-5.155,8.481,-5.025,-0.025,0.915,2,14,0,0.197,0,0,0.083,-5.125,11.792,-3.846,1.154,0.913,2,14,0,0.559,0,0,0.078,-5.078,5.901,-5.026,-0.026,0.927,2,14,0,0.150,0,0,0.088,-2.528,8.593,-4.701,0.299,0.920,2,14,0,0.199,0,0,0.069,-8.293,8.545,-4.220,0.780,0.902,2,14,0,0.175,0,0,0.105,2.582,0.542,0,0,0.559,-4.990,8.654,-0.865,0.501
56.0,-6.032,8.865,-5.038,-0.038,0.943,2,14,0,0.198,0,0,0.118,-6.039,12.164,-3.899,1.101,0.953,2,14,0,0.247,0,0,0.029,-5.937,6.299,-5.028,-0.028,0.996,2,14,0,0.202,0,0,0.152,-3.460,8.947,-4.732,0.268,0.992,2,14,0,0.175,0,0,0.171,-9.186,8.875,-4.278,0.722,0.909,2,14,0,0.180,0,0,0.120,2.568,0.604,0,0,0.247,-5.879,9.111,-0.911,0.412
57.0,-6.977,9.257,-5.004,-0.004,0.985,2,14,0,0.190,0,0,0.108,-6.916,12.615,-3.914,1.086,0.974,2,14,0,0.196,0,0,0.077,-6.857,6.791,-5.070,-0.070,1.037,2,14,0,0.223,0,0,0.040,-4.357,9.352,-4.774,0.226,1.032,2,14,0,0.213,0,0,0.132,-10.003,9.267,-4.203,0.797,0.938,2,14,0,0.265,0,0,0.050,2.470,0.562,0,0,0.265,-6.809,9.477,-0.948,0.319
58.0,-7.929,9.668,-5.020,-0.020,0.987,2,14,0,0.212,0,0,0.090,-7.766,12.927,-3.902,1.098,0.985,2,14,0,0.234,0,0,0.179,-7.801,7.176,-5.052,-0.052,1.052,2,14,0,0.223,0,0,0.101,-5.358,9.792,-4.765,0.235,1.057,2,14,0,0.173,0,0,0.041,-10.879,9.650,-4.248,0.752,0.987,2,14,0,0.179,0,0,0.126,2.495,0.589,0,0,0.234,-7.771,9.748,-0.975,0.223
59.0,-8.858,9.964,-5.007,-0.007,0.949,2,14,0,0.331,0,0,0.193,-8.685,13.100,-3.884,1.116,1.059,2,14,0,0.194,0,0,0.233,-8.781,7.454,-5.017,-0.017,1.052,2,14,0,0.308,0,0,0.200,-6.294,10.098,-4.759,0.241,1.017,2,14,0,0.281,0,0,0.172,-11.878,9.902,-4.232,0.768,1.046,2,14,0,0.187,0,0,0.174,2.511,0.566,0,0,0.331,-8.755,9.922,-0.992,0.124
60.0,-9.690,10.106,-4.987,0.013,0.951,2,14,0,0.199,0,0,0.304,-9.843,13.236,-3.906,1.094,1.136,2,14,0,0.194,0,0,0.181,-9.886,7.602,-4.981,0.019,1.073,2,14,0,0.259,0,0,0.272,-7.272,10.303,-4.662,0.338,1.019,2,14,0,0.171,0,0,0.304,-12.910,9.989,-4.225,0.775,1.073,2,14,0,0.151,0,0,0.171,2.447,0.620,0,0,0.259,-9.752,9.997,-1.000,0.025
61.0,-10.642,10.054,-4.991,0.009,1.062,2,14,0,0.179,0,0,0.306,-10.972,13.251,-3.953,1.047,1.114,2,14,0,0.194,0,0,0.232,-10.949,7.573,-4.999,0.001,1.041,2,14,0,0.196,0,0,0.285,-8.301,10.290,-4.677,0.323,1.042,2,14,0,0.176,0,0,0.317,-13.984,9.948,-4.229,0.771,1.062,2,14,0,0.179,0,0,0.147,2.373,0.635,0,0,0.196,-10.751,9.972,-0.997,-0.075
62.0,-11.750,9.835,-5.031,-0.031,1.164,2,14,0,0.193,0,0,0.164,-12.062,13.147,-3.951,1.049,1.067,2,14,0,0.190,0,0,0.302,-12.026,7.427,-5.004,-0.004,1.024,2,14,0,0.160,0,0,0.315,-9.317,10.099,-4.694,0.306,1.066,2,14,0,0.175,0,0,0.252,-14.949,9.752,-4.178,0.822,1.052,2,14,0,0.198,0,0,0.076,2.424,0.645,0,0,0.198,-11.743,9.847,-0.985,-0.174
63.0,-12.925,9.546,-5.055,-0.055,1.156,2,14,0,0.201,0,0,0.136,-13.085,12.830,-3.966,1.034,1.022,2,14,0,0.244,0,0,0.271,-12.962,7.102,-4.994,0.006,0.984,2,14,0,0.467,0,0,0.219,-10.370,9.784,-4.750,0.250,1.095,2,14,0,0.192,0,0,0.186,-16.035,9.502,-4.161,0.839,1.069,2,14,0,0.185,0,0,0.119,2.445,0.672,0,0,0.467,-12.717,9.624,-0.962,-0.272
64.0,-14.005,9.260,-5.035,-0.035,1.084,2,14,0,0.192,0,0,0.276,-13.986,12.418,-3.901,1.099,0.977,2,14,0,0.189,0,0,0.196,-13.777,6.677,-4.997,0.003,0.972,2,14,0,0.179,0,0,0.047,-11.369,9.340,-4.745,0.255,1.071,2,14,0,0.179,0,0,0.149,-17.019,9.202,-4.235,0.765,1.024,2,14,0,0.209,0,0,0.155,2.594,0.705,0,0,0.209,-13.665,9.304,-0.930,-0.366
65.0,-14.887,8.825,-4.965,0.035,0.988,2,14,0,0.191,0,0,0.240,-14.839,11.964,-3.931,1.069,0.945,2,14,0,0.198,0,0,0.125,-14.643,6.197,-4.974,0.026,1.004,2,14,0,0.261,0,0,0.038,-12.245,8.859,-4.731,0.269,1.017,2,14,0,0.177,0,0,0.115,-17.926,8.803,-4.270,0.730,0.997,2,14,0,0.180,0,0,0.163,2.639,0.670,0,0,0.261,-14.575,8.892,-0.889,-0.458
66.0,-15.785,8.322,-4.995,0.005,0.973,2,14,0,0.218,0,0,0.273,-15.638,11.465,-3.911,1.089,0.944,2,14,0,0.190,0,0,0.067,-15.527,5.722,-4.991,0.009,1.015,2,14,0,0.172,0,0,0.006,-13.183,8.401,-4.776,0.224,0.989,2,14,0,0.170,0,0,0.184,-18.872,8.379,-4.202,0.798,0.988,2,14,0,0.225,0,0,0.270,2.612,0.743,0,0,0.225,-15.440,8.391,-0.839,-0.544
67.0,-16.518,7.721,-5.015,-0.015,0.944,2,14,0,0.208,0,0,0.197,-16.410,10.937,-3.917,1.083,0.961,2,14,0,0.197,0,0,0.070,-16.405,5.188,-4.993,0.007,1.025,2,14,0,0.187,0,0,0.084,-13.967,7.872,-4.759,0.241,0.948,2,14,0,0.182,0,0,0.174,-19.630,7.792,-4.239,0.761,0.978,2,14,0,0.180,0,0,0.230,2.536,0.719,0,0,0.208,-16.251,7.806,-0.781,-0.625
68.0,-17.174,7.062,-4.978,0.022,0.947,2,14,0,0.198,0,0,0.119,-17.159,10.316,-3.954,1.046,1.002,2,14,0,0.190,0,0,0.115,-17.239,4.595,-5.030,-0.030,1.013,2,14,0,0.238,0,0,0.192,-14.560,7.263,-4.736,0.264,0.954,2,14,0,0.175,0,0,0.129,-20.337,7.154,-4.246,0.754,0.993,2,14,0,0.185,0,0,0.223,2.469,0.575,0,0,0.238,-16.999,7.143,-0.714,-0.700
69.0,-17.767,6.308,-4.964,0.036,0.995,2,14,0,0.196,0,0,0.058,-17.811,9.561,-3.931,1.069,1.050,2,14,0,0.358,0,0,0.087,-17.952,3.897,-5.004,-0.004,1.001,2,14,0,0.213,0,0,0.244,-15.302,6.503,-4.721,0.279,1.039,2,14,0,0.178,0,0,0.119,-20.960,6.400,-4.156,0.844,1.030,2,14,0,0.179,0,0,0.181,2.418,0.632,0,0,0.358,-17.677,6.408,-0.641,-0.768
70.0,-18.379,5.434,-5.004,-0.004,1.031,2,14,0,0.189,0,0,0.025,-18.473,8.769,-3.938,1.062,1.073,2,14,0,0.197,0,0,0.113,-18.494,3.055,-5.041,-0.041,1.030,2,14,0,0.306,0,0,0.172,-15.938,5.655,-4.752,0.248,1.046,2,14,0,0.190,0,0,0.114,-21.500,5.482,-4.203,0.797,1.078,2,14,0,0.144,0,0,0.049,2.382,0.662,0,0,0.306,-18.278,5.610,-0.561,-0.828
71.0,-18.854,4.579,-5.018,-0.018,1.020,2,14,0,0.197,0,0,0.033,-19.075,7.910,-3.960,1.040,1.077,2,14,0,0.190,0,0,0.168,-19.004,2.131,-5.039,-0.039,1.049,2,14,0,0.184,0,0,0.132,-16.457,4.822,-4.758,0.242,1.035,2,14,0,0.175,0,0,0.127,-21.969,4.536,-4.250,0.750,1.081,2,14,0,0.210,0,0,0.058,2.424,0.663,0,0,0.210,-18.797,4.756,-0.476,-0.880
72.0,-19.438,3.721,-5.014,-0.014,1.019,2,14,0,0.198,0,0,0.128,-19.568,6.959,-3.961,1.039,1.066,2,14,0,0.195,0,0,0.208,-19.385,1.162,-5.009,-0.009,1.039,2,14,0,0.176,0,0,0.084,-16.904,3.873,-4.747,0.253,1.042,2,14,0,0.171,0,0,0.122,-22.438,3.539,-4.249,0.751,1.066,2,14,0,0.185,0,0,0.138,2.553,0.676,0,0,0.198,-19.228,3.854,-0.385,-0.923
73.0,-19.833,2.806,-4.968,0.032,1.014,2,14,0,0.195,0,0,0.192,-19.830,6.007,-3.896,1.104,1.050,2,14,0,0.196,0,0,0.135,-19.763,0.223,-5.003,-0.003,1.018,2,14,0,0.885,0,0,0.119,-17.252,2.924,-4.733,0.267,1.037,2,14,0,0.171,0,0,0.133,-22.888,2.591,-4.230,0.770,0.996,2,14,0,0.182,0,0,0.184,2.584,0.686,0,0,0.885,-19.566,2.913,-0.291,-0.957
74.0,-20.108,1.807,-5.006,-0.006,1.036,2,14,0,0.202,0,0,0.219,-20.055,4.968,-3.929,1.071,1.054,2,14,0,0.206,0,0,0.114,-20.019,-0.754,-4.903,0.097,1.003,2,14,0,0.192,0,0,0.132,-17.524,1.860,-4.738,0.262,1.047,2,14,0,0.200,0,0,0.174,-23.268,1.678,-4.181,0.819,0.956,2,14,0,0.177,0,0,0.265,2.564,0.720,0,0,0.206,-19.809,1.943,-0.194,-0.981
75.0,-20.172,0.780,-5.015,-0.015,1.039,2,14,0,0.198,0,0,0.139,-20.164,3.956,-3.895,1.105,1.027,2,14,0,0.189,0,0,0.098,-20.186,-1.732,-4.986,0.014,1.000,2,14,0,0.202,0,0,0.147,-17.720,0.778,-4.750,0.250,1.019,2,14,0,0.201,0,0,0.273,-23.420,0.729,-4.231,0.769,0.941,2,14,0,0.213,0,0,0.262,2.466,0.786,0,0,0.213,-19.954,0.954,-0.095,-0.995
76.0,-20.228,-0.305,-4.982,0.018,1.045,2,14,0,0.198,0,0,0.181,-20.229,2.907,-3.860,1.140,1.017,2,14,0,0.223,0,0,0.142,-20.240,-2.734,-5.016,-0.016,1.010,2,14,0,0.185,0,0,0.161,-17.747,-0.218,-4.762,0.238,0.968,2,14,0,0.177,0,0,0.254,-23.383,-0.179,-4.248,0.752,0.950,2,14,0,0.184,0,0,0.181,2.429,0.767,0,0,0.223,-20.000,-0.044,0.004,-1.000
77.0,-20.116,-1.368,-4.966,0.034,1.019,2,14,0,0.535,0,0,0.190,-20.236,1.920,-3.885,1.115,0.980,2,14,0,0.190,0,0,0.186,-20.115,-3.711,-5.020,-0.020,1.015,2,14,0,0.176,0,0,0.090,-17.695,-1.151,-4.741,0.259,0.943,2,14,0,0.170,0,0,0.224,-23.350,-1.098,-4.227,0.773,1.005,2,14,0,0.213,0,0,0.231,2.344,0.757,0,0,0.535,-19.946,-1.042,0.104,-0.995
78.0,-19.937,-2.333,-4.991,0.009,0.974,2,14,0,0.196,0,0,0.159,-20.088,1.026,-3.906,1.094,0.974,2,14,0,0.222,0,0,0.159,-19.825,-4.763,-4.911,0.089,1.042,2,14,0,0.214,0,0,0.091,-17.438,-2.009,-4.771,0.229,0.954,2,14,0,0.194,0,0,0.100,-23.141,-2.114,-4.176,0.824,1.084,2,14,0,0.152,0,0,0.172,2.434,0.647,0,0,0.222,-19.792,-2.030,0.203,-0.979
79.0,-19.733,-3.240,-5.013,-0.013,0.947,2,14,0,0.415,0,0,0.144,-19.813,0.047,-3.902,1.098,1.028,2,14,0,0.198,0,0,0.139,-19.621,-5.751,-4.991,0.009,1.009,2,14,0,0.175,0,0,0.097,-17.095,-2.974,-4.723,0.277,1.019,2,14,0,0.175,0,0,0.029,-22.721,-3.192,-4.221,0.779,1.121,2,14,0,0.179,0,0,0.038,2.514,0.555,0,0,0.415,-19.540,-2.997,0.300,-0.954
80.0,-19.365,-4.116,-5.003,-0.003,0.980,2,14,0,0.232,0,0,0.099,-19.424,-0.910,-3.923,1.077,1.048,2,14,0,0.192,0,0,0.103,-19.344,-6.705,-5.022,-0.022,0.982,2,14,0,0.172,0,0,0.130,-16.724,-3.954,-4.721,0.279,1.033,2,14,0,0.172,0,0,0.023,-22.410,-4.195,-4.228,0.772,1.064,2,14,0,0.177,0,0,0.086,2.589,0.531,0,0,0.232,-19.193,-3.935,0.393,-0.919
81.0,-18.925,-4.994,-4.998,0.002,1.025,2,14,0,0.195,0,0,0.100,-18.920,-1.882,-3.979,1.021,1.052,2,14,0,0.183,0,0,0.119,-19.018,-7.616,-5.047,-0.047,0.980,2,14,0,0.232,0,0,0.215,-16.325,-4.858,-4.675,0.325,1.025,2,14,0,0.178,0,0,0.031,-21.937,-5.146,-4.228,0.772,1.030,2,14,0,0.175,0,0,0.147,2.623,0.571,0,0,0.232,-18.755,-4.833,0.483,-0.875
82.0,-18.333,-5.862,-4.983,0.017,1.061,2,14,0,0.196,0,0,0.037,-18.385,-2.711,-3.962,1.038,1.012,2,14,0,0.198,0,0,0.097,-18.521,-8.467,-5.023,-0.023,1.000,2,14,0,0.489,0,0,0.242,-15.839,-5.743,-4.701,0.299,1.023,2,14,0,0.172,0,0,0.085,-21.455,-6.018,-4.196,0.804,0.980,2,14,0,0.225,0,0,0.162,2.513,0.614,0,0,0.489,-18.228,-5.683,0.568,-0.823
83.0,-17.712,-6.649,-4.987,0.013,1.046,2,14,0,0.195,0,0,0.026,-17.775,-3.555,-3.931,1.069,1.006,2,14,0,0.189,0,0,0.141,-17.885,-9.249,-4.959,0.041,1.042,2,14,0,0.182,0,0,0.215,-15.270,-6.598,-4.710,0.290,1.023,2,14,0,0.153,0,0,0.157,-20.922,-6.803,-4.248,0.752,0.952,2,14,0,0.213,0,0,0.185,2.458,0.661,0,0,0.213,-17.620,-6.476,0.648,-0.762
84.0,-17.047,-7.405,-4.992,0.008,1.050,2,14,0,0.189,0,0,0.058,-17.153,-4.308,-3.912,1.088,0.989,2,14,0,0.189,0,0,0.187,-17.126,-9.911,-4.953,0.047,1.055,2,14,0,0.186,0,0,0.116,-14.560,-7.386,-4.753,0.247,1.031,2,14,0,0.171,0,0,0.196,-20.372,-7.509,-4.150,0.850,0.970,2,14,0,0.181,0,0,0.270,2.498,0.651,0,0,0.189,-16.935,-7.204,0.720,-0.694
85.0,-16.298,-8.179,-5.015,-0.015,1.044,2,14,0,0.190,0,0,0.163,-16.395,-5.007,-3.921,1.079,0.997,2,14,0,0.195,0,0,0.225,-16.338,-10.547,-5.032,-0.032,1.068,2,14,0,0.181,0,0,0.077,-13.803,-8.054,-4.769,0.231,1.015,2,14,0,0.176,0,0,0.206,-19.560,-8.127,-4.245,0.755,1.044,2,14,0,0.153,0,0,0.201,2.369,0.651,0,0,0.195,-16.182,-7.861,0.786,-0.618
86.0,-15.480,-8.810,-5.074,-0.074,1.005,2,14,0,0.266,0,0,0.220,-15.527,-5.528,-3.925,1.075,0.995,2,14,0,0.174,0,0,0.158,-15.488,-11.134,-5.038,-0.038,1.072,2,14,0,0.199,0,0,0.050,-12.976,-8.551,-4.771,0.229,1.004,2,14,0,0.175,0,0,0.129,-18.627,-8.692,-4.259,0.741,1.084,2,14,0,0.173,0,0,0.101,2.324,0.620,0,0,0.266,-15.366,-8.438,0.844,-0.537
87.0,-14.713,-9.312,-5.032,-0.032,0.987,2,14,0,0.192,0,0,0.267,-14.687,-5.928,-3.953,1.047,0.988,2,14,0,0.187,0,0,0.083,-14.582,-11.705,-5.059,-0.059,1.076,2,14,0,0.184,0,0,0.112,-12.067,-9.024,-4.766,0.234,1.018,2,14,0,0.176,0,0,0.095,-17.713,-9.218,-4.223,0.777,1.069,2,14,0,0.178,0,0,0.118,2.397,0.578,0,0,0.192,-14.497,-8.932,0.893,-0.450
88.0,-13.778,-9.704,-4.969,0.031,1.049,2,14,0,0.194,0,0,0.247,-13.780,-6.278,-3.935,1.065,1.021,2,14,0,0.195,0,0,0.059,-13.582,-12.204,-5.020,-0.020,1.053,2,14,0,0.186,0,0,0.225,-11.116,-9.448,-4.745,0.255,1.028,2,14,0,0.207,0,0,0.112,-16.784,-9.676,-4.200,0.800,1.049,2,14,0,0.252,0,0,0.168,2.509,0.545,0,0,0.252,-13.582,-9.336,0.934,-0.358
89.0,-12.724,-9.957,-5.007,-0.007,1.085,2,14,0,0.421,0,0,0.158,-12.783,-6.608,-3.951,1.049,1.054,2,14,0,0.237,0,0,0.028,-12.629,-12.551,-4.953,0.047,0.999,2,14,0,0.214,0,0,0.259,-10.151,-9.735,-4.780,0.220,1.006,2,14,0,0.167,0,0,0.089,-15.704,-10.009,-4.217,0.783,1.035,2,14,0,0.182,0,0,0.230,2.593,0.526,0,0,0.421,-12.632,-9.647,0.965,-0.263
90.0,-11.580,-10.123,-5.014,-0.014,1.081,2,14,0,0.268,0,0,0.182,-11.746,-6.884,-3.871,1.129,1.066,2,14,0,0.195,0,0,0.096,-11.650,-12.719,-4.980,0.020,0.969,2,14,0,0.231,0,0,0.219,-9.151,-9.968,-4.760,0.240,1.010,2,14,0,0.182,0,0,0.118,-14.712,-10.222,-4.246,0.754,0.970,2,14,0,0.208,0,0,0.240,2.447,0.506,0,0,0.268,-11.656,-9.862,0.986,-0.166
91.0,-10.584,-10.154,-5.028,-0.028,1.002,2,14,0,0.231,0,0,0.152,-10.665,-7.082,-3.893,1.107,1.041,2,14,0,0.433,0,0,0.216,-10.714,-12.746,-5.018,-0.018,0.966,2,14,0,0.216,0,0,0.114,-8.160,-10.123,-4.790,0.210,1.003,2,14,0,0.181,0,0,0.154,-13.777,-10.282,-4.280,0.720,0.938,2,14,0,0.181,0,0,0.161,2.436,0.518,0,0,0.433,-10.663,-9.978,0.998,-0.066
92.0,-9.624,-10.098,-4.945,0.055,0.949,2,14,0,0.197,0,0,0.122,-9.685,-7.093,-3.848,1.152,0.975,2,14,0,0.193,0,0,0.201,-9.758,-12.706,-5.025,-0.025,0.981,2,14,0,0.218,0,0,0.051,-7.180,-10.162,-4.722,0.278,0.996,2,14,0,0.215,0,0,0.172,-12.862,-10.169,-4.240,0.760,0.947,2,14,0,0.210,0,0,0.011,2.454,0.543,0,0,0.218,-9.664,-9.994,0.999,0.034
93.0,-8.685,-10.051,-4.985,0.015,0.949,2,14,0,0.182,0,0,0.047,-8.792,-7.070,-3.932,1.068,0.955,2,14,0,0.201,0,0,0.222,-8.711,-12.620,-4.978,0.022,1.018,2,14,0,0.237,0,0,0.064,-6.212,-10.098,-4.701,0.299,1.011,2,14,0,0.186,0,0,0.191,-11.992,-10.073,-4.244,0.756,0.973,2,14,0,0.196,0,0,0.124,2.489,0.576,0,0,0.237,-8.668,-9.911,0.991,0.133
94.0,-7.788,-9.950,-5.026,-0.026,0.953,2,14,0,0.288,0,0,0.078,-7.839,-6.843,-3.920,1.080,1.013,2,14,0,0.265,0,0,0.178,-7.714,-12.423,-5.045,-0.045,1.008,2,14,0,0.175,0,0,0.067,-5.189,-9.852,-4.707,0.293,1.039,2,14,0,0.173,0,0,0.134,-10.933,-9.923,-4.227,0.773,1.055,2,14,0,0.181,0,0,0.048,2.474,0.519,0,0,0.288,-7.685,-9.728,0.973,0.231
95.0,-6.780,-9.781,-5.024,-0.024,1.013,2,14,0,0.197,0,0,0.184,-6.839,-6.482,-3.955,1.045,1.052,2,14,0,0.210,0,0,0.102,-6.756,-12.218,-5.063,-0.063,1.004,2,14,0,0.185,0,0,0.119,-4.185,-9.508,-4.799,0.201,1.045,2,14,0,0.174,0,0,0.103,-9.865,-9.705,-4.288,0.712,1.047,2,14,0,0.209,0,0,0.109,2.437,0.464,0,0,0.210,-6.725,-9.449,0.945,0.327
96.0,-5.786,-9.492,-4.964,0.036,1.041,2,14,0,0.263,0,0,0.282,-5.872,-6.054,-3.946,1.054,1.065,2,14,0,0.198,0,0,0.076,-5.883,-11.807,-5.040,-0.040,1.010,2,14,0,0.177,0,0,0.070,-3.272,-9.115,-4.739,0.261,1.025,2,14,0,0.175,0,0,0.086,-8.869,-9.376,-4.248,0.752,1.029,2,14,0,0.178,0,0,0.191,2.319,0.475,0,0,0.263,-5.798,-9.075,0.907,0.420
97.0,-4.862,-9.016,-5.040,-0.040,1.075,2,14,0,0.230,0,0,0.287,-4.947,-5.558,-3.923,1.077,1.043,2,14,0,0.222,0,0,0.106,-4.932,-11.388,-4.929,0.071,1.030,2,14,0,0.186,0,0,0.130,-2.378,-8.616,-4.678,0.322,1.025,2,14,0,0.204,0,0,0.082,-7.996,-8.974,-4.173,0.827,1.007,2,14,0,0.176,0,0,0.232,2.376,0.464,0,0,0.230,-4.914,-8.610,0.861,0.509
98.0,-4.007,-8.357,-4.993,0.007,1.084,2,14,0,0.192,0,0,0.210,-4.065,-5.026,-3.904,1.096,1.009,2,14,0,0.197,0,0,0.151,-4.041,-10.904,-4.986,0.014,1.027,2,14,0,0.228,0,0,0.221,-1.500,-8.110,-4.753,0.247,1.015,2,14,0,0.206,0,0,0.137,-7.191,-8.413,-4.208,0.792,1.029,2,14,0,0.186,0,0,0.209,2.530,0.424,0,0,0.228,-4.079,-8.059,0.806,0.592
99.0,-3.238,-7.630,-4.994,0.006,1.070,2,14,0,0.185,0,0,0.150,-3.363,-4.467,-3.929,1.071,0.979,2,14,0,0.185,0,0,0.128,-3.254,-10.243,-4.941,0.059,1.058,2,14,0,0.196,0,0,0.205,-0.674,-7.489,-4.745,0.255,1.008,2,14,0,0.173,0,0,0.188,-6.345,-7.685,-4.246,0.754,1.069,2,14,0,0.161,0,0,0.188,2.580,0.374,0,0,0.196,-3.304,-7.428,0.743,0.670
100.0,-2.524,-6.887,-5.048,-0.048,1.034,2,14,0,0.195,0,0,0.146,-2.640,-3.732,-3.957,1.043,1.019,2,14,0,0.322,0,0,0.118,-2.518,-9.473,-4.961,0.039,1.058,2,14,0,0.175,0,0,0.185,0.096,-6.794,-4.719,0.281,0.995,2,14,0,0.186,0,0,0.253,-5.653,-6.890,-4.143,0.857,1.052,2,14,0,0.180,0,0,0.151,2.587,0.316,0,0,0.322,-2.596,-6.722,0.672,0.740
101.0,-1.926,-6.036,-5.011,-0.011,1.023,2,14,0,0.199,0,0,0.125,-1.925,-2.946,-3.877,1.123,1.036,2,14,0,0.315,0,0,0.183,-1.847,-8.638,-5.015,-0.015,1.043,2,14,0,0.178,0,0,0.198,0.674,-6.029,-4.713,0.287,0.987,2,14,0,0.183,0,0,0.205,-5.033,-6.077,-4.156,0.844,1.011,2,14,0,0.177,0,0,0.137,2.603,0.372,0,0,0.315,-1.962,-5.949,0.595,0.804
102.0,-1.408,-5.201,-4.989,0.011,0.978,2,14,0,0.196,0,0,0.091,-1.362,-2.083,-3.920,1.080,1.017,2,14,0,0.194,0,0,0.186,-1.345,-7.783,-5.028,-0.028,1.017,2,14,0,0.180,0,0,0.151,1.132,-5.180,-4.708,0.292,0.998,2,14,0,0.392,0,0,0.115,-4.501,-5.265,-4.239,0.761,0.985,2,14,0,0.251,0,0,0.117,2.556,0.464,0,0,0.392,-1.408,-5.117,0.512,0.859
103.0,-0.958,-4.344,-4.986,0.014,0.972,2,14,0,0.181,0,0,0.067,-0.957,-1.187,-3.995,1.005,0.998,2,14,0,0.212,0,0,0.122,-0.909,-6.852,-4.974,0.026,1.011,2,14,0,0.470,0,0,0.118,1.476,-4.256,-4.714,0.286,1.029,2,14,0,0.186,0,0,0.047,-4.099,-4.446,-4.267,0.733,0.967,2,14,0,0.175,0,0,0.069,2.450,0.584,0,0,0.470,-0.941,-4.234,0.423,0.906
104.0,-0.474,-3.501,-5.023,-0.023,0.973,2,14,0,0.196,0,0,0.171,-0.574,-0.247,-3.920,1.080,1.009,2,14,0,0.192,0,0,0.122,-0.514,-5.901,-4.944,0.056,1.003,2,14,0,0.188,0,0,0.152,1.868,-3.283,-4.681,0.319,1.060,2,14,0,0.169,0,0,0.025,-3.739,-3.583,-4.249,0.751,1.004,2,14,0,0.184,0,0,0.117,2.377,0.569,0,0,0.196,-0.563,-3.308,0.331,0.944
105.0,-0.205,-2.540,-5.033,-0.033,1.003,2,14,0,0.197,0,0,0.159,-0.286,0.708,-3.879,1.121,1.005,2,14,0,0.200,0,0,0.129,-0.270,-5.023,-4.998,0.002,0.973,2,14,0,0.176,0,0,0.095,2.240,-2.339,-4.727,0.273,1.052,2,14,0,0.205,0,0,0.069,-3.423,-2.595,-4.156,0.844,1.058,2,14,0,0.177,0,0,0.106,2.473,0.480,0,0,0.205,-0.280,-2.350,0.235,0.972
106.0,0.044,-1.499,-5.007,-0.007,1.035,2,14,0,0.194,0,0,0.214,-0.113,1.696,-3.883,1.117,1.011,2,14,0,0.199,0,0,0.117,-0.058,-4.064,-4.994,0.006,0.999,2,14,0,0.181,0,0,0.122,2.529,-1.277,-4.702,0.298,1.040,2,14,0,0.192,0,0,0.185,-3.230,-1.518,-4.240,0.760,1.076,2,14,0,0.182,0,0,0.070,2.513,0.388,0,0,0.199,-0.094,-1.368,0.137,0.991
107.0,0.164,-0.454,-4.915,0.085,1.029,2,14,0,0.194,0,0,0.257,-0.012,2.708,-3.898,1.102,1.018,2,14,0,0.194,0,0,0.131,0.049,-3.016,-4.942,0.058,1.036,2,14,0,0.179,0,0,0.142,2.635,-0.254,-4.790,0.210,1.003,2,14,0,0.167,0,0,0.220,-2.998,-0.357,-4.243,0.757,1.067,2,14,0,0.188,0,0,0.277,2.482,0.377,0,0,0.194,-0.007,-0.372,0.037,0.999
108.0,0.062,0.559,-4.953,0.047,1.012,2,14,0,0.194,0,0,0.177,-0.077,3.732,-3.922,1.078,1.025,2,14,0,0.196,0,0,0.088,-0.001,-2.014,-4.994,0.006,1.029,2,14,0,0.173,0,0,0.104,2.685,0.688,-4.807,0.193,0.968,2,14,0,0.290,0,0,0.259,-2.971,0.644,-4.254,0.746,0.976,2,14,0,0.247,0,0,0.313,2.574,0.359,0,0,0.290,-0.020,0.628,-0.063,0.998
109.0,-0.174,1.524,-5.011,-0.011,1.015,2,14,0,0.211,0,0,0.061,-0.182,4.771,-3.882,1.118,1.033,2,14,0,0.232,0,0,0.122,-0.081,-0.993,-5.035,-0.035,1.036,2,14,0,0.177,0,0,0.140,2.573,1.641,-4.752,0.248,1.003,2,14,0,0.191,0,0,0.259,-3.141,1.554,-4.222,0.778,0.957,2,14,0,0.192,0,0,0.223,2.519,0.389,0,0,0.232,-0.132,1.621,-0.162,0.987
110.0,-0.435,2.526,-5.013,-0.013,1.013,2,14,0,0.240,0,0,0.066,-0.272,5.772,-3.927,1.073,1.007,2,14,0,0.220,0,0,0.235,-0.270,0.034,-4.997,0.003,1.037,2,14,0,0.191,0,0,0.185,2.294,2.661,-4.693,0.307,1.056,2,14,0,0.225,0,0,0.199,-3.359,2.459,-4.238,0.762,0.977,2,14,0,0.176,0,0,0.195,2.498,0.442,0,0,0.240,-0.343,2.598,-0.260,0.966
111.0,-0.727,3.468,-4.985,0.015,0.991,2,14,0,0.210,0,0,0.063,-0.540,6.735,-3.930,1.070,1.010,2,14,0,0.180,0,0,0.277,-0.601,1.033,-4.977,0.023,1.030,2,14,0,0.194,0,0,0.196,1.883,3.668,-4.753,0.247,1.063,2,14,0,0.187,0,0,0.140,-3.756,3.418,-4.288,0.712,1.028,2,14,0,0.178,0,0,0.111,2.438,0.487,0,0,0.210,-0.651,3.549,-0.355,0.935
112.0,-1.027,4.407,-4.981,0.019,0.989,2,14,0,0.193,0,0,0.137,-0.974,7.687,-3.884,1.116,1.014,2,14,0,0.168,0,0,0.268,-1.072,1.954,-5.007,-0.007,0.985,2,14,0,0.213,0,0,0.166,1.445,4.583,-4.762,0.238,1.016,2,14,0,0.180,0,0,0.121,-4.265,4.339,-4.239,0.761,1.023,2,14,0,0.180,0,0,0.035,2.454,0.517,0,0,0.213,-1.052,4.465,-0.446,0.895
113.0,-1.422,5.332,-4.980,0.020,0.985,2,14,0,0.260,0,0,0.246,-1.555,8.469,-3.906,1.094,1.031,2,14,0,0.190,0,0,0.145,-1.478,2.788,-4.999,0.001,0.984,2,14,0,0.187,0,0,0.187,0.955,5.436,-4.651,0.349,1.007,2,14,0,0.181,0,0,0.105,-4.744,5.284,-4.167,0.833,1.028,2,14,0,0.189,0,0,0.117,2.402,0.513,0,0,0.260,-1.542,5.336,-0.534,0.846
114.0,-2.040,6.189,-4.897,0.103,1.035,2,14,0,0.189,0,0,0.243,-2.208,9.286,-3.908,1.092,1.056,2,14,0,0.265,0,0,0.084,-2.109,3.574,-5.044,-0.044,1.001,2,14,0,0.320,0,0,0.124,0.302,6.218,-4.738,0.262,1.013,2,14,0,0.170,0,0,0.060,-5.278,6.163,-4.201,0.799,1.002,2,14,0,0.169,0,0,0.180,2.348,0.584,0,0,0.320,-2.117,6.153,-0.615,0.788
115.0,-2.804,6.897,-4.978,0.022,1.040,2,14,0,0.194,0,0,0.142,-2.928,10.091,-3.991,1.009,1.065,2,14,0,0.192,0,0,0.116,-2.756,4.334,-5.022,-0.022,1.029,2,14,0,0.202,0,0,0.130,-0.329,7.008,-4.722,0.278,0.994,2,14,0,0.212,0,0,0.083,-6.015,6.865,-4.220,0.780,0.979,2,14,0,0.271,0,0,0.122,2.491,0.567,0,0,0.271,-2.771,6.910,-0.691,0.723
116.0,-3.608,7.521,-4.978,0.022,1.036,2,14,0,0.196,0,0,0.076,-3.716,10.770,-3.931,1.069,1.026,2,14,0,0.195,0,0,0.142,-3.528,5.060,-4.996,0.004,1.053,2,14,0,0.155,0,0,0.135,-1.082,7.687,-4.756,0.244,0.988,2,14,0,0.182,0,0,0.087,-6.713,7.528,-4.211,0.789,0.967,2,14,0,0.178,0,0,0.094,2.463,0.592,0,0,0.196,-3.497,7.597,-0.760,0.650
117.0,-4.426,8.142,-4.983,0.017,1.018,2,14,0,0.197,0,0,0.089,-4.491,11.414,-3.928,1.072,0.989,2,14,0,0.194,0,0,0.155,-4.385,5.640,-4.971,0.029,1.040,2,14,0,0.211,0,0,0.097,-1.851,8.376,-4.794,0.206,1.000,2,14,0,0.173,0,0,0.154,-7.470,8.158,-4.274,0.726,0.962,2,14,0,0.179,0,0,0.118,2.503,0.587,0,0,0.211,-4.288,8.208,-0.821,0.571
118.0,-5.242,8.706,-5.056,-0.056,0.995,2,14,0,0.233,0,0,0.118,-5.343,11.927,-3.915,1.085,0.954,2,14,0,0.165,0,0,0.151,-5.259,6.212,-5.042,-0.042,1.022,2,14,0,0.176,0,0,0.139,-2.632,8.969,-4.728,0.272,0.980,2,14,0,0.173,0,0,0.233,-8.215,8.703,-4.174,0.826,0.980,2,14,0,0.216,0,0,0.187,2.495,0.548,0,0,0.233,-5.136,8.737,-0.874,0.486
119.0,-6.171,9.172,-5.035,-0.035,0.995,2,14,0,0.247,0,0,0.143,-6.171,12.340,-3.908,1.092,0.945,2,14,0,0.234,0,0,0.096,-6.235,6.609,-4.988,0.012,1.003,2,14,0,0.213,0,0,0.153,-3.491,9.386,-4.781,0.219,0.998,2,14,0,0.255,0,0,0.226,-9.123,9.154,-4.162,0.838,1.043,2,14,0,0.238,0,0,0.188,2.565,0.503,0,0,0.255,-6.032,9.179,-0.918,0.397
120.0,-7.052,9.600,-5.062,-0.062,0.974,2,14,0,0.239,0,0,0.219,-7.005,12.677,-3.950,1.050,0.960,2,14,0,0.236,0,0,0.127,-7.146,7.006,-4.970,0.030,0.958,2,14,0,0.182,0,0,0.164,-4.455,9.658,-4.738,0.262,1.035,2,14,0,0.200,0,0,0.144,-10.105,9.497,-4.207,0.793,1.073,2,14,0,0.188,0,0,0.154,2.597,0.508,0,0,0.239,-6.969,9.529,-0.953,0.303
121.0,-8.057,9.842,-4.974,0.026,0.988,2,14,0,0.223,0,0,0.208,-7.983,12.909,-3.924,1.076,1.026,2,14,0,0.193,0,0,0.104,-8.024,7.298,-5.001,-0.001,0.942,2,14,0,0.180,0,0,0.177,-5.506,9.864,-4.642,0.358,1.067,2,14,0,0.176,0,0,0.077,-11.168,9.778,-4.220,0.780,1.081,2,14,0,0.202,0,0,0.160,2.544,0.576,0,0,0.223,-7.935,9.784,-0.978,0.206
122.0,-9.004,9.919,-5.003,-0.003,0.990,2,14,0,0.191,0,0,0.129,-9.035,13.141,-3.914,1.086,1.067,2,14,0,0.194,0,0,0.137,-8.983,7.400,-4.968,0.032,0.980,2,14,0,0.173,0,0,0.123,-6.527,10.010,-4.651,0.349,1.054,2,14,0,0.173,0,0,0.078,-12.270,9.879,-4.280,0.720,1.052,2,14,0,0.187,0,0,0.168,2.504,0.609,0,0,0.194,-8.922,9.942,-0.994,0.108
123.0,-9.999,9.891,-5.009,-0.009,1.013,2,14,0,0.360,0,0,0.046,-10.074,13.228,-3.876,1.124,1.064,2,14,0,0.191,0,0,0.165,-9.950,7.473,-5.000,-0.000,1.012,2,14,0,0.173,0,0,0.143,-7.619,10.170,-4.734,0.266,1.038,2,14,0,0.211,0,0,0.217,-13.299,9.975,-4.246,0.754,1.005,2,14,0,0.215,0,0,0.216,2.412,0.719,0,0,0.360,-9.920,10.000,-1.000,0.008
124.0,-10.986,9.880,-5.017,-0.017,1.038,2,14,0,0.195,0,0,0.077,-11.079,13.248,-3.914,1.086,1.038,2,14,0,0.194,0,0,0.228,-10.910,7.414,-4.989,0.011,1.041,2,14,0,0.208,0,0,0.151,-8.601,10.112,-4.705,0.295,0.978,2,14,0,0.170,0,0,0.196,-14.317,9.960,-4.242,0.758,0.960,2,14,0,0.184,0,0,0.250,2.416,0.699,0,0,0.208,-10.919,9.958,-0.996,-0.092
125.0,-12.075,9.718,-4.965,0.035,1.070,2,14,0,0.196,0,0,0.096,-12.078,13.081,-3.939,1.061,1.054,2,14,0,0.226,0,0,0.205,-11.935,7.226,-4.967,0.033,1.083,2,14,0,0.176,0,0,0.088,-9.532,9.980,-4.790,0.210,0.966,2,14,0,0.180,0,0,0.175,-15.245,9.788,-4.255,0.745,0.927,2,14,0,0.207,0,0,0.187,2.496,0.645,0,0,0.226,-11.908,9.816,-0.982,-0.191
126.0,-13.123,9.480,-4.981,0.019,1.025,2,14,0,0.221,0,0,0.167,-13.129,12.780,-3.940,1.060,1.058,2,14,0,0.198,0,0,0.184,-13.048,6.986,-5.014,-0.014,1.105,2,14,0,0.181,0,0,0.110,-10.507,9.723,-4.723,0.277,0.996,2,14,0,0.239,0,0,0.161,-16.076,9.468,-4.234,0.766,0.944,2,14,0,0.180,0,0,0.060,2.496,0.645,0,0,0.239,-12.879,9.577,-0.958,-0.288
127.0,-14.073,9.226,-5.005,-0.005,0.982,2,14,0,0.155,0,0,0.217,-14.094,12.388,-3.914,1.086,1.044,2,14,0,0.191,0,0,0.163,-14.088,6.715,-5.019,-0.019,1.051,2,14,0,0.182,0,0,0.229,-11.385,9.311,-4.735,0.265,1.014,2,14,0,0.182,0,0,0.071,-16.954,9.092,-4.168,0.832,0.996,2,14,0,0.179,0,0,0.083,2.511,0.568,0,0,0.191,-13.821,9.241,-0.924,-0.382
128.0,-14.913,8.832,-4.971,0.029,0.963,2,14,0,0.204,0,0,0.202,-14.995,11.898,-3.880,1.120,1.013,2,14,0,0.191,0,0,0.133,-15.101,6.286,-5.017,-0.017,1.018,2,14,0,0.209,0,0,0.325,-12.223,8.849,-4.774,0.226,1.025,2,14,0,0.380,0,0,0.069,-17.828,8.660,-4.242,0.758,1.054,2,14,0,0.179,0,0,0.105,2.553,0.604,0,0,0.380,-14.724,8.814,-0.881,-0.472
129.0,-15.599,8.396,-5.007,-0.007,0.998,2,14,0,0.355,0,0,0.257,-15.798,11.378,-3.884,1.116,0.995,2,14,0,0.223,0,0,0.099,-15.749,5.780,-5.038,-0.038,0.958,2,14,0,0.174,0,0,0.167,-13.100,8.399,-4.808,0.192,1.073,2,14,0,0.169,0,0,0.103,-18.619,8.217,-4.207,0.793,1.089,2,14,0,0.218,0,0,0.190,2.507,0.530,0,0,0.355,-15.580,8.298,-0.830,-0.558
130.0,-15.599,8.396,-5.007,-0.007,0.998,2,14,0,0.246,0,1,1.209,-15.798,11.378,-3.884,1.116,0.995,2,14,0,0.375,0,1,0.926,-15.749,5.780,-5.038,-0.038,0.958,2,14,0,0.278,0,1,1.010,-13.100,8.399,-4.808,0.192,1.073,2,14,0,0.223,0,1,1.085,-18.619,8.217,-4.207,0.793,1.089,2,14,0,0.201,0,1,1.187,2.507,1.251,0,0,0.375,-16.381,7.700,-0.770,-0.638
131.0,-15.599,8.396,-5.007,-0.007,0.998,2,14,0,0.250,0,1,1.648,-15.798,11.378,-3.884,1.116,0.995,2,14,0,0.232,0,1,1.386,-15.749,5.780,-5.038,-0.038,0.958,2,14,0,0.214,0,1,1.449,-13.100,8.399,-4.808,0.192,1.073,2,14,0,0.202,0,1,1.525,-18.619,8.217,-4.207,0.793,1.089,2,14,0,0.229,0,1,1.626,2.507,2.226,0,0,0.250,-17.118,7.024,-0.702,-0.712
132.0,-15.599,8.396,-5.007,-0.007,0.998,2,14,0,0.250,0,1,1.648,-15.798,11.378,-3.884,1.116,0.995,2,14,0,0.232,0,1,1.386,-15.749,5.780,-5.038,-0.038,0.958,2,14,0,0.214,0,1,1.449,-13.100,8.399,-4.808,0.192,1.073,2,14,0,0.202,0,1,1.525,-18.619,8.217,-4.207,0.793,1.089,2,14,0,0.229,0,1,1.626,2.507,3.224,0,0,0.250,-17.783,6.278,-0.628,-0.778
133.0,-15.599,8.396,-5.007,-0.007,0.998,2,14,0,0.250,0,1,1.648,-15.798,11.378,-3.884,1.116,0.995,2,14,0,0.232,0,1,1.386,-15.749,5.780,-5.038,-0.038,0.958,2,14,0,0.214,0,1,1.449,-13.100,8.399,-4.808,0.192,1.073,2,14,0,0.202,0,1,1.525,-18.619,8.217,-4.207,0.793,1.089,2,14,0,0.229,0,1,1.626,2.507,4.223,0,0,0.250,-18.371,5.470,-0.547,-0.837
134.0,-15.599,8.396,-5.007,-0.007,0.998,2,14,0,0.250,0,1,1.648,-15.798,11.378,-3.884,1.116,0.995,2,14,0,0.232,0,1,1.386,-15.749,5.780,-5.038,-0.038,0.958,2,14,0,0.214,0,1,1.449,-13.100,8.399,-4.808,0.192,1.073,2,14,0,0.202,0,1,1.525,-18.619,8.217,-4.207,0.793,1.089,2,14,0,0.229,0,1,1.626,2.507,5.214,0,0,0.250,-18.876,4.607,-0.461,-0.888
135.0,-15.599,8.396,-5.007,-0.007,0.998,2,14,0,0.250,0,1,1.648,-15.798,11.378,-3.884,1.116,0.995,2,14,0,0.232,0,1,1.386,-15.749,5.780,-5.038,-0.038,0.958,2,14,0,0.214,0,1,1.449,-13.100,8.399,-4.808,0.192,1.073,2,14,0,0.202,0,1,1.525,-18.619,8.217,-4.207,0.793,1.089,2,14,0,0.229,0,1,1.626,2.507,6.195,0,0,0.250,-19.291,3.698,-0.370,-0.929
136.0,-15.599,8.396,-5.007,-0.007,0.998,2,14,0,0.250,0,1,1.648,-15.798,11.378,-3.884,1.116,0.995,2,14,0,0.232,0,1,1.386,-15.749,5.780,-5.038,-0.038,0.958,2,14,0,0.214,0,1,1.449,-13.100,8.399,-4.808,0.192,1.073,2,14,0,0.202,0,1,1.525,-18.619,8.217,-4.207,0.793,1.089,2,14,0,0.229,0,1,1.626,2.507,7.161,0,0,0.250,-19.614,2.752,-0.275,-0.961
137.0,-15.599,8.396,-5.007,-0.007,0.998,2,14,0,0.250,0,1,1.648,-15.798,11.378,-3.884,1.116,0.995,2,14,0,0.232,0,1,1.386,-15.749,5.780,-5.038,-0.038,0.958,2,14,0,0.214,0,1,1.449,-13.100,8.399,-4.808,0.192,1.073,2,14,0,0.202,0,1,1.525,-18.619,8.217,-4.207,0.793,1.089,2,14,0,0.229,0,1,1.626,2.507,8.109,0,0,0.250,-19.841,1.778,-0.178,-0.984
138.0,-15.599,8.396,-5.007,-0.007,0.998,2,14,0,0.250,0,1,1.648,-15.798,11.378,-3.884,1.116,0.995,2,14,0,0.232,0,1,1.386,-15.749,5.780,-5.038,-0.038,0.958,2,14,0,0.214,0,1,1.449,-13.100,8.399,-4.808,0.192,1.073,2,14,0,0.202,0,1,1.525,-18.619,8.217,-4.207,0.793,1.089,2,14,0,0.229,0,1,1.626,2.507,9.038,0,0,0.250,-19.969,0.787,-0.079,-0.997
139.0,-15.599,8.396,-5.007,-0.007,0.998,2,14,0,0.250,0,1,1.648,-15.798,11.378,-3.884,1.116,0.995,2,14,0,0.232,0,1,1.386,-15.749,5.780,-5.038,-0.038,0.958,2,14,0,0.214,0,1,1.449,-13.100,8.399,-4.808,0.192,1.073,2,14,0,0.202,0,1,1.525,-18.619,8.217,-4.207,0.793,1.089,2,14,0,0.229,0,1,1.626,2.507,9.945,0,0,0.250,-19.998,-0.212,0.021,-1.000
140.0,-15.599,8.396,-5.007,-0.007,0.998,2,14,0,0.250,0,1,1.648,-15.798,11.378,-3.884,1.116,0.995,2,14,0,0.232,0,1,1.386,-15.749,5.780,-5.038,-0.038,0.958,2,14,0,0.214,0,1,1.449,-13.100,8.399,-4.808,0.192,1.073,2,14,0,0.202,0,1,1.525,-18.619,8.217,-4.207,0.793,1.089,2,14,0,0.229,0,1,1.626,2.507,10.827,0,0,0.250,-19.927,-1.209,0.121,-0.993
141.0,-15.599,8.396,-5.007,-0.007,0.998,2,14,0,0.250,0,1,1.648,-15.798,11.378,-3.884,1.116,0.995,2,14,0,0.232,0,1,1.386,-15.749,5.780,-5.038,-0.038,0.958,2,14,0,0.214,0,1,1.449,-13.100,8.399,-4.808,0.192,1.073,2,14,0,0.202,0,1,1.525,-18.619,8.217,-4.207,0.793,1.089,2,14,0,0.229,0,1,1.626,2.507,11.683,0,0,0.250,-19.756,-2.194,0.219,-0.976
142.0,-15.599,8.396,-5.007,-0.007,0.998,2,14,0,0.250,0,1,1.648,-15.798,11.378,-3.884,1.116,0.995,2,14,0,0.232,0,1,1.386,-15.749,5.780,-5.038,-0.038,0.958,2,14,0,0.214,0,1,1.449,-13.100,8.399,-4.808,0.192,1.073,2,14,0,0.202,0,1,1.525,-18.619,8.217,-4.207,0.793,1.089,2,14,0,0.229,0,1,1.626,2.507,12.509,0,0,0.250,-19.489,-3.157,0.316,-0.949
143.0,-15.599,8.396,-5.007,-0.007,0.998,2,14,0,0.250,0,1,1.648,-15.798,11.378,-3.884,1.116,0.995,2,14,0,0.232,0,1,1.386,-15.749,5.780,-5.038,-0.038,0.958,2,14,0,0.214,0,1,1.449,-13.100,8.399,-4.808,0.192,1.073,2,14,0,0.202,0,1,1.525,-18.619,8.217,-4.207,0.793,1.089,2,14,0,0.229,0,1,1.626,2.507,13.304,0,0,0.250,-19.126,-4.089,0.409,-0.913
144.0,-15.599,8.396,-5.007,-0.007,0.998,2,14,0,0.250,0,1,1.648,-15.798,11.378,-3.884,1.116,0.995,2,14,0,0.232,0,1,1.386,-15.749,5.780,-5.038,-0.038,0.958,2,14,0,0.214,0,1,1.449,-13.100,8.399,-4.808,0.192,1.073,2,14,0,0.202,0,1,1.525,-18.619,8.217,-4.207,0.793,1.089,2,14,0,0.229,0,1,1.626,2.507,14.066,0,0,0.250,-18.672,-4.979,0.498,-0.867
145.0,-15.599,8.396,-5.007,-0.007,0.998,2,14,0,0.250,0,1,1.648,-15.798,11.378,-3.884,1.116,0.995,2,14,0,0.232,0,1,1.386,-15.749,5.780,-5.038,-0.038,0.958,2,14,0,0.214,0,1,1.449,-13.100,8.399,-4.808,0.192,1.073,2,14,0,0.202,0,1,1.525,-18.619,8.217,-4.207,0.793,1.089,2,14,0,0.229,0,1,1.626,2.507,14.793,0,0,0.250,-18.132,-5.820,0.582,-0.813
146.0,-15.599,8.396,-5.007,-0.007,0.998,2,14,0,0.250,0,1,1.648,-15.798,11.378,-3.884,1.116,0.995,2,14,0,0.232,0,1,1.386,-15.749,5.780,-5.038,-0.038,0.958,2,14,0,0.214,0,1,1.449,-13.100,8.399,-4.808,0.192,1.073,2,14,0,0.202,0,1,1.525,-18.619,8.217,-4.207,0.793,1.089,2,14,0,0.229,0,1,1.626,2.507,15.483,0,0,0.250,-17.510,-6.603,0.660,-0.751
147.0,-15.599,8.396,-5.007,-0.007,0.998,2,14,0,0.250,0,1,1.648,-15.798,11.378,-3.884,1.116,0.995,2,14,0,0.232,0,1,1.386,-15.749,5.780,-5.038,-0.038,0.958,2,14,0,0.214,0,1,1.449,-13.100,8.399,-4.808,0.192,1.073,2,14,0,0.202,0,1,1.525,-18.619,8.217,-4.207,0.793,1.089,2,14,0,0.229,0,1,1.626,2.507,16.135,0,0,0.250,-16.813,-7.320,0.732,-0.681
148.0,-15.599,8.396,-5.007,-0.007,0.998,2,14,0,0.250,0,1,1.648,-15.798,11.378,-3.884,1.116,0.995,2,14,0,0.232,0,1,1.386,-15.749,5.780,-5.038,-0.038,0.958,2,14,0,0.214,0,1,1.449,-13.100,8.399,-4.808,0.192,1.073,2,14,0,0.202,0,1,1.525,-18.619,8.217,-4.207,0.793,1.089,2,14,0,0.229,0,1,1.626,2.507,16.746,0,0,0.250,-16.048,-7.963,0.796,-0.605
149.0,-15.599,8.396,-5.007,-0.007,0.998,2,14,0,0.250,0,1,1.648,-15.798,11.378,-3.884,1.116,0.995,2,14,0,0.232,0,1,1.386,-15.749,5.780,-5.038,-0.038,0.958,2,14,0,0.214,0,1,1.449,-13.100,8.399,-4.808,0.192,1.073,2,14,0,0.202,0,1,1.525,-18.619,8.217,-4.207,0.793,1.089,2,14,0,0.229,0,1,1.626,2.507,17.315,0,0,0.250,-15.223,-8.527,0.853,-0.522
150.0,-15.599,8.396,-5.007,-0.007,0.998,2,14,0,0.250,0,1,1.648,-15.798,11.378,-3.884,1.116,0.995,2,14,0,0.232,0,1,1.386,-15.749,5.780,-5.038,-0.038,0.958,2,14,0,0.214,0,1,1.449,-13.100,8.399,-4.808,0.192,1.073,2,14,0,0.202,0,1,1.525,-18.619,8.217,-4.207,0.793,1.089,2,14,0,0.229,0,1,1.626,2.507,17.841,0,0,0.250,-14.346,-9.006,0.901,-0.435
151.0,-15.599,8.396,-5.007,-0.007,0.998,2,14,0,0.250,0,1,1.648,-15.798,11.378,-3.884,1.116,0.995,2,14,0,0.232,0,1,1.386,-15.749,5.780,-5.038,-0.038,0.958,2,14,0,0.214,0,1,1.449,-13.100,8.399,-4.808,0.192,1.073,2,14,0,0.202,0,1,1.525,-18.619,8.217,-4.207,0.793,1.089,2,14,0,0.229,0,1,1.626,2.507,18.323,0,0,0.250,-13.425,-9.395,0.940,-0.342
152.0,-15.599,8.396,-5.007,-0.007,0.998,2,14,0,0.250,0,1,1.648,-15.798,11.378,-3.884,1.116,0.995,2,14,0,0.232,0,1,1.386,-15.749,5.780,-5.038,-0.038,0.958,2,14,0,0.214,0,1,1.449,-13.100,8.399,-4.808,0.192,1.073,2,14,0,0.202,0,1,1.525,-18.619,8.217,-4.207,0.793,1.089,2,14,0,0.229,0,1,1.626,2.507,18.759,0,0,0.250,-12.470,-9.690,0.969,-0.247
153.0,-15.599,8.396,-5.007,-0.007,0.998,2,14,0,0.250,0,1,1.648,-15.798,11.378,-3.884,1.116,0.995,2,14,0,0.232,0,1,1.386,-15.749,5.780,-5.038,-0.038,0.958,2,14,0,0.214,0,1,1.449,-13.100,8.399,-4.808,0.192,1.073,2,14,0,0.202,0,1,1.525,-18.619,8.217,-4.207,0.793,1.089,2,14,0,0.229,0,1,1.626,2.507,19.148,0,0,0.250,-11.490,-9.888,0.989,-0.149
154.0,-15.599,8.396,-5.007,-0.007,0.998,2,14,0,0.250,0,1,1.648,-15.798,11.378,-3.884,1.116,0.995,2,14,0,0.232,0,1,1.386,-15.749,5.780,-5.038,-0.038,0.958,2,14,0,0.214,0,1,1.449,-13.100,8.399,-4.808,0.192,1.073,2,14,0,0.202,0,1,1.525,-18.619,8.217,-4.207,0.793,1.089,2,14,0,0.229,0,1,1.626,2.507,19.489,0,0,0.250,-10.496,-9.988,0.999,-0.050
155.0,-15.599,8.396,-5.007,-0.007,0.998,2,14,0,0.250,0,1,1.648,-15.798,11.378,-3.884,1.116,0.995,2,14,0,0.232,0,1,1.386,-15.749,5.780,-5.038,-0.038,0.958,2,14,0,0.214,0,1,1.449,-13.100,8.399,-4.808,0.192,1.073,2,14,0,0.202,0,1,1.525,-18.619,8.217,-4.207,0.793,1.089,2,14,0,0.229,0,1,1.626,2.507,19.781,0,0,0.250,-9.496,-9.987,0.999,0.050
156.0,-15.599,8.396,-5.007,-0.007,0.998,2,14,0,0.250,0,1,1.648,-15.798,11.378,-3.884,1.116,0.995,2,14,0,0.232,0,1,1.386,-15.749,5.780,-5.038,-0.038,0.958,2,14,0,0.214,0,1,1.449,-13.100,8.399,-4.808,0.192,1.073,2,14,0,0.202,0,1,1.525,-18.619,8.217,-4.207,0.793,1.089,2,14,0,0.229,0,1,1.626,2.507,20.024,0,0,0.250,-8.501,-9.887,0.989,0.150
157.0,-15.599,8.396,-5.007,-0.007,0.998,2,14,0,0.250,0,1,1.648,-15.798,11.378,-3.884,1.116,0.995,2,14,0,0.232,0,1,1.386,-15.749,5.780,-5.038,-0.038,0.958,2,14,0,0.214,0,1,1.449,-13.100,8.399,-4.808,0.192,1.073,2,14,0,0.202,0,1,1.525,-18.619,8.217,-4.207,0.793,1.089,2,14,0,0.229,0,1,1.626,2.507,20.217,0,0,0.250,-7.522,-9.688,0.969,0.248
158.0,-15.599,8.396,-5.007,-0.007,0.998,2,14,0,0.250,0,1,1.648,-15.798,11.378,-3.884,1.116,0.995,2,14,0,0.232,0,1,1.386,-15.749,5.780,-5.038,-0.038,0.958,2,14,0,0.214,0,1,1.449,-13.100,8.399,-4.808,0.192,1.073,2,14,0,0.202,0,1,1.525,-18.619,8.217,-4.207,0.793,1.089,2,14,0,0.229,0,1,1.626,2.507,20.360,0,0,0.250,-6.567,-9.392,0.939,0.343
159.0,-15.599,8.396,-5.007,-0.007,0.998,2,14,0,0.250,0,1,1.648,-15.798,11.378,-3.884,1.116,0.995,2,14,0,0.232,0,1,1.386,-15.749,5.780,-5.038,-0.038,0.958,2,14,0,0.214,0,1,1.449,-13.100,8.399,-4.808,0.192,1.073,2,14,0,0.202,0,1,1.525,-18.619,8.217,-4.207,0.793,1.089,2,14,0,0.229,0,1,1.626,2.507,20.452,0,0,0.250,-5.647,-9.003,0.900,0.435
160.0,-15.599,8.396,-5.007,-0.007,0.998,2,14,0,0.250,0,1,1.648,-15.798,11.378,-3.884,1.116,0.995,2,14,0,0.232,0,1,1.386,-15.749,5.780,-5.038,-0.038,0.958,2,14,0,0.214,0,1,1.449,-13.100,8.399,-4.808,0.192,1.073,2,14,0,0.202,0,1,1.525,-18.619,8.217,-4.207,0.793,1.089,2,14,0,0.229,0,1,1.626,2.507,20.492,0,0,0.250,-4.769,-8.523,0.852,0.523
161.0,-15.599,8.396,-5.007,-0.007,0.998,2,14,0,0.250,0,1,1.648,-15.798,11.378,-3.884,1.116,0.995,2,14,0,0.232,0,1,1.386,-15.749,5.780,-5.038,-0.038,0.958,2,14,0,0.214,0,1,1.449,-13.100,8.399,-4.808,0.192,1.073,2,14,0,0.202,0,1,1.525,-18.619,8.217,-4.207,0.793,1.089,2,14,0,0.229,0,1,1.626,2.507,20.482,0,0,0.250,-3.945,-7.958,0.796,0.606
162.0,-15.599,8.396,-5.007,-0.007,0.998,2,14,0,0.250,0,1,1.648,-15.798,11.378,-3.884,1.116,0.995,2,14,0,0.232,0,1,1.386,-15.749,5.780,-5.038,-0.038,0.958,2,14,0,0.214,0,1,1.449,-13.100,8.399,-4.808,0.192,1.073,2,14,0,0.202,0,1,1.525,-18.619,8.217,-4.207,0.793,1.089,2,14,0,0.229,0,1,1.626,2.507,20.420,0,0,0.250,-3.180,-7.314,0.731,0.682
163.0,-15.599,8.396,-5.007,-0.007,0.998,2,14,0,0.250,0,1,1.648,-15.798,11.378,-3.884,1.116,0.995,2,14,0,0.232,0,1,1.386,-15.749,5.780,-5.038,-0.038,0.958,2,14,0,0.214,0,1,1.449,-13.100,8.399,-4.808,0.192,1.073,2,14,0,0.202,0,1,1.525,-18.619,8.217,-4.207,0.793,1.089,2,14,0,0.229,0,1,1.626,2.507,20.307,0,0,0.250,-2.484,-6.597,0.660,0.752
164.0,-15.599,8.396,-5.007,-0.007,0.998,2,14,0,0.250,0,1,1.648,-15.798,11.378,-3.884,1.116,0.995,2,14,0,0.232,0,1,1.386,-15.749,5.780,-5.038,-0.038,0.958,2,14,0,0.214,0,1,1.449,-13.100,8.399,-4.808,0.192,1.073,2,14,0,0.202,0,1,1.525,-18.619,8.217,-4.207,0.793,1.089,2,14,0,0.229,0,1,1.626,2.507,20.144,0,0,0.250,-1.863,-5.813,0.581,0.814
165.0,-15.599,8.396,-5.007,-0.007,0.998,2,14,0,0.250,0,1,1.648,-15.798,11.378,-3.884,1.116,0.995,2,14,0,0.232,0,1,1.386,-15.749,5.780,-5.038,-0.038,0.958,2,14,0,0.214,0,1,1.449,-13.100,8.399,-4.808,0.192,1.073,2,14,0,0.202,0,1,1.525,-18.619,8.217,-4.207,0.793,1.089,2,14,0,0.229,0,1,1.626,2.507,19.930,0,0,0.250,-1.324,-4.972,0.497,0.868
166.0,-15.599,8.396,-5.007,-0.007,0.998,2,14,0,0.250,0,1,1.648,-15.798,11.378,-3.884,1.116,0.995,2,14,0,0.232,0,1,1.386,-15.749,5.780,-5.038,-0.038,0.958,2,14,0,0.214,0,1,1.449,-13.100,8.399,-4.808,0.192,1.073,2,14,0,0.202,0,1,1.525,-18.619,8.217,-4.207,0.793,1.089,2,14,0,0.229,0,1,1.626,2.507,19.690,0,0,0.250,-0.871,-4.081,0.408,0.913
167.0,-15.599,8.396,-5.007,-0.007,0.998,2,14,0,0.250,0,1,1.648,-15.798,11.378,-3.884,1.116,0.995,2,14,0,0.232,0,1,1.386,-15.749,5.780,-5.038,-0.038,0.958,2,14,0,0.214,0,1,1.449,-13.100,8.399,-4.808,0.192,1.073,2,14,0,0.202,0,1,1.525,-18.619,8.217,-4.207,0.793,1.089,2,14,0,0.229,0,1,1.626,2.507,19.402,0,0,0.250,-0.509,-3.149,0.315,0.949
168.0,-15.599,8.396,-5.007,-0.007,0.998,2,14,0,0.250,0,1,1.648,-15.798,11.378,-3.884,1.116,0.995,2,14,0,0.232,0,1,1.386,-15.749,5.780,-5.038,-0.038,0.958,2,14,0,0.214,0,1,1.449,-13.100,8.399,-4.808,0.192,1.073,2,14,0,0.202,0,1,1.525,-18.619,8.217,-4.207,0.793,1.089,2,14,0,0.229,0,1,1.626,2.507,19.066,0,0,0.250,-0.242,-2.186,0.219,0.976
169.0,-15.599,8.396,-5.007,-0.007,0.998,2,14,0,0.250,0,1,1.648,-15.798,11.378,-3.884,1.116,0.995,2,14,0,0.232,0,1,1.386,-15.749,5.780,-5.038,-0.038,0.958,2,14,0,0.214,0,1,1.449,-13.100,8.399,-4.808,0.192,1.073,2,14,0,0.202,0,1,1.525,-18.619,8.217,-4.207,0.793,1.089,2,14,0,0.229,0,1,1.626,2.507,18.683,0,0,0.250,-0.072,-1.201,0.120,0.993
170.0,-15.599,8.396,-5.007,-0.007,0.998,2,14,0,0.250,0,1,1.648,-15.798,11.378,-3.884,1.116,0.995,2,14,0,0.232,0,1,1.386,-15.749,5.780,-5.038,-0.038,0.958,2,14,0,0.214,0,1,1.449,-13.100,8.399,-4.808,0.192,1.073,2,14,0,0.202,0,1,1.525,-18.619,8.217,-4.207,0.793,1.089,2,14,0,0.229,0,1,1.626,2.507,18.252,0,0,0.250,-0.002,-0.204,0.020,1.000
171.0,-15.599,8.396,-5.007,-0.007,0.998,2,14,0,0.250,0,1,1.648,-15.798,11.378,-3.884,1.116,0.995,2,14,0,0.232,0,1,1.386,-15.749,5.780,-5.038,-0.038,0.958,2,14,0,0.214,0,1,1.449,-13.100,8.399,-4.808,0.192,1.073,2,14,0,0.202,0,1,1.525,-18.619,8.217,-4.207,0.793,1.089,2,14,0,0.229,0,1,1.626,2.507,17.777,0,0,0.250,-0.032,0.795,-0.080,0.997
172.0,-15.599,8.396,-5.007,-0.007,0.998,2,14,0,0.250,0,1,1.648,-15.798,11.378,-3.884,1.116,0.995,2,14,0,0.232,0,1,1.386,-15.749,5.780,-5.038,-0.038,0.958,2,14,0,0.214,0,1,1.449,-13.100,8.399,-4.808,0.192,1.073,2,14,0,0.202,0,1,1.525,-18.619,8.217,-4.207,0.793,1.089,2,14,0,0.229,0,1,1.626,2.507,17.256,0,0,0.250,-0.161,1.787,-0.179,0.984
173.0,-15.599,8.396,-5.007,-0.007,0.998,2,14,0,0.250,0,1,1.648,-15.798,11.378,-3.884,1.116,0.995,2,14,0,0.232,0,1,1.386,-15.749,5.780,-5.038,-0.038,0.958,2,14,0,0.214,0,1,1.449,-13.100,8.399,-4.808,0.192,1.073,2,14,0,0.202,0,1,1.525,-18.619,8.217,-4.207,0.793,1.089,2,14,0,0.229,0,1,1.626,2.507,16.693,0,0,0.250,-0.388,2.760,-0.276,0.961
174.0,-15.599,8.396,-5.007,-0.007,0.998,2,14,0,0.250,0,1,1.648,-15.798,11.378,-3.884,1.116,0.995,2,14,0,0.232,0,1,1.386,-15.749,5.780,-5.038,-0.038,0.958,2,14,0,0.214,0,1,1.449,-13.100,8.399,-4.808,0.192,1.073,2,14,0,0.202,0,1,1.525,-18.619,8.217,-4.207,0.793,1.089,2,14,0,0.229,0,1,1.626,2.507,16.088,0,0,0.250,-0.712,3.706,-0.371,0.929
175.0,-15.599,8.396,-5.007,-0.007,0.998,2,14,0,0.250,0,1,1.648,-15.798,11.378,-3.884,1.116,0.995,2,14,0,0.232,0,1,1.386,-15.749,5.780,-5.038,-0.038,0.958,2,14,0,0.214,0,1,1.449,-13.100,8.399,-4.808,0.192,1.073,2,14,0,0.202,0,1,1.525,-18.619,8.217,-4.207,0.793,1.089,2,14,0,0.229,0,1,1.626,2.507,15.443,0,0,0.250,-1.128,4.615,-0.461,0.887
176.0,-15.599,8.396,-5.007,-0.007,0.998,2,14,0,0.250,0,1,1.648,-15.798,11.378,-3.884,1.116,0.995,2,14,0,0.232,0,1,1.386,-15.749,5.780,-5.038,-0.038,0.958,2,14,0,0.214,0,1,1.449,-13.100,8.399,-4.808,0.192,1.073,2,14,0,0.202,0,1,1.525,-18.619,8.217,-4.207,0.793,1.089,2,14,0,0.229,0,1,1.626,2.507,14.759,0,0,0.250,-1.633,5.477,-0.548,0.837
177.0,-15.599,8.396,-5.007,-0.007,0.998,2,14,0,0.250,0,1,1.648,-15.798,11.378,-3.884,1.116,0.995,2,14,0,0.232,0,1,1.386,-15.749,5.780,-5.038,-0.038,0.958,2,14,0,0.214,0,1,1.449,-13.100,8.399,-4.808,0.192,1.073,2,14,0,0.202,0,1,1.525,-18.619,8.217,-4.207,0.793,1.089,2,14,0,0.229,0,1,1.626,2.507,14.038,0,0,0.250,-2.222,6.285,-0.629,0.778
178.0,-15.599,8.396,-5.007,-0.007,0.998,2,14,0,0.250,0,1,1.648,-15.798,11.378,-3.884,1.116,0.995,2,14,0,0.232,0,1,1.386,-15.749,5.780,-5.038,-0.038,0.958,2,14,0,0.214,0,1,1.449,-13.100,8.399,-4.808,0.192,1.073,2,14,0,0.202,0,1,1.525,-18.619,8.217,-4.207,0.793,1.089,2,14,0,0.229,0,1,1.626,2.507,13.283,0,0,0.250,-2.888,7.030,-0.703,0.711
179.0,-15.599,8.396,-5.007,-0.007,0.998,2,14,0,0.250,0,1,1.648,-15.798,11.378,-3.884,1.116,0.995,2,14,0,0.232,0,1,1.386,-15.749,5.780,-5.038,-0.038,0.958,2,14,0,0.214,0,1,1.449,-13.100,8.399,-4.808,0.192,1.073,2,14,0,0.202,0,1,1.525,-18.619,8.217,-4.207,0.793,1.089,2,14,0,0.229,0,1,1.626,2.507,12.494,0,0,0.250,-3.626,7.705,-0.771,0.637
180.0,-15.599,8.396,-5.007,-0.007,0.998,2,14,0,0.250,0,1,1.648,-15.798,11.378,-3.884,1.116,0.995,2,14,0,0.232,0,1,1.386,-15.749,5.780,-5.038,-0.038,0.958,2,14,0,0.214,0,1,1.449,-13.100,8.399,-4.808,0.192,1.073,2,14,0,0.202,0,1,1.525,-18.619,8.217,-4.207,0.793,1.089,2,14,0,0.229,0,1,1.626,2.507,11.674,0,0,0.250,-4.427,8.303,-0.830,0.557
181.0,-15.599,8.396,-5.007,-0.007,0.998,2,14,0,0.250,0,1,1.648,-15.798,11.378,-3.884,1.116,0.995,2,14,0,0.232,0,1,1.386,-15.749,5.780,-5.038,-0.038,0.958,2,14,0,0.214,0,1,1.449,-13.100,8.399,-4.808,0.192,1.073,2,14,0,0.202,0,1,1.525,-18.619,8.217,-4.207,0.793,1.089,2,14,0,0.229,0,1,1.626,2.507,10.825,0,0,0.250,-5.283,8.818,-0.882,0.472
182.0,-15.599,8.396,-5.007,-0.007,0.998,2,14,0,0.250,0,1,1.648,-15.798,11.378,-3.884,1.116,0.995,2,14,0,0.232,0,1,1.386,-15.749,5.780,-5.038,-0.038,0.958,2,14,0,0.214,0,1,1.449,-13.100,8.399,-4.808,0.192,1.073,2,14,0,0.202,0,1,1.525,-18.619,8.217,-4.207,0.793,1.089,2,14,0,0.229,0,1,1.626,2.507,9.949,0,0,0.250,-6.187,9.245,-0.924,0.381
183.0,-15.599,8.396,-5.007,-0.007,0.998,2,14,0,0.250,0,1,1.648,-15.798,11.378,-3.884,1.116,0.995,2,14,0,0.232,0,1,1.386,-15.749,5.780,-5.038,-0.038,0.958,2,14,0,0.214,0,1,1.449,-13.100,8.399,-4.808,0.192,1.073,2,14,0,0.202,0,1,1.525,-18.619,8.217,-4.207,0.793,1.089,2,14,0,0.229,0,1,1.626,2.507,9.048,0,0,0.250,-7.129,9.579,-0.958,0.287
184.0,-15.599,8.396,-5.007,-0.007,0.998,2,14,0,0.250,0,1,1.648,-15.798,11.378,-3.884,1.116,0.995,2,14,0,0.232,0,1,1.386,-15.749,5.780,-5.038,-0.038,0.958,2,14,0,0.214,0,1,1.449,-13.100,8.399,-4.808,0.192,1.073,2,14,0,0.202,0,1,1.525,-18.619,8.217,-4.207,0.793,1.089,2,14,0,0.229,0,1,1.626,2.507,8.125,0,0,0.250,-8.100,9.818,-0.982,0.190
185.0,-15.599,8.396,-5.007,-0.007,0.998,2,14,0,0.250,0,1,1.648,-15.798,11.378,-3.884,1.116,0.995,2,14,0,0.232,0,1,1.386,-15.749,5.780,-5.038,-0.038,0.958,2,14,0,0.214,0,1,1.449,-13.100,8.399,-4.808,0.192,1.073,2,14,0,0.202,0,1,1.525,-18.619,8.217,-4.207,0.793,1.089,2,14,0,0.229,0,1,1.626,2.507,7.182,0,0,0.250,-9.090,9.958,-0.996,0.091
186.0,-15.599,8.396,-5.007,-0.007,0.998,2,14,0,0.250,0,1,1.648,-15.798,11.378,-3.884,1.116,0.995,2,14,0,0.232,0,1,1.386,-15.749,5.780,-5.038,-0.038,0.958,2,14,0,0.214,0,1,1.449,-13.100,8.399,-4.808,0.192,1.073,2,14,0,0.202,0,1,1.525,-18.619,8.217,-4.207,0.793,1.089,2,14,0,0.229,0,1,1.626,2.507,6.221,0,0,0.250,-10.088,10.000,-1.000,-0.009
187.0,-15.599,8.396,-5.007,-0.007,0.998,2,14,0,0.250,0,1,1.648,-15.798,11.378,-3.884,1.116,0.995,2,14,0,0.232,0,1,1.386,-15.749,5.780,-5.038,-0.038,0.958,2,14,0,0.214,0,1,1.449,-13.100,8.399,-4.808,0.192,1.073,2,14,0,0.202,0,1,1.525,-18.619,8.217,-4.207,0.793,1.089,2,14,0,0.229,0,1,1.626,2.507,5.246,0,0,0.250,-11.086,9.941,-0.994,-0.109
188.0,-15.599,8.396,-5.007,-0.007,0.998,2,14,0,0.250,0,1,1.648,-15.798,11.378,-3.884,1.116,0.995,2,14,0,0.232,0,1,1.386,-15.749,5.780,-5.038,-0.038,0.958,2,14,0,0.214,0,1,1.449,-13.100,8.399,-4.808,0.192,1.073,2,14,0,0.202,0,1,1.525,-18.619,8.217,-4.207,0.793,1.089,2,14,0,0.229,0,1,1.626,2.507,4.258,0,0,0.250,-12.073,9.783,-0.978,-0.207
189.0,-15.599,8.396,-5.007,-0.007,0.998,2,14,0,0.250,0,1,1.648,-15.798,11.378,-3.884,1.116,0.995,2,14,0,0.232,0,1,1.386,-15.749,5.780,-5.038,-0.038,0.958,2,14,0,0.214,0,1,1.449,-13.100,8.399,-4.808,0.192,1.073,2,14,0,0.202,0,1,1.525,-18.619,8.217,-4.207,0.793,1.089,2,14,0,0.229,0,1,1.626,2.507,3.262,0,0,0.250,-13.039,9.527,-0.953,-0.304
190.0,-15.599,8.396,-5.007,-0.007,0.998,2,14,0,0.250,0,1,1.648,-15.798,11.378,-3.884,1.116,0.995,2,14,0,0.232,0,1,1.386,-15.749,5.780,-5.038,-0.038,0.958,2,14,0,0.214,0,1,1.449,-13.100,8.399,-4.808,0.192,1.073,2,14,0,0.202,0,1,1.525,-18.619,8.217,-4.207,0.793,1.089,2,14,0,0.229,0,1,1.626,2.507,2.263,0,0,0.250,-13.975,9.176,-0.918,-0.398
191.0,-15.599,8.396,-5.007,-0.007,0.998,2,14,0,0.250,0,1,1.648,-15.798,11.378,-3.884,1.116,0.995,2,14,0,0.232,0,1,1.386,-15.749,5.780,-5.038,-0.038,0.958,2,14,0,0.214,0,1,1.449,-13.100,8.399,-4.808,0.192,1.073,2,14,0,0.202,0,1,1.525,-18.619,8.217,-4.207,0.793,1.089,2,14,0,0.229,0,1,1.626,2.507,1.273,0,0,0.250,-14.872,8.733,-0.873,-0.487
192.0,-15.599,8.396,-5.007,-0.007,0.998,2,14,0,0.250,0,1,1.648,-15.798,11.378,-3.884,1.116,0.995,2,14,0,0.232,0,1,1.386,-15.749,5.780,-5.038,-0.038,0.958,2,14,0,0.214,0,1,1.449,-13.100,8.399,-4.808,0.192,1.073,2,14,0,0.202,0,1,1.525,-18.619,8.217,-4.207,0.793,1.089,2,14,0,0.229,0,1,1.626,2.507,0.577,0,0,0.250,-15.719,8.203,-0.820,-0.572
193.0,-15.599,8.396,-5.007,-0.007,0.998,2,14,0,0.250,0,1,1.648,-15.798,11.378,-3.884,1.116,0.995,2,14,0,0.232,0,1,1.386,-15.749,5.780,-5.038,-0.038,0.958,2,14,0,0.214,0,1,1.449,-13.100,8.399,-4.808,0.192,1.073,2,14,0,0.202,0,1,1.525,-18.619,8.217,-4.207,0.793,1.089,2,14,0,0.229,0,1,1.626,2.507,1.411,0,0,0.250,-16.509,7.591,-0.759,-0.651
194.0,-15.599,8.396,-5.007,-0.007,0.998,2,14,0,0.250,0,1,1.648,-15.798,11.378,-3.884,1.116,0.995,2,14,0,0.232,0,1,1.386,-15.749,5.780,-5.038,-0.038,0.958,2,14,0,0.214,0,1,1.449,-13.100,8.399,-4.808,0.192,1.073,2,14,0,0.202,0,1,1.525,-18.619,8.217,-4.207,0.793,1.089,2,14,0,0.229,0,1,1.626,2.507,2.393,0,0,0.250,-17.235,6.903,-0.690,-0.723
195.0,-15.599,8.396,-5.007,-0.007,0.998,2,14,0,0.250,0,1,1.648,-15.798,11.378,-3.884,1.116,0.995,2,14,0,0.232,0,1,1.386,-15.749,5.780,-5.038,-0.038,0.958,2,14,0,0.214,0,1,1.449,-13.100,8.399,-4.808,0.192,1.073,2,14,0,0.202,0,1,1.525,-18.619,8.217,-4.207,0.793,1.089,2,14,0,0.229,0,1,1.626,2.507,3.392,0,0,0.250,-17.888,6.147,-0.615,-0.789
196.0,-15.599,8.396,-5.007,-0.007,0.998,2,14,0,0.250,0,1,1.648,-15.798,11.378,-3.884,1.116,0.995,2,14,0,0.232,0,1,1.386,-15.749,5.780,-5.038,-0.038,0.958,2,14,0,0.214,0,1,1.449,-13.100,8.399,-4.808,0.192,1.073,2,14,0,0.202,0,1,1.525,-18.619,8.217,-4.207,0.793,1.089,2,14,0,0.229,0,1,1.626,2.507,4.390,0,0,0.250,-18.462,5.328,-0.533,-0.846
197.0,-15.599,8.396,-5.007,-0.007,0.998,2,14,0,0.250,0,1,1.648,-15.798,11.378,-3.884,1.116,0.995,2,14,0,0.232,0,1,1.386,-15.749,5.780,-5.038,-0.038,0.958,2,14,0,0.214,0,1,1.449,-13.100,8.399,-4.808,0.192,1.073,2,14,0,0.202,0,1,1.525,-18.619,8.217,-4.207,0.793,1.089,2,14,0,0.229,0,1,1.626,2.507,5.380,0,0,0.250,-18.952,4.457,-0.446,-0.895
198.0,-15.599,8.396,-5.007,-0.007,0.998,2,14,0,0.250,0,1,1.648,-15.798,11.378,-3.884,1.116,0.995,2,14,0,0.232,0,1,1.386,-15.749,5.780,-5.038,-0.038,0.958,2,14,0,0.214,0,1,1.449,-13.100,8.399,-4.808,0.192,1.073,2,14,0,0.202,0,1,1.525,-18.619,8.217,-4.207,0.793,1.089,2,14,0,0.229,0,1,1.626,2.507,6.358,0,0,0.250,-19.352,3.541,-0.354,-0.935
199.0,-15.599,8.396,-5.007,-0.007,0.998,2,14,0,0.250,0,1,1.648,-15.798,11.378,-3.884,1.116,0.995,2,14,0,0.232,0,1,1.386,-15.749,5.780,-5.038,-0.038,0.958,2,14,0,0.214,0,1,1.449,-13.100,8.399,-4.808,0.192,1.073,2,14,0,0.202,0,1,1.525,-18.619,8.217,-4.207,0.793,1.089,2,14,0,0.229,0,1,1.626,2.507,7.321,0,0,0.250,-19.659,2.590,-0.259,-0.966
200.0,-15.599,8.396,-5.007,-0.007,0.998,2,14,0,0.250,0,1,1.648,-15.798,11.378,-3.884,1.116,0.995,2,14,0,0.232,0,1,1.386,-15.749,5.780,-5.038,-0.038,0.958,2,14,0,0.214,0,1,1.449,-13.100,8.399,-4.808,0.192,1.073,2,14,0,0.202,0,1,1.525,-18.619,8.217,-4.207,0.793,1.089,2,14,0,0.229,0,1,1.626,2.507,8.267,0,0,0.250,-19.869,1.613,-0.161,-0.987
201.0,-15.599,8.396,-5.007,-0.007,0.998,2,14,0,0.250,0,1,1.648,-15.798,11.378,-3.884,1.116,0.995,2,14,0,0.232,0,1,1.386,-15.749,5.780,-5.038,-0.038,0.958,2,14,0,0.214,0,1,1.449,-13.100,8.399,-4.808,0.192,1.073,2,14,0,0.202,0,1,1.525,-18.619,8.217,-4.207,0.793,1.089,2,14,0,0.229,0,1,1.626,2.507,9.192,0,0,0.250,-19.981,0.619,-0.062,-0.998
202.0,-15.599,8.396,-5.007,-0.007,0.998,2,14,0,0.250,0,1,1.648,-15.798,11.378,-3.884,1.116,0.995,2,14,0,0.232,0,1,1.386,-15.749,5.780,-5.038,-0.038,0.958,2,14,0,0.214,0,1,1.449,-13.100,8.399,-4.808,0.192,1.073,2,14,0,0.202,0,1,1.525,-18.619,8.217,-4.207,0.793,1.089,2,14,0,0.229,0,1,1.626,2.507,10.095,0,0,0.250,-19.993,-0.380,0.038,-0.999
203.0,-15.599,8.396,-5.007,-0.007,0.998,2,14,0,0.250,0,1,1.648,-15.798,11.378,-3.884,1.116,0.995,2,14,0,0.232,0,1,1.386,-15.749,5.780,-5.038,-0.038,0.958,2,14,0,0.214,0,1,1.449,-13.100,8.399,-4.808,0.192,1.073,2,14,0,0.202,0,1,1.525,-18.619,8.217,-4.207,0.793,1.089,2,14,0,0.229,0,1,1.626,2.507,10.973,0,0,0.250,-19.905,-1.376,0.138,-0.990
204.0,-15.599,8.396,-5.007,-0.007,0.998,2,14,0,0.250,0,1,1.648,-15.798,11.378,-3.884,1.116,0.995,2,14,0,0.232,0,1,1.386,-15.749,5.780,-5.038,-0.038,0.958,2,14,0,0.214,0,1,1.449,-13.100,8.399,-4.808,0.192,1.073,2,14,0,0.202,0,1,1.525,-18.619,8.217,-4.207,0.793,1.089,2,14,0,0.229,0,1,1.626,2.507,11.824,0,0,0.250,-19.718,-2.358,0.236,-0.972
205.0,-15.599,8.396,-5.007,-0.007,0.998,2,14,0,0.250,0,1,1.648,-15.798,11.378,-3.884,1.116,0.995,2,14,0,0.232,0,1,1.386,-15.749,5.780,-5.038,-0.038,0.958,2,14,0,0.214,0,1,1.449,-13.100,8.399,-4.808,0.192,1.073,2,14,0,0.202,0,1,1.525,-18.619,8.217,-4.207,0.793,1.089,2,14,0,0.229,0,1,1.626,2.507,12.645,0,0,0.250,-19.434,-3.316,0.332,-0.943
206.0,-15.599,8.396,-5.007,-0.007,0.998,2,14,0,0.250,0,1,1.648,-15.798,11.378,-3.884,1.116,0.995,2,14,0,0.232,0,1,1.386,-15.749,5.780,-5.038,-0.038,0.958,2,14,0,0.214,0,1,1.449,-13.100,8.399,-4.808,0.192,1.073,2,14,0,0.202,0,1,1.525,-18.619,8.217,-4.207,0.793,1.089,2,14,0,0.229,0,1,1.626,2.507,13.435,0,0,0.250,-19.056,-4.242,0.424,-0.906
207.0,-15.599,8.396,-5.007,-0.007,0.998,2,14,0,0.250,0,1,1.648,-15.798,11.378,-3.884,1.116,0.995,2,14,0,0.232,0,1,1.386,-15.749,5.780,-5.038,-0.038,0.958,2,14,0,0.214,0,1,1.449,-13.100,8.399,-4.808,0.192,1.073,2,14,0,0.202,0,1,1.525,-18.619,8.217,-4.207,0.793,1.089,2,14,0,0.229,0,1,1.626,2.507,14.191,0,0,0.250,-18.587,-5.125,0.512,-0.859
208.0,-15.599,8.396,-5.007,-0.007,0.998,2,14,0,0.250,0,1,1.648,-15.798,11.378,-3.884,1.116,0.995,2,14,0,0.232,0,1,1.386,-15.749,5.780,-5.038,-0.038,0.958,2,14,0,0.214,0,1,1.449,-13.100,8.399,-4.808,0.192,1.073,2,14,0,0.202,0,1,1.525,-18.619,8.217,-4.207,0.793,1.089,2,14,0,0.229,0,1,1.626,2.507,14.912,0,0,0.250,-18.033,-5.956,0.596,-0.803
209.0,-15.599,8.396,-5.007,-0.007,0.998,2,14,0,0.250,0,1,1.648,-15.798,11.378,-3.884,1.116,0.995,2,14,0,0.232,0,1,1.386,-15.749,5.780,-5.038,-0.038,0.958,2,14,0,0.214,0,1,1.449,-13.100,8.399,-4.808,0.192,1.073,2,14,0,0.202,0,1,1.525,-18.619,8.217,-4.207,0.793,1.089,2,14,0,0.229,0,1,1.626,2.507,15.595,0,0,0.250,-17.398,-6.728,0.673,-0.740
210.0,-15.599,8.396,-5.007,-0.007,0.998,2,14,0,0.250,0,1,1.648,-15.798,11.378,-3.884,1.116,0.995,2,14,0,0.232,0,1,1.386,-15.749,5.780,-5.038,-0.038,0.958,2,14,0,0.214,0,1,1.449,-13.100,8.399,-4.808,0.192,1.073,2,14,0,0.202,0,1,1.525,-18.619,8.217,-4.207,0.793,1.089,2,14,0,0.229,0,1,1.626,2.507,16.240,0,0,0.250,-16.689,-7.433,0.743,-0.669
211.0,-15.599,8.396,-5.007,-0.007,0.998,2,14,0,0.250,0,1,1.648,-15.798,11.378,-3.884,1.116,0.995,2,14,0,0.232,0,1,1.386,-15.749,5.780,-5.038,-0.038,0.958,2,14,0,0.214,0,1,1.449,-13.100,8.399,-4.808,0.192,1.073,2,14,0,0.202,0,1,1.525,-18.619,8.217,-4.207,0.793,1.089,2,14,0,0.229,0,1,1.626,2.507,16.844,0,0,0.250,-15.914,-8.064,0.806,-0.591
212.0,-15.599,8.396,-5.007,-0.007,0.998,2,14,0,0.250,0,1,1.648,-15.798,11.378,-3.884,1.116,0.995,2,14,0,0.232,0,1,1.386,-15.749,5.780,-5.038,-0.038,0.958,2,14,0,0.214,0,1,1.449,-13.100,8.399,-4.808,0.192,1.073,2,14,0,0.202,0,1,1.525,-18.619,8.217,-4.207,0.793,1.089,2,14,0,0.229,0,1,1.626,2.507,17.407,0,0,0.250,-15.079,-8.614,0.861,-0.508
213.0,-15.599,8.396,-5.007,-0.007,0.998,2,14,0,0.250,0,1,1.648,-15.798,11.378,-3.884,1.116,0.995,2,14,0,0.232,0,1,1.386,-15.749,5.780,-5.038,-0.038,0.958,2,14,0,0.214,0,1,1.449,-13.100,8.399,-4.808,0.192,1.073,2,14,0,0.202,0,1,1.525,-18.619,8.217,-4.207,0.793,1.089,2,14,0,0.229,0,1,1.626,2.507,17.925,0,0,0.250,-14.194,-9.078,0.908,-0.419
214.0,-15.599,8.396,-5.007,-0.007,0.998,2,14,0,0.250,0,1,1.648,-15.798,11.378,-3.884,1.116,0.995,2,14,0,0.232,0,1,1.386,-15.749,5.780,-5.038,-0.038,0.958,2,14,0,0.214,0,1,1.449,-13.100,8.399,-4.808,0.192,1.073,2,14,0,0.202,0,1,1.525,-18.619,8.217,-4.207,0.793,1.089,2,14,0,0.229,0,1,1.626,2.507,18.399,0,0,0.250,-13.267,-9.451,0.945,-0.327
215.0,-15.599,8.396,-5.007,-0.007,0.998,2,14,0,0.250,0,1,1.648,-15.798,11.378,-3.884,1.116,0.995,2,14,0,0.232,0,1,1.386,-15.749,5.780,-5.038,-0.038,0.958,2,14,0,0.214,0,1,1.449,-13.100,8.399,-4.808,0.192,1.073,2,14,0,0.202,0,1,1.525,-18.619,8.217,-4.207,0.793,1.089,2,14,0,0.229,0,1,1.626,2.507,18.827,0,0,0.250,-12.307,-9.730,0.973,-0.231
216.0,-15.599,8.396,-5.007,-0.007,0.998,2,14,0,0.250,0,1,1.648,-15.798,11.378,-3.884,1.116,0.995,2,14,0,0.232,0,1,1.386,-15.749,5.780,-5.038,-0.038,0.958,2,14,0,0.214,0,1,1.449,-13.100,8.399,-4.808,0.192,1.073,2,14,0,0.202,0,1,1.525,-18.619,8.217,-4.207,0.793,1.089,2,14,0,0.229,0,1,1.626,2.507,19.208,0,0,0.250,-11.324,-9.912,0.991,-0.132
217.0,-15.599,8.396,-5.007,-0.007,0.998,2,14,0,0.250,0,1,1.648,-15.798,11.378,-3.884,1.116,0.995,2,14,0,0.232,0,1,1.386,-15.749,5.780,-5.038,-0.038,0.958,2,14,0,0.214,0,1,1.449,-13.100,8.399,-4.808,0.192,1.073,2,14,0,0.202,0,1,1.525,-18.619,8.217,-4.207,0.793,1.089,2,14,0,0.229,0,1,1.626,2.507,19.541,0,0,0.250,-10.328,-9.995,0.999,-0.033
218.0,-15.599,8.396,-5.007,-0.007,0.998,2,14,0,0.250,0,1,1.648,-15.798,11.378,-3.884,1.116,0.995,2,14,0,0.232,0,1,1.386,-15.749,5.780,-5.038,-0.038,0.958,2,14,0,0.214,0,1,1.449,-13.100,8.399,-4.808,0.192,1.073,2,14,0,0.202,0,1,1.525,-18.619,8.217,-4.207,0.793,1.089,2,14,0,0.229,0,1,1.626,2.507,19.826,0,0,0.250,-9.328,-9.977,0.998,0.067
219.0,-15.599,8.396,-5.007,-0.007,0.998,2,14,0,0.250,0,1,1.648,-15.798,11.378,-3.884,1.116,0.995,2,14,0,0.232,0,1,1.386,-15.749,5.780,-5.038,-0.038,0.958,2,14,0,0.214,0,1,1.449,-13.100,8.399,-4.808,0.192,1.073,2,14,0,0.202,0,1,1.525,-18.619,8.217,-4.207,0.793,1.089,2,14,0,0.229,0,1,1.626,2.507,20.060,0,0,0.250,-8.335,-9.860,0.986,0.166
220.0,-15.599,8.396,-5.007,-0.007,0.998,2,14,0,0.250,0,1,1.648,-15.798,11.378,-3.884,1.116,0.995,2,14,0,0.232,0,1,1.386,-15.749,5.780,-5.038,-0.038,0.958,2,14,0,0.214,0,1,1.449,-13.100,8.399,-4.808,0.192,1.073,2,14,0,0.202,0,1,1.525,-18.619,8.217,-4.207,0.793,1.089,2,14,0,0.229,0,1,1.626,2.507,20.245,0,0,0.250,-7.359,-9.645,0.965,0.264
221.0,-15.599,8.396,-5.007,-0.007,0.998,2,14,0,0.250,0,1,1.648,-15.798,11.378,-3.884,1.116,0.995,2,14,0,0.232,0,1,1.386,-15.749,5.780,-5.038,-0.038,0.958,2,14,0,0.214,0,1,1.449,-13.100,8.399,-4.808,0.192,1.073,2,14,0,0.202,0,1,1.525,-18.619,8.217,-4.207,0.793,1.089,2,14,0,0.229,0,1,1.626,2.507,20.379,0,0,0.250,-6.410,-9.333,0.933,0.359
222.0,-15.599,8.396,-5.007,-0.007,0.998,2,14,0,0.250,0,1,1.648,-15.798,11.378,-3.884,1.116,0.995,2,14,0,0.232,0,1,1.386,-15.749,5.780,-5.038,-0.038,0.958,2,14,0,0.214,0,1,1.449,-13.100,8.399,-4.808,0.192,1.073,2,14,0,0.202,0,1,1.525,-18.619,8.217,-4.207,0.793,1.089,2,14,0,0.229,0,1,1.626,2.507,20.462,0,0,0.250,-5.496,-8.928,0.893,0.450
223.0,-15.599,8.396,-5.007,-0.007,0.998,2,14,0,0.250,0,1,1.648,-15.798,11.378,-3.884,1.116,0.995,2,14,0,0.232,0,1,1.386,-15.749,5.780,-5.038,-0.038,0.958,2,14,0,0.214,0,1,1.449,-13.100,8.399,-4.808,0.192,1.073,2,14,0,0.202,0,1,1.525,-18.619,8.217,-4.207,0.793,1.089,2,14,0,0.229,0,1,1.626,2.507,20.494,0,0,0.250,-4.627,-8.434,0.843,0.537
224.0,-15.599,8.396,-5.007,-0.007,0.998,2,14,0,0.250,0,1,1.648,-15.798,11.378,-3.884,1.116,0.995,2,14,0,0.232,0,1,1.386,-15.749,5.780,-5.038,-0.038,0.958,2,14,0,0.214,0,1,1.449,-13.100,8.399,-4.808,0.192,1.073,2,14,0,0.202,0,1,1.525,-18.619,8.217,-4.207,0.793,1.089,2,14,0,0.229,0,1,1.626,2.507,20.475,0,0,0.250,-3.812,-7.855,0.786,0.619
225.0,-15.599,8.396,-5.007,-0.007,0.998,2,14,0,0.250,0,1,1.648,-15.798,11.378,-3.884,1.116,0.995,2,14,0,0.232,0,1,1.386,-15.749,5.780,-5.038,-0.038,0.958,2,14,0,0.214,0,1,1.449,-13.100,8.399,-4.808,0.192,1.073,2,14,0,0.202,0,1,1.525,-18.619,8.217,-4.207,0.793,1.089,2,14,0,0.229,0,1,1.626,2.507,20.404,0,0,0.250,-3.058,-7.198,0.720,0.694
226.0,-15.599,8.396,-5.007,-0.007,0.998,2,14,0,0.250,0,1,1.648,-15.798,11.378,-3.884,1.116,0.995,2,14,0,0.232,0,1,1.386,-15.749,5.780,-5.038,-0.038,0.958,2,14,0,0.214,0,1,1.449,-13.100,8.399,-4.808,0.192,1.073,2,14,0,0.202,0,1,1.525,-18.619,8.217,-4.207,0.793,1.089,2,14,0,0.229,0,1,1.626,2.507,20.283,0,0,0.250,-2.375,-6.469,0.647,0.763
227.0,-15.599,8.396,-5.007,-0.007,0.998,2,14,0,0.250,0,1,1.648,-15.798,11.378,-3.884,1.116,0.995,2,14,0,0.232,0,1,1.386,-15.749,5.780,-5.038,-0.038,0.958,2,14,0,0.214,0,1,1.449,-13.100,8.399,-4.808,0.192,1.073,2,14,0,0.202,0,1,1.525,-18.619,8.217,-4.207,0.793,1.089,2,14,0,0.229,0,1,1.626,2.507,20.111,0,0,0.250,-1.767,-5.676,0.568,0.823
228.0,-15.599,8.396,-5.007,-0.007,0.998,2,14,0,0.250,0,1,1.648,-15.798,11.378,-3.884,1.116,0.995,2,14,0,0.232,0,1,1.386,-15.749,5.780,-5.038,-0.038,0.958,2,14,0,0.214,0,1,1.449,-13.100,8.399,-4.808,0.192,1.073,2,14,0,0.202,0,1,1.525,-18.619,8.217,-4.207,0.793,1.089,2,14,0,0.229,0,1,1.626,2.507,19.891,0,0,0.250,-1.241,-4.825,0.483,0.876
229.0,-15.599,8.396,-5.007,-0.007,0.998,2,14,0,0.250,0,1,1.648,-15.798,11.378,-3.884,1.116,0.995,2,14,0,0.232,0,1,1.386,-15.749,5.780,-5.038,-0.038,0.958,2,14,0,0.214,0,1,1.449,-13.100,8.399,-4.808,0.192,1.073,2,14,0,0.202,0,1,1.525,-18.619,8.217,-4.207,0.793,1.089,2,14,0,0.229,0,1,1.626,2.507,19.645,0,0,0.250,-0.803,-3.927,0.393,0.920
230.0,-15.599,8.396,-5.007,-0.007,0.998,2,14,0,0.250,0,1,1.648,-15.798,11.378,-3.884,1.116,0.995,2,14,0,0.232,0,1,1.386,-15.749,5.780,-5.038,-0.038,0.958,2,14,0,0.214,0,1,1.449,-13.100,8.399,-4.808,0.192,1.073,2,14,0,0.202,0,1,1.525,-18.619,8.217,-4.207,0.793,1.089,2,14,0,0.229,0,1,1.626,2.507,19.349,0,0,0.250,-0.457,-2.989,0.299,0.954
231.0,-15.599,8.396,-5.007,-0.007,0.998,2,14,0,0.250,0,1,1.648,-15.798,11.378,-3.884,1.116,0.995,2,14,0,0.232,0,1,1.386,-15.749,5.780,-5.038,-0.038,0.958,2,14,0,0.214,0,1,1.449,-13.100,8.399,-4.808,0.192,1.073,2,14,0,0.202,0,1,1.525,-18.619,8.217,-4.207,0.793,1.089,2,14,0,0.229,0,1,1.626,2.507,19.005,0,0,0.250,-0.206,-2.022,0.202,0.979
232.0,-15.599,8.396,-5.007,-0.007,0.998,2,14,0,0.250,0,1,1.648,-15.798,11.378,-3.884,1.116,0.995,2,14,0,0.232,0,1,1.386,-15.749,5.780,-5.038,-0.038,0.958,2,14,0,0.214,0,1,1.449,-13.100,8.399,-4.808,0.192,1.073,2,14,0,0.202,0,1,1.525,-18.619,8.217,-4.207,0.793,1.089,2,14,0,0.229,0,1,1.626,2.507,18.614,0,0,0.250,-0.054,-1.034,0.103,0.995
233.0,-15.599,8.396,-5.007,-0.007,0.998,2,14,0,0.250,0,1,1.648,-15.798,11.378,-3.884,1.116,0.995,2,14,0,0.232,0,1,1.386,-15.749,5.780,-5.038,-0.038,0.958,2,14,0,0.214,0,1,1.449,-13.100,8.399,-4.808,0.192,1.073,2,14,0,0.202,0,1,1.525,-18.619,8.217,-4.207,0.793,1.089,2,14,0,0.229,0,1,1.626,2.507,18.176,0,0,0.250,-0.000,-0.036,0.004,1.000
234.0,-15.599,8.396,-5.007,-0.007,0.998,2,14,0,0.250,0,1,1.648,-15.798,11.378,-3.884,1.116,0.995,2,14,0,0.232,0,1,1.386,-15.749,5.780,-5.038,-0.038,0.958,2,14,0,0.214,0,1,1.449,-13.100,8.399,-4.808,0.192,1.073,2,14,0,0.202,0,1,1.525,-18.619,8.217,-4.207,0.793,1.089,2,14,0,0.229,0,1,1.626,2.507,17.692,0,0,0.250,-0.046,0.963,-0.096,0.995
235.0,-15.599,8.396,-5.007,-0.007,0.998,2,14,0,0.250,0,1,1.648,-15.798,11.378,-3.884,1.116,0.995,2,14,0,0.232,0,1,1.386,-15.749,5.780,-5.038,-0.038,0.958,2,14,0,0.214,0,1,1.449,-13.100,8.399,-4.808,0.192,1.073,2,14,0,0.202,0,1,1.525,-18.619,8.217,-4.207,0.793,1.089,2,14,0,0.229,0,1,1.626,2.507,17.165,0,0,0.250,-0.192,1.952,-0.195,0.981
236.0,-15.599,8.396,-5.007,-0.007,0.998,2,14,0,0.250,0,1,1.648,-15.798,11.378,-3.884,1.116,0.995,2,14,0,0.232,0,1,1.386,-15.749,5.780,-5.038,-0.038,0.958,2,14,0,0.214,0,1,1.449,-13.100,8.399,-4.808,0.192,1.073,2,14,0,0.202,0,1,1.525,-18.619,8.217,-4.207,0.793,1.089,2,14,0,0.229,0,1,1.626,2.507,16.594,0,0,0.250,-0.436,2.921,-0.292,0.956
237.0,-15.599,8.396,-5.007,-0.007,0.998,2,14,0,0.250,0,1,1.648,-15.798,11.378,-3.884,1.116,0.995,2,14,0,0.232,0,1,1.386,-15.749,5.780,-5.038,-0.038,0.958,2,14,0,0.214,0,1,1.449,-13.100,8.399,-4.808,0.192,1.073,2,14,0,0.202,0,1,1.525,-18.619,8.217,-4.207,0.793,1.089,2,14,0,0.229,0,1,1.626,2.507,15.982,0,0,0.250,-0.776,3.861,-0.386,0.922
238.0,-15.599,8.396,-5.007,-0.007,0.998,2,14,0,0.250,0,1,1.648,-15.798,11.378,-3.884,1.116,0.995,2,14,0,0.232,0,1,1.386,-15.749,5.780,-5.038,-0.038,0.958,2,14,0,0.214,0,1,1.449,-13.100,8.399,-4.808,0.192,1.073,2,14,0,0.202,0,1,1.525,-18.619,8.217,-4.207,0.793,1.089,2,14,0,0.229,0,1,1.626,2.507,15.330,0,0,0.250,-1.207,4.763,-0.476,0.879
239.0,-15.599,8.396,-5.007,-0.007,0.998,2,14,0,0.250,0,1,1.648,-15.798,11.378,-3.884,1.116,0.995,2,14,0,0.232,0,1,1.386,-15.749,5.780,-5.038,-0.038,0.958,2,14,0,0.214,0,1,1.449,-13.100,8.399,-4.808,0.192,1.073,2,14,0,0.202,0,1,1.525,-18.619,8.217,-4.207,0.793,1.089,2,14,0,0.229,0,1,1.626,2.507,14.640,0,0,0.250,-1.727,5.617,-0.562,0.827
240.0,-15.599,8.396,-5.007,-0.007,0.998,2,14,0,0.250,0,1,1.648,-15.798,11.378,-3.884,1.116,0.995,2,14,0,0.232,0,1,1.386,-15.749,5.780,-5.038,-0.038,0.958,2,14,0,0.214,0,1,1.449,-13.100,8.399,-4.808,0.192,1.073,2,14,0,0.202,0,1,1.525,-18.619,8.217,-4.207,0.793,1.089,2,14,0,0.229,0,1,1.626,2.507,13.914,0,0,0.250,-2.329,6.415,-0.641,0.767
241.0,-15.599,8.396,-5.007,-0.007,0.998,2,14,0,0.250,0,1,1.648,-15.798,11.378,-3.884,1.116,0.995,2,14,0,0.232,0,1,1.386,-15.749,5.780,-5.038,-0.038,0.958,2,14,0,0.214,0,1,1.449,-13.100,8.399,-4.808,0.192,1.073,2,14,0,0.202,0,1,1.525,-18.619,8.217,-4.207,0.793,1.089,2,14,0,0.229,0,1,1.626,2.507,13.152,0,0,0.250,-3.007,7.149,-0.715,0.699
242.0,-15.599,8.396,-5.007,-0.007,0.998,2,14,0,0.250,0,1,1.648,-15.798,11.378,-3.884,1.116,0.995,2,14,0,0.232,0,1,1.386,-15.749,5.780,-5.038,-0.038,0.958,2,14,0,0.214,0,1,1.449,-13.100,8.399,-4.808,0.192,1.073,2,14,0,0.202,0,1,1.525,-18.619,8.217,-4.207,0.793,1.089,2,14,0,0.229,0,1,1.626,2.507,12.358,0,0,0.250,-3.756,7.811,-0.781,0.624
243.0,-15.599,8.396,-5.007,-0.007,0.998,2,14,0,0.250,0,1,1.648,-15.798,11.378,-3.884,1.116,0.995,2,14,0,0.232,0,1,1.386,-15.749,5.780,-5.038,-0.038,0.958,2,14,0,0.214,0,1,1.449,-13.100,8.399,-4.808,0.192,1.073,2,14,0,0.202,0,1,1.525,-18.619,8.217,-4.207,0.793,1.089,2,14,0,0.229,0,1,1.626,2.507,11.533,0,0,0.250,-4.567,8.395,-0.840,0.543
244.0,-15.599,8.396,-5.007,-0.007,0.998,2,14,0,0.250,0,1,1.648,-15.798,11.378,-3.884,1.116,0.995,2,14,0,0.232,0,1,1.386,-15.749,5.780,-5.038,-0.038,0.958,2,14,0,0.214,0,1,1.449,-13.100,8.399,-4.808,0.192,1.073,2,14,0,0.202,0,1,1.525,-18.619,8.217,-4.207,0.793,1.089,2,14,0,0.229,0,1,1.626,2.507,10.679,0,0,0.250,-5.432,8.896,-0.890,0.457
245.0,-15.599,8.396,-5.007,-0.007,0.998,2,14,0,0.250,0,1,1.648,-15.798,11.378,-3.884,1.116,0.995,2,14,0,0.232,0,1,1.386,-15.749,5.780,-5.038,-0.038,0.958,2,14,0,0.214,0,1,1.449,-13.100,8.399,-4.808,0.192,1.073,2,14,0,0.202,0,1,1.525,-18.619,8.217,-4.207,0.793,1.089,2,14,0,0.229,0,1,1.626,2.507,9.799,0,0,0.250,-6.343,9.307,-0.931,0.366
246.0,-15.599,8.396,-5.007,-0.007,0.998,2,14,0,0.250,0,1,1.648,-15.798,11.378,-3.884,1.116,0.995,2,14,0,0.232,0,1,1.386,-15.749,5.780,-5.038,-0.038,0.958,2,14,0,0.214,0,1,1.449,-13.100,8.399,-4.808,0.192,1.073,2,14,0,0.202,0,1,1.525,-18.619,8.217,-4.207,0.793,1.089,2,14,0,0.229,0,1,1.626,2.507,8.895,0,0,0.250,-7.291,9.626,-0.963,0.271
247.0,-15.599,8.396,-5.007,-0.007,0.998,2,14,0,0.250,0,1,1.648,-15.798,11.378,-3.884,1.116,0.995,2,14,0,0.232,0,1,1.386,-15.749,5.780,-5.038,-0.038,0.958,2,14,0,0.214,0,1,1.449,-13.100,8.399,-4.808,0.192,1.073,2,14,0,0.202,0,1,1.525,-18.619,8.217,-4.207,0.793,1.089,2,14,0,0.229,0,1,1.626,2.507,7.968,0,0,0.250,-8.265,9.848,-0.985,0.173
248.0,-15.599,8.396,-5.007,-0.007,0.998,2,14,0,0.250,0,1,1.648,-15.798,11.378,-3.884,1.116,0.995,2,14,0,0.232,0,1,1.386,-15.749,5.780,-5.038,-0.038,0.958,2,14,0,0.214,0,1,1.449,-13.100,8.399,-4.808,0.192,1.073,2,14,0,0.202,0,1,1.525,-18.619,8.217,-4.207,0.793,1.089,2,14,0,0.229,0,1,1.626,2.507,7.022,0,0,0.250,-9.257,9.972,-0.997,0.074
249.0,-15.599,8.396,-5.007,-0.007,0.998,2,14,0,0.250,0,1,1.648,-15.798,11.378,-3.884,1.116,0.995,2,14,0,0.232,0,1,1.386,-15.749,5.780,-5.038,-0.038,0.958,2,14,0,0.214,0,1,1.449,-13.100,8.399,-4.808,0.192,1.073,2,14,0,0.202,0,1,1.525,-18.619,8.217,-4.207,0.793,1.089,2,14,0,0.229,0,1,1.626,2.507,6.058,0,0,0.250,-10.256,9.997,-1.000,-0.026
250.0,-15.599,8.396,-5.007,-0.007,0.998,2,14,0,0.250,0,1,1.648,-15.798,11.378,-3.884,1.116,0.995,2,14,0,0.232,0,1,1.386,-15.749,5.780,-5.038,-0.038,0.958,2,14,0,0.214,0,1,1.449,-13.100,8.399,-4.808,0.192,1.073,2,14,0,0.202,0,1,1.525,-18.619,8.217,-4.207,0.793,1.089,2,14,0,0.229,0,1,1.626,2.507,5.081,0,0,0.250,-11.253,9.921,-0.992,-0.125
251.0,-15.599,8.396,-5.007,-0.007,0.998,2,14,0,0.250,0,1,1.648,-15.798,11.378,-3.884,1.116,0.995,2,14,0,0.232,0,1,1.386,-15.749,5.780,-5.038,-0.038,0.958,2,14,0,0.214,0,1,1.449,-13.100,8.399,-4.808,0.192,1.073,2,14,0,0.202,0,1,1.525,-18.619,8.217,-4.207,0.793,1.089,2,14,0,0.229,0,1,1.626,2.507,4.091,0,0,0.250,-12.237,9.746,-0.975,-0.224
252.0,-15.599,8.396,-5.007,-0.007,0.998,2,14,0,0.250,0,1,1.648,-15.798,11.378,-3.884,1.116,0.995,2,14,0,0.232,0,1,1.386,-15.749,5.780,-5.038,-0.038,0.958,2,14,0,0.214,0,1,1.449,-13.100,8.399,-4.808,0.192,1.073,2,14,0,0.202,0,1,1.525,-18.619,8.217,-4.207,0.793,1.089,2,14,0,0.229,0,1,1.626,2.507,3.094,0,0,0.250,-13.199,9.474,-0.947,-0.320
253.0,-15.599,8.396,-5.007,-0.007,0.998,2,14,0,0.250,0,1,1.648,-15.798,11.378,-3.884,1.116,0.995,2,14,0,0.232,0,1,1.386,-15.749,5.780,-5.038,-0.038,0.958,2,14,0,0.214,0,1,1.449,-13.100,8.399,-4.808,0.192,1.073,2,14,0,0.202,0,1,1.525,-18.619,8.217,-4.207,0.793,1.089,2,14,0,0.229,0,1,1.626,2.507,2.095,0,0,0.250,-14.129,9.108,-0.911,-0.413
254.0,-15.599,8.396,-5.007,-0.007,0.998,2,14,0,0.250,0,1,1.648,-15.798,11.378,-3.884,1.116,0.995,2,14,0,0.232,0,1,1.386,-15.749,5.780,-5.038,-0.038,0.958,2,14,0,0.214,0,1,1.449,-13.100,8.399,-4.808,0.192,1.073,2,14,0,0.202,0,1,1.525,-18.619,8.217,-4.207,0.793,1.089,2,14,0,0.229,0,1,1.626,2.507,1.111,0,0,0.250,-15.018,8.650,-0.865,-0.502
255.0,-15.599,8.396,-5.007,-0.007,0.998,2,14,0,0.250,0,1,1.648,-15.798,11.378,-3.884,1.116,0.995,2,14,0,0.232,0,1,1.386,-15.749,5.780,-5.038,-0.038,0.958,2,14,0,0.214,0,1,1.449,-13.100,8.399,-4.808,0.192,1.073,2,14,0,0.202,0,1,1.525,-18.619,8.217,-4.207,0.793,1.089,2,14,0,0.229,0,1,1.626,2.507,0.682,0,0,0.250,-15.856,8.106,-0.811,-0.586
256.0,-15.599,8.396,-5.007,-0.007,0.998,2,14,0,0.250,0,1,1.648,-15.798,11.378,-3.884,1.116,0.995,2,14,0,0.232,0,1,1.386,-15.749,5.780,-5.038,-0.038,0.958,2,14,0,0.214,0,1,1.449,-13.100,8.399,-4.808,0.192,1.073,2,14,0,0.202,0,1,1.525,-18.619,8.217,-4.207,0.793,1.089,2,14,0,0.229,0,1,1.626,2.507,1.573,0,0,0.250,-16.636,7.481,-0.748,-0.664
257.0,-15.599,8.396,-5.007,-0.007,0.998,2,14,0,0.250,0,1,1.648,-15.798,11.378,-3.884,1.116,0.995,2,14,0,0.232,0,1,1.386,-15.749,5.780,-5.038,-0.038,0.958,2,14,0,0.214,0,1,1.449,-13.100,8.399,-4.808,0.192,1.073,2,14,0,0.202,0,1,1.525,-18.619,8.217,-4.207,0.793,1.089,2,14,0,0.229,0,1,1.626,2.507,2.561,0,0,0.250,-17.350,6.781,-0.678,-0.735
258.0,-15.599,8.396,-5.007,-0.007,0.998,2,14,0,0.250,0,1,1.648,-15.798,11.378,-3.884,1.116,0.995,2,14,0,0.232,0,1,1.386,-15.749,5.780,-5.038,-0.038,0.958,2,14,0,0.214,0,1,1.449,-13.100,8.399,-4.808,0.192,1.073,2,14,0,0.202,0,1,1.525,-18.619,8.217,-4.207,0.793,1.089,2,14,0,0.229,0,1,1.626,2.507,3.560,0,0,0.250,-17.990,6.013,-0.601,-0.799
259.0,-15.599,8.396,-5.007,-0.007,0.998,2,14,0,0.250,0,1,1.648,-15.798,11.378,-3.884,1.116,0.995,2,14,0,0.232,0,1,1.386,-15.749,5.780,-5.038,-0.038,0.958,2,14,0,0.214,0,1,1.449,-13.100,8.399,-4.808,0.192,1.073,2,14,0,0.202,0,1,1.525,-18.619,8.217,-4.207,0.793,1.089,2,14,0,0.229,0,1,1.626,2.507,4.557,0,0,0.250,-18.551,5.185,-0.519,-0.855
260.0,-15.599,8.396,-5.007,-0.007,0.998,2,14,0,0.250,0,1,1.648,-15.798,11.378,-3.884,1.116,0.995,2,14,0,0.232,0,1,1.386,-15.749,5.780,-5.038,-0.038,0.958,2,14,0,0.214,0,1,1.449,-13.100,8.399,-4.808,0.192,1.073,2,14,0,0.202,0,1,1.525,-18.619,8.217,-4.207,0.793,1.089,2,14,0,0.229,0,1,1.626,2.507,5.545,0,0,0.250,-19.025,4.306,-0.431,-0.903
261.0,-15.599,8.396,-5.007,-0.007,0.998,2,14,0,0.250,0,1,1.648,-15.798,11.378,-3.884,1.116,0.995,2,14,0,0.232,0,1,1.386,-15.749,5.780,-5.038,-0.038,0.958,2,14,0,0.214,0,1,1.449,-13.100,8.399,-4.808,0.192,1.073,2,14,0,0.202,0,1,1.525,-18.619,8.217,-4.207,0.793,1.089,2,14,0,0.229,0,1,1.626,2.507,6.521,0,0,0.250,-19.410,3.383,-0.338,-0.941
262.0,-15.599,8.396,-5.007,-0.007,0.998,2,14,0,0.250,0,1,1.648,-15.798,11.378,-3.884,1.116,0.995,2,14,0,0.232,0,1,1.386,-15.749,5.780,-5.038,-0.038,0.958,2,14,0,0.214,0,1,1.449,-13.100,8.399,-4.808,0.192,1.073,2,14,0,0.202,0,1,1.525,-18.619,8.217,-4.207,0.793,1.089,2,14,0,0.229,0,1,1.626,2.507,7.482,0,0,0.250,-19.701,2.427,-0.243,-0.970
263.0,-15.599,8.396,-5.007,-0.007,0.998,2,14,0,0.250,0,1,1.648,-15.798,11.378,-3.884,1.116,0.995,2,14,0,0.232,0,1,1.386,-15.749,5.780,-5.038,-0.038,0.958,2,14,0,0.214,0,1,1.449,-13.100,8.399,-4.808,0.192,1.073,2,14,0,0.202,0,1,1.525,-18.619,8.217,-4.207,0.793,1.089,2,14,0,0.229,0,1,1.626,2.507,8.424,0,0,0.250,-19.895,1.446,-0.145,-0.989
264.0,-15.599,8.396,-5.007,-0.007,0.998,2,14,0,0.250,0,1,1.648,-15.798,11.378,-3.884,1.116,0.995,2,14,0,0.232,0,1,1.386,-15.749,5.780,-5.038,-0.038,0.958,2,14,0,0.214,0,1,1.449,-13.100,8.399,-4.808,0.192,1.073,2,14,0,0.202,0,1,1.525,-18.619,8.217,-4.207,0.793,1.089,2,14,0,0.229,0,1,1.626,2.507,9.346,0,0,0.250,-19.990,0.451,-0.045,-0.999
265.0,-15.599,8.396,-5.007,-0.007,0.998,2,14,0,0.250,0,1,1.648,-15.798,11.378,-3.884,1.116,0.995,2,14,0,0.232,0,1,1.386,-15.749,5.780,-5.038,-0.038,0.958,2,14,0,0.214,0,1,1.449,-13.100,8.399,-4.808,0.192,1.073,2,14,0,0.202,0,1,1.525,-18.619,8.217,-4.207,0.793,1.089,2,14,0,0.229,0,1,1.626,2.507,10.245,0,0,0.250,-19.985,-0.548,0.055,-0.998
266.0,-15.599,8.396,-5.007,-0.007,0.998,2,14,0,0.250,0,1,1.648,-15.798,11.378,-3.884,1.116,0.995,2,14,0,0.232,0,1,1.386,-15.749,5.780,-5.038,-0.038,0.958,2,14,0,0.214,0,1,1.449,-13.100,8.399,-4.808,0.192,1.073,2,14,0,0.202,0,1,1.525,-18.619,8.217,-4.207,0.793,1.089,2,14,0,0.229,0,1,1.626,2.507,11.118,0,0,0.250,-19.880,-1.542,0.154,-0.988
267.0,-15.599,8.396,-5.007,-0.007,0.998,2,14,0,0.250,0,1,1.648,-15.798,11.378,-3.884,1.116,0.995,2,14,0,0.232,0,1,1.386,-15.749,5.780,-5.038,-0.038,0.958,2,14,0,0.214,0,1,1.449,-13.100,8.399,-4.808,0.192,1.073,2,14,0,0.202,0,1,1.525,-18.619,8.217,-4.207,0.793,1.089,2,14,0,0.229,0,1,1.626,2.507,11.964,0,0,0.250,-19.677,-2.521,0.252,-0.968
268.0,-15.599,8.396,-5.007,-0.007,0.998,2,14,0,0.250,0,1,1.648,-15.798,11.378,-3.884,1.116,0.995,2,14,0,0.232,0,1,1.386,-15.749,5.780,-5.038,-0.038,0.958,2,14,0,0.214,0,1,1.449,-13.100,8.399,-4.808,0.192,1.073,2,14,0,0.202,0,1,1.525,-18.619,8.217,-4.207,0.793,1.089,2,14,0,0.229,0,1,1.626,2.507,12.780,0,0,0.250,-19.377,-3.475,0.347,-0.938
269.0,-15.599,8.396,-5.007,-0.007,0.998,2,14,0,0.250,0,1,1.648,-15.798,11.378,-3.884,1.116,0.995,2,14,0,0.232,0,1,1.386,-15.749,5.780,-5.038,-0.038,0.958,2,14,0,0.214,0,1,1.449,-13.100,8.399,-4.808,0.192,1.073,2,14,0,0.202,0,1,1.525,-18.619,8.217,-4.207,0.793,1.089,2,14,0,0.229,0,1,1.626,2.507,13.564,0,0,0.250,-18.983,-4.393,0.439,-0.898
270.0,-15.599,8.396,-5.007,-0.007,0.998,2,14,0,0.250,0,1,1.648,-15.798,11.378,-3.884,1.116,0.995,2,14,0,0.232,0,1,1.386,-15.749,5.780,-5.038,-0.038,0.958,2,14,0,0.214,0,1,1.449,-13.100,8.399,-4.808,0.192,1.073,2,14,0,0.202,0,1,1.525,-18.619,8.217,-4.207,0.793,1.089,2,14,0,0.229,0,1,1.626,2.507,14.315,0,0,0.250,-18.500,-5.268,0.527,-0.850
271.0,-15.599,8.396,-5.007,-0.007,0.998,2,14,0,0.250,0,1,1.648,-15.798,11.378,-3.884,1.116,0.995,2,14,0,0.232,0,1,1.386,-15.749,5.780,-5.038,-0.038,0.958,2,14,0,0.214,0,1,1.449,-13.100,8.399,-4.808,0.192,1.073,2,14,0,0.202,0,1,1.525,-18.619,8.217,-4.207,0.793,1.089,2,14,0,0.229,0,1,1.626,2.507,15.029,0,0,0.250,-17.931,-6.090,0.609,-0.793
272.0,-15.599,8.396,-5.007,-0.007,0.998,2,14,0,0.250,0,1,1.648,-15.798,11.378,-3.884,1.116,0.995,2,14,0,0.232,0,1,1.386,-15.749,5.780,-5.038,-0.038,0.958,2,14,0,0.214,0,1,1.449,-13.100,8.399,-4.808,0.192,1.073,2,14,0,0.202,0,1,1.525,-18.619,8.217,-4.207,0.793,1.089,2,14,0,0.229,0,1,1.626,2.507,15.707,0,0,0.250,-17.284,-6.852,0.685,-0.728
273.0,-15.599,8.396,-5.007,-0.007,0.998,2,14,0,0.250,0,1,1.648,-15.798,11.378,-3.884,1.116,0.995,2,14,0,0.232,0,1,1.386,-15.749,5.780,-5.038,-0.038,0.958,2,14,0,0.214,0,1,1.449,-13.100,8.399,-4.808,0.192,1.073,2,14,0,0.202,0,1,1.525,-18.619,8.217,-4.207,0.793,1.089,2,14,0,0.229,0,1,1.626,2.507,16.345,0,0,0.250,-16.563,-7.545,0.754,-0.656
274.0,-15.599,8.396,-5.007,-0.007,0.998,2,14,0,0.250,0,1,1.648,-15.798,11.378,-3.884,1.116,0.995,2,14,0,0.232,0,1,1.386,-15.749,5.780,-5.038,-0.038,0.958,2,14,0,0.214,0,1,1.449,-13.100,8.399,-4.808,0.192,1.073,2,14,0,0.202,0,1,1.525,-18.619,8.217,-4.207,0.793,1.089,2,14,0,0.229,0,1,1.626,2.507,16.942,0,0,0.250,-15.777,-8.162,0.816,-0.578
275.0,-15.599,8.396,-5.007,-0.007,0.998,2,14,0,0.250,0,1,1.648,-15.798,11.378,-3.884,1.116,0.995,2,14,0,0.232,0,1,1.386,-15.749,5.780,-5.038,-0.038,0.958,2,14,0,0.214,0,1,1.449,-13.100,8.399,-4.808,0.192,1.073,2,14,0,0.202,0,1,1.525,-18.619,8.217,-4.207,0.793,1.089,2,14,0,0.229,0,1,1.626,2.507,17.497,0,0,0.250,-14.934,-8.698,0.870,-0.493
276.0,-15.599,8.396,-5.007,-0.007,0.998,2,14,0,0.250,0,1,1.648,-15.798,11.378,-3.884,1.116,0.995,2,14,0,0.232,0,1,1.386,-15.749,5.780,-5.038,-0.038,0.958,2,14,0,0.214,0,1,1.449,-13.100,8.399,-4.808,0.192,1.073,2,14,0,0.202,0,1,1.525,-18.619,8.217,-4.207,0.793,1.089,2,14,0,0.229,0,1,1.626,2.507,18.008,0,0,0.250,-14.041,-9.147,0.915,-0.404
277.0,-15.599,8.396,-5.007,-0.007,0.998,2,14,0,0.250,0,1,1.648,-15.798,11.378,-3.884,1.116,0.995,2,14,0,0.232,0,1,1.386,-15.749,5.780,-5.038,-0.038,0.958,2,14,0,0.214,0,1,1.449,-13.100,8.399,-4.808,0.192,1.073,2,14,0,0.202,0,1,1.525,-18.619,8.217,-4.207,0.793,1.089,2,14,0,0.229,0,1,1.626,2.507,18.475,0,0,0.250,-13.107,-9.505,0.951,-0.311
278.0,-15.599,8.396,-5.007,-0.007,0.998,2,14,0,0.250,0,1,1.648,-15.798,11.378,-3.884,1.116,0.995,2,14,0,0.232,0,1,1.386,-15.749,5.780,-5.038,-0.038,0.958,2,14,0,0.214,0,1,1.449,-13.100,8.399,-4.808,0.192,1.073,2,14,0,0.202,0,1,1.525,-18.619,8.217,-4.207,0.793,1.089,2,14,0,0.229,0,1,1.626,2.507,18.895,0,0,0.250,-12.143,-9.768,0.977,-0.214
279.0,-15.599,8.396,-5.007,-0.007,0.998,2,14,0,0.250,0,1,1.648,-15.798,11.378,-3.884,1.116,0.995,2,14,0,0.232,0,1,1.386,-15.749,5.780,-5.038,-0.038,0.958,2,14,0,0.214,0,1,1.449,-13.100,8.399,-4.808,0.192,1.073,2,14,0,0.202,0,1,1.525,-18.619,8.217,-4.207,0.793,1.089,2,14,0,0.229,0,1,1.626,2.507,19.268,0,0,0.250,-11.157,-9.933,0.993,-0.116
280.0,-15.599,8.396,-5.007,-0.007,0.998,2,14,0,0.250,0,1,1.648,-15.798,11.378,-3.884,1.116,0.995,2,14,0,0.232,0,1,1.386,-15.749,5.780,-5.038,-0.038,0.958,2,14,0,0.214,0,1,1.449,-13.100,8.399,-4.808,0.192,1.073,2,14,0,0.202,0,1,1.525,-18.619,8.217,-4.207,0.793,1.089,2,14,0,0.229,0,1,1.626,2.507,19.593,0,0,0.250,-10.159,-9.999,1.000,-0.016
281.0,-15.599,8.396,-5.007,-0.007,0.998,2,14,0,0.250,0,1,1.648,-15.798,11.378,-3.884,1.116,0.995,2,14,0,0.232,0,1,1.386,-15.749,5.780,-5.038,-0.038,0.958,2,14,0,0.214,0,1,1.449,-13.100,8.399,-4.808,0.192,1.073,2,14,0,0.202,0,1,1.525,-18.619,8.217,-4.207,0.793,1.089,2,14,0,0.229,0,1,1.626,2.507,19.869,0,0,0.250,-9.160,-9.965,0.996,0.084
282.0,-15.599,8.396,-5.007,-0.007,0.998,2,14,0,0.250,0,1,1.648,-15.798,11.378,-3.884,1.116,0.995,2,14,0,0.232,0,1,1.386,-15.749,5.780,-5.038,-0.038,0.958,2,14,0,0.214,0,1,1.449,-13.100,8.399,-4.808,0.192,1.073,2,14,0,0.202,0,1,1.525,-18.619,8.217,-4.207,0.793,1.089,2,14,0,0.229,0,1,1.626,2.507,20.095,0,0,0.250,-8.170,-9.831,0.983,0.183
283.0,-15.599,8.396,-5.007,-0.007,0.998,2,14,0,0.250,0,1,1.648,-15.798,11.378,-3.884,1.116,0.995,2,14,0,0.232,0,1,1.386,-15.749,5.780,-5.038,-0.038,0.958,2,14,0,0.214,0,1,1.449,-13.100,8.399,-4.808,0.192,1.073,2,14,0,0.202,0,1,1.525,-18.619,8.217,-4.207,0.793,1.089,2,14,0,0.229,0,1,1.626,2.507,20.271,0,0,0.250,-7.197,-9.599,0.960,0.280
284.0,-15.599,8.396,-5.007,-0.007,0.998,2,14,0,0.250,0,1,1.648,-15.798,11.378,-3.884,1.116,0.995,2,14,0,0.232,0,1,1.386,-15.749,5.780,-5.038,-0.038,0.958,2,14,0,0.214,0,1,1.449,-13.100,8.399,-4.808,0.192,1.073,2,14,0,0.202,0,1,1.525,-18.619,8.217,-4.207,0.793,1.089,2,14,0,0.229,0,1,1.626,2.507,20.396,0,0,0.250,-6.253,-9.272,0.927,0.375
285.0,-15.599,8.396,-5.007,-0.007,0.998,2,14,0,0.250,0,1,1.648,-15.798,11.378,-3.884,1.116,0.995,2,14,0,0.232,0,1,1.386,-15.749,5.780,-5.038,-0.038,0.958,2,14,0,0.214,0,1,1.449,-13.100,8.399,-4.808,0.192,1.073,2,14,0,0.202,0,1,1.525,-18.619,8.217,-4.207,0.793,1.089,2,14,0,0.229,0,1,1.626,2.507,20.471,0,0,0.250,-5.346,-8.851,0.885,0.465
286.0,-15.599,8.396,-5.007,-0.007,0.998,2,14,0,0.250,0,1,1.648,-15.798,11.378,-3.884,1.116,0.995,2,14,0,0.232,0,1,1.386,-15.749,5.780,-5.038,-0.038,0.958,2,14,0,0.214,0,1,1.449,-13.100,8.399,-4.808,0.192,1.073,2,14,0,0.202,0,1,1.525,-18.619,8.217,-4.207,0.793,1.089,2,14,0,0.229,0,1,1.626,2.507,20.494,0,0,0.250,-4.486,-8.342,0.834,0.551
287.0,-15.599,8.396,-5.007,-0.007,0.998,2,14,0,0.250,0,1,1.648,-15.798,11.378,-3.884,1.116,0.995,2,14,0,0.232,0,1,1.386,-15.749,5.780,-5.038,-0.038,0.958,2,14,0,0.214,0,1,1.449,-13.100,8.399,-4.808,0.192,1.073,2,14,0,0.202,0,1,1.525,-18.619,8.217,-4.207,0.793,1.089,2,14,0,0.229,0,1,1.626,2.507,20.467,0,0,0.250,-3.681,-7.750,0.775,0.632
288.0,-15.599,8.396,-5.007,-0.007,0.998,2,14,0,0.250,0,1,1.648,-15.798,11.378,-3.884,1.116,0.995,2,14,0,0.232,0,1,1.386,-15.749,5.780,-5.038,-0.038,0.958,2,14,0,0.214,0,1,1.449,-13.100,8.399,-4.808,0.192,1.073,2,14,0,0.202,0,1,1.525,-18.619,8.217,-4.207,0.793,1.089,2,14,0,0.229,0,1,1.626,2.507,20.388,0,0,0.250,-2.938,-7.081,0.708,0.706
289.0,-15.599,8.396,-5.007,-0.007,0.998,2,14,0,0.250,0,1,1.648,-15.798,11.378,-3.884,1.116,0.995,2,14,0,0.232,0,1,1.386,-15.749,5.780,-5.038,-0.038,0.958,2,14,0,0.214,0,1,1.449,-13.100,8.399,-4.808,0.192,1.073,2,14,0,0.202,0,1,1.525,-18.619,8.217,-4.207,0.793,1.089,2,14,0,0.229,0,1,1.626,2.507,20.258,0,0,0.250,-2.267,-6.340,0.634,0.773
290.0,-15.599,8.396,-5.007,-0.007,0.998,2,14,0,0.250,0,1,1.648,-15.798,11.378,-3.884,1.116,0.995,2,14,0,0.232,0,1,1.386,-15.749,5.780,-5.038,-0.038,0.958,2,14,0,0.214,0,1,1.449,-13.100,8.399,-4.808,0.192,1.073,2,14,0,0.202,0,1,1.525,-18.619,8.217,-4.207,0.793,1.089,2,14,0,0.229,0,1,1.626,2.507,20.077,0,0,0.250,-1.673,-5.537,0.554,0.833
291.0,-15.599,8.396,-5.007,-0.007,0.998,2,14,0,0.250,0,1,1.648,-15.798,11.378,-3.884,1.116,0.995,2,14,0,0.232,0,1,1.386,-15.749,5.780,-5.038,-0.038,0.958,2,14,0,0.214,0,1,1.449,-13.100,8.399,-4.808,0.192,1.073,2,14,0,0.202,0,1,1.525,-18.619,8.217,-4.207,0.793,1.089,2,14,0,0.229,0,1,1.626,2.507,19.853,0,0,0.250,-1.161,-4.677,0.468,0.884
292.0,-15.599,8.396,-5.007,-0.007,0.998,2,14,0,0.250,0,1,1.648,-15.798,11.378,-3.884,1.116,0.995,2,14,0,0.232,0,1,1.386,-15.749,5.780,-5.038,-0.038,0.958,2,14,0,0.214,0,1,1.449,-13.100,8.399,-4.808,0.192,1.073,2,14,0,0.202,0,1,1.525,-18.619,8.217,-4.207,0.793,1.089,2,14,0,0.229,0,1,1.626,2.507,19.598,0,0,0.250,-0.739,-3.772,0.377,0.926
293.0,-15.599,8.396,-5.007,-0.007,0.998,2,14,0,0.250,0,1,1.648,-15.798,11.378,-3.884,1.116,0.995,2,14,0,0.232,0,1,1.386,-15.749,5.780,-5.038,-0.038,0.958,2,14,0,0.214,0,1,1.449,-13.100,8.399,-4.808,0.192,1.073,2,14,0,0.202,0,1,1.525,-18.619,8.217,-4.207,0.793,1.089,2,14,0,0.229,0,1,1.626,2.507,19.295,0,0,0.250,-0.408,-2.828,0.283,0.959
294.0,-15.599,8.396,-5.007,-0.007,0.998,2,14,0,0.250,0,1,1.648,-15.798,11.378,-3.884,1.116,0.995,2,14,0,0.232,0,1,1.386,-15.749,5.780,-5.038,-0.038,0.958,2,14,0,0.214,0,1,1.449,-13.100,8.399,-4.808,0.192,1.073,2,14,0,0.202,0,1,1.525,-18.619,8.217,-4.207,0.793,1.089,2,14,0,0.229,0,1,1.626,2.507,18.943,0,0,0.250,-0.174,-1.857,0.186,0.983
295.0,-15.599,8.396,-5.007,-0.007,0.998,2,14,0,0.250,0,1,1.648,-15.798,11.378,-3.884,1.116,0.995,2,14,0,0.232,0,1,1.386,-15.749,5.780,-5.038,-0.038,0.958,2,14,0,0.214,0,1,1.449,-13.100,8.399,-4.808,0.192,1.073,2,14,0,0.202,0,1,1.525,-18.619,8.217,-4.207,0.793,1.089,2,14,0,0.229,0,1,1.626,2.507,18.543,0,0,0.250,-0.038,-0.866,0.087,0.996
296.0,-15.599,8.396,-5.007,-0.007,0.998,2,14,0,0.250,0,1,1.648,-15.798,11.378,-3.884,1.116,0.995,2,14,0,0.232,0,1,1.386,-15.749,5.780,-5.038,-0.038,0.958,2,14,0,0.214,0,1,1.449,-13.100,8.399,-4.808,0.192,1.073,2,14,0,0.202,0,1,1.525,-18.619,8.217,-4.207,0.793,1.089,2,14,0,0.229,0,1,1.626,2.507,18.097,0,0,0.250,-0.001,0.133,-0.013,1.000
297.0,-15.599,8.396,-5.007,-0.007,0.998,2,14,0,0.250,0,1,1.648,-15.798,11.378,-3.884,1.116,0.995,2,14,0,0.232,0,1,1.386,-15.749,5.780,-5.038,-0.038,0.958,2,14,0,0.214,0,1,1.449,-13.100,8.399,-4.808,0.192,1.073,2,14,0,0.202,0,1,1.525,-18.619,8.217,-4.207,0.793,1.089,2,14,0,0.229,0,1,1.626,2.507,17.607,0,0,0.250,-0.064,1.130,-0.113,0.994
298.0,-15.599,8.396,-5.007,-0.007,0.998,2,14,0,0.250,0,1,1.648,-15.798,11.378,-3.884,1.116,0.995,2,14,0,0.232,0,1,1.386,-15.749,5.780,-5.038,-0.038,0.958,2,14,0,0.214,0,1,1.449,-13.100,8.399,-4.808,0.192,1.073,2,14,0,0.202,0,1,1.525,-18.619,8.217,-4.207,0.793,1.089,2,14,0,0.229,0,1,1.626,2.507,17.072,0,0,0.250,-0.227,2.116,-0.212,0.977
299.0,-15.599,8.396,-5.007,-0.007,0.998,2,14,0,0.250,0,1,1.648,-15.798,11.378,-3.884,1.116,0.995,2,14,0,0.232,0,1,1.386,-15.749,5.780,-5.038,-0.038,0.958,2,14,0,0.214,0,1,1.449,-13.100,8.399,-4.808,0.192,1.073,2,14,0,0.202,0,1,1.525,-18.619,8.217,-4.207,0.793,1.089,2,14,0,0.229,0,1,1.626,2.507,16.494,0,0,0.250,-0.487,3.082,-0.308,0.951
300.0,-15.599,8.396,-5.007,-0.007,0.998,2,14,0,0.250,0,1,1.648,-15.798,11.378,-3.884,1.116,0.995,2,14,0,0.232,0,1,1.386,-15.749,5.780,-5.038,-0.038,0.958,2,14,0,0.214,0,1,1.449,-13.100,8.399,-4.808,0.192,1.073,2,14,0,0.202,0,1,1.525,-18.619,8.217,-4.207,0.793,1.089,2,14,0,0.229,0,1,1.626,2.507,15.875,0,0,0.250,-0.842,4.016,-0.402,0.916
301.0,-15.599,8.396,-5.007,-0.007,0.998,2,14,0,0.250,0,1,1.648,-15.798,11.378,-3.884,1.116,0.995,2,14,0,0.232,0,1,1.386,-15.749,5.780,-5.038,-0.038,0.958,2,14,0,0.214,0,1,1.449,-13.100,8.399,-4.808,0.192,1.073,2,14,0,0.202,0,1,1.525,-18.619,8.217,-4.207,0.793,1.089,2,14,0,0.229,0,1,1.626,2.507,15.217,0,0,0.250,-1.289,4.910,-0.491,0.871
302.0,-15.599,8.396,-5.007,-0.007,0.998,2,14,0,0.250,0,1,1.648,-15.798,11.378,-3.884,1.116,0.995,2,14,0,0.232,0,1,1.386,-15.749,5.780,-5.038,-0.038,0.958,2,14,0,0.214,0,1,1.449,-13.100,8.399,-4.808,0.192,1.073,2,14,0,0.202,0,1,1.525,-18.619,8.217,-4.207,0.793,1.089,2,14,0,0.229,0,1,1.626,2.507,14.521,0,0,0.250,-1.822,5.755,-0.576,0.818
303.0,-15.599,8.396,-5.007,-0.007,0.998,2,14,0,0.250,0,1,1.648,-15.798,11.378,-3.884,1.116,0.995,2,14,0,0.232,0,1,1.386,-15.749,5.780,-5.038,-0.038,0.958,2,14,0,0.214,0,1,1.449,-13.100,8.399,-4.808,0.192,1.073,2,14,0,0.202,0,1,1.525,-18.619,8.217,-4.207,0.793,1.089,2,14,0,0.229,0,1,1.626,2.507,13.788,0,0,0.250,-2.438,6.543,-0.654,0.756
304.0,-15.599,8.396,-5.007,-0.007,0.998,2,14,0,0.250,0,1,1.648,-15.798,11.378,-3.884,1.116,0.995,2,14,0,0.232,0,1,1.386,-15.749,5.780,-5.038,-0.038,0.958,2,14,0,0.214,0,1,1.449,-13.100,8.399,-4.808,0.192,1.073,2,14,0,0.202,0,1,1.525,-18.619,8.217,-4.207,0.793,1.089,2,14,0,0.229,0,1,1.626,2.507,13.021,0,0,0.250,-3.129,7.265,-0.727,0.687
305.0,-15.599,8.396,-5.007,-0.007,0.998,2,14,0,0.250,0,1,1.648,-15.798,11.378,-3.884,1.116,0.995,2,14,0,0.232,0,1,1.386,-15.749,5.780,-5.038,-0.038,0.958,2,14,0,0.214,0,1,1.449,-13.100,8.399,-4.808,0.192,1.073,2,14,0,0.202,0,1,1.525,-18.619,8.217,-4.207,0.793,1.089,2,14,0,0.229,0,1,1.626,2.507,12.222,0,0,0.250,-3.888,7.915,-0.791,0.611
306.0,-15.599,8.396,-5.007,-0.007,0.998,2,14,0,0.250,0,1,1.648,-15.798,11.378,-3.884,1.116,0.995,2,14,0,0.232,0,1,1.386,-15.749,5.780,-5.038,-0.038,0.958,2,14,0,0.214,0,1,1.449,-13.100,8.399,-4.808,0.192,1.073,2,14,0,0.202,0,1,1.525,-18.619,8.217,-4.207,0.793,1.089,2,14,0,0.229,0,1,1.626,2.507,11.392,0,0,0.250,-4.709,8.486,-0.849,0.529
307.0,-15.599,8.396,-5.007,-0.007,0.998,2,14,0,0.250,0,1,1.648,-15.798,11.378,-3.884,1.116,0.995,2,14,0,0.232,0,1,1.386,-15.749,5.780,-5.038,-0.038,0.958,2,14,0,0.214,0,1,1.449,-13.100,8.399,-4.808,0.192,1.073,2,14,0,0.202,0,1,1.525,-18.619,8.217,-4.207,0.793,1.089,2,14,0,0.229,0,1,1.626,2.507,10.533,0,0,0.250,-5.583,8.971,-0.897,0.442
308.0,-15.599,8.396,-5.007,-0.007,0.998,2,14,0,0.250,0,1,1.648,-15.798,11.378,-3.884,1.116,0.995,2,14,0,0.232,0,1,1.386,-15.749,5.780,-5.038,-0.038,0.958,2,14,0,0.214,0,1,1.449,-13.100,8.399,-4.808,0.192,1.073,2,14,0,0.202,0,1,1.525,-18.619,8.217,-4.207,0.793,1.089,2,14,0,0.229,0,1,1.626,2.507,9.649,0,0,0.250,-6.500,9.368,-0.937,0.350
309.0,-15.599,8.396,-5.007,-0.007,0.998,2,14,0,0.250,0,1,1.648,-15.798,11.378,-3.884,1.116,0.995,2,14,0,0.232,0,1,1.386,-15.749,5.780,-5.038,-0.038,0.958,2,14,0,0.214,0,1,1.449,-13.100,8.399,-4.808,0.192,1.073,2,14,0,0.202,0,1,1.525,-18.619,8.217,-4.207,0.793,1.089,2,14,0,0.229,0,1,1.626,2.507,8.740,0,0,0.250,-7.453,9.670,-0.967,0.255
310.0,-15.599,8.396,-5.007,-0.007,0.998,2,14,0,0.250,0,1,1.648,-15.798,11.378,-3.884,1.116,0.995,2,14,0,0.232,0,1,1.386,-15.749,5.780,-5.038,-0.038,0.958,2,14,0,0.214,0,1,1.449,-13.100,8.399,-4.808,0.192,1.073,2,14,0,0.202,0,1,1.525,-18.619,8.217,-4.207,0.793,1.089,2,14,0,0.229,0,1,1.626,2.507,7.810,0,0,0.250,-8.431,9.876,-0.988,0.157
311.0,-15.599,8.396,-5.007,-0.007,0.998,2,14,0,0.250,0,1,1.648,-15.798,11.378,-3.884,1.116,0.995,2,14,0,0.232,0,1,1.386,-15.749,5.780,-5.038,-0.038,0.958,2,14,0,0.214,0,1,1.449,-13.100,8.399,-4.808,0.192,1.073,2,14,0,0.202,0,1,1.525,-18.619,8.217,-4.207,0.793,1.089,2,14,0,0.229,0,1,1.626,2.507,6.861,0,0,0.250,-9.425,9.983,-0.998,0.058
312.0,-15.599,8.396,-5.007,-0.007,0.998,2,14,0,0.250,0,1,1.648,-15.798,11.378,-3.884,1.116,0.995,2,14,0,0.232,0,1,1.386,-15.749,5.780,-5.038,-0.038,0.958,2,14,0,0.214,0,1,1.449,-13.100,8.399,-4.808,0.192,1.073,2,14,0,0.202,0,1,1.525,-18.619,8.217,-4.207,0.793,1.089,2,14,0,0.229,0,1,1.626,2.507,5.895,0,0,0.250,-10.424,9.991,-0.999,-0.042
313.0,-15.599,8.396,-5.007,-0.007,0.998,2,14,0,0.250,0,1,1.648,-15.798,11.378,-3.884,1.116,0.995,2,14,0,0.232,0,1,1.386,-15.749,5.780,-5.038,-0.038,0.958,2,14,0,0.214,0,1,1.449,-13.100,8.399,-4.808,0.192,1.073,2,14,0,0.202,0,1,1.525,-18.619,8.217,-4.207,0.793,1.089,2,14,0,0.229,0,1,1.626,2.507,4.915,0,0,0.250,-11.420,9.899,-0.990,-0.142
314.0,-15.599,8.396,-5.007,-0.007,0.998,2,14,0,0.250,0,1,1.648,-15.798,11.378,-3.884,1.116,0.995,2,14,0,0.232,0,1,1.386,-15.749,5.780,-5.038,-0.038,0.958,2,14,0,0.214,0,1,1.449,-13.100,8.399,-4.808,0.192,1.073,2,14,0,0.202,0,1,1.525,-18.619,8.217,-4.207,0.793,1.089,2,14,0,0.229,0,1,1.626,2.507,3.924,0,0,0.250,-12.401,9.707,-0.971,-0.240
315.0,-15.599,8.396,-5.007,-0.007,0.998,2,14,0,0.250,0,1,1.648,-15.798,11.378,-3.884,1.116,0.995,2,14,0,0.232,0,1,1.386,-15.749,5.780,-5.038,-0.038,0.958,2,14,0,0.214,0,1,1.449,-13.100,8.399,-4.808,0.192,1.073,2,14,0,0.202,0,1,1.525,-18.619,8.217,-4.207,0.793,1.089,2,14,0,0.229,0,1,1.626,2.507,2.926,0,0,0.250,-13.358,9.419,-0.942,-0.336
316.0,-15.599,8.396,-5.007,-0.007,0.998,2,14,0,0.250,0,1,1.648,-15.798,11.378,-3.884,1.116,0.995,2,14,0,0.232,0,1,1.386,-15.749,5.780,-5.038,-0.038,0.958,2,14,0,0.214,0,1,1.449,-13.100,8.399,-4.808,0.192,1.073,2,14,0,0.202,0,1,1.525,-18.619,8.217,-4.207,0.793,1.089,2,14,0,0.229,0,1,1.626,2.507,1.927,0,0,0.250,-14.282,9.037,-0.904,-0.428
317.0,-15.599,8.396,-5.007,-0.007,0.998,2,14,0,0.250,0,1,1.648,-15.798,11.378,-3.884,1.116,0.995,2,14,0,0.232,0,1,1.386,-15.749,5.780,-5.038,-0.038,0.958,2,14,0,0.214,0,1,1.449,-13.100,8.399,-4.808,0.192,1.073,2,14,0,0.202,0,1,1.525,-18.619,8.217,-4.207,0.793,1.089,2,14,0,0.229,0,1,1.626,2.507,0.952,0,0,0.250,-15.162,8.564,-0.856,-0.516
318.0,-15.599,8.396,-5.007,-0.007,0.998,2,14,0,0.250,0,1,1.648,-15.798,11.378,-3.884,1.116,0.995,2,14,0,0.232,0,1,1.386,-15.749,5.780,-5.038,-0.038,0.958,2,14,0,0.214,0,1,1.449,-13.100,8.399,-4.808,0.192,1.073,2,14,0,0.202,0,1,1.525,-18.619,8.217,-4.207,0.793,1.089,2,14,0,0.229,0,1,1.626,2.507,0.811,0,0,0.250,-15.992,8.006,-0.801,-0.599
319.0,-15.599,8.396,-5.007,-0.007,0.998,2,14,0,0.250,0,1,1.648,-15.798,11.378,-3.884,1.116,0.995,2,14,0,0.232,0,1,1.386,-15.749,5.780,-5.038,-0.038,0.958,2,14,0,0.214,0,1,1.449,-13.100,8.399,-4.808,0.192,1.073,2,14,0,0.202,0,1,1.525,-18.619,8.217,-4.207,0.793,1.089,2,14,0,0.229,0,1,1.626,2.507,1.737,0,0,0.250,-16.761,7.368,-0.737,-0.676
320.0,-15.599,8.396,-5.007,-0.007,0.998,2,14,0,0.250,0,1,1.648,-15.798,11.378,-3.884,1.116,0.995,2,14,0,0.232,0,1,1.386,-15.749,5.780,-5.038,-0.038,0.958,2,14,0,0.214,0,1,1.449,-13.100,8.399,-4.808,0.192,1.073,2,14,0,0.202,0,1,1.525,-18.619,8.217,-4.207,0.793,1.089,2,14,0,0.229,0,1,1.626,2.507,2.729,0,0,0.250,-17.463,6.656,-0.666,-0.746
321.0,-15.599,8.396,-5.007,-0.007,0.998,2,14,0,0.250,0,1,1.648,-15.798,11.378,-3.884,1.116,0.995,2,14,0,0.232,0,1,1.386,-15.749,5.780,-5.038,-0.038,0.958,2,14,0,0.214,0,1,1.449,-13.100,8.399,-4.808,0.192,1.073,2,14,0,0.202,0,1,1.525,-18.619,8.217,-4.207,0.793,1.089,2,14,0,0.229,0,1,1.626,2.507,3.728,0,0,0.250,-18.090,5.878,-0.588,-0.809
322.0,-15.599,8.396,-5.007,-0.007,0.998,2,14,0,0.250,0,1,1.648,-15.798,11.378,-3.884,1.116,0.995,2,14,0,0.232,0,1,1.386,-15.749,5.780,-5.038,-0.038,0.958,2,14,0,0.214,0,1,1.449,-13.100,8.399,-4.808,0.192,1.073,2,14,0,0.202,0,1,1.525,-18.619,8.217,-4.207,0.793,1.089,2,14,0,0.229,0,1,1.626,2.507,4.724,0,0,0.250,-18.636,5.041,-0.504,-0.864
323.0,-15.599,8.396,-5.007,-0.007,0.998,2,14,0,0.250,0,1,1.648,-15.798,11.378,-3.884,1.116,0.995,2,14,0,0.232,0,1,1.386,-15.749,5.780,-5.038,-0.038,0.958,2,14,0,0.214,0,1,1.449,-13.100,8.399,-4.808,0.192,1.073,2,14,0,0.202,0,1,1.525,-18.619,8.217,-4.207,0.793,1.089,2,14,0,0.229,0,1,1.626,2.507,5.710,0,0,0.250,-19.097,4.154,-0.415,-0.910
324.0,-15.599,8.396,-5.007,-0.007,0.998,2,14,0,0.250,0,1,1.648,-15.798,11.378,-3.884,1.116,0.995,2,14,0,0.232,0,1,1.386,-15.749,5.780,-5.038,-0.038,0.958,2,14,0,0.214,0,1,1.449,-13.100,8.399,-4.808,0.192,1.073,2,14,0,0.202,0,1,1.525,-18.619,8.217,-4.207,0.793,1.089,2,14,0,0.229,0,1,1.626,2.507,6.684,0,0,0.250,-19.466,3.225,-0.322,-0.947
325.0,-15.599,8.396,-5.007,-0.007,0.998,2,14,0,0.250,0,1,1.648,-15.798,11.378,-3.884,1.116,0.995,2,14,0,0.232,0,1,1.386,-15.749,5.780,-5.038,-0.038,0.958,2,14,0,0.214,0,1,1.449,-13.100,8.399,-4.808,0.192,1.073,2,14,0,0.202,0,1,1.525,-18.619,8.217,-4.207,0.793,1.089,2,14,0,0.229,0,1,1.626,2.507,7.641,0,0,0.250,-19.740,2.264,-0.226,-0.974
326.0,-15.599,8.396,-5.007,-0.007,0.998,2,14,0,0.250,0,1,1.648,-15.798,11.378,-3.884,1.116,0.995,2,14,0,0.232,0,1,1.386,-15.749,5.780,-5.038,-0.038,0.958,2,14,0,0.214,0,1,1.449,-13.100,8.399,-4.808,0.192,1.073,2,14,0,0.202,0,1,1.525,-18.619,8.217,-4.207,0.793,1.089,2,14,0,0.229,0,1,1.626,2.507,8.581,0,0,0.250,-19.918,1.280,-0.128,-0.992
327.0,-15.599,8.396,-5.007,-0.007,0.998,2,14,0,0.250,0,1,1.648,-15.798,11.378,-3.884,1.116,0.995,2,14,0,0.232,0,1,1.386,-15.749,5.780,-5.038,-0.038,0.958,2,14,0,0.214,0,1,1.449,-13.100,8.399,-4.808,0.192,1.073,2,14,0,0.202,0,1,1.525,-18.619,8.217,-4.207,0.793,1.089,2,14,0,0.229,0,1,1.626,2.507,9.499,0,0,0.250,-19.996,0.283,-0.028,-1.000
328.0,-15.599,8.396,-5.007,-0.007,0.998,2,14,0,0.250,0,1,1.648,-15.798,11.378,-3.884,1.116,0.995,2,14,0,0.232,0,1,1.386,-15.749,5.780,-5.038,-0.038,0.958,2,14,0,0.214,0,1,1.449,-13.100,8.399,-4.808,0.192,1.073,2,14,0,0.202,0,1,1.525,-18.619,8.217,-4.207,0.793,1.089,2,14,0,0.229,0,1,1.626,2.507,10.393,0,0,0.250,-19.974,-0.716,0.072,-0.997
329.0,-15.599,8.396,-5.007,-0.007,0.998,2,14,0,0.250,0,1,1.648,-15.798,11.378,-3.884,1.116,0.995,2,14,0,0.232,0,1,1.386,-15.749,5.780,-5.038,-0.038,0.958,2,14,0,0.214,0,1,1.449,-13.100,8.399,-4.808,0.192,1.073,2,14,0,0.202,0,1,1.525,-18.619,8.217,-4.207,0.793,1.089,2,14,0,0.229,0,1,1.626,2.507,11.262,0,0,0.250,-19.853,-1.708,0.171,-0.985
330.0,-15.599,8.396,-5.007,-0.007,0.998,2,14,0,0.250,0,1,1.648,-15.798,11.378,-3.884,1.116,0.995,2,14,0,0.232,0,1,1.386,-15.749,5.780,-5.038,-0.038,0.958,2,14,0,0.214,0,1,1.449,-13.100,8.399,-4.808,0.192,1.073,2,14,0,0.202,0,1,1.525,-18.619,8.217,-4.207,0.793,1.089,2,14,0,0.229,0,1,1.626,2.507,12.103,0,0,0.250,-19.633,-2.683,0.268,-0.963
331.0,-15.599,8.396,-5.007,-0.007,0.998,2,14,0,0.250,0,1,1.648,-15.798,11.378,-3.884,1.116,0.995,2,14,0,0.232,0,1,1.386,-15.749,5.780,-5.038,-0.038,0.958,2,14,0,0.214,0,1,1.449,-13.100,8.399,-4.808,0.192,1.073,2,14,0,0.202,0,1,1.525,-18.619,8.217,-4.207,0.793,1.089,2,14,0,0.229,0,1,1.626,2.507,12.914,0,0,0.250,-19.317,-3.632,0.363,-0.932
332.0,-15.599,8.396,-5.007,-0.007,0.998,2,14,0,0.250,0,1,1.648,-15.798,11.378,-3.884,1.116,0.995,2,14,0,0.232,0,1,1.386,-15.749,5.780,-5.038,-0.038,0.958,2,14,0,0.214,0,1,1.449,-13.100,8.399,-4.808,0.192,1.073,2,14,0,0.202,0,1,1.525,-18.619,8.217,-4.207,0.793,1.089,2,14,0,0.229,0,1,1.626,2.507,13.693,0,0,0.250,-18.908,-4.544,0.454,-0.891
333.0,-15.599,8.396,-5.007,-0.007,0.998,2,14,0,0.250,0,1,1.648,-15.798,11.378,-3.884,1.116,0.995,2,14,0,0.232,0,1,1.386,-15.749,5.780,-5.038,-0.038,0.958,2,14,0,0.214,0,1,1.449,-13.100,8.399,-4.808,0.192,1.073,2,14,0,0.202,0,1,1.525,-18.619,8.217,-4.207,0.793,1.089,2,14,0,0.229,0,1,1.626,2.507,14.437,0,0,0.250,-18.410,-5.410,0.541,-0.841
334.0,-15.599,8.396,-5.007,-0.007,0.998,2,14,0,0.250,0,1,1.648,-15.798,11.378,-3.884,1.116,0.995,2,14,0,0.232,0,1,1.386,-15.749,5.780,-5.038,-0.038,0.958,2,14,0,0.214,0,1,1.449,-13.100,8.399,-4.808,0.192,1.073,2,14,0,0.202,0,1,1.525,-18.619,8.217,-4.207,0.793,1.089,2,14,0,0.229,0,1,1.626,2.507,15.146,0,0,0.250,-17.828,-6.223,0.622,-0.783
335.0,-15.599,8.396,-5.007,-0.007,0.998,2,14,0,0.250,0,1,1.648,-15.798,11.378,-3.884,1.116,0.995,2,14,0,0.232,0,1,1.386,-15.749,5.780,-5.038,-0.038,0.958,2,14,0,0.214,0,1,1.449,-13.100,8.399,-4.808,0.192,1.073,2,14,0,0.202,0,1,1.525,-18.619,8.217,-4.207,0.793,1.089,2,14,0,0.229,0,1,1.626,2.507,15.817,0,0,0.250,-17.167,-6.973,0.697,-0.717
336.0,-15.599,8.396,-5.007,-0.007,0.998,2,14,0,0.250,0,1,1.648,-15.798,11.378,-3.884,1.116,0.995,2,14,0,0.232,0,1,1.386,-15.749,5.780,-5.038,-0.038,0.958,2,14,0,0.214,0,1,1.449,-13.100,8.399,-4.808,0.192,1.073,2,14,0,0.202,0,1,1.525,-18.619,8.217,-4.207,0.793,1.089,2,14,0,0.229,0,1,1.626,2.507,16.448,0,0,0.250,-16.436,-7.654,0.765,-0.644
337.0,-15.599,8.396,-5.007,-0.007,0.998,2,14,0,0.250,0,1,1.648,-15.798,11.378,-3.884,1.116,0.995,2,14,0,0.232,0,1,1.386,-15.749,5.780,-5.038,-0.038,0.958,2,14,0,0.214,0,1,1.449,-13.100,8.399,-4.808,0.192,1.073,2,14,0,0.202,0,1,1.525,-18.619,8.217,-4.207,0.793,1.089,2,14,0,0.229,0,1,1.626,2.507,17.038,0,0,0.250,-15.639,-8.258,0.826,-0.564
338.0,-15.599,8.396,-5.007,-0.007,0.998,2,14,0,0.250,0,1,1.648,-15.798,11.378,-3.884,1.116,0.995,2,14,0,0.232,0,1,1.386,-15.749,5.780,-5.038,-0.038,0.958,2,14,0,0.214,0,1,1.449,-13.100,8.399,-4.808,0.192,1.073,2,14,0,0.202,0,1,1.525,-18.619,8.217,-4.207,0.793,1.089,2,14,0,0.229,0,1,1.626,2.507,17.586,0,0,0.250,-14.787,-8.780,0.878,-0.479
339.0,-15.599,8.396,-5.007,-0.007,0.998,2,14,0,0.250,0,1,1.648,-15.798,11.378,-3.884,1.116,0.995,2,14,0,0.232,0,1,1.386,-15.749,5.780,-5.038,-0.038,0.958,2,14,0,0.214,0,1,1.449,-13.100,8.399,-4.808,0.192,1.073,2,14,0,0.202,0,1,1.525,-18.619,8.217,-4.207,0.793,1.089,2,14,0,0.229,0,1,1.626,2.507,18.090,0,0,0.250,-13.886,-9.214,0.921,-0.389
340.0,-15.599,8.396,-5.007,-0.007,0.998,2,14,0,0.250,0,1,1.648,-15.798,11.378,-3.884,1.116,0.995,2,14,0,0.232,0,1,1.386,-15.749,5.780,-5.038,-0.038,0.958,2,14,0,0.214,0,1,1.449,-13.100,8.399,-4.808,0.192,1.073,2,14,0,0.202,0,1,1.525,-18.619,8.217,-4.207,0.793,1.089,2,14,0,0.229,0,1,1.626,2.507,18.548,0,0,0.250,-12.947,-9.556,0.956,-0.295
341.0,-15.599,8.396,-5.007,-0.007,0.998,2,14,0,0.250,0,1,1.648,-15.798,11.378,-3.884,1.116,0.995,2,14,0,0.232,0,1,1.386,-15.749,5.780,-5.038,-0.038,0.958,2,14,0,0.214,0,1,1.449,-13.100,8.399,-4.808,0.192,1.073,2,14,0,0.202,0,1,1.525,-18.619,8.217,-4.207,0.793,1.089,2,14,0,0.229,0,1,1.626,2.507,18.961,0,0,0.250,-11.978,-9.802,0.980,-0.198
342.0,-15.599,8.396,-5.007,-0.007,0.998,2,14,0,0.250,0,1,1.648,-15.798,11.378,-3.884,1.116,0.995,2,14,0,0.232,0,1,1.386,-15.749,5.780,-5.038,-0.038,0.958,2,14,0,0.214,0,1,1.449,-13.100,8.399,-4.808,0.192,1.073,2,14,0,0.202,0,1,1.525,-18.619,8.217,-4.207,0.793,1.089,2,14,0,0.229,0,1,1.626,2.507,19.326,0,0,0.250,-10.990,-9.951,0.995,-0.099
343.0,-15.599,8.396,-5.007,-0.007,0.998,2,14,0,0.250,0,1,1.648,-15.798,11.378,-3.884,1.116,0.995,2,14,0,0.232,0,1,1.386,-15.749,5.780,-5.038,-0.038,0.958,2,14,0,0.214,0,1,1.449,-13.100,8.399,-4.808,0.192,1.073,2,14,0,0.202,0,1,1.525,-18.619,8.217,-4.207,0.793,1.089,2,14,0,0.229,0,1,1.626,2.507,19.642,0,0,0.250,-9.991,-10.000,1.000,0.001
344.0,-15.599,8.396,-5.007,-0.007,0.998,2,14,0,0.250,0,1,1.648,-15.798,11.378,-3.884,1.116,0.995,2,14,0,0.232,0,1,1.386,-15.749,5.780,-5.038,-0.038,0.958,2,14,0,0.214,0,1,1.449,-13.100,8.399,-4.808,0.192,1.073,2,14,0,0.202,0,1,1.525,-18.619,8.217,-4.207,0.793,1.089,2,14,0,0.229,0,1,1.626,2.507,19.910,0,0,0.250,-8.993,-9.949,0.995,0.101
345.0,-15.599,8.396,-5.007,-0.007,0.998,2,14,0,0.250,0,1,1.648,-15.798,11.378,-3.884,1.116,0.995,2,14,0,0.232,0,1,1.386,-15.749,5.780,-5.038,-0.038,0.958,2,14,0,0.214,0,1,1.449,-13.100,8.399,-4.808,0.192,1.073,2,14,0,0.202,0,1,1.525,-18.619,8.217,-4.207,0.793,1.089,2,14,0,0.229,0,1,1.626,2.507,20.128,0,0,0.250,-8.005,-9.799,0.980,0.200
346.0,-15.599,8.396,-5.007,-0.007,0.998,2,14,0,0.250,0,1,1.648,-15.798,11.378,-3.884,1.116,0.995,2,14,0,0.232,0,1,1.386,-15.749,5.780,-5.038,-0.038,0.958,2,14,0,0.214,0,1,1.449,-13.100,8.399,-4.808,0.192,1.073,2,14,0,0.202,0,1,1.525,-18.619,8.217,-4.207,0.793,1.089,2,14,0,0.229,0,1,1.626,2.507,20.296,0,0,0.250,-7.036,-9.551,0.955,0.296
347.0,-15.599,8.396,-5.007,-0.007,0.998,2,14,0,0.250,0,1,1.648,-15.798,11.378,-3.884,1.116,0.995,2,14,0,0.232,0,1,1.386,-15.749,5.780,-5.038,-0.038,0.958,2,14,0,0.214,0,1,1.449,-13.100,8.399,-4.808,0.192,1.073,2,14,0,0.202,0,1,1.525,-18.619,8.217,-4.207,0.793,1.089,2,14,0,0.229,0,1,1.626,2.507,20.413,0,0,0.250,-6.098,-9.207,0.921,0.390
348.0,-15.599,8.396,-5.007,-0.007,0.998,2,14,0,0.250,0,1,1.648,-15.798,11.378,-3.884,1.116,0.995,2,14,0,0.232,0,1,1.386,-15.749,5.780,-5.038,-0.038,0.958,2,14,0,0.214,0,1,1.449,-13.100,8.399,-4.808,0.192,1.073,2,14,0,0.202,0,1,1.525,-18.619,8.217,-4.207,0.793,1.089,2,14,0,0.229,0,1,1.626,2.507,20.478,0,0,0.250,-5.198,-8.772,0.877,0.480
349.0,-15.599,8.396,-5.007,-0.007,0.998,2,14,0,0.250,0,1,1.648,-15.798,11.378,-3.884,1.116,0.995,2,14,0,0.232,0,1,1.386,-15.749,5.780,-5.038,-0.038,0.958,2,14,0,0.214,0,1,1.449,-13.100,8.399,-4.808,0.192,1.073,2,14,0,0.202,0,1,1.525,-18.619,8.217,-4.207,0.793,1.089,2,14,0,0.229,0,1,1.626,2.507,20.493,0,0,0.250,-4.346,-8.248,0.825,0.565
350.0,-15.599,8.396,-5.007,-0.007,0.998,2,14,0,0.250,0,1,1.648,-15.798,11.378,-3.884,1.116,0.995,2,14,0,0.232,0,1,1.386,-15.749,5.780,-5.038,-0.038,0.958,2,14,0,0.214,0,1,1.449,-13.100,8.399,-4.808,0.192,1.073,2,14,0,0.202,0,1,1.525,-18.619,8.217,-4.207,0.793,1.089,2,14,0,0.229,0,1,1.626,2.507,20.457,0,0,0.250,-3.551,-7.643,0.764,0.645
351.0,-15.599,8.396,-5.007,-0.007,0.998,2,14,0,0.250,0,1,1.648,-15.798,11.378,-3.884,1.116,0.995,2,14,0,0.232,0,1,1.386,-15.749,5.780,-5.038,-0.038,0.958,2,14,0,0.214,0,1,1.449,-13.100,8.399,-4.808,0.192,1.073,2,14,0,0.202,0,1,1.525,-18.619,8.217,-4.207,0.793,1.089,2,14,0,0.229,0,1,1.626,2.507,20.369,0,0,0.250,-2.820,-6.961,0.696,0.718
352.0,-15.599,8.396,-5.007,-0.007,0.998,2,14,0,0.250,0,1,1.648,-15.798,11.378,-3.884,1.116,0.995,2,14,0,0.232,0,1,1.386,-15.749,5.780,-5.038,-0.038,0.958,2,14,0,0.214,0,1,1.449,-13.100,8.399,-4.808,0.192,1.073,2,14,0,0.202,0,1,1.525,-18.619,8.217,-4.207,0.793,1.089,2,14,0,0.229,0,1,1.626,2.507,20.231,0,0,0.250,-2.161,-6.209,0.621,0.784
353.0,-15.599,8.396,-5.007,-0.007,0.998,2,14,0,0.250,0,1,1.648,-15.798,11.378,-3.884,1.116,0.995,2,14,0,0.232,0,1,1.386,-15.749,5.780,-5.038,-0.038,0.958,2,14,0,0.214,0,1,1.449,-13.100,8.399,-4.808,0.192,1.073,2,14,0,0.202,0,1,1.525,-18.619,8.217,-4.207,0.793,1.089,2,14,0,0.229,0,1,1.626,2.507,20.042,0,0,0.250,-1.581,-5.396,0.540,0.842
354.0,-15.599,8.396,-5.007,-0.007,0.998,2,14,0,0.250,0,1,1.648,-15.798,11.378,-3.884,1.116,0.995,2,14,0,0.232,0,1,1.386,-15.749,5.780,-5.038,-0.038,0.958,2,14,0,0.214,0,1,1.449,-13.100,8.399,-4.808,0.192,1.073,2,14,0,0.202,0,1,1.525,-18.619,8.217,-4.207,0.793,1.089,2,14,0,0.229,0,1,1.626,2.507,19.814,0,0,0.250,-1.084,-4.528,0.453,0.892
355.0,-15.599,8.396,-5.007,-0.007,0.998,2,14,0,0.250,0,1,1.648,-15.798,11.378,-3.884,1.116,0.995,2,14,0,0.232,0,1,1.386,-15.749,5.780,-5.038,-0.038,0.958,2,14,0,0.214,0,1,1.449,-13.100,8.399,-4.808,0.192,1.073,2,14,0,0.202,0,1,1.525,-18.619,8.217,-4.207,0.793,1.089,2,14,0,0.229,0,1,1.626,2.507,19.551,0,0,0.250,-0.676,-3.615,0.362,0.932
356.0,-15.599,8.396,-5.007,-0.007,0.998,2,14,0,0.250,0,1,1.648,-15.798,11.378,-3.884,1.116,0.995,2,14,0,0.232,0,1,1.386,-15.749,5.780,-5.038,-0.038,0.958,2,14,0,0.214,0,1,1.449,-13.100,8.399,-4.808,0.192,1.073,2,14,0,0.202,0,1,1.525,-18.619,8.217,-4.207,0.793,1.089,2,14,0,0.229,0,1,1.626,2.507,19.239,0,0,0.250,-0.362,-2.667,0.267,0.964
357.0,-15.599,8.396,-5.007,-0.007,0.998,2,14,0,0.250,0,1,1.648,-15.798,11.378,-3.884,1.116,0.995,2,14,0,0.232,0,1,1.386,-15.749,5.780,-5.038,-0.038,0.958,2,14,0,0.214,0,1,1.449,-13.100,8.399,-4.808,0.192,1.073,2,14,0,0.202,0,1,1.525,-18.619,8.217,-4.207,0.793,1.089,2,14,0,0.229,0,1,1.626,2.507,18.879,0,0,0.250,-0.144,-1.691,0.169,0.986
358.0,-15.599,8.396,-5.007,-0.007,0.998,2,14,0,0.250,0,1,1.648,-15.798,11.378,-3.884,1.116,0.995,2,14,0,0.232,0,1,1.386,-15.749,5.780,-5.038,-0.038,0.958,2,14,0,0.214,0,1,1.449,-13.100,8.399,-4.808,0.192,1.073,2,14,0,0.202,0,1,1.525,-18.619,8.217,-4.207,0.793,1.089,2,14,0,0.229,0,1,1.626,2.507,18.471,0,0,0.250,-0.024,-0.699,0.070,0.998
359.0,-15.599,8.396,-5.007,-0.007,0.998,2,14,0,0.250,0,1,1.648,-15.798,11.378,-3.884,1.116,0.995,2,14,0,0.232,0,1,1.386,-15.749,5.780,-5.038,-0.038,0.958,2,14,0,0.214,0,1,1.449,-13.100,8.399,-4.808,0.192,1.073,2,14,0,0.202,0,1,1.525,-18.619,8.217,-4.207,0.793,1.089,2,14,0,0.229,0,1,1.626,2.507,18.018,0,0,0.250,-0.005,0.301,-0.030,1.000
360.0,-15.599,8.396,-5.007,-0.007,0.998,2,14,0,0.250,0,1,1.648,-15.798,11.378,-3.884,1.116,0.995,2,14,0,0.232,0,1,1.386,-15.749,5.780,-5.038,-0.038,0.958,2,14,0,0.214,0,1,1.449,-13.100,8.399,-4.808,0.192,1.073,2,14,0,0.202,0,1,1.525,-18.619,8.217,-4.207,0.793,1.089,2,14,0,0.229,0,1,1.626,2.507,17.520,0,0,0.250,-0.084,1.297,-0.130,0.992
361.0,-15.599,8.396,-5.007,-0.007,0.998,2,14,0,0.250,0,1,1.648,-15.798,11.378,-3.884,1.116,0.995,2,14,0,0.232,0,1,1.386,-15.749,5.780,-5.038,-0.038,0.958,2,14,0,0.214,0,1,1.449,-13.100,8.399,-4.808,0.192,1.073,2,14,0,0.202,0,1,1.525,-18.619,8.217,-4.207,0.793,1.089,2,14,0,0.229,0,1,1.626,2.507,16.977,0,0,0.250,-0.264,2.280,-0.228,0.974
362.0,-15.599,8.396,-5.007,-0.007,0.998,2,14,0,0.250,0,1,1.648,-15.798,11.378,-3.884,1.116,0.995,2,14,0,0.232,0,1,1.386,-15.749,5.780,-5.038,-0.038,0.958,2,14,0,0.214,0,1,1.449,-13.100,8.399,-4.808,0.192,1.073,2,14,0,0.202,0,1,1.525,-18.619,8.217,-4.207,0.793,1.089,2,14,0,0.229,0,1,1.626,2.507,16.393,0,0,0.250,-0.540,3.241,-0.324,0.946
363.0,-15.599,8.396,-5.007,-0.007,0.998,2,14,0,0.250,0,1,1.648,-15.798,11.378,-3.884,1.116,0.995,2,14,0,0.232,0,1,1.386,-15.749,5.780,-5.038,-0.038,0.958,2,14,0,0.214,0,1,1.449,-13.100,8.399,-4.808,0.192,1.073,2,14,0,0.202,0,1,1.525,-18.619,8.217,-4.207,0.793,1.089,2,14,0,0.229,0,1,1.626,2.507,15.767,0,0,0.250,-0.911,4.169,-0.417,0.909
364.0,-15.599,8.396,-5.007,-0.007,0.998,2,14,0,0.250,0,1,1.648,-15.798,11.378,-3.884,1.116,0.995,2,14,0,0.232,0,1,1.386,-15.749,5.780,-5.038,-0.038,0.958,2,14,0,0.214,0,1,1.449,-13.100,8.399,-4.808,0.192,1.073,2,14,0,0.202,0,1,1.525,-18.619,8.217,-4.207,0.793,1.089,2,14,0,0.229,0,1,1.626,2.507,15.103,0,0,0.250,-1.372,5.056,-0.506,0.863
365.0,-15.599,8.396,-5.007,-0.007,0.998,2,14,0,0.250,0,1,1.648,-15.798,11.378,-3.884,1.116,0.995,2,14,0,0.232,0,1,1.386,-15.749,5.780,-5.038,-0.038,0.958,2,14,0,0.214,0,1,1.449,-13.100,8.399,-4.808,0.192,1.073,2,14,0,0.202,0,1,1.525,-18.619,8.217,-4.207,0.793,1.089,2,14,0,0.229,0,1,1.626,2.507,14.400,0,0,0.250,-1.920,5.892,-0.589,0.808
366.0,-15.599,8.396,-5.007,-0.007,0.998,2,14,0,0.250,0,1,1.648,-15.798,11.378,-3.884,1.116,0.995,2,14,0,0.232,0,1,1.386,-15.749,5.780,-5.038,-0.038,0.958,2,14,0,0.214,0,1,1.449,-13.100,8.399,-4.808,0.192,1.073,2,14,0,0.202,0,1,1.525,-18.619,8.217,-4.207,0.793,1.089,2,14,0,0.229,0,1,1.626,2.507,13.661,0,0,0.250,-2.549,6.669,-0.667,0.745
367.0,-15.599,8.396,-5.007,-0.007,0.998,2,14,0,0.250,0,1,1.648,-15.798,11.378,-3.884,1.116,0.995,2,14,0,0.232,0,1,1.386,-15.749,5.780,-5.038,-0.038,0.958,2,14,0,0.214,0,1,1.449,-13.100,8.399,-4.808,0.192,1.073,2,14,0,0.202,0,1,1.525,-18.619,8.217,-4.207,0.793,1.089,2,14,0,0.229,0,1,1.626,2.507,12.889,0,0,0.250,-3.252,7.380,-0.738,0.675
368.0,-15.599,8.396,-5.007,-0.007,0.998,2,14,0,0.250,0,1,1.648,-15.798,11.378,-3.884,1.116,0.995,2,14,0,0.232,0,1,1.386,-15.749,5.780,-5.038,-0.038,0.958,2,14,0,0.214,0,1,1.449,-13.100,8.399,-4.808,0.192,1.073,2,14,0,0.202,0,1,1.525,-18.619,8.217,-4.207,0.793,1.089,2,14,0,0.229,0,1,1.626,2.507,12.084,0,0,0.250,-4.022,8.017,-0.802,0.598
369.0,-15.599,8.396,-5.007,-0.007,0.998,2,14,0,0.250,0,1,1.648,-15.798,11.378,-3.884,1.116,0.995,2,14,0,0.232,0,1,1.386,-15.749,5.780,-5.038,-0.038,0.958,2,14,0,0.214,0,1,1.449,-13.100,8.399,-4.808,0.192,1.073,2,14,0,0.202,0,1,1.525,-18.619,8.217,-4.207,0.793,1.089,2,14,0,0.229,0,1,1.626,2.507,11.249,0,0,0.250,-4.852,8.573,-0.857,0.515
370.0,-15.599,8.396,-5.007,-0.007,0.998,2,14,0,0.250,0,1,1.648,-15.798,11.378,-3.884,1.116,0.995,2,14,0,0.232,0,1,1.386,-15.749,5.780,-5.038,-0.038,0.958,2,14,0,0.214,0,1,1.449,-13.100,8.399,-4.808,0.192,1.073,2,14,0,0.202,0,1,1.525,-18.619,8.217,-4.207,0.793,1.089,2,14,0,0.229,0,1,1.626,2.507,10.386,0,0,0.250,-5.734,9.044,-0.904,0.427
371.0,-15.599,8.396,-5.007,-0.007,0.998,2,14,0,0.250,0,1,1.648,-15.798,11.378,-3.884,1.116,0.995,2,14,0,0.232,0,1,1.386,-15.749,5.780,-5.038,-0.038,0.958,2,14,0,0.214,0,1,1.449,-13.100,8.399,-4.808,0.192,1.073,2,14,0,0.202,0,1,1.525,-18.619,8.217,-4.207,0.793,1.089,2,14,0,0.229,0,1,1.626,2.507,9.498,0,0,0.250,-6.658,9.425,-0.943,0.334
372.0,-15.599,8.396,-5.007,-0.007,0.998,2,14,0,0.250,0,1,1.648,-15.798,11.378,-3.884,1.116,0.995,2,14,0,0.232,0,1,1.386,-15.749,5.780,-5.038,-0.038,0.958,2,14,0,0.214,0,1,1.449,-13.100,8.399,-4.808,0.192,1.073,2,14,0,0.202,0,1,1.525,-18.619,8.217,-4.207,0.793,1.089,2,14,0,0.229,0,1,1.626,2.507,8.585,0,0,0.250,-7.616,9.712,-0.971,0.238
373.0,-15.599,8.396,-5.007,-0.007,0.998,2,14,0,0.250,0,1,1.648,-15.798,11.378,-3.884,1.116,0.995,2,14,0,0.232,0,1,1.386,-15.749,5.780,-5.038,-0.038,0.958,2,14,0,0.214,0,1,1.449,-13.100,8.399,-4.808,0.192,1.073,2,14,0,0.202,0,1,1.525,-18.619,8.217,-4.207,0.793,1.089,2,14,0,0.229,0,1,1.626,2.507,7.652,0,0,0.250,-8.597,9.901,-0.990,0.140
374.0,-15.599,8.396,-5.007,-0.007,0.998,2,14,0,0.250,0,1,1.648,-15.798,11.378,-3.884,1.116,0.995,2,14,0,0.232,0,1,1.386,-15.749,5.780,-5.038,-0.038,0.958,2,14,0,0.214,0,1,1.449,-13.100,8.399,-4.808,0.192,1.073,2,14,0,0.202,0,1,1.525,-18.619,8.217,-4.207,0.793,1.089,2,14,0,0.229,0,1,1.626,2.507,6.700,0,0,0.250,-9.593,9.992,-0.999,0.041
375.0,-15.599,8.396,-5.007,-0.007,0.998,2,14,0,0.250,0,1,1.648,-15.798,11.378,-3.884,1.116,0.995,2,14,0,0.232,0,1,1.386,-15.749,5.780,-5.038,-0.038,0.958,2,14,0,0.214,0,1,1.449,-13.100,8.399,-4.808,0.192,1.073,2,14,0,0.202,0,1,1.525,-18.619,8.217,-4.207,0.793,1.089,2,14,0,0.229,0,1,1.626,2.507,5.731,0,0,0.250,-10.592,9.982,-0.998,-0.059
376.0,-15.599,8.396,-5.007,-0.007,0.998,2,14,0,0.250,0,1,1.648,-15.798,11.378,-3.884,1.116,0.995,2,14,0,0.232,0,1,1.386,-15.749,5.780,-5.038,-0.038,0.958,2,14,0,0.214,0,1,1.449,-13.100,8.399,-4.808,0.192,1.073,2,14,0,0.202,0,1,1.525,-18.619,8.217,-4.207,0.793,1.089,2,14,0,0.229,0,1,1.626,2.507,4.749,0,0,0.250,-11.586,9.873,-0.987,-0.159
377.0,-15.599,8.396,-5.007,-0.007,0.998,2,14,0,0.250,0,1,1.648,-15.798,11.378,-3.884,1.116,0.995,2,14,0,0.232,0,1,1.386,-15.749,5.780,-5.038,-0.038,0.958,2,14,0,0.214,0,1,1.449,-13.100,8.399,-4.808,0.192,1.073,2,14,0,0.202,0,1,1.525,-18.619,8.217,-4.207,0.793,1.089,2,14,0,0.229,0,1,1.626,2.507,3.757,0,0,0.250,-12.564,9.666,-0.967,-0.256
378.0,-15.599,8.396,-5.007,-0.007,0.998,2,14,0,0.250,0,1,1.648,-15.798,11.378,-3.884,1.116,0.995,2,14,0,0.232,0,1,1.386,-15.749,5.780,-5.038,-0.038,0.958,2,14,0,0.214,0,1,1.449,-13.100,8.399,-4.808,0.192,1.073,2,14,0,0.202,0,1,1.525,-18.619,8.217,-4.207,0.793,1.089,2,14,0,0.229,0,1,1.626,2.507,2.758,0,0,0.250,-13.516,9.362,-0.936,-0.352
379.0,-15.599,8.396,-5.007,-0.007,0.998,2,14,0,0.250,0,1,1.648,-15.798,11.378,-3.884,1.116,0.995,2,14,0,0.232,0,1,1.386,-15.749,5.780,-5.038,-0.038,0.958,2,14,0,0.214,0,1,1.449,-13.100,8.399,-4.808,0.192,1.073,2,14,0,0.202,0,1,1.525,-18.619,8.217,-4.207,0.793,1.089,2,14,0,0.229,0,1,1.626,2.507,1.760,0,0,0.250,-14.433,8.964,-0.896,-0.443
380.0,-15.599,8.396,-5.007,-0.007,0.998,2,14,0,0.250,0,1,1.648,-15.798,11.378,-3.884,1.116,0.995,2,14,0,0.232,0,1,1.386,-15.749,5.780,-5.038,-0.038,0.958,2,14,0,0.214,0,1,1.449,-13.100,8.399,-4.808,0.192,1.073,2,14,0,0.202,0,1,1.525,-18.619,8.217,-4.207,0.793,1.089,2,14,0,0.229,0,1,1.626,2.507,0.798,0,0,0.250,-15.306,8.476,-0.848,-0.531
381.0,-15.599,8.396,-5.007,-0.007,0.998,2,14,0,0.250,0,1,1.648,-15.798,11.378,-3.884,1.116,0.995,2,14,0,0.232,0,1,1.386,-15.749,5.780,-5.038,-0.038,0.958,2,14,0,0.214,0,1,1.449,-13.100,8.399,-4.808,0.192,1.073,2,14,0,0.202,0,1,1.525,-18.619,8.217,-4.207,0.793,1.089,2,14,0,0.229,0,1,1.626,2.507,0.953,0,0,0.250,-16.125,7.904,-0.790,-0.613
382.0,-15.599,8.396,-5.007,-0.007,0.998,2,14,0,0.250,0,1,1.648,-15.798,11.378,-3.884,1.116,0.995,2,14,0,0.232,0,1,1.386,-15.749,5.780,-5.038,-0.038,0.958,2,14,0,0.214,0,1,1.449,-13.100,8.399,-4.808,0.192,1.073,2,14,0,0.202,0,1,1.525,-18.619,8.217,-4.207,0.793,1.089,2,14,0,0.229,0,1,1.626,2.507,1.902,0,0,0.250,-16.884,7.253,-0.725,-0.688
383.0,-15.599,8.396,-5.007,-0.007,0.998,2,14,0,0.250,0,1,1.648,-15.798,11.378,-3.884,1.116,0.995,2,14,0,0.232,0,1,1.386,-15.749,5.780,-5.038,-0.038,0.958,2,14,0,0.214,0,1,1.449,-13.100,8.399,-4.808,0.192,1.073,2,14,0,0.202,0,1,1.525,-18.619,8.217,-4.207,0.793,1.089,2,14,0,0.229,0,1,1.626,2.507,2.897,0,0,0.250,-17.574,6.530,-0.653,-0.757
384.0,-15.599,8.396,-5.007,-0.007,0.998,2,14,0,0.250,0,1,1.648,-15.798,11.378,-3.884,1.116,0.995,2,14,0,0.232,0,1,1.386,-15.749,5.780,-5.038,-0.038,0.958,2,14,0,0.214,0,1,1.449,-13.100,8.399,-4.808,0.192,1.073,2,14,0,0.202,0,1,1.525,-18.619,8.217,-4.207,0.793,1.089,2,14,0,0.229,0,1,1.626,2.507,3.896,0,0,0.250,-18.188,5.741,-0.574,-0.819
