t,d0_x,d0_y,d0_z,d0_zerr,d0_velxy,d0_arm,d0_nav,d0_mpc,d0_solve_ms,d0_fallback,d0_hover,d0_poserr,d1_x,d1_y,d1_z,d1_zerr,d1_velxy,d1_arm,d1_nav,d1_mpc,d1_solve_ms,d1_fallback,d1_hover,d1_poserr,d2_x,d2_y,d2_z,d2_zerr,d2_velxy,d2_arm,d2_nav,d2_mpc,d2_solve_ms,d2_fallback,d2_hover,d2_poserr,d3_x,d3_y,d3_z,d3_zerr,d3_velxy,d3_arm,d3_nav,d3_mpc,d3_solve_ms,d3_fallback,d3_hover,d3_poserr,d4_x,d4_y,d4_z,d4_zerr,d4_velxy,d4_arm,d4_nav,d4_mpc,d4_solve_ms,d4_fallback,d4_hover,d4_poserr,min_spacing,formation_max_err,safety_violations,total_fallbacks,max_solve_ms,leader_x,leader_y,leader_vx,leader_vy
1.0,-0.365,-0.115,-4.730,0.270,0.048,0,0,0,0.188,0,0,0.220,-0.137,3.035,-4.053,0.947,0.118,0,0,0,0.170,0,0,0.073,-0.150,-3.120,-4.205,0.795,0.006,2,14,0,0.176,0,0,0.105,2.678,0.163,-4.249,0.751,0.098,0,0,0,0.177,0,0,0.018,-2.850,-0.159,-3.722,1.278,0.084,2,14,0,0.182,0,0,0.029,2.681,nan,0,0,0.188,nan,nan,nan,nan
2.0,-0.296,-0.095,-4.811,0.189,0.110,2,14,0,0.190,0,0,0.154,-0.006,2.987,-4.092,0.908,0.068,2,14,0,0.177,0,0,0.109,-0.148,-3.006,-4.310,0.690,0.053,2,14,0,0.173,0,0,0.056,2.595,0.163,-4.379,0.621,0.060,2,14,0,0.178,0,0,0.101,-2.934,-0.279,-3.849,1.151,0.062,2,14,0,0.172,0,0,0.173,2.814,0.436,0,0,0.190,0.000,0.000,0.000,0.000
3.0,-0.160,0.033,-4.855,0.145,0.123,2,14,0,0.220,0,0,0.034,-0.021,3.027,-4.215,0.785,0.022,2,14,0,0.176,0,0,0.073,-0.128,-2.966,-4.327,0.673,0.034,2,14,0,0.147,0,0,0.070,2.547,0.164,-4.402,0.598,0.022,2,14,0,0.245,0,0,0.150,-2.882,-0.321,-3.859,1.141,0.026,2,14,0,0.153,0,0,0.186,2.748,0.481,0,0,0.245,0.000,0.000,0.000,0.000
4.0,-0.124,0.087,-4.934,0.066,0.049,2,14,0,0.166,0,0,0.100,-0.033,3.036,-4.296,0.704,0.027,2,14,0,0.149,0,0,0.058,-0.116,-3.014,-4.357,0.643,0.049,2,14,0,0.208,0,0,0.026,2.592,0.153,-4.460,0.540,0.053,2,14,0,0.209,0,0,0.105,-2.768,-0.304,-3.971,1.029,0.085,2,14,0,0.188,0,0,0.168,2.759,0.435,0,0,0.209,0.000,0.000,0.000,0.000
5.0,-0.092,0.085,-4.953,0.047,0.028,2,14,0,0.188,0,0,0.119,-0.042,3.097,-4.254,0.746,0.039,2,14,0,0.265,0,0,0.040,-0.080,-3.088,-4.418,0.582,0.050,2,14,0,0.206,0,0,0.059,2.722,0.149,-4.509,0.491,0.068,2,14,0,0.180,0,0,0.023,-2.718,-0.147,-3.943,1.057,0.117,2,14,0,0.177,0,0,0.105,2.823,0.317,0,0,0.265,0.000,0.000,0.000,0.000
6.0,-0.114,0.051,-4.981,0.019,0.067,2,14,0,0.164,0,0,0.082,-0.054,3.087,-4.250,0.750,0.038,2,14,0,0.173,0,0,0.027,0.002,-3.116,-4.467,0.533,0.016,2,14,0,0.179,0,0,0.132,2.755,0.129,-4.501,0.499,0.018,2,14,0,0.190,0,0,0.062,-2.792,-0.068,-3.957,1.043,0.088,2,14,0,0.218,0,0,0.083,2.870,0.277,0,0,0.218,0.000,0.000,0.000,0.000
7.0,-0.238,-0.011,-4.992,0.008,0.073,2,14,0,0.190,0,0,0.058,-0.107,3.092,-4.291,0.709,0.028,2,14,0,0.144,0,0,0.035,-0.010,-3.076,-4.498,0.502,0.051,2,14,0,0.178,0,0,0.101,2.766,0.134,-4.472,0.528,0.028,2,14,0,0.179,0,0,0.072,-2.873,-0.063,-3.941,1.059,0.050,2,14,0,0.182,0,0,0.096,2.838,0.270,0,0,0.190,0.000,0.000,0.000,0.000
8.0,-0.237,-0.084,-5.027,-0.027,0.032,2,14,0,0.160,0,0,0.104,-0.091,3.144,-4.260,0.740,0.000,2,14,0,0.150,0,0,0.071,-0.100,-3.024,-4.425,0.575,0.067,2,14,0,0.425,0,0,0.006,2.745,0.149,-4.519,0.481,0.050,2,14,0,0.152,0,0,0.048,-3.025,-0.033,-4.001,0.999,0.033,2,14,0,0.176,0,0,0.231,2.972,0.296,0,0,0.425,0.000,0.000,0.000,0.000
9.0,-0.169,-0.153,-5.087,-0.087,0.029,2,14,0,0.191,0,0,0.158,-0.129,3.141,-4.258,0.742,0.035,2,14,0,0.175,0,0,0.085,-0.137,-2.997,-4.398,0.602,0.031,2,14,0,0.210,0,0,0.052,2.660,0.185,-4.522,0.478,0.065,2,14,0,0.178,0,0,0.046,-3.060,-0.090,-3.957,1.043,0.095,2,14,0,0.176,0,0,0.243,2.905,0.387,0,0,0.210,0.000,0.000,0.000,0.000
10.0,-0.174,-0.060,-5.064,-0.064,0.076,2,14,0,0.163,0,0,0.066,-0.217,3.086,-4.217,0.783,0.053,2,14,0,0.145,0,0,0.141,-0.135,-2.962,-4.462,0.538,0.008,2,14,0,0.175,0,0,0.077,2.582,0.198,-4.516,0.484,0.026,2,14,0,0.179,0,0,0.121,-2.872,-0.107,-3.904,1.096,0.160,2,14,0,0.176,0,0,0.061,2.822,0.463,0,0,0.179,0.000,0.000,0.000,0.000
11.0,-0.150,-0.008,-5.062,-0.062,0.068,2,14,0,0.192,0,0,0.034,-0.148,3.050,-4.287,0.713,0.078,2,14,0,0.175,0,0,0.077,-0.129,-2.993,-4.438,0.562,0.045,2,14,0,0.148,0,0,0.050,2.565,0.178,-4.514,0.486,0.034,2,14,0,0.187,0,0,0.133,-2.716,-0.166,-3.970,1.030,0.120,2,14,0,0.215,0,0,0.109,2.776,0.470,0,0,0.215,0.000,0.000,0.000,0.000
12.0,-0.126,0.055,-5.109,-0.109,0.044,2,14,0,0.168,0,0,0.074,-0.071,2.960,-4.292,0.708,0.072,2,14,0,0.291,0,0,0.113,-0.079,-3.047,-4.437,0.563,0.048,2,14,0,0.152,0,0,0.025,2.621,0.148,-4.502,0.498,0.081,2,14,0,0.426,0,0,0.079,-2.599,-0.215,-3.990,1.010,0.040,2,14,0,0.177,0,0,0.235,2.727,0.455,0,0,0.426,0.000,0.000,0.000,0.000
13.0,-0.130,0.003,-4.969,0.031,0.024,2,14,0,0.188,0,0,0.052,0.025,2.957,-4.299,0.701,0.058,2,14,0,0.178,0,0,0.154,-0.137,-3.049,-4.482,0.518,0.017,2,14,0,0.178,0,0,0.044,2.718,0.123,-4.479,0.521,0.087,2,14,0,0.183,0,0,0.037,-2.651,-0.224,-3.990,1.010,0.080,2,14,0,0.173,0,0,0.189,2.714,0.414,0,0,0.188,0.000,0.000,0.000,0.000
14.0,-0.184,0.002,-4.930,0.070,0.033,2,14,0,0.193,0,0,0.004,0.047,2.978,-4.316,0.684,0.067,2,14,0,0.207,0,0,0.156,-0.122,-3.026,-4.465,0.535,0.025,2,14,0,0.186,0,0,0.026,2.830,0.098,-4.500,0.500,0.050,2,14,0,0.149,0,0,0.143,-2.721,-0.205,-3.971,1.029,0.112,2,14,0,0.177,0,0,0.118,2.720,0.346,0,0,0.207,0.000,0.000,0.000,0.000
15.0,-0.234,-0.021,-4.991,0.009,0.021,2,14,0,0.163,0,0,0.059,0.026,3.088,-4.330,0.670,0.094,2,14,0,0.171,0,0,0.104,-0.065,-3.034,-4.465,0.535,0.031,2,14,0,0.157,0,0,0.034,2.811,0.158,-4.547,0.453,0.037,2,14,0,0.195,0,0,0.113,-2.815,-0.162,-3.909,1.091,0.114,2,14,0,0.206,0,0,0.019,2.802,0.247,0,0,0.206,0.000,0.000,0.000,0.000
16.0,-0.291,0.002,-4.957,0.043,0.018,2,14,0,0.191,0,0,0.110,-0.005,3.126,-4.243,0.757,0.073,2,14,0,0.181,0,0,0.089,-0.130,-3.088,-4.399,0.601,0.017,2,14,0,0.198,0,0,0.067,2.692,0.180,-4.507,0.493,0.071,2,14,0,0.157,0,0,0.026,-2.965,-0.085,-3.969,1.031,0.076,2,14,0,0.153,0,0,0.154,2.853,0.357,0,0,0.198,0.000,0.000,0.000,0.000
17.0,-0.293,-0.026,-5.014,-0.014,0.043,2,14,0,0.226,0,0,0.116,-0.072,3.090,-4.291,0.709,0.066,2,14,0,0.172,0,0,0.019,-0.152,-3.005,-4.449,0.551,0.029,2,14,0,0.173,0,0,0.060,2.651,0.184,-4.569,0.431,0.043,2,14,0,0.180,0,0,0.055,-2.952,-0.088,-3.969,1.031,0.017,2,14,0,0.196,0,0,0.141,2.857,0.395,0,0,0.226,0.000,0.000,0.000,0.000
18.0,-0.221,0.015,-5.021,-0.021,0.077,2,14,0,0.192,0,0,0.041,-0.131,3.072,-4.296,0.704,0.042,2,14,0,0.170,0,0,0.054,-0.077,-2.996,-4.437,0.563,0.041,2,14,0,0.200,0,0,0.039,2.612,0.184,-4.578,0.422,0.014,2,14,0,0.212,0,0,0.091,-2.967,-0.116,-4.017,0.983,0.055,2,14,0,0.182,0,0,0.147,2.872,0.430,0,0,0.212,0.000,0.000,0.000,0.000
19.0,-0.140,0.070,-4.997,0.003,0.049,2,14,0,0.210,0,0,0.077,-0.150,3.094,-4.259,0.741,0.008,2,14,0,0.222,0,0,0.077,-0.079,-3.036,-4.442,0.558,0.016,2,14,0,0.175,0,0,0.020,2.639,0.164,-4.499,0.501,0.031,2,14,0,0.153,0,0,0.059,-2.875,-0.120,-3.946,1.054,0.105,2,14,0,0.177,0,0,0.058,2.825,0.396,0,0,0.222,0.000,0.000,0.000,0.000
20.0,-0.083,0.071,-5.001,-0.001,0.034,2,14,0,0.189,0,0,0.118,-0.199,3.187,-4.293,0.707,0.014,2,14,0,0.184,0,0,0.165,-0.087,-3.018,-4.463,0.537,0.006,2,14,0,0.356,0,0,0.016,2.657,0.084,-4.479,0.521,0.046,2,14,0,0.181,0,0,0.081,-2.727,-0.159,-3.926,1.074,0.092,2,14,0,0.176,0,0,0.097,2.789,0.353,0,0,0.356,0.000,0.000,0.000,0.000
21.0,-0.116,-0.003,-5.022,-0.022,0.057,2,14,0,0.188,0,0,0.066,-0.207,3.178,-4.302,0.698,0.079,2,14,0,0.177,0,0,0.169,-0.076,-2.977,-4.398,0.602,0.012,2,14,0,0.150,0,0,0.057,2.749,0.057,-4.525,0.475,0.050,2,14,0,0.157,0,0,0.111,-2.622,-0.183,-3.947,1.053,0.012,2,14,0,0.149,0,0,0.205,2.733,0.420,0,0,0.188,0.000,0.000,0.000,0.000
22.0,-0.277,0.014,-5.017,-0.017,0.039,2,14,0,0.188,0,0,0.097,-0.120,3.073,-4.314,0.686,0.118,2,14,0,0.172,0,0,0.044,-0.077,-2.977,-4.373,0.627,0.028,2,14,0,0.208,0,0,0.057,2.792,0.091,-4.538,0.462,0.052,2,14,0,0.179,0,0,0.115,-2.664,-0.162,-3.940,1.060,0.073,2,14,0,0.175,0,0,0.160,2.625,0.373,0,0,0.208,0.000,0.000,0.000,0.000
23.0,-0.191,-0.024,-5.001,-0.001,0.038,2,14,0,0.187,0,0,0.031,-0.057,3.027,-4.285,0.715,0.080,2,14,0,0.147,0,0,0.050,-0.130,-3.002,-4.450,0.550,0.043,2,14,0,0.144,0,0,0.043,2.704,0.227,-4.498,0.502,0.086,2,14,0,0.183,0,0,0.071,-2.771,-0.167,-3.936,1.064,0.111,2,14,0,0.182,0,0,0.057,2.794,0.373,0,0,0.187,0.000,0.000,0.000,0.000
24.0,-0.100,-0.071,-4.954,0.046,0.011,2,14,0,0.190,0,0,0.123,-0.015,2.988,-4.294,0.706,0.032,2,14,0,0.206,0,0,0.116,-0.170,-3.037,-4.413,0.587,0.039,2,14,0,0.204,0,0,0.076,2.679,0.283,-4.476,0.524,0.020,2,14,0,0.195,0,0,0.118,-2.905,-0.198,-3.997,1.003,0.089,2,14,0,0.232,0,0,0.106,2.842,0.418,0,0,0.232,-0.000,0.014,-0.000,0.076
25.0,-0.182,0.003,-4.991,0.009,0.108,2,14,0,0.187,0,0,0.192,0.012,3.031,-4.247,0.753,0.102,2,14,0,0.175,0,0,0.245,-0.147,-3.024,-4.503,0.497,0.051,2,14,0,0.214,0,0,0.186,2.677,0.216,-4.534,0.466,0.026,2,14,0,0.228,0,0,0.125,-3.033,-0.126,-3.976,1.024,0.115,2,14,0,0.176,0,0,0.270,2.903,0.323,0,0,0.228,-0.002,0.190,-0.005,0.276
26.0,-0.252,0.212,-5.040,-0.040,0.324,2,14,0,0.185,0,0,0.363,0.060,3.259,-4.269,0.731,0.347,2,14,0,0.170,0,0,0.408,-0.055,-2.868,-4.445,0.555,0.291,2,14,0,0.215,0,0,0.404,2.707,0.346,-4.564,0.436,0.254,2,14,0,0.176,0,0,0.371,-2.993,0.041,-3.938,1.062,0.330,2,14,0,0.211,0,0,0.413,2.959,0.526,0,0,0.215,-0.016,0.566,-0.027,0.475
27.0,-0.179,0.669,-4.986,0.014,0.608,2,14,0,0.190,0,0,0.486,0.063,3.796,-4.279,0.721,0.637,2,14,0,0.206,0,0,0.462,-0.071,-2.414,-4.433,0.567,0.590,2,14,0,0.325,0,0,0.523,2.776,0.773,-4.489,0.511,0.574,2,14,0,0.180,0,0,0.536,-2.772,0.514,-3.941,1.059,0.618,2,14,0,0.176,0,0,0.495,2.800,0.692,0,0,0.325,-0.065,1.140,-0.077,0.672
28.0,-0.127,1.430,-5.002,-0.002,0.924,2,14,0,0.189,0,0,0.544,-0.042,4.541,-4.298,0.702,0.908,2,14,0,0.175,0,0,0.488,-0.125,-1.643,-4.422,0.578,0.916,2,14,0,0.177,0,0,0.540,2.645,1.503,-4.450,0.550,0.911,2,14,0,0.179,0,0,0.580,-2.800,1.317,-3.976,1.024,0.886,2,14,0,0.147,0,0,0.490,2.827,0.704,0,0,0.189,-0.183,1.907,-0.167,0.860
29.0,-0.300,2.421,-4.960,0.040,1.196,2,14,0,0.192,0,0,0.525,-0.264,5.581,-4.279,0.721,1.180,2,14,0,0.172,0,0,0.401,-0.207,-0.567,-4.458,0.542,1.182,2,14,0,0.178,0,0,0.480,2.474,2.556,-4.511,0.489,1.201,2,14,0,0.224,0,0,0.488,-2.919,2.374,-3.910,1.090,1.152,2,14,0,0.173,0,0,0.451,2.813,0.679,0,0,0.224,-0.412,2.840,-0.284,0.959
30.0,-0.627,3.639,-5.009,-0.009,1.367,2,14,0,0.188,0,0,0.340,-0.593,6.789,-4.247,0.753,1.310,2,14,0,0.171,0,0,0.237,-0.465,0.718,-4.464,0.536,1.346,2,14,0,0.172,0,0,0.373,2.249,3.795,-4.515,0.485,1.352,2,14,0,0.208,0,0,0.327,-3.206,3.594,-4.001,0.999,1.303,2,14,0,0.176,0,0,0.364,2.769,0.570,0,0,0.208,-0.743,3.783,-0.378,0.926
31.0,-1.146,4.907,-4.966,0.034,1.361,2,14,0,0.191,0,0,0.290,-1.058,7.936,-4.333,0.667,1.281,2,14,0,0.177,0,0,0.251,-1.021,1.943,-4.455,0.545,1.312,2,14,0,0.176,0,0,0.374,1.769,5.036,-4.455,0.545,1.347,2,14,0,0.152,0,0,0.304,-3.683,4.774,-4.001,0.999,1.283,2,14,0,0.196,0,0,0.385,2.717,0.492,0,0,0.196,-1.167,4.689,-0.469,0.883
32.0,-1.746,6.033,-4.953,0.047,1.221,2,14,0,0.223,0,0,0.494,-1.664,9.020,-4.288,0.712,1.195,2,14,0,0.174,0,0,0.410,-1.612,2.989,-4.432,0.568,1.169,2,14,0,0.179,0,0,0.502,1.158,6.112,-4.506,0.494,1.227,2,14,0,0.186,0,0,0.434,-4.328,5.811,-3.982,1.018,1.193,2,14,0,0.177,0,0,0.446,2.767,0.588,0,0,0.223,-1.679,5.547,-0.555,0.832
33.0,-2.439,6.906,-4.973,0.027,1.048,2,14,0,0.204,0,0,0.546,-2.452,9.891,-4.284,0.716,1.053,2,14,0,0.206,0,0,0.481,-2.338,3.801,-4.500,0.500,1.053,2,14,0,0.179,0,0,0.485,0.471,7.050,-4.575,0.425,1.076,2,14,0,0.194,0,0,0.550,-5.132,6.644,-3.950,1.050,1.081,2,14,0,0.231,0,0,0.434,2.893,0.745,0,0,0.231,-2.275,6.350,-0.635,0.773
34.0,-3.206,7.545,-5.003,-0.003,0.929,2,14,0,0.191,0,0,0.451,-3.198,10.561,-4.299,0.701,0.916,2,14,0,0.175,0,0,0.438,-3.105,4.485,-4.513,0.487,0.956,2,14,0,0.227,0,0,0.435,-0.197,7.684,-4.506,0.494,0.941,2,14,0,0.217,0,0,0.445,-5.858,7.340,-3.892,1.108,0.951,2,14,0,0.186,0,0,0.405,2.883,0.645,0,0,0.227,-2.947,7.089,-0.709,0.705
35.0,-3.941,8.039,-4.990,0.010,0.865,2,14,0,0.190,0,0,0.285,-3.965,11.093,-4.258,0.742,0.821,2,14,0,0.179,0,0,0.335,-3.923,4.995,-4.474,0.526,0.886,2,14,0,0.175,0,0,0.306,-1.017,8.173,-4.477,0.523,0.928,2,14,0,0.186,0,0,0.267,-6.666,7.850,-3.901,1.099,0.884,2,14,0,0.180,0,0,0.282,2.941,0.528,0,0,0.190,-3.690,7.758,-0.776,0.631
36.0,-4.683,8.456,-5.045,-0.045,0.867,2,14,0,0.166,0,0,0.102,-4.672,11.515,-4.257,0.743,0.801,2,14,0,0.172,0,0,0.142,-4.603,5.359,-4.496,0.504,0.852,2,14,0,0.178,0,0,0.045,-1.871,8.602,-4.533,0.467,0.915,2,14,0,0.183,0,0,0.127,-7.449,8.291,-3.967,1.033,0.852,2,14,0,0.180,0,0,0.149,2.861,0.452,0,0,0.183,-4.496,8.349,-0.835,0.550
37.0,-5.504,8.874,-5.031,-0.031,0.933,2,14,0,0.192,0,0,0.043,-5.373,11.916,-4.293,0.707,0.857,2,14,0,0.312,0,0,0.058,-5.431,5.765,-4.447,0.553,0.925,2,14,0,0.181,0,0,0.058,-2.711,9.032,-4.518,0.482,0.936,2,14,0,0.173,0,0,0.059,-8.229,8.668,-3.987,1.013,0.870,2,14,0,0.182,0,0,0.065,2.843,0.395,0,0,0.312,-5.357,8.857,-0.886,0.464
38.0,-6.406,9.212,-4.978,0.022,0.988,2,14,0,0.191,0,0,0.087,-6.142,12.322,-4.294,0.706,0.951,2,14,0,0.198,0,0,0.195,-6.316,6.225,-4.444,0.556,1.001,2,14,0,0.424,0,0,0.039,-3.551,9.428,-4.506,0.494,0.951,2,14,0,0.178,0,0,0.012,-8.995,9.114,-3.994,1.006,0.926,2,14,0,0.183,0,0,0.095,2.772,0.324,0,0,0.424,-6.265,9.276,-0.928,0.374
39.0,-7.339,9.611,-4.999,0.001,1.030,2,14,0,0.196,0,0,0.060,-7.037,12.720,-4.293,0.707,1.058,2,14,0,0.174,0,0,0.247,-7.273,6.579,-4.407,0.593,1.025,2,14,0,0.178,0,0,0.025,-4.397,9.756,-4.526,0.474,0.985,2,14,0,0.176,0,0,0.111,-9.927,9.561,-3.928,1.072,1.009,2,14,0,0.179,0,0,0.148,2.802,0.286,0,0,0.196,-7.210,9.603,-0.960,0.279
40.0,-8.300,9.922,-5.050,-0.050,1.055,2,14,0,0.238,0,0,0.105,-8.073,13.103,-4.311,0.689,1.151,2,14,0,0.206,0,0,0.269,-8.248,6.905,-4.464,0.536,1.046,2,14,0,0.220,0,0,0.104,-5.420,9.995,-4.525,0.475,1.055,2,14,0,0.194,0,0,0.063,-10.896,9.888,-3.911,1.089,1.042,2,14,0,0.183,0,0,0.228,2.835,0.291,0,0,0.238,-8.182,9.833,-0.983,0.182
41.0,-9.391,10.188,-5.003,-0.003,1.058,2,14,0,0.190,0,0,0.220,-9.205,13.322,-4.250,0.750,1.166,2,14,0,0.170,0,0,0.286,-9.238,7.147,-4.407,0.593,1.041,2,14,0,0.177,0,0,0.212,-6.520,10.263,-4.553,0.447,1.076,2,14,0,0.182,0,0,0.147,-11.873,10.043,-3.922,1.078,1.061,2,14,0,0.178,0,0,0.258,2.711,0.457,0,0,0.190,-9.173,9.966,-0.997,0.083
42.0,-10.393,10.264,-5.034,-0.034,1.027,2,14,0,0.402,0,0,0.264,-10.412,13.380,-4.271,0.729,1.142,2,14,0,0.225,0,0,0.348,-10.269,7.234,-4.359,0.641,1.044,2,14,0,0.206,0,0,0.264,-7.644,10.411,-4.541,0.459,1.029,2,14,0,0.183,0,0,0.309,-12.915,10.025,-3.992,1.008,1.112,2,14,0,0.177,0,0,0.189,2.740,0.627,0,0,0.402,-10.172,9.999,-1.000,-0.017
43.0,-11.325,10.163,-5.047,-0.047,1.026,2,14,0,0.195,0,0,0.228,-11.474,13.271,-4.306,0.694,1.050,2,14,0,0.270,0,0,0.353,-11.268,7.178,-4.444,0.556,1.051,2,14,0,0.179,0,0,0.277,-8.532,10.395,-4.563,0.437,0.958,2,14,0,0.220,0,0,0.314,-13.982,9.955,-3.943,1.057,1.123,2,14,0,0.254,0,0,0.169,2.845,0.588,0,0,0.270,-11.169,9.931,-0.993,-0.117
44.0,-12.333,9.878,-5.067,-0.067,1.067,2,14,0,0.241,0,0,0.111,-12.443,13.015,-4.250,0.750,0.992,2,14,0,0.173,0,0,0.280,-12.361,6.881,-4.450,0.550,1.068,2,14,0,0.180,0,0,0.184,-9.483,10.208,-4.488,0.512,1.008,2,14,0,0.366,0,0,0.288,-15.146,9.731,-3.952,1.048,1.124,2,14,0,0.171,0,0,0.195,2.927,0.551,0,0,0.366,-12.155,9.765,-0.977,-0.215
45.0,-13.327,9.557,-5.028,-0.028,1.076,2,14,0,0.187,0,0,0.058,-13.392,12.580,-4.246,0.754,0.966,2,14,0,0.177,0,0,0.202,-13.316,6.555,-4.500,0.500,1.039,2,14,0,0.176,0,0,0.134,-10.422,9.897,-4.533,0.467,1.050,2,14,0,0.183,0,0,0.241,-16.212,9.442,-3.972,1.028,1.045,2,14,0,0.176,0,0,0.283,2.967,0.499,0,0,0.187,-13.119,9.501,-0.950,-0.312
46.0,-14.291,9.174,-4.963,0.037,1.066,2,14,0,0.190,0,0,0.064,-14.212,12.166,-4.353,0.647,0.931,2,14,0,0.174,0,0,0.103,-14.143,6.135,-4.488,0.512,1.015,2,14,0,0.184,0,0,0.023,-11.371,9.452,-4.534,0.466,1.097,2,14,0,0.309,0,0,0.157,-17.096,9.057,-4.019,0.981,0.963,2,14,0,0.208,0,0,0.223,2.962,0.445,0,0,0.309,-14.052,9.142,-0.914,-0.405
47.0,-15.255,8.763,-4.932,0.068,1.043,2,14,0,0.279,0,0,0.141,-14.961,11.735,-4.325,0.675,0.938,2,14,0,0.172,0,0,0.064,-15.035,5.737,-4.389,0.611,1.036,2,14,0,0.200,0,0,0.069,-12.284,8.858,-4.472,0.528,1.102,2,14,0,0.213,0,0,0.043,-17.901,8.636,-3.962,1.038,0.937,2,14,0,0.174,0,0,0.160,2.821,0.378,0,0,0.279,-14.945,8.692,-0.869,-0.494
48.0,-16.202,8.210,-4.982,0.018,1.019,2,14,0,0.189,0,0,0.233,-15.747,11.251,-4.274,0.726,0.997,2,14,0,0.171,0,0,0.116,-15.928,5.178,-4.404,0.596,1.057,2,14,0,0.185,0,0,0.070,-13.108,8.257,-4.468,0.532,1.066,2,14,0,0.200,0,0,0.051,-18.635,8.163,-3.919,1.081,0.965,2,14,0,0.173,0,0,0.155,2.655,0.418,0,0,0.200,-15.788,8.155,-0.816,-0.579
49.0,-16.982,7.618,-5.004,-0.004,0.968,2,14,0,0.193,0,0,0.237,-16.593,10.702,-4.272,0.728,1.057,2,14,0,0.171,0,0,0.104,-16.842,4.511,-4.428,0.572,1.056,2,14,0,0.176,0,0,0.174,-13.979,7.638,-4.495,0.505,1.051,2,14,0,0.186,0,0,0.107,-19.389,7.469,-3.932,1.068,1.029,2,14,0,0.179,0,0,0.079,2.640,0.418,0,0,0.193,-16.573,7.536,-0.754,-0.657
50.0,-17.576,6.963,-4.991,0.009,0.961,2,14,0,0.191,0,0,0.154,-17.410,10.037,-4.278,0.722,1.086,2,14,0,0.173,0,0,0.125,-17.592,3.848,-4.410,0.590,1.002,2,14,0,0.176,0,0,0.206,-14.799,6.986,-4.517,0.483,1.003,2,14,0,0.215,0,0,0.205,-20.081,6.728,-3.958,1.042,1.050,2,14,0,0.195,0,0,0.047,2.719,0.527,0,0,0.215,-17.292,6.843,-0.684,-0.729
51.0,-18.113,6.253,-4.939,0.061,1.007,2,14,0,0.229,0,0,0.174,-18.188,9.328,-4.249,0.751,1.092,2,14,0,0.178,0,0,0.243,-18.187,3.178,-4.524,0.476,0.974,2,14,0,0.181,0,0,0.197,-15.451,6.287,-4.508,0.492,0.950,2,14,0,0.179,0,0,0.217,-20.802,5.920,-3.972,1.028,1.074,2,14,0,0.179,0,0,0.043,2.697,0.552,0,0,0.229,-17.939,6.080,-0.608,-0.794
52.0,-18.691,5.350,-5.005,-0.005,1.084,2,14,0,0.190,0,0,0.088,-18.818,8.479,-4.213,0.787,1.086,2,14,0,0.174,0,0,0.277,-18.690,2.385,-4.500,0.500,1.015,2,14,0,0.174,0,0,0.179,-15.945,5.553,-4.495,0.505,0.951,2,14,0,0.179,0,0,0.194,-21.537,5.063,-3.996,1.004,1.050,2,14,0,0.176,0,0,0.213,2.800,0.528,0,0,0.190,-18.506,5.257,-0.526,-0.851
53.0,-19.244,4.387,-5.060,-0.060,1.093,2,14,0,0.220,0,0,0.074,-19.385,7.572,-4.286,0.714,1.089,2,14,0,0.173,0,0,0.341,-19.092,1.470,-4.449,0.551,1.068,2,14,0,0.246,0,0,0.116,-16.410,4.689,-4.519,0.481,1.010,2,14,0,0.187,0,0,0.191,-22.097,4.231,-3.927,1.073,0.994,2,14,0,0.211,0,0,0.281,2.901,0.521,0,0,0.246,-18.989,4.382,-0.438,-0.899
54.0,-19.705,3.421,-5.031,-0.031,1.067,2,14,0,0.196,0,0,0.144,-19.724,6.496,-4.369,0.631,1.091,2,14,0,0.174,0,0,0.272,-19.517,0.462,-4.460,0.540,1.097,2,14,0,0.179,0,0,0.045,-16.797,3.697,-4.556,0.444,1.070,2,14,0,0.223,0,0,0.138,-22.415,3.361,-3.970,1.030,0.962,2,14,0,0.179,0,0,0.215,2.910,0.477,0,0,0.223,-19.381,3.463,-0.346,-0.938
55.0,-20.085,2.486,-5.019,-0.019,1.021,2,14,0,0.296,0,0,0.223,-19.949,5.424,-4.342,0.658,1.045,2,14,0,0.170,0,0,0.252,-19.967,-0.528,-4.437,0.563,1.079,2,14,0,0.177,0,0,0.189,-17.006,2.593,-4.511,0.489,1.081,2,14,0,0.178,0,0,0.069,-22.629,2.467,-4.008,0.992,0.990,2,14,0,0.218,0,0,0.163,2.738,0.405,0,0,0.296,-19.680,2.509,-0.251,-0.968
56.0,-20.323,1.490,-5.003,-0.003,1.016,2,14,0,0.194,0,0,0.263,-20.071,4.360,-4.273,0.727,0.984,2,14,0,0.184,0,0,0.272,-20.207,-1.553,-4.459,0.541,1.048,2,14,0,0.184,0,0,0.234,-17.197,1.608,-4.538,0.462,1.033,2,14,0,0.189,0,0,0.082,-22.768,1.442,-3.974,1.026,1.055,2,14,0,0.182,0,0,0.091,2.654,0.442,0,0,0.194,-19.882,1.530,-0.153,-0.988
57.0,-20.357,0.403,-4.976,0.024,1.019,2,14,0,0.189,0,0,0.230,-20.007,3.471,-4.208,0.792,0.915,2,14,0,0.202,0,0,0.154,-20.272,-2.572,-4.425,0.575,1.016,2,14,0,0.181,0,0,0.211,-17.382,0.605,-4.498,0.502,1.013,2,14,0,0.179,0,0,0.129,-22.852,0.359,-3.972,1.028,1.079,2,14,0,0.176,0,0,0.054,2.690,0.403,0,0,0.202,-19.986,0.536,-0.054,-0.999
58.0,-20.260,-0.579,-4.972,0.028,0.988,2,14,0,0.199,0,0,0.150,-19.980,2.588,-4.233,0.767,0.909,2,14,0,0.155,0,0,0.091,-20.157,-3.573,-4.509,0.491,1.007,2,14,0,0.178,0,0,0.108,-17.476,-0.433,-4.471,0.529,0.997,2,14,0,0.180,0,0,0.223,-22.807,-0.703,-3.940,1.060,1.045,2,14,0,0.181,0,0,0.085,2.751,0.488,0,0,0.199,-19.989,-0.464,0.046,-0.999
59.0,-20.096,-1.517,-5.014,-0.014,0.965,2,14,0,0.203,0,0,0.061,-19.871,1.691,-4.281,0.719,0.961,2,14,0,0.171,0,0,0.122,-20.093,-4.570,-4.455,0.545,0.994,2,14,0,0.202,0,0,0.136,-17.348,-1.378,-4.491,0.509,0.972,2,14,0,0.178,0,0,0.170,-22.834,-1.720,-3.951,1.049,1.014,2,14,0,0.177,0,0,0.165,2.801,0.462,0,0,0.203,-19.893,-1.459,0.146,-0.989
60.0,-19.875,-2.415,-4.968,0.032,0.970,2,14,0,0.190,0,0,0.027,-19.732,0.715,-4.289,0.711,1.016,2,14,0,0.177,0,0,0.090,-19.877,-5.495,-4.474,0.526,0.989,2,14,0,0.179,0,0,0.088,-17.123,-2.308,-4.524,0.476,0.983,2,14,0,0.180,0,0,0.124,-22.675,-2.621,-4.000,1.000,0.977,2,14,0,0.176,0,0,0.158,2.790,0.445,0,0,0.190,-19.698,-2.439,0.244,-0.970
61.0,-19.629,-3.375,-4.984,0.016,1.010,2,14,0,0.186,0,0,0.045,-19.635,-0.247,-4.243,0.757,1.044,2,14,0,0.171,0,0,0.165,-19.585,-6.402,-4.470,0.530,1.008,2,14,0,0.176,0,0,0.082,-16.815,-3.233,-4.514,0.486,1.012,2,14,0,0.178,0,0,0.106,-22.384,-3.567,-3.988,1.012,1.013,2,14,0,0.177,0,0,0.159,2.856,0.440,0,0,0.186,-19.406,-3.395,0.340,-0.941
62.0,-19.299,-4.347,-4.964,0.036,1.040,2,14,0,0.193,0,0,0.105,-19.323,-1.258,-4.209,0.791,1.088,2,14,0,0.171,0,0,0.225,-19.244,-7.346,-4.437,0.563,1.049,2,14,0,0.204,0,0,0.121,-16.466,-4.165,-4.506,0.494,1.041,2,14,0,0.183,0,0,0.141,-22.002,-4.518,-3.916,1.084,1.050,2,14,0,0.184,0,0,0.168,2.875,0.472,0,0,0.204,-19.020,-4.317,0.432,-0.902
63.0,-18.847,-5.260,-4.968,0.032,1.042,2,14,0,0.188,0,0,0.141,-18.948,-2.238,-4.282,0.718,1.101,2,14,0,0.175,0,0,0.346,-18.713,-8.263,-4.468,0.532,1.064,2,14,0,0.178,0,0,0.080,-15.975,-5.078,-4.500,0.500,1.074,2,14,0,0.177,0,0,0.139,-21.517,-5.413,-3.967,1.033,1.059,2,14,0,0.175,0,0,0.166,2.856,0.447,0,0,0.188,-18.544,-5.196,0.520,-0.854
64.0,-18.206,-6.050,-4.983,0.017,1.051,2,14,0,0.218,0,0,0.053,-18.359,-3.104,-4.308,0.692,1.114,2,14,0,0.255,0,0,0.339,-18.095,-9.183,-4.476,0.524,1.058,2,14,0,0.180,0,0,0.132,-15.370,-5.938,-4.479,0.521,1.079,2,14,0,0.242,0,0,0.110,-20.923,-6.313,-3.925,1.075,1.073,2,14,0,0.177,0,0,0.186,2.883,0.397,0,0,0.255,-17.983,-6.023,0.602,-0.798
65.0,-17.599,-6.858,-4.995,0.005,1.051,2,14,0,0.189,0,0,0.106,-17.617,-3.874,-4.356,0.644,1.131,2,14,0,0.177,0,0,0.255,-17.484,-9.994,-4.453,0.547,1.011,2,14,0,0.180,0,0,0.182,-14.607,-6.743,-4.453,0.547,1.071,2,14,0,0.151,0,0,0.117,-20.202,-7.137,-3.981,1.019,1.062,2,14,0,0.184,0,0,0.205,2.807,0.374,0,0,0.189,-17.341,-6.790,0.679,-0.734
66.0,-16.951,-7.654,-4.943,0.057,1.054,2,14,0,0.187,0,0,0.221,-16.739,-4.589,-4.312,0.688,1.131,2,14,0,0.177,0,0,0.181,-16.819,-10.654,-4.418,0.582,0.980,2,14,0,0.402,0,0,0.167,-13.887,-7.504,-4.475,0.525,1.016,2,14,0,0.149,0,0,0.179,-19.388,-7.820,-3.966,1.034,1.022,2,14,0,0.174,0,0,0.195,2.631,0.408,0,0,0.402,-16.627,-7.489,0.749,-0.663
67.0,-16.152,-8.325,-4.998,0.002,1.057,2,14,0,0.194,0,0,0.250,-15.802,-5.159,-4.289,0.711,1.091,2,14,0,0.173,0,0,0.171,-16.088,-11.245,-4.461,0.539,1.009,2,14,0,0.177,0,0,0.173,-13.147,-8.058,-4.506,0.494,0.965,2,14,0,0.177,0,0,0.103,-18.656,-8.379,-3.985,1.015,0.952,2,14,0,0.176,0,0,0.121,2.702,0.372,0,0,0.194,-15.846,-8.113,0.811,-0.585
68.0,-15.253,-8.877,-5.055,-0.055,1.059,2,14,0,0.189,0,0,0.236,-14.888,-5.719,-4.269,0.731,1.013,2,14,0,0.173,0,0,0.242,-15.173,-11.812,-4.454,0.546,1.058,2,14,0,0.177,0,0,0.145,-12.339,-8.616,-4.594,0.406,0.972,2,14,0,0.181,0,0,0.120,-17.819,-8.880,-3.911,1.089,0.964,2,14,0,0.174,0,0,0.079,2.809,0.335,0,0,0.189,-15.007,-8.656,0.866,-0.501
69.0,-14.308,-9.308,-5.002,-0.002,1.045,2,14,0,0.329,0,0,0.200,-14.030,-6.230,-4.320,0.680,0.930,2,14,0,0.145,0,0,0.257,-14.166,-12.196,-4.449,0.551,1.053,2,14,0,0.186,0,0,0.076,-11.557,-9.035,-4.563,0.437,0.983,2,14,0,0.182,0,0,0.153,-16.934,-9.262,-4.008,0.992,0.986,2,14,0,0.176,0,0,0.008,2.799,0.446,0,0,0.329,-14.118,-9.113,0.911,-0.412
70.0,-13.285,-9.567,-4.975,0.025,1.036,2,14,0,0.309,0,0,0.126,-13.168,-6.583,-4.230,0.770,0.895,2,14,0,0.174,0,0,0.206,-13.203,-12.592,-4.460,0.540,1.029,2,14,0,0.228,0,0,0.120,-10.588,-9.443,-4.531,0.469,1.074,2,14,0,0.177,0,0,0.155,-16.056,-9.670,-3.989,1.011,1.003,2,14,0,0.181,0,0,0.068,2.736,0.403,0,0,0.309,-13.187,-9.478,0.948,-0.319
71.0,-12.236,-9.810,-4.996,0.004,1.001,2,14,0,0.227,0,0,0.174,-12.367,-6.770,-4.278,0.722,0.891,2,14,0,0.175,0,0,0.114,-12.231,-12.858,-4.476,0.524,0.989,2,14,0,0.178,0,0,0.132,-9.444,-9.738,-4.528,0.472,1.086,2,14,0,0.180,0,0,0.168,-15.031,-10.040,-3.902,1.098,1.039,2,14,0,0.174,0,0,0.147,2.832,0.350,0,0,0.227,-12.225,-9.749,0.975,-0.223
72.0,-11.284,-9.922,-5.020,-0.020,0.936,2,14,0,0.187,0,0,0.131,-11.498,-6.860,-4.275,0.725,0.980,2,14,0,0.188,0,0,0.178,-11.331,-13.047,-4.449,0.551,0.966,2,14,0,0.176,0,0,0.098,-8.465,-9.910,-4.480,0.520,1.013,2,14,0,0.185,0,0,0.166,-14.036,-10.265,-3.965,1.035,1.019,2,14,0,0.180,0,0,0.199,2.869,0.399,0,0,0.188,-11.241,-9.923,0.992,-0.124
73.0,-10.470,-10.060,-5.012,-0.012,0.918,2,14,0,0.190,0,0,0.081,-10.507,-6.948,-4.286,0.714,1.074,2,14,0,0.175,0,0,0.186,-10.377,-13.167,-4.493,0.507,0.999,2,14,0,0.209,0,0,0.143,-7.536,-9.966,-4.497,0.503,0.994,2,14,0,0.203,0,0,0.126,-13.017,-10.311,-3.962,1.038,1.011,2,14,0,0.210,0,0,0.176,2.767,0.387,0,0,0.210,-10.244,-9.997,1.000,-0.024
74.0,-9.553,-10.101,-5.041,-0.041,0.987,2,14,0,0.224,0,0,0.191,-9.378,-6.952,-4.299,0.701,1.145,2,14,0,0.173,0,0,0.078,-9.404,-13.137,-4.406,0.594,1.025,2,14,0,0.176,0,0,0.148,-6.574,-9.957,-4.507,0.493,1.015,2,14,0,0.218,0,0,0.142,-12.067,-10.286,-3.936,1.064,1.017,2,14,0,0.175,0,0,0.169,2.753,0.361,0,0,0.224,-9.245,-9.971,0.997,0.076
75.0,-8.515,-9.954,-4.950,0.050,1.086,2,14,0,0.157,0,0,0.146,-8.222,-6.855,-4.228,0.772,1.134,2,14,0,0.170,0,0,0.134,-8.406,-13.033,-4.394,0.606,1.055,2,14,0,0.182,0,0,0.164,-5.544,-9.830,-4.510,0.490,1.044,2,14,0,0.214,0,0,0.142,-11.091,-10.080,-3.957,1.043,1.040,2,14,0,0.176,0,0,0.089,2.764,0.291,0,0,0.214,-8.253,-9.846,0.985,0.175
76.0,-7.490,-9.741,-4.987,0.013,1.106,2,14,0,0.188,0,0,0.127,-7.104,-6.786,-4.260,0.740,1.060,2,14,0,0.172,0,0,0.345,-7.356,-12.746,-4.453,0.547,1.089,2,14,0,0.176,0,0,0.096,-4.534,-9.561,-4.472,0.528,1.051,2,14,0,0.182,0,0,0.106,-10.014,-9.834,-3.976,1.024,1.070,2,14,0,0.186,0,0,0.105,2.721,0.339,0,0,0.188,-7.279,-9.623,0.962,0.272
77.0,-6.446,-9.401,-5.020,-0.020,1.105,2,14,0,0.188,0,0,0.122,-6.164,-6.466,-4.267,0.733,0.990,2,14,0,0.171,0,0,0.343,-6.262,-12.385,-4.420,0.580,1.080,2,14,0,0.181,0,0,0.184,-3.530,-9.211,-4.517,0.483,1.054,2,14,0,0.189,0,0,0.122,-9.034,-9.493,-3.919,1.081,1.028,2,14,0,0.177,0,0,0.129,2.814,0.353,0,0,0.189,-6.332,-9.303,0.930,0.367
78.0,-5.440,-9.004,-5.077,-0.077,1.093,2,14,0,0.190,0,0,0.195,-5.317,-5.959,-4.219,0.781,0.984,2,14,0,0.312,0,0,0.233,-5.364,-11.972,-4.466,0.534,1.010,2,14,0,0.176,0,0,0.172,-2.544,-8.792,-4.507,0.493,1.021,2,14,0,0.176,0,0,0.192,-8.148,-9.061,-3.952,1.048,1.001,2,14,0,0.225,0,0,0.100,2.933,0.322,0,0,0.312,-5.421,-8.890,0.889,0.458
79.0,-4.451,-8.465,-5.051,-0.051,1.043,2,14,0,0.189,0,0,0.298,-4.496,-5.391,-4.310,0.690,0.983,2,14,0,0.599,0,0,0.159,-4.467,-11.527,-4.372,0.628,0.980,2,14,0,0.180,0,0,0.219,-1.693,-8.345,-4.520,0.480,0.980,2,14,0,0.180,0,0,0.201,-7.223,-8.582,-3.984,1.016,0.991,2,14,0,0.175,0,0,0.164,2.811,0.386,0,0,0.599,-4.557,-8.389,0.839,0.544
80.0,-3.687,-7.810,-5.012,-0.012,0.975,2,14,0,0.189,0,0,0.236,-3.790,-4.753,-4.276,0.724,0.983,2,14,0,0.199,0,0,0.041,-3.794,-10.974,-4.350,0.650,0.967,2,14,0,0.186,0,0,0.146,-0.918,-7.758,-4.507,0.493,0.979,2,14,0,0.176,0,0,0.173,-6.486,-8.028,-3.948,1.052,0.975,2,14,0,0.176,0,0,0.115,2.816,0.343,0,0,0.199,-3.746,-7.803,0.780,0.625
81.0,-3.057,-7.190,-5.034,-0.034,0.933,2,14,0,0.190,0,0,0.131,-3.067,-4.060,-4.270,0.730,1.013,2,14,0,0.172,0,0,0.013,-3.050,-10.315,-4.464,0.536,1.026,2,14,0,0.196,0,0,0.152,-0.220,-7.010,-4.528,0.472,1.001,2,14,0,0.179,0,0,0.088,-5.719,-7.363,-3.946,1.054,1.004,2,14,0,0.202,0,0,0.129,2.881,0.358,0,0,0.202,-2.998,-7.140,0.714,0.700
82.0,-2.409,-6.498,-4.930,0.070,0.957,2,14,0,0.190,0,0,0.136,-2.382,-3.282,-4.240,0.760,1.026,2,14,0,0.175,0,0,0.055,-2.391,-9.533,-4.506,0.494,1.058,2,14,0,0.176,0,0,0.096,0.375,-6.308,-4.541,0.459,0.996,2,14,0,0.177,0,0,0.060,-5.063,-6.559,-3.899,1.101,1.015,2,14,0,0.178,0,0,0.082,2.817,0.319,0,0,0.190,-2.321,-6.405,0.641,0.768
83.0,-1.833,-5.674,-4.974,0.026,1.020,2,14,0,0.228,0,0,0.099,-1.796,-2.541,-4.242,0.758,0.996,2,14,0,0.171,0,0,0.005,-1.796,-8.733,-4.495,0.505,1.075,2,14,0,0.644,0,0,0.096,0.924,-5.515,-4.487,0.513,1.040,2,14,0,0.177,0,0,0.080,-4.449,-5.809,-3.943,1.057,1.006,2,14,0,0.178,0,0,0.110,2.804,0.368,0,0,0.644,-1.720,-5.607,0.561,0.828
84.0,-1.283,-4.762,-5.048,-0.048,1.042,2,14,0,0.188,0,0,0.100,-1.195,-1.738,-4.214,0.786,1.024,2,14,0,0.172,0,0,0.100,-1.209,-7.851,-4.443,0.557,1.083,2,14,0,0.182,0,0,0.114,1.514,-4.647,-4.495,0.505,1.074,2,14,0,0.212,0,0,0.050,-3.823,-5.028,-3.951,1.049,1.016,2,14,0,0.175,0,0,0.239,2.780,0.468,0,0,0.212,-1.201,-4.752,0.475,0.880
85.0,-0.896,-3.960,-4.975,0.025,1.051,2,14,0,0.219,0,0,0.128,-0.728,-0.917,-4.327,0.673,1.053,2,14,0,0.174,0,0,0.183,-0.824,-6.900,-4.371,0.629,1.112,2,14,0,0.191,0,0,0.050,2.049,-3.813,-4.518,0.482,1.095,2,14,0,0.182,0,0,0.166,-3.439,-4.265,-3.964,1.036,1.052,2,14,0,0.174,0,0,0.311,2.754,0.531,0,0,0.219,-0.771,-3.850,0.385,0.923
86.0,-0.486,-2.996,-4.927,0.073,1.082,2,14,0,0.187,0,0,0.160,-0.272,0.086,-4.302,0.698,1.085,2,14,0,0.218,0,0,0.250,-0.357,-5.862,-4.489,0.511,1.085,2,14,0,0.177,0,0,0.196,2.596,-2.837,-4.467,0.533,1.086,2,14,0,0.267,0,0,0.340,-3.108,-3.212,-3.940,1.060,1.140,2,14,0,0.192,0,0,0.216,2.810,0.444,0,0,0.267,-0.433,-2.909,0.291,0.957
87.0,-0.240,-1.904,-5.019,-0.019,1.094,2,14,0,0.187,0,0,0.131,0.001,1.150,-4.314,0.686,1.076,2,14,0,0.172,0,0,0.269,-0.012,-4.878,-4.464,0.536,1.008,2,14,0,0.175,0,0,0.296,2.768,-1.834,-4.505,0.495,1.066,2,14,0,0.253,0,0,0.269,-2.821,-2.064,-3.962,1.038,1.150,2,14,0,0.179,0,0,0.193,2.794,0.389,0,0,0.253,-0.190,-1.939,0.194,0.981
88.0,-0.058,-0.836,-5.015,-0.015,1.056,2,14,0,0.192,0,0,0.195,0.048,2.203,-4.318,0.682,1.057,2,14,0,0.211,0,0,0.191,0.140,-3.924,-4.432,0.568,0.969,2,14,0,0.210,0,0,0.291,2.852,-0.752,-4.484,0.516,1.080,2,14,0,0.192,0,0,0.205,-2.662,-0.924,-3.964,1.036,1.096,2,14,0,0.181,0,0,0.268,2.810,0.384,0,0,0.211,-0.045,-0.950,0.095,0.995
89.0,-0.051,0.134,-5.027,-0.027,1.009,2,14,0,0.190,0,0,0.151,-0.008,3.222,-4.277,0.723,1.020,2,14,0,0.174,0,0,0.125,0.016,-2.936,-4.442,0.558,0.978,2,14,0,0.175,0,0,0.128,2.807,0.334,-4.497,0.503,1.062,2,14,0,0.184,0,0,0.174,-2.658,0.128,-4.036,0.964,1.013,2,14,0,0.176,0,0,0.279,2.789,0.351,0,0,0.190,-0.000,0.048,-0.005,1.000
90.0,-0.104,1.140,-5.005,-0.005,0.984,2,14,0,0.189,0,0,0.155,-0.052,4.220,-4.294,0.706,0.987,2,14,0,0.173,0,0,0.129,-0.035,-1.962,-4.422,0.578,0.990,2,14,0,0.203,0,0,0.121,2.714,1.365,-4.554,0.446,1.000,2,14,0,0.215,0,0,0.182,-2.802,1.071,-4.023,0.977,0.936,2,14,0,0.180,0,0,0.186,2.863,0.393,0,0,0.215,-0.055,1.046,-0.105,0.995
91.0,-0.228,2.150,-5.020,-0.020,0.994,2,14,0,0.190,0,0,0.194,-0.167,5.172,-4.260,0.740,0.983,2,14,0,0.169,0,0,0.136,-0.170,-0.972,-4.399,0.601,1.029,2,14,0,0.215,0,0,0.139,2.536,2.337,-4.577,0.423,0.974,2,14,0,0.179,0,0,0.153,-3.007,1.947,-3.953,1.047,0.933,2,14,0,0.179,0,0,0.064,2.805,0.396,0,0,0.215,-0.209,2.034,-0.203,0.979
92.0,-0.495,3.082,-5.039,-0.039,0.990,2,14,0,0.186,0,0,0.165,-0.409,6.086,-4.334,0.666,0.995,2,14,0,0.173,0,0,0.128,-0.451,0.025,-4.481,0.519,1.037,2,14,0,0.216,0,0,0.123,2.301,3.257,-4.520,0.480,0.954,2,14,0,0.658,0,0,0.122,-3.224,2.833,-3.937,1.063,0.954,2,14,0,0.172,0,0,0.064,2.850,0.350,0,0,0.658,-0.461,3.001,-0.300,0.954
93.0,-0.892,3.995,-5.004,-0.004,1.010,2,14,0,0.198,0,0,0.111,-0.726,6.960,-4.236,0.764,1.020,2,14,0,0.172,0,0,0.164,-0.876,0.946,-4.471,0.529,1.030,2,14,0,0.179,0,0,0.055,1.908,4.196,-4.536,0.464,0.967,2,14,0,0.182,0,0,0.107,-3.546,3.756,-3.940,1.060,1.007,2,14,0,0.176,0,0,0.093,2.845,0.384,0,0,0.198,-0.808,3.938,-0.394,0.919
94.0,-1.356,4.937,-4.999,0.001,1.024,2,14,0,0.224,0,0,0.120,-1.137,7.948,-4.259,0.741,1.088,2,14,0,0.175,0,0,0.188,-1.300,1.856,-4.469,0.531,1.017,2,14,0,0.196,0,0,0.067,1.576,5.074,-4.538,0.462,0.942,2,14,0,0.178,0,0,0.150,-4.024,4.717,-3.908,1.092,1.049,2,14,0,0.178,0,0,0.053,2.890,0.296,0,0,0.224,-1.247,4.836,-0.484,0.875
95.0,-1.895,5.831,-4.988,0.012,1.038,2,14,0,0.193,0,0,0.148,-1.701,8.876,-4.258,0.742,1.100,2,14,0,0.179,0,0,0.190,-1.803,2.724,-4.428,0.572,1.032,2,14,0,0.208,0,0,0.099,1.093,5.842,-4.486,0.514,0.981,2,14,0,0.183,0,0,0.168,-4.594,5.638,-3.913,1.087,1.050,2,14,0,0.174,0,0,0.097,2.912,0.205,0,0,0.208,-1.774,5.686,-0.569,0.823
96.0,-2.444,6.586,-5.036,-0.036,1.004,2,14,0,0.194,0,0,0.158,-2.404,9.731,-4.220,0.780,1.081,2,14,0,0.174,0,0,0.188,-2.357,3.529,-4.467,0.533,1.033,2,14,0,0.177,0,0,0.146,0.439,6.638,-4.465,0.535,1.062,2,14,0,0.180,0,0,0.129,-5.156,6.490,-3.999,1.001,1.008,2,14,0,0.178,0,0,0.164,2.906,0.253,0,0,0.194,-2.383,6.479,-0.648,0.762
97.0,-3.128,7.332,-4.967,0.033,1.037,2,14,0,0.187,0,0,0.171,-3.164,10.473,-4.300,0.700,1.038,2,14,0,0.171,0,0,0.196,-3.089,4.286,-4.499,0.501,1.049,2,14,0,0.177,0,0,0.135,-0.274,7.446,-4.531,0.469,1.102,2,14,0,0.178,0,0,0.129,-5.808,7.232,-3.993,1.007,0.996,2,14,0,0.171,0,0,0.190,2.853,0.315,0,0,0.187,-3.068,7.207,-0.721,0.693
98.0,-3.946,7.997,-5.019,-0.019,1.058,2,14,0,0.192,0,0,0.139,-3.993,11.072,-4.307,0.693,0.985,2,14,0,0.176,0,0,0.163,-3.910,4.950,-4.474,0.526,1.038,2,14,0,0.177,0,0,0.120,-1.164,8.158,-4.531,0.469,1.102,2,14,0,0.178,0,0,0.148,-6.593,7.868,-3.935,1.065,1.013,2,14,0,0.178,0,0,0.157,2.829,0.452,0,0,0.192,-3.822,7.863,-0.786,0.618
99.0,-4.860,8.569,-5.023,-0.023,1.040,2,14,0,0.193,0,0,0.124,-4.701,11.644,-4.292,0.708,0.960,2,14,0,0.175,0,0,0.132,-4.679,5.536,-4.473,0.527,1.020,2,14,0,0.181,0,0,0.139,-2.033,8.752,-4.552,0.448,1.038,2,14,0,0.177,0,0,0.185,-7.350,8.434,-3.990,1.010,1.005,2,14,0,0.178,0,0,0.178,2.699,0.503,0,0,0.193,-4.638,8.441,-0.844,0.536
100.0,-5.777,9.011,-4.982,0.018,1.010,2,14,0,0.194,0,0,0.106,-5.508,12.109,-4.272,0.728,0.977,2,14,0,0.188,0,0,0.125,-5.514,6.014,-4.459,0.541,1.023,2,14,0,0.185,0,0,0.143,-2.900,9.231,-4.575,0.425,0.975,2,14,0,0.183,0,0,0.167,-8.198,8.948,-3.982,1.018,1.052,2,14,0,0.177,0,0,0.207,2.621,0.493,0,0,0.194,-5.507,8.934,-0.893,0.449
101.0,-6.680,9.402,-5.017,-0.017,0.977,2,14,0,0.191,0,0,0.097,-6.449,12.510,-4.279,0.721,1.030,2,14,0,0.174,0,0,0.109,-6.461,6.374,-4.476,0.524,1.046,2,14,0,0.247,0,0,0.088,-3.750,9.622,-4.573,0.427,0.952,2,14,0,0.184,0,0,0.135,-9.182,9.320,-4.017,0.983,1.073,2,14,0,0.238,0,0,0.142,2.696,0.434,0,0,0.247,-6.421,9.338,-0.934,0.358
102.0,-7.595,9.746,-4.960,0.040,0.976,2,14,0,0.193,0,0,0.096,-7.447,12.810,-4.294,0.706,1.048,2,14,0,0.261,0,0,0.089,-7.442,6.729,-4.501,0.499,1.064,2,14,0,0.204,0,0,0.114,-4.618,9.919,-4.527,0.473,0.958,2,14,0,0.189,0,0,0.128,-10.218,9.647,-3.963,1.037,1.080,2,14,0,0.173,0,0,0.146,2.808,0.366,0,0,0.261,-7.371,9.648,-0.965,0.263
103.0,-8.537,10.084,-4.947,0.053,0.979,2,14,0,0.198,0,0,0.215,-8.388,13.099,-4.286,0.714,1.019,2,14,0,0.208,0,0,0.163,-8.517,6.990,-4.418,0.582,1.068,2,14,0,0.172,0,0,0.179,-5.521,10.134,-4.483,0.517,1.016,2,14,0,0.188,0,0,0.171,-11.258,9.857,-3.931,1.069,1.054,2,14,0,0.177,0,0,0.164,2.913,0.321,0,0,0.208,-8.348,9.863,-0.986,0.165
104.0,-9.520,10.162,-4.959,0.041,0.998,2,14,0,0.208,0,0,0.178,-9.406,13.229,-4.278,0.722,1.049,2,14,0,0.276,0,0,0.177,-9.551,7.179,-4.449,0.551,1.019,2,14,0,0.176,0,0,0.259,-6.518,10.181,-4.492,0.508,1.075,2,14,0,0.188,0,0,0.132,-12.302,9.920,-3.897,1.103,1.019,2,14,0,0.184,0,0,0.164,2.988,0.291,0,0,0.276,-9.341,9.978,-0.998,0.066
105.0,-10.552,10.116,-4.989,0.011,1.033,2,14,0,0.250,0,0,0.121,-10.506,13.190,-4.309,0.691,1.067,2,14,0,0.171,0,0,0.153,-10.553,7.205,-4.449,0.551,0.986,2,14,0,0.175,0,0,0.267,-7.595,10.220,-4.478,0.522,1.119,2,14,0,0.153,0,0,0.084,-13.303,9.893,-3.938,1.062,0.984,2,14,0,0.183,0,0,0.146,2.953,0.341,0,0,0.250,-10.340,9.994,-0.999,-0.034
106.0,-11.451,10.032,-5.025,-0.025,1.024,2,14,0,0.188,0,0,0.134,-11.536,13.036,-4.285,0.715,1.024,2,14,0,0.168,0,0,0.130,-11.482,7.068,-4.461,0.539,0.979,2,14,0,0.181,0,0,0.197,-8.743,10.205,-4.541,0.459,1.109,2,14,0,0.215,0,0,0.173,-14.278,9.862,-3.936,1.064,0.947,2,14,0,0.203,0,0,0.148,2.756,0.502,0,0,0.215,-11.336,9.910,-0.991,-0.134
107.0,-12.462,9.905,-5.028,-0.028,1.074,2,14,0,0.191,0,0,0.180,-12.542,12.867,-4.291,0.709,0.998,2,14,0,0.173,0,0,0.163,-12.451,6.780,-4.449,0.551,1.016,2,14,0,0.177,0,0,0.093,-9.799,10.114,-4.459,0.541,1.059,2,14,0,0.310,0,0,0.291,-15.165,9.780,-3.971,1.029,0.959,2,14,0,0.309,0,0,0.200,2.731,0.616,0,0,0.310,-12.319,9.727,-0.973,-0.232
108.0,-13.517,9.684,-5.057,-0.057,1.106,2,14,0,0.190,0,0,0.241,-13.470,12.655,-4.282,0.718,0.961,2,14,0,0.176,0,0,0.177,-13.473,6.404,-4.431,0.569,1.024,2,14,0,0.182,0,0,0.101,-10.792,9.831,-4.430,0.570,1.012,2,14,0,0.240,0,0,0.311,-16.105,9.548,-3.948,1.052,0.998,2,14,0,0.179,0,0,0.246,2.800,0.641,0,0,0.240,-13.278,9.447,-0.945,-0.328
109.0,-14.562,9.212,-5.046,-0.046,1.105,2,14,0,0.166,0,0,0.217,-14.369,12.250,-4.285,0.715,0.964,2,14,0,0.178,0,0,0.137,-14.356,6.031,-4.449,0.551,0.982,2,14,0,0.176,0,0,0.059,-11.693,9.363,-4.488,0.512,0.998,2,14,0,0.186,0,0,0.231,-17.036,9.115,-3.950,1.050,1.058,2,14,0,0.218,0,0,0.187,2.708,0.568,0,0,0.218,-14.205,9.073,-0.907,-0.421
110.0,-15.472,8.680,-4.985,0.015,1.051,2,14,0,0.211,0,0,0.212,-15.200,11.798,-4.313,0.687,0.991,2,14,0,0.179,0,0,0.120,-15.175,5.594,-4.486,0.514,0.989,2,14,0,0.208,0,0,0.017,-12.514,8.801,-4.495,0.505,0.984,2,14,0,0.179,0,0,0.132,-17.963,8.572,-3.978,1.022,1.096,2,14,0,0.178,0,0,0.120,2.688,0.467,0,0,0.211,-15.090,8.608,-0.861,-0.509
111.0,-16.298,8.036,-4.976,0.024,0.999,2,14,0,0.186,0,0,0.195,-15.931,11.217,-4.310,0.690,1.019,2,14,0,0.188,0,0,0.107,-16.039,5.131,-4.474,0.526,1.018,2,14,0,0.179,0,0,0.103,-13.279,8.214,-4.503,0.497,0.974,2,14,0,0.180,0,0,0.057,-18.844,7.982,-3.991,1.009,1.092,2,14,0,0.175,0,0,0.117,2.730,0.389,0,0,0.188,-15.924,8.057,-0.806,-0.592
112.0,-17.032,7.337,-5.030,-0.030,0.951,2,14,0,0.193,0,0,0.178,-16.770,10.529,-4.271,0.729,1.080,2,14,0,0.302,0,0,0.028,-16.935,4.542,-4.431,0.569,1.056,2,14,0,0.184,0,0,0.200,-14.029,7.578,-4.580,0.420,0.991,2,14,0,0.186,0,0,0.031,-19.629,7.311,-3.924,1.076,1.055,2,14,0,0.210,0,0,0.108,2.823,0.364,0,0,0.302,-16.699,7.425,-0.742,-0.670
113.0,-17.731,6.695,-5.084,-0.084,0.912,2,14,0,0.188,0,0,0.140,-17.587,9.865,-4.323,0.677,1.081,2,14,0,0.175,0,0,0.125,-17.647,3.831,-4.367,0.633,1.046,2,14,0,0.182,0,0,0.202,-14.659,6.880,-4.593,0.407,0.994,2,14,0,0.270,0,0,0.054,-20.340,6.539,-3.902,1.098,1.042,2,14,0,0.178,0,0,0.116,2.869,0.325,0,0,0.270,-17.406,6.719,-0.672,-0.741
114.0,-18.252,6.017,-5.005,-0.005,0.913,2,14,0,0.162,0,0,0.073,-18.295,9.139,-4.269,0.731,1.059,2,14,0,0.174,0,0,0.214,-18.274,2.990,-4.464,0.536,1.049,2,14,0,0.232,0,0,0.156,-15.339,6.186,-4.528,0.472,1.024,2,14,0,0.177,0,0,0.082,-21.038,5.728,-3.965,1.035,1.011,2,14,0,0.182,0,0,0.189,2.956,0.384,0,0,0.232,-18.040,5.946,-0.595,-0.804
115.0,-18.755,5.253,-4.970,0.030,0.981,2,14,0,0.194,0,0,0.136,-18.916,8.292,-4.288,0.712,1.051,2,14,0,0.322,0,0,0.268,-18.838,2.101,-4.493,0.507,1.051,2,14,0,0.317,0,0,0.149,-15.931,5.374,-4.495,0.505,1.047,2,14,0,0.432,0,0,0.107,-21.651,4.919,-3.977,1.023,0.956,2,14,0,0.174,0,0,0.239,2.866,0.426,0,0,0.432,-18.594,5.114,-0.511,-0.859
116.0,-19.245,4.357,-4.978,0.022,1.059,2,14,0,0.194,0,0,0.122,-19.367,7.368,-4.307,0.693,1.046,2,14,0,0.173,0,0,0.239,-19.291,1.227,-4.445,0.555,1.023,2,14,0,0.176,0,0,0.136,-16.558,4.522,-4.541,0.459,1.074,2,14,0,0.180,0,0,0.236,-22.065,4.081,-4.056,0.944,0.922,2,14,0,0.179,0,0,0.178,2.727,0.577,0,0,0.194,-19.061,4.230,-0.423,-0.906
117.0,-19.697,3.346,-4.962,0.038,1.098,2,14,0,0.169,0,0,0.088,-19.676,6.394,-4.301,0.699,1.047,2,14,0,0.215,0,0,0.165,-19.728,0.296,-4.466,0.534,1.028,2,14,0,0.187,0,0,0.195,-16.997,3.502,-4.507,0.493,1.082,2,14,0,0.186,0,0,0.258,-22.353,3.224,-3.985,1.015,0.947,2,14,0,0.176,0,0,0.112,2.742,0.593,0,0,0.215,-19.438,3.304,-0.330,-0.944
118.0,-20.021,2.373,-4.899,0.101,1.073,2,14,0,0.183,0,0,0.121,-19.886,5.381,-4.299,0.701,1.035,2,14,0,0.166,0,0,0.100,-19.970,-0.730,-4.468,0.532,1.025,2,14,0,0.229,0,0,0.161,-17.323,2.438,-4.490,0.510,1.067,2,14,0,0.200,0,0,0.304,-22.581,2.301,-3.936,1.064,1.001,2,14,0,0.167,0,0,0.107,2.730,0.609,0,0,0.229,-19.721,2.346,-0.235,-0.972
119.0,-20.278,1.391,-5.026,-0.026,1.059,2,14,0,0.222,0,0,0.192,-20.049,4.371,-4.284,0.716,1.027,2,14,0,0.177,0,0,0.095,-20.071,-1.738,-4.436,0.564,1.008,2,14,0,0.270,0,0,0.103,-17.414,1.445,-4.527,0.473,1.023,2,14,0,0.167,0,0,0.220,-22.764,1.294,-3.959,1.041,1.066,2,14,0,0.168,0,0,0.083,2.706,0.514,0,0,0.270,-19.907,1.364,-0.136,-0.991
120.0,-20.415,0.357,-4.981,0.019,1.061,2,14,0,0.205,0,0,0.241,-20.144,3.322,-4.266,0.734,1.007,2,14,0,0.170,0,0,0.145,-20.129,-2.715,-4.438,0.562,0.984,2,14,0,0.168,0,0,0.068,-17.423,0.439,-4.552,0.448,1.005,2,14,0,0.177,0,0,0.157,-22.977,0.237,-3.899,1.101,1.083,2,14,0,0.173,0,0,0.161,2.784,0.436,0,0,0.205,-19.993,0.368,-0.037,-0.999
121.0,-20.416,-0.713,-5.037,-0.037,1.058,2,14,0,0.271,0,0,0.270,-20.120,2.364,-4.256,0.744,0.971,2,14,0,0.247,0,0,0.105,-20.145,-3.633,-4.425,0.575,0.975,2,14,0,0.175,0,0,0.070,-17.315,-0.535,-4.542,0.458,0.992,2,14,0,0.174,0,0,0.070,-23.016,-0.824,-3.925,1.075,1.075,2,14,0,0.170,0,0,0.218,2.830,0.444,0,0,0.271,-19.980,-0.632,0.063,-0.998
122.0,-20.219,-1.747,-5.044,-0.044,1.035,2,14,0,0.188,0,0,0.213,-20.063,1.401,-4.282,0.718,0.978,2,14,0,0.203,0,0,0.129,-20.056,-4.672,-4.402,0.598,1.034,2,14,0,0.171,0,0,0.091,-17.231,-1.506,-4.498,0.502,0.984,2,14,0,0.223,0,0,0.071,-22.826,-1.875,-3.955,1.045,1.055,2,14,0,0.170,0,0,0.171,2.828,0.383,0,0,0.223,-19.867,-1.625,0.162,-0.987
123.0,-19.903,-2.724,-5.008,-0.008,1.016,2,14,0,0.222,0,0,0.143,-19.899,0.475,-4.267,0.733,0.990,2,14,0,0.170,0,0,0.166,-19.826,-5.687,-4.479,0.521,1.035,2,14,0,0.249,0,0,0.093,-17.041,-2.506,-4.510,0.490,0.994,2,14,0,0.176,0,0,0.103,-22.544,-2.878,-3.949,1.051,1.029,2,14,0,0.174,0,0,0.146,2.849,0.398,0,0,0.249,-19.656,-2.602,0.260,-0.966
124.0,-19.510,-3.664,-4.991,0.009,1.002,2,14,0,0.185,0,0,0.110,-19.639,-0.470,-4.312,0.688,1.035,2,14,0,0.170,0,0,0.210,-19.597,-6.625,-4.497,0.503,1.020,2,14,0,0.175,0,0,0.155,-16.792,-3.419,-4.557,0.443,0.996,2,14,0,0.252,0,0,0.141,-22.234,-3.853,-3.972,1.028,0.990,2,14,0,0.215,0,0,0.167,2.763,0.464,0,0,0.252,-19.348,-3.553,0.355,-0.935
125.0,-19.089,-4.589,-4.932,0.068,0.978,2,14,0,0.317,0,0,0.123,-19.179,-1.431,-4.289,0.711,1.084,2,14,0,0.148,0,0,0.162,-19.243,-7.625,-4.405,0.595,1.045,2,14,0,0.179,0,0,0.237,-16.416,-4.339,-4.481,0.519,1.028,2,14,0,0.177,0,0,0.169,-21.833,-4.704,-4.005,0.995,0.970,2,14,0,0.173,0,0,0.111,2.722,0.488,0,0,0.317,-18.946,-4.468,0.447,-0.895
126.0,-18.630,-5.425,-4.981,0.019,0.952,2,14,0,0.184,0,0,0.084,-18.523,-2.376,-4.264,0.736,1.091,2,14,0,0.155,0,0,0.114,-18.734,-8.485,-4.463,0.537,1.031,2,14,0,0.175,0,0,0.215,-15.833,-5.243,-4.447,0.553,1.067,2,14,0,0.183,0,0,0.095,-21.333,-5.534,-4.017,0.983,0.982,2,14,0,0.178,0,0,0.074,2.853,0.389,0,0,0.184,-18.455,-5.339,0.534,-0.846
127.0,-18.120,-6.141,-4.972,0.028,0.956,2,14,0,0.205,0,0,0.060,-17.916,-3.227,-4.284,0.716,1.033,2,14,0,0.172,0,0,0.152,-18.087,-9.284,-4.481,0.519,1.040,2,14,0,0.235,0,0,0.147,-15.218,-6.106,-4.456,0.544,1.056,2,14,0,0.179,0,0,0.112,-20.848,-6.310,-3.983,1.017,1.004,2,14,0,0.176,0,0,0.145,2.907,0.342,0,0,0.235,-17.880,-6.157,0.616,-0.788
128.0,-17.492,-6.910,-4.954,0.046,1.007,2,14,0,0.190,0,0,0.091,-17.287,-4.024,-4.317,0.683,0.989,2,14,0,0.168,0,0,0.187,-17.416,-10.006,-4.519,0.481,1.041,2,14,0,0.173,0,0,0.110,-14.593,-6.894,-4.552,0.448,1.034,2,14,0,0.184,0,0,0.151,-20.218,-7.075,-3.980,1.020,1.061,2,14,0,0.180,0,0,0.170,2.899,0.367,0,0,0.190,-17.226,-6.913,0.691,-0.723
129.0,-16.866,-7.629,-4.998,0.002,1.033,2,14,0,0.183,0,0,0.192,-16.634,-4.707,-4.288,0.712,0.948,2,14,0,0.206,0,0,0.194,-16.608,-10.736,-4.443,0.557,1.055,2,14,0,0.205,0,0,0.114,-13.833,-7.616,-4.537,0.463,1.018,2,14,0,0.179,0,0,0.175,-19.424,-7.825,-3.959,1.041,1.096,2,14,0,0.174,0,0,0.129,2.767,0.368,0,0,0.206,-16.500,-7.599,0.760,-0.650
130.0,-16.122,-8.294,-5.017,-0.017,1.087,2,14,0,0.186,0,0,0.249,-15.900,-5.203,-4.259,0.741,0.946,2,14,0,0.146,0,0,0.131,-15.755,-11.373,-4.451,0.549,1.030,2,14,0,0.174,0,0,0.144,-13.000,-8.241,-4.493,0.507,1.000,2,14,0,0.183,0,0,0.189,-18.527,-8.490,-3.946,1.054,1.091,2,14,0,0.181,0,0,0.135,2.640,0.422,0,0,0.186,-15.709,-8.210,0.821,-0.571
131.0,-15.164,-8.865,-4.983,0.017,1.139,2,14,0,0.431,0,0,0.180,-15.039,-5.709,-4.252,0.748,1.022,2,14,0,0.170,0,0,0.109,-14.906,-11.908,-4.459,0.541,0.976,2,14,0,0.173,0,0,0.151,-12.126,-8.727,-4.522,0.478,0.973,2,14,0,0.179,0,0,0.151,-17.654,-9.056,-3.917,1.083,1.040,2,14,0,0.179,0,0,0.174,2.715,0.378,0,0,0.431,-14.861,-8.739,0.874,-0.486
132.0,-14.053,-9.392,-5.049,-0.049,1.131,2,14,0,0.185,0,0,0.235,-14.116,-6.179,-4.264,0.736,1.065,2,14,0,0.187,0,0,0.104,-14.047,-12.382,-4.415,0.585,0.963,2,14,0,0.175,0,0,0.173,-11.327,-9.159,-4.562,0.438,0.955,2,14,0,0.176,0,0,0.147,-16.760,-9.519,-3.913,1.087,1.013,2,14,0,0.173,0,0,0.191,2.779,0.395,0,0,0.187,-13.964,-9.181,0.918,-0.396
133.0,-13.074,-9.818,-5.061,-0.061,1.027,2,14,0,0.189,0,0,0.316,-13.146,-6.637,-4.278,0.722,1.075,2,14,0,0.188,0,0,0.185,-13.150,-12.693,-4.454,0.546,0.965,2,14,0,0.172,0,0,0.135,-10.407,-9.502,-4.565,0.435,0.998,2,14,0,0.180,0,0,0.147,-15.835,-9.841,-3.924,1.076,0.994,2,14,0,0.179,0,0,0.162,2.732,0.380,0,0,0.189,-13.027,-9.531,0.953,-0.303
134.0,-12.108,-10.021,-5.020,-0.020,0.959,2,14,0,0.187,0,0,0.271,-12.127,-6.883,-4.276,0.724,1.063,2,14,0,0.174,0,0,0.173,-12.210,-12.968,-4.423,0.577,0.997,2,14,0,0.192,0,0,0.159,-9.412,-9.747,-4.499,0.501,1.022,2,14,0,0.180,0,0,0.126,-14.825,-10.059,-3.954,1.046,0.997,2,14,0,0.178,0,0,0.142,2.760,0.362,0,0,0.192,-12.061,-9.785,0.979,-0.206
135.0,-11.242,-10.087,-4.976,0.024,0.931,2,14,0,0.188,0,0,0.150,-11.080,-6.990,-4.225,0.775,1.037,2,14,0,0.170,0,0,0.144,-11.202,-13.096,-4.423,0.577,1.034,2,14,0,0.170,0,0,0.128,-8.392,-9.836,-4.538,0.462,1.058,2,14,0,0.209,0,0,0.052,-13.871,-10.175,-3.959,1.041,0.978,2,14,0,0.173,0,0,0.088,2.821,0.336,0,0,0.209,-11.074,-9.942,0.994,-0.107
136.0,-10.272,-10.057,-5.038,-0.038,0.987,2,14,0,0.197,0,0,0.064,-10.070,-7.053,-4.353,0.647,1.008,2,14,0,0.170,0,0,0.154,-10.164,-13.135,-4.442,0.558,1.046,2,14,0,0.190,0,0,0.105,-7.326,-9.922,-4.523,0.477,1.048,2,14,0,0.185,0,0,0.095,-12.904,-10.259,-3.976,1.024,0.996,2,14,0,0.180,0,0,0.114,2.845,0.311,0,0,0.197,-10.076,-10.000,1.000,-0.008
137.0,-9.267,-10.003,-5.021,-0.021,1.011,2,14,0,0.187,0,0,0.052,-9.101,-7.000,-4.258,0.742,0.986,2,14,0,0.174,0,0,0.130,-9.134,-13.075,-4.400,0.600,1.041,2,14,0,0.225,0,0,0.099,-6.337,-9.894,-4.489,0.511,1.025,2,14,0,0.180,0,0,0.102,-11.932,-10.244,-3.945,1.055,1.020,2,14,0,0.179,0,0,0.144,2.884,0.321,0,0,0.225,-9.077,-9.957,0.996,0.092
138.0,-8.185,-9.878,-4.987,0.013,1.035,2,14,0,0.271,0,0,0.108,-8.151,-6.874,-4.263,0.737,0.997,2,14,0,0.175,0,0,0.134,-8.097,-12.925,-4.427,0.573,1.042,2,14,0,0.173,0,0,0.120,-5.311,-9.771,-4.497,0.503,1.016,2,14,0,0.181,0,0,0.138,-10.924,-10.106,-3.897,1.103,1.047,2,14,0,0.180,0,0,0.149,2.917,0.334,0,0,0.271,-8.088,-9.815,0.982,0.191
139.0,-7.200,-9.624,-4.996,0.004,1.004,2,14,0,0.204,0,0,0.107,-7.092,-6.626,-4.300,0.700,1.037,2,14,0,0.208,0,0,0.161,-7.106,-12.748,-4.451,0.549,1.011,2,14,0,0.238,0,0,0.184,-4.341,-9.578,-4.460,0.540,0.997,2,14,0,0.186,0,0,0.177,-9.901,-9.877,-3.981,1.019,1.066,2,14,0,0.210,0,0,0.162,2.896,0.371,0,0,0.238,-7.117,-9.575,0.958,0.288
140.0,-6.355,-9.287,-4.978,0.022,0.981,2,14,0,0.190,0,0,0.052,-6.133,-6.249,-4.271,0.729,1.011,2,14,0,0.176,0,0,0.148,-6.174,-12.421,-4.542,0.458,1.004,2,14,0,0.191,0,0,0.183,-3.454,-9.206,-4.490,0.510,1.012,2,14,0,0.182,0,0,0.125,-8.905,-9.506,-4.000,1.000,1.060,2,14,0,0.178,0,0,0.153,2.740,0.380,0,0,0.191,-6.176,-9.240,0.924,0.382
141.0,-5.444,-8.849,-4.979,0.021,1.012,2,14,0,0.190,0,0,0.043,-5.299,-5.798,-4.350,0.650,0.995,2,14,0,0.407,0,0,0.080,-5.315,-11.932,-4.457,0.543,1.012,2,14,0,0.431,0,0,0.107,-2.531,-8.764,-4.556,0.444,1.028,2,14,0,0.176,0,0,0.114,-7.949,-9.000,-4.043,0.957,1.046,2,14,0,0.178,0,0,0.153,2.679,0.374,0,0,0.431,-5.272,-8.812,0.881,0.473
142.0,-4.510,-8.377,-5.012,-0.012,1.025,2,14,0,0.343,0,0,0.121,-4.430,-5.261,-4.277,0.723,1.009,2,14,0,0.211,0,0,0.075,-4.427,-11.399,-4.511,0.489,1.031,2,14,0,0.175,0,0,0.118,-1.658,-8.275,-4.492,0.508,1.040,2,14,0,0.218,0,0,0.147,-7.056,-8.434,-3.965,1.035,1.004,2,14,0,0.183,0,0,0.183,2.754,0.385,0,0,0.343,-4.416,-8.296,0.830,0.558
143.0,-3.647,-7.834,-5.036,-0.036,1.024,2,14,0,0.185,0,0,0.206,-3.614,-4.737,-4.228,0.772,1.014,2,14,0,0.169,0,0,0.138,-3.632,-10.776,-4.445,0.555,1.011,2,14,0,0.225,0,0,0.096,-0.882,-7.635,-4.582,0.418,1.052,2,14,0,0.178,0,0,0.098,-6.264,-7.827,-3.900,1.100,0.963,2,14,0,0.171,0,0,0.176,2.809,0.375,0,0,0.225,-3.616,-7.697,0.770,0.638
144.0,-2.899,-7.144,-4.950,0.050,1.042,2,14,0,0.225,0,0,0.206,-2.823,-4.045,-4.208,0.792,1.046,2,14,0,0.173,0,0,0.164,-2.860,-10.111,-4.475,0.525,1.010,2,14,0,0.175,0,0,0.133,-0.019,-6.951,-4.524,0.476,1.061,2,14,0,0.182,0,0,0.184,-5.611,-7.191,-3.939,1.061,0.930,2,14,0,0.175,0,0,0.095,2.894,0.318,0,0,0.225,-2.879,-7.021,0.702,0.712
145.0,-2.257,-6.361,-5.026,-0.026,1.032,2,14,0,0.187,0,0,0.165,-2.114,-3.239,-4.275,0.725,1.040,2,14,0,0.172,0,0,0.182,-2.187,-9.389,-4.445,0.555,1.009,2,14,0,0.197,0,0,0.152,0.658,-6.143,-4.542,0.458,1.035,2,14,0,0.181,0,0,0.179,-4.979,-6.510,-3.921,1.079,0.953,2,14,0,0.176,0,0,0.109,2.941,0.332,0,0,0.197,-2.214,-6.275,0.628,0.779
146.0,-1.665,-5.529,-5.033,-0.033,1.034,2,14,0,0.190,0,0,0.157,-1.547,-2.438,-4.310,0.690,1.014,2,14,0,0.176,0,0,0.162,-1.581,-8.557,-4.443,0.557,1.023,2,14,0,0.176,0,0,0.159,1.326,-5.302,-4.522,0.478,1.008,2,14,0,0.180,0,0,0.258,-4.381,-5.709,-3.953,1.047,1.009,2,14,0,0.174,0,0,0.119,2.929,0.345,0,0,0.190,-1.626,-5.467,0.547,0.837
147.0,-1.160,-4.587,-4.945,0.055,1.046,2,14,0,0.191,0,0,0.140,-1.038,-1.599,-4.317,0.683,1.008,2,14,0,0.181,0,0,0.176,-0.984,-7.626,-4.489,0.511,1.038,2,14,0,0.178,0,0,0.242,1.822,-4.481,-4.531,0.469,0.962,2,14,0,0.180,0,0,0.254,-3.881,-4.824,-4.000,1.000,1.037,2,14,0,0.171,0,0,0.099,2.890,0.327,0,0,0.191,-1.123,-4.603,0.460,0.888
148.0,-0.764,-3.622,-4.928,0.072,1.020,2,14,0,0.190,0,0,0.141,-0.594,-0.615,-4.301,0.699,1.032,2,14,0,0.202,0,0,0.192,-0.542,-6.711,-4.461,0.539,0.996,2,14,0,0.176,0,0,0.265,2.122,-3.532,-4.551,0.449,0.984,2,14,0,0.179,0,0,0.136,-3.485,-3.891,-3.973,1.027,1.061,2,14,0,0.182,0,0,0.069,2.897,0.297,0,0,0.202,-0.707,-3.694,0.369,0.929
149.0,-0.431,-2.767,-5.006,-0.006,0.982,2,14,0,0.193,0,0,0.137,-0.324,0.353,-4.287,0.713,1.013,2,14,0,0.170,0,0,0.143,-0.310,-5.730,-4.470,0.530,0.986,2,14,0,0.178,0,0,0.182,2.366,-2.606,-4.445,0.555,0.983,2,14,0,0.186,0,0,0.056,-3.103,-2.917,-3.911,1.089,1.063,2,14,0,0.182,0,0,0.108,2.857,0.329,0,0,0.193,-0.385,-2.748,0.275,0.962
150.0,-0.276,-1.780,-5.030,-0.030,1.016,2,14,0,0.188,0,0,0.065,-0.166,1.301,-4.280,0.720,1.000,2,14,0,0.176,0,0,0.070,-0.139,-4.777,-4.434,0.566,0.977,2,14,0,0.178,0,0,0.123,2.564,-1.596,-4.485,0.515,1.018,2,14,0,0.179,0,0,0.036,-2.849,-1.949,-3.967,1.033,1.059,2,14,0,0.239,0,0,0.137,2.790,0.355,0,0,0.239,-0.159,-1.774,0.177,0.984
151.0,-0.104,-0.756,-5.037,-0.037,1.029,2,14,0,0.228,0,0,0.108,-0.061,2.271,-4.273,0.727,1.021,2,14,0,0.208,0,0,0.051,-0.082,-3.811,-4.414,0.586,0.988,2,14,0,0.181,0,0,0.050,2.725,-0.627,-4.540,0.460,1.007,2,14,0,0.181,0,0,0.060,-2.656,-0.904,-3.956,1.044,1.059,2,14,0,0.176,0,0,0.200,2.775,0.394,0,0,0.228,-0.031,-0.783,0.078,0.997
152.0,-0.002,0.225,-5.010,-0.010,1.023,2,14,0,0.188,0,0,0.181,-0.119,3.295,-4.267,0.733,1.035,2,14,0,0.174,0,0,0.041,-0.086,-2.809,-4.447,0.553,1.001,2,14,0,0.176,0,0,0.017,2.758,0.373,-4.524,0.476,1.025,2,14,0,0.183,0,0,0.063,-2.597,0.109,-3.876,1.124,1.037,2,14,0,0.178,0,0,0.231,2.807,0.419,0,0,0.188,-0.002,0.216,-0.022,1.000
153.0,0.003,1.232,-4.993,0.007,1.030,2,14,0,0.197,0,0,0.258,-0.121,4.326,-4.232,0.768,1.028,2,14,0,0.175,0,0,0.049,-0.172,-1.807,-4.465,0.535,1.008,2,14,0,0.180,0,0,0.014,2.720,1.337,-4.508,0.492,1.018,2,14,0,0.177,0,0,0.098,-2.690,1.213,-3.932,1.068,1.036,2,14,0,0.174,0,0,0.249,2.762,0.384,0,0,0.197,-0.074,1.213,-0.121,0.993
154.0,-0.105,2.243,-5.038,-0.038,1.068,2,14,0,0.191,0,0,0.324,-0.151,5.299,-4.277,0.723,1.027,2,14,0,0.205,0,0,0.168,-0.275,-0.842,-4.469,0.531,1.030,2,14,0,0.192,0,0,0.064,2.649,2.333,-4.515,0.485,1.057,2,14,0,0.182,0,0,0.197,-2.895,2.164,-3.998,1.002,1.021,2,14,0,0.182,0,0,0.205,2.805,0.351,0,0,0.205,-0.245,2.198,-0.220,0.976
155.0,-0.506,3.235,-5.034,-0.034,1.086,2,14,0,0.193,0,0,0.200,-0.258,6.268,-4.260,0.740,1.031,2,14,0,0.192,0,0,0.330,-0.381,0.183,-4.446,0.554,1.037,2,14,0,0.174,0,0,0.232,2.431,3.392,-4.537,0.463,1.072,2,14,0,0.180,0,0,0.255,-3.320,3.076,-3.983,1.017,1.007,2,14,0,0.148,0,0,0.062,2.982,0.276,0,0,0.193,-0.513,3.161,-0.316,0.949
156.0,-1.056,4.259,-5.024,-0.024,1.081,2,14,0,0.221,0,0,0.161,-0.621,7.203,-4.311,0.689,1.063,2,14,0,0.172,0,0,0.336,-0.686,1.132,-4.430,0.570,1.042,2,14,0,0.182,0,0,0.296,2.090,4.393,-4.509,0.491,1.068,2,14,0,0.179,0,0,0.305,-3.739,3.859,-3.980,1.020,0.979,2,14,0,0.412,0,0,0.097,2.907,0.302,0,0,0.412,-0.876,4.092,-0.409,0.912
157.0,-1.540,5.183,-5.053,-0.053,1.002,2,14,0,0.193,0,0,0.190,-1.169,8.119,-4.316,0.684,1.119,2,14,0,0.146,0,0,0.245,-1.202,2.000,-4.498,0.502,1.069,2,14,0,0.177,0,0,0.229,1.539,5.380,-4.552,0.448,1.065,2,14,0,0.180,0,0,0.298,-4.129,4.738,-3.952,1.048,1.030,2,14,0,0.180,0,0,0.102,2.848,0.418,0,0,0.193,-1.330,4.983,-0.498,0.867
158.0,-2.038,5.968,-4.978,0.022,0.942,2,14,0,0.191,0,0,0.135,-1.928,9.045,-4.223,0.777,1.163,2,14,0,0.175,0,0,0.150,-1.875,2.951,-4.413,0.587,1.111,2,14,0,0.183,0,0,0.186,0.918,6.163,-4.561,0.439,1.020,2,14,0,0.227,0,0,0.210,-4.637,5.748,-3.946,1.054,1.086,2,14,0,0.176,0,0,0.087,2.805,0.400,0,0,0.227,-1.871,5.824,-0.582,0.813
159.0,-2.632,6.656,-4.982,0.018,0.956,2,14,0,0.190,0,0,0.061,-2.702,9.848,-4.296,0.704,1.078,2,14,0,0.172,0,0,0.208,-2.645,3.744,-4.472,0.528,1.059,2,14,0,0.221,0,0,0.180,0.173,6.846,-4.526,0.474,1.013,2,14,0,0.176,0,0,0.094,-5.152,6.635,-4.010,0.990,1.049,2,14,0,0.179,0,0,0.240,2.701,0.411,0,0,0.221,-2.493,6.606,-0.661,0.751
160.0,-3.310,7.311,-5.044,-0.044,0.993,2,14,0,0.186,0,0,0.069,-3.456,10.553,-4.258,0.742,0.988,2,14,0,0.194,0,0,0.250,-3.433,4.438,-4.505,0.495,0.993,2,14,0,0.171,0,0,0.211,-0.631,7.475,-4.520,0.480,0.999,2,14,0,0.175,0,0,0.137,-5.905,7.421,-3.956,1.044,1.053,2,14,0,0.174,0,0,0.266,2.735,0.466,0,0,0.194,-3.190,7.323,-0.732,0.681
161.0,-4.069,7.952,-4.987,0.013,1.056,2,14,0,0.194,0,0,0.069,-4.101,11.181,-4.226,0.774,0.905,2,14,0,0.173,0,0,0.162,-4.068,5.019,-4.480,0.520,0.924,2,14,0,0.177,0,0,0.089,-1.333,8.087,-4.497,0.503,0.992,2,14,0,0.179,0,0,0.083,-6.720,8.110,-3.919,1.081,1.039,2,14,0,0.179,0,0,0.295,2.784,0.397,0,0,0.194,-3.955,7.966,-0.797,0.605
162.0,-4.924,8.634,-5.029,-0.029,1.079,2,14,0,0.199,0,0,0.106,-4.770,11.711,-4.245,0.755,0.904,2,14,0,0.220,0,0,0.136,-4.778,5.615,-4.430,0.570,0.954,2,14,0,0.176,0,0,0.151,-2.168,8.718,-4.450,0.550,0.997,2,14,0,0.179,0,0,0.095,-7.546,8.599,-3.829,1.171,1.005,2,14,0,0.175,0,0,0.221,2.817,0.431,0,0,0.220,-4.780,8.530,-0.853,0.522
163.0,-5.849,9.238,-4.985,0.015,1.065,2,14,0,0.456,0,0,0.221,-5.513,12.126,-4.265,0.735,0.966,2,14,0,0.182,0,0,0.220,-5.619,6.085,-4.398,0.602,1.007,2,14,0,0.178,0,0,0.169,-2.978,9.229,-4.518,0.482,0.972,2,14,0,0.274,0,0,0.070,-8.514,8.958,-3.991,1.009,1.015,2,14,0,0.174,0,0,0.101,2.858,0.389,0,0,0.456,-5.658,9.008,-0.901,0.434
164.0,-6.795,9.685,-5.004,-0.004,1.025,2,14,0,0.311,0,0,0.281,-6.413,12.438,-4.238,0.762,1.068,2,14,0,0.169,0,0,0.241,-6.608,6.511,-4.444,0.556,1.056,2,14,0,0.178,0,0,0.159,-3.795,9.689,-4.533,0.467,0.969,2,14,0,0.176,0,0,0.160,-9.501,9.286,-3.988,1.012,1.002,2,14,0,0.178,0,0,0.105,2.883,0.363,0,0,0.311,-6.579,9.397,-0.940,0.342
165.0,-7.753,9.948,-4.969,0.031,0.986,2,14,0,0.189,0,0,0.252,-7.517,12.784,-4.320,0.680,1.166,2,14,0,0.173,0,0,0.094,-7.559,6.767,-4.493,0.507,1.046,2,14,0,0.174,0,0,0.127,-4.630,10.033,-4.541,0.459,1.011,2,14,0,0.180,0,0,0.281,-10.480,9.571,-3.929,1.071,0.974,2,14,0,0.175,0,0,0.125,2.919,0.355,0,0,0.189,-7.534,9.691,-0.969,0.247
166.0,-8.647,10.041,-4.985,0.015,0.986,2,14,0,0.191,0,0,0.155,-8.614,13.111,-4.304,0.696,1.147,2,14,0,0.171,0,0,0.150,-8.616,6.981,-4.400,0.600,1.067,2,14,0,0.183,0,0,0.123,-5.633,10.213,-4.526,0.474,1.086,2,14,0,0.186,0,0,0.248,-11.353,9.812,-3.954,1.046,0.945,2,14,0,0.176,0,0,0.067,2.905,0.345,0,0,0.191,-8.514,9.889,-0.989,0.149
167.0,-9.588,10.055,-5.026,-0.026,1.029,2,14,0,0.189,0,0,0.126,-9.681,13.279,-4.334,0.666,1.082,2,14,0,0.176,0,0,0.239,-9.669,7.117,-4.392,0.608,1.050,2,14,0,0.185,0,0,0.176,-6.768,10.311,-4.485,0.515,1.144,2,14,0,0.194,0,0,0.173,-12.327,9.905,-3.986,1.014,0.970,2,14,0,0.176,0,0,0.063,2.883,0.415,0,0,0.194,-9.509,9.988,-0.999,0.049
168.0,-10.629,10.006,-5.022,-0.022,1.081,2,14,0,0.186,0,0,0.070,-10.681,13.297,-4.319,0.681,1.036,2,14,0,0.171,0,0,0.256,-10.723,7.112,-4.419,0.581,1.034,2,14,0,0.179,0,0,0.202,-7.922,10.303,-4.466,0.534,1.135,2,14,0,0.177,0,0,0.195,-13.276,9.955,-3.984,1.016,0.995,2,14,0,0.174,0,0,0.126,2.780,0.521,0,0,0.186,-10.508,9.987,-0.999,-0.051
169.0,-11.679,9.936,-4.956,0.044,1.090,2,14,0,0.236,0,0,0.045,-11.713,13.123,-4.289,0.711,1.015,2,14,0,0.175,0,0,0.214,-11.767,6.955,-4.434,0.566,1.000,2,14,0,0.183,0,0,0.197,-9.023,10.209,-4.456,0.544,1.067,2,14,0,0.180,0,0,0.276,-14.263,9.836,-3.969,1.031,1.040,2,14,0,0.179,0,0,0.120,2.716,0.612,0,0,0.236,-11.503,9.886,-0.989,-0.150
170.0,-12.812,9.814,-5.034,-0.034,1.083,2,14,0,0.262,0,0,0.186,-12.720,12.816,-4.287,0.713,0.998,2,14,0,0.169,0,0,0.173,-12.688,6.704,-4.453,0.547,0.963,2,14,0,0.210,0,0,0.124,-10.050,10.006,-4.537,0.463,0.985,2,14,0,0.181,0,0,0.308,-15.278,9.682,-3.968,1.032,1.071,2,14,0,0.179,0,0,0.143,2.689,0.651,0,0,0.262,-12.482,9.687,-0.969,-0.248
171.0,-13.910,9.618,-5.048,-0.048,1.021,2,14,0,0.203,0,0,0.367,-13.695,12.475,-4.299,0.701,0.958,2,14,0,0.170,0,0,0.188,-13.595,6.422,-4.491,0.509,0.966,2,14,0,0.179,0,0,0.087,-10.867,9.689,-4.533,0.467,0.933,2,14,0,0.179,0,0,0.194,-16.278,9.400,-3.979,1.021,1.101,2,14,0,0.178,0,0,0.158,2.607,0.525,0,0,0.203,-13.437,9.391,-0.939,-0.344
172.0,-14.773,9.191,-5.046,-0.046,0.966,2,14,0,0.194,0,0,0.299,-14.508,12.153,-4.330,0.670,0.925,2,14,0,0.210,0,0,0.110,-14.418,6.084,-4.441,0.559,0.978,2,14,0,0.172,0,0,0.115,-11.678,9.222,-4.555,0.445,0.958,2,14,0,0.185,0,0,0.070,-17.314,8.975,-3.982,1.018,1.098,2,14,0,0.177,0,0,0.175,2.763,0.457,0,0,0.210,-14.357,9.001,-0.900,-0.436
173.0,-15.565,8.643,-5.003,-0.003,0.964,2,14,0,0.196,0,0,0.190,-15.292,11.706,-4.294,0.706,0.972,2,14,0,0.174,0,0,0.105,-15.240,5.660,-4.451,0.549,1.029,2,14,0,0.173,0,0,0.182,-12.522,8.735,-4.505,0.495,1.010,2,14,0,0.178,0,0,0.058,-18.280,8.445,-3.944,1.056,1.058,2,14,0,0.214,0,0,0.234,2.922,0.359,0,0,0.214,-15.234,8.521,-0.852,-0.523
174.0,-16.238,7.961,-5.029,-0.029,0.984,2,14,0,0.229,0,0,0.009,-16.131,11.153,-4.364,0.636,1.031,2,14,0,0.191,0,0,0.120,-16.161,5.112,-4.430,0.570,1.106,2,14,0,0.174,0,0,0.180,-13.416,8.140,-4.467,0.533,1.043,2,14,0,0.180,0,0,0.062,-19.064,7.877,-3.966,1.034,0.985,2,14,0,0.176,0,0,0.194,2.883,0.402,0,0,0.229,-16.058,7.956,-0.796,-0.606
175.0,-16.913,7.257,-5.024,-0.024,1.016,2,14,0,0.187,0,0,0.109,-17.030,10.517,-4.284,0.716,1.070,2,14,0,0.195,0,0,0.184,-16.992,4.436,-4.473,0.527,1.124,2,14,0,0.182,0,0,0.168,-14.218,7.512,-4.509,0.491,1.027,2,14,0,0.177,0,0,0.104,-19.702,7.234,-3.950,1.050,0.966,2,14,0,0.225,0,0,0.088,2.756,0.444,0,0,0.225,-16.822,7.311,-0.731,-0.682
176.0,-17.644,6.529,-5.013,-0.013,1.044,2,14,0,0.191,0,0,0.089,-17.706,9.790,-4.295,0.705,1.050,2,14,0,0.177,0,0,0.166,-17.855,3.606,-4.462,0.538,1.129,2,14,0,0.178,0,0,0.243,-14.962,6.780,-4.500,0.500,1.019,2,14,0,0.207,0,0,0.141,-20.382,6.531,-3.973,1.027,1.002,2,14,0,0.170,0,0,0.092,2.742,0.481,0,0,0.207,-17.518,6.594,-0.659,-0.752
177.0,-18.399,5.844,-4.949,0.051,1.031,2,14,0,0.204,0,0,0.084,-18.272,8.948,-4.276,0.724,1.050,2,14,0,0.177,0,0,0.088,-18.477,2.717,-4.423,0.577,1.045,2,14,0,0.178,0,0,0.252,-15.564,6.006,-4.507,0.493,0.999,2,14,0,0.178,0,0,0.132,-21.099,5.779,-3.997,1.003,1.042,2,14,0,0.175,0,0,0.178,2.863,0.469,0,0,0.204,-18.139,5.810,-0.581,-0.814
178.0,-19.011,5.093,-4.961,0.039,1.007,2,14,0,0.323,0,0,0.193,-18.836,8.059,-4.246,0.754,1.058,2,14,0,0.173,0,0,0.083,-18.937,1.858,-4.422,0.578,0.975,2,14,0,0.179,0,0,0.184,-16.038,5.208,-4.529,0.471,1.000,2,14,0,0.180,0,0,0.101,-21.594,4.925,-4.009,0.991,1.047,2,14,0,0.177,0,0,0.140,2.758,0.433,0,0,0.323,-18.678,4.968,-0.497,-0.868
179.0,-19.478,4.259,-4.997,0.003,1.049,2,14,0,0.232,0,0,0.242,-19.353,7.145,-4.259,0.741,1.046,2,14,0,0.215,0,0,0.148,-19.307,1.006,-4.450,0.550,0.935,2,14,0,0.155,0,0,0.094,-16.530,4.283,-4.577,0.423,1.042,2,14,0,0.215,0,0,0.108,-22.094,3.953,-3.968,1.032,1.078,2,14,0,0.161,0,0,0.139,2.829,0.449,0,0,0.232,-19.131,4.077,-0.408,-0.913
180.0,-19.926,3.271,-4.963,0.037,1.089,2,14,0,0.190,0,0,0.279,-19.766,6.213,-4.317,0.683,1.022,2,14,0,0.218,0,0,0.199,-19.628,0.133,-4.439,0.561,0.958,2,14,0,0.176,0,0,0.042,-16.916,3.305,-4.532,0.468,1.056,2,14,0,0.175,0,0,0.122,-22.505,2.976,-3.955,1.045,1.048,2,14,0,0.177,0,0,0.187,2.785,0.453,0,0,0.218,-19.492,3.145,-0.315,-0.949
181.0,-20.147,2.254,-5.039,-0.039,1.097,2,14,0,0.163,0,0,0.220,-19.984,5.211,-4.221,0.779,1.013,2,14,0,0.171,0,0,0.158,-19.951,-0.802,-4.508,0.492,0.994,2,14,0,0.179,0,0,0.102,-17.170,2.262,-4.548,0.452,1.043,2,14,0,0.183,0,0,0.135,-22.774,1.994,-3.995,1.005,1.023,2,14,0,0.180,0,0,0.194,2.839,0.419,0,0,0.183,-19.759,2.182,-0.218,-0.976
182.0,-20.278,1.135,-4.981,0.019,1.099,2,14,0,0.190,0,0,0.178,-20.130,4.192,-4.298,0.702,1.005,2,14,0,0.171,0,0,0.151,-20.225,-1.776,-4.474,0.526,1.031,2,14,0,0.173,0,0,0.205,-17.404,1.251,-4.553,0.447,1.010,2,14,0,0.179,0,0,0.202,-22.881,0.980,-3.912,1.088,1.025,2,14,0,0.178,0,0,0.148,2.818,0.479,0,0,0.190,-19.928,1.197,-0.120,-0.993
183.0,-20.304,0.079,-4.943,0.057,1.050,2,14,0,0.188,0,0,0.171,-20.155,3.217,-4.266,0.734,0.986,2,14,0,0.172,0,0,0.102,-20.362,-2.781,-4.436,0.564,1.052,2,14,0,0.172,0,0,0.268,-17.432,0.284,-4.536,0.464,0.977,2,14,0,0.181,0,0,0.152,-22.890,-0.027,-3.879,1.121,0.998,2,14,0,0.179,0,0,0.106,2.799,0.442,0,0,0.188,-19.998,0.200,-0.020,-1.000
184.0,-20.285,-0.911,-5.003,-0.003,1.005,2,14,0,0.185,0,0,0.174,-20.087,2.232,-4.227,0.773,0.977,2,14,0,0.196,0,0,0.065,-20.286,-3.813,-4.404,0.596,1.082,2,14,0,0.177,0,0,0.220,-17.414,-0.634,-4.499,0.501,0.972,2,14,0,0.182,0,0,0.143,-22.835,-0.990,-3.939,1.061,0.984,2,14,0,0.180,0,0,0.063,2.764,0.475,0,0,0.196,-19.968,-0.800,0.080,-0.997
185.0,-20.122,-1.874,-4.959,0.041,0.987,2,14,0,0.189,0,0,0.132,-20.015,1.259,-4.286,0.714,0.983,2,14,0,0.351,0,0,0.101,-20.018,-4.863,-4.475,0.525,1.087,2,14,0,0.188,0,0,0.098,-17.280,-1.564,-4.536,0.464,1.016,2,14,0,0.181,0,0,0.155,-22.726,-1.980,-3.951,1.049,0.997,2,14,0,0.179,0,0,0.078,2.794,0.496,0,0,0.351,-19.838,-1.791,0.179,-0.984
186.0,-19.905,-2.886,-5.047,-0.047,0.997,2,14,0,0.192,0,0,0.170,-19.844,0.231,-4.286,0.714,1.010,2,14,0,0.172,0,0,0.176,-19.675,-5.895,-4.426,0.574,1.058,2,14,0,0.191,0,0,0.110,-17.044,-2.584,-4.431,0.569,1.070,2,14,0,0.173,0,0,0.130,-22.512,-2.954,-3.931,1.069,1.007,2,14,0,0.180,0,0,0.090,2.836,0.469,0,0,0.192,-19.610,-2.764,0.276,-0.961
187.0,-19.505,-3.762,-5.001,-0.001,0.983,2,14,0,0.189,0,0,0.069,-19.547,-0.702,-4.210,0.790,1.008,2,14,0,0.174,0,0,0.196,-19.340,-6.841,-4.485,0.515,1.009,2,14,0,0.176,0,0,0.114,-16.661,-3.612,-4.504,0.496,1.086,2,14,0,0.182,0,0,0.094,-22.227,-3.916,-3.992,1.008,1.016,2,14,0,0.235,0,0,0.132,2.891,0.387,0,0,0.235,-19.287,-3.710,0.371,-0.929
188.0,-19.028,-4.595,-5.018,-0.018,0.991,2,14,0,0.192,0,0,0.029,-19.074,-1.629,-4.298,0.702,1.037,2,14,0,0.175,0,0,0.154,-18.938,-7.767,-4.459,0.541,0.978,2,14,0,0.178,0,0,0.126,-16.210,-4.552,-4.531,0.469,1.058,2,14,0,0.338,0,0,0.098,-21.746,-4.849,-3.974,1.026,1.035,2,14,0,0.171,0,0,0.101,2.860,0.346,0,0,0.338,-18.870,-4.618,0.462,-0.887
189.0,-18.551,-5.507,-5.030,-0.030,1.022,2,14,0,0.304,0,0,0.032,-18.534,-2.521,-4.295,0.705,1.043,2,14,0,0.179,0,0,0.149,-18.551,-8.600,-4.467,0.533,0.955,2,14,0,0.223,0,0,0.126,-15.745,-5.498,-4.518,0.482,1.031,2,14,0,0.178,0,0,0.191,-21.286,-5.747,-4.017,0.983,1.015,2,14,0,0.179,0,0,0.156,2.852,0.381,0,0,0.304,-18.364,-5.481,0.548,-0.836
190.0,-18.005,-6.399,-4.998,0.002,1.028,2,14,0,0.191,0,0,0.126,-17.901,-3.318,-4.316,0.684,1.028,2,14,0,0.174,0,0,0.118,-18.033,-9.400,-4.463,0.537,0.980,2,14,0,0.179,0,0,0.177,-15.177,-6.296,-4.516,0.484,0.993,2,14,0,0.176,0,0,0.193,-20.768,-6.544,-3.956,1.044,1.007,2,14,0,0.174,0,0,0.202,2.870,0.402,0,0,0.191,-17.775,-6.288,0.629,-0.778
191.0,-17.472,-7.173,-4.986,0.014,1.001,2,14,0,0.188,0,0,0.233,-17.206,-4.031,-4.279,0.721,1.023,2,14,0,0.169,0,0,0.077,-17.454,-10.211,-4.504,0.496,1.020,2,14,0,0.176,0,0,0.285,-14.493,-7.031,-4.529,0.471,0.993,2,14,0,0.174,0,0,0.176,-20.041,-7.272,-4.004,0.996,1.039,2,14,0,0.210,0,0,0.145,2.752,0.389,0,0,0.210,-17.109,-7.033,0.703,-0.711
192.0,-16.678,-7.795,-4.920,0.080,1.034,2,14,0,0.195,0,0,0.159,-16.486,-4.686,-4.343,0.657,1.016,2,14,0,0.207,0,0,0.065,-16.693,-10.846,-4.442,0.558,1.061,2,14,0,0.186,0,0,0.244,-13.677,-7.662,-4.491,0.509,0.990,2,14,0,0.186,0,0,0.113,-19.294,-7.895,-4.016,0.984,1.034,2,14,0,0.247,0,0,0.108,2.770,0.350,0,0,0.247,-16.371,-7.708,0.771,-0.637
193.0,-15.810,-8.380,-4.997,0.003,1.052,2,14,0,0.205,0,0,0.099,-15.597,-5.297,-4.252,0.748,1.031,2,14,0,0.141,0,0,0.084,-15.827,-11.388,-4.427,0.573,1.114,2,14,0,0.175,0,0,0.162,-12.926,-8.249,-4.484,0.516,0.989,2,14,0,0.179,0,0,0.113,-18.515,-8.491,-3.961,1.039,1.057,2,14,0,0.177,0,0,0.128,2.898,0.360,0,0,0.205,-15.570,-8.305,0.831,-0.557
194.0,-14.943,-8.975,-5.021,-0.021,1.065,2,14,0,0.187,0,0,0.166,-14.749,-5.863,-4.258,0.742,0.998,2,14,0,0.215,0,0,0.125,-14.766,-11.952,-4.415,0.585,1.133,2,14,0,0.175,0,0,0.120,-12.068,-8.734,-4.532,0.468,0.998,2,14,0,0.233,0,0,0.086,-17.576,-9.063,-3.950,1.050,1.092,2,14,0,0.149,0,0,0.106,2.844,0.365,0,0,0.233,-14.713,-8.820,0.882,-0.471
195.0,-13.967,-9.429,-5.022,-0.022,1.050,2,14,0,0.205,0,0,0.185,-13.894,-6.340,-4.307,0.693,0.974,2,14,0,0.175,0,0,0.170,-13.795,-12.406,-4.465,0.535,1.061,2,14,0,0.199,0,0,0.174,-11.190,-9.191,-4.509,0.491,1.023,2,14,0,0.182,0,0,0.129,-16.523,-9.536,-3.931,1.069,1.074,2,14,0,0.179,0,0,0.181,2.781,0.407,0,0,0.205,-13.809,-9.246,0.925,-0.381
196.0,-12.912,-9.768,-5.027,-0.027,1.019,2,14,0,0.188,0,0,0.230,-13.027,-6.726,-4.279,0.721,0.977,2,14,0,0.173,0,0,0.235,-12.862,-12.690,-4.509,0.491,0.985,2,14,0,0.177,0,0,0.134,-10.180,-9.472,-4.487,0.513,1.052,2,14,0,0.182,0,0,0.049,-15.607,-9.865,-3.962,1.038,1.000,2,14,0,0.176,0,0,0.162,2.801,0.385,0,0,0.188,-12.867,-9.580,0.958,-0.287
197.0,-12.038,-9.979,-4.993,0.007,0.956,2,14,0,0.197,0,0,0.170,-12.057,-6.908,-4.275,0.725,1.022,2,14,0,0.174,0,0,0.183,-11.889,-12.938,-4.491,0.509,0.968,2,14,0,0.175,0,0,0.141,-9.132,-9.762,-4.489,0.511,1.040,2,14,0,0.194,0,0,0.121,-14.636,-10.134,-3.942,1.058,0.974,2,14,0,0.181,0,0,0.189,2.807,0.408,0,0,0.197,-11.896,-9.819,0.982,-0.190
198.0,-11.119,-10.059,-4.945,0.055,0.981,2,14,0,0.188,0,0,0.110,-11.054,-7.015,-4.265,0.735,1.057,2,14,0,0.418,0,0,0.147,-10.957,-13.093,-4.447,0.553,0.947,2,14,0,0.179,0,0,0.115,-8.109,-10.000,-4.556,0.444,1.017,2,14,0,0.180,0,0,0.220,-13.672,-10.278,-3.924,1.076,0.957,2,14,0,0.274,0,0,0.183,2.759,0.396,0,0,0.418,-10.906,-9.959,0.996,-0.091
199.0,-10.099,-10.055,-5.011,-0.011,1.022,2,14,0,0.196,0,0,0.062,-9.986,-7.052,-4.328,0.672,1.087,2,14,0,0.175,0,0,0.126,-10.058,-13.156,-4.403,0.597,0.961,2,14,0,0.180,0,0,0.135,-7.189,-10.102,-4.524,0.476,0.978,2,14,0,0.184,0,0,0.259,-12.714,-10.298,-3.990,1.010,0.962,2,14,0,0.179,0,0,0.154,2.818,0.356,0,0,0.196,-9.908,-10.000,1.000,0.009
200.0,-9.071,-9.961,-4.970,0.030,1.034,2,14,0,0.190,0,0,0.029,-8.850,-6.965,-4.289,0.711,1.080,2,14,0,0.152,0,0,0.170,-9.087,-13.109,-4.445,0.555,1.015,2,14,0,0.183,0,0,0.154,-6.184,-9.972,-4.518,0.482,1.008,2,14,0,0.186,0,0,0.191,-11.804,-10.230,-3.976,1.024,0.987,2,14,0,0.178,0,0,0.161,2.922,0.309,0,0,0.190,-8.910,-9.940,0.994,0.109
201.0,-8.090,-9.856,-4.996,0.004,1.014,2,14,0,0.190,0,0,0.081,-7.853,-6.730,-4.272,0.728,1.015,2,14,0,0.178,0,0,0.151,-8.098,-12.937,-4.433,0.567,1.060,2,14,0,0.183,0,0,0.144,-5.208,-9.728,-4.459,0.541,1.027,2,14,0,0.185,0,0,0.104,-10.812,-10.063,-3.943,1.057,1.056,2,14,0,0.180,0,0,0.151,2.925,0.302,0,0,0.190,-7.923,-9.782,0.978,0.208
202.0,-7.094,-9.603,-5.069,-0.069,1.025,2,14,0,0.276,0,0,0.093,-6.896,-6.502,-4.220,0.780,0.967,2,14,0,0.198,0,0,0.149,-7.091,-12.720,-4.411,0.589,1.082,2,14,0,0.154,0,0,0.166,-4.246,-9.390,-4.472,0.528,1.041,2,14,0,0.178,0,0,0.025,-9.804,-9.752,-3.903,1.097,1.089,2,14,0,0.184,0,0,0.089,2.917,0.320,0,0,0.276,-6.957,-9.526,0.953,0.304
203.0,-6.103,-9.283,-4.993,0.007,1.034,2,14,0,0.196,0,0,0.148,-5.969,-6.155,-4.269,0.731,0.958,2,14,0,0.249,0,0,0.144,-6.168,-12.323,-4.415,0.585,1.104,2,14,0,0.182,0,0,0.121,-3.263,-9.029,-4.493,0.507,1.040,2,14,0,0.208,0,0,0.063,-8.765,-9.371,-3.967,1.033,1.089,2,14,0,0.177,0,0,0.095,2.853,0.323,0,0,0.249,-6.021,-9.174,0.917,0.398
204.0,-5.148,-8.891,-5.023,-0.023,1.016,2,14,0,0.249,0,0,0.226,-5.145,-5.725,-4.282,0.718,0.955,2,14,0,0.173,0,0,0.088,-5.064,-11.856,-4.430,0.570,1.119,2,14,0,0.176,0,0,0.190,-2.325,-8.620,-4.462,0.538,1.011,2,14,0,0.192,0,0,0.109,-7.803,-8.899,-4.019,0.981,1.049,2,14,0,0.182,0,0,0.147,2.839,0.363,0,0,0.249,-5.125,-8.731,0.873,0.488
205.0,-4.302,-8.349,-5.006,-0.006,1.011,2,14,0,0.188,0,0,0.219,-4.350,-5.296,-4.277,0.723,0.980,2,14,0,0.175,0,0,0.166,-4.066,-11.292,-4.427,0.573,1.054,2,14,0,0.180,0,0,0.317,-1.384,-8.132,-4.511,0.489,1.006,2,14,0,0.271,0,0,0.214,-6.941,-8.411,-3.976,1.024,1.005,2,14,0,0.177,0,0,0.172,2.834,0.397,0,0,0.271,-4.278,-8.201,0.820,0.572
206.0,-3.650,-7.735,-5.034,-0.034,1.009,2,14,0,0.193,0,0,0.152,-3.527,-4.708,-4.327,0.673,1.052,2,14,0,0.174,0,0,0.195,-3.321,-10.648,-4.538,0.462,0.968,2,14,0,0.214,0,0,0.271,-0.645,-7.568,-4.526,0.474,0.971,2,14,0,0.216,0,0,0.200,-6.097,-7.829,-3.979,1.021,0.989,2,14,0,0.176,0,0,0.234,2.666,0.459,0,0,0.216,-3.487,-7.589,0.759,0.651
207.0,-2.943,-6.977,-4.982,0.018,1.067,2,14,0,0.194,0,0,0.082,-2.779,-3.978,-4.239,0.761,1.088,2,14,0,0.173,0,0,0.162,-2.741,-9.961,-4.488,0.512,0.933,2,14,0,0.179,0,0,0.127,0.093,-6.846,-4.537,0.463,1.008,2,14,0,0.184,0,0,0.188,-5.417,-7.128,-3.999,1.001,0.972,2,14,0,0.150,0,0,0.188,2.667,0.414,0,0,0.194,-2.762,-6.900,0.690,0.724
208.0,-2.254,-6.110,-4.933,0.067,1.086,2,14,0,0.189,0,0,0.046,-2.112,-3.177,-4.282,0.718,1.103,2,14,0,0.188,0,0,0.131,-2.146,-9.183,-4.463,0.537,0.962,2,14,0,0.207,0,0,0.064,0.675,-6.007,-4.594,0.406,1.006,2,14,0,0.181,0,0,0.093,-4.779,-6.414,-3.918,1.082,0.987,2,14,0,0.182,0,0,0.199,2.738,0.427,0,0,0.207,-2.110,-6.143,0.614,0.789
209.0,-1.601,-5.268,-4.967,0.033,1.050,2,14,0,0.204,0,0,0.127,-1.485,-2.286,-4.294,0.706,1.097,2,14,0,0.173,0,0,0.132,-1.565,-8.381,-4.460,0.540,0.985,2,14,0,0.180,0,0,0.072,1.286,-5.194,-4.535,0.465,1.008,2,14,0,0.178,0,0,0.128,-4.254,-5.562,-3.914,1.086,1.023,2,14,0,0.200,0,0,0.143,2.869,0.369,0,0,0.204,-1.536,-5.325,0.533,0.846
210.0,-1.013,-4.418,-5.025,-0.025,1.000,2,14,0,0.190,0,0,0.216,-0.868,-1.337,-4.313,0.687,1.067,2,14,0,0.174,0,0,0.259,-1.006,-7.562,-4.360,0.640,1.006,2,14,0,0.456,0,0,0.159,1.740,-4.319,-4.511,0.489,0.998,2,14,0,0.177,0,0,0.093,-3.800,-4.565,-3.949,1.051,1.055,2,14,0,0.179,0,0,0.077,2.803,0.270,0,0,0.456,-1.046,-4.453,0.445,0.895
211.0,-0.603,-3.585,-5.032,-0.032,0.967,2,14,0,0.190,0,0,0.230,-0.501,-0.419,-4.272,0.728,1.002,2,14,0,0.212,0,0,0.229,-0.632,-6.635,-4.400,0.600,1.025,2,14,0,0.182,0,0,0.130,2.197,-3.400,-4.541,0.459,1.015,2,14,0,0.203,0,0,0.144,-3.312,-3.635,-4.005,0.995,1.044,2,14,0,0.220,0,0,0.165,2.849,0.349,0,0,0.220,-0.647,-3.537,0.354,0.935
212.0,-0.265,-2.642,-4.971,0.029,0.997,2,14,0,0.234,0,0,0.263,-0.189,0.543,-4.299,0.701,0.976,2,14,0,0.193,0,0,0.237,-0.334,-5.683,-4.433,0.567,1.046,2,14,0,0.178,0,0,0.123,2.476,-2.473,-4.523,0.477,1.007,2,14,0,0.187,0,0,0.126,-3.076,-2.659,-4.052,0.948,1.001,2,14,0,0.174,0,0,0.112,2.782,0.274,0,0,0.234,-0.340,-2.586,0.259,0.966
213.0,-0.132,-1.646,-5.008,-0.008,1.028,2,14,0,0.187,0,0,0.184,-0.157,1.547,-4.339,0.661,0.968,2,14,0,0.176,0,0,0.100,-0.137,-4.712,-4.457,0.543,1.059,2,14,0,0.189,0,0,0.114,2.642,-1.490,-4.488,0.512,1.037,2,14,0,0.176,0,0,0.081,-2.866,-1.703,-3.969,1.031,0.988,2,14,0,0.179,0,0,0.096,2.827,0.280,0,0,0.189,-0.130,-1.609,0.161,0.987
214.0,-0.072,-0.601,-5.011,-0.011,1.058,2,14,0,0.219,0,0,0.128,-0.099,2.496,-4.318,0.682,0.960,2,14,0,0.176,0,0,0.043,0.018,-3.685,-4.452,0.548,1.085,2,14,0,0.149,0,0,0.140,2.774,-0.439,-4.486,0.514,1.046,2,14,0,0.211,0,0,0.098,-2.686,-0.704,-3.965,1.035,0.982,2,14,0,0.177,0,0,0.167,2.817,0.345,0,0,0.219,-0.019,-0.615,0.062,0.998
215.0,-0.040,0.444,-5.055,-0.055,1.048,2,14,0,0.190,0,0,0.158,-0.062,3.397,-4.290,0.710,0.981,2,14,0,0.174,0,0,0.060,0.063,-2.598,-4.482,0.518,1.077,2,14,0,0.178,0,0,0.176,2.713,0.571,-4.498,0.502,1.035,2,14,0,0.187,0,0,0.043,-2.679,0.296,-3.993,1.007,0.983,2,14,0,0.182,0,0,0.159,2.812,0.340,0,0,0.190,-0.007,0.384,-0.038,0.999
216.0,-0.178,1.515,-4.997,0.003,1.032,2,14,0,0.190,0,0,0.158,-0.069,4.413,-4.320,0.680,1.038,2,14,0,0.175,0,0,0.112,-0.079,-1.512,-4.422,0.578,1.054,2,14,0,0.302,0,0,0.181,2.707,1.574,-4.498,0.502,1.016,2,14,0,0.182,0,0,0.111,-2.768,1.246,-3.979,1.021,0.979,2,14,0,0.181,0,0,0.151,2.796,0.354,0,0,0.302,-0.096,1.380,-0.138,0.990
217.0,-0.408,2.523,-5.014,-0.014,1.002,2,14,0,0.191,0,0,0.159,-0.184,5.459,-4.243,0.757,1.071,2,14,0,0.172,0,0,0.175,-0.292,-0.495,-4.436,0.564,1.015,2,14,0,0.174,0,0,0.198,2.610,2.562,-4.517,0.483,1.022,2,14,0,0.183,0,0,0.200,-2.986,2.208,-4.011,0.989,1.024,2,14,0,0.179,0,0,0.120,2.784,0.334,0,0,0.191,-0.283,2.362,-0.236,0.972
218.0,-0.752,3.435,-5.005,-0.005,0.970,2,14,0,0.188,0,0,0.110,-0.423,6.506,-4.271,0.729,1.069,2,14,0,0.373,0,0,0.245,-0.545,0.424,-4.446,0.554,0.960,2,14,0,0.155,0,0,0.182,2.322,3.503,-4.525,0.475,1.042,2,14,0,0.180,0,0,0.194,-3.248,3.211,-3.962,1.038,1.056,2,14,0,0.176,0,0,0.148,2.714,0.338,0,0,0.373,-0.567,3.320,-0.332,0.943
219.0,-1.096,4.281,-4.996,0.004,0.948,2,14,0,0.191,0,0,0.041,-0.801,7.481,-4.282,0.718,1.055,2,14,0,0.182,0,0,0.272,-0.928,1.316,-4.459,0.541,0.957,2,14,0,0.178,0,0,0.154,1.899,4.542,-4.505,0.495,1.066,2,14,0,0.181,0,0,0.206,-3.574,4.150,-3.961,1.039,1.033,2,14,0,0.177,0,0,0.202,2.689,0.384,0,0,0.191,-0.946,4.245,-0.425,0.905
220.0,-1.515,5.123,-5.016,-0.016,0.986,2,14,0,0.237,0,0,0.086,-1.352,8.350,-4.261,0.739,1.048,2,14,0,0.173,0,0,0.207,-1.310,2.148,-4.420,0.580,0.973,2,14,0,0.178,0,0,0.206,1.452,5.454,-4.512,0.488,1.031,2,14,0,0.184,0,0,0.240,-4.013,5.063,-3.995,1.005,1.079,2,14,0,0.177,0,0,0.239,2.699,0.407,0,0,0.237,-1.415,5.128,-0.513,0.859
221.0,-1.953,6.013,-5.040,-0.040,1.028,2,14,0,0.195,0,0,0.204,-2.033,9.120,-4.270,0.730,1.045,2,14,0,0.171,0,0,0.090,-1.939,2.951,-4.461,0.539,1.039,2,14,0,0.348,0,0,0.129,0.797,6.221,-4.586,0.414,1.036,2,14,0,0.179,0,0,0.130,-4.659,5.889,-3.937,1.063,1.086,2,14,0,0.229,0,0,0.153,2.794,0.350,0,0,0.348,-1.970,5.959,-0.596,0.803
222.0,-2.639,6.837,-4.937,0.063,1.079,2,14,0,0.187,0,0,0.178,-2.655,9.870,-4.308,0.692,1.031,2,14,0,0.262,0,0,0.070,-2.674,3.750,-4.509,0.491,1.069,2,14,0,0.177,0,0,0.058,0.162,6.921,-4.513,0.487,1.007,2,14,0,0.176,0,0,0.076,-5.470,6.760,-3.922,1.078,1.109,2,14,0,0.290,0,0,0.179,2.834,0.300,0,0,0.290,-2.605,6.731,-0.673,0.740
223.0,-3.452,7.579,-4.958,0.042,1.087,2,14,0,0.188,0,0,0.141,-3.402,10.630,-4.251,0.749,1.038,2,14,0,0.173,0,0,0.123,-3.469,4.456,-4.407,0.593,1.068,2,14,0,0.182,0,0,0.079,-0.586,7.577,-4.502,0.498,1.036,2,14,0,0.171,0,0,0.031,-6.243,7.477,-3.946,1.054,1.024,2,14,0,0.176,0,0,0.206,2.902,0.307,0,0,0.188,-3.314,7.436,-0.744,0.669
224.0,-4.257,8.243,-5.004,-0.004,1.057,2,14,0,0.192,0,0,0.167,-4.193,11.209,-4.259,0.741,1.007,2,14,0,0.172,0,0,0.084,-4.283,5.151,-4.474,0.526,1.037,2,14,0,0.179,0,0,0.151,-1.439,8.260,-4.455,0.545,1.053,2,14,0,0.184,0,0,0.063,-7.011,8.082,-3.914,1.086,0.963,2,14,0,0.184,0,0,0.181,2.871,0.399,0,0,0.192,-4.090,8.066,-0.807,0.591
225.0,-5.121,8.847,-5.019,-0.019,1.028,2,14,0,0.242,0,0,0.226,-5.040,11.739,-4.355,0.645,0.989,2,14,0,0.143,0,0,0.067,-5.147,5.714,-4.492,0.508,0.984,2,14,0,0.180,0,0,0.183,-2.230,8.882,-4.491,0.509,1.028,2,14,0,0.180,0,0,0.111,-7.821,8.591,-3.962,1.038,0.936,2,14,0,0.254,0,0,0.134,2.910,0.405,0,0,0.254,-4.924,8.616,-0.862,0.508
226.0,-5.990,9.223,-5.024,-0.024,0.995,2,14,0,0.163,0,0,0.138,-5.866,12.253,-4.262,0.738,1.001,2,14,0,0.172,0,0,0.099,-5.878,6.239,-4.445,0.555,0.926,2,14,0,0.175,0,0,0.191,-3.095,9.459,-4.540,0.460,1.013,2,14,0,0.176,0,0,0.225,-8.683,9.108,-3.922,1.078,0.946,2,14,0,0.178,0,0,0.175,2.912,0.474,0,0,0.178,-5.810,9.080,-0.908,0.419
227.0,-6.912,9.523,-5.009,-0.009,1.008,2,14,0,0.162,0,0,0.065,-6.742,12.731,-4.273,0.727,1.004,2,14,0,0.173,0,0,0.215,-6.683,6.652,-4.437,0.563,0.961,2,14,0,0.256,0,0,0.273,-4.051,9.837,-4.544,0.456,0.995,2,14,0,0.221,0,0,0.232,-9.499,9.471,-3.949,1.051,0.941,2,14,0,0.178,0,0,0.175,2.797,0.496,0,0,0.256,-6.737,9.453,-0.945,0.326
228.0,-7.928,9.793,-4.983,0.017,1.013,2,14,0,0.189,0,0,0.069,-7.725,12.979,-4.280,0.720,1.029,2,14,0,0.192,0,0,0.180,-7.604,6.876,-4.470,0.530,1.034,2,14,0,0.177,0,0,0.254,-5.007,10.106,-4.541,0.459,0.990,2,14,0,0.170,0,0,0.222,-10.437,9.718,-3.946,1.054,0.988,2,14,0,0.180,0,0,0.156,2.716,0.487,0,0,0.192,-7.697,9.731,-0.973,0.230
229.0,-8.930,10.007,-5.019,-0.019,1.008,2,14,0,0.189,0,0,0.107,-8.719,13.170,-4.280,0.720,1.047,2,14,0,0.147,0,0,0.188,-8.647,7.022,-4.442,0.558,1.105,2,14,0,0.183,0,0,0.192,-6.004,10.233,-4.497,0.503,1.012,2,14,0,0.215,0,0,0.167,-11.431,9.865,-3.898,1.102,1.035,2,14,0,0.177,0,0,0.122,2.745,0.455,0,0,0.215,-8.680,9.913,-0.991,0.132
230.0,-9.998,10.181,-4.910,0.090,1.006,2,14,0,0.185,0,0,0.224,-9.819,13.222,-4.292,0.708,1.072,2,14,0,0.236,0,0,0.168,-9.797,7.035,-4.423,0.577,1.127,2,14,0,0.173,0,0,0.075,-7.044,10.257,-4.471,0.529,1.018,2,14,0,0.183,0,0,0.123,-12.468,9.936,-3.887,1.113,1.065,2,14,0,0.180,0,0,0.092,2.685,0.451,0,0,0.236,-9.677,9.995,-0.999,0.032
231.0,-10.924,10.208,-4.972,0.028,0.955,2,14,0,0.189,0,0,0.235,-10.829,13.178,-4.263,0.737,1.038,2,14,0,0.202,0,0,0.150,-10.916,7.021,-4.449,0.551,1.080,2,14,0,0.176,0,0,0.163,-7.992,10.244,-4.447,0.553,0.994,2,14,0,0.177,0,0,0.114,-13.455,9.895,-3.951,1.049,1.058,2,14,0,0.209,0,0,0.077,2.747,0.414,0,0,0.209,-10.676,9.977,-0.998,-0.068
232.0,-11.828,10.061,-4.979,0.021,0.985,2,14,0,0.190,0,0,0.198,-11.772,13.034,-4.295,0.705,1.013,2,14,0,0.173,0,0,0.106,-11.911,6.956,-4.448,0.552,1.011,2,14,0,0.289,0,0,0.194,-8.991,10.132,-4.480,0.520,1.027,2,14,0,0.178,0,0,0.119,-14.511,9.833,-3.995,1.005,1.077,2,14,0,0.178,0,0,0.120,2.867,0.422,0,0,0.289,-11.669,9.860,-0.986,-0.167
233.0,-12.796,9.778,-4.972,0.028,1.030,2,14,0,0.253,0,0,0.136,-12.765,12.798,-4.326,0.674,1.041,2,14,0,0.174,0,0,0.092,-12.842,6.739,-4.463,0.537,0.983,2,14,0,0.180,0,0,0.165,-10.019,9.872,-4.541,0.459,1.035,2,14,0,0.178,0,0,0.104,-15.554,9.647,-3.980,1.020,1.067,2,14,0,0.177,0,0,0.171,2.812,0.438,0,0,0.253,-12.645,9.644,-0.964,-0.264
234.0,-13.693,9.395,-5.017,-0.017,1.073,2,14,0,0.187,0,0,0.101,-13.737,12.458,-4.320,0.680,1.023,2,14,0,0.173,0,0,0.086,-13.808,6.406,-4.479,0.521,0.994,2,14,0,0.180,0,0,0.158,-11.014,9.521,-4.526,0.474,1.019,2,14,0,0.190,0,0,0.125,-16.505,9.261,-3.997,1.003,1.050,2,14,0,0.175,0,0,0.113,2.727,0.461,0,0,0.190,-13.594,9.332,-0.933,-0.359
235.0,-14.723,8.864,-5.055,-0.055,1.111,2,14,0,0.195,0,0,0.069,-14.623,12.119,-4.314,0.686,1.010,2,14,0,0.176,0,0,0.123,-14.678,5.996,-4.405,0.595,0.983,2,14,0,0.180,0,0,0.125,-11.900,9.136,-4.513,0.487,0.990,2,14,0,0.199,0,0,0.107,-17.492,8.903,-4.010,0.990,1.021,2,14,0,0.176,0,0,0.202,2.888,0.444,0,0,0.199,-14.508,8.926,-0.893,-0.451
236.0,-15.748,8.351,-4.995,0.005,1.066,2,14,0,0.213,0,0,0.209,-15.599,11.639,-4.179,0.821,1.045,2,14,0,0.172,0,0,0.196,-15.546,5.446,-4.500,0.500,1.000,2,14,0,0.175,0,0,0.087,-12.748,8.675,-4.506,0.494,0.997,2,14,0,0.184,0,0,0.111,-18.326,8.439,-3.971,1.029,0.999,2,14,0,0.428,0,0,0.198,2.776,0.444,0,0,0.428,-15.377,8.432,-0.843,-0.538
237.0,-16.639,7.879,-5.028,-0.028,0.967,2,14,0,0.190,0,0,0.268,-16.497,10.964,-4.303,0.697,1.047,2,14,0,0.173,0,0,0.236,-16.354,4.890,-4.429,0.571,1.003,2,14,0,0.174,0,0,0.092,-13.630,8.065,-4.520,0.480,1.026,2,14,0,0.184,0,0,0.149,-19.097,7.843,-3.983,1.017,1.023,2,14,0,0.179,0,0,0.159,2.671,0.487,0,0,0.190,-16.191,7.853,-0.785,-0.619
238.0,-17.408,7.290,-4.987,0.013,0.933,2,14,0,0.188,0,0,0.296,-17.174,10.283,-4.290,0.710,0.988,2,14,0,0.174,0,0,0.156,-17.122,4.268,-4.441,0.559,1.018,2,14,0,0.172,0,0,0.129,-14.369,7.427,-4.499,0.501,1.009,2,14,0,0.178,0,0,0.144,-19.863,7.108,-3.934,1.066,1.048,2,14,0,0.175,0,0,0.110,2.677,0.483,0,0,0.188,-16.944,7.195,-0.720,-0.694
239.0,-17.977,6.587,-5.027,-0.027,0.926,2,14,0,0.189,0,0,0.204,-17.832,9.599,-4.270,0.730,0.977,2,14,0,0.172,0,0,0.145,-17.863,3.508,-4.459,0.541,1.032,2,14,0,0.176,0,0,0.158,-15.016,6.766,-4.535,0.465,0.999,2,14,0,0.179,0,0,0.166,-20.617,6.332,-3.940,1.060,1.050,2,14,0,0.176,0,0,0.165,2.866,0.490,0,0,0.189,-17.628,6.466,-0.647,-0.763
240.0,-18.474,5.809,-5.029,-0.029,0.978,2,14,0,0.194,0,0,0.149,-18.381,8.856,-4.293,0.707,0.988,2,14,0,0.172,0,0,0.128,-18.420,2.751,-4.515,0.485,1.019,2,14,0,0.177,0,0,0.139,-15.585,5.999,-4.570,0.430,1.035,2,14,0,0.177,0,0,0.175,-21.232,5.518,-3.953,1.047,1.000,2,14,0,0.175,0,0,0.169,2.932,0.478,0,0,0.194,-18.236,5.672,-0.567,-0.824
241.0,-18.897,4.932,-4.970,0.030,1.041,2,14,0,0.196,0,0,0.114,-18.900,7.992,-4.306,0.694,1.042,2,14,0,0.171,0,0,0.115,-18.933,1.841,-4.479,0.521,1.053,2,14,0,0.180,0,0,0.089,-16.130,5.124,-4.521,0.479,1.081,2,14,0,0.173,0,0,0.160,-21.653,4.673,-3.955,1.045,0.982,2,14,0,0.175,0,0,0.065,2.809,0.478,0,0,0.196,-18.761,4.822,-0.482,-0.876
242.0,-19.401,3.964,-5.049,-0.049,1.093,2,14,0,0.192,0,0,0.047,-19.324,7.104,-4.277,0.723,1.060,2,14,0,0.176,0,0,0.116,-19.393,0.926,-4.471,0.529,1.057,2,14,0,0.208,0,0,0.103,-16.548,4.121,-4.535,0.465,1.109,2,14,0,0.217,0,0,0.064,-22.124,3.772,-3.953,1.047,0.996,2,14,0,0.180,0,0,0.102,2.904,0.401,0,0,0.217,-19.198,3.923,-0.392,-0.920
243.0,-19.812,3.000,-5.028,-0.028,1.081,2,14,0,0.187,0,0,0.086,-19.703,6.134,-4.247,0.753,1.087,2,14,0,0.172,0,0,0.109,-19.751,-0.049,-4.493,0.507,1.036,2,14,0,0.175,0,0,0.114,-16.944,3.073,-4.504,0.496,1.098,2,14,0,0.262,0,0,0.120,-22.445,2.861,-3.975,1.025,0.990,2,14,0,0.179,0,0,0.080,2.838,0.409,0,0,0.262,-19.544,2.985,-0.299,-0.954
244.0,-20.120,2.012,-4.963,0.037,1.060,2,14,0,0.190,0,0,0.143,-20.015,5.077,-4.279,0.721,1.097,2,14,0,0.170,0,0,0.146,-20.003,-1.049,-4.425,0.575,1.038,2,14,0,0.178,0,0,0.123,-17.226,2.007,-4.509,0.491,1.048,2,14,0,0.182,0,0,0.212,-22.785,1.928,-3.955,1.045,1.009,2,14,0,0.182,0,0,0.177,2.851,0.432,0,0,0.190,-19.794,2.018,-0.202,-0.979
245.0,-20.348,1.002,-4.954,0.046,1.040,2,14,0,0.186,0,0,0.221,-20.180,4.008,-4.275,0.725,1.067,2,14,0,0.172,0,0,0.185,-20.142,-2.025,-4.415,0.585,1.008,2,14,0,0.175,0,0,0.102,-17.446,0.990,-4.481,0.519,0.973,2,14,0,0.172,0,0,0.273,-22.950,0.951,-3.948,1.052,1.039,2,14,0,0.174,0,0,0.191,2.789,0.500,0,0,0.186,-19.947,1.030,-0.103,-0.995
246.0,-20.314,0.005,-4.986,0.014,1.028,2,14,0,0.194,0,0,0.137,-20.220,2.964,-4.324,0.676,1.017,2,14,0,0.172,0,0,0.205,-20.219,-3.008,-4.430,0.570,1.004,2,14,0,0.269,0,0,0.121,-17.489,0.109,-4.550,0.450,0.918,2,14,0,0.180,0,0,0.203,-22.946,-0.140,-3.893,1.107,1.076,2,14,0,0.199,0,0,0.125,2.853,0.495,0,0,0.269,-20.000,0.031,-0.003,-1.000
247.0,-20.283,-1.005,-5.029,-0.029,1.030,2,14,0,0.251,0,0,0.155,-20.185,2.020,-4.304,0.696,0.967,2,14,0,0.207,0,0,0.182,-20.325,-4.010,-4.470,0.530,1.017,2,14,0,0.177,0,0,0.274,-17.498,-0.800,-4.521,0.479,0.947,2,14,0,0.183,0,0,0.242,-22.812,-1.177,-4.003,0.997,1.054,2,14,0,0.177,0,0,0.074,2.735,0.570,0,0,0.251,-19.953,-0.967,0.097,-0.995
248.0,-20.102,-2.000,-4.968,0.032,1.032,2,14,0,0.190,0,0,0.124,-20.005,1.077,-4.290,0.710,0.969,2,14,0,0.176,0,0,0.129,-20.141,-5.042,-4.428,0.572,1.046,2,14,0,0.177,0,0,0.245,-17.282,-1.749,-4.519,0.481,1.008,2,14,0,0.182,0,0,0.179,-22.650,-2.187,-3.969,1.031,1.027,2,14,0,0.217,0,0,0.081,2.744,0.518,0,0,0.217,-19.807,-1.956,0.196,-0.981
249.0,-19.794,-3.016,-5.038,-0.038,1.035,2,14,0,0.191,0,0,0.103,-19.742,0.149,-4.294,0.706,1.003,2,14,0,0.175,0,0,0.102,-19.810,-5.991,-4.466,0.534,1.049,2,14,0,0.181,0,0,0.154,-16.965,-2.690,-4.475,0.525,1.074,2,14,0,0.184,0,0,0.126,-22.413,-3.177,-3.973,1.027,1.005,2,14,0,0.181,0,0,0.109,2.832,0.466,0,0,0.191,-19.563,-2.925,0.293,-0.956
250.0,-19.466,-3.973,-4.994,0.006,0.996,2,14,0,0.188,0,0,0.124,-19.339,-0.787,-4.247,0.753,1.035,2,14,0,0.167,0,0,0.039,-19.418,-6.954,-4.477,0.523,1.056,2,14,0,0.208,0,0,0.117,-16.561,-3.692,-4.478,0.522,1.103,2,14,0,0.201,0,0,0.038,-22.194,-4.127,-4.035,0.965,0.974,2,14,0,0.228,0,0,0.188,2.895,0.380,0,0,0.228,-19.223,-3.865,0.387,-0.922
251.0,-19.040,-4.839,-4.927,0.073,0.984,2,14,0,0.190,0,0,0.104,-18.969,-1.682,-4.248,0.752,1.041,2,14,0,0.175,0,0,0.100,-18.937,-7.858,-4.479,0.521,1.047,2,14,0,0.171,0,0,0.081,-16.097,-4.644,-4.512,0.488,1.098,2,14,0,0.180,0,0,0.033,-21.785,-5.028,-3.997,1.003,0.994,2,14,0,0.212,0,0,0.207,2.904,0.330,0,0,0.212,-18.791,-4.767,0.477,-0.879
252.0,-18.529,-5.680,-4.961,0.039,0.996,2,14,0,0.188,0,0,0.100,-18.433,-2.607,-4.349,0.651,1.068,2,14,0,0.207,0,0,0.105,-18.313,-8.794,-4.412,0.588,1.042,2,14,0,0.175,0,0,0.158,-15.572,-5.611,-4.531,0.469,1.071,2,14,0,0.177,0,0,0.147,-21.210,-5.867,-3.926,1.074,1.015,2,14,0,0.179,0,0,0.153,2.880,0.301,0,0,0.207,-18.271,-5.620,0.562,-0.827
253.0,-17.966,-6.509,-5.046,-0.046,1.023,2,14,0,0.189,0,0,0.151,-17.835,-3.497,-4.350,0.650,1.064,2,14,0,0.203,0,0,0.179,-17.725,-9.577,-4.460,0.540,0.983,2,14,0,0.176,0,0,0.147,-14.969,-6.466,-4.486,0.514,1.007,2,14,0,0.183,0,0,0.205,-20.601,-6.640,-3.975,1.025,1.029,2,14,0,0.182,0,0,0.133,2.847,0.311,0,0,0.203,-17.669,-6.418,0.642,-0.767
254.0,-17.278,-7.304,-5.086,-0.086,1.048,2,14,0,0.190,0,0,0.190,-17.133,-4.283,-4.283,0.717,1.034,2,14,0,0.173,0,0,0.216,-17.028,-10.302,-4.401,0.599,0.965,2,14,0,0.206,0,0,0.146,-14.355,-7.214,-4.542,0.458,0.952,2,14,0,0.153,0,0,0.230,-19.884,-7.404,-3.943,1.057,1.055,2,14,0,0.149,0,0,0.129,2.847,0.370,0,0,0.206,-16.990,-7.152,0.715,-0.699
255.0,-16.472,-7.930,-5.045,-0.045,1.043,2,14,0,0.223,0,0,0.130,-16.389,-4.912,-4.234,0.766,1.012,2,14,0,0.204,0,0,0.188,-16.377,-10.913,-4.498,0.502,0.934,2,14,0,0.205,0,0,0.082,-13.623,-7.802,-4.524,0.476,0.950,2,14,0,0.180,0,0,0.165,-19.081,-8.115,-3.963,1.037,1.043,2,14,0,0.174,0,0,0.157,2.830,0.382,0,0,0.223,-16.241,-7.814,0.781,-0.624
256.0,-15.602,-8.483,-5.016,-0.016,1.028,2,14,0,0.187,0,0,0.086,-15.561,-5.515,-4.316,0.684,1.009,2,14,0,0.174,0,0,0.200,-15.659,-11.473,-4.512,0.488,0.968,2,14,0,0.207,0,0,0.135,-12.840,-8.319,-4.513,0.487,0.983,2,14,0,0.177,0,0,0.133,-18.268,-8.673,-3.908,1.092,1.012,2,14,0,0.178,0,0,0.131,2.812,0.418,0,0,0.207,-15.429,-8.398,0.840,-0.543
257.0,-14.721,-8.992,-5.005,-0.005,1.017,2,14,0,0.188,0,0,0.102,-14.664,-5.951,-4.296,0.704,1.011,2,14,0,0.211,0,0,0.132,-14.817,-12.065,-4.445,0.555,1.030,2,14,0,0.181,0,0,0.205,-11.958,-8.805,-4.500,0.500,1.034,2,14,0,0.175,0,0,0.110,-17.406,-9.144,-3.924,1.076,1.010,2,14,0,0.174,0,0,0.103,2.815,0.404,0,0,0.211,-14.564,-8.898,0.890,-0.456
258.0,-13.852,-9.423,-4.909,0.091,1.005,2,14,0,0.194,0,0,0.121,-13.726,-6.333,-4.293,0.707,1.015,2,14,0,0.229,0,0,0.100,-13.926,-12.481,-4.446,0.554,1.056,2,14,0,0.294,0,0,0.223,-11.044,-9.250,-4.536,0.464,1.049,2,14,0,0.181,0,0,0.129,-16.460,-9.532,-4.006,0.994,1.009,2,14,0,0.179,0,0,0.079,2.761,0.395,0,0,0.294,-13.653,-9.309,0.931,-0.365
259.0,-12.895,-9.726,-4.930,0.070,1.012,2,14,0,0.189,0,0,0.104,-12.752,-6.628,-4.213,0.787,1.012,2,14,0,0.169,0,0,0.083,-12.927,-12.772,-4.434,0.566,1.100,2,14,0,0.179,0,0,0.168,-10.016,-9.596,-4.579,0.421,1.066,2,14,0,0.149,0,0,0.125,-15.520,-9.870,-3.986,1.014,1.009,2,14,0,0.176,0,0,0.098,2.794,0.313,0,0,0.189,-12.705,-9.627,0.963,-0.271
260.0,-11.909,-9.964,-4.986,0.014,1.012,2,14,0,0.195,0,0,0.120,-11.755,-6.842,-4.242,0.758,1.012,2,14,0,0.168,0,0,0.089,-11.849,-13.002,-4.451,0.549,1.122,2,14,0,0.152,0,0,0.125,-8.991,-9.825,-4.507,0.493,1.049,2,14,0,0.183,0,0,0.138,-14.614,-10.094,-4.015,0.985,1.000,2,14,0,0.183,0,0,0.117,2.877,0.272,0,0,0.195,-11.731,-9.849,0.985,-0.173
261.0,-10.909,-10.046,-4.986,0.014,1.016,2,14,0,0.190,0,0,0.079,-10.811,-6.988,-4.261,0.739,0.991,2,14,0,0.207,0,0,0.090,-10.697,-13.196,-4.463,0.537,1.098,2,14,0,0.176,0,0,0.238,-7.949,-9.989,-4.514,0.486,1.024,2,14,0,0.179,0,0,0.196,-13.576,-10.230,-3.971,1.029,1.045,2,14,0,0.150,0,0,0.114,2.859,0.304,0,0,0.207,-10.739,-9.973,0.997,-0.074
262.0,-9.910,-10.132,-4.959,0.041,1.027,2,14,0,0.226,0,0,0.141,-9.844,-6.996,-4.266,0.734,1.007,2,14,0,0.227,0,0,0.077,-9.658,-13.192,-4.480,0.520,1.028,2,14,0,0.178,0,0,0.246,-6.954,-9.971,-4.505,0.495,0.988,2,14,0,0.282,0,0,0.160,-12.497,-10.269,-3.972,1.028,1.040,2,14,0,0.171,0,0,0.139,2.773,0.365,0,0,0.282,-9.739,-9.997,1.000,0.026
263.0,-8.806,-10.049,-5.074,-0.074,1.042,2,14,0,0.236,0,0,0.175,-8.856,-6.951,-4.238,0.762,1.033,2,14,0,0.173,0,0,0.109,-8.705,-13.093,-4.496,0.504,0.974,2,14,0,0.184,0,0,0.205,-5.956,-9.858,-4.510,0.490,0.987,2,14,0,0.178,0,0,0.132,-11.478,-10.198,-3.975,1.025,1.022,2,14,0,0.178,0,0,0.159,2.894,0.383,0,0,0.236,-8.743,-9.921,0.992,0.126
264.0,-7.865,-9.823,-4.989,0.011,0.996,2,14,0,0.220,0,0,0.108,-7.756,-6.845,-4.325,0.675,1.056,2,14,0,0.173,0,0,0.189,-7.749,-12.881,-4.471,0.529,0.961,2,14,0,0.174,0,0,0.158,-5.026,-9.649,-4.504,0.496,0.979,2,14,0,0.179,0,0,0.070,-10.490,-10.000,-3.962,1.038,1.007,2,14,0,0.174,0,0,0.142,2.824,0.370,0,0,0.220,-7.759,-9.746,0.975,0.224
265.0,-6.890,-9.562,-5.014,-0.014,1.006,2,14,0,0.164,0,0,0.126,-6.750,-6.592,-4.327,0.673,1.036,2,14,0,0.173,0,0,0.230,-6.817,-12.580,-4.450,0.550,0.974,2,14,0,0.195,0,0,0.110,-4.090,-9.381,-4.525,0.475,1.000,2,14,0,0.184,0,0,0.066,-9.575,-9.726,-3.959,1.041,0.999,2,14,0,0.177,0,0,0.117,2.848,0.336,0,0,0.195,-6.797,-9.473,0.947,0.320
266.0,-5.971,-9.155,-4.993,0.007,1.007,2,14,0,0.194,0,0,0.094,-5.798,-6.191,-4.295,0.705,1.020,2,14,0,0.177,0,0,0.218,-5.967,-12.236,-4.483,0.517,0.971,2,14,0,0.179,0,0,0.099,-3.166,-8.972,-4.490,0.510,1.030,2,14,0,0.283,0,0,0.021,-8.630,-9.361,-3.980,1.020,1.021,2,14,0,0.179,0,0,0.125,2.852,0.348,0,0,0.283,-5.867,-9.106,0.911,0.413
267.0,-5.094,-8.696,-4.923,0.077,0.997,2,14,0,0.214,0,0,0.085,-4.929,-5.642,-4.263,0.737,1.020,2,14,0,0.203,0,0,0.145,-5.113,-11.775,-4.480,0.520,1.024,2,14,0,0.150,0,0,0.102,-2.318,-8.531,-4.528,0.472,1.021,2,14,0,0.215,0,0,0.048,-7.701,-8.880,-3.965,1.035,1.041,2,14,0,0.175,0,0,0.130,2.784,0.362,0,0,0.215,-4.979,-8.648,0.865,0.502
268.0,-4.261,-8.187,-5.039,-0.039,1.013,2,14,0,0.235,0,0,0.107,-4.211,-5.043,-4.309,0.691,0.998,2,14,0,0.193,0,0,0.015,-4.199,-11.254,-4.421,0.579,1.066,2,14,0,0.176,0,0,0.125,-1.408,-8.074,-4.460,0.540,1.052,2,14,0,0.177,0,0,0.127,-6.841,-8.320,-3.925,1.075,1.018,2,14,0,0.205,0,0,0.142,2.813,0.370,0,0,0.235,-4.140,-8.103,0.810,0.586
269.0,-3.461,-7.592,-5.076,-0.076,1.024,2,14,0,0.193,0,0,0.145,-3.423,-4.448,-4.233,0.767,1.029,2,14,0,0.177,0,0,0.044,-3.427,-10.601,-4.441,0.559,1.067,2,14,0,0.176,0,0,0.095,-0.557,-7.500,-4.498,0.502,1.066,2,14,0,0.291,0,0,0.205,-6.084,-7.656,-3.934,1.066,1.018,2,14,0,0.178,0,0,0.106,2.861,0.330,0,0,0.291,-3.361,-7.478,0.748,0.664
270.0,-2.717,-6.898,-4.963,0.037,1.045,2,14,0,0.222,0,0,0.167,-2.662,-3.777,-4.295,0.705,1.036,2,14,0,0.226,0,0,0.094,-2.644,-9.858,-4.417,0.583,1.069,2,14,0,0.178,0,0,0.112,0.205,-6.842,-4.543,0.457,1.060,2,14,0,0.177,0,0,0.271,-5.344,-6.918,-4.031,0.969,1.012,2,14,0,0.183,0,0,0.127,2.787,0.334,0,0,0.226,-2.647,-6.778,0.678,0.735
271.0,-2.091,-6.079,-5.014,-0.014,1.056,2,14,0,0.184,0,0,0.122,-1.899,-2.999,-4.275,0.725,1.060,2,14,0,0.173,0,0,0.194,-1.912,-9.115,-4.414,0.586,1.039,2,14,0,0.181,0,0,0.208,0.886,-6.065,-4.559,0.441,1.082,2,14,0,0.174,0,0,0.288,-4.680,-6.179,-3.895,1.105,0.976,2,14,0,0.178,0,0,0.149,2.822,0.369,0,0,0.184,-2.007,-6.010,0.601,0.799
272.0,-1.552,-5.233,-4.933,0.067,1.053,2,14,0,0.185,0,0,0.095,-1.283,-2.174,-4.251,0.749,1.023,2,14,0,0.335,0,0,0.249,-1.381,-8.215,-4.379,0.621,1.025,2,14,0,0.185,0,0,0.165,1.374,-5.112,-4.491,0.509,1.100,2,14,0,0.228,0,0,0.151,-4.127,-5.377,-3.960,1.040,0.984,2,14,0,0.174,0,0,0.151,2.757,0.375,0,0,0.335,-1.447,-5.182,0.518,0.855
273.0,-0.984,-4.282,-4.966,0.034,1.063,2,14,0,0.186,0,0,0.166,-0.801,-1.210,-4.306,0.694,1.027,2,14,0,0.174,0,0,0.246,-0.885,-7.298,-4.462,0.538,1.008,2,14,0,0.179,0,0,0.191,1.835,-4.105,-4.498,0.502,1.091,2,14,0,0.238,0,0,0.120,-3.645,-4.500,-3.961,1.039,1.004,2,14,0,0.183,0,0,0.159,2.852,0.383,0,0,0.238,-0.973,-4.302,0.430,0.903
274.0,-0.593,-3.289,-5.001,-0.001,1.023,2,14,0,0.189,0,0,0.191,-0.471,-0.230,-4.260,0.740,1.002,2,14,0,0.172,0,0,0.211,-0.492,-6.391,-4.514,0.486,0.985,2,14,0,0.173,0,0,0.200,2.296,-3.099,-4.494,0.506,1.037,2,14,0,0.174,0,0,0.229,-3.315,-3.603,-3.948,1.052,1.014,2,14,0,0.178,0,0,0.124,2.936,0.353,0,0,0.189,-0.588,-3.380,0.338,0.941
275.0,-0.316,-2.339,-5.027,-0.027,0.987,2,14,0,0.192,0,0,0.176,-0.280,0.687,-4.245,0.755,0.970,2,14,0,0.173,0,0,0.105,-0.229,-5.407,-4.503,0.497,0.988,2,14,0,0.178,0,0,0.178,2.545,-2.129,-4.485,0.515,0.977,2,14,0,0.178,0,0,0.205,-3.000,-2.679,-3.988,1.012,1.046,2,14,0,0.178,0,0,0.164,2.898,0.393,0,0,0.192,-0.298,-2.423,0.242,0.970
276.0,-0.113,-1.382,-4.973,0.027,0.964,2,14,0,0.190,0,0,0.178,-0.126,1.612,-4.320,0.680,0.982,2,14,0,0.181,0,0,0.058,-0.052,-4.470,-4.475,0.525,0.973,2,14,0,0.174,0,0,0.154,2.739,-1.157,-4.521,0.479,0.948,2,14,0,0.173,0,0,0.200,-2.780,-1.670,-3.951,1.049,1.082,2,14,0,0.206,0,0,0.169,2.870,0.397,0,0,0.206,-0.105,-1.442,0.144,0.990
277.0,-0.107,-0.454,-4.969,0.031,0.963,2,14,0,0.191,0,0,0.086,-0.048,2.581,-4.306,0.694,1.004,2,14,0,0.173,0,0,0.056,-0.062,-3.497,-4.456,0.544,1.000,2,14,0,0.180,0,0,0.050,2.792,-0.246,-4.511,0.489,0.923,2,14,0,0.190,0,0,0.115,-2.664,-0.567,-3.933,1.067,1.092,2,14,0,0.180,0,0,0.171,2.762,0.366,0,0,0.191,-0.010,-0.447,0.045,0.999
278.0,-0.168,0.533,-5.028,-0.028,1.004,2,14,0,0.186,0,0,0.043,0.013,3.607,-4.333,0.667,1.041,2,14,0,0.171,0,0,0.105,-0.104,-2.433,-4.436,0.564,1.029,2,14,0,0.186,0,0,0.047,2.799,0.726,-4.531,0.469,0.964,2,14,0,0.181,0,0,0.116,-2.717,0.519,-3.944,1.056,1.063,2,14,0,0.177,0,0,0.165,2.770,0.300,0,0,0.186,-0.015,0.552,-0.055,0.998
279.0,-0.227,1.512,-4.961,0.039,1.028,2,14,0,0.548,0,0,0.084,-0.021,4.615,-4.288,0.712,1.046,2,14,0,0.172,0,0,0.174,-0.085,-1.375,-4.504,0.496,1.012,2,14,0,0.178,0,0,0.173,2.782,1.678,-4.548,0.452,0.988,2,14,0,0.207,0,0,0.205,-2.825,1.580,-3.917,1.083,1.010,2,14,0,0.175,0,0,0.214,2.801,0.297,0,0,0.548,-0.120,1.546,-0.155,0.988
280.0,-0.374,2.500,-5.035,-0.035,1.042,2,14,0,0.184,0,0,0.135,-0.252,5.619,-4.231,0.769,1.069,2,14,0,0.171,0,0,0.149,-0.207,-0.389,-4.452,0.548,0.998,2,14,0,0.173,0,0,0.244,2.513,2.667,-4.514,0.486,1.048,2,14,0,0.145,0,0,0.141,-3.050,2.532,-4.055,0.945,0.977,2,14,0,0.231,0,0,0.181,2.850,0.274,0,0,0.231,-0.324,2.525,-0.252,0.968
281.0,-0.563,3.470,-5.036,-0.036,1.076,2,14,0,0.191,0,0,0.243,-0.587,6.635,-4.198,0.802,1.073,2,14,0,0.165,0,0,0.142,-0.524,0.474,-4.381,0.619,1.000,2,14,0,0.173,0,0,0.199,2.190,3.633,-4.452,0.548,1.070,2,14,0,0.140,0,0,0.117,-3.353,3.433,-3.949,1.051,0.962,2,14,0,0.171,0,0,0.138,2.819,0.275,0,0,0.191,-0.624,3.478,-0.348,0.938
282.0,-0.978,4.577,-5.024,-0.024,1.120,2,14,0,0.189,0,0,0.282,-0.989,7.571,-4.273,0.727,1.037,2,14,0,0.140,0,0,0.144,-0.910,1.358,-4.469,0.531,1.035,2,14,0,0.167,0,0,0.207,1.746,4.599,-4.508,0.492,1.065,2,14,0,0.217,0,0,0.083,-3.724,4.412,-3.952,1.048,0.981,2,14,0,0.174,0,0,0.195,2.772,0.311,0,0,0.217,-1.019,4.397,-0.440,0.898
283.0,-1.562,5.500,-4.912,0.088,1.075,2,14,0,0.184,0,0,0.250,-1.471,8.411,-4.261,0.739,1.028,2,14,0,0.170,0,0,0.126,-1.432,2.218,-4.426,0.574,1.081,2,14,0,0.213,0,0,0.163,1.262,5.535,-4.518,0.482,1.054,2,14,0,0.176,0,0,0.128,-4.153,5.242,-3.964,1.036,0.974,2,14,0,0.198,0,0,0.208,2.771,0.353,0,0,0.213,-1.502,5.272,-0.527,0.850
284.0,-2.197,6.343,-4.973,0.027,1.034,2,14,0,0.190,0,0,0.246,-2.037,9.274,-4.339,0.661,1.037,2,14,0,0.166,0,0,0.152,-2.196,3.070,-4.460,0.540,1.136,2,14,0,0.201,0,0,0.036,0.740,6.397,-4.553,0.447,1.028,2,14,0,0.185,0,0,0.188,-4.718,5.983,-3.921,1.079,1.008,2,14,0,0.174,0,0,0.180,2.755,0.370,0,0,0.201,-2.071,6.094,-0.609,0.793
285.0,-2.861,7.002,-5.006,-0.006,0.980,2,14,0,0.184,0,0,0.144,-2.728,10.044,-4.274,0.726,1.044,2,14,0,0.143,0,0,0.134,-2.943,3.952,-4.458,0.542,1.092,2,14,0,0.202,0,0,0.182,0.073,7.134,-4.504,0.496,1.018,2,14,0,0.588,0,0,0.157,-5.395,6.766,-3.913,1.087,1.072,2,14,0,0.177,0,0,0.158,2.770,0.349,0,0,0.588,-2.719,6.855,-0.685,0.728
286.0,-3.590,7.585,-5.000,0.000,0.995,2,14,0,0.185,0,0,0.044,-3.491,10.757,-4.294,0.706,1.035,2,14,0,0.194,0,0,0.140,-3.579,4.692,-4.484,0.516,0.996,2,14,0,0.177,0,0,0.183,-0.701,7.781,-4.464,0.536,1.033,2,14,0,0.174,0,0,0.091,-6.225,7.438,-3.948,1.052,1.098,2,14,0,0.209,0,0,0.052,2.841,0.351,0,0,0.209,-3.440,7.547,-0.755,0.656
287.0,-4.388,8.159,-4.974,0.026,1.015,2,14,0,0.191,0,0,0.021,-4.319,11.345,-4.303,0.697,1.020,2,14,0,0.170,0,0,0.111,-4.304,5.311,-4.478,0.522,0.951,2,14,0,0.171,0,0,0.179,-1.535,8.394,-4.479,0.521,1.027,2,14,0,0.258,0,0,0.077,-7.086,8.058,-3.996,1.004,1.088,2,14,0,0.171,0,0,0.054,2.872,0.385,0,0,0.258,-4.226,8.165,-0.816,0.577
288.0,-5.261,8.763,-5.010,-0.010,1.050,2,14,0,0.181,0,0,0.059,-5.146,11.846,-4.271,0.729,0.986,2,14,0,0.198,0,0,0.073,-5.041,5.789,-4.438,0.562,0.963,2,14,0,0.172,0,0,0.175,-2.437,8.940,-4.542,0.458,1.025,2,14,0,0.228,0,0,0.109,-7.964,8.641,-3.968,1.032,1.050,2,14,0,0.175,0,0,0.103,2.869,0.438,0,0,0.228,-5.070,8.700,-0.870,0.493
289.0,-6.148,9.235,-5.044,-0.044,1.031,2,14,0,0.233,0,0,0.081,-5.946,12.310,-4.206,0.794,1.005,2,14,0,0.197,0,0,0.125,-5.987,6.207,-4.407,0.593,1.028,2,14,0,0.177,0,0,0.115,-3.297,9.418,-4.507,0.493,0.991,2,14,0,0.179,0,0,0.121,-8.913,9.157,-3.967,1.033,1.023,2,14,0,0.175,0,0,0.191,2.907,0.429,0,0,0.233,-5.963,9.149,-0.915,0.404
290.0,-7.149,9.698,-5.059,-0.059,1.033,2,14,0,0.183,0,0,0.194,-6.941,12.747,-4.217,0.783,1.054,2,14,0,0.147,0,0,0.170,-6.958,6.569,-4.444,0.556,1.050,2,14,0,0.170,0,0,0.099,-4.193,9.792,-4.546,0.454,0.974,2,14,0,0.154,0,0,0.132,-9.842,9.615,-3.938,1.062,0.970,2,14,0,0.174,0,0,0.282,2.919,0.412,0,0,0.183,-6.897,9.506,-0.951,0.310
291.0,-8.103,9.960,-4.989,0.011,0.996,2,14,0,0.221,0,0,0.192,-7.990,13.017,-4.258,0.742,1.036,2,14,0,0.182,0,0,0.183,-7.975,6.860,-4.454,0.546,1.050,2,14,0,0.173,0,0,0.127,-5.090,10.056,-4.566,0.434,0.993,2,14,0,0.177,0,0,0.150,-10.750,9.868,-3.981,1.019,0.921,2,14,0,0.149,0,0,0.253,2.834,0.368,0,0,0.221,-7.861,9.769,-0.977,0.214
292.0,-9.037,10.145,-4.944,0.056,0.978,2,14,0,0.186,0,0,0.207,-8.980,13.214,-4.311,0.689,1.002,2,14,0,0.192,0,0,0.215,-9.035,7.098,-4.480,0.520,1.046,2,14,0,0.180,0,0,0.215,-6.107,10.219,-4.513,0.487,1.037,2,14,0,0.175,0,0,0.136,-11.684,9.993,-3.971,1.029,0.936,2,14,0,0.224,0,0,0.205,2.824,0.386,0,0,0.224,-8.847,9.933,-0.993,0.115
293.0,-10.037,10.161,-4.925,0.075,1.003,2,14,0,0.191,0,0,0.158,-10.014,13.293,-4.255,0.745,1.006,2,14,0,0.174,0,0,0.241,-10.002,7.179,-4.441,0.559,0.994,2,14,0,0.177,0,0,0.219,-7.174,10.317,-4.485,0.515,1.061,2,14,0,0.172,0,0,0.167,-12.545,9.965,-3.970,1.030,0.964,2,14,0,0.175,0,0,0.166,2.691,0.458,0,0,0.191,-9.845,9.999,-1.000,0.016
294.0,-11.002,10.062,-4.987,0.013,1.016,2,14,0,0.191,0,0,0.095,-11.007,13.209,-4.238,0.762,0.990,2,14,0,0.170,0,0,0.195,-11.001,7.093,-4.382,0.618,1.013,2,14,0,0.180,0,0,0.171,-8.180,10.282,-4.520,0.480,1.028,2,14,0,0.150,0,0,0.166,-13.511,9.845,-3.996,1.004,1.057,2,14,0,0.178,0,0,0.166,2.706,0.463,0,0,0.191,-10.844,9.964,-0.996,-0.084
295.0,-12.065,9.922,-4.984,0.016,1.043,2,14,0,0.376,0,0,0.100,-11.878,13.024,-4.269,0.731,0.997,2,14,0,0.168,0,0,0.123,-12.034,6.883,-4.413,0.587,1.007,2,14,0,0.175,0,0,0.135,-9.173,10.146,-4.556,0.444,1.040,2,14,0,0.176,0,0,0.166,-14.613,9.724,-4.051,0.949,1.117,2,14,0,0.174,0,0,0.067,2.721,0.463,0,0,0.376,-11.834,9.830,-0.983,-0.183
296.0,-13.039,9.687,-4.998,0.002,1.023,2,14,0,0.195,0,0,0.097,-12.854,12.675,-4.373,0.627,1.040,2,14,0,0.179,0,0,0.027,-12.958,6.616,-4.437,0.563,0.999,2,14,0,0.177,0,0,0.079,-10.195,9.853,-4.537,0.463,1.045,2,14,0,0.186,0,0,0.134,-15.665,9.537,-3.988,1.012,1.114,2,14,0,0.179,0,0,0.091,2.818,0.464,0,0,0.195,-12.806,9.598,-0.960,-0.281
297.0,-13.983,9.357,-5.014,-0.014,1.035,2,14,0,0.189,0,0,0.097,-13.869,12.325,-4.310,0.690,1.046,2,14,0,0.174,0,0,0.050,-13.914,6.315,-4.485,0.515,1.009,2,14,0,0.179,0,0,0.100,-11.136,9.487,-4.551,0.449,1.032,2,14,0,0.179,0,0,0.105,-16.750,9.198,-3.914,1.086,1.094,2,14,0,0.171,0,0,0.190,2.887,0.443,0,0,0.189,-13.751,9.270,-0.927,-0.375
298.0,-14.943,8.939,-5.035,-0.035,1.037,2,14,0,0.189,0,0,0.132,-14.801,11.908,-4.284,0.716,1.029,2,14,0,0.168,0,0,0.072,-14.816,5.938,-4.526,0.474,1.009,2,14,0,0.179,0,0,0.134,-12.090,9.078,-4.492,0.508,1.010,2,14,0,0.177,0,0,0.152,-17.775,8.792,-3.917,1.083,1.012,2,14,0,0.144,0,0,0.310,2.907,0.489,0,0,0.189,-14.657,8.849,-0.885,-0.466
299.0,-15.776,8.470,-4.974,0.026,1.024,2,14,0,0.190,0,0,0.147,-15.761,11.461,-4.222,0.778,1.009,2,14,0,0.172,0,0,0.174,-15.748,5.430,-4.469,0.531,1.039,2,14,0,0.201,0,0,0.181,-12.935,8.549,-4.544,0.456,0.989,2,14,0,0.279,0,0,0.130,-18.533,8.333,-3.923,1.077,0.939,2,14,0,0.178,0,0,0.236,2.874,0.467,0,0,0.279,-15.518,8.340,-0.834,-0.552
300.0,-16.635,7.860,-5.003,-0.003,1.050,2,14,0,0.185,0,0,0.169,-16.622,10.927,-4.292,0.708,0.964,2,14,0,0.172,0,0,0.250,-16.545,4.832,-4.498,0.502,1.018,2,14,0,0.180,0,0,0.172,-13.713,7.968,-4.553,0.447,0.987,2,14,0,0.179,0,0,0.111,-19.189,7.771,-3.945,1.055,0.955,2,14,0,0.398,0,0,0.174,2.766,0.449,0,0,0.398,-16.323,7.748,-0.775,-0.632
301.0,-17.415,7.157,-4.983,0.017,1.040,2,14,0,0.191,0,0,0.182,-17.298,10.311,-4.235,0.765,0.953,2,14,0,0.167,0,0,0.225,-17.229,4.131,-4.435,0.565,1.028,2,14,0,0.178,0,0,0.107,-14.479,7.265,-4.532,0.468,1.010,2,14,0,0.180,0,0,0.118,-19.843,7.048,-3.974,1.026,1.031,2,14,0,0.174,0,0,0.124,2.632,0.455,0,0,0.191,-17.064,7.078,-0.708,-0.706
302.0,-17.997,6.416,-5.014,-0.014,1.012,2,14,0,0.182,0,0,0.111,-17.907,9.553,-4.284,0.716,0.994,2,14,0,0.175,0,0,0.170,-17.926,3.335,-4.436,0.564,1.043,2,14,0,0.178,0,0,0.099,-15.112,6.549,-4.514,0.486,1.003,2,14,0,0.176,0,0,0.094,-20.548,6.232,-3.999,1.001,1.092,2,14,0,0.175,0,0,0.042,2.753,0.431,0,0,0.182,-17.736,6.337,-0.634,-0.774
303.0,-18.456,5.584,-5.001,-0.001,1.042,2,14,0,0.237,0,0,0.079,-18.468,8.696,-4.289,0.711,1.043,2,14,0,0.171,0,0,0.109,-18.521,2.471,-4.413,0.587,1.032,2,14,0,0.182,0,0,0.102,-15.681,5.797,-4.444,0.556,1.020,2,14,0,0.177,0,0,0.119,-21.311,5.347,-3.971,1.029,1.089,2,14,0,0.176,0,0,0.163,2.839,0.439,0,0,0.237,-18.330,5.533,-0.553,-0.833
304.0,-19.045,4.706,-4.940,0.060,1.074,2,14,0,0.187,0,0,0.036,-18.929,7.771,-4.245,0.755,1.068,2,14,0,0.173,0,0,0.025,-19.046,1.607,-4.425,0.575,1.003,2,14,0,0.231,0,0,0.118,-16.272,4.977,-4.499,0.501,1.055,2,14,0,0.182,0,0,0.195,-21.901,4.482,-3.954,1.046,1.015,2,14,0,0.177,0,0,0.237,2.821,0.527,0,0,0.231,-18.841,4.674,-0.467,-0.884
305.0,-19.550,3.774,-5.003,-0.003,1.074,2,14,0,0.190,0,0,0.103,-19.381,6.820,-4.306,0.694,1.064,2,14,0,0.175,0,0,0.048,-19.435,0.793,-4.404,0.596,0.985,2,14,0,0.180,0,0,0.091,-16.745,3.955,-4.510,0.490,1.081,2,14,0,0.306,0,0,0.182,-22.279,3.617,-3.963,1.037,0.965,2,14,0,0.210,0,0,0.190,2.853,0.517,0,0,0.306,-19.263,3.768,-0.377,-0.926
306.0,-20.011,2.799,-4.994,0.006,1.046,2,14,0,0.187,0,0,0.235,-19.821,5.817,-4.285,0.715,1.034,2,14,0,0.173,0,0,0.175,-19.811,-0.115,-4.443,0.557,1.017,2,14,0,0.173,0,0,0.147,-17.013,2.954,-4.534,0.466,1.051,2,14,0,0.183,0,0,0.123,-22.591,2.723,-3.944,1.056,0.983,2,14,0,0.176,0,0,0.181,2.787,0.439,0,0,0.187,-19.593,2.824,-0.282,-0.959
307.0,-20.289,1.877,-4.999,0.001,1.013,2,14,0,0.184,0,0,0.281,-20.027,4.839,-4.292,0.708,0.991,2,14,0,0.172,0,0,0.155,-20.021,-1.093,-4.448,0.552,1.046,2,14,0,0.178,0,0,0.127,-17.191,1.942,-4.570,0.430,1.027,2,14,0,0.181,0,0,0.084,-22.759,1.753,-3.947,1.053,1.017,2,14,0,0.220,0,0,0.118,2.688,0.462,0,0,0.220,-19.827,1.853,-0.185,-0.983
308.0,-20.383,0.833,-4.994,0.006,1.035,2,14,0,0.185,0,0,0.241,-20.202,3.848,-4.320,0.680,0.975,2,14,0,0.175,0,0,0.189,-20.164,-2.186,-4.509,0.491,1.077,2,14,0,0.176,0,0,0.107,-17.397,0.940,-4.476,0.524,1.005,2,14,0,0.184,0,0,0.146,-22.863,0.782,-3.976,1.024,1.042,2,14,0,0.221,0,0,0.101,2.681,0.441,0,0,0.221,-19.963,0.862,-0.086,-0.996
309.0,-20.366,-0.126,-4.939,0.061,1.029,2,14,0,0.226,0,0,0.186,-20.173,2.933,-4.308,0.692,0.955,2,14,0,0.172,0,0,0.099,-20.242,-3.222,-4.468,0.532,1.055,2,14,0,0.172,0,0,0.154,-17.510,-0.021,-4.491,0.509,0.987,2,14,0,0.178,0,0,0.213,-22.974,-0.260,-3.925,1.075,1.068,2,14,0,0.177,0,0,0.154,2.801,0.524,0,0,0.226,-19.999,-0.137,0.014,-1.000
310.0,-20.203,-1.171,-4.992,0.008,1.057,2,14,0,0.188,0,0,0.096,-20.136,1.977,-4.269,0.731,1.000,2,14,0,0.183,0,0,0.128,-20.245,-4.253,-4.469,0.531,1.026,2,14,0,0.178,0,0,0.230,-17.390,-1.050,-4.479,0.521,1.009,2,14,0,0.175,0,0,0.170,-22.980,-1.324,-3.993,1.007,1.068,2,14,0,0.174,0,0,0.225,2.862,0.462,0,0,0.188,-19.935,-1.134,0.113,-0.994
311.0,-19.942,-2.187,-5.029,-0.029,1.045,2,14,0,0.188,0,0,0.072,-19.957,1.021,-4.321,0.679,1.036,2,14,0,0.173,0,0,0.126,-20.130,-5.215,-4.452,0.548,1.009,2,14,0,0.178,0,0,0.268,-17.183,-1.973,-4.525,0.475,1.009,2,14,0,0.206,0,0,0.107,-22.792,-2.364,-4.026,0.974,1.063,2,14,0,0.177,0,0,0.219,2.812,0.436,0,0,0.206,-19.773,-2.120,0.212,-0.977
312.0,-19.624,-3.167,-5.029,-0.029,1.013,2,14,0,0.188,0,0,0.103,-19.695,0.009,-4.302,0.698,1.087,2,14,0,0.184,0,0,0.105,-19.761,-6.173,-4.412,0.588,1.040,2,14,0,0.174,0,0,0.163,-16.902,-2.922,-4.526,0.474,1.027,2,14,0,0.196,0,0,0.088,-22.348,-3.359,-4.040,0.960,1.041,2,14,0,0.176,0,0,0.129,2.778,0.423,0,0,0.196,-19.512,-3.085,0.309,-0.951
313.0,-19.432,-4.122,-5.027,-0.027,0.979,2,14,0,0.185,0,0,0.143,-19.420,-0.993,-4.253,0.747,1.083,2,14,0,0.175,0,0,0.191,-19.280,-7.150,-4.454,0.546,1.051,2,14,0,0.329,0,0,0.107,-16.575,-3.840,-4.460,0.540,1.050,2,14,0,0.177,0,0,0.116,-21.950,-4.304,-3.991,1.009,1.008,2,14,0,0.178,0,0,0.142,2.729,0.456,0,0,0.329,-19.157,-4.020,0.402,-0.916
314.0,-19.102,-5.017,-5.060,-0.060,0.982,2,14,0,0.214,0,0,0.238,-18.974,-1.931,-4.284,0.716,1.083,2,14,0,0.206,0,0,0.209,-18.786,-8.094,-4.437,0.563,1.030,2,14,0,0.151,0,0,0.154,-16.133,-4.755,-4.503,0.497,1.078,2,14,0,0.183,0,0,0.119,-21.489,-5.201,-3.949,1.051,0.970,2,14,0,0.185,0,0,0.148,2.639,0.452,0,0,0.214,-18.709,-4.914,0.491,-0.871
315.0,-18.459,-5.865,-5.043,-0.043,1.029,2,14,0,0.190,0,0,0.152,-18.330,-2.848,-4.280,0.720,1.085,2,14,0,0.171,0,0,0.183,-18.224,-8.955,-4.440,0.560,0.972,2,14,0,0.148,0,0,0.180,-15.571,-5.748,-4.518,0.482,1.097,2,14,0,0.181,0,0,0.172,-21.021,-6.015,-3.899,1.101,0.939,2,14,0,0.180,0,0,0.108,2.809,0.396,0,0,0.190,-18.175,-5.759,0.576,-0.818
316.0,-17.810,-6.702,-4.945,0.055,1.031,2,14,0,0.227,0,0,0.176,-17.638,-3.618,-4.299,0.701,1.038,2,14,0,0.174,0,0,0.149,-17.716,-9.632,-4.482,0.518,0.931,2,14,0,0.174,0,0,0.079,-14.882,-6.581,-4.492,0.508,1.049,2,14,0,0.175,0,0,0.193,-20.527,-6.746,-3.946,1.054,0.948,2,14,0,0.183,0,0,0.155,2.895,0.324,0,0,0.227,-17.560,-6.546,0.655,-0.756
317.0,-17.122,-7.411,-4.969,0.031,1.011,2,14,0,0.187,0,0,0.164,-16.931,-4.297,-4.283,0.717,0.996,2,14,0,0.174,0,0,0.108,-17.076,-10.332,-4.472,0.528,0.972,2,14,0,0.185,0,0,0.114,-14.148,-7.299,-4.495,0.505,1.007,2,14,0,0.182,0,0,0.189,-19.875,-7.495,-3.943,1.057,1.015,2,14,0,0.172,0,0,0.204,2.940,0.291,0,0,0.187,-16.868,-7.268,0.727,-0.687
318.0,-16.307,-8.019,-4.978,0.022,1.021,2,14,0,0.193,0,0,0.105,-16.172,-4.926,-4.281,0.719,0.996,2,14,0,0.175,0,0,0.085,-16.324,-10.968,-4.457,0.543,1.022,2,14,0,0.196,0,0,0.111,-13.412,-7.992,-4.534,0.466,0.958,2,14,0,0.179,0,0,0.231,-19.075,-8.192,-3.964,1.036,1.067,2,14,0,0.181,0,0,0.192,2.929,0.312,0,0,0.196,-16.108,-7.917,0.792,-0.611
319.0,-15.440,-8.502,-5.031,-0.031,0.996,2,14,0,0.163,0,0,0.034,-15.380,-5.593,-4.342,0.658,0.997,2,14,0,0.176,0,0,0.180,-15.473,-11.631,-4.444,0.556,1.070,2,14,0,0.216,0,0,0.142,-12.677,-8.478,-4.475,0.525,0.946,2,14,0,0.184,0,0,0.170,-18.147,-8.789,-3.916,1.084,1.099,2,14,0,0.177,0,0,0.160,2.819,0.390,0,0,0.216,-15.288,-8.488,0.849,-0.529
320.0,-14.592,-9.001,-5.023,-0.023,1.003,2,14,0,0.222,0,0,0.033,-14.532,-6.113,-4.291,0.709,0.982,2,14,0,0.177,0,0,0.219,-14.549,-12.152,-4.393,0.607,1.064,2,14,0,0.175,0,0,0.155,-11.807,-8.886,-4.554,0.446,0.999,2,14,0,0.184,0,0,0.113,-17.201,-9.265,-3.986,1.014,1.056,2,14,0,0.174,0,0,0.151,2.820,0.403,0,0,0.222,-14.414,-8.973,0.897,-0.441
321.0,-13.749,-9.467,-5.071,-0.071,1.008,2,14,0,0.187,0,0,0.126,-13.647,-6.443,-4.316,0.684,0.993,2,14,0,0.143,0,0,0.166,-13.596,-12.571,-4.458,0.542,1.038,2,14,0,0.180,0,0,0.175,-10.862,-9.229,-4.554,0.446,1.025,2,14,0,0.179,0,0,0.061,-16.287,-9.618,-4.020,0.980,1.012,2,14,0,0.184,0,0,0.108,2.751,0.392,0,0,0.187,-13.496,-9.369,0.937,-0.350
322.0,-12.763,-9.847,-5.039,-0.039,1.033,2,14,0,0.188,0,0,0.185,-12.715,-6.689,-4.250,0.750,1.026,2,14,0,0.174,0,0,0.131,-12.627,-12.863,-4.448,0.552,1.021,2,14,0,0.178,0,0,0.166,-9.882,-9.576,-4.531,0.469,1.056,2,14,0,0.177,0,0,0.068,-15.341,-9.955,-3.972,1.028,0.997,2,14,0,0.424,0,0,0.140,2.792,0.352,0,0,0.424,-12.543,-9.671,0.967,-0.254
323.0,-11.818,-10.052,-4.990,0.010,1.032,2,14,0,0.227,0,0,0.196,-11.627,-6.846,-4.283,0.717,1.067,2,14,0,0.183,0,0,0.046,-11.660,-13.093,-4.500,0.500,1.008,2,14,0,0.181,0,0,0.189,-8.840,-9.800,-4.448,0.552,1.062,2,14,0,0.176,0,0,0.085,-14.395,-10.179,-3.960,1.040,0.995,2,14,0,0.206,0,0,0.157,2.779,0.347,0,0,0.227,-11.565,-9.877,0.988,-0.156
324.0,-10.783,-10.162,-5.035,-0.035,1.074,2,14,0,0.159,0,0,0.188,-10.558,-6.978,-4.279,0.721,1.039,2,14,0,0.172,0,0,0.115,-10.670,-13.133,-4.469,0.531,1.024,2,14,0,0.219,0,0,0.121,-7.814,-9.952,-4.454,0.546,1.034,2,14,0,0.177,0,0,0.133,-13.373,-10.226,-3.992,1.008,1.008,2,14,0,0.174,0,0,0.100,2.792,0.313,0,0,0.219,-10.571,-9.984,0.998,-0.057
325.0,-9.733,-10.168,-5.042,-0.042,1.073,2,14,0,0.188,0,0,0.183,-9.597,-7.058,-4.254,0.746,1.002,2,14,0,0.204,0,0,0.151,-9.615,-13.123,-4.389,0.611,1.034,2,14,0,0.342,0,0,0.117,-6.790,-9.953,-4.495,0.505,1.015,2,14,0,0.180,0,0,0.146,-12.349,-10.210,-3.968,1.032,1.022,2,14,0,0.175,0,0,0.087,2.828,0.312,0,0,0.342,-9.571,-9.991,0.999,0.043
326.0,-8.624,-10.060,-5.008,-0.008,1.060,2,14,0,0.188,0,0,0.213,-8.574,-7.003,-4.311,0.689,1.005,2,14,0,0.179,0,0,0.196,-8.620,-13.040,-4.439,0.561,1.006,2,14,0,0.200,0,0,0.126,-5.840,-9.892,-4.486,0.514,0.997,2,14,0,0.180,0,0,0.153,-11.293,-10.072,-3.970,1.030,1.018,2,14,0,0.178,0,0,0.110,2.838,0.332,0,0,0.200,-8.576,-9.898,0.990,0.142
327.0,-7.633,-9.831,-4.978,0.022,1.012,2,14,0,0.187,0,0,0.193,-7.569,-6.779,-4.301,0.699,1.009,2,14,0,0.174,0,0,0.181,-7.659,-12.877,-4.458,0.542,1.012,2,14,0,0.176,0,0,0.146,-4.841,-9.745,-4.499,0.501,1.010,2,14,0,0.209,0,0,0.202,-10.322,-9.932,-3.963,1.037,0.992,2,14,0,0.198,0,0,0.120,2.834,0.354,0,0,0.209,-7.595,-9.707,0.971,0.240
328.0,-6.707,-9.465,-5.010,-0.010,0.990,2,14,0,0.210,0,0,0.118,-6.654,-6.432,-4.307,0.693,1.002,2,14,0,0.216,0,0,0.109,-6.613,-12.498,-4.420,0.580,1.045,2,14,0,0.224,0,0,0.141,-3.796,-9.475,-4.529,0.471,1.038,2,14,0,0.189,0,0,0.257,-9.388,-9.673,-3.983,1.017,0.992,2,14,0,0.185,0,0,0.132,2.878,0.357,0,0,0.224,-6.638,-9.418,0.942,0.336
329.0,-5.805,-9.055,-4.999,0.001,0.981,2,14,0,0.195,0,0,0.088,-5.736,-6.030,-4.285,0.715,1.012,2,14,0,0.183,0,0,0.089,-5.679,-12.083,-4.491,0.509,1.000,2,14,0,0.210,0,0,0.145,-2.889,-9.022,-4.440,0.560,1.023,2,14,0,0.219,0,0,0.192,-8.459,-9.340,-3.952,1.048,0.994,2,14,0,0.178,0,0,0.178,2.868,0.398,0,0,0.219,-5.715,-9.035,0.904,0.429
330.0,-4.908,-8.563,-4.953,0.047,0.998,2,14,0,0.214,0,0,0.100,-4.795,-5.567,-4.311,0.689,1.023,2,14,0,0.170,0,0,0.141,-4.838,-11.629,-4.465,0.535,0.980,2,14,0,0.203,0,0,0.103,-2.023,-8.470,-4.486,0.514,1.017,2,14,0,0.184,0,0,0.132,-7.557,-8.837,-3.893,1.107,1.027,2,14,0,0.174,0,0,0.163,2.866,0.390,0,0,0.214,-4.834,-8.562,0.856,0.517
331.0,-4.142,-8.001,-4.976,0.024,0.979,2,14,0,0.193,0,0,0.044,-4.003,-4.991,-4.267,0.733,1.005,2,14,0,0.173,0,0,0.101,-4.020,-11.140,-4.417,0.583,0.981,2,14,0,0.179,0,0,0.135,-1.361,-7.870,-4.501,0.499,1.008,2,14,0,0.181,0,0,0.053,-6.738,-8.257,-3.940,1.060,1.027,2,14,0,0.184,0,0,0.141,2.807,0.381,0,0,0.193,-4.005,-8.004,0.800,0.599
332.0,-3.374,-7.443,-5.032,-0.032,0.979,2,14,0,0.188,0,0,0.093,-3.249,-4.332,-4.247,0.753,1.017,2,14,0,0.172,0,0,0.076,-3.274,-10.551,-4.429,0.571,1.005,2,14,0,0.175,0,0,0.165,-0.524,-7.244,-4.551,0.449,1.046,2,14,0,0.182,0,0,0.034,-5.986,-7.600,-3.974,1.026,1.037,2,14,0,0.183,0,0,0.116,2.823,0.342,0,0,0.188,-3.236,-7.365,0.737,0.676
333.0,-2.672,-6.763,-5.034,-0.034,1.015,2,14,0,0.197,0,0,0.127,-2.542,-3.663,-4.284,0.716,1.016,2,14,0,0.179,0,0,0.106,-2.621,-9.851,-4.430,0.570,1.036,2,14,0,0.179,0,0,0.161,0.215,-6.529,-4.580,0.420,1.034,2,14,0,0.188,0,0,0.062,-5.275,-6.836,-3.948,1.052,1.046,2,14,0,0.212,0,0,0.091,2.821,0.317,0,0,0.212,-2.534,-6.653,0.665,0.747
334.0,-1.974,-5.942,-4.935,0.065,1.050,2,14,0,0.188,0,0,0.134,-1.916,-2.875,-4.292,0.708,1.028,2,14,0,0.178,0,0,0.099,-2.003,-9.052,-4.435,0.565,1.084,2,14,0,0.195,0,0,0.138,0.887,-5.722,-4.544,0.456,1.033,2,14,0,0.183,0,0,0.099,-4.647,-6.039,-3.988,1.012,1.032,2,14,0,0.172,0,0,0.086,2.837,0.308,0,0,0.195,-1.908,-5.875,0.587,0.809
335.0,-1.376,-5.094,-5.000,-0.000,1.050,2,14,0,0.186,0,0,0.176,-1.287,-1.982,-4.236,0.764,1.046,2,14,0,0.150,0,0,0.154,-1.340,-8.127,-4.457,0.543,1.125,2,14,0,0.181,0,0,0.133,1.522,-4.928,-4.469,0.531,1.009,2,14,0,0.182,0,0,0.188,-4.100,-5.237,-3.980,1.020,1.022,2,14,0,0.175,0,0,0.100,2.912,0.329,0,0,0.186,-1.361,-5.037,0.504,0.864
336.0,-0.963,-4.215,-5.005,-0.005,1.040,2,14,0,0.189,0,0,0.139,-0.811,-1.020,-4.225,0.775,1.028,2,14,0,0.177,0,0,0.179,-0.803,-7.178,-4.426,0.574,1.091,2,14,0,0.179,0,0,0.197,2.011,-4.021,-4.508,0.492,1.009,2,14,0,0.183,0,0,0.220,-3.576,-4.322,-3.947,1.053,1.043,2,14,0,0.179,0,0,0.151,2.821,0.369,0,0,0.189,-0.902,-4.150,0.415,0.910
337.0,-0.504,-3.231,-4.983,0.017,1.058,2,14,0,0.190,0,0,0.211,-0.442,-0.092,-4.275,0.725,0.986,2,14,0,0.177,0,0,0.178,-0.380,-6.179,-4.458,0.542,1.043,2,14,0,0.208,0,0,0.263,2.365,-3.063,-4.472,0.528,1.013,2,14,0,0.263,0,0,0.202,-3.200,-3.358,-3.937,1.063,1.036,2,14,0,0.176,0,0,0.154,2.894,0.361,0,0,0.263,-0.533,-3.221,0.322,0.947
338.0,-0.263,-2.199,-5.031,-0.031,1.051,2,14,0,0.187,0,0,0.185,-0.197,0.826,-4.316,0.684,0.967,2,14,0,0.146,0,0,0.141,-0.111,-5.133,-4.497,0.503,0.988,2,14,0,0.196,0,0,0.294,2.551,-2.075,-4.456,0.544,1.008,2,14,0,0.220,0,0,0.121,-2.971,-2.379,-3.939,1.061,1.017,2,14,0,0.174,0,0,0.111,2.876,0.311,0,0,0.220,-0.259,-2.260,0.226,0.974
339.0,-0.117,-1.141,-5.014,-0.014,1.021,2,14,0,0.188,0,0,0.195,-0.047,1.730,-4.357,0.643,0.981,2,14,0,0.175,0,0,0.128,-0.025,-4.175,-4.483,0.517,0.938,2,14,0,0.182,0,0,0.208,2.695,-1.116,-4.469,0.531,1.002,2,14,0,0.181,0,0,0.079,-2.774,-1.363,-3.931,1.069,1.019,2,14,0,0.181,0,0,0.138,2.864,0.320,0,0,0.188,-0.082,-1.276,0.128,0.992
340.0,-0.033,-0.179,-4.986,0.014,0.967,2,14,0,0.188,0,0,0.176,-0.016,2.662,-4.338,0.662,1.033,2,14,0,0.176,0,0,0.145,-0.069,-3.257,-4.481,0.519,0.929,2,14,0,0.522,0,0,0.072,2.771,-0.125,-4.555,0.445,1.016,2,14,0,0.178,0,0,0.078,-2.646,-0.344,-3.886,1.114,1.002,2,14,0,0.180,0,0,0.199,2.837,0.364,0,0,0.522,-0.004,-0.279,0.028,1.000
341.0,-0.097,0.770,-5.010,-0.010,0.959,2,14,0,0.189,0,0,0.116,-0.006,3.709,-4.267,0.733,1.094,2,14,0,0.205,0,0,0.125,-0.059,-2.324,-4.412,0.588,0.938,2,14,0,0.188,0,0,0.065,2.789,0.822,-4.568,0.432,1.015,2,14,0,0.184,0,0,0.126,-2.622,0.614,-4.022,0.978,0.981,2,14,0,0.180,0,0,0.231,2.715,0.418,0,0,0.205,-0.026,0.720,-0.072,0.997
342.0,-0.191,1.670,-5.079,-0.079,0.984,2,14,0,0.194,0,0,0.150,-0.017,4.856,-4.279,0.721,1.115,2,14,0,0.176,0,0,0.217,-0.179,-1.361,-4.496,0.504,0.995,2,14,0,0.203,0,0,0.072,2.785,1.802,-4.511,0.489,1.056,2,14,0,0.181,0,0,0.241,-2.808,1.591,-4.022,0.978,1.012,2,14,0,0.183,0,0,0.164,2.824,0.360,0,0,0.203,-0.148,1.712,-0.171,0.985
343.0,-0.389,2.639,-5.033,-0.033,1.059,2,14,0,0.191,0,0,0.173,-0.230,5.900,-4.252,0.748,1.067,2,14,0,0.170,0,0,0.257,-0.361,-0.360,-4.421,0.579,1.032,2,14,0,0.178,0,0,0.102,2.541,2.812,-4.512,0.488,1.102,2,14,0,0.179,0,0,0.213,-3.092,2.608,-4.037,0.963,1.037,2,14,0,0.178,0,0,0.119,2.881,0.287,0,0,0.191,-0.368,2.687,-0.269,0.963
344.0,-0.601,3.678,-5.011,-0.011,1.096,2,14,0,0.199,0,0,0.268,-0.494,6.882,-4.289,0.711,1.024,2,14,0,0.217,0,0,0.318,-0.636,0.607,-4.443,0.557,1.047,2,14,0,0.183,0,0,0.143,2.187,3.839,-4.547,0.453,1.122,2,14,0,0.217,0,0,0.181,-3.500,3.565,-3.952,1.048,1.020,2,14,0,0.185,0,0,0.075,2.831,0.311,0,0,0.217,-0.684,3.635,-0.364,0.932
345.0,-1.098,4.618,-5.057,-0.057,1.095,2,14,0,0.280,0,0,0.188,-0.978,7.751,-4.284,0.716,1.009,2,14,0,0.171,0,0,0.232,-1.010,1.608,-4.443,0.557,1.057,2,14,0,0.182,0,0,0.202,1.703,4.840,-4.534,0.466,1.100,2,14,0,0.149,0,0,0.171,-3.839,4.466,-3.945,1.055,0.989,2,14,0,0.178,0,0,0.099,2.858,0.356,0,0,0.280,-1.094,4.547,-0.455,0.891
346.0,-1.750,5.552,-4.997,0.003,1.111,2,14,0,0.193,0,0,0.129,-1.601,8.524,-4.279,0.721,1.041,2,14,0,0.171,0,0,0.079,-1.537,2.532,-4.462,0.538,1.060,2,14,0,0.182,0,0,0.216,1.115,5.753,-4.544,0.456,1.047,2,14,0,0.197,0,0,0.189,-4.217,5.375,-3.969,1.031,1.009,2,14,0,0.182,0,0,0.226,2.678,0.448,0,0,0.197,-1.592,5.414,-0.541,0.841
347.0,-2.456,6.455,-4.963,0.037,1.061,2,14,0,0.239,0,0,0.237,-2.253,9.373,-4.318,0.682,1.054,2,14,0,0.172,0,0,0.075,-2.221,3.355,-4.473,0.527,1.038,2,14,0,0.176,0,0,0.175,0.514,6.556,-4.498,0.502,1.001,2,14,0,0.185,0,0,0.179,-4.824,6.207,-3.946,1.054,1.053,2,14,0,0.149,0,0,0.215,2.589,0.454,0,0,0.239,-2.175,6.226,-0.623,0.783
348.0,-3.093,7.202,-4.968,0.032,0.967,2,14,0,0.266,0,0,0.226,-2.969,10.162,-4.317,0.683,1.033,2,14,0,0.176,0,0,0.130,-2.899,4.101,-4.497,0.503,1.019,2,14,0,0.179,0,0,0.162,-0.208,7.269,-4.469,0.531,0.971,2,14,0,0.184,0,0,0.151,-5.655,6.975,-3.905,1.095,1.076,2,14,0,0.179,0,0,0.144,2.782,0.474,0,0,0.266,-2.835,6.976,-0.698,0.716
349.0,-3.749,7.801,-4.993,0.007,0.920,2,14,0,0.193,0,0,0.135,-3.703,10.855,-4.265,0.735,0.999,2,14,0,0.174,0,0,0.142,-3.686,4.710,-4.407,0.593,0.994,2,14,0,0.176,0,0,0.096,-0.876,7.916,-4.502,0.498,0.950,2,14,0,0.211,0,0,0.101,-6.412,7.677,-3.894,1.106,1.030,2,14,0,0.186,0,0,0.167,2.883,0.403,0,0,0.211,-3.568,7.657,-0.766,0.643
350.0,-4.553,8.422,-4.949,0.051,0.956,2,14,0,0.187,0,0,0.151,-4.468,11.480,-4.252,0.748,0.972,2,14,0,0.173,0,0,0.149,-4.475,5.318,-4.422,0.578,0.992,2,14,0,0.176,0,0,0.090,-1.632,8.544,-4.559,0.441,0.970,2,14,0,0.178,0,0,0.131,-7.178,8.252,-3.969,1.031,0.988,2,14,0,0.174,0,0,0.137,2.807,0.390,0,0,0.187,-4.364,8.261,-0.826,0.564
351.0,-5.364,8.907,-4.940,0.060,0.970,2,14,0,0.193,0,0,0.123,-5.254,12.028,-4.269,0.731,0.957,2,14,0,0.207,0,0,0.177,-5.320,5.831,-4.391,0.609,0.997,2,14,0,0.186,0,0,0.086,-2.357,9.042,-4.479,0.521,0.982,2,14,0,0.254,0,0,0.192,-8.057,8.699,-4.000,1.000,1.001,2,14,0,0.181,0,0,0.064,2.860,0.296,0,0,0.254,-5.217,8.782,-0.878,0.478
352.0,-6.228,9.317,-5.004,-0.004,0.998,2,14,0,0.193,0,0,0.122,-6.130,12.436,-4.300,0.700,0.983,2,14,0,0.209,0,0,0.161,-6.193,6.311,-4.423,0.577,0.997,2,14,0,0.175,0,0,0.126,-3.261,9.498,-4.499,0.501,1.060,2,14,0,0.176,0,0,0.203,-8.962,9.140,-3.937,1.063,1.009,2,14,0,0.176,0,0,0.067,2.940,0.317,0,0,0.209,-6.118,9.216,-0.922,0.388
353.0,-7.198,9.664,-5.034,-0.034,1.032,2,14,0,0.202,0,0,0.110,-7.073,12.745,-4.295,0.705,1.010,2,14,0,0.177,0,0,0.127,-7.060,6.698,-4.468,0.532,0.997,2,14,0,0.593,0,0,0.193,-4.289,9.828,-4.493,0.507,1.107,2,14,0,0.177,0,0,0.137,-9.813,9.550,-3.900,1.100,0.995,2,14,0,0.174,0,0,0.153,2.853,0.357,0,0,0.593,-7.057,9.557,-0.956,0.294
354.0,-8.190,9.866,-5.032,-0.032,1.041,2,14,0,0.198,0,0,0.062,-8.040,12.982,-4.285,0.715,1.042,2,14,0,0.171,0,0,0.122,-8.026,6.952,-4.432,0.568,1.037,2,14,0,0.182,0,0,0.203,-5.425,10.019,-4.481,0.519,1.106,2,14,0,0.177,0,0,0.116,-10.781,9.833,-3.948,1.052,1.035,2,14,0,0.176,0,0,0.190,2.809,0.454,0,0,0.198,-8.026,9.803,-0.980,0.197
355.0,-9.180,10.065,-5.036,-0.036,1.050,2,14,0,0.195,0,0,0.111,-9.088,13.097,-4.259,0.741,1.076,2,14,0,0.144,0,0,0.072,-9.077,7.056,-4.507,0.493,1.067,2,14,0,0.175,0,0,0.139,-6.446,10.222,-4.462,0.538,1.026,2,14,0,0.184,0,0,0.176,-11.883,9.972,-3.940,1.060,1.069,2,14,0,0.151,0,0,0.172,2.798,0.509,0,0,0.195,-9.014,9.951,-0.995,0.099
356.0,-10.269,10.121,-4.996,0.004,1.059,2,14,0,0.188,0,0,0.133,-10.204,13.146,-4.251,0.749,1.063,2,14,0,0.173,0,0,0.138,-10.102,7.060,-4.475,0.525,1.074,2,14,0,0.208,0,0,0.089,-7.489,10.287,-4.492,0.508,0.983,2,14,0,0.218,0,0,0.213,-12.959,9.979,-3.978,1.022,1.041,2,14,0,0.181,0,0,0.174,2.830,0.556,0,0,0.218,-10.013,10.000,-1.000,-0.001
357.0,-11.295,10.113,-4.998,0.002,1.041,2,14,0,0.194,0,0,0.189,-11.189,13.123,-4.266,0.734,1.002,2,14,0,0.176,0,0,0.146,-11.208,7.006,-4.446,0.554,1.067,2,14,0,0.204,0,0,0.134,-8.457,10.259,-4.553,0.447,0.945,2,14,0,0.194,0,0,0.214,-13.977,9.944,-3.994,1.006,1.005,2,14,0,0.179,0,0,0.200,2.868,0.543,0,0,0.204,-11.011,9.949,-0.995,-0.101
358.0,-12.287,10.005,-5.006,-0.006,1.005,2,14,0,0.190,0,0,0.228,-12.139,13.018,-4.354,0.646,0.984,2,14,0,0.175,0,0,0.159,-12.257,6.872,-4.423,0.577,1.017,2,14,0,0.234,0,0,0.195,-9.348,10.089,-4.569,0.431,0.944,2,14,0,0.179,0,0,0.144,-14.914,9.765,-3.971,1.029,0.973,2,14,0,0.179,0,0,0.144,2.834,0.454,0,0,0.234,-11.999,9.798,-0.980,-0.200
359.0,-13.168,9.759,-5.034,-0.034,0.994,2,14,0,0.197,0,0,0.208,-13.069,12.833,-4.246,0.754,1.001,2,14,0,0.206,0,0,0.209,-13.218,6.665,-4.414,0.586,0.984,2,14,0,0.256,0,0,0.216,-10.199,9.786,-4.497,0.503,0.981,2,14,0,0.213,0,0,0.106,-15.751,9.527,-4.002,0.998,0.973,2,14,0,0.180,0,0,0.129,2.791,0.331,0,0,0.256,-12.967,9.550,-0.955,-0.297
360.0,-14.059,9.328,-5.009,-0.009,1.041,2,14,0,0.189,0,0,0.127,-14.068,12.494,-4.317,0.683,1.038,2,14,0,0.173,0,0,0.231,-14.122,6.336,-4.447,0.553,0.960,2,14,0,0.168,0,0,0.203,-11.204,9.452,-4.526,0.474,1.045,2,14,0,0.210,0,0,0.090,-16.655,9.146,-3.954,1.046,1.040,2,14,0,0.233,0,0,0.113,2.808,0.387,0,0,0.233,-13.906,9.206,-0.921,-0.391
361.0,-14.988,8.791,-5.022,-0.022,1.079,2,14,0,0.191,0,0,0.016,-14.986,12.007,-4.214,0.786,1.047,2,14,0,0.203,0,0,0.197,-14.881,5.921,-4.458,0.542,0.972,2,14,0,0.182,0,0,0.180,-12.101,8.973,-4.476,0.524,1.056,2,14,0,0.332,0,0,0.047,-17.664,8.711,-3.877,1.123,1.095,2,14,0,0.238,0,0,0.094,2.912,0.359,0,0,0.332,-14.805,8.770,-0.877,-0.481
362.0,-15.889,8.246,-5.072,-0.072,1.077,2,14,0,0.192,0,0,0.052,-15.843,11.380,-4.212,0.788,1.056,2,14,0,0.170,0,0,0.128,-15.679,5.369,-4.464,0.536,1.050,2,14,0,0.151,0,0,0.169,-13.099,8.427,-4.485,0.515,1.067,2,14,0,0.180,0,0,0.143,-18.611,8.189,-3.924,1.076,1.081,2,14,0,0.175,0,0,0.158,2.857,0.478,0,0,0.192,-15.657,8.246,-0.825,-0.566
363.0,-16.794,7.711,-4.996,0.004,1.035,2,14,0,0.191,0,0,0.168,-16.564,10.630,-4.257,0.743,1.032,2,14,0,0.174,0,0,0.087,-16.568,4.673,-4.463,0.537,1.112,2,14,0,0.177,0,0,0.064,-13.885,7.848,-4.525,0.475,1.006,2,14,0,0.183,0,0,0.142,-19.475,7.611,-3.949,1.051,1.040,2,14,0,0.174,0,0,0.229,2.880,0.480,0,0,0.191,-16.452,7.640,-0.764,-0.645
364.0,-17.594,7.057,-4.959,0.041,1.017,2,14,0,0.192,0,0,0.246,-17.309,9.938,-4.273,0.727,1.010,2,14,0,0.197,0,0,0.110,-17.419,3.936,-4.436,0.564,1.103,2,14,0,0.181,0,0,0.146,-14.620,7.203,-4.497,0.503,0.998,2,14,0,0.185,0,0,0.164,-20.151,6.927,-3.975,1.025,1.020,2,14,0,0.189,0,0,0.185,2.743,0.501,0,0,0.197,-17.182,6.958,-0.696,-0.718
365.0,-18.227,6.221,-4.963,0.037,0.999,2,14,0,0.237,0,0,0.205,-18.019,9.232,-4.256,0.744,0.982,2,14,0,0.174,0,0,0.115,-18.145,3.140,-4.472,0.528,1.042,2,14,0,0.182,0,0,0.212,-15.247,6.485,-4.496,0.504,1.007,2,14,0,0.183,0,0,0.160,-20.854,6.137,-4.003,0.997,1.027,2,14,0,0.177,0,0,0.204,2.798,0.492,0,0,0.237,-17.841,6.206,-0.621,-0.784
366.0,-18.724,5.414,-4.973,0.027,0.984,2,14,0,0.191,0,0,0.122,-18.647,8.482,-4.221,0.779,0.960,2,14,0,0.204,0,0,0.150,-18.756,2.331,-4.484,0.516,0.980,2,14,0,0.181,0,0,0.241,-15.808,5.663,-4.502,0.498,1.043,2,14,0,0.185,0,0,0.142,-21.366,5.294,-3.995,1.005,1.027,2,14,0,0.183,0,0,0.130,2.821,0.472,0,0,0.204,-18.422,5.392,-0.539,-0.842
367.0,-19.197,4.504,-5.025,-0.025,0.994,2,14,0,0.191,0,0,0.097,-19.215,7.727,-4.255,0.745,0.962,2,14,0,0.177,0,0,0.255,-19.236,1.546,-4.500,0.500,0.944,2,14,0,0.156,0,0,0.230,-16.362,4.815,-4.466,0.534,1.067,2,14,0,0.185,0,0,0.194,-21.852,4.377,-3.947,1.053,1.027,2,14,0,0.196,0,0,0.111,2.868,0.531,0,0,0.196,-18.918,4.525,-0.452,-0.892
368.0,-19.672,3.617,-4.944,0.056,0.987,2,14,0,0.195,0,0,0.163,-19.531,6.804,-4.284,0.716,1.011,2,14,0,0.174,0,0,0.175,-19.566,0.695,-4.496,0.504,0.970,2,14,0,0.179,0,0,0.181,-16.774,3.817,-4.464,0.536,1.081,2,14,0,0.192,0,0,0.154,-22.272,3.444,-3.958,1.042,1.018,2,14,0,0.184,0,0,0.126,2.786,0.493,0,0,0.195,-19.325,3.612,-0.361,-0.933
369.0,-19.977,2.681,-4.955,0.045,0.996,2,14,0,0.187,0,0,0.156,-19.811,5.851,-4.324,0.676,1.052,2,14,0,0.204,0,0,0.146,-19.747,-0.224,-4.459,0.541,1.026,2,14,0,0.307,0,0,0.140,-17.055,2.803,-4.498,0.502,1.062,2,14,0,0.178,0,0,0.114,-22.554,2.512,-3.982,1.018,1.002,2,14,0,0.175,0,0,0.092,2.760,0.439,0,0,0.307,-19.639,2.663,-0.266,-0.964
370.0,-20.171,1.728,-5.068,-0.068,1.012,2,14,0,0.210,0,0,0.139,-20.067,4.837,-4.267,0.733,1.088,2,14,0,0.175,0,0,0.153,-19.932,-1.259,-4.488,0.512,1.090,2,14,0,0.184,0,0,0.076,-17.233,1.789,-4.510,0.490,1.040,2,14,0,0.178,0,0,0.094,-22.722,1.554,-3.982,1.018,1.014,2,14,0,0.181,0,0,0.044,2.778,0.390,0,0,0.210,-19.857,1.687,-0.169,-0.986
371.0,-20.259,0.707,-4.983,0.017,1.026,2,14,0,0.199,0,0,0.103,-20.258,3.774,-4.322,0.678,1.091,2,14,0,0.181,0,0,0.205,-20.128,-2.341,-4.418,0.582,1.102,2,14,0,0.180,0,0,0.056,-17.346,0.722,-4.546,0.454,1.030,2,14,0,0.208,0,0,0.146,-22.887,0.515,-4.002,0.998,1.033,2,14,0,0.179,0,0,0.094,2.811,0.372,0,0,0.208,-19.976,0.695,-0.069,-0.998
372.0,-20.241,-0.336,-4.943,0.057,1.049,2,14,0,0.194,0,0,0.074,-20.289,2.663,-4.334,0.666,1.076,2,14,0,0.174,0,0,0.244,-20.261,-3.371,-4.441,0.559,1.067,2,14,0,0.180,0,0,0.170,-17.407,-0.265,-4.504,0.496,0.980,2,14,0,0.178,0,0,0.161,-22.946,-0.515,-3.998,1.002,1.024,2,14,0,0.175,0,0,0.143,2.868,0.414,0,0,0.194,-19.995,-0.305,0.030,-1.000
373.0,-20.171,-1.334,-4.988,0.012,1.036,2,14,0,0.193,0,0,0.084,-20.135,1.634,-4.245,0.755,1.039,2,14,0,0.174,0,0,0.204,-20.254,-4.427,-4.400,0.600,1.046,2,14,0,0.206,0,0,0.261,-17.370,-1.246,-4.532,0.468,0.959,2,14,0,0.176,0,0,0.183,-22.911,-1.537,-3.975,1.025,1.011,2,14,0,0.171,0,0,0.195,2.840,0.458,0,0,0.206,-19.915,-1.301,0.130,-0.991
374.0,-20.030,-2.331,-5.036,-0.036,1.038,2,14,0,0.186,0,0,0.125,-19.906,0.632,-4.260,0.740,0.999,2,14,0,0.173,0,0,0.188,-20.027,-5.435,-4.430,0.570,1.033,2,14,0,0.188,0,0,0.229,-17.249,-2.185,-4.515,0.485,0.967,2,14,0,0.182,0,0,0.218,-22.678,-2.493,-3.952,1.048,0.998,2,14,0,0.174,0,0,0.132,2.833,0.523,0,0,0.188,-19.736,-2.284,0.228,-0.974
375.0,-19.740,-3.291,-4.958,0.042,1.029,2,14,0,0.188,0,0,0.111,-19.608,-0.260,-4.291,0.709,0.975,2,14,0,0.213,0,0,0.119,-19.695,-6.402,-4.407,0.593,1.020,2,14,0,0.186,0,0,0.190,-16.941,-3.104,-4.552,0.448,1.005,2,14,0,0.179,0,0,0.182,-22.462,-3.450,-3.908,1.092,1.007,2,14,0,0.180,0,0,0.190,2.835,0.503,0,0,0.213,-19.459,-3.245,0.324,-0.946
376.0,-19.340,-4.220,-4.985,0.015,1.035,2,14,0,0.192,0,0,0.086,-19.146,-1.162,-4.277,0.723,0.985,2,14,0,0.175,0,0,0.069,-19.274,-7.296,-4.447,0.553,1.007,2,14,0,0.179,0,0,0.132,-16.515,-3.998,-4.565,0.435,1.051,2,14,0,0.190,0,0,0.130,-22.011,-4.379,-3.924,1.076,1.035,2,14,0,0.173,0,0,0.117,2.864,0.462,0,0,0.192,-19.088,-4.173,0.417,-0.909
377.0,-18.859,-5.154,-5.037,-0.037,1.040,2,14,0,0.187,0,0,0.112,-18.650,-2.066,-4.350,0.650,0.984,2,14,0,0.170,0,0,0.099,-18.694,-8.134,-4.485,0.515,1.005,2,14,0,0.181,0,0,0.057,-15.943,-4.896,-4.523,0.477,1.079,2,14,0,0.178,0,0,0.014,-21.497,-5.304,-3.911,1.089,1.037,2,14,0,0.172,0,0,0.106,2.872,0.357,0,0,0.187,-18.626,-5.059,0.506,-0.863
378.0,-18.325,-6.015,-5.012,-0.012,1.026,2,14,0,0.191,0,0,0.137,-18.180,-2.904,-4.270,0.730,0.971,2,14,0,0.174,0,0,0.089,-18.189,-8.923,-4.445,0.555,0.991,2,14,0,0.174,0,0,0.011,-15.403,-5.790,-4.487,0.513,1.072,2,14,0,0.272,0,0,0.056,-20.907,-6.149,-3.947,1.053,1.024,2,14,0,0.153,0,0,0.102,2.796,0.342,0,0,0.272,-18.077,-5.895,0.590,-0.808
379.0,-17.790,-6.803,-4.942,0.058,1.009,2,14,0,0.187,0,0,0.210,-17.550,-3.667,-4.253,0.747,0.971,2,14,0,0.170,0,0,0.075,-17.580,-9.748,-4.393,0.607,1.015,2,14,0,0.189,0,0,0.060,-14.738,-6.684,-4.501,0.499,1.057,2,14,0,0.211,0,0,0.169,-20.323,-6.940,-3.933,1.067,1.000,2,14,0,0.179,0,0,0.133,2.730,0.366,0,0,0.211,-17.449,-6.672,0.667,-0.745
380.0,-17.090,-7.541,-4.984,0.016,1.042,2,14,0,0.188,0,0,0.232,-16.953,-4.395,-4.261,0.739,0.986,2,14,0,0.172,0,0,0.155,-16.988,-10.564,-4.431,0.569,1.018,2,14,0,0.211,0,0,0.209,-14.068,-7.477,-4.484,0.516,1.000,2,14,0,0.179,0,0,0.248,-19.600,-7.626,-3.959,1.041,0.998,2,14,0,0.176,0,0,0.103,2.713,0.379,0,0,0.211,-16.745,-7.383,0.738,-0.675
381.0,-16.183,-8.171,-5.010,-0.010,1.069,2,14,0,0.161,0,0,0.156,-16.293,-5.021,-4.238,0.762,1.028,2,14,0,0.185,0,0,0.250,-16.160,-11.244,-4.427,0.573,1.028,2,14,0,0.178,0,0,0.215,-13.296,-8.108,-4.512,0.488,0.964,2,14,0,0.188,0,0,0.243,-18.934,-8.278,-3.914,1.086,0.996,2,14,0,0.176,0,0,0.177,2.930,0.334,0,0,0.188,-15.974,-8.019,0.802,-0.597
382.0,-15.298,-8.663,-5.065,-0.065,1.037,2,14,0,0.203,0,0,0.091,-15.432,-5.589,-4.331,0.669,1.107,2,14,0,0.172,0,0,0.230,-15.333,-11.754,-4.427,0.573,1.014,2,14,0,0.183,0,0,0.175,-12.443,-8.561,-4.571,0.429,0.943,2,14,0,0.184,0,0,0.144,-18.101,-8.845,-3.960,1.040,1.041,2,14,0,0.177,0,0,0.182,2.899,0.299,0,0,0.203,-15.144,-8.575,0.858,-0.514
383.0,-14.368,-9.112,-5.009,-0.009,1.011,2,14,0,0.189,0,0,0.095,-14.424,-6.110,-4.294,0.706,1.139,2,14,0,0.380,0,0,0.161,-14.392,-12.197,-4.485,0.515,1.037,2,14,0,0.181,0,0,0.128,-11.609,-8.970,-4.519,0.481,0.955,2,14,0,0.175,0,0,0.091,-17.178,-9.280,-3.974,1.026,1.072,2,14,0,0.157,0,0,0.128,2.806,0.355,0,0,0.380,-14.262,-9.046,0.905,-0.426
384.0,-13.435,-9.526,-5.031,-0.031,0.992,2,14,0,0.224,0,0,0.127,-13.344,-6.519,-4.281,0.719,1.113,2,14,0,0.212,0,0,0.182,-13.453,-12.526,-4.474,0.526,1.024,2,14,0,0.177,0,0,0.074,-10.696,-9.327,-4.497,0.503,0.998,2,14,0,0.181,0,0,0.076,-16.142,-9.642,-3.969,1.031,1.083,2,14,0,0.177,0,0,0.073,2.797,0.372,0,0,0.224,-13.338,-9.426,0.943,-0.334
385.0,-12.490,-9.763,-5.017,-0.017,0.963,2,14,0,0.189,0,0,0.090,-12.292,-6.800,-4.307,0.693,1.038,2,14,0,0.177,0,0,0.234,-12.456,-12.809,-4.440,0.560,1.035,2,14,0,0.179,0,0,0.072,-9.742,-9.646,-4.447,0.553,1.043,2,14,0,0.182,0,0,0.105,-15.146,-9.896,-3.980,1.020,1.051,2,14,0,0.258,0,0,0.069,2.809,0.368,0,0,0.258,-12.380,-9.713,0.971,-0.238
386.0,-11.550,-10.018,-4.975,0.025,0.965,2,14,0,0.201,0,0,0.125,-11.331,-6.946,-4.333,0.667,0.964,2,14,0,0.171,0,0,0.190,-11.445,-12.982,-4.442,0.558,1.020,2,14,0,0.181,0,0,0.075,-8.768,-9.844,-4.474,0.526,1.060,2,14,0,0.192,0,0,0.116,-14.151,-10.126,-4.007,0.993,1.031,2,14,0,0.178,0,0,0.106,2.778,0.374,0,0,0.201,-11.399,-9.902,0.990,-0.140
387.0,-10.640,-10.125,-4.976,0.024,0.980,2,14,0,0.218,0,0,0.152,-10.410,-7.013,-4.249,0.751,0.935,2,14,0,0.172,0,0,0.116,-10.524,-13.052,-4.493,0.507,0.996,2,14,0,0.184,0,0,0.033,-7.676,-9.979,-4.473,0.527,1.075,2,14,0,0.184,0,0,0.144,-13.097,-10.262,-3.895,1.105,1.003,2,14,0,0.175,0,0,0.179,2.688,0.408,0,0,0.218,-10.403,-9.992,0.999,-0.040
388.0,-9.603,-10.144,-4.965,0.035,1.024,2,14,0,0.221,0,0,0.169,-9.470,-6.977,-4.308,0.692,0.954,2,14,0,0.179,0,0,0.070,-9.492,-13.103,-4.516,0.484,1.027,2,14,0,0.208,0,0,0.091,-6.601,-9.983,-4.519,0.481,1.052,2,14,0,0.186,0,0,0.189,-12.084,-10.291,-3.954,1.046,0.960,2,14,0,0.177,0,0,0.218,2.683,0.445,0,0,0.221,-9.404,-9.982,0.998,0.060
389.0,-8.634,-10.041,-4.982,0.018,1.047,2,14,0,0.186,0,0,0.179,-8.457,-6.868,-4.320,0.680,0.998,2,14,0,0.175,0,0,0.076,-8.447,-13.052,-4.431,0.569,1.032,2,14,0,0.176,0,0,0.161,-5.642,-9.879,-4.522,0.478,1.007,2,14,0,0.180,0,0,0.177,-11.170,-10.194,-3.932,1.068,0.935,2,14,0,0.163,0,0,0.187,2.749,0.401,0,0,0.186,-8.410,-9.873,0.987,0.159
390.0,-7.643,-9.807,-4.976,0.024,1.077,2,14,0,0.194,0,0,0.150,-7.455,-6.681,-4.318,0.682,1.009,2,14,0,0.176,0,0,0.107,-7.418,-12.929,-4.471,0.529,1.024,2,14,0,0.175,0,0,0.259,-4.656,-9.633,-4.490,0.510,1.015,2,14,0,0.178,0,0,0.149,-10.249,-9.990,-3.979,1.021,0.976,2,14,0,0.186,0,0,0.182,2.797,0.373,0,0,0.194,-7.432,-9.665,0.966,0.257
391.0,-6.652,-9.469,-4.987,0.013,1.093,2,14,0,0.223,0,0,0.117,-6.494,-6.386,-4.330,0.670,1.002,2,14,0,0.174,0,0,0.120,-6.474,-12.604,-4.464,0.536,1.016,2,14,0,0.179,0,0,0.240,-3.643,-9.329,-4.505,0.495,1.008,2,14,0,0.210,0,0,0.189,-9.379,-9.603,-3.946,1.054,1.025,2,14,0,0.178,0,0,0.123,2.922,0.263,0,0,0.223,-6.480,-9.360,0.936,0.352
392.0,-5.629,-9.037,-4.981,0.019,1.100,2,14,0,0.187,0,0,0.140,-5.643,-6.003,-4.270,0.730,1.012,2,14,0,0.173,0,0,0.114,-5.626,-12.116,-4.427,0.573,1.021,2,14,0,0.179,0,0,0.129,-2.787,-8.871,-4.515,0.485,0.984,2,14,0,0.183,0,0,0.103,-8.401,-9.178,-3.964,1.036,1.076,2,14,0,0.232,0,0,0.072,2.884,0.270,0,0,0.232,-5.563,-8.962,0.896,0.444
393.0,-4.694,-8.457,-4.991,0.009,1.062,2,14,0,0.222,0,0,0.179,-4.717,-5.533,-4.246,0.754,1.049,2,14,0,0.170,0,0,0.142,-4.734,-11.545,-4.444,0.556,1.053,2,14,0,0.177,0,0,0.071,-1.871,-8.372,-4.562,0.438,0.999,2,14,0,0.181,0,0,0.135,-7.467,-8.687,-3.992,1.008,1.088,2,14,0,0.177,0,0,0.083,2.856,0.309,0,0,0.222,-4.691,-8.474,0.847,0.531
394.0,-3.783,-7.881,-4.994,0.006,0.997,2,14,0,0.195,0,0,0.262,-3.829,-4.911,-4.231,0.769,1.076,2,14,0,0.178,0,0,0.140,-3.918,-10.893,-4.468,0.532,1.042,2,14,0,0.180,0,0,0.069,-1.079,-7.821,-4.539,0.461,0.981,2,14,0,0.196,0,0,0.122,-6.592,-8.099,-3.973,1.027,1.066,2,14,0,0.176,0,0,0.115,2.742,0.342,0,0,0.196,-3.871,-7.902,0.790,0.613
395.0,-3.113,-7.284,-5.011,-0.011,0.924,2,14,0,0.189,0,0,0.181,-2.981,-4.213,-4.237,0.763,1.038,2,14,0,0.173,0,0,0.215,-3.130,-10.279,-4.492,0.508,1.026,2,14,0,0.211,0,0,0.089,-0.403,-7.182,-4.547,0.453,1.003,2,14,0,0.180,0,0,0.086,-5.773,-7.444,-3.978,1.022,1.048,2,14,0,0.180,0,0,0.171,2.752,0.392,0,0,0.211,-3.113,-7.251,0.725,0.689
396.0,-2.474,-6.647,-4.983,0.017,0.943,2,14,0,0.188,0,0,0.181,-2.355,-3.500,-4.288,0.712,0.994,2,14,0,0.180,0,0,0.154,-2.340,-9.605,-4.404,0.596,1.001,2,14,0,0.205,0,0,0.190,0.315,-6.425,-4.481,0.519,1.043,2,14,0,0.184,0,0,0.069,-4.981,-6.693,-3.925,1.075,1.023,2,14,0,0.233,0,0,0.266,2.722,0.473,0,0,0.233,-2.424,-6.527,0.653,0.758
397.0,-1.899,-5.942,-5.031,-0.031,0.991,2,14,0,0.404,0,0,0.229,-1.757,-2.714,-4.322,0.678,0.992,2,14,0,0.172,0,0,0.139,-1.745,-8.901,-4.458,0.542,0.976,2,14,0,0.183,0,0,0.210,0.958,-5.604,-4.516,0.484,1.049,2,14,0,0.180,0,0,0.074,-4.392,-5.961,-3.935,1.065,0.965,2,14,0,0.176,0,0,0.254,2.723,0.474,0,0,0.404,-1.810,-5.738,0.574,0.819
398.0,-1.392,-5.009,-5.036,-0.036,1.082,2,14,0,0.329,0,0,0.140,-1.205,-1.860,-4.306,0.694,1.010,2,14,0,0.450,0,0,0.156,-1.216,-8.110,-4.490,0.510,1.006,2,14,0,0.236,0,0,0.245,1.566,-4.782,-4.538,0.462,1.027,2,14,0,0.290,0,0,0.154,-3.889,-5.105,-3.935,1.065,0.980,2,14,0,0.178,0,0,0.223,2.731,0.444,0,0,0.450,-1.278,-4.891,0.489,0.872
399.0,-0.996,-3.992,-4.951,0.049,1.093,2,14,0,0.189,0,0,0.018,-0.781,-0.964,-4.291,0.709,1.008,2,14,0,0.172,0,0,0.135,-0.801,-7.183,-4.521,0.479,1.070,2,14,0,0.149,0,0,0.203,2.052,-3.888,-4.497,0.503,1.014,2,14,0,0.180,0,0,0.194,-3.592,-4.210,-3.962,1.038,0.995,2,14,0,0.213,0,0,0.094,2.786,0.322,0,0,0.213,-0.833,-3.996,0.400,0.917
400.0,-0.523,-3.003,-5.039,-0.039,1.071,2,14,0,0.190,0,0,0.142,-0.459,-0.008,-4.242,0.758,1.025,2,14,0,0.173,0,0,0.101,-0.449,-6.101,-4.529,0.471,1.108,2,14,0,0.177,0,0,0.128,2.441,-2.945,-4.438,0.562,1.015,2,14,0,0.179,0,0,0.227,-3.316,-3.225,-3.920,1.080,1.045,2,14,0,0.174,0,0,0.022,3.017,0.232,0,0,0.190,-0.480,-3.061,0.306,0.952
401.0,-0.240,-2.038,-5.019,-0.019,1.021,2,14,0,0.189,0,0,0.168,-0.304,0.973,-4.221,0.779,1.034,2,14,0,0.174,0,0,0.005,-0.088,-5.043,-4.503,0.497,1.082,2,14,0,0.173,0,0,0.251,2.664,-1.940,-4.457,0.543,1.027,2,14,0,0.178,0,0,0.191,-3.051,-2.189,-3.963,1.037,1.052,2,14,0,0.180,0,0,0.052,2.960,0.195,0,0,0.189,-0.222,-2.095,0.210,0.978
402.0,-0.102,-1.046,-5.014,-0.014,1.000,2,14,0,0.290,0,0,0.148,-0.207,2.021,-4.219,0.781,1.036,2,14,0,0.228,0,0,0.091,0.059,-3.968,-4.472,0.528,1.024,2,14,0,0.341,0,0,0.286,2.805,-0.896,-4.558,0.442,1.032,2,14,0,0.475,0,0,0.181,-2.816,-1.152,-3.934,1.066,1.021,2,14,0,0.179,0,0,0.124,2.923,0.251,0,0,0.475,-0.062,-1.109,0.111,0.994
403.0,-0.043,-0.068,-5.035,-0.035,1.002,2,14,0,0.186,0,0,0.142,0.002,3.070,-4.319,0.681,1.018,2,14,0,0.176,0,0,0.134,0.028,-2.988,-4.452,0.548,0.962,2,14,0,0.176,0,0,0.204,2.765,0.130,-4.528,0.472,1.018,2,14,0,0.178,0,0,0.106,-2.719,-0.128,-3.949,1.051,0.987,2,14,0,0.175,0,0,0.166,2.861,0.337,0,0,0.186,-0.001,-0.111,0.011,1.000
404.0,-0.132,0.887,-5.052,-0.052,1.000,2,14,0,0.191,0,0,0.088,0.212,4.055,-4.317,0.683,0.976,2,14,0,0.173,0,0,0.338,-0.137,-2.073,-4.425,0.575,0.935,2,14,0,0.177,0,0,0.074,2.786,1.072,-4.494,0.506,0.983,2,14,0,0.183,0,0,0.133,-2.671,0.809,-3.989,1.011,0.949,2,14,0,0.178,0,0,0.203,2.754,0.376,0,0,0.191,-0.039,0.888,-0.089,0.996
405.0,-0.211,1.918,-4.958,0.042,1.032,2,14,0,0.220,0,0,0.151,0.094,4.986,-4.273,0.727,0.994,2,14,0,0.205,0,0,0.351,-0.351,-1.170,-4.383,0.617,0.952,2,14,0,0.174,0,0,0.076,2.626,2.054,-4.510,0.490,1.015,2,14,0,0.177,0,0,0.113,-2.759,1.731,-3.935,1.065,0.985,2,14,0,0.172,0,0,0.242,2.751,0.444,0,0,0.220,-0.178,1.878,-0.188,0.982
406.0,-0.440,2.924,-4.992,0.008,1.043,2,14,0,0.222,0,0,0.170,-0.291,5.944,-4.332,0.668,1.043,2,14,0,0.175,0,0,0.202,-0.609,-0.233,-4.424,0.576,0.988,2,14,0,0.193,0,0,0.109,2.298,3.073,-4.532,0.468,1.026,2,14,0,0.180,0,0,0.074,-3.011,2.702,-3.947,1.053,1.044,2,14,0,0.173,0,0,0.227,2.781,0.429,0,0,0.222,-0.414,2.849,-0.285,0.959
407.0,-0.812,3.905,-4.988,0.012,1.036,2,14,0,0.193,0,0,0.156,-0.731,6.922,-4.296,0.704,1.075,2,14,0,0.174,0,0,0.109,-0.765,0.691,-4.408,0.592,1.003,2,14,0,0.220,0,0,0.095,2.012,4.018,-4.533,0.467,0.998,2,14,0,0.180,0,0,0.095,-3.335,3.666,-3.989,1.011,1.081,2,14,0,0.213,0,0,0.236,2.724,0.431,0,0,0.220,-0.747,3.792,-0.379,0.925
408.0,-1.210,4.809,-4.956,0.044,1.001,2,14,0,0.193,0,0,0.177,-1.133,7.810,-4.234,0.766,1.045,2,14,0,0.171,0,0,0.120,-1.002,1.681,-4.360,0.640,1.028,2,14,0,0.187,0,0,0.261,1.674,4.905,-4.534,0.466,0.985,2,14,0,0.180,0,0,0.157,-3.814,4.623,-4.017,0.983,1.091,2,14,0,0.178,0,0,0.194,2.775,0.365,0,0,0.193,-1.171,4.696,-0.470,0.883
409.0,-1.708,5.659,-5.040,-0.040,1.022,2,14,0,0.216,0,0,0.187,-1.703,8.679,-4.275,0.725,1.071,2,14,0,0.174,0,0,0.077,-1.422,2.632,-4.406,0.594,1.076,2,14,0,0.180,0,0,0.375,1.214,5.731,-4.489,0.511,1.014,2,14,0,0.179,0,0,0.204,-4.398,5.543,-3.968,1.032,1.105,2,14,0,0.177,0,0,0.173,2.898,0.286,0,0,0.216,-1.684,5.554,-0.555,0.832
410.0,-2.343,6.458,-5.037,-0.037,1.058,2,14,0,0.197,0,0,0.153,-2.358,9.537,-4.276,0.724,1.067,2,14,0,0.172,0,0,0.108,-2.109,3.476,-4.448,0.552,1.125,2,14,0,0.153,0,0,0.309,0.608,6.580,-4.487,0.513,1.078,2,14,0,0.211,0,0,0.202,-5.078,6.353,-3.983,1.017,1.059,2,14,0,0.179,0,0,0.144,2.933,0.249,0,0,0.211,-2.280,6.357,-0.636,0.772
411.0,-3.057,7.261,-5.033,-0.033,1.054,2,14,0,0.551,0,0,0.177,-3.051,10.319,-4.294,0.706,1.032,2,14,0,0.171,0,0,0.153,-2.934,4.206,-4.451,0.549,1.129,2,14,0,0.152,0,0,0.184,-0.154,7.427,-4.513,0.487,1.103,2,14,0,0.153,0,0,0.205,-5.876,7.070,-3.977,1.023,1.027,2,14,0,0.179,0,0,0.155,2.954,0.387,0,0,0.551,-2.954,7.096,-0.710,0.705
412.0,-3.937,7.951,-5.011,-0.011,1.056,2,14,0,0.194,0,0,0.191,-3.737,11.055,-4.318,0.682,0.993,2,14,0,0.174,0,0,0.221,-3.791,4.910,-4.429,0.571,1.094,2,14,0,0.190,0,0,0.179,-0.979,8.138,-4.573,0.427,1.076,2,14,0,0.176,0,0,0.221,-6.655,7.738,-3.992,1.008,0.985,2,14,0,0.176,0,0,0.172,2.911,0.468,0,0,0.194,-3.697,7.764,-0.776,0.630
413.0,-4.756,8.518,-4.955,0.045,0.998,2,14,0,0.188,0,0,0.168,-4.454,11.623,-4.301,0.699,0.971,2,14,0,0.173,0,0,0.233,-4.705,5.539,-4.456,0.544,1.044,2,14,0,0.158,0,0,0.249,-1.886,8.707,-4.594,0.406,1.038,2,14,0,0.213,0,0,0.215,-7.438,8.316,-4.009,0.991,0.945,2,14,0,0.181,0,0,0.154,2.851,0.520,0,0,0.213,-4.504,8.354,-0.835,0.550
414.0,-5.661,9.002,-4.979,0.021,0.965,2,14,0,0.191,0,0,0.171,-5.411,12.058,-4.300,0.700,1.021,2,14,0,0.147,0,0,0.129,-5.632,6.004,-4.449,0.551,0.983,2,14,0,0.185,0,0,0.245,-2.721,9.243,-4.519,0.481,0.967,2,14,0,0.179,0,0,0.231,-8.155,8.844,-3.885,1.115,0.932,2,14,0,0.179,0,0,0.133,2.727,0.521,0,0,0.191,-5.365,8.861,-0.886,0.463
415.0,-6.464,9.426,-4.990,0.010,0.938,2,14,0,0.196,0,0,0.142,-6.418,12.430,-4.313,0.687,1.031,2,14,0,0.174,0,0,0.105,-6.471,6.417,-4.465,0.535,0.915,2,14,0,0.176,0,0,0.198,-3.585,9.628,-4.530,0.470,0.957,2,14,0,0.157,0,0,0.196,-8.908,9.259,-3.920,1.080,0.967,2,14,0,0.174,0,0,0.226,2.673,0.468,0,0,0.196,-6.273,9.280,-0.928,0.373
416.0,-7.371,9.764,-5.053,-0.053,0.945,2,14,0,0.183,0,0,0.156,-7.346,12.712,-4.299,0.701,0.993,2,14,0,0.148,0,0,0.067,-7.383,6.735,-4.450,0.550,0.916,2,14,0,0.172,0,0,0.176,-4.535,9.839,-4.509,0.491,0.965,2,14,0,0.176,0,0,0.084,-9.933,9.602,-3.933,1.067,1.061,2,14,0,0.174,0,0,0.179,2.801,0.394,0,0,0.183,-7.218,9.605,-0.961,0.278
417.0,-8.313,9.990,-5.027,-0.027,0.995,2,14,0,0.190,0,0,0.161,-8.302,12.971,-4.269,0.731,0.999,2,14,0,0.172,0,0,0.073,-8.237,6.896,-4.421,0.579,0.929,2,14,0,0.205,0,0,0.104,-5.510,10.016,-4.469,0.531,0.993,2,14,0,0.182,0,0,0.033,-10.966,9.834,-3.920,1.080,1.083,2,14,0,0.176,0,0,0.153,2.858,0.367,0,0,0.205,-8.191,9.835,-0.984,0.181
418.0,-9.309,10.114,-5.042,-0.042,1.032,2,14,0,0.186,0,0,0.152,-9.302,13.134,-4.235,0.765,1.008,2,14,0,0.174,0,0,0.104,-9.143,7.033,-4.435,0.565,0.985,2,14,0,0.216,0,0,0.162,-6.553,10.144,-4.400,0.600,0.997,2,14,0,0.148,0,0,0.078,-12.036,9.992,-3.946,1.054,1.087,2,14,0,0.173,0,0,0.171,2.830,0.412,0,0,0.216,-9.182,9.966,-0.997,0.082
419.0,-10.302,10.106,-4.993,0.007,1.065,2,14,0,0.206,0,0,0.119,-10.334,13.271,-4.213,0.787,1.001,2,14,0,0.207,0,0,0.212,-10.180,7.092,-4.432,0.568,1.073,2,14,0,0.175,0,0,0.158,-7.501,10.244,-4.454,0.546,0.990,2,14,0,0.184,0,0,0.092,-13.076,10.026,-4.003,0.997,1.060,2,14,0,0.176,0,0,0.185,2.856,0.403,0,0,0.207,-10.181,9.998,-1.000,-0.018
420.0,-11.383,10.058,-4.965,0.035,1.089,2,14,0,0.160,0,0,0.124,-11.321,13.218,-4.304,0.696,0.985,2,14,0,0.222,0,0,0.226,-11.226,7.011,-4.482,0.518,1.090,2,14,0,0.172,0,0,0.115,-8.492,10.197,-4.551,0.449,1.003,2,14,0,0.314,0,0,0.112,-14.180,9.933,-4.004,0.996,1.036,2,14,0,0.175,0,0,0.232,2.924,0.412,0,0,0.314,-11.178,9.930,-0.993,-0.118
421.0,-12.533,9.890,-5.037,-0.037,1.079,2,14,0,0.199,0,0,0.218,-12.264,12.945,-4.304,0.696,1.007,2,14,0,0.174,0,0,0.113,-12.279,6.855,-4.477,0.523,1.094,2,14,0,0.176,0,0,0.122,-9.407,10.041,-4.605,0.395,1.012,2,14,0,0.176,0,0,0.137,-15.168,9.721,-3.956,1.044,0.975,2,14,0,0.177,0,0,0.208,2.854,0.390,0,0,0.199,-12.164,9.763,-0.976,-0.216
422.0,-13.544,9.597,-4.954,0.046,1.003,2,14,0,0.188,0,0,0.248,-13.207,12.597,-4.324,0.676,1.027,2,14,0,0.174,0,0,0.024,-13.331,6.591,-4.450,0.550,1.070,2,14,0,0.181,0,0,0.162,-10.404,9.812,-4.537,0.463,1.069,2,14,0,0.152,0,0,0.159,-16.089,9.406,-3.928,1.072,0.961,2,14,0,0.172,0,0,0.148,2.751,0.428,0,0,0.188,-13.128,9.498,-0.950,-0.313
423.0,-14.468,9.266,-4.960,0.040,0.955,2,14,0,0.158,0,0,0.257,-14.066,12.291,-4.302,0.698,1.028,2,14,0,0.174,0,0,0.101,-14.361,6.229,-4.492,0.508,1.040,2,14,0,0.209,0,0,0.237,-11.406,9.482,-4.547,0.453,1.097,2,14,0,0.189,0,0,0.193,-16.966,9.059,-3.954,1.046,0.948,2,14,0,0.178,0,0,0.105,2.701,0.488,0,0,0.209,-14.060,9.139,-0.914,-0.406
424.0,-15.230,8.769,-4.971,0.029,0.930,2,14,0,0.188,0,0,0.122,-14.971,11.896,-4.270,0.730,1.075,2,14,0,0.173,0,0,0.148,-15.260,5.725,-4.433,0.567,0.993,2,14,0,0.176,0,0,0.224,-12.378,9.028,-4.516,0.484,1.094,2,14,0,0.172,0,0,0.222,-17.797,8.630,-3.997,1.003,0.982,2,14,0,0.245,0,0,0.093,2.749,0.545,0,0,0.245,-14.952,8.688,-0.869,-0.495
425.0,-16.006,8.238,-5.012,-0.012,0.969,2,14,0,0.189,0,0,0.092,-15.957,11.331,-4.271,0.729,1.118,2,14,0,0.173,0,0,0.137,-15.997,5.117,-4.454,0.546,0.960,2,14,0,0.178,0,0,0.115,-13.307,8.417,-4.487,0.513,1.082,2,14,0,0.182,0,0,0.239,-18.595,8.113,-3.909,1.091,1.018,2,14,0,0.177,0,0,0.111,2.755,0.578,0,0,0.189,-15.795,8.150,-0.815,-0.579
426.0,-16.746,7.543,-5.017,-0.017,1.020,2,14,0,0.191,0,0,0.024,-16.937,10.661,-4.310,0.690,1.083,2,14,0,0.171,0,0,0.289,-16.761,4.527,-4.407,0.593,0.959,2,14,0,0.175,0,0,0.095,-14.035,7.768,-4.491,0.509,1.026,2,14,0,0.230,0,0,0.177,-19.403,7.440,-3.966,1.034,1.055,2,14,0,0.401,0,0,0.055,2.770,0.514,0,0,0.401,-16.579,7.531,-0.753,-0.658
427.0,-17.531,6.887,-5.033,-0.033,1.031,2,14,0,0.191,0,0,0.068,-17.641,9.986,-4.220,0.780,0.998,2,14,0,0.176,0,0,0.280,-17.422,3.874,-4.462,0.538,0.970,2,14,0,0.179,0,0,0.069,-14.746,6.999,-4.501,0.499,1.029,2,14,0,0.179,0,0,0.148,-20.153,6.689,-3.941,1.059,1.059,2,14,0,0.178,0,0,0.031,2.838,0.476,0,0,0.191,-17.298,6.836,-0.684,-0.730
428.0,-18.215,6.161,-5.007,-0.007,1.037,2,14,0,0.193,0,0,0.121,-18.215,9.193,-4.255,0.745,0.976,2,14,0,0.180,0,0,0.202,-18.119,3.172,-4.513,0.487,1.012,2,14,0,0.182,0,0,0.145,-15.463,6.175,-4.557,0.443,1.006,2,14,0,0.181,0,0,0.225,-20.892,5.937,-3.992,1.008,1.052,2,14,0,0.179,0,0,0.125,2.788,0.529,0,0,0.193,-17.944,6.073,-0.607,-0.794
429.0,-18.818,5.298,-4.983,0.017,1.048,2,14,0,0.165,0,0,0.132,-18.732,8.337,-4.337,0.663,0.990,2,14,0,0.231,0,0,0.147,-18.688,2.331,-4.459,0.541,1.043,2,14,0,0.178,0,0,0.136,-15.995,5.349,-4.510,0.490,0.949,2,14,0,0.145,0,0,0.194,-21.570,5.118,-4.007,0.993,1.016,2,14,0,0.172,0,0,0.236,2.863,0.494,0,0,0.231,-18.511,5.250,-0.525,-0.851
430.0,-19.294,4.326,-4.971,0.029,1.050,2,14,0,0.228,0,0,0.132,-19.140,7.461,-4.290,0.710,0.995,2,14,0,0.171,0,0,0.074,-19.185,1.337,-4.468,0.532,1.073,2,14,0,0.180,0,0,0.097,-16.348,4.551,-4.513,0.487,0.934,2,14,0,0.177,0,0,0.057,-22.017,4.270,-3.960,1.040,0.979,2,14,0,0.180,0,0,0.205,2.905,0.396,0,0,0.228,-18.993,4.374,-0.437,-0.899
431.0,-19.691,3.423,-4.978,0.022,0.999,2,14,0,0.197,0,0,0.127,-19.565,6.564,-4.285,0.715,1.005,2,14,0,0.174,0,0,0.109,-19.610,0.375,-4.506,0.494,1.036,2,14,0,0.182,0,0,0.145,-16.730,3.692,-4.529,0.471,0.986,2,14,0,0.235,0,0,0.091,-22.396,3.345,-3.982,1.018,1.002,2,14,0,0.178,0,0,0.192,2.883,0.419,0,0,0.235,-19.384,3.454,-0.345,-0.938
432.0,-19.998,2.539,-4.981,0.019,0.986,2,14,0,0.191,0,0,0.139,-19.890,5.615,-4.352,0.648,1.025,2,14,0,0.205,0,0,0.137,-19.904,-0.632,-4.447,0.553,0.999,2,14,0,0.189,0,0,0.165,-16.982,2.735,-4.481,0.519,1.033,2,14,0,0.243,0,0,0.085,-22.709,2.388,-3.968,1.032,1.017,2,14,0,0.227,0,0,0.206,2.897,0.380,0,0,0.243,-19.682,2.500,-0.250,-0.968
433.0,-20.163,1.572,-5.046,-0.046,1.015,2,14,0,0.201,0,0,0.109,-20.003,4.613,-4.388,0.612,1.036,2,14,0,0.175,0,0,0.047,-20.082,-1.594,-4.426,0.574,0.957,2,14,0,0.226,0,0,0.134,-17.203,1.681,-4.528,0.472,1.077,2,14,0,0.181,0,0,0.016,-22.826,1.331,-3.932,1.068,1.035,2,14,0,0.204,0,0,0.127,2.896,0.357,0,0,0.226,-19.884,1.521,-0.152,-0.988
434.0,-20.270,0.578,-4.997,0.003,1.050,2,14,0,0.201,0,0,0.113,-20.182,3.592,-4.274,0.726,1.048,2,14,0,0.169,0,0,0.119,-20.179,-2.505,-4.421,0.579,0.946,2,14,0,0.149,0,0,0.096,-17.408,0.672,-4.529,0.471,1.054,2,14,0,0.182,0,0,0.119,-22.820,0.360,-3.878,1.122,1.016,2,14,0,0.183,0,0,0.018,2.793,0.446,0,0,0.201,-19.986,0.527,-0.053,-0.999
435.0,-20.261,-0.486,-5.011,-0.011,1.064,2,14,0,0.189,0,0,0.093,-20.156,2.540,-4.209,0.791,1.046,2,14,0,0.173,0,0,0.111,-20.209,-3.440,-4.433,0.567,0.982,2,14,0,0.172,0,0,0.131,-17.432,-0.336,-4.518,0.482,1.038,2,14,0,0.178,0,0,0.143,-22.851,-0.661,-3.941,1.059,1.019,2,14,0,0.170,0,0,0.058,2.808,0.464,0,0,0.189,-19.989,-0.473,0.047,-0.999
436.0,-20.186,-1.568,-5.010,-0.010,1.056,2,14,0,0.194,0,0,0.150,-19.990,1.546,-4.250,0.750,1.019,2,14,0,0.172,0,0,0.069,-20.189,-4.419,-4.456,0.544,1.028,2,14,0,0.180,0,0,0.210,-17.330,-1.296,-4.477,0.523,1.036,2,14,0,0.179,0,0,0.134,-22.837,-1.672,-3.932,1.068,1.013,2,14,0,0.180,0,0,0.135,2.863,0.471,0,0,0.194,-19.892,-1.468,0.147,-0.989
437.0,-20.066,-2.584,-5.006,-0.006,1.009,2,14,0,0.191,0,0,0.234,-19.825,0.589,-4.310,0.690,0.999,2,14,0,0.234,0,0,0.066,-19.923,-5.412,-4.438,0.562,1.084,2,14,0,0.176,0,0,0.144,-17.140,-2.357,-4.470,0.530,1.066,2,14,0,0.180,0,0,0.154,-22.668,-2.677,-3.934,1.066,1.013,2,14,0,0.178,0,0,0.171,2.815,0.454,0,0,0.234,-19.696,-2.448,0.245,-0.970
438.0,-19.772,-3.495,-4.992,0.008,1.006,2,14,0,0.182,0,0,0.212,-19.574,-0.404,-4.310,0.690,1.004,2,14,0,0.192,0,0,0.122,-19.648,-6.506,-4.485,0.515,1.109,2,14,0,0.174,0,0,0.164,-16.875,-3.332,-4.543,0.457,1.043,2,14,0,0.180,0,0,0.189,-22.378,-3.671,-4.005,0.995,1.007,2,14,0,0.176,0,0,0.195,2.792,0.478,0,0,0.192,-19.403,-3.404,0.340,-0.940
439.0,-19.292,-4.373,-4.974,0.026,1.025,2,14,0,0.188,0,0,0.108,-19.288,-1.267,-4.298,0.702,0.997,2,14,0,0.168,0,0,0.196,-19.279,-7.524,-4.469,0.531,1.077,2,14,0,0.181,0,0,0.236,-16.472,-4.276,-4.570,0.430,1.038,2,14,0,0.184,0,0,0.185,-21.954,-4.553,-3.973,1.027,1.001,2,14,0,0.181,0,0,0.141,2.850,0.459,0,0,0.188,-19.016,-4.325,0.433,-0.902
440.0,-18.683,-5.207,-4.998,0.002,1.036,2,14,0,0.186,0,0,0.033,-18.779,-2.111,-4.334,0.666,1.048,2,14,0,0.144,0,0,0.166,-18.761,-8.451,-4.458,0.542,1.041,2,14,0,0.177,0,0,0.256,-15.990,-5.157,-4.561,0.439,1.034,2,14,0,0.287,0,0,0.184,-21.453,-5.405,-3.917,1.083,1.025,2,14,0,0.171,0,0,0.107,2.728,0.453,0,0,0.287,-18.539,-5.204,0.520,-0.854
441.0,-18.130,-6.064,-5.063,-0.063,1.037,2,14,0,0.227,0,0,0.039,-18.115,-2.986,-4.321,0.679,1.097,2,14,0,0.177,0,0,0.068,-18.206,-9.244,-4.428,0.572,0.985,2,14,0,0.175,0,0,0.230,-15.320,-5.947,-4.516,0.484,1.035,2,14,0,0.184,0,0,0.085,-20.910,-6.212,-3.934,1.066,1.028,2,14,0,0.180,0,0,0.115,2.865,0.353,0,0,0.227,-17.977,-6.030,0.603,-0.798
442.0,-17.526,-6.900,-4.973,0.027,1.013,2,14,0,0.187,0,0,0.103,-17.435,-3.835,-4.189,0.811,1.089,2,14,0,0.174,0,0,0.116,-17.496,-9.971,-4.465,0.535,1.000,2,14,0,0.229,0,0,0.163,-14.679,-6.688,-4.475,0.525,1.036,2,14,0,0.185,0,0,0.063,-20.192,-6.961,-3.962,1.038,1.061,2,14,0,0.176,0,0,0.038,2.851,0.360,0,0,0.229,-17.335,-6.797,0.680,-0.734
443.0,-16.950,-7.662,-4.980,0.020,0.995,2,14,0,0.194,0,0,0.226,-16.741,-4.582,-4.266,0.734,1.032,2,14,0,0.176,0,0,0.168,-16.600,-10.603,-4.457,0.543,1.004,2,14,0,0.180,0,0,0.153,-13.951,-7.414,-4.481,0.519,1.043,2,14,0,0.179,0,0,0.079,-19.454,-7.739,-3.974,1.026,1.055,2,14,0,0.215,0,0,0.099,2.700,0.369,0,0,0.215,-16.620,-7.495,0.749,-0.662
444.0,-16.235,-8.319,-4.967,0.033,1.022,2,14,0,0.191,0,0,0.299,-16.040,-5.256,-4.312,0.688,1.009,2,14,0,0.172,0,0,0.246,-15.866,-11.185,-4.441,0.559,0.956,2,14,0,0.174,0,0,0.091,-13.145,-8.140,-4.485,0.515,1.028,2,14,0,0.176,0,0,0.179,-18.691,-8.395,-3.935,1.065,1.031,2,14,0,0.207,0,0,0.135,2.665,0.444,0,0,0.207,-15.839,-8.118,0.812,-0.584
445.0,-15.339,-8.826,-4.992,0.008,1.070,2,14,0,0.225,0,0,0.236,-15.180,-5.808,-4.237,0.763,1.010,2,14,0,0.230,0,0,0.245,-15.090,-11.700,-4.434,0.566,0.950,2,14,0,0.207,0,0,0.024,-12.282,-8.678,-4.546,0.454,0.999,2,14,0,0.177,0,0,0.176,-17.800,-8.935,-3.951,1.049,1.006,2,14,0,0.176,0,0,0.131,2.674,0.378,0,0,0.230,-14.999,-8.661,0.866,-0.500
446.0,-14.334,-9.200,-4.989,0.011,1.097,2,14,0,0.186,0,0,0.100,-14.185,-6.245,-4.246,0.754,1.047,2,14,0,0.147,0,0,0.204,-14.273,-12.185,-4.447,0.553,0.972,2,14,0,0.180,0,0,0.073,-11.372,-9.109,-4.513,0.487,0.974,2,14,0,0.182,0,0,0.152,-16.900,-9.471,-3.983,1.017,0.987,2,14,0,0.176,0,0,0.212,2.769,0.412,0,0,0.186,-14.110,-9.117,0.912,-0.411
447.0,-13.260,-9.545,-5.017,-0.017,1.102,2,14,0,0.342,0,0,0.121,-13.151,-6.567,-4.242,0.758,1.023,2,14,0,0.170,0,0,0.194,-13.392,-12.595,-4.440,0.560,1.011,2,14,0,0.181,0,0,0.140,-10.522,-9.441,-4.539,0.461,0.967,2,14,0,0.305,0,0,0.122,-15.996,-9.853,-3.949,1.051,0.965,2,14,0,0.181,0,0,0.227,2.781,0.414,0,0,0.342,-13.179,-9.481,0.948,-0.318
448.0,-12.230,-9.826,-5.026,-0.026,1.028,2,14,0,0.366,0,0,0.185,-12.103,-6.709,-4.274,0.726,0.983,2,14,0,0.172,0,0,0.197,-12.344,-12.893,-4.463,0.537,1.052,2,14,0,0.175,0,0,0.115,-9.557,-9.716,-4.527,0.473,1.007,2,14,0,0.182,0,0,0.125,-15.062,-10.081,-4.004,0.996,0.978,2,14,0,0.203,0,0,0.185,2.722,0.364,0,0,0.366,-12.216,-9.751,0.975,-0.222
449.0,-11.266,-10.015,-4.999,0.001,0.953,2,14,0,0.228,0,0,0.168,-11.224,-6.899,-4.277,0.723,0.930,2,14,0,0.232,0,0,0.102,-11.345,-13.067,-4.365,0.635,1.051,2,14,0,0.178,0,0,0.115,-8.621,-9.881,-4.556,0.444,1.040,2,14,0,0.177,0,0,0.142,-14.122,-10.141,-3.943,1.057,1.011,2,14,0,0.174,0,0,0.098,2.685,0.391,0,0,0.232,-11.232,-9.924,0.992,-0.123
450.0,-10.294,-10.099,-4.989,0.011,0.924,2,14,0,0.188,0,0,0.162,-10.352,-6.999,-4.305,0.695,0.932,2,14,0,0.171,0,0,0.085,-10.300,-13.132,-4.412,0.588,1.042,2,14,0,0.182,0,0,0.110,-7.604,-9.953,-4.553,0.447,1.074,2,14,0,0.450,0,0,0.129,-13.047,-10.160,-3.950,1.050,1.051,2,14,0,0.189,0,0,0.017,2.729,0.372,0,0,0.450,-10.235,-9.997,1.000,-0.023
451.0,-9.310,-10.056,-4.971,0.029,0.927,2,14,0,0.207,0,0,0.135,-9.385,-7.014,-4.265,0.735,0.994,2,14,0,0.174,0,0,0.136,-9.300,-13.131,-4.457,0.543,1.029,2,14,0,0.193,0,0,0.135,-6.439,-9.927,-4.524,0.476,1.097,2,14,0,0.176,0,0,0.151,-11.997,-10.150,-3.932,1.068,1.038,2,14,0,0.176,0,0,0.071,2.882,0.299,0,0,0.207,-9.236,-9.971,0.997,0.076
452.0,-8.425,-9.882,-5.046,-0.046,0.936,2,14,0,0.197,0,0,0.045,-8.345,-6.856,-4.275,0.725,1.044,2,14,0,0.287,0,0,0.088,-8.262,-13.051,-4.519,0.481,1.028,2,14,0,0.218,0,0,0.197,-5.425,-9.829,-4.544,0.456,1.032,2,14,0,0.148,0,0,0.188,-11.021,-10.053,-3.916,1.084,1.018,2,14,0,0.182,0,0,0.078,2.836,0.305,0,0,0.287,-8.244,-9.845,0.984,0.176
453.0,-7.465,-9.679,-4.967,0.033,0.983,2,14,0,0.194,0,0,0.065,-7.302,-6.637,-4.296,0.704,1.070,2,14,0,0.174,0,0,0.100,-7.226,-12.800,-4.534,0.466,1.032,2,14,0,0.177,0,0,0.206,-4.507,-9.594,-4.499,0.501,0.996,2,14,0,0.180,0,0,0.147,-10.004,-9.795,-3.919,1.081,1.010,2,14,0,0.179,0,0,0.094,2.749,0.319,0,0,0.194,-7.270,-9.620,0.962,0.273
454.0,-6.552,-9.424,-4.984,0.016,1.019,2,14,0,0.187,0,0,0.138,-6.318,-6.339,-4.313,0.687,1.053,2,14,0,0.172,0,0,0.142,-6.290,-12.456,-4.530,0.470,0.998,2,14,0,0.199,0,0,0.183,-3.574,-9.321,-4.491,0.509,1.013,2,14,0,0.174,0,0,0.184,-9.050,-9.516,-3.983,1.017,0.982,2,14,0,0.178,0,0,0.116,2.692,0.349,0,0,0.199,-6.323,-9.300,0.930,0.368
455.0,-5.597,-9.087,-4.998,0.002,1.064,2,14,0,0.202,0,0,0.209,-5.360,-5.963,-4.302,0.698,1.046,2,14,0,0.172,0,0,0.198,-5.408,-12.052,-4.435,0.565,0.987,2,14,0,0.179,0,0,0.173,-2.600,-8.889,-4.484,0.516,1.025,2,14,0,0.177,0,0,0.197,-8.167,-9.174,-3.967,1.033,0.991,2,14,0,0.176,0,0,0.159,2.770,0.379,0,0,0.202,-5.413,-8.886,0.889,0.459
456.0,-4.694,-8.534,-4.995,0.005,1.101,2,14,0,0.161,0,0,0.162,-4.474,-5.473,-4.278,0.722,1.026,2,14,0,0.174,0,0,0.225,-4.574,-11.530,-4.425,0.575,1.002,2,14,0,0.174,0,0,0.138,-1.782,-8.396,-4.504,0.496,1.027,2,14,0,0.181,0,0,0.183,-7.265,-8.755,-3.917,1.083,1.008,2,14,0,0.183,0,0,0.251,2.796,0.468,0,0,0.183,-4.549,-8.384,0.838,0.545
457.0,-3.807,-7.898,-5.016,-0.016,1.110,2,14,0,0.165,0,0,0.154,-3.741,-4.804,-4.282,0.718,1.028,2,14,0,0.171,0,0,0.111,-3.801,-10.860,-4.436,0.564,1.017,2,14,0,0.184,0,0,0.053,-0.995,-7.727,-4.526,0.474,1.067,2,14,0,0.440,0,0,0.097,-6.466,-8.159,-3.969,1.031,1.041,2,14,0,0.182,0,0,0.236,2.859,0.453,0,0,0.440,-3.739,-7.798,0.780,0.626
458.0,-2.984,-7.170,-4.972,0.028,1.081,2,14,0,0.188,0,0,0.189,-2.933,-4.049,-4.276,0.724,1.038,2,14,0,0.173,0,0,0.137,-3.110,-10.153,-4.452,0.548,1.028,2,14,0,0.177,0,0,0.022,-0.170,-6.997,-4.492,0.508,1.073,2,14,0,0.211,0,0,0.122,-5.643,-7.411,-3.958,1.042,1.079,2,14,0,0.176,0,0,0.217,2.856,0.446,0,0,0.211,-2.992,-7.134,0.713,0.701
459.0,-2.289,-6.400,-5.062,-0.062,1.040,2,14,0,0.202,0,0,0.207,-2.200,-3.337,-4.240,0.760,0.998,2,14,0,0.178,0,0,0.194,-2.347,-9.392,-4.472,0.528,1.047,2,14,0,0.176,0,0,0.077,0.578,-6.219,-4.505,0.495,1.029,2,14,0,0.179,0,0,0.199,-4.968,-6.571,-3.951,1.049,1.076,2,14,0,0.178,0,0,0.173,2.906,0.387,0,0,0.202,-2.315,-6.398,0.640,0.769
460.0,-1.697,-5.652,-5.038,-0.038,0.988,2,14,0,0.185,0,0,0.207,-1.600,-2.508,-4.304,0.696,0.983,2,14,0,0.198,0,0,0.195,-1.689,-8.661,-4.428,0.572,1.007,2,14,0,0.171,0,0,0.128,1.190,-5.403,-4.492,0.508,0.988,2,14,0,0.215,0,0,0.215,-4.428,-5.626,-3.987,1.013,1.039,2,14,0,0.172,0,0,0.161,2.926,0.288,0,0,0.215,-1.715,-5.599,0.560,0.829
461.0,-1.231,-4.776,-5.016,-0.016,1.004,2,14,0,0.185,0,0,0.152,-1.169,-1.674,-4.304,0.696,0.963,2,14,0,0.148,0,0,0.107,-1.116,-7.873,-4.524,0.476,1.004,2,14,0,0.179,0,0,0.203,1.635,-4.566,-4.471,0.529,0.950,2,14,0,0.153,0,0,0.140,-3.946,-4.784,-3.931,1.069,0.971,2,14,0,0.173,0,0,0.121,2.924,0.254,0,0,0.185,-1.197,-4.744,0.474,0.880
462.0,-0.850,-3.831,-4.960,0.040,1.013,2,14,0,0.189,0,0,0.096,-0.790,-0.790,-4.276,0.724,0.978,2,14,0,0.175,0,0,0.058,-0.687,-6.921,-4.490,0.510,1.027,2,14,0,0.200,0,0,0.187,2.063,-3.756,-4.493,0.507,0.955,2,14,0,0.178,0,0,0.151,-3.548,-3.959,-3.980,1.020,0.950,2,14,0,0.177,0,0,0.051,2.874,0.249,0,0,0.200,-0.767,-3.842,0.384,0.923
463.0,-0.467,-2.895,-5.005,-0.005,1.010,2,14,0,0.191,0,0,0.141,-0.528,0.100,-4.224,0.776,0.998,2,14,0,0.173,0,0,0.071,-0.317,-5.979,-4.487,0.513,1.020,2,14,0,0.172,0,0,0.217,2.302,-2.788,-4.551,0.449,1.016,2,14,0,0.184,0,0,0.055,-3.157,-3.098,-3.964,1.036,0.960,2,14,0,0.171,0,0,0.109,2.808,0.336,0,0,0.191,-0.430,-2.901,0.290,0.957
464.0,-0.252,-1.897,-5.021,-0.021,1.010,2,14,0,0.203,0,0,0.117,-0.266,1.061,-4.235,0.765,1.046,2,14,0,0.171,0,0,0.079,-0.084,-5.011,-4.451,0.549,1.022,2,14,0,0.192,0,0,0.208,2.554,-1.801,-4.522,0.478,1.041,2,14,0,0.209,0,0,0.046,-2.908,-2.162,-3.947,1.053,1.000,2,14,0,0.174,0,0,0.135,2.851,0.363,0,0,0.209,-0.188,-1.931,0.193,0.981
465.0,-0.153,-0.906,-4.973,0.027,1.006,2,14,0,0.187,0,0,0.074,0.009,2.126,-4.274,0.726,1.082,2,14,0,0.200,0,0,0.127,0.013,-4.009,-4.461,0.539,1.047,2,14,0,0.175,0,0,0.160,2.814,-0.810,-4.567,0.433,1.049,2,14,0,0.218,0,0,0.163,-2.804,-1.125,-3.913,1.087,1.047,2,14,0,0.174,0,0,0.074,2.864,0.302,0,0,0.218,-0.044,-0.942,0.094,0.996
466.0,-0.073,0.088,-4.959,0.041,1.003,2,14,0,0.186,0,0,0.110,0.154,3.206,-4.322,0.678,1.053,2,14,0,0.173,0,0,0.243,-0.001,-2.965,-4.447,0.553,1.056,2,14,0,0.175,0,0,0.099,2.838,0.232,-4.527,0.473,1.049,2,14,0,0.188,0,0,0.143,-2.655,-0.100,-3.958,1.042,1.057,2,14,0,0.179,0,0,0.169,2.775,0.379,0,0,0.188,-0.000,0.057,-0.006,1.000
467.0,-0.143,1.044,-4.982,0.018,1.008,2,14,0,0.196,0,0,0.098,0.111,4.213,-4.294,0.706,1.012,2,14,0,0.174,0,0,0.257,-0.073,-1.936,-4.479,0.521,1.045,2,14,0,0.182,0,0,0.091,2.776,1.269,-4.540,0.460,1.036,2,14,0,0.177,0,0,0.145,-2.696,0.974,-4.003,0.997,1.054,2,14,0,0.182,0,0,0.194,2.735,0.369,0,0,0.196,-0.056,1.055,-0.106,0.994
468.0,-0.302,2.086,-4.976,0.024,1.058,2,14,0,0.196,0,0,0.097,-0.076,5.185,-4.303,0.697,1.022,2,14,0,0.183,0,0,0.224,-0.233,-0.894,-4.384,0.616,1.052,2,14,0,0.181,0,0,0.122,2.596,2.246,-4.513,0.487,1.032,2,14,0,0.178,0,0,0.120,-2.823,1.980,-4.002,0.998,1.056,2,14,0,0.211,0,0,0.226,2.704,0.393,0,0,0.211,-0.211,2.043,-0.204,0.979
469.0,-0.562,3.122,-5.051,-0.051,1.044,2,14,0,0.192,0,0,0.130,-0.381,6.168,-4.302,0.698,1.025,2,14,0,0.228,0,0,0.182,-0.475,0.076,-4.512,0.488,1.004,2,14,0,0.182,0,0,0.131,2.359,3.253,-4.551,0.449,1.030,2,14,0,0.184,0,0,0.150,-3.120,2.990,-3.974,1.026,1.040,2,14,0,0.177,0,0,0.209,2.779,0.344,0,0,0.228,-0.464,3.010,-0.301,0.954
470.0,-0.840,4.053,-5.063,-0.063,1.005,2,14,0,0.189,0,0,0.183,-0.810,7.110,-4.316,0.684,1.034,2,14,0,0.169,0,0,0.121,-0.774,0.969,-4.437,0.563,0.985,2,14,0,0.173,0,0,0.147,2.076,4.187,-4.523,0.477,1.020,2,14,0,0.185,0,0,0.209,-3.472,3.891,-3.936,1.064,1.016,2,14,0,0.174,0,0,0.186,2.868,0.344,0,0,0.189,-0.812,3.947,-0.395,0.919
471.0,-1.182,4.973,-4.990,0.010,1.005,2,14,0,0.194,0,0,0.279,-1.167,8.040,-4.295,0.705,1.014,2,14,0,0.200,0,0,0.203,-1.169,1.836,-4.373,0.627,1.001,2,14,0,0.172,0,0,0.182,1.608,5.103,-4.607,0.393,1.035,2,14,0,0.210,0,0,0.194,-3.962,4.821,-3.952,1.048,1.028,2,14,0,0.152,0,0,0.164,2.819,0.294,0,0,0.210,-1.252,4.844,-0.484,0.875
472.0,-1.797,5.847,-4.930,0.070,1.059,2,14,0,0.202,0,0,0.221,-1.786,8.877,-4.286,0.714,1.028,2,14,0,0.170,0,0,0.131,-1.717,2.743,-4.412,0.588,1.049,2,14,0,0.177,0,0,0.176,1.060,5.954,-4.523,0.477,1.053,2,14,0,0.202,0,0,0.177,-4.440,5.657,-3.931,1.069,1.023,2,14,0,0.208,0,0,0.196,2.832,0.341,0,0,0.208,-1.779,5.693,-0.569,0.822
473.0,-2.467,6.545,-4.960,0.040,1.055,2,14,0,0.193,0,0,0.116,-2.446,9.605,-4.269,0.731,1.025,2,14,0,0.172,0,0,0.051,-2.386,3.673,-4.441,0.559,1.075,2,14,0,0.176,0,0,0.240,0.372,6.660,-4.532,0.468,1.057,2,14,0,0.179,0,0,0.066,-5.191,6.466,-3.992,1.008,1.058,2,14,0,0.176,0,0,0.122,2.873,0.297,0,0,0.193,-2.388,6.486,-0.649,0.761
474.0,-3.233,7.254,-5.045,-0.045,1.081,2,14,0,0.183,0,0,0.042,-3.182,10.348,-4.225,0.775,1.026,2,14,0,0.172,0,0,0.073,-3.179,4.420,-4.444,0.556,1.045,2,14,0,0.177,0,0,0.240,-0.417,7.424,-4.458,0.542,1.073,2,14,0,0.184,0,0,0.071,-5.955,7.165,-3.981,1.019,1.026,2,14,0,0.175,0,0,0.106,2.881,0.403,0,0,0.184,-3.074,7.213,-0.721,0.693
475.0,-4.053,7.924,-5.029,-0.029,1.080,2,14,0,0.165,0,0,0.058,-3.950,10.988,-4.284,0.716,1.012,2,14,0,0.233,0,0,0.066,-3.983,5.028,-4.473,0.527,0.993,2,14,0,0.178,0,0,0.200,-1.089,8.131,-4.465,0.535,1.035,2,14,0,0.214,0,0,0.112,-6.766,7.782,-3.966,1.034,0.995,2,14,0,0.187,0,0,0.128,2.917,0.370,0,0,0.233,-3.829,7.869,-0.787,0.617
476.0,-4.890,8.531,-5.038,-0.038,1.045,2,14,0,0.188,0,0,0.103,-4.736,11.624,-4.242,0.758,0.996,2,14,0,0.178,0,0,0.107,-4.781,5.491,-4.426,0.574,0.950,2,14,0,0.214,0,0,0.090,-1.878,8.805,-4.521,0.479,1.035,2,14,0,0.275,0,0,0.217,-7.529,8.396,-3.915,1.085,0.971,2,14,0,0.188,0,0,0.113,2.871,0.429,0,0,0.275,-4.645,8.445,-0.845,0.535
477.0,-5.708,9.083,-4.984,0.016,0.994,2,14,0,0.241,0,0,0.141,-5.555,12.207,-4.351,0.649,0.990,2,14,0,0.147,0,0,0.199,-5.633,5.939,-4.460,0.540,0.975,2,14,0,0.193,0,0,0.040,-2.833,9.287,-4.513,0.487,1.029,2,14,0,0.152,0,0,0.197,-8.373,8.907,-3.975,1.025,0.956,2,14,0,0.196,0,0,0.120,2.855,0.472,0,0,0.241,-5.515,8.938,-0.894,0.449
478.0,-6.575,9.551,-5.000,0.000,0.983,2,14,0,0.188,0,0,0.209,-6.386,12.610,-4.338,0.662,0.984,2,14,0,0.284,0,0,0.228,-6.570,6.345,-4.500,0.500,0.987,2,14,0,0.178,0,0,0.060,-3.813,9.640,-4.510,0.490,1.007,2,14,0,0.177,0,0,0.168,-9.177,9.349,-3.978,1.022,0.969,2,14,0,0.175,0,0,0.171,2.802,0.486,0,0,0.284,-6.430,9.341,-0.934,0.357
479.0,-7.536,9.878,-5.014,-0.014,1.006,2,14,0,0.189,0,0,0.224,-7.375,12.873,-4.217,0.783,1.039,2,14,0,0.174,0,0,0.170,-7.384,6.683,-4.454,0.546,0.986,2,14,0,0.179,0,0,0.108,-4.749,9.918,-4.510,0.490,0.975,2,14,0,0.185,0,0,0.134,-10.192,9.642,-3.954,1.046,1.022,2,14,0,0.221,0,0,0.137,2.832,0.456,0,0,0.221,-7.380,9.651,-0.965,0.262
480.0,-8.521,10.019,-4.982,0.018,1.024,2,14,0,0.199,0,0,0.151,-8.460,13.071,-4.223,0.777,1.068,2,14,0,0.211,0,0,0.137,-8.347,6.954,-4.441,0.559,1.039,2,14,0,0.190,0,0,0.159,-5.775,10.178,-4.556,0.444,0.983,2,14,0,0.443,0,0,0.197,-11.226,9.844,-3.927,1.073,1.028,2,14,0,0.176,0,0,0.134,2.783,0.524,0,0,0.443,-8.357,9.864,-0.986,0.164
481.0,-9.540,10.131,-4.980,0.020,1.035,2,14,0,0.191,0,0,0.147,-9.519,13.205,-4.262,0.738,1.045,2,14,0,0.170,0,0,0.180,-9.384,7.152,-4.458,0.542,1.076,2,14,0,0.170,0,0,0.212,-6.779,10.323,-4.512,0.488,0.942,2,14,0,0.181,0,0,0.232,-12.115,9.888,-3.931,1.069,0.995,2,14,0,0.179,0,0,0.080,2.791,0.551,0,0,0.191,-9.350,9.979,-0.998,0.065
482.0,-10.598,10.108,-4.990,0.010,1.051,2,14,0,0.190,0,0,0.129,-10.548,13.200,-4.303,0.697,1.010,2,14,0,0.202,0,0,0.183,-10.510,7.115,-4.409,0.591,1.084,2,14,0,0.175,0,0,0.166,-7.649,10.332,-4.470,0.530,0.923,2,14,0,0.184,0,0,0.182,-13.140,9.947,-3.954,1.046,1.043,2,14,0,0.244,0,0,0.106,2.750,0.452,0,0,0.244,-10.349,9.994,-0.999,-0.035
483.0,-11.625,9.974,-4.957,0.043,1.020,2,14,0,0.196,0,0,0.110,-11.477,13.051,-4.329,0.671,0.976,2,14,0,0.170,0,0,0.095,-11.546,7.009,-4.447,0.553,1.052,2,14,0,0.174,0,0,0.172,-8.528,10.243,-4.490,0.510,0.984,2,14,0,0.178,0,0,0.213,-14.115,9.851,-3.915,1.085,1.062,2,14,0,0.183,0,0,0.103,2.702,0.381,0,0,0.196,-11.345,9.909,-0.991,-0.134
484.0,-12.624,9.786,-4.998,0.002,0.996,2,14,0,0.213,0,0,0.123,-12.407,12.860,-4.273,0.727,0.985,2,14,0,0.183,0,0,0.060,-12.562,6.829,-4.422,0.578,1.010,2,14,0,0.179,0,0,0.198,-9.462,9.979,-4.531,0.469,1.073,2,14,0,0.181,0,0,0.192,-15.199,9.719,-3.950,1.050,1.090,2,14,0,0.178,0,0,0.147,2.781,0.303,0,0,0.213,-12.328,9.725,-0.973,-0.233
485.0,-13.558,9.564,-4.974,0.026,0.975,2,14,0,0.188,0,0,0.144,-13.394,12.591,-4.317,0.683,1.012,2,14,0,0.180,0,0,0.078,-13.473,6.529,-4.433,0.567,0.986,2,14,0,0.181,0,0,0.149,-10.563,9.677,-4.536,0.464,1.147,2,14,0,0.180,0,0,0.080,-16.240,9.485,-3.924,1.076,1.063,2,14,0,0.178,0,0,0.227,2.881,0.361,0,0,0.188,-13.287,9.444,-0.944,-0.329
486.0,-14.389,9.209,-4.993,0.007,0.982,2,14,0,0.200,0,0,0.139,-14.424,12.238,-4.261,0.739,1.021,2,14,0,0.178,0,0,0.166,-14.396,6.159,-4.466,0.534,1.001,2,14,0,0.177,0,0,0.149,-11.653,9.282,-4.508,0.492,1.125,2,14,0,0.154,0,0,0.143,-17.158,9.124,-3.977,1.023,1.023,2,14,0,0.190,0,0,0.234,2.780,0.488,0,0,0.200,-14.213,9.069,-0.907,-0.421
487.0,-15.266,8.695,-4.960,0.040,1.036,2,14,0,0.188,0,0,0.093,-15.303,11.817,-4.292,0.708,0.994,2,14,0,0.172,0,0,0.191,-15.288,5.651,-4.491,0.509,1.014,2,14,0,0.179,0,0,0.126,-12.604,8.784,-4.508,0.492,1.051,2,14,0,0.180,0,0,0.208,-18.069,8.621,-4.034,0.966,1.041,2,14,0,0.182,0,0,0.220,2.701,0.537,0,0,0.188,-15.098,8.603,-0.860,-0.510
488.0,-16.179,8.146,-4.936,0.064,1.070,2,14,0,0.205,0,0,0.112,-16.172,11.248,-4.335,0.665,1.006,2,14,0,0.213,0,0,0.207,-16.106,5.051,-4.446,0.554,1.022,2,14,0,0.171,0,0,0.084,-13.426,8.187,-4.497,0.503,0.985,2,14,0,0.178,0,0,0.192,-18.811,8.022,-3.955,1.045,1.034,2,14,0,0.195,0,0,0.130,2.788,0.514,0,0,0.213,-15.931,8.051,-0.805,-0.593
489.0,-17.083,7.519,-4.991,0.009,1.058,2,14,0,0.314,0,0,0.218,-16.895,10.653,-4.277,0.723,0.995,2,14,0,0.170,0,0,0.196,-16.921,4.446,-4.470,0.530,0.997,2,14,0,0.271,0,0,0.133,-14.178,7.571,-4.520,0.480,0.955,2,14,0,0.182,0,0,0.173,-19.601,7.273,-3.913,1.087,1.067,2,14,0,0.322,0,0,0.073,2.751,0.497,0,0,0.322,-16.705,7.419,-0.742,-0.671
490.0,-17.791,6.822,-5.034,-0.034,1.025,2,14,0,0.189,0,0,0.224,-17.489,9.859,-4.271,0.729,1.035,2,14,0,0.254,0,0,0.072,-17.599,3.777,-4.496,0.504,1.002,2,14,0,0.376,0,0,0.129,-14.853,6.877,-4.531,0.469,0.948,2,14,0,0.198,0,0,0.141,-20.379,6.518,-4.020,0.980,1.035,2,14,0,0.182,0,0,0.152,2.796,0.470,0,0,0.376,-17.412,6.712,-0.671,-0.741
491.0,-18.379,6.003,-4.996,0.004,1.023,2,14,0,0.749,0,0,0.162,-18.152,9.029,-4.302,0.698,1.063,2,14,0,0.170,0,0,0.036,-18.182,2.944,-4.476,0.524,1.028,2,14,0,0.226,0,0,0.053,-15.538,6.131,-4.516,0.484,0.959,2,14,0,0.180,0,0,0.196,-21.021,5.748,-4.008,0.992,0.981,2,14,0,0.212,0,0,0.153,2.832,0.528,0,0,0.749,-18.045,5.939,-0.594,-0.805
492.0,-18.906,5.136,-5.006,-0.006,1.021,2,14,0,0.189,0,0,0.128,-18.789,8.184,-4.272,0.728,1.057,2,14,0,0.174,0,0,0.115,-18.746,2.081,-4.431,0.569,1.042,2,14,0,0.253,0,0,0.056,-16.029,5.337,-4.503,0.497,0.964,2,14,0,0.179,0,0,0.150,-21.583,4.992,-3.940,1.060,0.963,2,14,0,0.252,0,0,0.164,2.885,0.488,0,0,0.253,-18.598,5.106,-0.511,-0.860
493.0,-19.299,4.200,-5.000,0.000,1.021,2,14,0,0.186,0,0,0.053,-19.257,7.262,-4.255,0.745,1.027,2,14,0,0.172,0,0,0.123,-19.246,1.176,-4.406,0.594,1.035,2,14,0,0.181,0,0,0.092,-16.415,4.507,-4.524,0.476,0.998,2,14,0,0.181,0,0,0.135,-21.950,4.167,-3.937,1.063,0.970,2,14,0,0.180,0,0,0.109,2.856,0.451,0,0,0.186,-19.065,4.222,-0.422,-0.906
494.0,-19.726,3.291,-5.052,-0.052,1.024,2,14,0,0.190,0,0,0.101,-19.643,6.391,-4.207,0.793,0.988,2,14,0,0.172,0,0,0.128,-19.715,0.259,-4.420,0.580,1.014,2,14,0,0.274,0,0,0.180,-16.751,3.559,-4.473,0.527,1.067,2,14,0,0.183,0,0,0.105,-22.341,3.276,-3.947,1.053,1.023,2,14,0,0.227,0,0,0.147,2.840,0.406,0,0,0.274,-19.441,3.296,-0.330,-0.944
495.0,-20.040,2.323,-4.981,0.019,1.014,2,14,0,0.190,0,0,0.134,-19.975,5.426,-4.266,0.734,1.000,2,14,0,0.173,0,0,0.177,-20.049,-0.630,-4.485,0.515,0.991,2,14,0,0.175,0,0,0.236,-17.069,2.554,-4.490,0.510,1.089,2,14,0,0.212,0,0,0.078,-22.626,2.262,-3.965,1.035,1.078,2,14,0,0.173,0,0,0.107,2.779,0.408,0,0,0.212,-19.723,2.337,-0.234,-0.972
496.0,-20.231,1.363,-5.016,-0.016,1.001,2,14,0,0.222,0,0,0.142,-20.223,4.463,-4.244,0.756,1.002,2,14,0,0.206,0,0,0.240,-20.220,-1.567,-4.432,0.568,1.027,2,14,0,0.181,0,0,0.240,-17.359,1.534,-4.532,0.468,1.089,2,14,0,0.184,0,0,0.148,-22.828,1.218,-4.013,0.987,1.086,2,14,0,0.174,0,0,0.097,2.787,0.485,0,0,0.222,-19.908,1.355,-0.135,-0.991
497.0,-20.290,0.331,-5.018,-0.018,1.019,2,14,0,0.218,0,0,0.118,-20.238,3.476,-4.290,0.710,1.032,2,14,0,0.175,0,0,0.173,-20.244,-2.632,-4.441,0.559,1.084,2,14,0,0.176,0,0,0.156,-17.515,0.444,-4.529,0.471,1.077,2,14,0,0.180,0,0,0.229,-22.963,0.162,-3.956,1.044,1.069,2,14,0,0.175,0,0,0.155,2.821,0.528,0,0,0.218,-19.994,0.359,-0.036,-0.999
498.0,-20.299,-0.631,-4.955,0.045,1.016,2,14,0,0.187,0,0,0.140,-20.190,2.426,-4.233,0.767,1.067,2,14,0,0.222,0,0,0.135,-20.177,-3.733,-4.451,0.549,1.084,2,14,0,0.180,0,0,0.119,-17.469,-0.559,-4.518,0.482,1.029,2,14,0,0.176,0,0,0.201,-22.961,-0.888,-3.931,1.069,1.049,2,14,0,0.173,0,0,0.188,2.863,0.496,0,0,0.222,-19.979,-0.641,0.064,-0.998
499.0,-20.228,-1.662,-5.042,-0.042,1.046,2,14,0,0.189,0,0,0.184,-20.011,1.412,-4.252,0.748,1.057,2,14,0,0.172,0,0,0.076,-20.106,-4.798,-4.412,0.588,1.048,2,14,0,0.176,0,0,0.198,-17.263,-1.559,-4.570,0.430,1.023,2,14,0,0.182,0,0,0.126,-22.823,-1.923,-3.974,1.026,1.020,2,14,0,0.181,0,0,0.196,2.818,0.405,0,0,0.189,-19.866,-1.634,0.163,-0.987
500.0,-19.907,-2.742,-5.002,-0.002,1.057,2,14,0,0.185,0,0,0.155,-19.769,0.360,-4.265,0.735,1.056,2,14,0,0.171,0,0,0.112,-19.888,-5.765,-4.463,0.537,1.012,2,14,0,0.208,0,0,0.188,-17.022,-2.549,-4.475,0.525,1.011,2,14,0,0.174,0,0,0.116,-22.567,-2.877,-3.934,1.066,0.991,2,14,0,0.175,0,0,0.148,2.870,0.374,0,0,0.208,-19.653,-2.611,0.261,-0.965
501.0,-19.585,-3.717,-5.031,-0.031,1.020,2,14,0,0.195,0,0,0.165,-19.508,-0.659,-4.278,0.722,1.015,2,14,0,0.314,0,0,0.196,-19.493,-6.666,-4.416,0.584,1.003,2,14,0,0.178,0,0,0.099,-16.806,-3.474,-4.483,0.517,0.996,2,14,0,0.188,0,0,0.172,-22.195,-3.754,-3.970,1.030,0.977,2,14,0,0.180,0,0,0.054,2.817,0.469,0,0,0.314,-19.344,-3.561,0.356,-0.934
502.0,-19.110,-4.622,-4.988,0.012,0.976,2,14,0,0.192,0,0,0.151,-19.067,-1.542,-4.227,0.773,0.979,2,14,0,0.204,0,0,0.157,-19.005,-7.532,-4.473,0.527,0.993,2,14,0,0.210,0,0,0.053,-16.386,-4.437,-4.506,0.494,1.035,2,14,0,0.195,0,0,0.185,-21.855,-4.620,-3.980,1.020,0.986,2,14,0,0.294,0,0,0.089,2.773,0.446,0,0,0.294,-18.942,-4.476,0.448,-0.894
503.0,-18.639,-5.399,-4.919,0.081,0.953,2,14,0,0.200,0,0,0.052,-18.610,-2.337,-4.276,0.724,0.962,2,14,0,0.171,0,0,0.106,-18.595,-8.415,-4.460,0.540,0.995,2,14,0,0.173,0,0,0.062,-15.902,-5.298,-4.545,0.455,1.024,2,14,0,0.186,0,0,0.183,-21.350,-5.520,-3.980,1.020,1.029,2,14,0,0.214,0,0,0.081,2.764,0.454,0,0,0.214,-18.451,-5.347,0.535,-0.845
504.0,-18.135,-6.182,-5.027,-0.027,0.967,2,14,0,0.192,0,0,0.086,-18.001,-3.152,-4.255,0.745,1.001,2,14,0,0.180,0,0,0.082,-18.042,-9.281,-4.436,0.564,1.002,2,14,0,0.183,0,0,0.113,-15.301,-6.066,-4.543,0.457,1.034,2,14,0,0.198,0,0,0.135,-20.760,-6.359,-3.983,1.017,1.042,2,14,0,0.180,0,0,0.080,2.830,0.437,0,0,0.198,-17.875,-6.164,0.616,-0.787
505.0,-17.512,-6.947,-5.019,-0.019,1.014,2,14,0,0.197,0,0,0.120,-17.387,-3.923,-4.263,0.737,1.004,2,14,0,0.171,0,0,0.119,-17.452,-10.082,-4.437,0.563,1.000,2,14,0,0.536,0,0,0.187,-14.566,-6.837,-4.549,0.451,1.059,2,14,0,0.185,0,0,0.083,-20.143,-7.149,-3.975,1.025,1.034,2,14,0,0.192,0,0,0.131,2.837,0.356,0,0,0.536,-17.220,-6.919,0.692,-0.722
506.0,-16.813,-7.684,-4.965,0.035,1.047,2,14,0,0.194,0,0,0.162,-16.663,-4.639,-4.337,0.663,1.017,2,14,0,0.207,0,0,0.143,-16.744,-10.802,-4.498,0.502,1.005,2,14,0,0.250,0,0,0.227,-13.795,-7.554,-4.466,0.534,1.041,2,14,0,0.182,0,0,0.106,-19.432,-7.862,-3.941,1.059,1.049,2,14,0,0.185,0,0,0.161,2.819,0.329,0,0,0.250,-16.493,-7.605,0.761,-0.649
507.0,-16.014,-8.325,-4.968,0.032,1.074,2,14,0,0.206,0,0,0.174,-15.851,-5.225,-4.378,0.622,1.023,2,14,0,0.204,0,0,0.110,-15.871,-11.370,-4.510,0.490,1.038,2,14,0,0.176,0,0,0.145,-13.021,-8.170,-4.479,0.521,1.009,2,14,0,0.181,0,0,0.114,-18.612,-8.522,-3.932,1.068,1.060,2,14,0,0.490,0,0,0.183,2.804,0.331,0,0,0.490,-15.701,-8.215,0.822,-0.570
508.0,-15.134,-8.909,-5.041,-0.041,1.075,2,14,0,0.187,0,0,0.197,-14.951,-5.778,-4.301,0.699,1.044,2,14,0,0.175,0,0,0.111,-14.969,-11.875,-4.435,0.565,1.041,2,14,0,0.174,0,0,0.105,-12.115,-8.677,-4.473,0.527,1.009,2,14,0,0.175,0,0,0.093,-17.730,-9.048,-3.989,1.011,1.048,2,14,0,0.176,0,0,0.168,2.805,0.329,0,0,0.187,-14.853,-8.744,0.874,-0.485
509.0,-14.134,-9.379,-4.994,0.006,1.083,2,14,0,0.191,0,0,0.200,-13.999,-6.231,-4.302,0.698,1.040,2,14,0,0.174,0,0,0.127,-14.086,-12.323,-4.461,0.539,1.028,2,14,0,0.175,0,0,0.114,-11.159,-9.115,-4.523,0.477,0.997,2,14,0,0.183,0,0,0.135,-16.831,-9.526,-3.947,1.053,1.034,2,14,0,0.176,0,0,0.203,2.897,0.363,0,0,0.191,-13.956,-9.184,0.918,-0.396
510.0,-13.164,-9.716,-5.034,-0.034,1.044,2,14,0,0.187,0,0,0.187,-12.976,-6.619,-4.283,0.717,1.020,2,14,0,0.172,0,0,0.201,-13.122,-12.675,-4.429,0.571,1.042,2,14,0,0.181,0,0,0.113,-10.224,-9.436,-4.513,0.487,0.955,2,14,0,0.148,0,0,0.119,-15.839,-9.802,-3.934,1.066,1.044,2,14,0,0.175,0,0,0.122,2.894,0.324,0,0,0.187,-13.019,-9.533,0.953,-0.302
511.0,-12.182,-9.920,-5.015,-0.015,1.015,2,14,0,0.197,0,0,0.144,-12.098,-6.904,-4.266,0.734,0.963,2,14,0,0.185,0,0,0.196,-12.065,-12.890,-4.369,0.631,1.043,2,14,0,0.180,0,0,0.122,-9.332,-9.753,-4.532,0.468,0.945,2,14,0,0.184,0,0,0.123,-14.761,-10.072,-3.937,1.063,1.041,2,14,0,0.182,0,0,0.181,2.800,0.407,0,0,0.197,-12.052,-9.787,0.979,-0.205
512.0,-11.225,-10.013,-5.037,-0.037,0.992,2,14,0,0.191,0,0,0.076,-11.188,-7.005,-4.233,0.767,0.962,2,14,0,0.172,0,0,0.142,-10.972,-13.068,-4.497,0.503,1.003,2,14,0,0.181,0,0,0.224,-8.403,-9.953,-4.519,0.481,0.963,2,14,0,0.223,0,0,0.168,-13.757,-10.187,-3.946,1.054,0.979,2,14,0,0.178,0,0,0.165,2.763,0.393,0,0,0.223,-11.065,-9.943,0.994,-0.106
513.0,-10.178,-10.054,-5.029,-0.029,1.010,2,14,0,0.192,0,0,0.086,-10.223,-7.023,-4.245,0.755,1.017,2,14,0,0.190,0,0,0.124,-10.107,-13.182,-4.518,0.482,0.928,2,14,0,0.179,0,0,0.164,-7.460,-9.994,-4.533,0.467,1.001,2,14,0,0.213,0,0,0.175,-12.813,-10.210,-3.975,1.025,0.950,2,14,0,0.221,0,0,0.101,2.763,0.393,0,0,0.221,-10.067,-10.000,1.000,-0.007
514.0,-9.159,-10.026,-4.958,0.042,0.994,2,14,0,0.162,0,0,0.117,-9.168,-7.009,-4.232,0.768,1.061,2,14,0,0.172,0,0,0.128,-9.206,-13.155,-4.480,0.520,0.940,2,14,0,0.176,0,0,0.172,-6.496,-9.920,-4.508,0.492,1.066,2,14,0,0.152,0,0,0.170,-11.863,-10.183,-3.968,1.032,0.954,2,14,0,0.177,0,0,0.086,2.703,0.430,0,0,0.177,-9.068,-9.956,0.996,0.093
515.0,-8.225,-9.925,-5.029,-0.029,0.980,2,14,0,0.192,0,0,0.121,-8.110,-6.863,-4.256,0.744,1.072,2,14,0,0.210,0,0,0.131,-8.253,-12.973,-4.431,0.569,1.010,2,14,0,0.206,0,0,0.148,-5.350,-9.741,-4.479,0.521,1.116,2,14,0,0.225,0,0,0.089,-10.942,-10.053,-3.928,1.072,0.991,2,14,0,0.176,0,0,0.108,2.933,0.281,0,0,0.225,-8.079,-9.814,0.981,0.192
516.0,-7.195,-9.689,-5.025,-0.025,1.005,2,14,0,0.193,0,0,0.151,-7.033,-6.530,-4.283,0.717,1.061,2,14,0,0.173,0,0,0.158,-7.326,-12.782,-4.399,0.601,1.049,2,14,0,0.178,0,0,0.206,-4.266,-9.502,-4.504,0.496,1.082,2,14,0,0.215,0,0,0.170,-9.934,-9.826,-4.007,0.993,1.030,2,14,0,0.193,0,0,0.108,2.926,0.307,0,0,0.215,-7.109,-9.573,0.957,0.289
517.0,-6.233,-9.321,-4.962,0.038,1.009,2,14,0,0.189,0,0,0.146,-6.069,-6.188,-4.257,0.743,0.996,2,14,0,0.171,0,0,0.179,-6.228,-12.414,-4.473,0.527,1.123,2,14,0,0.152,0,0,0.152,-3.298,-9.179,-4.485,0.515,1.028,2,14,0,0.175,0,0,0.199,-8.949,-9.548,-3.955,1.045,1.051,2,14,0,0.209,0,0,0.172,2.905,0.381,0,0,0.209,-6.167,-9.236,0.924,0.383
518.0,-5.306,-8.879,-4.929,0.071,1.001,2,14,0,0.188,0,0,0.154,-5.205,-5.803,-4.259,0.741,0.957,2,14,0,0.174,0,0,0.155,-5.264,-11.910,-4.494,0.506,1.098,2,14,0,0.177,0,0,0.128,-2.392,-8.778,-4.535,0.465,0.982,2,14,0,0.195,0,0,0.216,-7.973,-9.064,-3.977,1.023,1.069,2,14,0,0.150,0,0,0.160,2.837,0.388,0,0,0.195,-5.265,-8.808,0.881,0.474
519.0,-4.447,-8.371,-4.950,0.050,0.986,2,14,0,0.195,0,0,0.163,-4.435,-5.307,-4.263,0.737,0.955,2,14,0,0.179,0,0,0.103,-4.300,-11.355,-4.428,0.572,1.057,2,14,0,0.177,0,0,0.219,-1.551,-8.327,-4.517,0.483,0.970,2,14,0,0.182,0,0,0.251,-7.091,-8.511,-3.967,1.033,1.048,2,14,0,0.198,0,0,0.160,2.824,0.387,0,0,0.198,-4.409,-8.291,0.829,0.559
520.0,-3.723,-7.767,-4.975,0.025,0.981,2,14,0,0.196,0,0,0.106,-3.654,-4.773,-4.242,0.758,0.995,2,14,0,0.177,0,0,0.156,-3.528,-10.729,-4.432,0.568,0.995,2,14,0,0.178,0,0,0.183,-0.871,-7.672,-4.491,0.509,1.010,2,14,0,0.179,0,0,0.141,-6.275,-7.920,-3.914,1.086,1.004,2,14,0,0.177,0,0,0.178,2.768,0.404,0,0,0.196,-3.609,-7.691,0.769,0.639
521.0,-3.030,-7.067,-4.972,0.028,1.012,2,14,0,0.275,0,0,0.062,-2.960,-4.137,-4.301,0.699,1.044,2,14,0,0.176,0,0,0.193,-2.791,-10.053,-4.462,0.538,0.965,2,14,0,0.176,0,0,0.183,-0.144,-6.891,-4.472,0.528,1.059,2,14,0,0.181,0,0,0.047,-5.628,-7.221,-3.945,1.055,1.002,2,14,0,0.178,0,0,0.091,2.798,0.320,0,0,0.275,-2.873,-7.015,0.701,0.713
522.0,-2.371,-6.298,-4.995,0.005,1.038,2,14,0,0.193,0,0,0.039,-2.237,-3.331,-4.313,0.687,1.107,2,14,0,0.334,0,0,0.144,-2.164,-9.345,-4.474,0.526,0.951,2,14,0,0.197,0,0,0.151,0.475,-6.085,-4.570,0.430,1.048,2,14,0,0.184,0,0,0.032,-4.924,-6.426,-3.977,1.023,1.019,2,14,0,0.220,0,0,0.105,2.751,0.366,0,0,0.334,-2.208,-6.268,0.627,0.779
523.0,-1.727,-5.490,-5.039,-0.039,1.036,2,14,0,0.192,0,0,0.084,-1.584,-2.463,-4.297,0.703,1.114,2,14,0,0.417,0,0,0.138,-1.623,-8.574,-4.509,0.491,0.971,2,14,0,0.184,0,0,0.128,1.119,-5.296,-4.564,0.436,1.042,2,14,0,0.179,0,0,0.045,-4.398,-5.606,-3.948,1.052,1.004,2,14,0,0.175,0,0,0.047,2.888,0.306,0,0,0.417,-1.622,-5.459,0.546,0.838
524.0,-1.221,-4.605,-5.066,-0.066,1.031,2,14,0,0.188,0,0,0.077,-0.986,-1.522,-4.261,0.739,1.092,2,14,0,0.172,0,0,0.209,-1.171,-7.725,-4.471,0.529,1.010,2,14,0,0.178,0,0,0.102,1.679,-4.475,-4.546,0.454,1.020,2,14,0,0.237,0,0,0.106,-3.820,-4.784,-3.964,1.036,1.008,2,14,0,0.173,0,0,0.129,2.829,0.353,0,0,0.237,-1.118,-4.595,0.460,0.888
525.0,-0.714,-3.723,-5.017,-0.017,1.024,2,14,0,0.190,0,0,0.174,-0.541,-0.546,-4.283,0.717,1.039,2,14,0,0.181,0,0,0.251,-0.717,-6.794,-4.509,0.491,1.053,2,14,0,0.177,0,0,0.112,2.189,-3.548,-4.478,0.522,1.023,2,14,0,0.180,0,0,0.195,-3.366,-3.830,-4.002,0.998,1.023,2,14,0,0.174,0,0,0.162,2.841,0.368,0,0,0.190,-0.704,-3.686,0.369,0.930
526.0,-0.309,-2.792,-4.942,0.058,1.023,2,14,0,0.200,0,0,0.261,-0.277,0.441,-4.247,0.753,0.984,2,14,0,0.173,0,0,0.214,-0.391,-5.784,-4.439,0.561,1.061,2,14,0,0.178,0,0,0.093,2.614,-2.562,-4.497,0.503,1.020,2,14,0,0.187,0,0,0.296,-3.024,-2.872,-3.952,1.048,1.018,2,14,0,0.218,0,0,0.182,2.891,0.383,0,0,0.218,-0.383,-2.739,0.274,0.962
527.0,-0.104,-1.791,-5.016,-0.016,1.041,2,14,0,0.168,0,0,0.237,-0.045,1.384,-4.295,0.705,0.950,2,14,0,0.207,0,0,0.205,-0.173,-4.785,-4.441,0.559,1.050,2,14,0,0.176,0,0,0.081,2.823,-1.579,-4.489,0.511,0.998,2,14,0,0.205,0,0,0.286,-2.764,-1.904,-3.947,1.053,1.006,2,14,0,0.180,0,0,0.216,2.869,0.417,0,0,0.207,-0.157,-1.766,0.177,0.984
528.0,-0.028,-0.724,-4.986,0.014,1.049,2,14,0,0.185,0,0,0.186,0.057,2.338,-4.344,0.656,0.957,2,14,0,0.215,0,0,0.170,-0.037,-3.780,-4.431,0.569,1.036,2,14,0,0.174,0,0,0.099,2.827,-0.578,-4.556,0.444,1.008,2,14,0,0.191,0,0,0.168,-2.687,-0.921,-3.913,1.087,1.014,2,14,0,0.179,0,0,0.166,2.874,0.373,0,0,0.215,-0.030,-0.774,0.077,0.997
529.0,-0.052,0.350,-5.016,-0.016,1.037,2,14,0,0.192,0,0,0.171,-0.034,3.260,-4.259,0.741,0.978,2,14,0,0.176,0,0,0.058,0.008,-2.761,-4.432,0.568,1.023,2,14,0,0.178,0,0,0.117,2.749,0.461,-4.500,0.500,1.009,2,14,0,0.220,0,0,0.097,-2.729,0.079,-3.964,1.036,1.028,2,14,0,0.175,0,0,0.097,2.850,0.343,0,0,0.220,-0.003,0.225,-0.023,1.000
530.0,-0.132,1.344,-5.038,-0.038,0.992,2,14,0,0.191,0,0,0.170,-0.163,4.264,-4.236,0.764,1.024,2,14,0,0.174,0,0,0.032,0.000,-1.769,-4.404,0.596,1.003,2,14,0,0.202,0,0,0.178,2.584,1.408,-4.537,0.463,0.985,2,14,0,0.188,0,0,0.053,-2.756,1.140,-3.975,1.025,1.027,2,14,0,0.177,0,0,0.156,2.762,0.389,0,0,0.202,-0.075,1.222,-0.122,0.993
531.0,-0.448,2.350,-4.979,0.021,0.992,2,14,0,0.187,0,0,0.132,-0.288,5.305,-4.260,0.740,1.055,2,14,0,0.210,0,0,0.043,-0.210,-0.795,-4.388,0.612,1.027,2,14,0,0.176,0,0,0.137,2.454,2.365,-4.477,0.523,1.000,2,14,0,0.177,0,0,0.008,-2.871,2.153,-4.014,0.986,1.031,2,14,0,0.175,0,0,0.219,2.616,0.380,0,0,0.210,-0.247,2.207,-0.221,0.975
532.0,-0.757,3.255,-4.964,0.036,0.956,2,14,0,0.227,0,0,0.093,-0.510,6.338,-4.285,0.715,1.039,2,14,0,0.174,0,0,0.125,-0.396,0.194,-4.425,0.575,1.025,2,14,0,0.182,0,0,0.223,2.286,3.331,-4.489,0.511,1.010,2,14,0,0.464,0,0,0.105,-3.226,3.138,-3.975,1.025,1.031,2,14,0,0.177,0,0,0.160,2.662,0.291,0,0,0.464,-0.516,3.170,-0.317,0.948
533.0,-1.007,4.164,-4.967,0.033,0.948,2,14,0,0.236,0,0,0.079,-0.722,7.284,-4.295,0.705,1.007,2,14,0,0.177,0,0,0.256,-0.811,1.205,-4.472,0.528,1.045,2,14,0,0.202,0,0,0.216,2.009,4.293,-4.582,0.418,1.037,2,14,0,0.186,0,0,0.192,-3.668,4.099,-3.921,1.079,1.016,2,14,0,0.177,0,0,0.148,2.861,0.242,0,0,0.236,-0.879,4.101,-0.410,0.912
534.0,-1.348,5.026,-4.965,0.035,0.974,2,14,0,0.187,0,0,0.170,-1.143,8.168,-4.272,0.728,1.006,2,14,0,0.170,0,0,0.286,-1.282,2.086,-4.467,0.533,1.033,2,14,0,0.174,0,0,0.197,1.646,5.236,-4.581,0.419,1.045,2,14,0,0.181,0,0,0.295,-4.193,4.941,-3.978,1.022,0.973,2,14,0,0.180,0,0,0.098,2.983,0.262,0,0,0.187,-1.334,4.991,-0.499,0.867
535.0,-1.876,5.911,-4.998,0.002,1.040,2,14,0,0.189,0,0,0.198,-1.798,9.008,-4.245,0.755,1.075,2,14,0,0.215,0,0,0.188,-1.901,2.897,-4.453,0.547,1.054,2,14,0,0.174,0,0,0.124,0.975,6.116,-4.480,0.520,1.107,2,14,0,0.211,0,0,0.205,-4.661,5.777,-3.935,1.065,0.971,2,14,0,0.177,0,0,0.099,2.905,0.322,0,0,0.215,-1.876,5.831,-0.583,0.812
536.0,-2.529,6.781,-5.033,-0.033,1.077,2,14,0,0.274,0,0,0.223,-2.565,9.825,-4.247,0.753,1.078,2,14,0,0.174,0,0,0.141,-2.551,3.639,-4.434,0.566,1.033,2,14,0,0.211,0,0,0.076,0.222,6.944,-4.506,0.494,1.092,2,14,0,0.180,0,0,0.179,-5.226,6.574,-3.900,1.100,0.981,2,14,0,0.177,0,0,0.143,2.805,0.433,0,0,0.274,-2.499,6.613,-0.661,0.750
537.0,-3.259,7.488,-5.021,-0.021,1.059,2,14,0,0.198,0,0,0.195,-3.331,10.480,-4.239,0.761,1.038,2,14,0,0.187,0,0,0.099,-3.254,4.290,-4.432,0.568,1.032,2,14,0,0.203,0,0,0.037,-0.528,7.630,-4.513,0.487,1.028,2,14,0,0.190,0,0,0.153,-5.923,7.314,-3.939,1.061,1.006,2,14,0,0.223,0,0,0.163,2.781,0.448,0,0,0.223,-3.196,7.329,-0.733,0.680
538.0,-4.132,8.089,-5.005,-0.005,1.063,2,14,0,0.622,0,0,0.113,-4.104,11.178,-4.286,0.714,1.002,2,14,0,0.208,0,0,0.150,-4.029,4.974,-4.407,0.593,1.063,2,14,0,0.177,0,0,0.044,-1.234,8.185,-4.462,0.538,0.981,2,14,0,0.207,0,0,0.067,-6.702,7.944,-3.975,1.025,1.026,2,14,0,0.179,0,0,0.144,2.773,0.346,0,0,0.622,-3.962,7.971,-0.797,0.604
539.0,-5.092,8.604,-4.998,0.002,1.036,2,14,0,0.186,0,0,0.139,-4.922,11.788,-4.275,0.725,0.974,2,14,0,0.205,0,0,0.191,-4.859,5.563,-4.489,0.511,1.055,2,14,0,0.185,0,0,0.064,-2.018,8.714,-4.467,0.533,1.008,2,14,0,0.179,0,0,0.073,-7.651,8.474,-3.968,1.032,1.049,2,14,0,0.177,0,0,0.088,2.762,0.312,0,0,0.205,-4.788,8.534,-0.853,0.521
540.0,-6.021,9.052,-5.007,-0.007,0.981,2,14,0,0.310,0,0,0.171,-5.761,12.273,-4.231,0.769,0.957,2,14,0,0.204,0,0,0.191,-5.694,6.073,-4.449,0.551,1.042,2,14,0,0.205,0,0,0.113,-2.873,9.230,-4.519,0.481,1.045,2,14,0,0.180,0,0,0.113,-8.537,8.882,-4.000,1.000,1.011,2,14,0,0.176,0,0,0.050,2.715,0.358,0,0,0.310,-5.666,9.012,-0.901,0.433
541.0,-6.791,9.444,-4.949,0.051,0.935,2,14,0,0.195,0,0,0.040,-6.643,12.623,-4.302,0.698,0.956,2,14,0,0.175,0,0,0.152,-6.713,6.540,-4.419,0.581,1.057,2,14,0,0.374,0,0,0.178,-3.888,9.657,-4.453,0.547,1.068,2,14,0,0.210,0,0,0.104,-9.366,9.212,-3.931,1.069,0.998,2,14,0,0.182,0,0,0.062,2.778,0.396,0,0,0.374,-6.587,9.400,-0.940,0.341
542.0,-7.684,9.818,-5.010,-0.010,0.960,2,14,0,0.192,0,0,0.126,-7.573,12.828,-4.269,0.731,0.983,2,14,0,0.175,0,0,0.076,-7.730,6.880,-4.442,0.558,1.016,2,14,0,0.184,0,0,0.237,-4.870,10.013,-4.489,0.511,1.052,2,14,0,0.181,0,0,0.162,-10.239,9.577,-3.971,1.029,1.039,2,14,0,0.174,0,0,0.130,2.769,0.458,0,0,0.192,-7.543,9.693,-0.969,0.246
543.0,-8.618,10.061,-5.027,-0.027,1.005,2,14,0,0.189,0,0,0.186,-8.495,12.969,-4.281,0.719,1.011,2,14,0,0.172,0,0,0.099,-8.680,7.083,-4.440,0.560,0.970,2,14,0,0.334,0,0,0.233,-5.892,10.227,-4.562,0.438,1.013,2,14,0,0.263,0,0,0.196,-11.305,9.902,-3.999,1.001,1.093,2,14,0,0.207,0,0,0.162,2.770,0.500,0,0,0.334,-8.523,9.890,-0.989,0.148
544.0,-9.619,10.170,-4.960,0.040,1.046,2,14,0,0.189,0,0,0.193,-9.485,13.135,-4.283,0.717,1.069,2,14,0,0.174,0,0,0.127,-9.633,7.140,-4.472,0.528,0.971,2,14,0,0.203,0,0,0.184,-6.897,10.317,-4.544,0.456,1.000,2,14,0,0.189,0,0,0.191,-12.364,10.128,-3.926,1.074,1.077,2,14,0,0.218,0,0,0.284,2.758,0.502,0,0,0.218,-9.517,9.988,-0.999,0.048
545.0,-10.666,10.202,-4.956,0.044,1.080,2,14,0,0.192,0,0,0.213,-10.535,13.174,-4.240,0.760,1.098,2,14,0,0.171,0,0,0.126,-10.578,7.087,-4.492,0.508,1.010,2,14,0,0.176,0,0,0.136,-7.904,10.286,-4.533,0.467,0.985,2,14,0,0.182,0,0,0.170,-13.480,10.166,-3.991,1.009,1.052,2,14,0,0.177,0,0,0.350,2.795,0.490,0,0,0.192,-10.517,9.987,-0.999,-0.052
546.0,-11.759,10.055,-4.947,0.053,1.096,2,14,0,0.166,0,0,0.177,-11.635,13.079,-4.251,0.749,1.099,2,14,0,0.173,0,0,0.129,-11.661,6.939,-4.446,0.554,1.060,2,14,0,0.221,0,0,0.104,-8.872,10.140,-4.549,0.451,0.981,2,14,0,0.312,0,0,0.119,-14.448,10.057,-3.965,1.035,1.009,2,14,0,0.179,0,0,0.336,2.862,0.442,0,0,0.312,-11.511,9.885,-0.989,-0.151
547.0,-12.778,9.794,-5.022,-0.022,1.065,2,14,0,0.189,0,0,0.145,-12.720,12.907,-4.278,0.722,1.068,2,14,0,0.276,0,0,0.212,-12.669,6.696,-4.459,0.541,1.034,2,14,0,0.188,0,0,0.100,-9.770,9.956,-4.494,0.506,0.990,2,14,0,0.177,0,0,0.116,-15.327,9.707,-3.995,1.005,1.028,2,14,0,0.177,0,0,0.168,2.749,0.389,0,0,0.276,-12.491,9.685,-0.968,-0.249
548.0,-13.817,9.425,-4.976,0.024,1.046,2,14,0,0.190,0,0,0.194,-13.755,12.631,-4.269,0.731,1.016,2,14,0,0.176,0,0,0.291,-13.671,6.374,-4.386,0.614,1.007,2,14,0,0.201,0,0,0.132,-10.681,9.629,-4.469,0.531,1.051,2,14,0,0.224,0,0,0.107,-16.274,9.255,-3.913,1.087,1.062,2,14,0,0.178,0,0,0.013,2.682,0.394,0,0,0.224,-13.445,9.388,-0.939,-0.345
549.0,-14.747,9.020,-4.991,0.009,0.974,2,14,0,0.189,0,0,0.201,-14.606,12.175,-4.275,0.725,0.973,2,14,0,0.178,0,0,0.199,-14.441,6.000,-4.455,0.545,0.969,2,14,0,0.218,0,0,0.036,-11.749,9.233,-4.476,0.524,1.097,2,14,0,0.174,0,0,0.116,-17.244,8.799,-3.922,1.078,1.063,2,14,0,0.297,0,0,0.068,2.725,0.451,0,0,0.297,-14.365,8.997,-0.900,-0.437
550.0,-15.541,8.602,-4.956,0.044,0.933,2,14,0,0.187,0,0,0.142,-15.444,11.686,-4.308,0.692,0.977,2,14,0,0.172,0,0,0.162,-15.264,5.543,-4.470,0.530,1.022,2,14,0,0.173,0,0,0.082,-12.728,8.716,-4.485,0.515,1.065,2,14,0,0.222,0,0,0.191,-18.162,8.307,-3.925,1.075,1.028,2,14,0,0.177,0,0,0.117,2.832,0.526,0,0,0.222,-15.242,8.516,-0.852,-0.524
551.0,-16.322,8.042,-4.995,0.005,0.965,2,14,0,0.286,0,0,0.116,-16.203,11.107,-4.295,0.705,0.982,2,14,0,0.172,0,0,0.104,-16.249,5.080,-4.455,0.545,1.071,2,14,0,0.184,0,0,0.178,-13.561,8.185,-4.541,0.459,0.991,2,14,0,0.187,0,0,0.208,-19.059,7.808,-3.942,1.058,0.987,2,14,0,0.185,0,0,0.171,2.802,0.548,0,0,0.286,-16.066,7.950,-0.795,-0.607
552.0,-17.004,7.428,-5.004,-0.004,0.995,2,14,0,0.195,0,0,0.118,-16.986,10.435,-4.283,0.717,1.026,2,14,0,0.233,0,0,0.097,-17.092,4.453,-4.423,0.577,1.075,2,14,0,0.194,0,0,0.244,-14.306,7.543,-4.544,0.456,0.982,2,14,0,0.303,0,0,0.196,-19.853,7.237,-3.970,1.030,0.953,2,14,0,0.194,0,0,0.215,2.739,0.533,0,0,0.303,-16.829,7.305,-0.731,-0.683
553.0,-17.755,6.678,-5.015,-0.015,1.058,2,14,0,0.202,0,0,0.100,-17.730,9.726,-4.266,0.734,1.022,2,14,0,0.173,0,0,0.148,-17.824,3.675,-4.438,0.562,1.073,2,14,0,0.188,0,0,0.233,-14.931,6.832,-4.492,0.508,0.981,2,14,0,0.180,0,0,0.138,-20.522,6.517,-3.990,1.010,0.964,2,14,0,0.226,0,0,0.189,2.876,0.475,0,0,0.226,-17.524,6.587,-0.659,-0.752
554.0,-18.432,5.834,-4.968,0.032,1.072,2,14,0,0.207,0,0,0.106,-18.335,8.906,-4.223,0.777,1.024,2,14,0,0.174,0,0,0.123,-18.445,2.857,-4.480,0.520,1.048,2,14,0,0.177,0,0,0.223,-15.492,6.105,-4.512,0.488,1.015,2,14,0,0.183,0,0,0.152,-21.048,5.777,-3.915,1.085,0.965,2,14,0,0.188,0,0,0.144,2.821,0.461,0,0,0.207,-18.144,5.803,-0.580,-0.814
555.0,-19.011,4.992,-4.998,0.002,1.051,2,14,0,0.191,0,0,0.148,-18.895,8.052,-4.278,0.722,1.014,2,14,0,0.171,0,0,0.140,-18.943,1.970,-4.524,0.476,1.031,2,14,0,0.182,0,0,0.171,-16.095,5.226,-4.506,0.494,1.073,2,14,0,0.184,0,0,0.156,-21.537,4.928,-3.972,1.028,1.023,2,14,0,0.175,0,0,0.117,2.727,0.491,0,0,0.191,-18.683,4.961,-0.496,-0.868
556.0,-19.471,4.127,-4.996,0.004,1.035,2,14,0,0.191,0,0,0.165,-19.337,7.168,-4.260,0.740,1.005,2,14,0,0.175,0,0,0.129,-19.342,1.087,-4.512,0.488,1.022,2,14,0,0.176,0,0,0.123,-16.562,4.251,-4.522,0.478,1.082,2,14,0,0.187,0,0,0.129,-21.955,3.988,-4.009,0.991,1.065,2,14,0,0.228,0,0,0.064,2.676,0.465,0,0,0.228,-19.135,4.069,-0.407,-0.913
557.0,-19.854,3.176,-5.091,-0.091,1.035,2,14,0,0.264,0,0,0.180,-19.707,6.259,-4.257,0.743,1.002,2,14,0,0.167,0,0,0.143,-19.659,0.070,-4.466,0.534,1.045,2,14,0,0.184,0,0,0.084,-16.877,3.232,-4.483,0.517,1.061,2,14,0,0.186,0,0,0.101,-22.342,3.016,-3.972,1.028,1.082,2,14,0,0.182,0,0,0.034,2.733,0.394,0,0,0.264,-19.495,3.137,-0.314,-0.950
558.0,-20.108,2.237,-5.019,-0.019,1.045,2,14,0,0.196,0,0,0.176,-19.903,5.279,-4.246,0.754,1.029,2,14,0,0.172,0,0,0.072,-19.939,-0.927,-4.438,0.562,1.021,2,14,0,0.178,0,0,0.110,-17.142,2.222,-4.482,0.518,1.030,2,14,0,0.455,0,0,0.134,-22.708,2.029,-3.951,1.049,1.079,2,14,0,0.223,0,0,0.124,2.819,0.384,0,0,0.455,-19.761,2.173,-0.217,-0.976
559.0,-20.220,1.220,-5.028,-0.028,1.051,2,14,0,0.189,0,0,0.114,-20.107,4.260,-4.294,0.706,1.037,2,14,0,0.247,0,0,0.102,-20.118,-1.910,-4.424,0.576,0.992,2,14,0,0.542,0,0,0.117,-17.350,1.194,-4.540,0.460,0.987,2,14,0,0.177,0,0,0.185,-22.935,0.984,-3.968,1.032,1.051,2,14,0,0.173,0,0,0.192,2.911,0.421,0,0,0.542,-19.929,1.188,-0.119,-0.993
560.0,-20.280,0.143,-5.053,-0.053,1.075,2,14,0,0.190,0,0,0.114,-20.172,3.211,-4.321,0.679,1.046,2,14,0,0.172,0,0,0.112,-20.148,-2.882,-4.423,0.577,0.977,2,14,0,0.206,0,0,0.071,-17.488,0.246,-4.480,0.520,0.946,2,14,0,0.178,0,0,0.213,-23.061,-0.048,-3.961,1.039,1.025,2,14,0,0.174,0,0,0.257,2.851,0.493,0,0,0.206,-19.998,0.191,-0.019,-1.000
561.0,-20.198,-0.942,-5.022,-0.022,1.039,2,14,0,0.190,0,0,0.147,-20.148,2.126,-4.302,0.698,1.029,2,14,0,0.171,0,0,0.176,-20.156,-3.800,-4.441,0.559,0.985,2,14,0,0.218,0,0,0.096,-17.469,-0.708,-4.532,0.468,0.943,2,14,0,0.178,0,0,0.207,-22.961,-1.023,-3.958,1.042,1.005,2,14,0,0.171,0,0,0.184,2.782,0.511,0,0,0.218,-19.967,-0.808,0.081,-0.997
562.0,-20.115,-1.933,-5.023,-0.023,0.986,2,14,0,0.192,0,0,0.169,-20.074,1.172,-4.351,0.649,0.976,2,14,0,0.201,0,0,0.192,-20.051,-4.758,-4.472,0.528,1.029,2,14,0,0.223,0,0,0.136,-17.260,-1.654,-4.514,0.486,0.970,2,14,0,0.177,0,0,0.121,-22.809,-2.005,-3.939,1.061,1.004,2,14,0,0.175,0,0,0.160,2.879,0.448,0,0,0.223,-19.837,-1.799,0.180,-0.984
563.0,-19.896,-2.893,-4.941,0.059,0.964,2,14,0,0.192,0,0,0.160,-19.862,0.265,-4.356,0.644,0.981,2,14,0,0.174,0,0,0.182,-19.867,-5.796,-4.499,0.501,1.073,2,14,0,0.175,0,0,0.157,-16.998,-2.590,-4.537,0.463,1.009,2,14,0,0.177,0,0,0.090,-22.524,-2.915,-3.966,1.034,1.015,2,14,0,0.175,0,0,0.093,2.803,0.431,0,0,0.192,-19.608,-2.772,0.277,-0.961
564.0,-19.559,-3.781,-4.919,0.081,0.959,2,14,0,0.190,0,0,0.115,-19.519,-0.618,-4.280,0.720,1.013,2,14,0,0.147,0,0,0.162,-19.544,-6.825,-4.501,0.499,1.084,2,14,0,0.232,0,0,0.182,-16.667,-3.553,-4.507,0.493,1.051,2,14,0,0.182,0,0,0.081,-22.115,-3.854,-3.928,1.072,1.037,2,14,0,0.176,0,0,0.012,2.743,0.418,0,0,0.232,-19.283,-3.718,0.372,-0.928
565.0,-19.152,-4.589,-4.988,0.012,0.988,2,14,0,0.191,0,0,0.110,-19.060,-1.591,-4.307,0.693,1.072,2,14,0,0.202,0,0,0.123,-19.125,-7.803,-4.452,0.548,1.066,2,14,0,0.178,0,0,0.220,-16.196,-4.532,-4.545,0.455,1.071,2,14,0,0.184,0,0,0.068,-21.671,-4.791,-3.954,1.046,1.041,2,14,0,0.271,0,0,0.027,2.730,0.343,0,0,0.271,-18.866,-4.626,0.463,-0.887
566.0,-18.714,-5.442,-5.023,-0.023,1.044,2,14,0,0.192,0,0,0.178,-18.483,-2.530,-4.282,0.718,1.068,2,14,0,0.171,0,0,0.127,-18.564,-8.684,-4.451,0.549,1.038,2,14,0,0.206,0,0,0.199,-15.656,-5.501,-4.545,0.455,1.045,2,14,0,0.180,0,0,0.170,-21.252,-5.728,-3.901,1.099,1.030,2,14,0,0.181,0,0,0.117,2.789,0.357,0,0,0.206,-18.360,-5.488,0.549,-0.836
567.0,-18.033,-6.302,-5.015,-0.015,1.110,2,14,0,0.197,0,0,0.083,-17.851,-3.332,-4.259,0.741,1.025,2,14,0,0.310,0,0,0.114,-17.921,-9.460,-4.473,0.527,1.017,2,14,0,0.178,0,0,0.147,-15.131,-6.318,-4.515,0.485,0.976,2,14,0,0.182,0,0,0.189,-20.702,-6.606,-3.966,1.034,1.025,2,14,0,0.183,0,0,0.195,2.884,0.362,0,0,0.310,-17.770,-6.295,0.630,-0.777
568.0,-17.291,-7.151,-5.046,-0.046,1.108,2,14,0,0.197,0,0,0.111,-17.182,-4.121,-4.273,0.727,1.005,2,14,0,0.173,0,0,0.152,-17.243,-10.179,-4.468,0.532,1.009,2,14,0,0.174,0,0,0.120,-14.507,-7.012,-4.516,0.484,0.969,2,14,0,0.278,0,0,0.163,-20.010,-7.346,-4.022,0.978,1.015,2,14,0,0.207,0,0,0.180,2.838,0.405,0,0,0.278,-17.103,-7.039,0.704,-0.710
569.0,-16.541,-7.930,-5.038,-0.038,1.047,2,14,0,0.202,0,0,0.216,-16.447,-4.788,-4.260,0.740,0.973,2,14,0,0.173,0,0,0.152,-16.473,-10.831,-4.382,0.618,1.008,2,14,0,0.175,0,0,0.096,-13.811,-7.660,-4.494,0.506,0.996,2,14,0,0.177,0,0,0.177,-19.276,-8.017,-3.962,1.038,1.014,2,14,0,0.184,0,0,0.181,2.797,0.450,0,0,0.202,-16.364,-7.713,0.771,-0.636
570.0,-15.807,-8.497,-4.988,0.012,0.984,2,14,0,0.441,0,0,0.201,-15.686,-5.313,-4.287,0.713,0.967,2,14,0,0.174,0,0,0.090,-15.653,-11.398,-4.356,0.644,1.006,2,14,0,0.184,0,0,0.066,-13.042,-8.226,-4.428,0.572,1.040,2,14,0,0.190,0,0,0.189,-18.486,-8.591,-3.935,1.065,1.013,2,14,0,0.176,0,0,0.169,2.834,0.487,0,0,0.441,-15.563,-8.310,0.831,-0.556
571.0,-14.986,-8.927,-5.005,-0.005,1.005,2,14,0,0.196,0,0,0.150,-14.791,-5.815,-4.308,0.692,0.996,2,14,0,0.456,0,0,0.069,-14.782,-11.906,-4.433,0.567,1.005,2,14,0,0.177,0,0,0.065,-12.063,-8.739,-4.507,0.493,1.093,2,14,0,0.184,0,0,0.090,-17.627,-9.031,-3.999,1.001,1.033,2,14,0,0.184,0,0,0.116,2.828,0.368,0,0,0.456,-14.705,-8.824,0.882,-0.471
572.0,-14.060,-9.337,-5.063,-0.063,1.037,2,14,0,0.196,0,0,0.123,-13.970,-6.234,-4.264,0.736,0.993,2,14,0,0.171,0,0,0.108,-13.842,-12.379,-4.463,0.537,1.002,2,14,0,0.175,0,0,0.116,-11.090,-9.138,-4.480,0.520,1.069,2,14,0,0.236,0,0,0.047,-16.661,-9.442,-3.962,1.038,1.065,2,14,0,0.278,0,0,0.060,2.827,0.310,0,0,0.278,-13.801,-9.250,0.925,-0.380
573.0,-13.111,-9.724,-4.904,0.096,1.071,2,14,0,0.223,0,0,0.163,-13.058,-6.567,-4.254,0.746,1.032,2,14,0,0.175,0,0,0.135,-12.976,-12.775,-4.456,0.544,0.970,2,14,0,0.228,0,0,0.163,-10.130,-9.523,-4.522,0.478,1.039,2,14,0,0.203,0,0,0.102,-15.611,-9.831,-3.941,1.059,1.066,2,14,0,0.180,0,0,0.125,2.681,0.351,0,0,0.228,-12.858,-9.583,0.958,-0.286
574.0,-11.962,-10.021,-4.934,0.066,1.087,2,14,0,0.192,0,0,0.232,-12.050,-6.872,-4.254,0.746,1.077,2,14,0,0.201,0,0,0.150,-12.023,-13.035,-4.471,0.529,0.992,2,14,0,0.185,0,0,0.188,-9.101,-9.826,-4.561,0.439,1.020,2,14,0,0.178,0,0,0.185,-14.649,-10.065,-3.950,1.050,1.000,2,14,0,0.176,0,0,0.117,2.861,0.342,0,0,0.201,-11.887,-9.820,0.982,-0.189
575.0,-10.904,-10.096,-4.967,0.033,1.015,2,14,0,0.191,0,0,0.224,-10.970,-7.077,-4.283,0.717,1.099,2,14,0,0.169,0,0,0.190,-11.067,-13.107,-4.480,0.520,1.004,2,14,0,0.184,0,0,0.138,-8.075,-10.010,-4.572,0.428,0.981,2,14,0,0.175,0,0,0.241,-13.727,-10.196,-3.957,1.043,0.992,2,14,0,0.178,0,0,0.091,2.858,0.291,0,0,0.191,-10.898,-9.960,0.996,-0.090
576.0,-9.962,-10.071,-4.952,0.048,0.954,2,14,0,0.194,0,0,0.135,-9.875,-7.165,-4.319,0.681,1.072,2,14,0,0.540,0,0,0.259,-10.074,-13.161,-4.475,0.525,1.044,2,14,0,0.235,0,0,0.147,-7.161,-10.071,-4.553,0.447,0.944,2,14,0,0.190,0,0,0.230,-12.718,-10.272,-3.947,1.053,1.016,2,14,0,0.174,0,0,0.127,2.829,0.327,0,0,0.540,-9.899,-9.999,1.000,0.010
577.0,-9.075,-9.996,-5.006,-0.006,0.943,2,14,0,0.229,0,0,0.063,-8.753,-7.078,-4.261,0.739,1.039,2,14,0,0.171,0,0,0.312,-9.058,-13.126,-4.460,0.540,1.076,2,14,0,0.174,0,0,0.163,-6.259,-9.992,-4.501,0.499,0.990,2,14,0,0.184,0,0,0.214,-11.647,-10.294,-4.018,0.982,1.028,2,14,0,0.179,0,0,0.224,2.771,0.437,0,0,0.229,-8.901,-9.939,0.994,0.110
578.0,-8.111,-9.871,-5.073,-0.073,0.994,2,14,0,0.190,0,0,0.100,-7.772,-6.843,-4.282,0.718,0.976,2,14,0,0.379,0,0,0.262,-7.956,-12.943,-4.404,0.596,1.090,2,14,0,0.173,0,0,0.145,-5.232,-9.780,-4.549,0.451,1.060,2,14,0,0.155,0,0,0.159,-10.668,-10.105,-3.990,1.010,1.016,2,14,0,0.178,0,0,0.192,2.787,0.407,0,0,0.379,-7.914,-9.780,0.978,0.209
579.0,-7.126,-9.647,-5.016,-0.016,1.022,2,14,0,0.228,0,0,0.131,-6.948,-6.516,-4.294,0.706,0.931,2,14,0,0.171,0,0,0.105,-6.930,-12.632,-4.456,0.544,1.066,2,14,0,0.180,0,0,0.148,-4.120,-9.463,-4.507,0.493,1.085,2,14,0,0.261,0,0,0.164,-9.735,-9.797,-3.976,1.024,1.023,2,14,0,0.183,0,0,0.134,2.813,0.347,0,0,0.261,-6.948,-9.523,0.952,0.305
580.0,-6.154,-9.309,-5.004,-0.004,1.057,2,14,0,0.182,0,0,0.149,-6.124,-6.141,-4.323,0.677,0.956,2,14,0,0.171,0,0,0.053,-5.908,-12.235,-4.478,0.522,1.023,2,14,0,0.205,0,0,0.210,-3.189,-9.001,-4.460,0.540,1.037,2,14,0,0.178,0,0,0.131,-8.863,-9.369,-3.938,1.062,1.026,2,14,0,0.174,0,0,0.059,2.912,0.249,0,0,0.205,-6.013,-9.171,0.917,0.399
581.0,-5.217,-8.830,-5.034,-0.034,1.067,2,14,0,0.191,0,0,0.135,-5.208,-5.654,-4.323,0.677,1.019,2,14,0,0.172,0,0,0.014,-5.019,-11.772,-4.449,0.551,0.971,2,14,0,0.180,0,0,0.201,-2.321,-8.462,-4.523,0.477,0.989,2,14,0,0.183,0,0,0.152,-7.943,-8.913,-4.001,0.999,1.058,2,14,0,0.213,0,0,0.041,2.917,0.334,0,0,0.213,-5.117,-8.727,0.873,0.488
582.0,-4.363,-8.299,-5.046,-0.046,1.056,2,14,0,0.195,0,0,0.138,-4.283,-5.194,-4.283,0.717,1.028,2,14,0,0.170,0,0,0.095,-4.272,-11.269,-4.458,0.542,0.935,2,14,0,0.204,0,0,0.112,-1.484,-7.988,-4.476,0.524,0.950,2,14,0,0.177,0,0,0.108,-6.981,-8.452,-3.936,1.064,1.057,2,14,0,0.193,0,0,0.159,2.847,0.387,0,0,0.204,-4.270,-8.196,0.820,0.573
583.0,-3.560,-7.636,-4.952,0.048,1.050,2,14,0,0.187,0,0,0.117,-3.514,-4.584,-4.233,0.767,1.023,2,14,0,0.176,0,0,0.085,-3.524,-10.672,-4.456,0.544,0.954,2,14,0,0.175,0,0,0.079,-0.704,-7.478,-4.487,0.513,0.939,2,14,0,0.181,0,0,0.096,-6.136,-7.874,-3.903,1.097,1.037,2,14,0,0.180,0,0,0.222,2.792,0.451,0,0,0.187,-3.481,-7.583,0.758,0.652
584.0,-2.767,-6.919,-4.971,0.029,1.032,2,14,0,0.192,0,0,0.173,-2.805,-3.948,-4.188,0.812,1.036,2,14,0,0.191,0,0,0.129,-2.715,-10.050,-4.429,0.571,0.990,2,14,0,0.181,0,0,0.185,-0.010,-6.933,-4.558,0.442,0.965,2,14,0,0.183,0,0,0.197,-5.428,-7.152,-3.888,1.112,1.032,2,14,0,0.181,0,0,0.189,2.788,0.418,0,0,0.192,-2.756,-6.894,0.689,0.724
585.0,-2.146,-6.191,-4.986,0.014,0.998,2,14,0,0.316,0,0,0.152,-2.012,-3.159,-4.265,0.735,1.076,2,14,0,0.172,0,0,0.193,-2.035,-9.283,-4.486,0.514,1.010,2,14,0,0.175,0,0,0.205,0.641,-6.152,-4.475,0.525,1.042,2,14,0,0.179,0,0,0.176,-4.837,-6.284,-3.940,1.060,1.034,2,14,0,0.176,0,0,0.091,2.833,0.305,0,0,0.316,-2.104,-6.136,0.614,0.790
586.0,-1.567,-5.323,-4.998,0.002,1.014,2,14,0,0.194,0,0,0.145,-1.396,-2.304,-4.295,0.705,1.054,2,14,0,0.174,0,0,0.221,-1.537,-8.390,-4.439,0.561,1.023,2,14,0,0.175,0,0,0.103,1.226,-5.293,-4.486,0.514,1.080,2,14,0,0.182,0,0,0.142,-4.247,-5.375,-3.962,1.038,1.028,2,14,0,0.216,0,0,0.130,2.840,0.290,0,0,0.216,-1.531,-5.318,0.532,0.847
587.0,-1.059,-4.479,-5.022,-0.022,0.999,2,14,0,0.217,0,0,0.167,-0.922,-1.387,-4.279,0.721,1.038,2,14,0,0.220,0,0,0.200,-1.113,-7.538,-4.396,0.604,1.026,2,14,0,0.217,0,0,0.061,1.763,-4.334,-4.529,0.471,1.103,2,14,0,0.178,0,0,0.115,-3.766,-4.489,-3.978,1.022,0.981,2,14,0,0.182,0,0,0.143,2.868,0.280,0,0,0.220,-1.042,-4.445,0.445,0.896
588.0,-0.671,-3.552,-5.026,-0.026,1.007,2,14,0,0.254,0,0,0.154,-0.595,-0.470,-4.262,0.738,1.010,2,14,0,0.174,0,0,0.127,-0.703,-6.618,-4.481,0.519,1.046,2,14,0,0.178,0,0,0.063,2.245,-3.350,-4.546,0.454,1.074,2,14,0,0.182,0,0,0.194,-3.333,-3.628,-3.898,1.102,0.957,2,14,0,0.176,0,0,0.141,2.892,0.326,0,0,0.254,-0.643,-3.529,0.353,0.936
589.0,-0.422,-2.551,-5.015,-0.015,1.027,2,14,0,0.191,0,0,0.096,-0.395,0.486,-4.228,0.772,1.011,2,14,0,0.171,0,0,0.021,-0.340,-5.631,-4.446,0.554,1.056,2,14,0,0.180,0,0,0.099,2.569,-2.392,-4.547,0.453,1.029,2,14,0,0.191,0,0,0.209,-2.927,-2.727,-3.914,1.086,0.955,2,14,0,0.177,0,0,0.234,2.742,0.437,0,0,0.191,-0.338,-2.577,0.258,0.966
590.0,-0.206,-1.568,-5.017,-0.017,1.025,2,14,0,0.193,0,0,0.107,-0.090,1.469,-4.247,0.753,1.025,2,14,0,0.178,0,0,0.114,-0.043,-4.615,-4.418,0.582,1.049,2,14,0,0.176,0,0,0.183,2.774,-1.444,-4.527,0.473,1.000,2,14,0,0.182,0,0,0.209,-2.743,-1.783,-4.021,0.979,0.972,2,14,0,0.187,0,0,0.212,2.734,0.427,0,0,0.193,-0.129,-1.600,0.160,0.987
591.0,-0.083,-0.522,-4.996,0.004,1.012,2,14,0,0.189,0,0,0.140,0.082,2.496,-4.289,0.711,1.032,2,14,0,0.174,0,0,0.178,0.094,-3.593,-4.409,0.591,1.031,2,14,0,0.314,0,0,0.215,2.866,-0.430,-4.549,0.451,1.023,2,14,0,0.175,0,0,0.190,-2.658,-0.810,-4.024,0.976,1.011,2,14,0,0.239,0,0,0.196,2.767,0.414,0,0,0.314,-0.018,-0.606,0.061,0.998
592.0,-0.077,0.473,-5.012,-0.012,0.989,2,14,0,0.190,0,0,0.134,0.118,3.500,-4.251,0.749,1.024,2,14,0,0.255,0,0,0.205,0.103,-2.566,-4.485,0.515,1.012,2,14,0,0.229,0,0,0.220,2.815,0.602,-4.438,0.562,1.022,2,14,0,0.174,0,0,0.139,-2.759,0.176,-4.031,0.969,1.051,2,14,0,0.177,0,0,0.109,2.872,0.330,0,0,0.255,-0.008,0.393,-0.039,0.999
593.0,-0.158,1.492,-4.978,0.022,0.985,2,14,0,0.194,0,0,0.155,-0.005,4.547,-4.309,0.691,1.036,2,14,0,0.174,0,0,0.190,-0.018,-1.553,-4.515,0.485,1.004,2,14,0,0.177,0,0,0.201,2.672,1.631,-4.521,0.479,1.011,2,14,0,0.214,0,0,0.116,-2.864,1.240,-3.930,1.070,1.084,2,14,0,0.152,0,0,0.058,2.870,0.335,0,0,0.214,-0.097,1.389,-0.139,0.990
594.0,-0.301,2.382,-5.011,-0.011,0.982,2,14,0,0.189,0,0,0.167,-0.190,5.510,-4.235,0.765,1.037,2,14,0,0.171,0,0,0.183,-0.265,-0.591,-4.447,0.553,1.021,2,14,0,0.178,0,0,0.139,2.480,2.622,-4.509,0.491,1.008,2,14,0,0.177,0,0,0.114,-3.038,2.284,-3.936,1.064,1.080,2,14,0,0.174,0,0,0.092,2.835,0.345,0,0,0.189,-0.285,2.371,-0.237,0.971
595.0,-0.565,3.358,-4.962,0.038,1.045,2,14,0,0.165,0,0,0.190,-0.483,6.530,-4.277,0.723,1.041,2,14,0,0.171,0,0,0.208,-0.621,0.392,-4.412,0.588,1.024,2,14,0,0.180,0,0,0.108,2.253,3.515,-4.497,0.503,0.986,2,14,0,0.175,0,0,0.129,-3.340,3.355,-3.975,1.025,1.054,2,14,0,0.176,0,0,0.180,2.861,0.257,0,0,0.180,-0.570,3.329,-0.333,0.943
596.0,-0.905,4.263,-4.987,0.013,1.037,2,14,0,0.226,0,0,0.225,-0.896,7.422,-4.268,0.732,1.009,2,14,0,0.177,0,0,0.162,-1.016,1.321,-4.407,0.593,1.002,2,14,0,0.178,0,0,0.106,1.880,4.368,-4.581,0.419,1.005,2,14,0,0.210,0,0,0.134,-3.656,4.293,-4.023,0.977,0.981,2,14,0,0.202,0,0,0.218,2.817,0.296,0,0,0.226,-0.950,4.253,-0.425,0.905
597.0,-1.359,5.174,-5.016,-0.016,1.084,2,14,0,0.202,0,0,0.244,-1.309,8.210,-4.253,0.747,0.992,2,14,0,0.177,0,0,0.183,-1.429,2.172,-4.459,0.541,0.984,2,14,0,0.180,0,0,0.111,1.416,5.281,-4.513,0.487,1.051,2,14,0,0.208,0,0,0.137,-4.046,5.152,-4.039,0.961,0.953,2,14,0,0.168,0,0,0.255,2.823,0.374,0,0,0.208,-1.419,5.136,-0.514,0.858
598.0,-1.980,6.087,-4.989,0.011,1.119,2,14,0,0.229,0,0,0.210,-1.930,9.057,-4.299,0.701,1.081,2,14,0,0.179,0,0,0.121,-2.023,2.992,-4.410,0.590,1.020,2,14,0,0.150,0,0,0.075,0.764,6.188,-4.479,0.521,1.095,2,14,0,0.209,0,0,0.080,-4.532,5.932,-3.929,1.071,0.993,2,14,0,0.181,0,0,0.288,2.768,0.444,0,0,0.229,-1.975,5.967,-0.597,0.802
599.0,-2.843,6.898,-4.949,0.051,1.120,2,14,0,0.193,0,0,0.163,-2.658,9.890,-4.262,0.738,1.101,2,14,0,0.172,0,0,0.085,-2.640,3.818,-4.404,0.596,1.020,2,14,0,0.179,0,0,0.132,0.121,7.010,-4.497,0.503,1.049,2,14,0,0.222,0,0,0.124,-5.239,6.684,-3.930,1.070,1.067,2,14,0,0.181,0,0,0.218,2.612,0.382,0,0,0.222,-2.611,6.738,-0.674,0.739
600.0,-3.652,7.633,-4.953,0.047,1.038,2,14,0,0.195,0,0,0.232,-3.495,10.583,-4.272,0.728,1.070,2,14,0,0.152,0,0,0.121,-3.310,4.472,-4.407,0.593,1.010,2,14,0,0.441,0,0,0.120,-0.591,7.783,-4.471,0.529,1.025,2,14,0,0.190,0,0,0.190,-6.076,7.338,-3.970,1.030,1.112,2,14,0,0.177,0,0,0.080,2.633,0.436,0,0,0.441,-3.320,7.442,-0.744,0.668
601.0,-4.478,8.258,-5.090,-0.090,0.955,2,14,0,0.197,0,0,0.263,-4.333,11.307,-4.289,0.711,1.012,2,14,0,0.177,0,0,0.231,-4.096,5.089,-4.475,0.525,1.040,2,14,0,0.212,0,0,0.107,-1.341,8.444,-4.594,0.406,0.998,2,14,0,0.182,0,0,0.226,-7.032,7.940,-3.925,1.075,1.100,2,14,0,0.214,0,0,0.105,2.825,0.445,0,0,0.214,-4.097,8.072,-0.807,0.590
602.0,-5.238,8.751,-5.022,-0.022,0.883,2,14,0,0.200,0,0,0.170,-5.114,11.912,-4.270,0.730,0.936,2,14,0,0.174,0,0,0.246,-4.968,5.623,-4.408,0.592,1.064,2,14,0,0.188,0,0,0.065,-2.241,8.960,-4.532,0.468,1.002,2,14,0,0.180,0,0,0.188,-7.928,8.504,-3.959,1.041,1.046,2,14,0,0.181,0,0,0.175,2.902,0.459,0,0,0.200,-4.932,8.621,-0.862,0.507
603.0,-6.052,9.143,-4.980,0.020,0.879,2,14,0,0.203,0,0,0.069,-5.877,12.368,-4.330,0.670,0.903,2,14,0,0.173,0,0,0.213,-5.889,6.194,-4.403,0.597,1.076,2,14,0,0.211,0,0,0.143,-3.061,9.366,-4.501,0.499,0.988,2,14,0,0.183,0,0,0.142,-8.798,9.079,-3.956,1.044,0.980,2,14,0,0.177,0,0,0.211,2.932,0.373,0,0,0.211,-5.818,9.084,-0.908,0.418
604.0,-6.807,9.460,-4.946,0.054,0.915,2,14,0,0.225,0,0,0.120,-6.725,12.662,-4.276,0.724,0.942,2,14,0,0.209,0,0,0.164,-6.936,6.622,-4.479,0.521,1.061,2,14,0,0.188,0,0,0.219,-4.009,9.717,-4.505,0.495,1.012,2,14,0,0.404,0,0,0.113,-9.662,9.571,-3.929,1.071,0.919,2,14,0,0.174,0,0,0.276,2.844,0.371,0,0,0.404,-6.746,9.456,-0.946,0.325
605.0,-7.633,9.816,-4.980,0.020,1.005,2,14,0,0.185,0,0,0.265,-7.698,12.896,-4.237,0.763,1.002,2,14,0,0.182,0,0,0.120,-7.958,6.890,-4.496,0.504,0.995,2,14,0,0.179,0,0,0.244,-5.052,9.978,-4.516,0.484,1.032,2,14,0,0.176,0,0,0.102,-10.490,9.838,-3.971,1.029,0.904,2,14,0,0.183,0,0,0.253,2.628,0.423,0,0,0.185,-7.706,9.733,-0.973,0.229
606.0,-8.701,10.091,-4.997,0.003,1.123,2,14,0,0.226,0,0,0.246,-8.674,13.064,-4.318,0.682,1.053,2,14,0,0.208,0,0,0.125,-8.945,7.027,-4.390,0.610,0.930,2,14,0,0.175,0,0,0.221,-6.134,10.109,-4.457,0.543,1.012,2,14,0,0.178,0,0,0.152,-11.324,10.003,-4.019,0.981,0.956,2,14,0,0.177,0,0,0.306,2.623,0.486,0,0,0.226,-8.689,9.914,-0.991,0.131
607.0,-9.880,10.206,-5.042,-0.042,1.154,2,14,0,0.195,0,0,0.206,-9.710,13.134,-4.278,0.722,1.071,2,14,0,0.176,0,0,0.080,-9.763,7.094,-4.465,0.535,0.920,2,14,0,0.180,0,0,0.131,-7.090,10.194,-4.457,0.543,0.963,2,14,0,0.180,0,0,0.115,-12.385,9.981,-3.944,1.056,1.084,2,14,0,0.181,0,0,0.181,2.744,0.451,0,0,0.195,-9.685,9.995,-1.000,0.031
608.0,-11.074,10.173,-5.063,-0.063,1.104,2,14,0,0.193,0,0,0.283,-10.728,13.150,-4.334,0.666,1.082,2,14,0,0.174,0,0,0.104,-10.767,7.082,-4.482,0.518,0.979,2,14,0,0.203,0,0,0.135,-7.999,10.228,-4.456,0.544,0.947,2,14,0,0.181,0,0,0.096,-13.503,9.935,-3.985,1.015,1.125,2,14,0,0.183,0,0,0.104,2.668,0.436,0,0,0.203,-10.685,9.977,-0.998,-0.068
609.0,-12.122,10.046,-5.059,-0.059,1.005,2,14,0,0.188,0,0,0.321,-11.872,13.080,-4.264,0.736,1.082,2,14,0,0.168,0,0,0.189,-11.767,7.008,-4.464,0.536,1.008,2,14,0,0.174,0,0,0.179,-8.910,10.175,-4.504,0.496,0.979,2,14,0,0.177,0,0,0.171,-14.580,9.770,-3.986,1.014,1.102,2,14,0,0.178,0,0,0.097,2.696,0.483,0,0,0.188,-11.677,9.858,-0.986,-0.168
610.0,-13.046,9.735,-4.993,0.007,0.954,2,14,0,0.214,0,0,0.224,-12.878,12.885,-4.296,0.704,1.038,2,14,0,0.172,0,0,0.226,-12.722,6.784,-4.459,0.541,1.049,2,14,0,0.206,0,0,0.170,-9.882,9.989,-4.553,0.447,1.045,2,14,0,0.188,0,0,0.203,-15.555,9.516,-3.941,1.059,1.062,2,14,0,0.218,0,0,0.081,2.730,0.416,0,0,0.218,-12.653,9.642,-0.964,-0.265
611.0,-13.889,9.348,-4.981,0.019,0.917,2,14,0,0.192,0,0,0.101,-13.870,12.601,-4.203,0.797,1.015,2,14,0,0.176,0,0,0.277,-13.731,6.446,-4.426,0.574,1.076,2,14,0,0.178,0,0,0.151,-10.851,9.670,-4.525,0.475,1.103,2,14,0,0.186,0,0,0.198,-16.560,9.218,-3.959,1.041,1.020,2,14,0,0.180,0,0,0.139,2.863,0.422,0,0,0.192,-13.603,9.329,-0.933,-0.360
612.0,-14.699,8.959,-4.988,0.012,0.931,2,14,0,0.222,0,0,0.032,-14.774,12.096,-4.312,0.688,1.003,2,14,0,0.173,0,0,0.212,-14.664,5.968,-4.431,0.569,1.075,2,14,0,0.183,0,0,0.092,-11.918,9.249,-4.559,0.441,1.139,2,14,0,0.152,0,0,0.198,-17.501,8.882,-3.917,1.083,0.986,2,14,0,0.183,0,0,0.193,2.829,0.518,0,0,0.222,-14.516,8.922,-0.892,-0.452
613.0,-15.535,8.528,-4.918,0.082,0.992,2,14,0,0.192,0,0,0.101,-15.511,11.500,-4.301,0.699,0.977,2,14,0,0.173,0,0,0.057,-15.567,5.438,-4.472,0.528,1.060,2,14,0,0.180,0,0,0.097,-12.880,8.707,-4.466,0.534,1.098,2,14,0,0.439,0,0,0.230,-18.358,8.412,-3.920,1.080,0.972,2,14,0,0.239,0,0,0.197,2.700,0.569,0,0,0.439,-15.384,8.427,-0.843,-0.538
614.0,-16.354,7.938,-4.945,0.055,1.040,2,14,0,0.208,0,0,0.096,-16.241,10.908,-4.306,0.694,0.986,2,14,0,0.204,0,0,0.032,-16.441,4.824,-4.448,0.552,1.041,2,14,0,0.178,0,0,0.154,-13.770,8.055,-4.536,0.464,1.047,2,14,0,0.186,0,0,0.276,-19.080,7.827,-3.981,1.019,0.984,2,14,0,0.182,0,0,0.137,2.618,0.608,0,0,0.208,-16.198,7.847,-0.785,-0.620
615.0,-17.148,7.247,-5.010,-0.010,1.071,2,14,0,0.191,0,0,0.059,-17.077,10.301,-4.286,0.714,1.013,2,14,0,0.174,0,0,0.059,-17.224,4.225,-4.520,0.480,0.998,2,14,0,0.179,0,0,0.193,-14.521,7.353,-4.544,0.456,0.981,2,14,0,0.189,0,0,0.271,-19.818,7.120,-3.991,1.009,1.035,2,14,0,0.186,0,0,0.088,2.671,0.593,0,0,0.191,-16.951,7.189,-0.719,-0.695
616.0,-17.835,6.508,-5.035,-0.035,1.070,2,14,0,0.195,0,0,0.053,-17.844,9.657,-4.245,0.755,1.020,2,14,0,0.171,0,0,0.179,-17.874,3.493,-4.459,0.541,0.989,2,14,0,0.179,0,0,0.157,-15.111,6.618,-4.535,0.465,0.940,2,14,0,0.179,0,0,0.180,-20.581,6.383,-3.968,1.032,1.043,2,14,0,0.464,0,0,0.142,2.771,0.503,0,0,0.464,-17.634,6.459,-0.646,-0.763
617.0,-18.577,5.699,-5.018,-0.018,1.072,2,14,0,0.351,0,0,0.158,-18.451,8.860,-4.257,0.743,1.024,2,14,0,0.179,0,0,0.181,-18.434,2.709,-4.479,0.521,1.001,2,14,0,0.178,0,0,0.122,-15.548,5.790,-4.554,0.446,0.953,2,14,0,0.187,0,0,0.034,-21.199,5.584,-3.951,1.049,1.032,2,14,0,0.179,0,0,0.150,2.833,0.338,0,0,0.351,-18.241,5.665,-0.567,-0.824
618.0,-19.194,4.858,-5.001,-0.001,1.028,2,14,0,0.200,0,0,0.251,-18.946,8.010,-4.392,0.608,1.038,2,14,0,0.173,0,0,0.160,-18.931,1.814,-4.488,0.512,1.022,2,14,0,0.201,0,0,0.074,-15.980,4.941,-4.444,0.556,0.978,2,14,0,0.418,0,0,0.091,-21.713,4.753,-3.956,1.044,1.026,2,14,0,0.176,0,0,0.152,2.730,0.431,0,0,0.418,-18.765,4.814,-0.481,-0.876
619.0,-19.682,3.934,-5.001,-0.001,1.014,2,14,0,0.192,0,0,0.296,-19.395,7.019,-4.329,0.671,1.076,2,14,0,0.173,0,0,0.122,-19.442,0.933,-4.482,0.518,1.032,2,14,0,0.190,0,0,0.151,-16.513,4.135,-4.494,0.506,1.009,2,14,0,0.184,0,0,0.060,-22.132,3.843,-3.977,1.023,1.048,2,14,0,0.178,0,0,0.130,2.658,0.480,0,0,0.192,-19.202,3.915,-0.391,-0.920
620.0,-20.035,2.992,-5.016,-0.016,1.003,2,14,0,0.333,0,0,0.307,-19.768,6.012,-4.268,0.732,1.054,2,14,0,0.191,0,0,0.153,-19.769,0.025,-4.412,0.588,1.026,2,14,0,0.178,0,0,0.148,-16.976,3.222,-4.449,0.551,1.038,2,14,0,0.187,0,0,0.157,-22.485,2.847,-3.947,1.053,1.052,2,14,0,0.181,0,0,0.116,2.676,0.494,0,0,0.333,-19.547,2.977,-0.298,-0.955
621.0,-20.148,2.024,-4.989,0.011,1.016,2,14,0,0.197,0,0,0.171,-20.024,5.015,-4.299,0.701,1.025,2,14,0,0.174,0,0,0.167,-20.011,-1.006,-4.400,0.600,1.057,2,14,0,0.359,0,0,0.117,-17.238,2.235,-4.530,0.470,1.050,2,14,0,0.188,0,0,0.155,-22.762,1.867,-3.932,1.068,1.041,2,14,0,0.182,0,0,0.143,2.825,0.497,0,0,0.359,-19.796,2.009,-0.201,-0.980
622.0,-20.169,1.025,-5.006,-0.006,1.027,2,14,0,0.184,0,0,0.041,-20.159,4.052,-4.267,0.733,0.991,2,14,0,0.175,0,0,0.144,-20.164,-2.040,-4.362,0.638,1.047,2,14,0,0.245,0,0,0.124,-17.478,1.209,-4.538,0.462,1.070,2,14,0,0.186,0,0,0.229,-22.883,0.824,-3.954,1.046,1.041,2,14,0,0.175,0,0,0.123,2.738,0.563,0,0,0.245,-19.948,1.021,-0.102,-0.995
623.0,-20.171,0.021,-4.985,0.015,1.034,2,14,0,0.193,0,0,0.012,-20.200,3.102,-4.313,0.687,0.986,2,14,0,0.180,0,0,0.125,-20.268,-3.097,-4.448,0.552,1.040,2,14,0,0.207,0,0,0.195,-17.555,0.167,-4.466,0.534,1.065,2,14,0,0.161,0,0,0.253,-22.884,-0.256,-3.927,1.073,1.027,2,14,0,0.179,0,0,0.138,2.671,0.574,0,0,0.207,-20.000,0.023,-0.002,-1.000
624.0,-20.077,-1.031,-4.943,0.057,1.039,2,14,0,0.192,0,0,0.082,-20.077,2.106,-4.306,0.694,1.015,2,14,0,0.172,0,0,0.049,-20.144,-4.108,-4.483,0.517,1.013,2,14,0,0.214,0,0,0.142,-17.409,-0.925,-4.489,0.511,1.068,2,14,0,0.180,0,0,0.188,-22.894,-1.221,-3.928,1.072,0.975,2,14,0,0.176,0,0,0.150,2.709,0.460,0,0,0.214,-19.952,-0.976,0.098,-0.995
625.0,-20.031,-1.968,-4.968,0.032,0.997,2,14,0,0.229,0,0,0.045,-19.960,1.106,-4.263,0.737,1.031,2,14,0,0.178,0,0,0.077,-19.950,-5.043,-4.437,0.563,0.999,2,14,0,0.186,0,0,0.070,-17.233,-1.892,-4.527,0.473,1.019,2,14,0,0.181,0,0,0.152,-22.776,-2.171,-3.989,1.011,0.980,2,14,0,0.211,0,0,0.157,2.833,0.434,0,0,0.229,-19.805,-1.965,0.196,-0.981
626.0,-19.815,-2.936,-5.038,-0.038,1.025,2,14,0,0.192,0,0,0.077,-19.757,0.042,-4.241,0.759,1.050,2,14,0,0.174,0,0,0.158,-19.710,-5.992,-4.448,0.552,1.000,2,14,0,0.183,0,0,0.062,-16.944,-2.848,-4.492,0.508,1.026,2,14,0,0.180,0,0,0.110,-22.566,-3.113,-3.972,1.028,0.996,2,14,0,0.179,0,0,0.186,2.924,0.393,0,0,0.192,-19.560,-2.934,0.293,-0.956
627.0,-19.521,-3.919,-5.058,-0.058,1.038,2,14,0,0.195,0,0,0.130,-19.405,-0.922,-4.262,0.738,1.023,2,14,0,0.169,0,0,0.165,-19.437,-6.929,-4.447,0.553,0.999,2,14,0,0.228,0,0,0.120,-16.482,-3.822,-4.540,0.460,1.016,2,14,0,0.177,0,0,0.107,-22.207,-4.047,-3.946,1.054,1.034,2,14,0,0.176,0,0,0.167,2.910,0.305,0,0,0.228,-19.219,-3.873,0.387,-0.922
628.0,-19.112,-4.830,-5.020,-0.020,1.038,2,14,0,0.197,0,0,0.157,-19.019,-1.834,-4.226,0.774,1.012,2,14,0,0.204,0,0,0.208,-19.012,-7.814,-4.440,0.560,1.025,2,14,0,0.192,0,0,0.128,-16.068,-4.719,-4.527,0.473,0.983,2,14,0,0.230,0,0,0.107,-21.652,-4.962,-4.023,0.977,1.058,2,14,0,0.229,0,0,0.058,2.732,0.331,0,0,0.230,-18.787,-4.774,0.477,-0.879
629.0,-18.532,-5.715,-4.998,0.002,1.054,2,14,0,0.210,0,0,0.126,-18.497,-2.676,-4.230,0.770,1.012,2,14,0,0.175,0,0,0.198,-18.468,-8.745,-4.398,0.602,1.058,2,14,0,0.176,0,0,0.135,-15.596,-5.583,-4.499,0.501,0.967,2,14,0,0.180,0,0,0.116,-21.113,-5.849,-3.968,1.032,1.039,2,14,0,0.186,0,0,0.074,2.782,0.333,0,0,0.210,-18.266,-5.628,0.563,-0.827
630.0,-17.960,-6.562,-4.993,0.007,1.034,2,14,0,0.195,0,0,0.181,-17.849,-3.451,-4.248,0.752,1.032,2,14,0,0.173,0,0,0.151,-17.920,-9.594,-4.441,0.559,1.041,2,14,0,0.153,0,0,0.212,-15.046,-6.453,-4.527,0.473,0.975,2,14,0,0.182,0,0,0.201,-20.491,-6.700,-3.988,1.012,1.026,2,14,0,0.182,0,0,0.130,2.727,0.384,0,0,0.195,-17.663,-6.425,0.642,-0.766
631.0,-17.282,-7.284,-5.016,-0.016,1.031,2,14,0,0.193,0,0,0.176,-17.055,-4.136,-4.260,0.740,1.053,2,14,0,0.209,0,0,0.056,-17.233,-10.349,-4.520,0.480,1.050,2,14,0,0.183,0,0,0.223,-14.445,-7.170,-4.456,0.544,0.959,2,14,0,0.249,0,0,0.231,-19.793,-7.476,-3.917,1.083,0.989,2,14,0,0.222,0,0,0.173,2.748,0.462,0,0,0.249,-16.983,-7.158,0.716,-0.698
632.0,-16.540,-7.947,-5.019,-0.019,1.051,2,14,0,0.202,0,0,0.182,-16.228,-4.819,-4.305,0.695,1.031,2,14,0,0.414,0,0,0.114,-16.393,-10.975,-4.514,0.486,1.057,2,14,0,0.188,0,0,0.142,-13.695,-7.844,-4.443,0.557,1.002,2,14,0,0.188,0,0,0.240,-19.091,-8.131,-3.946,1.054,0.959,2,14,0,0.184,0,0,0.170,2.774,0.462,0,0,0.414,-16.234,-7.819,0.782,-0.623
633.0,-15.707,-8.530,-5.000,-0.000,1.058,2,14,0,0.191,0,0,0.170,-15.477,-5.402,-4.322,0.678,0.987,2,14,0,0.177,0,0,0.081,-15.514,-11.520,-4.438,0.562,1.047,2,14,0,0.185,0,0,0.089,-12.841,-8.371,-4.566,0.434,1.036,2,14,0,0.184,0,0,0.172,-18.369,-8.684,-3.965,1.035,0.970,2,14,0,0.180,0,0,0.184,2.860,0.420,0,0,0.191,-15.422,-8.402,0.840,-0.542
634.0,-14.732,-8.993,-5.006,-0.006,1.073,2,14,0,0.194,0,0,0.096,-14.682,-5.900,-4.342,0.658,0.982,2,14,0,0.179,0,0,0.087,-14.668,-12.033,-4.460,0.540,1.009,2,14,0,0.182,0,0,0.104,-11.928,-8.762,-4.456,0.544,1.058,2,14,0,0.180,0,0,0.071,-17.475,-9.160,-4.019,0.981,1.020,2,14,0,0.180,0,0,0.150,2.867,0.397,0,0,0.194,-14.556,-8.902,0.890,-0.456
635.0,-13.762,-9.412,-4.996,0.004,1.034,2,14,0,0.197,0,0,0.117,-13.861,-6.317,-4.251,0.749,1.006,2,14,0,0.207,0,0,0.157,-13.771,-12.431,-4.444,0.556,1.012,2,14,0,0.246,0,0,0.095,-10.913,-9.151,-4.475,0.525,1.061,2,14,0,0.342,0,0,0.038,-16.526,-9.590,-3.990,1.010,1.049,2,14,0,0.185,0,0,0.145,2.908,0.313,0,0,0.342,-13.645,-9.312,0.931,-0.364
636.0,-12.821,-9.735,-5.053,-0.053,0.992,2,14,0,0.200,0,0,0.119,-12.864,-6.662,-4.273,0.727,1.067,2,14,0,0.151,0,0,0.140,-12.748,-12.781,-4.428,0.572,1.021,2,14,0,0.581,0,0,0.137,-10.030,-9.517,-4.538,0.462,1.022,2,14,0,0.153,0,0,0.050,-15.555,-9.879,-3.950,1.050,1.057,2,14,0,0.187,0,0,0.110,2.847,0.351,0,0,0.581,-12.697,-9.630,0.963,-0.270
637.0,-11.805,-9.974,-5.027,-0.027,0.987,2,14,0,0.194,0,0,0.155,-11.826,-6.893,-4.269,0.731,1.072,2,14,0,0.219,0,0,0.119,-11.756,-13.033,-4.445,0.555,0.998,2,14,0,0.265,0,0,0.167,-9.056,-9.778,-4.535,0.465,1.039,2,14,0,0.157,0,0,0.090,-14.446,-10.129,-3.949,1.051,1.062,2,14,0,0.182,0,0,0.166,2.800,0.392,0,0,0.265,-11.722,-9.851,0.985,-0.172
638.0,-10.895,-10.089,-4.989,0.011,0.971,2,14,0,0.287,0,0,0.120,-10.820,-7.085,-4.265,0.735,1.066,2,14,0,0.176,0,0,0.185,-10.799,-13.143,-4.470,0.530,0.981,2,14,0,0.178,0,0,0.144,-7.987,-9.933,-4.492,0.508,1.046,2,14,0,0.208,0,0,0.121,-13.415,-10.232,-3.964,1.036,1.000,2,14,0,0.179,0,0,0.179,2.724,0.408,0,0,0.287,-10.730,-9.973,0.997,-0.073
639.0,-9.820,-10.081,-4.991,0.009,1.020,2,14,0,0.204,0,0,0.128,-9.725,-7.167,-4.245,0.755,1.054,2,14,0,0.177,0,0,0.260,-9.831,-13.207,-4.451,0.549,0.989,2,14,0,0.189,0,0,0.179,-6.969,-9.996,-4.502,0.498,1.023,2,14,0,0.191,0,0,0.167,-12.473,-10.261,-4.014,0.986,0.964,2,14,0,0.182,0,0,0.145,2.833,0.370,0,0,0.204,-9.731,-9.996,1.000,0.027
640.0,-8.832,-10.037,-5.058,-0.058,0.992,2,14,0,0.235,0,0,0.144,-8.670,-7.026,-4.259,0.741,1.039,2,14,0,0.177,0,0,0.226,-8.864,-13.137,-4.477,0.523,1.026,2,14,0,0.177,0,0,0.191,-5.966,-10.029,-4.507,0.493,1.008,2,14,0,0.183,0,0,0.274,-11.535,-10.172,-3.949,1.051,0.974,2,14,0,0.183,0,0,0.109,2.918,0.322,0,0,0.235,-8.734,-9.920,0.992,0.127
641.0,-7.876,-9.930,-4.995,0.005,0.984,2,14,0,0.193,0,0,0.198,-7.645,-6.807,-4.299,0.701,1.010,2,14,0,0.177,0,0,0.228,-7.808,-12.902,-4.372,0.628,1.061,2,14,0,0.186,0,0,0.136,-4.957,-9.811,-4.500,0.500,1.017,2,14,0,0.181,0,0,0.244,-10.661,-10.008,-3.980,1.020,0.993,2,14,0,0.178,0,0,0.148,2.963,0.279,0,0,0.193,-7.750,-9.744,0.974,0.225
642.0,-6.950,-9.671,-5.018,-0.018,1.002,2,14,0,0.196,0,0,0.207,-6.684,-6.510,-4.297,0.703,0.969,2,14,0,0.291,0,0,0.218,-6.745,-12.582,-4.405,0.595,1.057,2,14,0,0.180,0,0,0.166,-4.046,-9.470,-4.502,0.498,1.019,2,14,0,0.182,0,0,0.162,-9.692,-9.697,-3.953,1.047,1.071,2,14,0,0.180,0,0,0.114,2.942,0.258,0,0,0.291,-6.789,-9.470,0.947,0.321
643.0,-6.011,-9.228,-5.012,-0.012,1.056,2,14,0,0.188,0,0,0.136,-5.935,-6.115,-4.302,0.698,0.943,2,14,0,0.175,0,0,0.088,-5.788,-12.177,-4.446,0.554,1.010,2,14,0,0.152,0,0,0.184,-3.023,-9.028,-4.504,0.496,1.047,2,14,0,0.178,0,0,0.163,-8.574,-9.329,-4.011,0.989,1.110,2,14,0,0.178,0,0,0.136,2.753,0.364,0,0,0.188,-5.859,-9.102,0.910,0.414
644.0,-5.070,-8.678,-5.011,-0.011,1.077,2,14,0,0.158,0,0,0.086,-5.113,-5.621,-4.290,0.710,1.010,2,14,0,0.173,0,0,0.081,-5.017,-11.732,-4.482,0.518,0.967,2,14,0,0.203,0,0,0.081,-2.132,-8.508,-4.531,0.469,1.014,2,14,0,0.219,0,0,0.140,-7.639,-8.842,-3.963,1.037,1.052,2,14,0,0.201,0,0,0.164,2.779,0.387,0,0,0.219,-4.971,-8.643,0.864,0.503
645.0,-4.225,-8.072,-4.992,0.008,1.050,2,14,0,0.195,0,0,0.092,-4.266,-4.997,-4.213,0.787,1.057,2,14,0,0.174,0,0,0.061,-4.218,-11.126,-4.458,0.542,0.995,2,14,0,0.191,0,0,0.016,-1.397,-7.922,-4.530,0.470,0.980,2,14,0,0.158,0,0,0.050,-6.778,-8.260,-3.934,1.066,1.004,2,14,0,0.181,0,0,0.173,2.770,0.390,0,0,0.195,-4.133,-8.098,0.810,0.587
646.0,-3.382,-7.459,-4.988,0.012,1.017,2,14,0,0.229,0,0,0.146,-3.409,-4.363,-4.309,0.691,1.065,2,14,0,0.175,0,0,0.044,-3.440,-10.501,-4.470,0.530,1.006,2,14,0,0.175,0,0,0.023,-0.649,-7.314,-4.473,0.527,1.000,2,14,0,0.184,0,0,0.013,-6.080,-7.702,-3.962,1.038,0.965,2,14,0,0.179,0,0,0.129,2.786,0.358,0,0,0.229,-3.354,-7.472,0.747,0.665
647.0,-2.622,-6.811,-5.020,-0.020,0.980,2,14,0,0.225,0,0,0.205,-2.579,-3.732,-4.266,0.734,1.033,2,14,0,0.175,0,0,0.142,-2.702,-9.861,-4.539,0.461,1.015,2,14,0,0.179,0,0,0.067,0.040,-6.625,-4.491,0.509,1.010,2,14,0,0.182,0,0,0.015,-5.351,-7.061,-3.926,1.074,0.989,2,14,0,0.176,0,0,0.184,2.720,0.411,0,0,0.225,-2.641,-6.771,0.677,0.736
648.0,-2.042,-6.052,-4.959,0.041,0.964,2,14,0,0.166,0,0,0.152,-1.811,-2.971,-4.279,0.721,1.006,2,14,0,0.173,0,0,0.271,-1.948,-9.159,-4.429,0.571,1.028,2,14,0,0.180,0,0,0.197,0.790,-5.924,-4.569,0.431,1.029,2,14,0,0.183,0,0,0.119,-4.682,-6.218,-3.906,1.094,1.037,2,14,0,0.223,0,0,0.160,2.847,0.386,0,0,0.223,-2.002,-6.003,0.600,0.800
649.0,-1.542,-5.232,-4.978,0.022,0.987,2,14,0,0.191,0,0,0.103,-1.244,-2.146,-4.297,0.703,0.973,2,14,0,0.174,0,0,0.282,-1.280,-8.307,-4.406,0.594,1.051,2,14,0,0.211,0,0,0.279,1.430,-5.107,-4.511,0.489,1.034,2,14,0,0.206,0,0,0.195,-4.088,-5.322,-3.952,1.048,1.033,2,14,0,0.177,0,0,0.174,2.746,0.385,0,0,0.211,-1.443,-5.174,0.517,0.856
650.0,-1.092,-4.338,-4.993,0.007,1.016,2,14,0,0.189,0,0,0.078,-0.891,-1.266,-4.268,0.732,0.969,2,14,0,0.201,0,0,0.164,-0.849,-7.420,-4.466,0.534,1.029,2,14,0,0.180,0,0,0.239,2.029,-4.226,-4.576,0.424,1.035,2,14,0,0.213,0,0,0.313,-3.671,-4.458,-3.972,1.028,1.005,2,14,0,0.180,0,0,0.123,2.776,0.340,0,0,0.213,-0.969,-4.294,0.429,0.903
651.0,-0.656,-3.358,-5.042,-0.042,1.042,2,14,0,0.191,0,0,0.109,-0.631,-0.350,-4.261,0.739,0.992,2,14,0,0.226,0,0,0.059,-0.476,-6.507,-4.495,0.505,1.038,2,14,0,0.353,0,0,0.234,2.357,-3.307,-4.585,0.415,1.026,2,14,0,0.194,0,0,0.267,-3.288,-3.517,-3.973,1.027,1.010,2,14,0,0.175,0,0,0.121,2.845,0.331,0,0,0.353,-0.585,-3.371,0.337,0.941
652.0,-0.361,-2.417,-5.036,-0.036,1.021,2,14,0,0.189,0,0,0.116,-0.310,0.630,-4.267,0.733,1.040,2,14,0,0.169,0,0,0.067,-0.247,-5.537,-4.438,0.562,1.054,2,14,0,0.181,0,0,0.173,2.516,-2.305,-4.569,0.431,1.057,2,14,0,0.182,0,0,0.125,-3.001,-2.554,-3.954,1.046,1.006,2,14,0,0.180,0,0,0.118,2.856,0.326,0,0,0.189,-0.296,-2.414,0.241,0.970
653.0,-0.124,-1.455,-4.987,0.013,1.025,2,14,0,0.232,0,0,0.163,-0.086,1.625,-4.324,0.676,1.040,2,14,0,0.172,0,0,0.093,-0.145,-4.447,-4.387,0.613,1.087,2,14,0,0.181,0,0,0.062,2.648,-1.277,-4.564,0.436,1.054,2,14,0,0.182,0,0,0.055,-2.860,-1.587,-4.010,0.990,1.008,2,14,0,0.182,0,0,0.067,2.810,0.294,0,0,0.232,-0.103,-1.434,0.143,0.990
654.0,-0.002,-0.475,-4.927,0.073,1.026,2,14,0,0.226,0,0,0.193,0.063,2.623,-4.288,0.712,1.043,2,14,0,0.203,0,0,0.147,-0.113,-3.340,-4.332,0.668,1.069,2,14,0,0.147,0,0,0.131,2.756,-0.238,-4.509,0.491,1.054,2,14,0,0.209,0,0,0.083,-2.805,-0.603,-3.958,1.042,1.025,2,14,0,0.240,0,0,0.038,2.800,0.308,0,0,0.240,-0.010,-0.438,0.044,0.999
655.0,-0.070,0.565,-5.033,-0.033,1.054,2,14,0,0.310,0,0,0.126,0.094,3.652,-4.336,0.664,1.043,2,14,0,0.183,0,0,0.186,-0.134,-2.296,-4.441,0.559,1.001,2,14,0,0.211,0,0,0.177,2.759,0.786,-4.488,0.512,1.022,2,14,0,0.252,0,0,0.108,-2.722,0.477,-4.047,0.953,1.046,2,14,0,0.178,0,0,0.127,2.831,0.318,0,0,0.310,-0.016,0.561,-0.056,0.998
656.0,-0.240,1.610,-5.014,-0.014,1.063,2,14,0,0.188,0,0,0.076,-0.032,4.653,-4.318,0.682,1.051,2,14,0,0.173,0,0,0.167,-0.167,-1.356,-4.478,0.522,0.944,2,14,0,0.180,0,0,0.140,2.687,1.770,-4.538,0.462,1.010,2,14,0,0.224,0,0,0.129,-2.728,1.483,-3.969,1.031,1.027,2,14,0,0.176,0,0,0.229,2.701,0.401,0,0,0.224,-0.122,1.555,-0.156,0.988
657.0,-0.445,2.620,-4.969,0.031,1.042,2,14,0,0.192,0,0,0.103,-0.213,5.727,-4.295,0.705,1.067,2,14,0,0.172,0,0,0.225,-0.184,-0.445,-4.493,0.507,0.928,2,14,0,0.196,0,0,0.243,2.460,2.742,-4.518,0.482,1.015,2,14,0,0.179,0,0,0.105,-2.877,2.495,-3.946,1.054,1.037,2,14,0,0.180,0,0,0.293,2.642,0.451,0,0,0.196,-0.326,2.534,-0.253,0.967
658.0,-0.631,3.639,-4.999,0.001,1.009,2,14,0,0.188,0,0,0.231,-0.628,6.724,-4.302,0.698,1.043,2,14,0,0.174,0,0,0.182,-0.461,0.501,-4.456,0.544,0.991,2,14,0,0.188,0,0,0.268,2.197,3.682,-4.480,0.520,1.005,2,14,0,0.177,0,0,0.134,-3.268,3.456,-3.935,1.065,1.039,2,14,0,0.176,0,0,0.216,2.850,0.361,0,0,0.188,-0.628,3.487,-0.349,0.937
659.0,-0.931,4.611,-5.087,-0.087,0.995,2,14,0,0.188,0,0,0.338,-1.067,7.621,-4.276,0.724,0.991,2,14,0,0.171,0,0,0.149,-0.844,1.363,-4.474,0.526,1.019,2,14,0,0.183,0,0,0.274,1.783,4.606,-4.499,0.501,1.017,2,14,0,0.185,0,0,0.115,-3.705,4.402,-3.937,1.063,1.022,2,14,0,0.178,0,0,0.197,2.778,0.317,0,0,0.188,-1.022,4.405,-0.440,0.898
660.0,-1.447,5.452,-5.014,-0.014,1.014,2,14,0,0.185,0,0,0.293,-1.512,8.453,-4.283,0.717,0.979,2,14,0,0.261,0,0,0.124,-1.418,2.217,-4.412,0.588,1.101,2,14,0,0.211,0,0,0.188,1.376,5.535,-4.514,0.486,1.032,2,14,0,0.181,0,0,0.212,-4.251,5.215,-3.938,1.062,1.015,2,14,0,0.179,0,0,0.113,2.868,0.281,0,0,0.261,-1.507,5.279,-0.528,0.849
661.0,-2.209,6.198,-4.960,0.040,1.049,2,14,0,0.204,0,0,0.102,-2.122,9.288,-4.295,0.705,0.997,2,14,0,0.246,0,0,0.114,-2.132,3.112,-4.411,0.589,1.139,2,14,0,0.187,0,0,0.061,0.746,6.402,-4.488,0.512,1.058,2,14,0,0.183,0,0,0.193,-4.893,6.020,-3.976,1.024,1.025,2,14,0,0.178,0,0,0.059,2.864,0.350,0,0,0.246,-2.077,6.101,-0.610,0.792
662.0,-3.244,7.253,-4.966,0.034,1.044,2,14,0,0.256,0,0,0.506,-3.098,10.379,-4.276,0.724,0.992,2,14,0,0.232,0,0,0.538,-3.139,4.269,-4.459,0.541,1.080,2,14,0,0.284,0,0,0.551,-0.284,7.464,-4.537,0.463,1.031,2,14,0,0.253,0,0,0.519,-5.829,7.114,-3.921,1.079,1.023,2,14,0,0.233,0,0,0.487,2.791,0.822,0,0,0.284,-2.725,6.861,-0.686,0.727
663.0,-4.011,7.863,-4.998,0.002,0.878,2,14,0,0.179,0,0,0.490,-3.754,10.938,-4.294,0.706,0.829,2,14,0,0.173,0,0,0.394,-3.876,4.964,-4.436,0.564,0.887,2,14,0,0.185,0,0,0.557,-0.946,8.049,-4.477,0.523,0.875,2,14,0,0.180,0,0,0.399,-6.552,7.781,-3.876,1.124,0.877,2,14,0,0.162,0,0,0.468,2.779,0.703,0,0,0.185,-3.446,7.553,-0.755,0.655
664.0,-4.564,8.376,-4.939,0.061,0.756,2,14,0,0.192,0,0,0.245,-4.386,11.328,-4.302,0.698,0.779,2,14,0,0.172,0,0,0.121,-4.514,5.422,-4.504,0.496,0.745,2,14,0,0.175,0,0,0.350,-1.603,8.508,-4.489,0.511,0.821,2,14,0,0.234,0,0,0.200,-7.222,8.243,-3.925,1.075,0.779,2,14,0,0.191,0,0,0.274,2.848,0.501,0,0,0.234,-4.233,8.170,-0.817,0.577
665.0,-5.168,8.853,-5.002,-0.002,0.803,2,14,0,0.193,0,0,0.170,-5.157,11.702,-4.289,0.711,0.852,2,14,0,0.173,0,0,0.074,-5.192,5.803,-4.467,0.533,0.761,2,14,0,0.170,0,0,0.139,-2.372,8.945,-4.480,0.520,0.863,2,14,0,0.180,0,0,0.089,-7.922,8.622,-3.935,1.065,0.788,2,14,0,0.178,0,0,0.066,2.846,0.380,0,0,0.193,-5.078,8.705,-0.870,0.492
666.0,-6.034,9.215,-5.055,-0.055,0.917,2,14,0,0.227,0,0,0.131,-5.972,12.174,-4.263,0.737,0.944,2,14,0,0.171,0,0,0.087,-6.009,6.059,-4.429,0.571,0.854,2,14,0,0.171,0,0,0.081,-3.187,9.304,-4.500,0.500,0.922,2,14,0,0.180,0,0,0.082,-8.591,8.994,-3.997,1.003,0.866,2,14,0,0.183,0,0,0.204,2.776,0.412,0,0,0.227,-5.971,9.153,-0.915,0.403
667.0,-6.960,9.524,-4.946,0.054,0.999,2,14,0,0.180,0,0,0.127,-6.782,12.632,-4.260,0.740,1.006,2,14,0,0.176,0,0,0.199,-6.832,6.389,-4.522,0.478,0.953,2,14,0,0.174,0,0,0.187,-4.096,9.622,-4.501,0.499,1.009,2,14,0,0.183,0,0,0.117,-9.429,9.398,-3.973,1.027,1.019,2,14,0,0.180,0,0,0.301,2.657,0.489,0,0,0.183,-6.905,9.509,-0.951,0.309
668.0,-7.962,9.802,-4.999,0.001,1.067,2,14,0,0.196,0,0,0.100,-7.761,12.998,-4.269,0.731,1.087,2,14,0,0.177,0,0,0.239,-7.738,6.752,-4.417,0.583,1.066,2,14,0,0.174,0,0,0.219,-5.118,9.945,-4.505,0.495,1.067,2,14,0,0.207,0,0,0.055,-10.486,9.703,-4.002,0.998,1.143,2,14,0,0.174,0,0,0.222,2.716,0.390,0,0,0.207,-7.870,9.771,-0.977,0.213
669.0,-8.958,9.997,-5.015,-0.015,1.083,2,14,0,0.206,0,0,0.104,-8.837,13.152,-4.305,0.695,1.136,2,14,0,0.169,0,0,0.171,-8.755,7.065,-4.421,0.579,1.141,2,14,0,0.175,0,0,0.247,-6.135,10.127,-4.483,0.517,1.066,2,14,0,0.176,0,0,0.044,-11.629,9.910,-3.998,1.002,1.180,2,14,0,0.178,0,0,0.131,2.859,0.339,0,0,0.206,-8.856,9.934,-0.993,0.114
670.0,-10.037,10.098,-4.974,0.026,1.105,2,14,0,0.232,0,0,0.094,-9.928,13.257,-4.273,0.727,1.121,2,14,0,0.175,0,0,0.184,-9.857,7.191,-4.399,0.601,1.162,2,14,0,0.179,0,0,0.239,-7.205,10.241,-4.457,0.543,1.062,2,14,0,0.178,0,0,0.099,-12.840,10.064,-3.921,1.079,1.142,2,14,0,0.179,0,0,0.266,2.883,0.426,0,0,0.232,-9.854,9.999,-1.000,0.015
671.0,-11.190,10.106,-4.966,0.034,1.090,2,14,0,0.198,0,0,0.208,-11.063,13.239,-4.288,0.712,1.115,2,14,0,0.170,0,0,0.242,-10.986,7.122,-4.518,0.482,1.162,2,14,0,0.460,0,0,0.191,-8.241,10.345,-4.567,0.433,1.031,2,14,0,0.175,0,0,0.243,-13.863,9.999,-3.937,1.063,1.036,2,14,0,0.182,0,0,0.260,2.866,0.545,0,0,0.460,-10.852,9.964,-0.996,-0.085
672.0,-12.272,10.051,-4.945,0.055,1.015,2,14,0,0.181,0,0,0.330,-12.135,13.136,-4.314,0.686,1.057,2,14,0,0.204,0,0,0.320,-12.165,6.972,-4.515,0.485,1.112,2,14,0,0.214,0,0,0.285,-9.277,10.278,-4.560,0.440,1.014,2,14,0,0.219,0,0,0.323,-14.920,9.835,-3.980,1.020,0.986,2,14,0,0.204,0,0,0.289,2.827,0.625,0,0,0.219,-11.843,9.829,-0.983,-0.184
673.0,-13.168,9.802,-5.014,-0.014,0.954,2,14,0,0.171,0,0,0.265,-13.124,12.845,-4.262,0.738,1.002,2,14,0,0.169,0,0,0.296,-13.257,6.710,-4.510,0.490,1.018,2,14,0,0.169,0,0,0.377,-10.223,9.985,-4.501,0.499,1.019,2,14,0,0.172,0,0,0.258,-15.846,9.543,-3.974,1.026,0.941,2,14,0,0.174,0,0,0.222,2.884,0.563,0,0,0.174,-12.815,9.596,-0.960,-0.281
674.0,-14.056,9.424,-5.024,-0.024,0.975,2,14,0,0.193,0,0,0.190,-14.017,12.441,-4.267,0.733,0.973,2,14,0,0.208,0,0,0.207,-14.116,6.354,-4.475,0.525,0.925,2,14,0,0.175,0,0,0.290,-11.090,9.576,-4.518,0.482,1.029,2,14,0,0.170,0,0,0.157,-16.698,9.180,-3.954,1.046,0.920,2,14,0,0.214,0,0,0.126,2.861,0.453,0,0,0.214,-13.759,9.267,-0.927,-0.376
675.0,-14.948,8.959,-5.040,-0.040,0.994,2,14,0,0.185,0,0,0.148,-14.846,11.964,-4.221,0.779,0.954,2,14,0,0.172,0,0,0.118,-14.834,5.870,-4.473,0.527,0.900,2,14,0,0.149,0,0,0.096,-12.017,9.079,-4.514,0.486,1.057,2,14,0,0.206,0,0,0.093,-17.531,8.768,-4.002,0.998,0.953,2,14,0,0.178,0,0,0.081,2.790,0.423,0,0,0.206,-14.665,8.845,-0.885,-0.467
676.0,-15.735,8.432,-5.024,-0.024,1.009,2,14,0,0.185,0,0,0.099,-15.591,11.481,-4.213,0.787,0.967,2,14,0,0.173,0,0,0.070,-15.555,5.363,-4.517,0.483,0.935,2,14,0,0.175,0,0,0.083,-12.892,8.536,-4.511,0.489,1.051,2,14,0,0.180,0,0,0.079,-18.298,8.246,-3.967,1.033,0.989,2,14,0,0.252,0,0,0.075,2.778,0.418,0,0,0.252,-15.525,8.335,-0.834,-0.552
677.0,-16.476,7.797,-5.030,-0.030,1.030,2,14,0,0.204,0,0,0.061,-16.402,10.845,-4.242,0.758,1.018,2,14,0,0.173,0,0,0.027,-16.286,4.744,-4.470,0.530,1.024,2,14,0,0.175,0,0,0.143,-13.750,7.898,-4.545,0.455,1.030,2,14,0,0.175,0,0,0.123,-19.092,7.665,-3.950,1.050,1.036,2,14,0,0.181,0,0,0.091,2.771,0.448,0,0,0.204,-16.329,7.742,-0.774,-0.633
678.0,-17.232,7.122,-4.957,0.043,1.068,2,14,0,0.225,0,0,0.049,-17.122,10.211,-4.284,0.716,1.019,2,14,0,0.170,0,0,0.066,-17.161,4.087,-4.474,0.526,1.087,2,14,0,0.375,0,0,0.044,-14.475,7.241,-4.529,0.471,0.999,2,14,0,0.178,0,0,0.105,-19.915,7.062,-3.963,1.037,1.071,2,14,0,0.181,0,0,0.137,2.792,0.439,0,0,0.375,-17.071,7.071,-0.707,-0.707
679.0,-18.063,6.334,-4.918,0.082,1.085,2,14,0,0.195,0,0,0.135,-17.848,9.491,-4.378,0.622,1.058,2,14,0,0.180,0,0,0.090,-17.946,3.366,-4.397,0.603,1.078,2,14,0,0.178,0,0,0.126,-15.168,6.567,-4.500,0.500,0.988,2,14,0,0.178,0,0,0.148,-20.679,6.291,-4.036,0.964,1.095,2,14,0,0.234,0,0,0.156,2.761,0.488,0,0,0.234,-17.741,6.330,-0.633,-0.774
680.0,-18.688,5.510,-5.013,-0.013,1.034,2,14,0,0.192,0,0,0.169,-18.556,8.676,-4.329,0.671,1.074,2,14,0,0.173,0,0,0.161,-18.582,2.565,-4.398,0.602,1.052,2,14,0,0.183,0,0,0.167,-15.811,5.759,-4.493,0.507,1.023,2,14,0,0.181,0,0,0.189,-21.371,5.443,-3.957,1.043,1.082,2,14,0,0.179,0,0,0.222,2.884,0.530,0,0,0.192,-18.335,5.526,-0.553,-0.833
681.0,-19.198,4.709,-5.051,-0.051,0.994,2,14,0,0.194,0,0,0.177,-19.137,7.809,-4.280,0.720,1.040,2,14,0,0.170,0,0,0.228,-19.014,1.677,-4.435,0.565,1.043,2,14,0,0.171,0,0,0.082,-16.302,4.867,-4.575,0.425,1.020,2,14,0,0.178,0,0,0.163,-21.892,4.580,-3.927,1.073,1.042,2,14,0,0.182,0,0,0.232,2.922,0.500,0,0,0.194,-18.845,4.666,-0.467,-0.884
682.0,-19.632,3.883,-5.033,-0.033,1.000,2,14,0,0.179,0,0,0.219,-19.574,6.882,-4.284,0.716,1.034,2,14,0,0.171,0,0,0.238,-19.475,0.748,-4.459,0.541,1.043,2,14,0,0.172,0,0,0.111,-16.595,3.937,-4.536,0.464,1.020,2,14,0,0.185,0,0,0.035,-22.335,3.653,-3.942,1.058,1.040,2,14,0,0.181,0,0,0.249,2.924,0.386,0,0,0.185,-19.266,3.760,-0.376,-0.927
683.0,-19.944,2.927,-4.962,0.038,1.044,2,14,0,0.190,0,0,0.198,-19.809,5.886,-4.253,0.747,1.034,2,14,0,0.177,0,0,0.141,-19.957,-0.139,-4.385,0.615,1.024,2,14,0,0.174,0,0,0.273,-16.929,2.936,-4.538,0.462,1.032,2,14,0,0.184,0,0,0.049,-22.597,2.671,-3.963,1.037,1.032,2,14,0,0.188,0,0,0.177,2.847,0.366,0,0,0.190,-19.595,2.816,-0.282,-0.960
684.0,-20.117,1.894,-4.988,0.012,1.079,2,14,0,0.199,0,0,0.120,-19.970,4.879,-4.288,0.712,1.033,2,14,0,0.170,0,0,0.078,-20.164,-1.151,-4.390,0.610,1.040,2,14,0,0.172,0,0,0.242,-17.218,1.928,-4.498,0.502,1.024,2,14,0,0.183,0,0,0.114,-22.764,1.666,-3.932,1.068,1.024,2,14,0,0.198,0,0,0.116,2.858,0.398,0,0,0.199,-19.829,1.844,-0.184,-0.983
685.0,-20.259,0.778,-4.993,0.007,1.087,2,14,0,0.187,0,0,0.140,-20.055,3.828,-4.320,0.680,1.024,2,14,0,0.174,0,0,0.104,-20.274,-2.173,-4.442,0.558,1.043,2,14,0,0.174,0,0,0.213,-17.402,0.948,-4.471,0.529,0.990,2,14,0,0.184,0,0,0.152,-22.895,0.586,-3.906,1.094,1.023,2,14,0,0.343,0,0,0.163,2.857,0.448,0,0,0.343,-19.964,0.853,-0.085,-0.996
686.0,-20.298,-0.322,-5.032,-0.032,1.040,2,14,0,0.187,0,0,0.217,-20.136,2.878,-4.290,0.710,0.992,2,14,0,0.169,0,0,0.082,-20.285,-3.156,-4.488,0.512,1.043,2,14,0,0.178,0,0,0.189,-17.475,-0.025,-4.486,0.514,0.982,2,14,0,0.239,0,0,0.178,-22.892,-0.398,-4.006,0.994,0.978,2,14,0,0.178,0,0,0.128,2.790,0.491,0,0,0.239,-19.999,-0.146,0.015,-1.000
687.0,-20.199,-1.304,-5.013,-0.013,0.966,2,14,0,0.193,0,0,0.186,-20.135,1.959,-4.261,0.739,0.988,2,14,0,0.173,0,0,0.126,-20.126,-4.188,-4.510,0.490,1.072,2,14,0,0.173,0,0,0.098,-17.425,-1.019,-4.509,0.491,0.995,2,14,0,0.173,0,0,0.191,-22.817,-1.281,-4.012,0.988,0.955,2,14,0,0.183,0,0,0.061,2.802,0.506,0,0,0.193,-19.934,-1.143,0.114,-0.993
688.0,-20.031,-2.223,-5.016,-0.016,0.933,2,14,0,0.190,0,0,0.122,-19.936,0.983,-4.274,0.726,1.033,2,14,0,0.214,0,0,0.096,-19.856,-5.264,-4.530,0.470,1.068,2,14,0,0.205,0,0,0.117,-17.162,-2.024,-4.503,0.497,1.017,2,14,0,0.180,0,0,0.104,-22.621,-2.222,-3.922,1.078,1.011,2,14,0,0.182,0,0,0.059,2.811,0.405,0,0,0.214,-19.771,-2.129,0.213,-0.977
689.0,-19.770,-3.092,-4.997,0.003,0.953,2,14,0,0.189,0,0,0.080,-19.696,-0.097,-4.240,0.760,1.059,2,14,0,0.201,0,0,0.135,-19.547,-6.258,-4.468,0.532,1.015,2,14,0,0.176,0,0,0.151,-16.889,-2.985,-4.530,0.470,1.022,2,14,0,0.179,0,0,0.092,-22.412,-3.191,-4.014,0.986,1.042,2,14,0,0.194,0,0,0.093,2.821,0.395,0,0,0.201,-19.509,-3.094,0.309,-0.951
690.0,-19.393,-4.075,-4.984,0.016,1.013,2,14,0,0.185,0,0,0.076,-19.389,-1.086,-4.285,0.715,1.034,2,14,0,0.173,0,0,0.207,-19.278,-7.233,-4.364,0.636,0.966,2,14,0,0.174,0,0,0.179,-16.397,-3.919,-4.529,0.471,1.022,2,14,0,0.177,0,0,0.069,-22.140,-4.233,-3.968,1.032,1.072,2,14,0,0.180,0,0,0.174,2.933,0.267,0,0,0.185,-19.153,-4.028,0.403,-0.915
691.0,-18.971,-4.976,-5.002,-0.002,1.012,2,14,0,0.183,0,0,0.104,-18.979,-1.960,-4.266,0.734,1.019,2,14,0,0.175,0,0,0.229,-18.890,-8.078,-4.532,0.468,0.923,2,14,0,0.175,0,0,0.156,-15.963,-4.766,-4.534,0.466,0.999,2,14,0,0.208,0,0,0.049,-21.682,-5.211,-3.973,1.027,1.082,2,14,0,0.177,0,0,0.211,2.910,0.301,0,0,0.208,-18.705,-4.921,0.492,-0.871
692.0,-18.470,-5.792,-4.978,0.022,1.018,2,14,0,0.185,0,0,0.123,-18.450,-2.794,-4.269,0.731,1.028,2,14,0,0.173,0,0,0.227,-18.384,-8.835,-4.463,0.537,0.941,2,14,0,0.174,0,0,0.121,-15.587,-5.653,-4.514,0.486,0.996,2,14,0,0.177,0,0,0.115,-21.102,-6.135,-3.952,1.048,1.045,2,14,0,0.177,0,0,0.249,2.845,0.431,0,0,0.185,-18.170,-5.766,0.577,-0.817
693.0,-17.940,-6.584,-4.953,0.047,1.037,2,14,0,0.187,0,0,0.209,-17.717,-3.602,-4.237,0.763,1.060,2,14,0,0.171,0,0,0.152,-17.752,-9.575,-4.458,0.542,1.002,2,14,0,0.227,0,0,0.098,-15.101,-6.465,-4.533,0.467,1.026,2,14,0,0.178,0,0,0.252,-20.505,-6.889,-3.903,1.097,1.003,2,14,0,0.180,0,0,0.229,2.789,0.554,0,0,0.227,-17.554,-6.553,0.655,-0.755
694.0,-17.158,-7.389,-4.991,0.009,1.090,2,14,0,0.197,0,0,0.166,-16.934,-4.287,-4.332,0.668,1.045,2,14,0,0.204,0,0,0.096,-17.024,-10.320,-4.465,0.535,1.042,2,14,0,0.177,0,0,0.060,-14.389,-7.268,-4.545,0.455,1.079,2,14,0,0.187,0,0,0.267,-19.754,-7.536,-3.966,1.034,1.003,2,14,0,0.248,0,0,0.138,2.796,0.527,0,0,0.248,-16.862,-7.274,0.727,-0.686
695.0,-16.338,-8.102,-4.983,0.017,1.080,2,14,0,0.194,0,0,0.190,-16.179,-4.915,-4.288,0.712,1.027,2,14,0,0.145,0,0,0.068,-16.329,-11.111,-4.416,0.584,1.059,2,14,0,0.174,0,0,0.204,-13.579,-7.976,-4.519,0.481,1.099,2,14,0,0.182,0,0,0.271,-18.924,-8.118,-3.968,1.032,1.014,2,14,0,0.179,0,0,0.049,2.777,0.480,0,0,0.194,-16.101,-7.923,0.792,-0.610
696.0,-15.436,-8.699,-5.003,-0.003,1.050,2,14,0,0.190,0,0,0.213,-15.362,-5.510,-4.277,0.723,1.019,2,14,0,0.204,0,0,0.094,-15.468,-11.757,-4.406,0.594,1.055,2,14,0,0.175,0,0,0.252,-12.643,-8.526,-4.473,0.527,1.103,2,14,0,0.150,0,0,0.200,-18.100,-8.671,-3.931,1.069,1.017,2,14,0,0.180,0,0,0.034,2.848,0.365,0,0,0.204,-15.280,-8.492,0.849,-0.528
697.0,-14.529,-9.135,-5.045,-0.045,1.009,2,14,0,0.228,0,0,0.172,-14.477,-5.967,-4.261,0.739,1.013,2,14,0,0.171,0,0,0.065,-14.566,-12.236,-4.448,0.552,1.039,2,14,0,0.171,0,0,0.240,-11.665,-8.951,-4.499,0.501,1.066,2,14,0,0.174,0,0,0.139,-17.152,-9.157,-3.992,1.008,1.022,2,14,0,0.181,0,0,0.076,2.826,0.312,0,0,0.228,-14.406,-8.977,0.898,-0.441
698.0,-13.560,-9.503,-5.021,-0.021,0.987,2,14,0,0.192,0,0,0.166,-13.613,-6.391,-4.261,0.739,1.008,2,14,0,0.174,0,0,0.105,-13.661,-12.597,-4.501,0.499,1.029,2,14,0,0.173,0,0,0.210,-10.642,-9.295,-4.467,0.533,1.036,2,14,0,0.178,0,0,0.169,-16.248,-9.578,-3.924,1.076,0.991,2,14,0,0.186,0,0,0.087,2.904,0.316,0,0,0.192,-13.488,-9.372,0.937,-0.349
699.0,-12.542,-9.750,-5.007,-0.007,0.961,2,14,0,0.196,0,0,0.184,-12.620,-6.763,-4.314,0.686,1.034,2,14,0,0.169,0,0,0.163,-12.616,-12.796,-4.480,0.520,1.056,2,14,0,0.145,0,0,0.096,-9.717,-9.599,-4.472,0.528,0.972,2,14,0,0.178,0,0,0.142,-15.350,-9.961,-3.927,1.073,0.978,2,14,0,0.175,0,0,0.142,2.880,0.341,0,0,0.196,-12.534,-9.673,0.967,-0.253
700.0,-11.634,-9.951,-4.960,0.040,0.918,2,14,0,0.273,0,0,0.130,-11.645,-7.021,-4.318,0.682,1.021,2,14,0,0.174,0,0,0.218,-11.566,-13.009,-4.449,0.551,1.039,2,14,0,0.170,0,0,0.137,-8.817,-9.805,-4.496,0.504,0.951,2,14,0,0.171,0,0,0.094,-14.442,-10.279,-3.922,1.078,0.984,2,14,0,0.183,0,0,0.263,2.858,0.417,0,0,0.273,-11.556,-9.878,0.988,-0.156
701.0,-10.799,-10.059,-5.022,-0.022,0.912,2,14,0,0.159,0,0,0.098,-10.597,-7.091,-4.281,0.719,1.016,2,14,0,0.173,0,0,0.187,-10.504,-13.105,-4.467,0.533,1.008,2,14,0,0.181,0,0,0.184,-7.857,-9.950,-4.507,0.493,0.970,2,14,0,0.187,0,0,0.121,-13.457,-10.350,-3.936,1.064,1.022,2,14,0,0.183,0,0,0.232,2.886,0.381,0,0,0.187,-10.562,-9.984,0.998,-0.056
702.0,-9.934,-10.109,-4.976,0.024,0.983,2,14,0,0.199,0,0,0.227,-9.528,-7.058,-4.243,0.757,1.022,2,14,0,0.205,0,0,0.182,-9.529,-13.047,-4.503,0.497,0.957,2,14,0,0.215,0,0,0.137,-6.950,-9.954,-4.539,0.461,0.982,2,14,0,0.183,0,0,0.141,-12.378,-10.268,-3.946,1.054,1.062,2,14,0,0.214,0,0,0.133,2.657,0.390,0,0,0.215,-9.563,-9.990,0.999,0.044
703.0,-8.892,-10.013,-5.002,-0.002,1.093,2,14,0,0.191,0,0,0.188,-8.547,-6.927,-4.249,0.751,0.994,2,14,0,0.175,0,0,0.145,-8.613,-12.985,-4.433,0.567,0.930,2,14,0,0.147,0,0,0.081,-5.923,-9.857,-4.487,0.513,1.059,2,14,0,0.175,0,0,0.126,-11.335,-10.124,-3.911,1.089,1.064,2,14,0,0.184,0,0,0.095,2.678,0.358,0,0,0.191,-8.567,-9.897,0.990,0.143
704.0,-7.824,-9.832,-5.002,-0.002,1.139,2,14,0,0.191,0,0,0.149,-7.629,-6.674,-4.256,0.744,0.986,2,14,0,0.169,0,0,0.058,-7.690,-12.832,-4.445,0.555,0.960,2,14,0,0.175,0,0,0.095,-4.814,-9.660,-4.485,0.515,1.079,2,14,0,0.180,0,0,0.134,-10.299,-9.936,-3.979,1.021,1.032,2,14,0,0.234,0,0,0.140,2.680,0.369,0,0,0.234,-7.586,-9.704,0.970,0.241
705.0,-6.737,-9.545,-4.985,0.015,1.146,2,14,0,0.160,0,0,0.153,-6.707,-6.386,-4.306,0.694,1.006,2,14,0,0.213,0,0,0.042,-6.695,-12.591,-4.456,0.544,0.988,2,14,0,0.205,0,0,0.149,-3.792,-9.368,-4.487,0.513,1.044,2,14,0,0.179,0,0,0.174,-9.322,-9.592,-3.913,1.087,1.002,2,14,0,0.177,0,0,0.135,2.799,0.355,0,0,0.213,-6.630,-9.415,0.941,0.337
706.0,-5.656,-9.152,-5.013,-0.013,1.105,2,14,0,0.188,0,0,0.264,-5.742,-6.081,-4.315,0.685,1.030,2,14,0,0.175,0,0,0.129,-5.892,-12.219,-4.448,0.552,1.020,2,14,0,0.174,0,0,0.177,-2.879,-8.965,-4.471,0.529,1.001,2,14,0,0.175,0,0,0.160,-8.454,-9.208,-3.980,1.020,0.974,2,14,0,0.220,0,0,0.082,2.835,0.308,0,0,0.220,-5.707,-9.031,0.903,0.429
707.0,-4.672,-8.642,-4.998,0.002,1.029,2,14,0,0.187,0,0,0.347,-4.807,-5.698,-4.274,0.726,1.034,2,14,0,0.176,0,0,0.234,-4.944,-11.699,-4.440,0.560,1.090,2,14,0,0.176,0,0,0.110,-2.082,-8.509,-4.556,0.444,0.991,2,14,0,0.177,0,0,0.116,-7.574,-8.754,-3.982,1.018,0.987,2,14,0,0.181,0,0,0.091,2.631,0.320,0,0,0.187,-4.826,-8.558,0.856,0.517
708.0,-3.932,-8.034,-5.005,-0.005,0.942,2,14,0,0.189,0,0,0.250,-3.951,-5.062,-4.231,0.769,1.061,2,14,0,0.173,0,0,0.187,-4.049,-11.172,-4.459,0.541,1.103,2,14,0,0.266,0,0,0.149,-1.244,-7.954,-4.540,0.460,1.027,2,14,0,0.179,0,0,0.123,-6.731,-8.256,-3.922,1.078,0.992,2,14,0,0.184,0,0,0.144,2.729,0.371,0,0,0.266,-3.998,-7.998,0.800,0.600
709.0,-3.304,-7.325,-5.032,-0.032,0.923,2,14,0,0.198,0,0,0.105,-3.202,-4.356,-4.229,0.771,1.059,2,14,0,0.173,0,0,0.127,-3.146,-10.496,-4.442,0.558,1.107,2,14,0,0.212,0,0,0.213,-0.413,-7.292,-4.534,0.466,1.051,2,14,0,0.174,0,0,0.149,-5.915,-7.698,-3.933,1.067,1.012,2,14,0,0.177,0,0,0.237,2.857,0.462,0,0,0.212,-3.229,-7.359,0.736,0.677
710.0,-2.705,-6.625,-5.040,-0.040,0.941,2,14,0,0.193,0,0,0.011,-2.565,-3.577,-4.239,0.761,1.043,2,14,0,0.175,0,0,0.042,-2.411,-9.786,-4.502,0.498,1.054,2,14,0,0.153,0,0,0.243,0.350,-6.532,-4.495,0.505,1.046,2,14,0,0.219,0,0,0.188,-5.240,-6.955,-3.926,1.074,1.038,2,14,0,0.180,0,0,0.200,2.788,0.422,0,0,0.219,-2.529,-6.647,0.665,0.747
711.0,-2.056,-5.921,-4.924,0.076,0.975,2,14,0,0.362,0,0,0.068,-1.865,-2.741,-4.280,0.720,1.042,2,14,0,0.176,0,0,0.126,-1.797,-9.005,-4.499,0.501,1.041,2,14,0,0.572,0,0,0.231,0.941,-5.733,-4.506,0.494,1.002,2,14,0,0.229,0,0,0.151,-4.669,-6.034,-3.950,1.050,1.070,2,14,0,0.180,0,0,0.060,2.792,0.286,0,0,0.572,-1.902,-5.867,0.587,0.810
712.0,-1.459,-5.128,-4.997,0.003,1.017,2,14,0,0.243,0,0,0.133,-1.233,-1.960,-4.329,0.671,0.988,2,14,0,0.206,0,0,0.202,-1.276,-8.031,-4.465,0.535,1.041,2,14,0,0.179,0,0,0.184,1.437,-4.875,-4.466,0.534,0.986,2,14,0,0.180,0,0,0.096,-4.094,-5.115,-3.959,1.041,1.059,2,14,0,0.185,0,0,0.105,2.832,0.277,0,0,0.243,-1.357,-5.030,0.503,0.864
713.0,-0.998,-4.209,-5.024,-0.024,1.055,2,14,0,0.191,0,0,0.109,-0.854,-1.099,-4.273,0.727,0.971,2,14,0,0.181,0,0,0.126,-0.838,-7.053,-4.449,0.551,1.006,2,14,0,0.218,0,0,0.201,1.902,-4.021,-4.479,0.521,0.994,2,14,0,0.177,0,0,0.108,-3.566,-4.208,-3.997,1.003,1.018,2,14,0,0.362,0,0,0.174,2.766,0.338,0,0,0.362,-0.898,-4.142,0.414,0.910
714.0,-0.607,-3.255,-5.002,-0.002,1.062,2,14,0,0.194,0,0,0.114,-0.525,-0.194,-4.298,0.702,0.993,2,14,0,0.174,0,0,0.098,-0.576,-6.115,-4.488,0.512,0.950,2,14,0,0.179,0,0,0.143,2.253,-3.109,-4.565,0.435,1.014,2,14,0,0.183,0,0,0.100,-3.160,-3.335,-3.986,1.014,0.967,2,14,0,0.184,0,0,0.195,2.749,0.390,0,0,0.194,-0.530,-3.212,0.321,0.947
715.0,-0.269,-2.230,-4.973,0.027,1.076,2,14,0,0.234,0,0,0.167,-0.230,0.733,-4.320,0.680,1.024,2,14,0,0.176,0,0,0.137,-0.321,-5.213,-4.414,0.586,0.937,2,14,0,0.179,0,0,0.079,2.543,-2.113,-4.512,0.488,1.024,2,14,0,0.181,0,0,0.102,-2.922,-2.400,-3.932,1.068,0.971,2,14,0,0.178,0,0,0.157,2.851,0.366,0,0,0.234,-0.257,-2.251,0.225,0.974
716.0,-0.082,-1.229,-4.990,0.010,1.042,2,14,0,0.190,0,0,0.180,-0.043,1.717,-4.281,0.719,1.065,2,14,0,0.171,0,0,0.144,-0.077,-4.339,-4.430,0.570,0.945,2,14,0,0.177,0,0,0.107,2.770,-1.137,-4.511,0.489,1.034,2,14,0,0.176,0,0,0.156,-2.802,-1.467,-3.902,1.098,0.995,2,14,0,0.188,0,0,0.116,2.894,0.343,0,0,0.190,-0.081,-1.267,0.127,0.992
717.0,-0.025,-0.231,-4.915,0.085,1.025,2,14,0,0.201,0,0,0.163,0.086,2.818,-4.249,0.751,1.088,2,14,0,0.149,0,0,0.165,0.067,-3.400,-4.434,0.566,0.992,2,14,0,0.206,0,0,0.191,2.831,-0.089,-4.524,0.476,1.043,2,14,0,0.185,0,0,0.139,-2.679,-0.473,-3.982,1.018,1.036,2,14,0,0.183,0,0,0.159,2.823,0.383,0,0,0.206,-0.004,-0.270,0.027,1.000
718.0,-0.095,0.786,-4.969,0.031,1.019,2,14,0,0.197,0,0,0.124,0.049,3.918,-4.276,0.724,1.064,2,14,0,0.174,0,0,0.192,0.069,-2.362,-4.436,0.564,1.054,2,14,0,0.153,0,0,0.202,2.761,0.991,-4.536,0.464,1.028,2,14,0,0.177,0,0,0.142,-2.719,0.599,-3.939,1.061,1.063,2,14,0,0.229,0,0,0.132,2.825,0.337,0,0,0.229,-0.027,0.729,-0.073,0.997
719.0,-0.196,1.825,-5.020,-0.020,1.020,2,14,0,0.191,0,0,0.166,-0.105,4.951,-4.289,0.711,1.019,2,14,0,0.173,0,0,0.200,-0.097,-1.295,-4.399,0.601,1.093,2,14,0,0.176,0,0,0.150,2.686,1.999,-4.477,0.523,1.002,2,14,0,0.207,0,0,0.186,-2.799,1.638,-3.895,1.105,1.059,2,14,0,0.180,0,0,0.184,2.841,0.360,0,0,0.207,-0.149,1.721,-0.172,0.985
720.0,-0.373,2.772,-4.942,0.058,1.009,2,14,0,0.193,0,0,0.191,-0.320,5.920,-4.308,0.692,0.974,2,14,0,0.173,0,0,0.199,-0.289,-0.257,-4.451,0.549,1.078,2,14,0,0.171,0,0,0.193,2.499,3.001,-4.546,0.454,0.991,2,14,0,0.212,0,0,0.231,-3.025,2.640,-3.980,1.020,1.054,2,14,0,0.187,0,0,0.190,2.823,0.350,0,0,0.212,-0.370,2.696,-0.270,0.963
721.0,-0.667,3.732,-5.016,-0.016,1.035,2,14,0,0.187,0,0,0.218,-0.638,6.807,-4.278,0.722,0.964,2,14,0,0.173,0,0,0.154,-0.620,0.724,-4.501,0.499,1.059,2,14,0,0.174,0,0,0.202,2.181,3.880,-4.540,0.460,0.983,2,14,0,0.241,0,0,0.192,-3.440,3.618,-3.997,1.003,1.037,2,14,0,0.181,0,0,0.139,2.891,0.271,0,0,0.241,-0.687,3.644,-0.364,0.931
722.0,-1.115,4.636,-4.940,0.060,1.037,2,14,0,0.189,0,0,0.180,-1.101,7.697,-4.329,0.671,0.986,2,14,0,0.174,0,0,0.101,-1.087,1.635,-4.497,0.503,1.039,2,14,0,0.154,0,0,0.157,1.704,4.783,-4.517,0.483,1.003,2,14,0,0.221,0,0,0.129,-3.899,4.507,-3.988,1.012,0.998,2,14,0,0.184,0,0,0.093,2.855,0.302,0,0,0.221,-1.098,4.555,-0.456,0.890
723.0,-1.645,5.483,-4.972,0.028,1.065,2,14,0,0.192,0,0,0.148,-1.575,8.501,-4.280,0.720,1.005,2,14,0,0.177,0,0,0.096,-1.740,2.558,-4.382,0.618,1.037,2,14,0,0.177,0,0,0.184,1.226,5.543,-4.500,0.500,1.007,2,14,0,0.183,0,0,0.126,-4.362,5.324,-3.965,1.035,1.001,2,14,0,0.165,0,0,0.076,2.902,0.254,0,0,0.192,-1.597,5.421,-0.542,0.840
724.0,-2.414,6.321,-5.003,-0.003,1.078,2,14,0,0.193,0,0,0.090,-2.159,9.325,-4.243,0.757,1.049,2,14,0,0.187,0,0,0.098,-2.347,3.343,-4.398,0.602,0.967,2,14,0,0.209,0,0,0.163,0.556,6.268,-4.482,0.518,1.068,2,14,0,0.277,0,0,0.131,-4.940,6.147,-3.984,1.016,1.012,2,14,0,0.179,0,0,0.087,2.730,0.266,0,0,0.277,-2.180,6.233,-0.623,0.782
725.0,-3.185,7.056,-5.014,-0.014,1.024,2,14,0,0.190,0,0,0.169,-2.875,10.116,-4.245,0.755,1.073,2,14,0,0.151,0,0,0.074,-2.873,4.057,-4.412,0.588,0.945,2,14,0,0.180,0,0,0.124,-0.176,7.103,-4.548,0.452,1.114,2,14,0,0.209,0,0,0.049,-5.545,6.896,-4.013,0.987,1.033,2,14,0,0.259,0,0,0.133,2.569,0.356,0,0,0.259,-2.842,6.983,-0.698,0.716
726.0,-3.882,7.712,-5.030,-0.030,0.964,2,14,0,0.240,0,0,0.135,-3.681,10.845,-4.264,0.736,1.053,2,14,0,0.173,0,0,0.115,-3.543,4.694,-4.462,0.538,0.973,2,14,0,0.172,0,0,0.142,-0.880,7.945,-4.535,0.465,1.091,2,14,0,0.208,0,0,0.128,-6.222,7.604,-3.958,1.042,1.049,2,14,0,0.183,0,0,0.196,2.576,0.417,0,0,0.240,-3.574,7.662,-0.766,0.643
727.0,-4.534,8.326,-5.047,-0.047,0.939,2,14,0,0.194,0,0,0.058,-4.419,11.489,-4.302,0.698,1.016,2,14,0,0.205,0,0,0.153,-4.435,5.306,-4.446,0.554,1.037,2,14,0,0.170,0,0,0.079,-1.579,8.686,-4.559,0.441,1.030,2,14,0,0.182,0,0,0.282,-7.060,8.242,-3.911,1.089,1.101,2,14,0,0.180,0,0,0.182,2.771,0.469,0,0,0.205,-4.371,8.266,-0.827,0.563
728.0,-5.315,8.934,-5.020,-0.020,0.973,2,14,0,0.190,0,0,0.169,-5.348,12.088,-4.250,0.750,1.018,2,14,0,0.169,0,0,0.234,-5.246,5.823,-4.456,0.544,1.033,2,14,0,0.242,0,0,0.101,-2.493,9.212,-4.550,0.450,1.033,2,14,0,0.180,0,0,0.274,-8.031,8.825,-3.983,1.017,1.103,2,14,0,0.250,0,0,0.182,2.875,0.503,0,0,0.250,-5.225,8.786,-0.879,0.478
729.0,-6.175,9.440,-5.000,-0.000,1.002,2,14,0,0.192,0,0,0.254,-6.262,12.527,-4.237,0.763,0.982,2,14,0,0.176,0,0,0.248,-6.212,6.278,-4.455,0.545,1.052,2,14,0,0.218,0,0,0.091,-3.397,9.629,-4.515,0.485,1.009,2,14,0,0.176,0,0,0.259,-8.980,9.273,-3.968,1.032,1.056,2,14,0,0.197,0,0,0.197,2.827,0.491,0,0,0.218,-6.126,9.219,-0.922,0.387
730.0,-7.122,9.755,-5.013,-0.013,1.043,2,14,0,0.189,0,0,0.228,-7.167,12.814,-4.248,0.752,0.951,2,14,0,0.146,0,0,0.185,-7.128,6.634,-4.468,0.532,1.034,2,14,0,0.172,0,0,0.110,-4.381,9.876,-4.549,0.451,1.013,2,14,0,0.177,0,0,0.165,-9.933,9.543,-3.964,1.036,1.013,2,14,0,0.286,0,0,0.136,2.783,0.447,0,0,0.286,-7.065,9.560,-0.956,0.293
731.0,-8.173,9.987,-5.030,-0.030,1.090,2,14,0,0.186,0,0,0.182,-8.091,12.955,-4.276,0.724,0.971,2,14,0,0.206,0,0,0.079,-8.170,6.946,-4.466,0.534,1.058,2,14,0,0.174,0,0,0.175,-5.444,10.002,-4.505,0.495,1.008,2,14,0,0.181,0,0,0.119,-10.929,9.687,-3.971,1.029,1.007,2,14,0,0.274,0,0,0.068,2.779,0.455,0,0,0.274,-8.035,9.805,-0.980,0.197
732.0,-9.291,10.080,-5.042,-0.042,1.090,2,14,0,0.193,0,0,0.145,-9.000,13.070,-4.326,0.674,1.007,2,14,0,0.221,0,0,0.106,-9.181,7.100,-4.403,0.597,1.026,2,14,0,0.171,0,0,0.193,-6.391,10.107,-4.554,0.446,0.974,2,14,0,0.237,0,0,0.068,-11.947,9.857,-3.906,1.094,1.003,2,14,0,0.182,0,0,0.113,2.897,0.399,0,0,0.237,-9.023,9.952,-0.995,0.098
733.0,-10.416,10.075,-5.032,-0.032,1.049,2,14,0,0.221,0,0,0.217,-10.042,13.117,-4.370,0.630,1.056,2,14,0,0.173,0,0,0.067,-10.210,7.181,-4.430,0.570,1.003,2,14,0,0.149,0,0,0.235,-7.377,10.219,-4.560,0.440,0.973,2,14,0,0.178,0,0,0.085,-12.956,9.942,-3.980,1.020,0.973,2,14,0,0.186,0,0,0.141,2.753,0.417,0,0,0.221,-10.022,10.000,-1.000,-0.002
734.0,-11.398,10.070,-5.005,-0.005,0.963,2,14,0,0.188,0,0,0.223,-11.072,13.115,-4.201,0.799,1.065,2,14,0,0.179,0,0,0.095,-11.171,7.091,-4.458,0.542,1.002,2,14,0,0.177,0,0,0.185,-8.241,10.157,-4.476,0.524,0.976,2,14,0,0.181,0,0,0.093,-13.908,9.931,-3.983,1.017,0.959,2,14,0,0.180,0,0,0.144,2.714,0.397,0,0,0.188,-11.020,9.948,-0.995,-0.102
735.0,-12.233,9.931,-5.000,-0.000,0.913,2,14,0,0.192,0,0,0.137,-12.120,12.983,-4.256,0.744,1.066,2,14,0,0.176,0,0,0.119,-12.122,6.851,-4.425,0.575,1.008,2,14,0,0.175,0,0,0.087,-9.280,10.082,-4.469,0.531,1.052,2,14,0,0.226,0,0,0.134,-14.858,9.809,-3.940,1.060,0.985,2,14,0,0.183,0,0,0.160,2.833,0.395,0,0,0.226,-12.008,9.796,-0.980,-0.201
736.0,-13.055,9.702,-4.971,0.029,0.958,2,14,0,0.196,0,0,0.186,-13.183,12.710,-4.291,0.709,1.055,2,14,0,0.171,0,0,0.166,-13.045,6.584,-4.421,0.579,1.024,2,14,0,0.181,0,0,0.066,-10.318,9.958,-4.540,0.460,1.059,2,14,0,0.181,0,0,0.259,-15.802,9.635,-3.904,1.096,1.018,2,14,0,0.179,0,0,0.233,2.782,0.535,0,0,0.196,-12.976,9.547,-0.955,-0.298
737.0,-13.911,9.351,-4.993,0.007,1.062,2,14,0,0.193,0,0,0.234,-14.208,12.346,-4.299,0.701,1.006,2,14,0,0.180,0,0,0.232,-13.989,6.258,-4.472,0.528,1.042,2,14,0,0.178,0,0,0.089,-11.250,9.613,-4.507,0.493,1.073,2,14,0,0.149,0,0,0.257,-16.670,9.258,-3.957,1.043,1.053,2,14,0,0.181,0,0,0.212,2.718,0.530,0,0,0.193,-13.914,9.202,-0.920,-0.391
738.0,-14.936,8.801,-4.958,0.042,1.149,2,14,0,0.191,0,0,0.065,-15.014,11.947,-4.277,0.723,0.952,2,14,0,0.433,0,0,0.167,-14.933,5.816,-4.465,0.535,1.058,2,14,0,0.177,0,0,0.083,-12.177,9.045,-4.483,0.517,1.093,2,14,0,0.172,0,0,0.141,-17.676,8.770,-3.959,1.041,1.110,2,14,0,0.185,0,0,0.155,2.810,0.459,0,0,0.433,-14.813,8.765,-0.877,-0.481
739.0,-15.989,8.251,-4.983,0.017,1.130,2,14,0,0.190,0,0,0.144,-15.786,11.468,-4.288,0.712,0.972,2,14,0,0.178,0,0,0.158,-15.881,5.306,-4.431,0.569,1.067,2,14,0,0.233,0,0,0.152,-13.067,8.432,-4.499,0.501,1.082,2,14,0,0.180,0,0,0.108,-18.571,8.212,-3.984,1.016,1.094,2,14,0,0.205,0,0,0.144,2.769,0.446,0,0,0.233,-15.664,8.241,-0.824,-0.566
740.0,-16.885,7.597,-4.974,0.026,1.049,2,14,0,0.192,0,0,0.242,-16.597,10.842,-4.262,0.738,1.029,2,14,0,0.172,0,0,0.147,-16.807,4.699,-4.447,0.553,1.051,2,14,0,0.178,0,0,0.272,-13.953,7.761,-4.465,0.535,1.057,2,14,0,0.196,0,0,0.197,-19.410,7.531,-3.942,1.058,1.086,2,14,0,0.153,0,0,0.135,2.729,0.510,0,0,0.196,-16.459,7.634,-0.763,-0.646
741.0,-17.628,7.012,-4.964,0.036,0.960,2,14,0,0.234,0,0,0.260,-17.309,10.111,-4.287,0.713,1.052,2,14,0,0.172,0,0,0.096,-17.669,4.041,-4.424,0.576,1.001,2,14,0,0.179,0,0,0.403,-14.639,7.086,-4.512,0.488,0.990,2,14,0,0.175,0,0,0.147,-20.108,6.766,-3.957,1.043,1.044,2,14,0,0.184,0,0,0.104,2.688,0.488,0,0,0.234,-17.189,6.952,-0.695,-0.719
742.0,-18.335,6.313,-5.037,-0.037,0.950,2,14,0,0.279,0,0,0.326,-18.024,9.329,-4.278,0.722,1.065,2,14,0,0.175,0,0,0.115,-18.197,3.293,-4.415,0.585,0.965,2,14,0,0.179,0,0,0.286,-15.271,6.341,-4.532,0.468,0.972,2,14,0,0.177,0,0,0.126,-20.780,5.964,-3.980,1.020,1.013,2,14,0,0.234,0,0,0.142,2.686,0.502,0,0,0.279,-17.847,6.199,-0.620,-0.785
743.0,-18.874,5.519,-5.027,-0.027,0.960,2,14,0,0.202,0,0,0.296,-18.606,8.490,-4.295,0.705,1.054,2,14,0,0.187,0,0,0.109,-18.540,2.434,-4.452,0.548,0.996,2,14,0,0.173,0,0,0.080,-15.811,5.580,-4.551,0.449,0.974,2,14,0,0.178,0,0,0.093,-21.440,5.178,-4.011,0.989,0.982,2,14,0,0.180,0,0,0.200,2.781,0.467,0,0,0.202,-18.426,5.385,-0.538,-0.843
744.0,-19.229,4.696,-4.922,0.078,0.991,2,14,0,0.335,0,0,0.215,-19.203,7.591,-4.213,0.787,1.041,2,14,0,0.204,0,0,0.206,-18.906,1.524,-4.535,0.465,1.043,2,14,0,0.146,0,0,0.116,-16.271,4.734,-4.501,0.499,0.989,2,14,0,0.187,0,0,0.076,-22.010,4.411,-3.947,1.053,0.951,2,14,0,0.181,0,0,0.268,2.962,0.411,0,0,0.335,-18.922,4.517,-0.452,-0.892
745.0,-19.506,3.735,-4.955,0.045,1.072,2,14,0,0.232,0,0,0.127,-19.618,6.672,-4.317,0.683,1.008,2,14,0,0.258,0,0,0.215,-19.332,0.553,-4.475,0.525,1.075,2,14,0,0.175,0,0,0.096,-16.766,3.847,-4.465,0.535,1.025,2,14,0,0.184,0,0,0.160,-22.335,3.571,-4.014,0.986,0.964,2,14,0,0.182,0,0,0.216,2.786,0.500,0,0,0.258,-19.328,3.603,-0.360,-0.933
746.0,-19.819,2.644,-5.009,-0.009,1.116,2,14,0,0.188,0,0,0.015,-19.882,5.714,-4.343,0.657,1.000,2,14,0,0.171,0,0,0.167,-19.773,-0.432,-4.424,0.576,1.055,2,14,0,0.177,0,0,0.070,-17.190,2.935,-4.500,0.500,1.037,2,14,0,0.175,0,0,0.275,-22.523,2.624,-3.959,1.041,1.020,2,14,0,0.179,0,0,0.136,2.693,0.617,0,0,0.188,-19.641,2.654,-0.265,-0.964
747.0,-20.007,1.557,-5.044,-0.044,1.088,2,14,0,0.191,0,0,0.131,-20.022,4.736,-4.284,0.716,0.997,2,14,0,0.214,0,0,0.094,-20.050,-1.420,-4.417,0.583,1.024,2,14,0,0.175,0,0,0.118,-17.391,1.921,-4.529,0.471,1.063,2,14,0,0.189,0,0,0.247,-22.711,1.619,-3.945,1.055,1.080,2,14,0,0.239,0,0,0.091,2.691,0.586,0,0,0.239,-19.858,1.678,-0.168,-0.986
748.0,-20.151,0.513,-4.981,0.019,1.011,2,14,0,0.185,0,0,0.178,-20.044,3.753,-4.258,0.742,0.998,2,14,0,0.214,0,0,0.014,-20.248,-2.392,-4.461,0.539,0.992,2,14,0,0.182,0,0,0.181,-17.409,0.867,-4.504,0.496,1.081,2,14,0,0.404,0,0,0.132,-22.863,0.533,-3.940,1.060,1.102,2,14,0,0.182,0,0,0.064,2.806,0.469,0,0,0.404,-19.976,0.686,-0.069,-0.998
749.0,-20.303,-0.437,-5.076,-0.076,0.948,2,14,0,0.192,0,0,0.181,-20.071,2.755,-4.314,0.686,1.016,2,14,0,0.174,0,0,0.009,-20.330,-3.365,-4.417,0.583,0.989,2,14,0,0.177,0,0,0.237,-17.339,-0.195,-4.521,0.479,1.081,2,14,0,0.177,0,0,0.057,-22.883,-0.557,-3.928,1.072,1.071,2,14,0,0.180,0,0,0.110,2.826,0.364,0,0,0.192,-19.995,-0.314,0.031,-1.000
750.0,-20.325,-1.347,-5.110,-0.110,0.932,2,14,0,0.195,0,0,0.234,-20.102,1.729,-4.284,0.716,1.033,2,14,0,0.173,0,0,0.117,-20.308,-4.363,-4.469,0.531,1.007,2,14,0,0.177,0,0,0.295,-17.237,-1.267,-4.513,0.487,1.059,2,14,0,0.361,0,0,0.116,-22.881,-1.564,-3.952,1.048,1.012,2,14,0,0.187,0,0,0.181,2.815,0.413,0,0,0.361,-19.914,-1.310,0.131,-0.991
751.0,-20.202,-2.264,-5.014,-0.014,0.968,2,14,0,0.197,0,0,0.289,-20.026,0.736,-4.270,0.730,1.022,2,14,0,0.322,0,0,0.218,-20.089,-5.345,-4.407,0.593,1.039,2,14,0,0.205,0,0,0.259,-17.116,-2.275,-4.539,0.461,1.007,2,14,0,0.177,0,0,0.161,-22.736,-2.533,-3.956,1.044,0.984,2,14,0,0.181,0,0,0.203,2.760,0.469,0,0,0.322,-19.734,-2.293,0.229,-0.973
752.0,-19.846,-3.225,-4.916,0.084,1.059,2,14,0,0.195,0,0,0.216,-19.742,-0.298,-4.293,0.707,1.041,2,14,0,0.144,0,0,0.241,-19.697,-6.309,-4.472,0.528,1.076,2,14,0,0.177,0,0,0.145,-16.907,-3.268,-4.469,0.531,0.982,2,14,0,0.180,0,0,0.227,-22.385,-3.419,-3.945,1.055,0.996,2,14,0,0.186,0,0,0.107,2.725,0.451,0,0,0.195,-19.456,-3.253,0.325,-0.946
753.0,-19.321,-4.218,-4.984,0.016,1.105,2,14,0,0.193,0,0,0.070,-19.329,-1.243,-4.266,0.734,1.019,2,14,0,0.172,0,0,0.219,-19.209,-7.264,-4.394,0.606,1.076,2,14,0,0.151,0,0,0.061,-16.457,-4.183,-4.489,0.511,0.968,2,14,0,0.181,0,0,0.171,-22.054,-4.381,-3.938,1.062,1.026,2,14,0,0.188,0,0,0.157,2.906,0.373,0,0,0.193,-19.084,-4.181,0.418,-0.908
754.0,-18.773,-5.135,-5.027,-0.027,1.072,2,14,0,0.188,0,0,0.071,-18.823,-2.070,-4.249,0.751,1.018,2,14,0,0.172,0,0,0.149,-18.702,-8.171,-4.437,0.563,1.046,2,14,0,0.529,0,0,0.080,-15.938,-5.027,-4.473,0.527,0.959,2,14,0,0.193,0,0,0.112,-21.606,-5.358,-3.917,1.083,1.047,2,14,0,0.179,0,0,0.217,2.891,0.319,0,0,0.529,-18.621,-5.067,0.507,-0.862
755.0,-18.252,-6.064,-5.000,0.000,1.033,2,14,0,0.234,0,0,0.160,-18.195,-2.882,-4.250,0.750,1.037,2,14,0,0.171,0,0,0.072,-18.189,-9.058,-4.459,0.541,1.018,2,14,0,0.171,0,0,0.130,-15.411,-5.777,-4.496,0.504,0.955,2,14,0,0.285,0,0,0.047,-20.942,-6.162,-3.960,1.040,1.038,2,14,0,0.213,0,0,0.120,2.885,0.361,0,0,0.285,-18.072,-5.903,0.590,-0.807
756.0,-17.681,-6.827,-4.995,0.005,0.985,2,14,0,0.201,0,0,0.163,-17.533,-3.652,-4.289,0.711,1.039,2,14,0,0.223,0,0,0.051,-17.518,-9.838,-4.465,0.535,0.999,2,14,0,0.196,0,0,0.134,-14.837,-6.520,-4.531,0.469,0.984,2,14,0,0.256,0,0,0.087,-20.295,-6.931,-3.985,1.015,1.023,2,14,0,0.192,0,0,0.111,2.804,0.426,0,0,0.256,-17.443,-6.679,0.668,-0.744
757.0,-17.051,-7.484,-5.011,-0.011,0.980,2,14,0,0.193,0,0,0.167,-16.883,-4.375,-4.334,0.666,1.020,2,14,0,0.175,0,0,0.090,-16.829,-10.545,-4.420,0.580,0.969,2,14,0,0.180,0,0,0.136,-14.242,-7.282,-4.554,0.446,1.030,2,14,0,0.174,0,0,0.202,-19.520,-7.639,-3.930,1.070,1.016,2,14,0,0.182,0,0,0.113,2.700,0.514,0,0,0.193,-16.739,-7.389,0.739,-0.674
758.0,-16.261,-8.133,-5.019,-0.019,1.033,2,14,0,0.164,0,0,0.163,-16.045,-5.086,-4.273,0.727,1.037,2,14,0,0.172,0,0,0.139,-16.124,-11.208,-4.434,0.566,0.966,2,14,0,0.210,0,0,0.168,-13.464,-7.926,-4.590,0.410,1.086,2,14,0,0.184,0,0,0.202,-18.751,-8.282,-3.989,1.011,0.988,2,14,0,0.179,0,0,0.119,2.698,0.506,0,0,0.210,-15.967,-8.024,0.802,-0.597
759.0,-15.298,-8.698,-4.974,0.026,1.049,2,14,0,0.198,0,0,0.119,-15.185,-5.677,-4.265,0.735,1.015,2,14,0,0.174,0,0,0.175,-15.381,-11.767,-4.541,0.459,0.974,2,14,0,0.176,0,0,0.212,-12.494,-8.508,-4.545,0.455,1.126,2,14,0,0.174,0,0,0.101,-17.989,-8.864,-4.025,0.975,0.965,2,14,0,0.191,0,0,0.142,2.842,0.365,0,0,0.198,-15.136,-8.580,0.858,-0.514
760.0,-14.468,-9.144,-4.919,0.081,1.014,2,14,0,0.192,0,0,0.103,-14.281,-6.144,-4.270,0.730,0.980,2,14,0,0.172,0,0,0.177,-14.508,-12.198,-4.450,0.550,1.032,2,14,0,0.178,0,0,0.191,-11.493,-9.032,-4.468,0.532,1.101,2,14,0,0.610,0,0,0.152,-17.169,-9.366,-4.055,0.945,0.984,2,14,0,0.176,0,0,0.193,2.844,0.327,0,0,0.610,-14.254,-9.050,0.905,-0.425
761.0,-13.508,-9.578,-5.017,-0.017,1.030,2,14,0,0.187,0,0,0.151,-13.448,-6.582,-4.300,0.700,0.959,2,14,0,0.174,0,0,0.231,-13.515,-12.553,-4.449,0.551,1.073,2,14,0,0.204,0,0,0.125,-10.578,-9.478,-4.541,0.459,1.021,2,14,0,0.179,0,0,0.213,-16.240,-9.716,-3.995,1.005,1.015,2,14,0,0.181,0,0,0.166,2.920,0.300,0,0,0.204,-13.329,-9.429,0.943,-0.333
762.0,-12.530,-9.855,-5.036,-0.036,1.016,2,14,0,0.187,0,0,0.145,-12.525,-6.817,-4.314,0.686,0.991,2,14,0,0.238,0,0,0.193,-12.436,-12.773,-4.473,0.527,1.086,2,14,0,0.175,0,0,0.053,-9.601,-9.829,-4.540,0.460,0.994,2,14,0,0.213,0,0,0.276,-15.265,-9.909,-3.962,1.038,1.036,2,14,0,0.178,0,0,0.086,2.939,0.256,0,0,0.238,-12.371,-9.715,0.971,-0.237
763.0,-11.474,-9.996,-4.973,0.027,1.028,2,14,0,0.192,0,0,0.131,-11.521,-6.943,-4.303,0.697,1.040,2,14,0,0.171,0,0,0.127,-11.373,-12.973,-4.474,0.526,1.045,2,14,0,0.265,0,0,0.125,-8.691,-9.954,-4.552,0.448,0.967,2,14,0,0.175,0,0,0.208,-14.205,-10.084,-3.964,1.036,1.061,2,14,0,0.176,0,0,0.037,2.814,0.306,0,0,0.265,-11.390,-9.903,0.990,-0.139
764.0,-10.435,-10.091,-4.983,0.017,1.002,2,14,0,0.200,0,0,0.174,-10.493,-7.013,-4.304,0.696,1.064,2,14,0,0.171,0,0,0.097,-10.376,-13.115,-4.468,0.532,0.993,2,14,0,0.218,0,0,0.152,-7.605,-9.940,-4.484,0.516,1.013,2,14,0,0.153,0,0,0.140,-13.177,-10.267,-3.987,1.013,1.047,2,14,0,0.177,0,0,0.136,2.877,0.351,0,0,0.218,-10.394,-9.992,0.999,-0.039
765.0,-9.421,-10.132,-4.984,0.016,0.963,2,14,0,0.247,0,0,0.219,-9.440,-6.990,-4.276,0.724,1.062,2,14,0,0.168,0,0,0.089,-9.447,-13.172,-4.395,0.605,0.957,2,14,0,0.766,0,0,0.166,-6.579,-9.850,-4.475,0.525,0.982,2,14,0,0.181,0,0,0.126,-12.152,-10.256,-3.970,1.030,1.037,2,14,0,0.177,0,0,0.145,2.901,0.367,0,0,0.766,-9.395,-9.982,0.998,0.061
766.0,-8.542,-10.011,-5.005,-0.005,0.931,2,14,0,0.300,0,0,0.150,-8.395,-6.843,-4.291,0.709,1.045,2,14,0,0.174,0,0,0.095,-8.493,-13.138,-4.425,0.575,0.981,2,14,0,0.197,0,0,0.235,-5.680,-9.751,-4.488,0.512,0.956,2,14,0,0.215,0,0,0.043,-11.072,-10.149,-3.909,1.091,1.026,2,14,0,0.181,0,0,0.202,2.760,0.431,0,0,0.300,-8.401,-9.871,0.987,0.160
767.0,-7.660,-9.759,-4.941,0.059,0.985,2,14,0,0.189,0,0,0.121,-7.336,-6.701,-4.249,0.751,1.010,2,14,0,0.173,0,0,0.201,-7.529,-12.889,-4.417,0.583,1.024,2,14,0,0.176,0,0,0.197,-4.723,-9.547,-4.523,0.477,0.986,2,14,0,0.179,0,0,0.041,-10.163,-9.904,-3.929,1.071,0.973,2,14,0,0.180,0,0,0.128,2.704,0.356,0,0,0.189,-7.424,-9.662,0.966,0.258
768.0,-6.718,-9.410,-4.976,0.024,1.055,2,14,0,0.191,0,0,0.087,-6.409,-6.408,-4.210,0.790,0.976,2,14,0,0.244,0,0,0.188,-6.560,-12.523,-4.404,0.596,1.058,2,14,0,0.182,0,0,0.135,-3.809,-9.285,-4.518,0.482,1.008,2,14,0,0.174,0,0,0.087,-9.251,-9.577,-3.990,1.010,0.996,2,14,0,0.176,0,0,0.086,2.724,0.345,0,0,0.244,-6.472,-9.357,0.936,0.353
769.0,-5.659,-9.032,-5.015,-0.015,1.074,2,14,0,0.185,0,0,0.110,-5.581,-6.022,-4.251,0.749,0.966,2,14,0,0.228,0,0,0.148,-5.578,-12.076,-4.486,0.514,1.071,2,14,0,0.176,0,0,0.116,-2.793,-8.946,-4.533,0.467,1.044,2,14,0,0.213,0,0,0.156,-8.356,-9.219,-3.965,1.035,1.003,2,14,0,0.211,0,0,0.120,2.901,0.328,0,0,0.228,-5.555,-8.958,0.896,0.444
770.0,-4.764,-8.511,-5.000,-0.000,1.050,2,14,0,0.233,0,0,0.107,-4.800,-5.463,-4.279,0.721,1.006,2,14,0,0.173,0,0,0.076,-4.640,-11.561,-4.457,0.543,1.047,2,14,0,0.221,0,0,0.160,-1.950,-8.460,-4.579,0.421,1.039,2,14,0,0.177,0,0,0.150,-7.406,-8.730,-3.937,1.063,1.034,2,14,0,0.180,0,0,0.153,2.846,0.381,0,0,0.233,-4.683,-8.470,0.847,0.532
771.0,-3.892,-7.963,-5.019,-0.019,1.019,2,14,0,0.188,0,0,0.164,-3.955,-4.827,-4.258,0.742,1.053,2,14,0,0.236,0,0,0.014,-3.825,-10.981,-4.505,0.495,0.997,2,14,0,0.178,0,0,0.154,-1.138,-7.835,-4.486,0.514,1.072,2,14,0,0.176,0,0,0.097,-6.620,-8.121,-3.913,1.087,1.031,2,14,0,0.179,0,0,0.104,2.808,0.332,0,0,0.236,-3.864,-7.896,0.790,0.614
772.0,-3.144,-7.359,-5.035,-0.035,1.010,2,14,0,0.191,0,0,0.186,-3.092,-4.198,-4.272,0.728,1.045,2,14,0,0.171,0,0,0.095,-3.035,-10.295,-4.482,0.518,0.994,2,14,0,0.177,0,0,0.173,-0.312,-7.132,-4.505,0.495,1.082,2,14,0,0.176,0,0,0.107,-5.854,-7.429,-3.937,1.063,1.048,2,14,0,0.188,0,0,0.086,2.890,0.313,0,0,0.191,-3.107,-7.244,0.724,0.689
773.0,-2.412,-6.647,-4.967,0.033,1.010,2,14,0,0.186,0,0,0.227,-2.350,-3.503,-4.321,0.679,1.023,2,14,0,0.176,0,0,0.154,-2.427,-9.555,-4.503,0.497,0.965,2,14,0,0.235,0,0,0.092,0.471,-6.348,-4.496,0.504,1.051,2,14,0,0.181,0,0,0.187,-5.063,-6.699,-3.905,1.095,1.034,2,14,0,0.179,0,0,0.182,2.856,0.398,0,0,0.235,-2.418,-6.520,0.652,0.758
774.0,-1.856,-5.851,-4.945,0.055,1.041,2,14,0,0.198,0,0,0.180,-1.635,-2.721,-4.310,0.690,1.013,2,14,0,0.171,0,0,0.254,-1.855,-8.815,-4.463,0.537,0.976,2,14,0,0.176,0,0,0.072,1.153,-5.582,-4.514,0.486,0.994,2,14,0,0.177,0,0,0.261,-4.375,-5.967,-3.959,1.041,1.004,2,14,0,0.179,0,0,0.269,2.708,0.490,0,0,0.198,-1.805,-5.731,0.573,0.820
775.0,-1.334,-4.909,-4.975,0.025,1.067,2,14,0,0.185,0,0,0.123,-1.074,-1.889,-4.271,0.729,0.993,2,14,0,0.175,0,0,0.289,-1.321,-7.945,-4.463,0.537,1.007,2,14,0,0.175,0,0,0.058,1.674,-4.777,-4.618,0.382,0.953,2,14,0,0.171,0,0,0.254,-3.888,-5.145,-3.974,1.026,1.003,2,14,0,0.177,0,0,0.239,2.753,0.466,0,0,0.185,-1.274,-4.884,0.488,0.873
776.0,-0.869,-3.970,-5.007,-0.007,1.053,2,14,0,0.189,0,0,0.142,-0.728,-0.974,-4.286,0.714,1.006,2,14,0,0.183,0,0,0.191,-0.873,-7.088,-4.431,0.569,1.016,2,14,0,0.171,0,0,0.086,2.118,-3.891,-4.504,0.496,0.976,2,14,0,0.180,0,0,0.258,-3.544,-4.228,-3.922,1.078,1.028,2,14,0,0.180,0,0,0.144,2.898,0.373,0,0,0.189,-0.830,-3.988,0.399,0.917
777.0,-0.516,-2.954,-5.007,-0.007,1.039,2,14,0,0.195,0,0,0.170,-0.496,-0.019,-4.324,0.676,1.024,2,14,0,0.173,0,0,0.069,-0.457,-6.152,-4.423,0.577,1.055,2,14,0,0.175,0,0,0.136,2.411,-2.899,-4.485,0.515,1.001,2,14,0,0.185,0,0,0.193,-3.290,-3.184,-3.943,1.057,1.071,2,14,0,0.179,0,0,0.010,2.974,0.228,0,0,0.195,-0.477,-3.053,0.305,0.952
778.0,-0.264,-1.985,-4.981,0.019,0.992,2,14,0,0.190,0,0,0.168,-0.265,1.008,-4.340,0.660,1.049,2,14,0,0.175,0,0,0.039,-0.172,-5.126,-4.463,0.537,1.058,2,14,0,0.172,0,0,0.148,2.519,-1.953,-4.490,0.510,0.998,2,14,0,0.177,0,0,0.049,-3.014,-2.187,-3.985,1.015,1.039,2,14,0,0.176,0,0,0.047,2.826,0.293,0,0,0.190,-0.220,-2.087,0.209,0.978
779.0,-0.101,-1.070,-4.980,0.020,0.962,2,14,0,0.189,0,0,0.141,-0.135,2.040,-4.280,0.720,1.037,2,14,0,0.179,0,0,0.070,0.026,-4.082,-4.430,0.570,1.050,2,14,0,0.180,0,0,0.195,2.585,-0.928,-4.533,0.467,1.037,2,14,0,0.186,0,0,0.053,-2.815,-1.239,-4.007,0.993,1.020,2,14,0,0.206,0,0,0.069,2.727,0.393,0,0,0.206,-0.061,-1.100,0.110,0.994
780.0,-0.123,-0.092,-4.992,0.008,0.991,2,14,0,0.217,0,0,0.058,-0.025,2.999,-4.245,0.755,1.002,2,14,0,0.171,0,0,0.060,0.084,-3.046,-4.416,0.584,1.023,2,14,0,0.205,0,0,0.203,2.622,0.117,-4.514,0.486,1.038,2,14,0,0.179,0,0,0.100,-2.660,-0.214,-3.952,1.048,1.031,2,14,0,0.178,0,0,0.167,2.744,0.436,0,0,0.217,-0.001,-0.102,0.010,1.000
781.0,-0.107,0.912,-5.024,-0.024,1.000,2,14,0,0.263,0,0,0.115,0.040,4.015,-4.267,0.733,1.008,2,14,0,0.228,0,0,0.162,0.018,-2.081,-4.446,0.554,0.989,2,14,0,0.180,0,0,0.166,2.681,1.150,-4.497,0.503,1.010,2,14,0,0.698,0,0,0.105,-2.663,0.870,-3.958,1.042,1.013,2,14,0,0.178,0,0,0.233,2.770,0.378,0,0,0.698,-0.040,0.897,-0.090,0.996
782.0,-0.236,1.931,-4.981,0.019,1.028,2,14,0,0.190,0,0,0.131,-0.061,5.055,-4.310,0.690,1.020,2,14,0,0.179,0,0,0.216,-0.138,-1.110,-4.424,0.576,1.014,2,14,0,0.181,0,0,0.144,2.735,2.138,-4.497,0.503,0.986,2,14,0,0.177,0,0,0.237,-2.771,1.906,-3.964,1.036,1.006,2,14,0,0.180,0,0,0.280,2.731,0.409,0,0,0.190,-0.180,1.886,-0.189,0.982
783.0,-0.412,2.950,-4.971,0.029,1.029,2,14,0,0.549,0,0,0.205,-0.298,6.025,-4.297,0.703,1.001,2,14,0,0.178,0,0,0.216,-0.339,-0.124,-4.461,0.539,1.020,2,14,0,0.212,0,0,0.180,2.551,3.101,-4.523,0.477,0.978,2,14,0,0.184,0,0,0.285,-2.998,2.855,-3.935,1.065,0.989,2,14,0,0.183,0,0,0.280,2.788,0.419,0,0,0.549,-0.417,2.857,-0.286,0.958
784.0,-0.818,3.929,-5.057,-0.057,1.033,2,14,0,0.195,0,0,0.165,-0.590,6.918,-4.242,0.758,1.001,2,14,0,0.206,0,0,0.239,-0.678,0.806,-4.443,0.557,1.047,2,14,0,0.175,0,0,0.172,2.263,3.947,-4.539,0.461,1.001,2,14,0,0.177,0,0,0.315,-3.412,3.747,-3.925,1.075,1.001,2,14,0,0.181,0,0,0.186,2.836,0.342,0,0,0.206,-0.750,3.800,-0.380,0.925
785.0,-1.262,4.824,-5.034,-0.034,0.998,2,14,0,0.201,0,0,0.145,-1.023,7.824,-4.266,0.734,1.038,2,14,0,0.172,0,0,0.233,-1.100,1.765,-4.425,0.575,1.043,2,14,0,0.210,0,0,0.196,1.730,4.876,-4.543,0.457,1.084,2,14,0,0.153,0,0,0.213,-3.924,4.558,-3.928,1.072,1.012,2,14,0,0.182,0,0,0.075,2.894,0.291,0,0,0.210,-1.176,4.704,-0.470,0.882
786.0,-1.808,5.652,-5.003,-0.003,1.015,2,14,0,0.198,0,0,0.105,-1.529,8.718,-4.208,0.792,1.090,2,14,0,1.076,0,0,0.250,-1.685,2.616,-4.436,0.564,1.052,2,14,0,0.170,0,0,0.134,1.059,5.782,-4.572,0.428,1.123,2,14,0,0.178,0,0,0.085,-4.581,5.382,-3.973,1.027,1.044,2,14,0,0.177,0,0,0.077,2.902,0.334,0,0,1.076,-1.689,5.562,-0.556,0.831
787.0,-2.455,6.463,-4.945,0.055,1.015,2,14,0,0.185,0,0,0.095,-2.303,9.485,-4.236,0.764,1.121,2,14,0,0.171,0,0,0.078,-2.381,3.445,-4.479,0.521,1.056,2,14,0,0.171,0,0,0.113,0.373,6.602,-4.574,0.426,1.087,2,14,0,0.177,0,0,0.094,-5.188,6.145,-3.962,1.038,1.041,2,14,0,0.486,0,0,0.108,2.856,0.416,0,0,0.486,-2.286,6.364,-0.636,0.771
788.0,-3.037,7.192,-4.957,0.043,1.005,2,14,0,0.198,0,0,0.134,-3.138,10.263,-4.295,0.705,1.098,2,14,0,0.202,0,0,0.137,-3.119,4.174,-4.445,0.555,1.012,2,14,0,0.206,0,0,0.123,-0.418,7.358,-4.525,0.475,1.045,2,14,0,0.171,0,0,0.187,-5.790,6.967,-3.943,1.057,1.034,2,14,0,0.187,0,0,0.012,2.660,0.525,0,0,0.206,-2.960,7.102,-0.710,0.704
789.0,-3.795,7.869,-5.000,-0.000,1.035,2,14,0,0.226,0,0,0.131,-3.964,10.990,-4.317,0.683,1.024,2,14,0,0.171,0,0,0.238,-3.861,4.805,-4.451,0.549,0.972,2,14,0,0.205,0,0,0.094,-1.131,8.047,-4.500,0.500,0.966,2,14,0,0.178,0,0,0.179,-6.368,7.790,-3.987,1.013,1.035,2,14,0,0.180,0,0,0.230,2.717,0.509,0,0,0.226,-3.704,7.769,-0.777,0.630
790.0,-4.593,8.499,-5.035,-0.035,1.050,2,14,0,0.222,0,0,0.167,-4.685,11.589,-4.289,0.711,0.928,2,14,0,0.172,0,0,0.189,-4.527,5.387,-4.428,0.572,0.964,2,14,0,0.271,0,0,0.098,-1.825,8.646,-4.475,0.525,0.929,2,14,0,0.175,0,0,0.135,-7.103,8.483,-3.973,1.027,1.042,2,14,0,0.181,0,0,0.356,2.725,0.427,0,0,0.271,-4.511,8.359,-0.836,0.549
791.0,-5.509,9.012,-4.999,0.001,1.053,2,14,0,0.193,0,0,0.148,-5.449,12.093,-4.316,0.684,0.916,2,14,0,0.175,0,0,0.155,-5.361,5.894,-4.443,0.557,1.015,2,14,0,0.179,0,0,0.119,-2.547,9.162,-4.441,0.559,0.926,2,14,0,0.152,0,0,0.190,-8.094,9.009,-3.992,1.008,1.082,2,14,0,0.152,0,0,0.307,2.774,0.344,0,0,0.193,-5.373,8.865,-0.887,0.463
792.0,-6.466,9.445,-5.019,-0.019,1.047,2,14,0,0.188,0,0,0.154,-6.320,12.463,-4.302,0.698,0.935,2,14,0,0.175,0,0,0.114,-6.343,6.390,-4.484,0.516,1.068,2,14,0,0.205,0,0,0.143,-3.379,9.567,-4.448,0.552,1.001,2,14,0,0.180,0,0,0.240,-9.142,9.361,-3.915,1.085,1.060,2,14,0,0.181,0,0,0.226,2.896,0.300,0,0,0.205,-6.281,9.283,-0.928,0.372
793.0,-7.456,9.789,-4.967,0.033,1.030,2,14,0,0.190,0,0,0.183,-7.254,12.803,-4.257,0.743,0.975,2,14,0,0.172,0,0,0.130,-7.340,6.837,-4.485,0.515,1.044,2,14,0,0.174,0,0,0.260,-4.410,9.898,-4.523,0.477,1.091,2,14,0,0.178,0,0,0.182,-10.110,9.557,-3.981,1.019,1.028,2,14,0,0.181,0,0,0.112,2.841,0.343,0,0,0.190,-7.227,9.608,-0.961,0.277
794.0,-8.516,9.983,-5.025,-0.025,1.009,2,14,0,0.188,0,0,0.190,-8.220,13.046,-4.288,0.712,1.019,2,14,0,0.148,0,0,0.147,-8.334,7.078,-4.452,0.548,1.027,2,14,0,0.188,0,0,0.279,-5.566,10.134,-4.547,0.453,1.114,2,14,0,0.174,0,0,0.157,-11.103,9.712,-4.050,0.950,1.006,2,14,0,0.181,0,0,0.083,2.778,0.472,0,0,0.188,-8.200,9.837,-0.984,0.180
795.0,-9.495,10.092,-4.992,0.008,0.965,2,14,0,0.192,0,0,0.167,-9.264,13.226,-4.334,0.666,1.039,2,14,0,0.179,0,0,0.186,-9.305,7.170,-4.473,0.527,1.009,2,14,0,0.176,0,0,0.235,-6.570,10.273,-4.524,0.476,1.054,2,14,0,0.176,0,0,0.170,-12.064,9.848,-3.928,1.072,0.985,2,14,0,0.180,0,0,0.056,2.792,0.487,0,0,0.192,-9.191,9.967,-0.997,0.081
796.0,-10.415,10.126,-4.956,0.044,0.951,2,14,0,0.191,0,0,0.128,-10.235,13.198,-4.280,0.720,1.051,2,14,0,0.178,0,0,0.130,-10.285,7.150,-4.437,0.563,1.013,2,14,0,0.177,0,0,0.183,-7.629,10.290,-4.521,0.479,1.027,2,14,0,0.176,0,0,0.195,-13.068,9.901,-3.945,1.055,0.992,2,14,0,0.177,0,0,0.073,2.824,0.527,0,0,0.191,-10.190,9.998,-1.000,-0.019
797.0,-11.366,10.071,-4.940,0.060,0.979,2,14,0,0.188,0,0,0.136,-11.275,13.100,-4.284,0.716,1.065,2,14,0,0.176,0,0,0.097,-11.278,6.967,-4.461,0.539,1.032,2,14,0,0.173,0,0,0.069,-8.492,10.152,-4.491,0.509,0.983,2,14,0,0.361,0,0,0.070,-14.093,9.865,-4.021,0.979,0.997,2,14,0,0.177,0,0,0.116,2.885,0.377,0,0,0.361,-11.187,9.929,-0.993,-0.119
798.0,-12.313,9.893,-4.966,0.034,1.020,2,14,0,0.194,0,0,0.133,-12.342,12.950,-4.237,0.763,1.056,2,14,0,0.171,0,0,0.149,-12.297,6.752,-4.381,0.619,1.049,2,14,0,0.214,0,0,0.036,-9.530,9.926,-4.575,0.425,1.012,2,14,0,0.178,0,0,0.059,-15.061,9.781,-3.990,1.010,0.985,2,14,0,0.179,0,0,0.177,2.810,0.394,0,0,0.214,-12.172,9.761,-0.976,-0.217
799.0,-13.358,9.592,-5.044,-0.044,1.067,2,14,0,0.164,0,0,0.100,-13.335,12.664,-4.296,0.704,1.031,2,14,0,0.173,0,0,0.158,-13.234,6.498,-4.445,0.555,1.030,2,14,0,0.177,0,0,0.031,-10.578,9.744,-4.558,0.442,1.009,2,14,0,0.176,0,0,0.162,-15.964,9.585,-3.988,1.012,1.000,2,14,0,0.180,0,0,0.235,2.812,0.507,0,0,0.180,-13.136,9.496,-0.950,-0.314
800.0,-14.393,9.166,-4.986,0.014,1.057,2,14,0,0.190,0,0,0.140,-14.208,12.281,-4.319,0.681,1.003,2,14,0,0.172,0,0,0.099,-14.156,6.136,-4.484,0.516,1.043,2,14,0,0.186,0,0,0.029,-11.479,9.481,-4.487,0.513,0.967,2,14,0,0.179,0,0,0.218,-16.909,9.155,-3.949,1.051,1.056,2,14,0,0.185,0,0,0.166,2.721,0.537,0,0,0.190,-14.068,9.135,-0.914,-0.407
801.0,-15.303,8.754,-4.976,0.024,1.008,2,14,0,0.228,0,0,0.175,-15.068,11.872,-4.296,0.704,1.011,2,14,0,0.174,0,0,0.118,-15.174,5.705,-4.418,0.582,1.058,2,14,0,0.175,0,0,0.128,-12.322,9.082,-4.487,0.513,0.999,2,14,0,0.215,0,0,0.250,-17.874,8.647,-3.923,1.077,1.071,2,14,0,0.178,0,0,0.141,2.781,0.539,0,0,0.228,-14.960,8.683,-0.868,-0.496
802.0,-16.140,8.225,-5.028,-0.028,0.987,2,14,0,0.193,0,0,0.171,-15.911,11.330,-4.237,0.763,1.042,2,14,0,0.173,0,0,0.116,-16.145,5.208,-4.441,0.559,1.009,2,14,0,0.171,0,0,0.269,-13.179,8.474,-4.573,0.427,1.053,2,14,0,0.175,0,0,0.190,-18.710,8.086,-3.944,1.056,1.057,2,14,0,0.179,0,0,0.122,2.793,0.501,0,0,0.193,-15.802,8.145,-0.814,-0.580
803.0,-16.847,7.641,-4.951,0.049,0.970,2,14,0,0.187,0,0,0.136,-16.739,10.685,-4.276,0.724,1.057,2,14,0,0.172,0,0,0.115,-16.885,4.661,-4.463,0.537,0.962,2,14,0,0.177,0,0,0.263,-13.935,7.756,-4.570,0.430,1.079,2,14,0,0.211,0,0,0.091,-19.535,7.443,-3.999,1.001,1.048,2,14,0,0.191,0,0,0.141,2.859,0.419,0,0,0.211,-16.586,7.525,-0.752,-0.659
804.0,-17.602,6.903,-4.987,0.013,1.016,2,14,0,0.189,0,0,0.133,-17.510,9.914,-4.251,0.749,1.054,2,14,0,0.148,0,0,0.132,-17.563,3.959,-4.528,0.472,0.989,2,14,0,0.178,0,0,0.227,-14.757,6.974,-4.471,0.529,1.074,2,14,0,0.180,0,0,0.145,-20.286,6.697,-3.945,1.055,1.042,2,14,0,0.224,0,0,0.159,2.887,0.475,0,0,0.224,-17.304,6.830,-0.683,-0.730
805.0,-18.287,6.167,-4.960,0.040,1.018,2,14,0,0.190,0,0,0.183,-18.174,9.092,-4.344,0.656,1.018,2,14,0,0.171,0,0,0.159,-18.200,3.185,-4.460,0.540,1.031,2,14,0,0.852,0,0,0.213,-15.356,6.115,-4.491,0.509,1.020,2,14,0,0.673,0,0,0.154,-20.907,5.898,-3.977,1.023,1.004,2,14,0,0.183,0,0,0.136,2.812,0.409,0,0,0.852,-17.950,6.066,-0.607,-0.795
806.0,-18.842,5.334,-4.971,0.029,1.023,2,14,0,0.223,0,0,0.170,-18.730,8.272,-4.321,0.679,0.979,2,14,0,0.207,0,0,0.148,-18.692,2.311,-4.397,0.603,1.054,2,14,0,0.203,0,0,0.126,-15.915,5.350,-4.511,0.489,0.965,2,14,0,0.177,0,0,0.111,-21.447,5.084,-3.948,1.052,0.988,2,14,0,0.176,0,0,0.109,2.809,0.413,0,0,0.223,-18.516,5.242,-0.524,-0.852
807.0,-19.351,4.373,-4.973,0.027,1.044,2,14,0,0.189,0,0,0.173,-19.213,7.488,-4.300,0.700,0.959,2,14,0,0.245,0,0,0.147,-19.105,1.355,-4.444,0.556,1.071,2,14,0,0.175,0,0,0.022,-16.386,4.466,-4.480,0.520,0.969,2,14,0,0.198,0,0,0.107,-21.938,4.285,-3.975,1.025,0.986,2,14,0,0.207,0,0,0.135,2.775,0.402,0,0,0.245,-18.997,4.366,-0.437,-0.900
808.0,-19.643,3.429,-5.001,-0.001,1.025,2,14,0,0.195,0,0,0.077,-19.613,6.532,-4.256,0.744,0.999,2,14,0,0.175,0,0,0.151,-19.557,0.321,-4.437,0.563,1.070,2,14,0,0.189,0,0,0.122,-16.713,3.646,-4.524,0.476,0.955,2,14,0,0.178,0,0,0.047,-22.361,3.382,-3.951,1.049,1.015,2,14,0,0.180,0,0,0.171,2.915,0.382,0,0,0.195,-19.387,3.446,-0.345,-0.939
809.0,-19.837,2.483,-5.012,-0.012,1.014,2,14,0,0.183,0,0,0.032,-19.919,5.559,-4.279,0.721,1.005,2,14,0,0.175,0,0,0.159,-19.899,-0.689,-4.442,0.558,1.014,2,14,0,0.171,0,0,0.194,-17.040,2.744,-4.525,0.475,1.005,2,14,0,0.175,0,0,0.107,-22.676,2.408,-3.955,1.045,1.045,2,14,0,0.177,0,0,0.181,2.851,0.436,0,0,0.183,-19.685,2.492,-0.249,-0.968
810.0,-20.053,1.495,-5.034,-0.034,1.028,2,14,0,0.187,0,0,0.025,-20.106,4.631,-4.269,0.731,1.003,2,14,0,0.177,0,0,0.151,-20.115,-1.649,-4.412,0.588,0.955,2,14,0,0.217,0,0,0.190,-17.365,1.730,-4.546,0.454,1.058,2,14,0,0.176,0,0,0.183,-22.752,1.378,-3.954,1.046,1.056,2,14,0,0.179,0,0,0.045,2.742,0.527,0,0,0.217,-19.885,1.512,-0.151,-0.988
811.0,-20.268,0.452,-4.998,0.002,1.024,2,14,0,0.186,0,0,0.123,-20.187,3.677,-4.273,0.727,1.020,2,14,0,0.170,0,0,0.150,-20.213,-2.611,-4.426,0.574,0.939,2,14,0,0.173,0,0,0.165,-17.538,0.687,-4.533,0.467,1.075,2,14,0,0.174,0,0,0.249,-22.811,0.342,-3.983,1.017,1.061,2,14,0,0.226,0,0,0.022,2.741,0.577,0,0,0.226,-19.987,0.518,-0.052,-0.999
812.0,-20.352,-0.590,-5.024,-0.024,0.996,2,14,0,0.189,0,0,0.210,-20.181,2.663,-4.277,0.723,1.063,2,14,0,0.174,0,0,0.135,-20.192,-3.487,-4.460,0.540,0.930,2,14,0,0.172,0,0,0.106,-17.518,-0.352,-4.447,0.553,1.068,2,14,0,0.177,0,0,0.228,-22.858,-0.662,-3.962,1.038,1.046,2,14,0,0.180,0,0,0.058,2.722,0.545,0,0,0.189,-19.988,-0.482,0.048,-0.999
813.0,-20.302,-1.594,-5.013,-0.013,0.977,2,14,0,0.193,0,0,0.258,-20.022,1.557,-4.191,0.809,1.096,2,14,0,0.182,0,0,0.070,-20.047,-4.345,-4.461,0.539,0.984,2,14,0,0.182,0,0,0.160,-17.374,-1.394,-4.550,0.450,1.064,2,14,0,0.184,0,0,0.198,-22.832,-1.762,-3.958,1.042,1.035,2,14,0,0.177,0,0,0.183,2.747,0.491,0,0,0.193,-19.890,-1.476,0.148,-0.989
814.0,-20.111,-2.477,-5.018,-0.018,0.968,2,14,0,0.165,0,0,0.238,-19.835,0.454,-4.235,0.765,1.068,2,14,0,0.176,0,0,0.177,-19.932,-5.346,-4.446,0.554,1.076,2,14,0,0.175,0,0,0.195,-17.056,-2.396,-4.562,0.438,1.044,2,14,0,0.176,0,0,0.115,-22.674,-2.730,-3.977,1.023,0.986,2,14,0,0.182,0,0,0.203,2.777,0.418,0,0,0.182,-19.694,-2.456,0.246,-0.969
815.0,-19.779,-3.378,-5.030,-0.030,1.030,2,14,0,0.191,0,0,0.201,-19.573,-0.532,-4.229,0.771,0.999,2,14,0,0.175,0,0,0.220,-19.581,-6.412,-4.473,0.527,1.135,2,14,0,0.173,0,0,0.087,-16.743,-3.355,-4.503,0.497,1.014,2,14,0,0.185,0,0,0.108,-22.405,-3.632,-3.942,1.058,0.977,2,14,0,0.255,0,0,0.196,2.853,0.381,0,0,0.255,-19.400,-3.412,0.341,-0.940
816.0,-19.238,-4.293,-4.983,0.017,1.088,2,14,0,0.192,0,0,0.057,-19.176,-1.407,-4.267,0.733,0.964,2,14,0,0.172,0,0,0.174,-19.202,-7.506,-4.452,0.548,1.121,2,14,0,0.176,0,0,0.170,-16.368,-4.313,-4.500,0.500,1.002,2,14,0,0.179,0,0,0.148,-21.998,-4.487,-3.958,1.042,1.002,2,14,0,0.182,0,0,0.166,2.911,0.356,0,0,0.192,-19.012,-4.333,0.433,-0.901
817.0,-18.670,-5.295,-4.945,0.055,1.101,2,14,0,0.193,0,0,0.091,-18.723,-2.252,-4.314,0.686,0.967,2,14,0,0.180,0,0,0.161,-18.700,-8.460,-4.485,0.515,1.047,2,14,0,0.175,0,0,0.237,-15.875,-5.189,-4.464,0.536,0.980,2,14,0,0.185,0,0,0.140,-21.488,-5.333,-3.960,1.040,1.054,2,14,0,0.179,0,0,0.132,2.838,0.341,0,0,0.193,-18.535,-5.211,0.521,-0.853
818.0,-18.133,-6.221,-4.996,0.004,1.036,2,14,0,0.189,0,0,0.183,-18.184,-2.999,-4.318,0.682,0.966,2,14,0,0.177,0,0,0.139,-18.153,-9.297,-4.454,0.546,0.989,2,14,0,0.174,0,0,0.251,-15.322,-5.993,-4.516,0.484,0.973,2,14,0,0.181,0,0,0.123,-20.886,-6.213,-3.920,1.080,1.096,2,14,0,0.177,0,0,0.096,2.861,0.353,0,0,0.189,-17.972,-6.037,0.604,-0.797
819.0,-17.565,-7.021,-5.010,-0.010,0.963,2,14,0,0.194,0,0,0.225,-17.553,-3.751,-4.314,0.686,1.039,2,14,0,0.180,0,0,0.150,-17.511,-9.975,-4.375,0.625,0.963,2,14,0,0.175,0,0,0.169,-14.727,-6.694,-4.519,0.481,0.984,2,14,0,0.178,0,0,0.103,-20.163,-7.073,-3.979,1.021,1.092,2,14,0,0.181,0,0,0.126,2.796,0.412,0,0,0.194,-17.329,-6.803,0.680,-0.733
820.0,-16.842,-7.709,-4.996,0.004,0.954,2,14,0,0.193,0,0,0.215,-16.691,-4.483,-4.294,0.706,1.072,2,14,0,0.174,0,0,0.058,-16.782,-10.644,-4.365,0.635,0.986,2,14,0,0.231,0,0,0.136,-13.989,-7.378,-4.569,0.431,1.019,2,14,0,0.241,0,0,0.077,-19.408,-7.797,-4.014,0.986,1.035,2,14,0,0.174,0,0,0.154,2.749,0.395,0,0,0.241,-16.613,-7.501,0.750,-0.661
821.0,-16.076,-8.259,-4.955,0.045,0.952,2,14,0,0.200,0,0,0.153,-15.886,-5.179,-4.262,0.738,1.039,2,14,0,0.234,0,0,0.133,-15.987,-11.257,-4.426,0.574,1.011,2,14,0,0.171,0,0,0.121,-13.198,-8.008,-4.468,0.532,1.043,2,14,0,0.182,0,0,0.073,-18.650,-8.425,-3.983,1.017,0.990,2,14,0,0.182,0,0,0.156,2.757,0.384,0,0,0.234,-15.832,-8.124,0.812,-0.583
822.0,-15.242,-8.734,-4.956,0.044,0.986,2,14,0,0.186,0,0,0.104,-15.029,-5.721,-4.310,0.690,1.009,2,14,0,0.148,0,0,0.138,-15.108,-11.719,-4.480,0.520,1.014,2,14,0,0.173,0,0,0.031,-12.371,-8.606,-4.512,0.488,1.054,2,14,0,0.176,0,0,0.121,-17.906,-8.984,-3.959,1.041,0.969,2,14,0,0.214,0,0,0.196,2.855,0.384,0,0,0.214,-14.991,-8.665,0.867,-0.499
823.0,-14.405,-9.163,-5.002,-0.002,1.019,2,14,0,0.219,0,0,0.137,-14.163,-6.184,-4.267,0.733,0.968,2,14,0,0.189,0,0,0.142,-14.236,-12.183,-4.442,0.558,1.027,2,14,0,0.175,0,0,0.045,-11.415,-9.061,-4.579,0.421,1.056,2,14,0,0.182,0,0,0.095,-17.028,-9.410,-3.972,1.028,1.002,2,14,0,0.176,0,0,0.177,2.828,0.319,0,0,0.219,-14.101,-9.120,0.912,-0.410
824.0,-13.437,-9.516,-5.070,-0.070,1.076,2,14,0,0.192,0,0,0.100,-13.287,-6.525,-4.257,0.743,0.980,2,14,0,0.173,0,0,0.121,-13.331,-12.615,-4.503,0.497,1.040,2,14,0,0.173,0,0,0.116,-10.487,-9.443,-4.546,0.454,1.037,2,14,0,0.182,0,0,0.116,-16.002,-9.746,-3.994,1.006,1.033,2,14,0,0.180,0,0,0.117,2.791,0.320,0,0,0.192,-13.170,-9.484,0.948,-0.317
825.0,-12.370,-9.829,-5.015,-0.015,1.099,2,14,0,0.191,0,0,0.083,-12.343,-6.817,-4.261,0.739,1.005,2,14,0,0.180,0,0,0.149,-12.306,-12.986,-4.478,0.522,1.062,2,14,0,0.149,0,0,0.203,-9.546,-9.775,-4.497,0.503,1.022,2,14,0,0.368,0,0,0.178,-15.015,-9.988,-3.926,1.074,1.030,2,14,0,0.181,0,0,0.091,2.864,0.339,0,0,0.368,-12.208,-9.753,0.975,-0.221
826.0,-11.309,-10.088,-5.005,-0.005,1.072,2,14,0,0.188,0,0,0.193,-11.343,-6.972,-4.307,0.693,1.040,2,14,0,0.172,0,0,0.129,-11.272,-13.208,-4.434,0.566,1.036,2,14,0,0.990,0,0,0.259,-8.542,-9.974,-4.465,0.535,1.037,2,14,0,0.177,0,0,0.205,-13.952,-10.140,-3.951,1.049,1.029,2,14,0,0.180,0,0,0.110,2.822,0.346,0,0,0.990,-11.223,-9.925,0.992,-0.122
827.0,-10.280,-10.143,-4.981,0.019,1.007,2,14,0,0.200,0,0,0.197,-10.282,-7.023,-4.300,0.700,1.060,2,14,0,0.175,0,0,0.103,-10.220,-13.202,-4.520,0.480,1.019,2,14,0,0.180,0,0,0.206,-7.459,-10.029,-4.433,0.567,1.051,2,14,0,0.175,0,0,0.201,-12.925,-10.224,-3.887,1.113,1.000,2,14,0,0.175,0,0,0.141,2.863,0.377,0,0,0.200,-10.226,-9.997,1.000,-0.023
828.0,-9.327,-10.062,-4.992,0.008,0.974,2,14,0,0.186,0,0,0.123,-9.268,-6.962,-4.286,0.714,1.051,2,14,0,0.257,0,0,0.076,-9.174,-13.110,-4.432,0.568,0.997,2,14,0,0.175,0,0,0.196,-6.442,-9.962,-4.473,0.527,1.027,2,14,0,0.217,0,0,0.173,-11.956,-10.132,-3.932,1.068,0.959,2,14,0,0.182,0,0,0.095,2.836,0.315,0,0,0.257,-9.227,-9.970,0.997,0.077
829.0,-8.377,-9.941,-4.964,0.036,0.994,2,14,0,0.237,0,0,0.110,-8.216,-6.871,-4.326,0.674,1.037,2,14,0,0.171,0,0,0.142,-8.274,-12.926,-4.426,0.574,0.961,2,14,0,0.253,0,0,0.082,-5.421,-9.833,-4.521,0.479,1.011,2,14,0,0.182,0,0,0.189,-11.081,-10.018,-3.930,1.070,0.955,2,14,0,0.178,0,0,0.037,2.896,0.234,0,0,0.253,-8.235,-9.843,0.984,0.176
830.0,-7.389,-9.733,-5.006,-0.006,1.004,2,14,0,0.188,0,0,0.132,-7.186,-6.669,-4.334,0.666,1.020,2,14,0,0.170,0,0,0.198,-7.345,-12.737,-4.478,0.522,0.972,2,14,0,0.224,0,0,0.090,-4.480,-9.584,-4.526,0.474,0.993,2,14,0,0.172,0,0,0.150,-10.122,-9.880,-3.964,1.036,0.999,2,14,0,0.177,0,0,0.126,2.929,0.297,0,0,0.224,-7.262,-9.618,0.962,0.274
831.0,-6.423,-9.428,-4.993,0.007,1.001,2,14,0,0.257,0,0,0.155,-6.261,-6.310,-4.272,0.728,0.990,2,14,0,0.173,0,0,0.160,-6.461,-12.459,-4.473,0.527,0.999,2,14,0,0.210,0,0,0.137,-3.527,-9.240,-4.532,0.468,0.999,2,14,0,0.182,0,0,0.136,-9.131,-9.692,-3.982,1.018,1.042,2,14,0,0.184,0,0,0.251,2.903,0.437,0,0,0.257,-6.315,-9.296,0.930,0.368
832.0,-5.542,-8.984,-4.998,0.002,1.017,2,14,0,0.192,0,0,0.117,-5.412,-5.840,-4.200,0.800,0.972,2,14,0,0.208,0,0,0.081,-5.546,-12.060,-4.407,0.593,1.054,2,14,0,0.181,0,0,0.146,-2.601,-8.814,-4.595,0.405,1.009,2,14,0,0.179,0,0,0.137,-8.123,-9.309,-3.965,1.035,1.081,2,14,0,0.213,0,0,0.301,2.799,0.512,0,0,0.213,-5.405,-8.882,0.888,0.459
833.0,-4.675,-8.418,-4.954,0.046,1.040,2,14,0,0.193,0,0,0.064,-4.540,-5.361,-4.260,0.740,0.986,2,14,0,0.172,0,0,0.096,-4.553,-11.565,-4.437,0.563,1.092,2,14,0,0.176,0,0,0.177,-1.766,-8.282,-4.537,0.463,0.998,2,14,0,0.202,0,0,0.100,-7.278,-8.705,-3.962,1.038,1.093,2,14,0,0.177,0,0,0.201,2.800,0.419,0,0,0.202,-4.542,-8.379,0.838,0.546
834.0,-3.851,-7.869,-4.992,0.008,1.035,2,14,0,0.289,0,0,0.102,-3.703,-4.832,-4.283,0.717,0.985,2,14,0,0.177,0,0,0.156,-3.707,-10.881,-4.462,0.538,1.074,2,14,0,0.174,0,0,0.142,-1.057,-7.673,-4.464,0.536,1.000,2,14,0,0.184,0,0,0.037,-6.374,-8.015,-3.978,1.022,1.101,2,14,0,0.183,0,0,0.197,2.723,0.422,0,0,0.289,-3.732,-7.792,0.779,0.627
835.0,-3.032,-7.176,-4.982,0.018,1.046,2,14,0,0.194,0,0,0.141,-3.042,-4.197,-4.328,0.672,0.999,2,14,0,0.170,0,0,0.143,-2.925,-10.115,-4.467,0.533,1.040,2,14,0,0.175,0,0,0.174,-0.329,-7.027,-4.522,0.478,1.031,2,14,0,0.178,0,0,0.063,-5.650,-7.229,-3.875,1.125,1.043,2,14,0,0.183,0,0,0.165,2.746,0.357,0,0,0.194,-2.986,-7.127,0.713,0.701
836.0,-2.329,-6.457,-5.052,-0.052,1.030,2,14,0,0.191,0,0,0.174,-2.351,-3.433,-4.272,0.728,1.061,2,14,0,0.173,0,0,0.120,-2.193,-9.327,-4.444,0.556,0.981,2,14,0,0.181,0,0,0.238,0.438,-6.343,-4.477,0.523,1.062,2,14,0,0.177,0,0,0.117,-5.024,-6.456,-4.016,0.984,0.992,2,14,0,0.213,0,0,0.136,2.828,0.292,0,0,0.213,-2.309,-6.392,0.639,0.769
837.0,-1.706,-5.701,-5.009,-0.009,1.014,2,14,0,0.163,0,0,0.217,-1.720,-2.589,-4.259,0.741,1.084,2,14,0,0.190,0,0,0.095,-1.632,-8.583,-4.438,0.562,0.915,2,14,0,0.174,0,0,0.184,1.185,-5.553,-4.484,0.516,1.073,2,14,0,0.222,0,0,0.228,-4.475,-5.677,-3.971,1.029,0.961,2,14,0,0.268,0,0,0.076,2.939,0.249,0,0,0.268,-1.710,-5.592,0.559,0.829
838.0,-1.188,-4.800,-5.046,-0.046,1.049,2,14,0,0.189,0,0,0.196,-1.079,-1.726,-4.271,0.729,1.071,2,14,0,0.174,0,0,0.200,-1.151,-7.818,-4.437,0.563,0.913,2,14,0,0.174,0,0,0.150,1.744,-4.634,-4.517,0.483,1.056,2,14,0,0.181,0,0,0.248,-3.913,-4.903,-3.982,1.018,0.962,2,14,0,0.181,0,0,0.105,2.927,0.326,0,0,0.189,-1.193,-4.736,0.474,0.881
839.0,-0.782,-3.786,-5.033,-0.033,1.048,2,14,0,0.291,0,0,0.164,-0.672,-0.739,-4.229,0.771,1.049,2,14,0,0.238,0,0,0.171,-0.743,-6.986,-4.456,0.544,0.950,2,14,0,0.180,0,0,0.166,2.131,-3.623,-4.541,0.459,1.035,2,14,0,0.207,0,0,0.209,-3.431,-4.036,-4.012,0.988,0.979,2,14,0,0.211,0,0,0.166,2.850,0.390,0,0,0.291,-0.764,-3.833,0.383,0.924
840.0,-0.482,-2.852,-5.030,-0.030,1.000,2,14,0,0.190,0,0,0.127,-0.301,0.265,-4.234,0.766,1.025,2,14,0,0.205,0,0,0.220,-0.466,-6.084,-4.422,0.578,1.021,2,14,0,0.157,0,0,0.171,2.501,-2.679,-4.573,0.427,1.002,2,14,0,0.177,0,0,0.234,-3.067,-3.139,-3.974,1.026,1.000,2,14,0,0.180,0,0,0.210,2.807,0.437,0,0,0.205,-0.427,-2.892,0.289,0.957
841.0,-0.328,-1.869,-5.002,-0.002,1.011,2,14,0,0.188,0,0,0.062,-0.014,1.221,-4.340,0.660,0.975,2,14,0,0.235,0,0,0.259,-0.258,-5.040,-4.471,0.529,1.081,2,14,0,0.176,0,0,0.090,2.657,-1.701,-4.527,0.473,0.977,2,14,0,0.179,0,0,0.165,-2.808,-2.217,-3.893,1.107,1.031,2,14,0,0.176,0,0,0.251,2.739,0.480,0,0,0.235,-0.186,-1.922,0.192,0.981
842.0,-0.142,-0.840,-4.990,0.010,1.003,2,14,0,0.192,0,0,0.121,0.107,2.148,-4.335,0.665,0.973,2,14,0,0.200,0,0,0.229,-0.056,-3.996,-4.423,0.577,1.092,2,14,0,0.178,0,0,0.089,2.802,-0.736,-4.514,0.486,0.962,2,14,0,0.175,0,0,0.156,-2.768,-1.136,-3.942,1.058,1.101,2,14,0,0.178,0,0,0.114,2.843,0.342,0,0,0.200,-0.044,-0.933,0.093,0.996
843.0,-0.023,0.089,-4.943,0.057,0.978,2,14,0,0.192,0,0,0.158,0.049,3.137,-4.328,0.672,1.001,2,14,0,0.190,0,0,0.127,0.012,-2.885,-4.454,0.546,1.086,2,14,0,0.186,0,0,0.136,2.769,0.162,-4.459,0.541,0.969,2,14,0,0.175,0,0,0.090,-2.777,-0.022,-3.981,1.019,1.100,2,14,0,0.223,0,0,0.067,2.834,0.250,0,0,0.223,-0.000,0.066,-0.007,1.000
844.0,-0.103,1.064,-4.998,0.002,0.994,2,14,0,0.192,0,0,0.136,-0.122,4.108,-4.357,0.643,1.025,2,14,0,0.179,0,0,0.029,0.065,-1.805,-4.434,0.566,1.027,2,14,0,0.175,0,0,0.277,2.761,1.194,-4.535,0.465,1.035,2,14,0,0.309,0,0,0.120,-2.735,1.029,-3.989,1.011,1.044,2,14,0,0.181,0,0,0.182,2.819,0.323,0,0,0.309,-0.057,1.064,-0.106,0.994
845.0,-0.230,2.044,-4.981,0.019,1.042,2,14,0,0.192,0,0,0.166,-0.305,5.185,-4.265,0.735,1.063,2,14,0,0.175,0,0,0.064,-0.061,-0.822,-4.500,0.500,0.985,2,14,0,0.201,0,0,0.296,2.634,2.242,-4.480,0.520,1.054,2,14,0,0.178,0,0,0.153,-2.872,2.054,-3.929,1.071,1.027,2,14,0,0.184,0,0,0.221,2.844,0.341,0,0,0.201,-0.213,2.051,-0.205,0.979
846.0,-0.437,3.029,-4.996,0.004,1.070,2,14,0,0.191,0,0,0.210,-0.495,6.188,-4.295,0.705,1.032,2,14,0,0.176,0,0,0.108,-0.353,0.111,-4.482,0.518,0.981,2,14,0,0.174,0,0,0.247,2.312,3.238,-4.532,0.468,1.055,2,14,0,0.398,0,0,0.107,-3.152,3.062,-3.926,1.074,0.994,2,14,0,0.177,0,0,0.234,2.795,0.317,0,0,0.398,-0.466,3.018,-0.302,0.953
847.0,-0.929,4.036,-4.980,0.020,1.096,2,14,0,0.196,0,0,0.102,-0.720,7.099,-4.253,0.747,0.992,2,14,0,0.178,0,0,0.185,-0.784,1.014,-4.470,0.530,1.008,2,14,0,0.233,0,0,0.159,1.968,4.227,-4.573,0.427,1.039,2,14,0,0.178,0,0,0.147,-3.532,3.963,-3.944,1.056,0.969,2,14,0,0.228,0,0,0.184,2.803,0.348,0,0,0.233,-0.815,3.955,-0.395,0.918
848.0,-1.333,5.004,-5.024,-0.024,1.043,2,14,0,0.192,0,0,0.180,-1.031,7.987,-4.308,0.692,1.004,2,14,0,0.173,0,0,0.308,-1.302,1.894,-4.437,0.563,1.016,2,14,0,0.179,0,0,0.091,1.569,5.099,-4.539,0.461,0.982,2,14,0,0.217,0,0,0.157,-3.944,4.779,-3.950,1.050,0.951,2,14,0,0.184,0,0,0.153,2.832,0.320,0,0,0.217,-1.256,4.852,-0.485,0.874
849.0,-1.864,5.836,-5.026,-0.026,1.017,2,14,0,0.194,0,0,0.162,-1.704,8.845,-4.274,0.726,1.078,2,14,0,0.150,0,0,0.172,-1.834,2.718,-4.451,0.549,1.033,2,14,0,0.151,0,0,0.068,1.046,5.962,-4.517,0.483,1.021,2,14,0,0.178,0,0,0.169,-4.490,5.553,-3.935,1.065,0.998,2,14,0,0.191,0,0,0.117,2.858,0.329,0,0,0.194,-1.784,5.701,-0.570,0.822
850.0,-2.452,6.592,-5.033,-0.033,1.012,2,14,0,0.193,0,0,0.156,-2.402,9.694,-4.269,0.731,1.093,2,14,0,0.170,0,0,0.146,-2.484,3.535,-4.470,0.530,1.034,2,14,0,0.148,0,0,0.075,0.408,6.806,-4.503,0.497,1.033,2,14,0,0.175,0,0,0.192,-5.140,6.379,-3.970,1.030,1.062,2,14,0,0.183,0,0,0.086,2.899,0.371,0,0,0.193,-2.394,6.492,-0.649,0.761
851.0,-3.166,7.327,-4.972,0.028,1.037,2,14,0,0.187,0,0,0.140,-3.115,10.480,-4.261,0.739,1.066,2,14,0,0.170,0,0,0.192,-3.170,4.327,-4.455,0.545,1.016,2,14,0,0.178,0,0,0.140,-0.281,7.564,-4.520,0.480,1.021,2,14,0,0.181,0,0,0.216,-5.902,7.116,-3.937,1.063,1.077,2,14,0,0.179,0,0,0.036,2.930,0.399,0,0,0.187,-3.080,7.219,-0.722,0.692
852.0,-4.027,8.008,-5.011,-0.011,1.048,2,14,0,0.194,0,0,0.129,-3.888,11.165,-4.286,0.714,1.034,2,14,0,0.174,0,0,0.221,-3.917,4.960,-4.392,0.608,0.990,2,14,0,0.175,0,0,0.120,-1.176,8.249,-4.525,0.475,1.036,2,14,0,0.180,0,0,0.227,-6.681,7.922,-3.939,1.061,1.063,2,14,0,0.242,0,0,0.188,2.864,0.507,0,0,0.242,-3.836,7.874,-0.787,0.616
853.0,-4.828,8.611,-5.043,-0.043,1.022,2,14,0,0.185,0,0,0.151,-4.772,11.689,-4.318,0.682,1.004,2,14,0,0.173,0,0,0.175,-4.700,5.535,-4.368,0.632,1.003,2,14,0,0.177,0,0,0.128,-2.046,8.699,-4.527,0.473,0.987,2,14,0,0.180,0,0,0.135,-7.516,8.520,-3.983,1.017,1.007,2,14,0,0.179,0,0,0.219,2.831,0.466,0,0,0.185,-4.653,8.450,-0.845,0.535
854.0,-5.743,9.124,-4.975,0.025,1.002,2,14,0,0.234,0,0,0.181,-5.636,12.136,-4.300,0.700,0.995,2,14,0,0.176,0,0,0.129,-5.523,6.013,-4.443,0.557,1.017,2,14,0,0.172,0,0,0.139,-2.845,9.107,-4.541,0.459,0.970,2,14,0,0.177,0,0,0.026,-8.326,8.966,-3.974,1.026,0.975,2,14,0,0.183,0,0,0.169,2.775,0.362,0,0,0.234,-5.523,8.942,-0.894,0.448
855.0,-6.703,9.516,-4.989,0.011,0.992,2,14,0,0.223,0,0,0.181,-6.559,12.472,-4.333,0.667,0.978,2,14,0,0.170,0,0,0.074,-6.455,6.417,-4.483,0.517,1.047,2,14,0,0.173,0,0,0.129,-3.751,9.508,-4.465,0.535,1.003,2,14,0,0.209,0,0,0.017,-9.175,9.341,-3.971,1.029,0.993,2,14,0,0.235,0,0,0.166,2.680,0.354,0,0,0.235,-6.438,9.344,-0.934,0.356
856.0,-7.646,9.766,-4.997,0.003,0.959,2,14,0,0.188,0,0,0.132,-7.512,12.748,-4.293,0.707,0.987,2,14,0,0.205,0,0,0.056,-7.415,6.727,-4.412,0.588,1.054,2,14,0,0.175,0,0,0.124,-4.696,9.868,-4.556,0.444,1.014,2,14,0,0.549,0,0,0.061,-10.144,9.594,-3.954,1.046,1.034,2,14,0,0.180,0,0,0.110,2.713,0.375,0,0,0.549,-7.389,9.653,-0.965,0.261
857.0,-8.609,10.000,-5.013,-0.013,0.952,2,14,0,0.196,0,0,0.144,-8.392,12.967,-4.286,0.714,0.968,2,14,0,0.147,0,0,0.051,-8.464,6.885,-4.457,0.543,1.073,2,14,0,0.175,0,0,0.050,-5.663,10.128,-4.485,0.515,1.009,2,14,0,0.264,0,0,0.107,-11.194,9.776,-3.959,1.041,1.058,2,14,0,0.172,0,0,0.056,2.800,0.397,0,0,0.264,-8.365,9.865,-0.987,0.163
858.0,-9.507,10.129,-4.984,0.016,0.959,2,14,0,0.189,0,0,0.148,-9.296,13.118,-4.275,0.725,1.019,2,14,0,0.175,0,0,0.150,-9.560,7.032,-4.475,0.525,1.070,2,14,0,0.175,0,0,0.135,-6.682,10.270,-4.482,0.518,1.015,2,14,0,0.178,0,0,0.136,-12.245,9.878,-3.935,1.065,1.053,2,14,0,0.179,0,0,0.070,2.873,0.435,0,0,0.189,-9.358,9.979,-0.998,0.064
859.0,-10.561,10.132,-4.914,0.086,1.017,2,14,0,0.197,0,0,0.135,-10.362,13.185,-4.263,0.737,1.091,2,14,0,0.177,0,0,0.135,-10.658,7.097,-4.479,0.521,1.018,2,14,0,0.171,0,0,0.245,-7.671,10.297,-4.510,0.490,1.007,2,14,0,0.179,0,0,0.150,-13.196,9.906,-3.990,1.010,1.023,2,14,0,0.177,0,0,0.059,2.801,0.437,0,0,0.197,-10.358,9.994,-0.999,-0.036
860.0,-11.582,10.018,-4.946,0.054,1.024,2,14,0,0.191,0,0,0.115,-11.487,13.131,-4.269,0.731,1.100,2,14,0,0.174,0,0,0.161,-11.637,7.043,-4.552,0.448,0.943,2,14,0,0.218,0,0,0.251,-8.719,10.215,-4.534,0.466,1.026,2,14,0,0.178,0,0,0.165,-14.211,9.914,-3.962,1.038,1.034,2,14,0,0.215,0,0,0.154,2.809,0.477,0,0,0.218,-11.354,9.908,-0.991,-0.135
861.0,-12.538,9.806,-4.962,0.038,1.016,2,14,0,0.194,0,0,0.082,-12.604,13.011,-4.296,0.704,1.069,2,14,0,0.171,0,0,0.285,-12.447,6.896,-4.431,0.569,0.914,2,14,0,0.153,0,0,0.201,-9.721,10.021,-4.557,0.443,1.009,2,14,0,0.149,0,0,0.167,-15.262,9.754,-3.999,1.001,1.043,2,14,0,0.150,0,0,0.203,2.854,0.487,0,0,0.194,-12.336,9.723,-0.972,-0.234
862.0,-13.523,9.478,-5.036,-0.036,1.038,2,14,0,0.161,0,0,0.051,-13.655,12.745,-4.297,0.703,1.007,2,14,0,0.224,0,0,0.366,-13.332,6.637,-4.439,0.561,0.991,2,14,0,0.237,0,0,0.232,-10.584,9.743,-4.495,0.505,1.012,2,14,0,0.176,0,0,0.149,-16.270,9.485,-3.970,1.030,1.009,2,14,0,0.178,0,0,0.242,2.909,0.471,0,0,0.237,-13.295,9.441,-0.944,-0.330
863.0,-14.476,9.088,-5.049,-0.049,1.018,2,14,0,0.195,0,0,0.069,-14.502,12.359,-4.274,0.726,0.956,2,14,0,0.181,0,0,0.302,-14.322,6.216,-4.452,0.548,1.077,2,14,0,0.150,0,0,0.181,-11.547,9.362,-4.584,0.416,1.051,2,14,0,0.175,0,0,0.146,-17.140,9.108,-3.955,1.045,1.003,2,14,0,0.187,0,0,0.211,2.880,0.441,0,0,0.195,-14.221,9.065,-0.907,-0.422
864.0,-15.361,8.657,-5.011,-0.011,1.009,2,14,0,0.189,0,0,0.092,-15.264,11.787,-4.281,0.719,0.974,2,14,0,0.208,0,0,0.144,-15.281,5.664,-4.457,0.543,1.092,2,14,0,0.191,0,0,0.125,-12.504,8.835,-4.526,0.474,1.086,2,14,0,0.227,0,0,0.126,-17.934,8.549,-4.039,0.961,1.021,2,14,0,0.228,0,0,0.096,2.752,0.463,0,0,0.228,-15.105,8.599,-0.860,-0.511
865.0,-16.268,8.162,-4.958,0.042,1.012,2,14,0,0.191,0,0,0.185,-15.999,11.178,-4.275,0.725,1.012,2,14,0,0.176,0,0,0.058,-16.075,5.031,-4.440,0.560,1.068,2,14,0,0.176,0,0,0.044,-13.412,8.243,-4.466,0.534,1.053,2,14,0,0.179,0,0,0.178,-18.803,7.936,-4.017,0.983,1.053,2,14,0,0.182,0,0,0.054,2.713,0.513,0,0,0.191,-15.938,8.046,-0.805,-0.594
866.0,-16.985,7.553,-5.013,-0.013,1.008,2,14,0,0.191,0,0,0.164,-16.796,10.463,-4.315,0.685,1.050,2,14,0,0.174,0,0,0.027,-16.915,4.358,-4.388,0.612,1.052,2,14,0,0.180,0,0,0.119,-14.179,7.633,-4.524,0.476,0.998,2,14,0,0.196,0,0,0.180,-19.603,7.267,-3.940,1.060,1.051,2,14,0,0.210,0,0,0.068,2.844,0.517,0,0,0.210,-16.712,7.413,-0.741,-0.671
867.0,-17.705,6.861,-5.025,-0.025,1.050,2,14,0,0.188,0,0,0.186,-17.477,9.714,-4.296,0.704,1.030,2,14,0,0.218,0,0,0.070,-17.680,3.614,-4.423,0.577,1.012,2,14,0,0.176,0,0,0.186,-14.880,6.926,-4.519,0.481,0.984,2,14,0,0.174,0,0,0.173,-20.383,6.557,-3.979,1.021,1.029,2,14,0,0.182,0,0,0.141,2.871,0.511,0,0,0.218,-17.418,6.706,-0.671,-0.742
868.0,-18.352,6.053,-5.031,-0.031,1.075,2,14,0,0.193,0,0,0.167,-18.177,8.938,-4.224,0.776,1.009,2,14,0,0.173,0,0,0.088,-18.357,2.846,-4.496,0.504,0.959,2,14,0,0.174,0,0,0.219,-15.447,6.130,-4.530,0.470,0.995,2,14,0,0.181,0,0,0.107,-21.048,5.794,-3.946,1.054,0.996,2,14,0,0.369,0,0,0.174,2.918,0.443,0,0,0.369,-18.051,5.932,-0.593,-0.805
869.0,-18.924,5.137,-5.026,-0.026,1.081,2,14,0,0.192,0,0,0.144,-18.849,8.212,-4.306,0.694,0.984,2,14,0,0.203,0,0,0.173,-18.854,2.104,-4.468,0.532,0.925,2,14,0,0.178,0,0,0.159,-15.961,5.233,-4.477,0.523,1.027,2,14,0,0.176,0,0,0.061,-21.577,4.951,-3.939,1.061,0.979,2,14,0,0.232,0,0,0.147,2.874,0.383,0,0,0.232,-18.603,5.098,-0.510,-0.860
870.0,-19.379,4.182,-4.999,0.001,1.057,2,14,0,0.257,0,0,0.129,-19.342,7.396,-4.274,0.726,0.993,2,14,0,0.171,0,0,0.224,-19.319,1.276,-4.435,0.565,0.961,2,14,0,0.204,0,0,0.178,-16.510,4.359,-4.524,0.476,1.016,2,14,0,0.176,0,0,0.140,-22.070,4.129,-3.982,1.018,0.984,2,14,0,0.188,0,0,0.188,2.877,0.464,0,0,0.257,-19.069,4.214,-0.421,-0.907
871.0,-19.789,3.246,-4.981,0.019,1.016,2,14,0,0.191,0,0,0.170,-19.762,6.439,-4.297,0.703,1.034,2,14,0,0.204,0,0,0.254,-19.599,0.350,-4.432,0.568,1.006,2,14,0,0.173,0,0,0.106,-16.873,3.464,-4.558,0.442,0.990,2,14,0,0.180,0,0,0.129,-22.455,3.214,-3.976,1.024,1.004,2,14,0,0.184,0,0,0.201,2.849,0.464,0,0,0.204,-19.444,3.288,-0.329,-0.944
872.0,-20.118,2.289,-4.984,0.016,0.992,2,14,0,0.195,0,0,0.214,-19.980,5.403,-4.292,0.708,1.052,2,14,0,0.174,0,0,0.180,-19.840,-0.648,-4.461,0.539,1.051,2,14,0,0.173,0,0,0.047,-17.095,2.573,-4.514,0.486,1.001,2,14,0,0.182,0,0,0.110,-22.738,2.242,-3.917,1.083,1.034,2,14,0,0.232,0,0,0.199,2.829,0.443,0,0,0.232,-19.725,2.328,-0.233,-0.973
873.0,-20.208,1.342,-4.936,0.064,0.982,2,14,0,0.187,0,0,0.118,-20.094,4.375,-4.282,0.718,1.035,2,14,0,0.171,0,0,0.121,-20.021,-1.690,-4.403,0.597,1.069,2,14,0,0.171,0,0,0.023,-17.274,1.611,-4.459,0.541,1.044,2,14,0,0.175,0,0,0.124,-22.811,1.215,-3.918,1.082,1.050,2,14,0,0.180,0,0,0.080,2.797,0.452,0,0,0.187,-19.909,1.346,-0.135,-0.991
874.0,-20.295,0.390,-5.028,-0.028,1.006,2,14,0,0.185,0,0,0.125,-20.099,3.433,-4.245,0.755,1.009,2,14,0,0.472,0,0,0.031,-20.116,-2.687,-4.472,0.528,1.044,2,14,0,0.285,0,0,0.027,-17.328,0.589,-4.455,0.545,1.091,2,14,0,0.187,0,0,0.087,-22.809,0.185,-3.975,1.025,1.050,2,14,0,0.180,0,0,0.021,2.733,0.411,0,0,0.472,-19.994,0.350,-0.035,-0.999
875.0,-20.254,-0.594,-5.063,-0.063,1.037,2,14,0,0.222,0,0,0.107,-20.051,2.455,-4.271,0.729,1.021,2,14,0,0.201,0,0,0.027,-20.160,-3.733,-4.493,0.507,1.039,2,14,0,0.170,0,0,0.098,-17.408,-0.540,-4.512,0.488,1.110,2,14,0,0.172,0,0,0.133,-22.841,-0.861,-3.996,1.004,1.040,2,14,0,0.197,0,0,0.077,2.811,0.443,0,0,0.222,-19.979,-0.650,0.065,-0.998
876.0,-20.133,-1.625,-5.026,-0.026,1.061,2,14,0,0.190,0,0,0.092,-20.008,1.417,-4.311,0.689,1.041,2,14,0,0.248,0,0,0.069,-20.188,-4.735,-4.490,0.510,1.024,2,14,0,0.180,0,0,0.235,-17.388,-1.653,-4.535,0.465,1.071,2,14,0,0.173,0,0,0.277,-22.793,-1.888,-3.963,1.037,1.018,2,14,0,0.180,0,0,0.145,2.788,0.524,0,0,0.248,-19.864,-1.643,0.164,-0.986
877.0,-19.909,-2.642,-4.934,0.066,1.065,2,14,0,0.190,0,0,0.081,-19.887,0.394,-4.303,0.697,1.033,2,14,0,0.171,0,0,0.171,-19.963,-5.716,-4.477,0.523,1.018,2,14,0,0.175,0,0,0.227,-17.139,-2.678,-4.497,0.503,1.016,2,14,0,0.179,0,0,0.286,-22.616,-2.837,-3.937,1.063,0.988,2,14,0,0.298,0,0,0.159,2.805,0.492,0,0,0.298,-19.651,-2.619,0.262,-0.965
878.0,-19.663,-3.662,-5.004,-0.004,1.059,2,14,0,0.238,0,0,0.170,-19.540,-0.590,-4.272,0.728,1.031,2,14,0,0.174,0,0,0.156,-19.728,-6.680,-4.380,0.620,1.024,2,14,0,0.177,0,0,0.298,-16.733,-3.558,-4.491,0.509,0.979,2,14,0,0.175,0,0,0.173,-22.344,-3.773,-3.937,1.063,0.982,2,14,0,0.178,0,0,0.188,2.887,0.402,0,0,0.238,-19.341,-3.569,0.357,-0.934
879.0,-19.170,-4.639,-5.020,-0.020,1.049,2,14,0,0.192,0,0,0.162,-19.088,-1.524,-4.284,0.716,1.025,2,14,0,0.171,0,0,0.138,-19.271,-7.598,-4.448,0.552,1.056,2,14,0,0.174,0,0,0.250,-16.290,-4.417,-4.532,0.468,0.973,2,14,0,0.175,0,0,0.099,-21.919,-4.606,-3.964,1.036,1.003,2,14,0,0.182,0,0,0.159,2.930,0.358,0,0,0.192,-18.938,-4.484,0.448,-0.894
880.0,-18.672,-5.505,-5.031,-0.031,1.000,2,14,0,0.215,0,0,0.157,-18.580,-2.413,-4.246,0.754,1.013,2,14,0,0.220,0,0,0.148,-18.663,-8.431,-4.473,0.527,1.073,2,14,0,0.568,0,0,0.128,-15.832,-5.234,-4.478,0.522,0.980,2,14,0,0.157,0,0,0.091,-21.407,-5.462,-3.986,1.014,1.058,2,14,0,0.177,0,0,0.143,2.906,0.405,0,0,0.568,-18.446,-5.354,0.535,-0.845
881.0,-18.157,-6.302,-5.054,-0.054,0.984,2,14,0,0.200,0,0,0.171,-17.980,-3.217,-4.285,0.715,0.992,2,14,0,0.172,0,0,0.129,-17.938,-9.280,-4.391,0.609,1.079,2,14,0,0.179,0,0,0.096,-15.302,-5.924,-4.503,0.497,1.004,2,14,0,0.191,0,0,0.153,-20.773,-6.330,-4.022,0.978,1.091,2,14,0,0.213,0,0,0.081,2.812,0.498,0,0,0.213,-17.869,-6.171,0.617,-0.787
882.0,-17.517,-7.078,-5.016,-0.016,1.006,2,14,0,0.187,0,0,0.199,-17.373,-3.970,-4.304,0.696,0.983,2,14,0,0.174,0,0,0.144,-17.242,-10.049,-4.452,0.548,1.034,2,14,0,0.197,0,0,0.120,-14.691,-6.729,-4.431,0.569,1.086,2,14,0,0.188,0,0,0.179,-20.028,-7.221,-3.962,1.038,1.108,2,14,0,0.181,0,0,0.151,2.727,0.516,0,0,0.197,-17.214,-6.925,0.693,-0.721
883.0,-16.773,-7.762,-5.009,-0.009,1.029,2,14,0,0.188,0,0,0.188,-16.654,-4.663,-4.261,0.739,0.994,2,14,0,0.169,0,0,0.158,-16.503,-10.791,-4.465,0.535,0.992,2,14,0,0.175,0,0,0.174,-13.840,-7.511,-4.490,0.510,1.119,2,14,0,0.184,0,0,0.076,-19.260,-7.993,-3.924,1.076,1.028,2,14,0,0.177,0,0,0.242,2.723,0.444,0,0,0.188,-16.486,-7.611,0.761,-0.649
884.0,-15.908,-8.347,-4.994,0.006,1.044,2,14,0,0.189,0,0,0.135,-15.889,-5.230,-4.287,0.713,1.008,2,14,0,0.174,0,0,0.143,-15.737,-11.409,-4.479,0.521,0.940,2,14,0,0.215,0,0,0.172,-12.983,-8.210,-4.496,0.504,1.088,2,14,0,0.178,0,0,0.145,-18.500,-8.585,-3.950,1.050,0.968,2,14,0,0.181,0,0,0.220,2.805,0.413,0,0,0.215,-15.694,-8.220,0.822,-0.569
885.0,-15.016,-8.799,-5.009,-0.009,1.034,2,14,0,0.260,0,0,0.057,-15.020,-5.719,-4.255,0.745,1.048,2,14,0,0.173,0,0,0.107,-14.969,-11.921,-4.476,0.524,0.922,2,14,0,0.174,0,0,0.147,-12.040,-8.836,-4.564,0.436,1.039,2,14,0,0.171,0,0,0.268,-17.720,-9.108,-3.986,1.014,0.950,2,14,0,0.188,0,0,0.219,2.908,0.381,0,0,0.260,-14.845,-8.748,0.875,-0.485
886.0,-14.041,-9.182,-4.952,0.048,1.023,2,14,0,0.186,0,0,0.088,-14.058,-6.131,-4.347,0.653,1.079,2,14,0,0.190,0,0,0.038,-14.145,-12.285,-4.473,0.527,0.952,2,14,0,0.174,0,0,0.117,-11.160,-9.242,-4.575,0.425,0.958,2,14,0,0.191,0,0,0.231,-16.848,-9.501,-3.958,1.042,0.973,2,14,0,0.216,0,0,0.187,2.906,0.329,0,0,0.216,-13.948,-9.188,0.919,-0.395
887.0,-13.125,-9.535,-4.946,0.054,0.998,2,14,0,0.189,0,0,0.067,-13.071,-6.510,-4.278,0.722,1.070,2,14,0,0.172,0,0,0.052,-13.324,-12.595,-4.473,0.527,1.007,2,14,0,0.179,0,0,0.213,-10.373,-9.557,-4.574,0.426,0.931,2,14,0,0.222,0,0,0.185,-15.915,-9.784,-3.938,1.062,1.012,2,14,0,0.180,0,0,0.134,2.777,0.363,0,0,0.222,-13.011,-9.536,0.954,-0.301
888.0,-12.276,-9.843,-5.051,-0.051,0.977,2,14,0,0.190,0,0,0.082,-12.080,-6.866,-4.286,0.714,1.050,2,14,0,0.176,0,0,0.156,-12.319,-12.895,-4.438,0.562,1.105,2,14,0,0.183,0,0,0.192,-9.393,-9.775,-4.454,0.546,0.998,2,14,0,0.177,0,0,0.148,-14.920,-10.036,-3.938,1.062,1.059,2,14,0,0.154,0,0,0.117,2.874,0.350,0,0,0.190,-12.043,-9.789,0.979,-0.204
889.0,-11.216,-10.096,-4.991,0.009,1.016,2,14,0,0.192,0,0,0.156,-11.010,-7.108,-4.321,0.679,1.025,2,14,0,0.253,0,0,0.269,-11.154,-13.172,-4.409,0.591,1.149,2,14,0,0.175,0,0,0.199,-8.405,-9.924,-4.471,0.529,1.028,2,14,0,0.212,0,0,0.142,-13.762,-10.166,-3.956,1.044,1.072,2,14,0,0.182,0,0,0.140,2.749,0.368,0,0,0.253,-11.056,-9.944,0.994,-0.106
890.0,-10.315,-10.132,-4.993,0.007,0.996,2,14,0,0.190,0,0,0.157,-9.988,-7.163,-4.251,0.749,0.987,2,14,0,0.169,0,0,0.281,-9.906,-13.291,-4.440,0.560,1.107,2,14,0,0.176,0,0,0.361,-7.364,-9.950,-4.438,0.562,1.055,2,14,0,0.175,0,0,0.105,-12.751,-10.218,-3.992,1.008,1.013,2,14,0,0.182,0,0,0.149,2.635,0.377,0,0,0.190,-10.058,-10.000,1.000,-0.006
891.0,-9.370,-10.129,-5.106,-0.106,1.053,2,14,0,0.196,0,0,0.220,-9.044,-7.088,-4.270,0.730,0.958,2,14,0,0.167,0,0,0.228,-8.913,-13.197,-4.461,0.539,0.976,2,14,0,0.216,0,0,0.328,-6.374,-9.842,-4.519,0.481,1.047,2,14,0,0.176,0,0,0.043,-11.804,-10.158,-4.017,0.983,0.968,2,14,0,0.179,0,0,0.092,2.667,0.356,0,0,0.216,-9.059,-9.956,0.996,0.094
892.0,-8.270,-10.004,-4.985,0.015,1.122,2,14,0,0.189,0,0,0.198,-8.124,-6.876,-4.278,0.722,0.983,2,14,0,0.200,0,0,0.140,-8.088,-12.948,-4.411,0.589,0.927,2,14,0,0.174,0,0,0.139,-5.274,-9.728,-4.555,0.445,1.053,2,14,0,0.208,0,0,0.123,-10.882,-10.076,-3.925,1.075,0.975,2,14,0,0.187,0,0,0.118,2.820,0.324,0,0,0.208,-8.070,-9.812,0.981,0.193
893.0,-7.145,-9.798,-4.982,0.018,1.121,2,14,0,0.188,0,0,0.270,-7.189,-6.571,-4.352,0.648,1.006,2,14,0,0.171,0,0,0.076,-7.237,-12.642,-4.455,0.545,0.954,2,14,0,0.175,0,0,0.048,-4.252,-9.527,-4.506,0.494,1.014,2,14,0,0.177,0,0,0.189,-9.921,-9.909,-3.996,1.004,0.993,2,14,0,0.180,0,0,0.191,2.894,0.383,0,0,0.188,-7.100,-9.570,0.957,0.290
894.0,-6.149,-9.394,-5.020,-0.020,1.075,2,14,0,0.190,0,0,0.250,-6.284,-6.162,-4.285,0.715,1.029,2,14,0,0.176,0,0,0.044,-6.330,-12.271,-4.399,0.601,1.005,2,14,0,0.307,0,0,0.061,-3.318,-9.204,-4.471,0.529,0.977,2,14,0,0.178,0,0,0.193,-8.953,-9.573,-4.003,0.997,1.038,2,14,0,0.175,0,0,0.196,2.890,0.397,0,0,0.307,-6.159,-9.233,0.923,0.384
895.0,-5.309,-8.906,-5.036,-0.036,1.029,2,14,0,0.191,0,0,0.166,-5.337,-5.672,-4.264,0.736,1.051,2,14,0,0.172,0,0,0.059,-5.361,-11.854,-4.534,0.466,1.048,2,14,0,0.185,0,0,0.014,-2.445,-8.809,-4.509,0.491,0.963,2,14,0,0.176,0,0,0.198,-8.019,-9.084,-3.995,1.005,1.061,2,14,0,0.180,0,0,0.148,2.908,0.368,0,0,0.191,-5.257,-8.803,0.880,0.474
896.0,-4.461,-8.322,-4.973,0.027,1.021,2,14,0,0.195,0,0,0.128,-4.403,-5.208,-4.263,0.737,1.036,2,14,0,0.172,0,0,0.077,-4.424,-11.426,-4.426,0.574,1.043,2,14,0,0.193,0,0,0.132,-1.733,-8.199,-4.541,0.459,0.995,2,14,0,0.262,0,0,0.072,-7.126,-8.422,-3.932,1.068,1.076,2,14,0,0.433,0,0,0.099,2.765,0.342,0,0,0.433,-4.402,-8.286,0.829,0.560
897.0,-3.673,-7.629,-4.976,0.024,1.004,2,14,0,0.189,0,0,0.122,-3.486,-4.675,-4.309,0.691,1.023,2,14,0,0.172,0,0,0.203,-3.535,-10.819,-4.444,0.556,1.047,2,14,0,0.173,0,0,0.196,-0.921,-7.575,-4.535,0.465,1.033,2,14,0,0.178,0,0,0.045,-6.317,-7.778,-3.896,1.104,1.035,2,14,0,0.177,0,0,0.113,2.788,0.337,0,0,0.189,-3.602,-7.686,0.769,0.640
898.0,-3.038,-6.903,-4.986,0.014,0.962,2,14,0,0.196,0,0,0.095,-2.800,-4.111,-4.355,0.645,0.976,2,14,0,0.172,0,0,0.226,-2.784,-10.124,-4.445,0.555,1.015,2,14,0,0.175,0,0,0.204,-0.148,-6.883,-4.479,0.521,1.050,2,14,0,0.183,0,0,0.036,-5.621,-7.154,-3.900,1.100,1.001,2,14,0,0.224,0,0,0.069,2.813,0.308,0,0,0.224,-2.867,-7.009,0.701,0.713
899.0,-2.313,-6.199,-4.927,0.073,0.976,2,14,0,0.186,0,0,0.091,-2.204,-3.380,-4.309,0.691,1.019,2,14,0,0.172,0,0,0.207,-2.119,-9.302,-4.478,0.522,1.015,2,14,0,0.174,0,0,0.185,0.583,-6.131,-4.556,0.444,1.060,2,14,0,0.180,0,0,0.090,-4.953,-6.462,-3.925,1.075,0.989,2,14,0,0.204,0,0,0.092,2.835,0.320,0,0,0.204,-2.203,-6.261,0.626,0.780
900.0,-1.616,-5.434,-5.003,-0.003,0.969,2,14,0,0.259,0,0,0.182,-1.578,-2.511,-4.286,0.714,1.083,2,14,0,0.174,0,0,0.176,-1.532,-8.500,-4.440,0.560,0.987,2,14,0,0.173,0,0,0.185,1.318,-5.342,-4.556,0.444,1.031,2,14,0,0.178,0,0,0.242,-4.353,-5.670,-3.946,1.054,1.012,2,14,0,0.177,0,0,0.114,2.943,0.342,0,0,0.259,-1.617,-5.452,0.545,0.838
901.0,-1.129,-4.636,-4.969,0.031,0.947,2,14,0,0.226,0,0,0.175,-1.030,-1.549,-4.250,0.750,1.094,2,14,0,0.174,0,0,0.166,-1.099,-7.637,-4.476,0.524,0.980,2,14,0,0.174,0,0,0.116,1.800,-4.494,-4.539,0.461,0.998,2,14,0,0.174,0,0,0.229,-3.772,-4.837,-3.971,1.029,1.025,2,14,0,0.174,0,0,0.196,2.833,0.423,0,0,0.226,-1.114,-4.588,0.459,0.889
902.0,-0.736,-3.823,-4.963,0.037,0.974,2,14,0,0.190,0,0,0.209,-0.626,-0.543,-4.244,0.756,1.058,2,14,0,0.174,0,0,0.166,-0.792,-6.782,-4.426,0.574,0.986,2,14,0,0.172,0,0,0.070,2.144,-3.556,-4.535,0.465,1.005,2,14,0,0.180,0,0,0.152,-3.339,-3.889,-4.001,0.999,1.047,2,14,0,0.258,0,0,0.197,2.776,0.419,0,0,0.258,-0.701,-3.678,0.368,0.930
903.0,-0.444,-2.878,-5.077,-0.077,1.046,2,14,0,0.193,0,0,0.192,-0.281,0.416,-4.213,0.787,1.009,2,14,0,0.207,0,0,0.197,-0.492,-5.851,-4.432,0.568,1.036,2,14,0,0.222,0,0,0.079,2.493,-2.624,-4.552,0.448,1.010,2,14,0,0.181,0,0,0.184,-3.025,-2.923,-3.967,1.033,1.047,2,14,0,0.182,0,0,0.184,2.810,0.403,0,0,0.222,-0.380,-2.731,0.273,0.962
904.0,-0.236,-1.819,-5.110,-0.110,1.093,2,14,0,0.186,0,0,0.125,-0.139,1.396,-4.275,0.725,0.980,2,14,0,0.172,0,0,0.124,-0.229,-4.884,-4.439,0.561,1.064,2,14,0,0.173,0,0,0.095,2.661,-1.664,-4.512,0.488,1.030,2,14,0,0.176,0,0,0.136,-2.754,-1.926,-3.987,1.013,1.041,2,14,0,0.186,0,0,0.226,2.760,0.435,0,0,0.186,-0.156,-1.757,0.176,0.984
905.0,-0.091,-0.705,-4.988,0.012,1.098,2,14,0,0.222,0,0,0.132,-0.002,2.380,-4.312,0.688,0.970,2,14,0,0.181,0,0,0.126,0.087,-3.835,-4.436,0.564,1.095,2,14,0,0.173,0,0,0.216,2.750,-0.665,-4.484,0.516,1.052,2,14,0,0.173,0,0,0.098,-2.648,-0.910,-3.982,1.018,1.049,2,14,0,0.181,0,0,0.204,2.756,0.408,0,0,0.222,-0.029,-0.765,0.077,0.997
906.0,-0.137,0.369,-4.968,0.032,1.060,2,14,0,0.228,0,0,0.129,0.049,3.362,-4.313,0.687,0.967,2,14,0,0.174,0,0,0.140,0.193,-2.735,-4.497,0.503,1.083,2,14,0,0.178,0,0,0.301,2.727,0.420,-4.521,0.479,1.080,2,14,0,0.178,0,0,0.046,-2.760,0.146,-3.893,1.107,1.047,2,14,0,0.181,0,0,0.084,2.844,0.328,0,0,0.228,-0.003,0.234,-0.023,1.000
907.0,-0.090,1.453,-5.012,-0.012,1.007,2,14,0,0.191,0,0,0.267,0.013,4.346,-4.315,0.685,0.978,2,14,0,0.172,0,0,0.171,0.076,-1.713,-4.495,0.505,1.049,2,14,0,0.175,0,0,0.267,2.757,1.448,-4.514,0.486,1.042,2,14,0,0.174,0,0,0.149,-2.888,1.195,-3.922,1.078,1.029,2,14,0,0.180,0,0,0.112,2.890,0.274,0,0,0.191,-0.076,1.231,-0.123,0.992
908.0,-0.246,2.407,-4.972,0.028,0.949,2,14,0,0.195,0,0,0.258,-0.098,5.319,-4.341,0.659,1.002,2,14,0,0.172,0,0,0.228,-0.120,-0.646,-4.459,0.541,1.057,2,14,0,0.177,0,0,0.287,2.629,2.491,-4.518,0.482,1.036,2,14,0,0.173,0,0,0.218,-3.075,2.222,-3.935,1.065,1.001,2,14,0,0.181,0,0,0.152,2.911,0.302,0,0,0.195,-0.249,2.216,-0.222,0.975
909.0,-0.535,3.276,-5.013,-0.013,0.937,2,14,0,0.188,0,0,0.189,-0.408,6.321,-4.300,0.700,1.046,2,14,0,0.179,0,0,0.200,-0.418,0.355,-4.478,0.522,1.016,2,14,0,0.210,0,0,0.289,2.270,3.458,-4.476,0.524,1.013,2,14,0,0.178,0,0,0.158,-3.248,3.206,-3.946,1.054,0.964,2,14,0,0.177,0,0,0.197,2.862,0.351,0,0,0.210,-0.518,3.178,-0.318,0.948
910.0,-0.961,4.103,-5.006,-0.006,0.972,2,14,0,0.191,0,0,0.103,-0.950,7.262,-4.287,0.713,1.052,2,14,0,0.207,0,0,0.083,-0.899,1.247,-4.422,0.578,0.988,2,14,0,0.207,0,0,0.191,1.939,4.425,-4.496,0.504,0.988,2,14,0,0.176,0,0,0.205,-3.516,4.088,-3.870,1.130,0.932,2,14,0,0.173,0,0,0.228,2.796,0.368,0,0,0.207,-0.883,4.109,-0.411,0.912
911.0,-1.432,4.955,-5.018,-0.018,1.030,2,14,0,0.193,0,0,0.107,-1.439,8.174,-4.230,0.770,1.016,2,14,0,0.171,0,0,0.109,-1.372,2.124,-4.388,0.612,0.964,2,14,0,0.204,0,0,0.176,1.558,5.273,-4.511,0.489,0.974,2,14,0,0.174,0,0,0.232,-3.904,4.910,-3.922,1.078,0.963,2,14,0,0.182,0,0,0.265,2.705,0.444,0,0,0.204,-1.339,4.998,-0.500,0.866
912.0,-2.019,5.804,-5.003,-0.003,1.070,2,14,0,0.201,0,0,0.066,-1.949,8.959,-4.260,0.740,0.975,2,14,0,0.191,0,0,0.051,-1.902,2.829,-4.414,0.586,0.958,2,14,0,0.410,0,0,0.077,1.018,6.084,-4.529,0.471,1.022,2,14,0,0.214,0,0,0.221,-4.500,5.694,-3.991,1.009,1.046,2,14,0,0.181,0,0,0.205,2.681,0.408,0,0,0.410,-1.881,5.838,-0.584,0.812
913.0,-2.695,6.650,-5.062,-0.062,1.089,2,14,0,0.222,0,0,0.018,-2.518,9.743,-4.297,0.703,1.000,2,14,0,0.175,0,0,0.077,-2.554,3.563,-4.450,0.550,1.011,2,14,0,0.217,0,0,0.044,0.295,6.812,-4.568,0.432,1.062,2,14,0,0.221,0,0,0.110,-5.269,6.514,-3.977,1.023,1.113,2,14,0,0.157,0,0,0.071,2.797,0.278,0,0,0.222,-2.504,6.619,-0.662,0.750
914.0,-3.404,7.469,-4.970,0.030,1.057,2,14,0,0.185,0,0,0.125,-3.164,10.528,-4.314,0.686,1.028,2,14,0,0.147,0,0,0.165,-3.364,4.298,-4.499,0.501,1.061,2,14,0,0.220,0,0,0.071,-0.551,7.530,-4.517,0.483,1.091,2,14,0,0.180,0,0,0.062,-6.104,7.260,-3.975,1.025,1.087,2,14,0,0.462,0,0,0.105,2.886,0.399,0,0,0.462,-3.203,7.335,-0.733,0.680
915.0,-4.063,8.168,-4.953,0.047,1.015,2,14,0,0.190,0,0,0.206,-3.915,11.235,-4.281,0.719,1.040,2,14,0,0.171,0,0,0.225,-4.136,4.997,-4.458,0.542,1.038,2,14,0,0.181,0,0,0.089,-1.366,8.249,-4.522,0.478,1.060,2,14,0,0.179,0,0,0.153,-6.915,7.919,-3.912,1.088,1.033,2,14,0,0.176,0,0,0.151,2.732,0.481,0,0,0.190,-3.969,7.977,-0.798,0.603
916.0,-4.934,8.738,-4.997,0.003,1.014,2,14,0,0.199,0,0,0.199,-4.834,11.816,-4.254,0.746,1.055,2,14,0,0.173,0,0,0.208,-4.918,5.663,-4.513,0.487,1.004,2,14,0,0.178,0,0,0.158,-2.130,8.801,-4.490,0.510,0.990,2,14,0,0.179,0,0,0.114,-7.666,8.513,-3.968,1.032,0.972,2,14,0,0.176,0,0,0.129,2.851,0.425,0,0,0.199,-4.795,8.539,-0.854,0.520
917.0,-5.828,9.232,-4.942,0.058,1.011,2,14,0,0.205,0,0,0.213,-5.741,12.247,-4.258,0.742,1.033,2,14,0,0.175,0,0,0.160,-5.719,6.154,-4.425,0.575,0.982,2,14,0,0.178,0,0,0.179,-3.003,9.269,-4.525,0.475,0.983,2,14,0,0.176,0,0,0.104,-8.465,9.050,-3.960,1.040,0.964,2,14,0,0.204,0,0,0.180,2.819,0.415,0,0,0.205,-5.674,9.016,-0.902,0.433
918.0,-6.804,9.590,-4.961,0.039,1.020,2,14,0,0.188,0,0,0.184,-6.696,12.556,-4.263,0.737,1.023,2,14,0,0.176,0,0,0.087,-6.640,6.496,-4.414,0.586,1.003,2,14,0,0.176,0,0,0.134,-3.946,9.701,-4.499,0.501,0.982,2,14,0,0.173,0,0,0.153,-9.371,9.437,-4.022,0.978,0.990,2,14,0,0.182,0,0,0.186,2.737,0.460,0,0,0.188,-6.596,9.403,-0.940,0.340
919.0,-7.798,9.808,-4.983,0.017,0.994,2,14,0,0.195,0,0,0.121,-7.761,12.833,-4.255,0.745,1.028,2,14,0,0.175,0,0,0.158,-7.599,6.782,-4.449,0.551,1.028,2,14,0,0.174,0,0,0.126,-4.803,10.013,-4.498,0.502,0.960,2,14,0,0.152,0,0,0.169,-10.366,9.705,-3.962,1.038,1.016,2,14,0,0.595,0,0,0.155,2.765,0.405,0,0,0.595,-7.551,9.696,-0.970,0.245
920.0,-8.713,10.006,-4.949,0.051,0.979,2,14,0,0.191,0,0,0.108,-8.635,13.093,-4.320,0.680,0.960,2,14,0,0.174,0,0,0.132,-8.541,6.965,-4.435,0.565,1.036,2,14,0,0.175,0,0,0.133,-5.646,10.177,-4.521,0.479,0.992,2,14,0,0.182,0,0,0.231,-11.359,9.895,-3.972,1.028,1.018,2,14,0,0.444,0,0,0.149,2.822,0.307,0,0,0.444,-8.531,9.892,-0.989,0.147
921.0,-9.667,10.080,-5.008,-0.008,1.012,2,14,0,0.186,0,0,0.095,-9.543,13.180,-4.287,0.713,0.979,2,14,0,0.174,0,0,0.130,-9.604,7.051,-4.475,0.525,1.074,2,14,0,0.177,0,0,0.094,-6.717,10.230,-4.462,0.538,1.105,2,14,0,0.164,0,0,0.141,-12.322,9.943,-3.915,1.085,1.017,2,14,0,0.242,0,0,0.104,2.875,0.307,0,0,0.242,-9.526,9.989,-0.999,0.047
922.0,-10.707,10.083,-5.013,-0.013,1.048,2,14,0,0.198,0,0,0.093,-10.589,13.160,-4.303,0.697,1.030,2,14,0,0.205,0,0,0.100,-10.705,7.044,-4.423,0.577,1.066,2,14,0,0.174,0,0,0.128,-7.826,10.257,-4.439,0.561,1.121,2,14,0,0.179,0,0,0.115,-13.396,9.904,-3.941,1.059,1.061,2,14,0,0.180,0,0,0.080,2.900,0.404,0,0,0.205,-10.526,9.986,-0.999,-0.053
923.0,-11.769,9.998,-5.051,-0.051,1.048,2,14,0,0.195,0,0,0.126,-11.583,13.077,-4.355,0.645,1.046,2,14,0,0.180,0,0,0.119,-11.696,6.974,-4.438,0.562,1.018,2,14,0,0.172,0,0,0.149,-8.956,10.172,-4.531,0.469,1.099,2,14,0,0.179,0,0,0.190,-14.454,9.842,-3.967,1.033,1.032,2,14,0,0.184,0,0,0.151,2.865,0.523,0,0,0.195,-11.520,9.884,-0.988,-0.152
924.0,-12.726,9.844,-5.028,-0.028,1.023,2,14,0,0.231,0,0,0.162,-12.635,12.913,-4.249,0.751,1.057,2,14,0,0.210,0,0,0.167,-12.692,6.806,-4.420,0.580,1.005,2,14,0,0.175,0,0,0.184,-9.971,10.011,-4.606,0.394,1.037,2,14,0,0.177,0,0,0.243,-15.449,9.674,-4.005,0.995,0.999,2,14,0,0.189,0,0,0.186,2.792,0.575,0,0,0.231,-12.499,9.683,-0.968,-0.250
925.0,-13.731,9.504,-5.019,-0.019,1.050,2,14,0,0.194,0,0,0.149,-13.664,12.635,-4.260,0.740,1.045,2,14,0,0.172,0,0,0.223,-13.610,6.480,-4.403,0.597,0.998,2,14,0,0.173,0,0,0.139,-10.993,9.739,-4.544,0.456,0.999,2,14,0,0.178,0,0,0.311,-16.375,9.377,-3.995,1.005,0.985,2,14,0,0.180,0,0,0.167,2.789,0.645,0,0,0.194,-13.453,9.385,-0.938,-0.345
926.0,-14.687,9.058,-4.984,0.016,1.028,2,14,0,0.189,0,0,0.141,-14.580,12.203,-4.341,0.659,1.023,2,14,0,0.171,0,0,0.192,-14.510,6.091,-4.481,0.519,1.019,2,14,0,0.173,0,0,0.132,-11.859,9.303,-4.503,0.497,0.963,2,14,0,0.176,0,0,0.244,-17.302,8.965,-3.928,1.072,1.003,2,14,0,0.176,0,0,0.158,2.822,0.576,0,0,0.189,-14.373,8.993,-0.899,-0.437
927.0,-15.566,8.575,-4.968,0.032,1.005,2,14,0,0.254,0,0,0.144,-15.443,11.691,-4.315,0.685,1.017,2,14,0,0.173,0,0,0.161,-15.465,5.580,-4.496,0.504,1.042,2,14,0,0.177,0,0,0.157,-12.690,8.753,-4.556,0.444,0.971,2,14,0,0.177,0,0,0.167,-18.144,8.472,-3.932,1.068,1.015,2,14,0,0.179,0,0,0.127,2.780,0.503,0,0,0.254,-15.249,8.512,-0.851,-0.525
928.0,-16.392,8.050,-4.998,0.002,0.981,2,14,0,0.189,0,0,0.171,-16.250,11.073,-4.273,0.727,1.017,2,14,0,0.175,0,0,0.118,-16.315,5.016,-4.446,0.554,1.026,2,14,0,0.177,0,0,0.178,-13.367,8.108,-4.492,0.508,0.979,2,14,0,0.352,0,0,0.015,-18.989,7.875,-3.928,1.072,1.036,2,14,0,0.211,0,0,0.120,2.815,0.337,0,0,0.352,-16.073,7.945,-0.795,-0.607
929.0,-17.104,7.400,-4.990,0.010,0.995,2,14,0,0.187,0,0,0.130,-16.962,10.390,-4.202,0.798,1.019,2,14,0,0.170,0,0,0.054,-17.062,4.360,-4.442,0.558,1.019,2,14,0,0.174,0,0,0.159,-14.136,7.415,-4.512,0.488,1.021,2,14,0,0.183,0,0,0.042,-19.726,7.170,-3.924,1.076,1.025,2,14,0,0.150,0,0,0.070,2.840,0.322,0,0,0.187,-16.835,7.299,-0.730,-0.684
930.0,-17.824,6.632,-5.060,-0.060,1.022,2,14,0,0.188,0,0,0.120,-17.719,9.692,-4.326,0.674,1.016,2,14,0,0.175,0,0,0.120,-17.661,3.623,-4.455,0.545,1.022,2,14,0,0.174,0,0,0.076,-14.821,6.705,-4.478,0.522,1.018,2,14,0,0.176,0,0,0.036,-20.369,6.466,-3.959,1.041,1.016,2,14,0,0.185,0,0,0.034,2.777,0.316,0,0,0.188,-17.530,6.580,-0.658,-0.753
931.0,-18.380,5.790,-4.996,0.004,1.018,2,14,0,0.232,0,0,0.045,-18.271,8.948,-4.322,0.678,1.009,2,14,0,0.170,0,0,0.089,-18.305,2.818,-4.414,0.586,1.036,2,14,0,0.269,0,0,0.077,-15.480,5.964,-4.528,0.472,1.018,2,14,0,0.176,0,0,0.031,-20.942,5.701,-3.985,1.015,1.034,2,14,0,0.188,0,0,0.059,2.756,0.371,0,0,0.269,-18.149,5.796,-0.580,-0.815
932.0,-18.868,4.965,-5.011,-0.011,1.005,2,14,0,0.189,0,0,0.014,-18.886,8.128,-4.304,0.696,1.038,2,14,0,0.205,0,0,0.156,-18.865,1.953,-4.388,0.612,1.046,2,14,0,0.174,0,0,0.087,-16.089,5.147,-4.468,0.532,1.029,2,14,0,0.176,0,0,0.103,-21.619,4.877,-3.956,1.044,1.069,2,14,0,0.212,0,0,0.129,2.837,0.447,0,0,0.212,-18.687,4.953,-0.495,-0.869
933.0,-19.351,4.143,-4.976,0.024,1.036,2,14,0,0.188,0,0,0.083,-19.343,7.193,-4.281,0.719,1.054,2,14,0,0.173,0,0,0.141,-19.303,1.026,-4.436,0.564,1.033,2,14,0,0.179,0,0,0.070,-16.629,4.309,-4.488,0.512,1.012,2,14,0,0.176,0,0,0.210,-22.127,3.976,-3.956,1.044,1.052,2,14,0,0.176,0,0,0.176,2.770,0.550,0,0,0.188,-19.138,4.061,-0.406,-0.914
934.0,-19.853,3.134,-4.990,0.010,1.068,2,14,0,0.191,0,0,0.174,-19.713,6.204,-4.268,0.732,1.057,2,14,0,0.169,0,0,0.140,-19.698,0.095,-4.441,0.559,1.022,2,14,0,0.175,0,0,0.103,-17.014,3.388,-4.438,0.562,1.035,2,14,0,0.207,0,0,0.237,-22.542,3.009,-3.998,1.002,1.046,2,14,0,0.208,0,0,0.221,2.868,0.577,0,0,0.208,-19.498,3.128,-0.313,-0.950
935.0,-20.263,2.103,-5.017,-0.017,1.033,2,14,0,0.191,0,0,0.326,-19.953,5.254,-4.255,0.745,1.032,2,14,0,0.173,0,0,0.117,-19.994,-0.853,-4.471,0.529,1.016,2,14,0,0.177,0,0,0.134,-17.269,2.383,-4.467,0.533,1.058,2,14,0,0.197,0,0,0.211,-22.800,2.008,-3.971,1.029,1.041,2,14,0,0.214,0,0,0.212,2.746,0.552,0,0,0.214,-19.763,2.165,-0.216,-0.976
936.0,-20.430,1.124,-5.061,-0.061,0.990,2,14,0,0.255,0,0,0.323,-20.019,4.257,-4.251,0.749,1.039,2,14,0,0.180,0,0,0.014,-20.242,-1.897,-4.518,0.482,1.030,2,14,0,0.174,0,0,0.222,-17.434,1.402,-4.506,0.494,1.068,2,14,0,0.177,0,0,0.211,-22.950,0.991,-3.984,1.016,1.030,2,14,0,0.178,0,0,0.201,2.743,0.551,0,0,0.255,-19.930,1.179,-0.118,-0.993
937.0,-20.295,0.180,-4.960,0.040,0.990,2,14,0,0.190,0,0,0.117,-20.162,3.185,-4.319,0.681,1.043,2,14,0,0.207,0,0,0.114,-20.302,-2.871,-4.490,0.510,1.009,2,14,0,0.175,0,0,0.209,-17.432,0.341,-4.539,0.461,1.085,2,14,0,0.179,0,0,0.133,-22.973,-0.031,-3.976,1.024,1.016,2,14,0,0.193,0,0,0.166,2.861,0.462,0,0,0.207,-19.998,0.182,-0.018,-1.000
938.0,-20.150,-0.823,-4.982,0.018,1.036,2,14,0,0.299,0,0,0.011,-20.276,2.180,-4.287,0.713,1.003,2,14,0,0.173,0,0,0.245,-20.203,-3.853,-4.478,0.522,1.020,2,14,0,0.183,0,0,0.139,-17.308,-0.735,-4.566,0.434,1.077,2,14,0,0.179,0,0,0.084,-22.866,-0.993,-3.972,1.028,1.010,2,14,0,0.182,0,0,0.082,2.874,0.351,0,0,0.299,-19.967,-0.817,0.082,-0.997
939.0,-19.995,-1.856,-5.017,-0.017,1.032,2,14,0,0.204,0,0,0.057,-20.116,1.156,-4.268,0.732,1.015,2,14,0,0.170,0,0,0.234,-20.040,-4.847,-4.462,0.538,1.043,2,14,0,0.172,0,0,0.107,-17.170,-1.784,-4.527,0.473,1.029,2,14,0,0.177,0,0,0.139,-22.666,-2.007,-3.918,1.082,1.022,2,14,0,0.181,0,0,0.047,2.868,0.336,0,0,0.204,-19.835,-1.808,0.181,-0.984
940.0,-19.772,-2.767,-5.009,-0.009,1.015,2,14,0,0.191,0,0,0.020,-19.879,0.228,-4.229,0.771,0.996,2,14,0,0.174,0,0,0.209,-19.800,-5.830,-4.484,0.516,1.045,2,14,0,0.207,0,0,0.099,-16.965,-2.757,-4.508,0.492,0.987,2,14,0,0.177,0,0,0.145,-22.523,-2.946,-3.907,1.093,1.014,2,14,0,0.186,0,0,0.096,2.852,0.360,0,0,0.207,-19.606,-2.781,0.278,-0.961
941.0,-19.467,-3.718,-4.990,0.010,1.029,2,14,0,0.188,0,0,0.014,-19.473,-0.686,-4.288,0.712,1.030,2,14,0,0.171,0,0,0.123,-19.414,-6.810,-4.490,0.510,1.057,2,14,0,0.177,0,0,0.072,-16.631,-3.755,-4.568,0.432,0.971,2,14,0,0.179,0,0,0.194,-22.177,-3.929,-3.949,1.051,1.039,2,14,0,0.308,0,0,0.093,2.867,0.352,0,0,0.308,-19.280,-3.726,0.373,-0.928
942.0,-19.213,-4.723,-5.010,-0.010,1.033,2,14,0,0.206,0,0,0.194,-18.988,-1.565,-4.324,0.676,1.042,2,14,0,0.177,0,0,0.051,-18.986,-7.776,-4.496,0.504,1.032,2,14,0,0.156,0,0,0.118,-16.246,-4.625,-4.502,0.498,0.946,2,14,0,0.184,0,0,0.170,-21.712,-4.875,-3.950,1.050,1.032,2,14,0,0.229,0,0,0.099,2.718,0.384,0,0,0.229,-18.862,-4.634,0.463,-0.886
943.0,-18.775,-5.631,-5.011,-0.011,1.038,2,14,0,0.252,0,0,0.277,-18.447,-2.438,-4.283,0.717,1.057,2,14,0,0.422,0,0,0.023,-18.472,-8.692,-4.461,0.539,1.001,2,14,0,0.156,0,0,0.170,-15.791,-5.420,-4.505,0.495,0.942,2,14,0,0.180,0,0,0.155,-21.220,-5.769,-4.000,1.000,1.010,2,14,0,0.181,0,0,0.135,2.650,0.443,0,0,0.422,-18.355,-5.495,0.550,-0.835
944.0,-18.142,-6.441,-5.044,-0.044,1.052,2,14,0,0.294,0,0,0.244,-17.790,-3.283,-4.285,0.715,1.052,2,14,0,0.177,0,0,0.078,-17.945,-9.488,-4.469,0.531,0.962,2,14,0,0.185,0,0,0.177,-15.208,-6.113,-4.529,0.471,0.996,2,14,0,0.183,0,0,0.142,-20.733,-6.552,-3.923,1.077,0.990,2,14,0,0.183,0,0,0.179,2.825,0.483,0,0,0.294,-17.764,-6.302,0.630,-0.776
945.0,-17.375,-7.150,-5.017,-0.017,1.068,2,14,0,0.223,0,0,0.147,-17.174,-4.060,-4.275,0.725,1.016,2,14,0,0.180,0,0,0.091,-17.365,-10.198,-4.407,0.593,0.970,2,14,0,0.179,0,0,0.208,-14.518,-6.834,-4.534,0.466,1.065,2,14,0,0.219,0,0,0.128,-20.080,-7.263,-3.941,1.059,1.013,2,14,0,0.182,0,0,0.175,2.913,0.471,0,0,0.223,-17.096,-7.046,0.705,-0.710
946.0,-16.556,-7.797,-4.975,0.025,1.054,2,14,0,0.190,0,0,0.082,-16.472,-4.794,-4.331,0.669,1.003,2,14,0,0.175,0,0,0.154,-16.518,-10.874,-4.397,0.603,1.031,2,14,0,0.181,0,0,0.142,-13.755,-7.584,-4.529,0.471,1.106,2,14,0,0.189,0,0,0.099,-19.270,-7.926,-3.983,1.017,1.059,2,14,0,0.184,0,0,0.108,2.844,0.420,0,0,0.190,-16.358,-7.719,0.772,-0.636
947.0,-15.756,-8.461,-4.953,0.047,1.045,2,14,0,0.193,0,0,0.152,-15.703,-5.407,-4.282,0.718,0.985,2,14,0,0.174,0,0,0.181,-15.704,-11.408,-4.419,0.581,1.024,2,14,0,0.174,0,0,0.082,-12.906,-8.303,-4.510,0.490,1.108,2,14,0,0.216,0,0,0.150,-18.390,-8.613,-3.995,1.005,1.075,2,14,0,0.184,0,0,0.148,2.807,0.351,0,0,0.216,-15.555,-8.315,0.832,-0.556
948.0,-14.838,-8.974,-4.952,0.048,1.024,2,14,0,0.282,0,0,0.150,-14.858,-5.894,-4.246,0.754,1.007,2,14,0,0.172,0,0,0.164,-14.822,-11.966,-4.453,0.547,1.041,2,14,0,0.178,0,0,0.113,-11.997,-8.918,-4.524,0.476,1.076,2,14,0,0.182,0,0,0.239,-17.520,-9.171,-3.991,1.009,1.032,2,14,0,0.183,0,0,0.196,2.856,0.386,0,0,0.282,-14.697,-8.828,0.883,-0.470
949.0,-13.941,-9.407,-5.028,-0.028,0.984,2,14,0,0.202,0,0,0.162,-13.923,-6.261,-4.293,0.707,1.036,2,14,0,0.176,0,0,0.099,-13.902,-12.434,-4.437,0.563,1.043,2,14,0,0.179,0,0,0.152,-11.065,-9.349,-4.487,0.513,1.012,2,14,0,0.213,0,0,0.256,-16.611,-9.555,-4.018,0.982,0.996,2,14,0,0.181,0,0,0.154,2.858,0.353,0,0,0.213,-13.792,-9.253,0.925,-0.379
950.0,-12.970,-9.753,-5.042,-0.042,0.988,2,14,0,0.188,0,0,0.179,-12.986,-6.616,-4.273,0.727,1.047,2,14,0,0.173,0,0,0.120,-13.001,-12.765,-4.535,0.465,1.015,2,14,0,0.177,0,0,0.159,-10.152,-9.599,-4.519,0.481,0.985,2,14,0,0.177,0,0,0.171,-15.639,-9.856,-3.966,1.034,1.010,2,14,0,0.182,0,0,0.130,2.870,0.343,0,0,0.188,-12.850,-9.585,0.959,-0.285
951.0,-11.993,-9.952,-5.022,-0.022,0.966,2,14,0,0.198,0,0,0.147,-11.968,-6.846,-4.296,0.704,1.062,2,14,0,0.174,0,0,0.100,-11.977,-12.965,-4.451,0.549,1.043,2,14,0,0.178,0,0,0.116,-9.173,-9.794,-4.516,0.484,1.001,2,14,0,0.214,0,0,0.130,-14.620,-10.080,-3.965,1.035,1.003,2,14,0,0.187,0,0,0.139,2.835,0.365,0,0,0.214,-11.879,-9.822,0.982,-0.188
952.0,-11.052,-10.050,-4.974,0.026,0.965,2,14,0,0.197,0,0,0.095,-10.925,-7.021,-4.270,0.730,1.049,2,14,0,0.292,0,0,0.141,-10.950,-13.066,-4.412,0.588,1.032,2,14,0,0.351,0,0,0.090,-8.211,-9.878,-4.430,0.570,1.004,2,14,0,0.226,0,0,0.075,-13.646,-10.215,-3.924,1.076,0.979,2,14,0,0.183,0,0,0.128,2.803,0.352,0,0,0.351,-10.889,-9.960,0.996,-0.089
953.0,-10.076,-10.054,-4.976,0.024,1.004,2,14,0,0.161,0,0,0.062,-9.906,-7.081,-4.289,0.711,1.028,2,14,0,0.190,0,0,0.168,-9.911,-13.128,-4.433,0.567,1.021,2,14,0,0.178,0,0,0.132,-7.179,-9.899,-4.496,0.504,1.027,2,14,0,0.174,0,0,0.058,-12.669,-10.267,-3.979,1.021,0.973,2,14,0,0.180,0,0,0.130,2.786,0.347,0,0,0.190,-9.890,-9.999,1.000,0.011
954.0,-9.021,-10.016,-4.975,0.025,1.022,2,14,0,0.191,0,0,0.094,-8.916,-7.026,-4.226,0.774,1.024,2,14,0,0.173,0,0,0.170,-8.861,-13.101,-4.450,0.550,0.997,2,14,0,0.181,0,0,0.187,-6.149,-9.852,-4.523,0.477,1.024,2,14,0,0.191,0,0,0.080,-11.722,-10.181,-3.936,1.064,0.979,2,14,0,0.175,0,0,0.098,2.898,0.297,0,0,0.191,-8.892,-9.938,0.994,0.111
955.0,-8.044,-9.883,-5.004,-0.004,1.006,2,14,0,0.163,0,0,0.118,-7.927,-6.831,-4.243,0.757,1.015,2,14,0,0.207,0,0,0.140,-7.929,-12.970,-4.507,0.493,0.969,2,14,0,0.178,0,0,0.178,-5.167,-9.744,-4.559,0.441,1.020,2,14,0,0.182,0,0,0.129,-10.773,-10.015,-3.949,1.051,1.026,2,14,0,0.180,0,0,0.105,2.915,0.271,0,0,0.207,-7.905,-9.778,0.978,0.209
956.0,-7.084,-9.640,-5.023,-0.023,1.025,2,14,0,0.226,0,0,0.131,-6.986,-6.542,-4.257,0.743,1.028,2,14,0,0.177,0,0,0.100,-7.046,-12.732,-4.474,0.526,0.980,2,14,0,0.219,0,0,0.179,-4.138,-9.414,-4.523,0.477,1.028,2,14,0,0.179,0,0,0.116,-9.788,-9.751,-3.965,1.035,1.064,2,14,0,0.184,0,0,0.089,2.906,0.276,0,0,0.226,-6.940,-9.520,0.952,0.306
957.0,-6.106,-9.266,-5.023,-0.023,1.035,2,14,0,0.194,0,0,0.129,-6.044,-6.208,-4.282,0.718,1.030,2,14,0,0.176,0,0,0.120,-6.082,-12.350,-4.404,0.596,1.043,2,14,0,0.184,0,0,0.152,-3.240,-9.073,-4.486,0.514,0.993,2,14,0,0.176,0,0,0.091,-8.758,-9.453,-3.987,1.013,1.081,2,14,0,0.218,0,0,0.157,2.853,0.378,0,0,0.218,-6.005,-9.167,0.917,0.400
958.0,-5.253,-8.812,-4.955,0.045,1.028,2,14,0,0.191,0,0,0.102,-5.101,-5.738,-4.300,0.700,1.042,2,14,0,0.209,0,0,0.124,-5.117,-11.827,-4.402,0.598,1.064,2,14,0,0.149,0,0,0.118,-2.362,-8.691,-4.510,0.490,0.987,2,14,0,0.176,0,0,0.132,-7.830,-8.958,-3.976,1.024,1.061,2,14,0,0.180,0,0,0.136,2.761,0.365,0,0,0.209,-5.109,-8.722,0.872,0.489
959.0,-4.392,-8.281,-4.947,0.053,1.046,2,14,0,0.205,0,0,0.108,-4.253,-5.143,-4.273,0.727,1.032,2,14,0,0.174,0,0,0.091,-4.213,-11.243,-4.389,0.611,1.042,2,14,0,0.178,0,0,0.152,-1.449,-8.139,-4.502,0.498,1.023,2,14,0,0.177,0,0,0.156,-6.920,-8.332,-3.926,1.074,1.042,2,14,0,0.181,0,0,0.166,2.727,0.371,0,0,0.205,-4.263,-8.191,0.819,0.574
960.0,-3.456,-7.676,-4.977,0.023,1.047,2,14,0,0.192,0,0,0.221,-3.376,-4.526,-4.288,0.712,1.022,2,14,0,0.178,0,0,0.177,-3.418,-10.586,-4.456,0.544,0.999,2,14,0,0.171,0,0,0.166,-0.657,-7.483,-4.470,0.530,1.016,2,14,0,0.179,0,0,0.137,-6.175,-7.721,-3.918,1.082,0.981,2,14,0,0.186,0,0,0.122,2.851,0.332,0,0,0.192,-3.474,-7.577,0.758,0.653
961.0,-2.691,-6.986,-5.025,-0.025,1.013,2,14,0,0.185,0,0,0.259,-2.664,-3.828,-4.341,0.659,0.983,2,14,0,0.174,0,0,0.165,-2.663,-9.915,-4.501,0.499,0.963,2,14,0,0.176,0,0,0.188,0.045,-6.819,-4.492,0.508,1.007,2,14,0,0.219,0,0,0.133,-5.424,-7.123,-4.029,0.971,0.968,2,14,0,0.182,0,0,0.175,2.793,0.402,0,0,0.219,-2.750,-6.888,0.689,0.725
962.0,-2.125,-6.189,-5.045,-0.045,1.008,2,14,0,0.203,0,0,0.167,-2.075,-3.060,-4.317,0.683,0.965,2,14,0,0.173,0,0,0.102,-2.137,-9.180,-4.455,0.545,0.945,2,14,0,0.178,0,0,0.065,0.665,-6.003,-4.454,0.546,1.033,2,14,0,0.179,0,0,0.074,-4.709,-6.433,-4.002,0.998,0.992,2,14,0,0.182,0,0,0.265,2.797,0.494,0,0,0.203,-2.099,-6.129,0.613,0.790
963.0,-1.574,-5.315,-4.992,0.008,1.015,2,14,0,0.190,0,0,0.133,-1.561,-2.295,-4.289,0.711,0.972,2,14,0,0.203,0,0,0.072,-1.601,-8.376,-4.421,0.579,0.974,2,14,0,0.175,0,0,0.042,1.295,-5.166,-4.547,0.453,1.026,2,14,0,0.254,0,0,0.126,-4.166,-5.635,-3.944,1.056,1.014,2,14,0,0.253,0,0,0.259,2.814,0.485,0,0,0.254,-1.526,-5.310,0.531,0.847
964.0,-1.142,-4.447,-5.017,-0.017,0.994,2,14,0,0.189,0,0,0.079,-1.073,-1.431,-4.270,0.730,1.005,2,14,0,0.233,0,0,0.075,-1.122,-7.574,-4.472,0.528,1.005,2,14,0,0.229,0,0,0.103,1.780,-4.302,-4.560,0.440,1.014,2,14,0,0.181,0,0,0.122,-3.764,-4.734,-3.943,1.057,1.059,2,14,0,0.176,0,0,0.186,2.848,0.404,0,0,0.233,-1.038,-4.438,0.444,0.896
965.0,-0.746,-3.507,-5.035,-0.035,1.012,2,14,0,0.192,0,0,0.072,-0.671,-0.545,-4.246,0.754,1.038,2,14,0,0.178,0,0,0.106,-0.615,-6.675,-4.448,0.552,1.059,2,14,0,0.450,0,0,0.170,2.195,-3.419,-4.503,0.497,0.998,2,14,0,0.177,0,0,0.148,-3.404,-3.715,-3.933,1.067,1.099,2,14,0,0.184,0,0,0.078,2.885,0.306,0,0,0.450,-0.640,-3.521,0.352,0.936
966.0,-0.432,-2.521,-5.054,-0.054,1.015,2,14,0,0.188,0,0,0.089,-0.281,0.423,-4.315,0.685,1.062,2,14,0,0.206,0,0,0.153,-0.266,-5.696,-4.413,0.587,1.084,2,14,0,0.210,0,0,0.191,2.483,-2.499,-4.574,0.426,1.021,2,14,0,0.183,0,0,0.147,-3.051,-2.698,-3.913,1.087,1.082,2,14,0,0.180,0,0,0.109,2.862,0.312,0,0,0.210,-0.336,-2.569,0.257,0.966
967.0,-0.189,-1.543,-5.038,-0.038,1.005,2,14,0,0.195,0,0,0.122,-0.061,1.462,-4.284,0.716,1.075,2,14,0,0.173,0,0,0.144,-0.068,-4.596,-4.432,0.568,1.094,2,14,0,0.174,0,0,0.159,2.712,-1.511,-4.552,0.448,1.060,2,14,0,0.210,0,0,0.163,-2.910,-1.620,-3.981,1.019,1.062,2,14,0,0.181,0,0,0.123,2.920,0.219,0,0,0.210,-0.127,-1.591,0.159,0.987
968.0,-0.071,-0.555,-5.004,-0.004,1.008,2,14,0,0.193,0,0,0.133,0.084,2.532,-4.294,0.706,1.055,2,14,0,0.174,0,0,0.187,0.037,-3.519,-4.461,0.539,1.057,2,14,0,0.174,0,0,0.189,2.856,-0.483,-4.544,0.456,1.078,2,14,0,0.216,0,0,0.179,-2.735,-0.569,-3.977,1.023,1.008,2,14,0,0.183,0,0,0.204,2.855,0.284,0,0,0.216,-0.018,-0.597,0.060,0.998
969.0,-0.062,0.417,-4.948,0.052,1.004,2,14,0,0.192,0,0,0.127,0.143,3.557,-4.296,0.704,1.023,2,14,0,0.172,0,0,0.243,0.029,-2.502,-4.438,0.562,1.004,2,14,0,0.217,0,0,0.187,2.873,0.601,-4.509,0.491,1.082,2,14,0,0.178,0,0,0.190,-2.703,0.471,-3.948,1.052,0.965,2,14,0,0.192,0,0,0.249,2.825,0.313,0,0,0.217,-0.008,0.402,-0.040,0.999
970.0,-0.134,1.433,-5.038,-0.038,1.020,2,14,0,0.241,0,0,0.149,0.007,4.507,-4.262,0.738,1.008,2,14,0,0.177,0,0,0.186,0.016,-1.468,-4.429,0.571,0.977,2,14,0,0.271,0,0,0.270,2.792,1.666,-4.460,0.540,1.055,2,14,0,0.176,0,0,0.226,-2.785,1.414,-3.976,1.024,0.903,2,14,0,0.180,0,0,0.212,2.856,0.314,0,0,0.271,-0.098,1.398,-0.140,0.990
971.0,-0.288,2.464,-4.997,0.003,1.042,2,14,0,0.194,0,0,0.196,-0.206,5.512,-4.303,0.697,1.042,2,14,0,0.174,0,0,0.168,-0.226,-0.575,-4.442,0.558,0.970,2,14,0,0.220,0,0,0.180,2.550,2.622,-4.534,0.466,1.032,2,14,0,0.184,0,0,0.167,-2.966,2.284,-3.975,1.025,0.907,2,14,0,0.179,0,0,0.153,2.873,0.335,0,0,0.220,-0.287,2.379,-0.238,0.971
972.0,-0.584,3.411,-4.962,0.038,1.029,2,14,0,0.196,0,0,0.183,-0.533,6.533,-4.274,0.726,1.043,2,14,0,0.232,0,0,0.170,-0.587,0.336,-4.464,0.536,0.987,2,14,0,0.174,0,0,0.091,2.236,3.598,-4.508,0.492,1.021,2,14,0,0.179,0,0,0.157,-3.226,3.131,-3.925,1.075,0.959,2,14,0,0.276,0,0,0.181,2.852,0.403,0,0,0.276,-0.573,3.337,-0.334,0.943
973.0,-0.992,4.357,-4.987,0.013,1.033,2,14,0,0.189,0,0,0.168,-0.935,7.460,-4.268,0.732,1.003,2,14,0,0.171,0,0,0.158,-1.009,1.263,-4.427,0.573,1.011,2,14,0,0.230,0,0,0.052,1.799,4.500,-4.518,0.482,1.002,2,14,0,0.175,0,0,0.104,-3.567,4.062,-3.980,1.020,1.038,2,14,0,0.178,0,0,0.221,2.780,0.434,0,0,0.230,-0.953,4.261,-0.426,0.905
974.0,-1.476,5.253,-4.927,0.073,1.033,2,14,0,0.188,0,0,0.166,-1.393,8.340,-4.308,0.692,0.997,2,14,0,0.170,0,0,0.168,-1.396,2.157,-4.489,0.511,1.019,2,14,0,0.209,0,0,0.131,1.324,5.363,-4.526,0.474,1.001,2,14,0,0.190,0,0,0.085,-4.028,5.004,-4.003,0.997,1.111,2,14,0,0.319,0,0,0.219,2.726,0.419,0,0,0.319,-1.424,5.143,-0.514,0.858
975.0,-2.037,6.075,-5.033,-0.033,1.048,2,14,0,0.186,0,0,0.157,-2.024,9.192,-4.270,0.730,1.019,2,14,0,0.146,0,0,0.150,-1.937,3.014,-4.461,0.539,1.032,2,14,0,0.175,0,0,0.156,0.735,6.204,-4.492,0.508,1.010,2,14,0,0.185,0,0,0.080,-4.705,5.954,-4.000,1.000,1.141,2,14,0,0.157,0,0,0.160,2.827,0.366,0,0,0.186,-1.980,5.974,-0.597,0.802
976.0,-2.808,6.873,-4.988,0.012,1.074,2,14,0,0.193,0,0,0.117,-2.709,9.957,-4.290,0.710,1.001,2,14,0,0.175,0,0,0.143,-2.632,3.879,-4.447,0.553,1.062,2,14,0,0.176,0,0,0.188,0.147,6.962,-4.472,0.528,0.995,2,14,0,0.153,0,0,0.092,-5.470,6.731,-3.963,1.037,1.087,2,14,0,0.183,0,0,0.135,2.856,0.321,0,0,0.193,-2.617,6.745,-0.674,0.738
977.0,-3.601,7.598,-5.013,-0.013,1.028,2,14,0,0.187,0,0,0.166,-3.361,10.587,-4.329,0.671,0.966,2,14,0,0.443,0,0,0.079,-3.371,4.566,-4.473,0.527,1.026,2,14,0,0.177,0,0,0.163,-0.539,7.635,-4.471,0.529,1.020,2,14,0,0.292,0,0,0.094,-6.335,7.425,-3.956,1.044,1.035,2,14,0,0.211,0,0,0.222,2.936,0.313,0,0,0.443,-3.327,7.448,-0.745,0.667
978.0,-4.378,8.220,-4.992,0.008,0.979,2,14,0,0.253,0,0,0.167,-4.126,11.208,-4.278,0.722,0.996,2,14,0,0.172,0,0,0.077,-4.230,5.155,-4.419,0.581,1.032,2,14,0,0.175,0,0,0.115,-1.289,8.286,-4.524,0.476,1.061,2,14,0,0.240,0,0,0.129,-7.113,8.056,-3.946,1.054,0.955,2,14,0,0.181,0,0,0.224,2.933,0.310,0,0,0.253,-4.104,8.077,-0.808,0.590
979.0,-5.090,8.743,-4.982,0.018,0.937,2,14,0,0.217,0,0,0.115,-4.965,11.774,-4.286,0.714,1.020,2,14,0,0.173,0,0,0.090,-5.091,5.681,-4.533,0.467,1.012,2,14,0,0.275,0,0,0.112,-2.245,8.876,-4.523,0.477,1.082,2,14,0,0.176,0,0,0.097,-7.807,8.617,-3.989,1.011,0.898,2,14,0,0.174,0,0,0.145,2.885,0.395,0,0,0.275,-4.940,8.625,-0.863,0.506
980.0,-5.888,9.211,-4.950,0.050,0.978,2,14,0,0.322,0,0,0.168,-5.911,12.291,-4.235,0.765,1.037,2,14,0,0.173,0,0,0.131,-5.913,6.181,-4.443,0.557,0.996,2,14,0,0.209,0,0,0.125,-3.128,9.386,-4.492,0.508,1.047,2,14,0,0.196,0,0,0.144,-8.519,9.104,-3.965,1.035,0.914,2,14,0,0.193,0,0,0.208,2.803,0.425,0,0,0.322,-5.826,9.087,-0.909,0.417
981.0,-6.868,9.540,-5.034,-0.034,1.034,2,14,0,0.195,0,0,0.105,-6.871,12.708,-4.261,0.739,1.023,2,14,0,0.175,0,0,0.182,-6.793,6.533,-4.392,0.608,1.005,2,14,0,0.177,0,0,0.119,-4.084,9.834,-4.526,0.474,1.021,2,14,0,0.175,0,0,0.224,-9.354,9.476,-3.948,1.052,0.991,2,14,0,0.211,0,0,0.276,2.714,0.500,0,0,0.211,-6.754,9.459,-0.946,0.325
982.0,-7.872,9.821,-4.995,0.005,1.044,2,14,0,0.192,0,0,0.085,-7.822,13.013,-4.276,0.724,0.989,2,14,0,0.176,0,0,0.209,-7.861,6.789,-4.457,0.543,1.033,2,14,0,0.175,0,0,0.105,-4.979,10.077,-4.498,0.502,0.991,2,14,0,0.175,0,0,0.192,-10.311,9.745,-3.946,1.054,1.093,2,14,0,0.158,0,0,0.275,2.656,0.432,0,0,0.192,-7.715,9.735,-0.974,0.229
983.0,-8.857,10.024,-5.011,-0.011,1.049,2,14,0,0.189,0,0,0.108,-8.835,13.112,-4.262,0.738,0.985,2,14,0,0.175,0,0,0.140,-8.865,6.924,-4.465,0.535,1.012,2,14,0,0.186,0,0,0.090,-6.019,10.209,-4.477,0.523,1.036,2,14,0,0.176,0,0,0.141,-11.487,9.957,-3.943,1.057,1.162,2,14,0,0.153,0,0,0.190,2.840,0.435,0,0,0.189,-8.698,9.915,-0.991,0.130
984.0,-9.906,10.176,-5.040,-0.040,1.063,2,14,0,0.205,0,0,0.179,-9.775,13.172,-4.257,0.743,0.986,2,14,0,0.174,0,0,0.103,-9.915,7.125,-4.428,0.572,1.001,2,14,0,0.178,0,0,0.201,-7.019,10.228,-4.553,0.447,1.024,2,14,0,0.154,0,0,0.082,-12.573,10.007,-3.932,1.068,1.119,2,14,0,0.182,0,0,0.166,2.893,0.400,0,0,0.205,-9.694,9.995,-1.000,0.031
985.0,-11.027,10.164,-4.996,0.004,1.049,2,14,0,0.226,0,0,0.233,-10.705,13.108,-4.267,0.733,1.004,2,14,0,0.173,0,0,0.084,-10.820,7.144,-4.459,0.541,0.958,2,14,0,0.170,0,0,0.202,-8.036,10.210,-4.496,0.504,1.030,2,14,0,0.178,0,0,0.089,-13.625,9.948,-3.947,1.053,1.073,2,14,0,0.176,0,0,0.160,2.811,0.414,0,0,0.226,-10.694,9.976,-0.998,-0.069
986.0,-12.010,9.991,-4.958,0.042,1.003,2,14,0,0.190,0,0,0.193,-11.718,13.028,-4.283,0.717,1.048,2,14,0,0.246,0,0,0.106,-11.796,6.992,-4.459,0.541,0.998,2,14,0,0.178,0,0,0.166,-9.107,10.131,-4.471,0.529,1.028,2,14,0,0.190,0,0,0.167,-14.716,9.862,-3.948,1.052,1.023,2,14,0,0.290,0,0,0.249,2.891,0.502,0,0,0.290,-11.686,9.857,-0.986,-0.169
987.0,-12.937,9.762,-5.021,-0.021,0.978,2,14,0,0.190,0,0,0.148,-12.800,12.802,-4.307,0.693,1.096,2,14,0,0.174,0,0,0.107,-12.732,6.736,-4.405,0.595,1.024,2,14,0,0.174,0,0,0.125,-10.108,9.934,-4.535,0.465,0.985,2,14,0,0.180,0,0,0.205,-15.600,9.648,-4.007,0.993,0.959,2,14,0,0.180,0,0,0.192,2.852,0.535,0,0,0.190,-12.662,9.639,-0.964,-0.266
988.0,-13.822,9.438,-5.015,-0.015,0.989,2,14,0,0.189,0,0,0.113,-13.889,12.488,-4.273,0.727,1.054,2,14,0,0.170,0,0,0.225,-13.690,6.413,-4.432,0.568,1.061,2,14,0,0.179,0,0,0.114,-11.041,9.612,-4.479,0.521,0.973,2,14,0,0.198,0,0,0.185,-16.564,9.304,-3.935,1.065,0.993,2,14,0,0.152,0,0,0.180,2.838,0.517,0,0,0.198,-13.611,9.325,-0.933,-0.361
989.0,-14.715,8.960,-5.021,-0.021,1.026,2,14,0,0.195,0,0,0.039,-14.705,12.072,-4.327,0.673,0.976,2,14,0,0.178,0,0,0.137,-14.757,6.008,-4.385,0.615,1.079,2,14,0,0.156,0,0,0.182,-11.922,9.193,-4.513,0.487,0.985,2,14,0,0.180,0,0,0.155,-17.469,8.848,-3.940,1.060,0.988,2,14,0,0.182,0,0,0.143,2.849,0.484,0,0,0.195,-14.524,8.918,-0.892,-0.452
990.0,-15.584,8.423,-4.946,0.054,1.041,2,14,0,0.188,0,0,0.013,-15.499,11.592,-4.259,0.741,0.991,2,14,0,0.172,0,0,0.100,-15.612,5.519,-4.455,0.545,1.035,2,14,0,0.174,0,0,0.179,-12.742,8.662,-4.548,0.452,1.002,2,14,0,0.180,0,0,0.098,-18.300,8.296,-3.915,1.085,0.990,2,14,0,0.180,0,0,0.083,2.880,0.425,0,0,0.188,-15.391,8.422,-0.842,-0.539
991.0,-16.529,7.907,-4.991,0.009,1.033,2,14,0,0.308,0,0,0.149,-16.302,11.042,-4.260,0.740,1.023,2,14,0,0.175,0,0,0.126,-16.398,4.890,-4.535,0.465,1.031,2,14,0,0.173,0,0,0.126,-13.518,8.037,-4.547,0.453,1.023,2,14,0,0.182,0,0,0.040,-19.043,7.721,-3.957,1.043,0.994,2,14,0,0.179,0,0,0.028,2.725,0.369,0,0,0.308,-16.205,7.842,-0.784,-0.621
992.0,-17.361,7.278,-5.032,-0.032,1.004,2,14,0,0.231,0,0,0.236,-17.102,10.367,-4.251,0.749,1.054,2,14,0,0.378,0,0,0.129,-17.128,4.206,-4.456,0.544,1.028,2,14,0,0.179,0,0,0.092,-14.261,7.398,-4.510,0.490,1.030,2,14,0,0.177,0,0,0.057,-19.767,7.050,-4.000,1.000,1.024,2,14,0,0.198,0,0,0.018,2.628,0.414,0,0,0.378,-16.957,7.183,-0.718,-0.696
993.0,-17.976,6.590,-5.026,-0.026,0.983,2,14,0,0.186,0,0,0.204,-17.890,9.590,-4.299,0.701,1.060,2,14,0,0.176,0,0,0.186,-17.832,3.425,-4.479,0.521,1.023,2,14,0,0.174,0,0,0.098,-14.977,6.672,-4.463,0.537,1.059,2,14,0,0.176,0,0,0.074,-20.542,6.327,-4.003,0.997,1.036,2,14,0,0.188,0,0,0.082,2.775,0.402,0,0,0.188,-17.640,6.453,-0.645,-0.764
994.0,-18.543,5.824,-4.962,0.038,1.015,2,14,0,0.199,0,0,0.202,-18.478,8.779,-4.303,0.697,1.028,2,14,0,0.176,0,0,0.166,-18.401,2.631,-4.463,0.537,1.000,2,14,0,0.185,0,0,0.060,-15.748,5.856,-4.493,0.507,1.067,2,14,0,0.173,0,0,0.199,-21.226,5.584,-3.964,1.036,1.021,2,14,0,0.180,0,0,0.173,2.834,0.541,0,0,0.199,-18.246,5.658,-0.566,-0.825
995.0,-19.014,4.902,-5.054,-0.054,1.071,2,14,0,0.187,0,0,0.115,-18.894,7.862,-4.272,0.728,1.017,2,14,0,0.172,0,0,0.057,-18.936,1.853,-4.489,0.511,0.991,2,14,0,0.174,0,0,0.103,-16.349,5.031,-4.515,0.485,1.026,2,14,0,0.173,0,0,0.285,-21.761,4.790,-3.941,1.059,1.014,2,14,0,0.231,0,0,0.212,2.722,0.622,0,0,0.231,-18.769,4.806,-0.481,-0.877
996.0,-19.435,3.893,-5.013,-0.013,1.096,2,14,0,0.185,0,0,0.052,-19.348,6.947,-4.258,0.742,1.023,2,14,0,0.172,0,0,0.076,-19.400,0.979,-4.463,0.537,1.035,2,14,0,0.245,0,0,0.139,-16.741,4.092,-4.528,0.472,1.025,2,14,0,0.231,0,0,0.237,-22.249,3.895,-3.944,1.056,1.044,2,14,0,0.178,0,0,0.259,2.745,0.567,0,0,0.245,-19.205,3.907,-0.391,-0.921
997.0,-19.794,2.876,-4.972,0.028,1.061,2,14,0,0.189,0,0,0.108,-19.749,6.037,-4.273,0.727,1.003,2,14,0,0.177,0,0,0.124,-19.826,0.013,-4.451,0.549,1.067,2,14,0,0.954,0,0,0.193,-16.997,3.104,-4.588,0.412,1.009,2,14,0,0.181,0,0,0.151,-22.512,2.915,-4.036,0.964,1.068,2,14,0,0.260,0,0,0.168,2.832,0.468,0,0,0.954,-19.549,2.968,-0.297,-0.955
998.0,-20.055,1.906,-4.914,0.086,1.003,2,14,0,0.238,0,0,0.118,-20.049,5.084,-4.222,0.778,1.007,2,14,0,0.173,0,0,0.175,-20.057,-1.063,-4.394,0.606,1.073,2,14,0,0.175,0,0,0.167,-17.110,2.106,-4.468,0.532,1.010,2,14,0,0.179,0,0,0.045,-22.649,1.850,-3.982,1.018,1.083,2,14,0,0.178,0,0,0.028,2.757,0.330,0,0,0.238,-19.798,2.000,-0.200,-0.980
999.0,-20.282,0.956,-4.976,0.024,0.984,2,14,0,0.188,0,0,0.164,-20.275,4.052,-4.259,0.741,1.022,2,14,0,0.176,0,0,0.253,-20.146,-2.114,-4.425,0.575,1.043,2,14,0,0.193,0,0,0.141,-17.280,1.110,-4.483,0.517,1.002,2,14,0,0.175,0,0,0.067,-22.768,0.813,-3.975,1.025,1.067,2,14,0,0.182,0,0,0.045,2.684,0.346,0,0,0.193,-19.949,1.012,-0.101,-0.995
1000.0,-20.333,-0.008,-5.004,-0.004,0.978,2,14,0,0.190,0,0,0.155,-20.285,3.061,-4.273,0.727,1.015,2,14,0,0.208,0,0,0.211,-20.220,-3.074,-4.398,0.602,0.992,2,14,0,0.204,0,0,0.141,-17.395,0.138,-4.513,0.487,0.992,2,14,0,0.178,0,0,0.097,-22.889,-0.215,-3.908,1.092,1.033,2,14,0,0.225,0,0,0.106,2.789,0.414,0,0,0.225,-20.000,0.014,-0.001,-1.000
1001.0,-20.210,-0.975,-5.052,-0.052,0.992,2,14,0,0.184,0,0,0.081,-20.186,2.062,-4.329,0.671,1.026,2,14,0,0.171,0,0,0.161,-20.180,-4.036,-4.448,0.552,0.996,2,14,0,0.173,0,0,0.134,-17.449,-0.779,-4.639,0.361,0.987,2,14,0,0.177,0,0,0.198,-22.948,-1.228,-3.899,1.101,1.003,2,14,0,0.182,0,0,0.200,2.799,0.538,0,0,0.184,-19.951,-0.985,0.098,-0.995
1002.0,-20.027,-1.952,-4.993,0.007,1.025,2,14,0,0.192,0,0,0.051,-20.025,1.140,-4.278,0.722,1.023,2,14,0,0.170,0,0,0.149,-20.023,-4.984,-4.455,0.545,1.006,2,14,0,0.177,0,0,0.120,-17.347,-1.815,-4.505,0.495,1.048,2,14,0,0.176,0,0,0.243,-22.864,-2.246,-3.979,1.021,0.996,2,14,0,0.240,0,0,0.270,2.728,0.566,0,0,0.240,-19.803,-1.973,0.197,-0.980
1003.0,-19.774,-2.981,-4.988,0.012,1.049,2,14,0,0.191,0,0,0.057,-19.766,0.174,-4.337,0.663,1.055,2,14,0,0.173,0,0,0.137,-19.802,-5.989,-4.492,0.508,1.041,2,14,0,0.176,0,0,0.148,-16.957,-2.838,-4.431,0.569,1.078,2,14,0,0.190,0,0,0.111,-22.609,-3.226,-3.930,1.070,0.991,2,14,0,0.181,0,0,0.267,2.876,0.412,0,0,0.191,-19.557,-2.942,0.294,-0.956
1004.0,-19.537,-3.978,-5.000,-0.000,1.015,2,14,0,0.190,0,0,0.170,-19.349,-0.825,-4.332,0.668,1.095,2,14,0,0.173,0,0,0.060,-19.421,-6.983,-4.447,0.553,1.059,2,14,0,0.177,0,0,0.131,-16.551,-3.828,-4.508,0.492,1.061,2,14,0,0.172,0,0,0.109,-22.261,-4.150,-3.959,1.041,1.006,2,14,0,0.522,0,0,0.253,2.921,0.340,0,0,0.522,-19.216,-3.882,0.388,-0.922
1005.0,-19.267,-4.843,-5.036,-0.036,1.012,2,14,0,0.187,0,0,0.312,-18.872,-1.785,-4.279,0.721,1.077,2,14,0,0.176,0,0,0.081,-18.910,-7.968,-4.472,0.528,1.045,2,14,0,0.176,0,0,0.167,-16.068,-4.701,-4.565,0.435,1.017,2,14,0,0.202,0,0,0.080,-21.706,-5.012,-3.872,1.128,1.026,2,14,0,0.188,0,0,0.131,2.708,0.488,0,0,0.202,-18.782,-4.782,0.478,-0.878
1006.0,-18.670,-5.708,-4.972,0.028,1.078,2,14,0,0.186,0,0,0.245,-18.325,-2.724,-4.256,0.744,1.042,2,14,0,0.177,0,0,0.165,-18.361,-8.836,-4.441,0.559,0.995,2,14,0,0.175,0,0,0.180,-15.555,-5.573,-4.558,0.442,0.998,2,14,0,0.173,0,0,0.096,-21.111,-5.829,-3.895,1.105,1.029,2,14,0,0.174,0,0,0.055,2.670,0.416,0,0,0.186,-18.261,-5.635,0.564,-0.826
1007.0,-17.542,-6.921,-4.988,0.012,0.984,2,14,0,0.187,0,0,0.568,-17.486,-3.938,-4.307,0.693,0.857,2,14,0,0.173,0,0,0.636,-17.516,-9.906,-4.458,0.542,0.829,2,14,0,0.182,0,0,0.518,-14.879,-6.765,-4.543,0.457,0.874,2,14,0,0.178,0,0,0.500,-20.100,-6.944,-4.005,0.995,0.920,2,14,0,0.174,0,0,0.529,2.705,0.757,0,0,0.187,-17.657,-6.432,0.643,-0.766
1008.0,-16.837,-7.515,-4.990,0.010,0.800,2,14,0,0.190,0,0,0.474,-16.968,-4.433,-4.256,0.744,0.705,2,14,0,0.175,0,0,0.362,-17.042,-10.465,-4.420,0.580,0.738,2,14,0,0.180,0,0,0.281,-14.249,-7.344,-4.470,0.530,0.801,2,14,0,0.180,0,0,0.341,-19.545,-7.549,-4.005,0.995,0.765,2,14,0,0.213,0,0,0.350,2.645,0.578,0,0,0.213,-16.977,-7.164,0.716,-0.698
1009.0,-16.305,-7.963,-5.004,-0.004,0.718,2,14,0,0.195,0,0,0.172,-16.372,-4.839,-4.251,0.749,0.737,2,14,0,0.181,0,0,0.113,-16.437,-10.959,-4.409,0.591,0.789,2,14,0,0.267,0,0,0.151,-13.573,-7.753,-4.459,0.541,0.830,2,14,0,0.202,0,0,0.097,-19.016,-8.062,-4.008,0.992,0.751,2,14,0,0.219,0,0,0.098,2.793,0.354,0,0,0.267,-16.227,-7.825,0.782,-0.623
1010.0,-15.677,-8.403,-4.988,0.012,0.791,2,14,0,0.193,0,0,0.081,-15.620,-5.265,-4.205,0.795,0.883,2,14,0,0.179,0,0,0.141,-15.701,-11.396,-4.474,0.526,0.908,2,14,0,0.181,0,0,0.188,-12.852,-8.150,-4.519,0.481,0.916,2,14,0,0.269,0,0,0.163,-18.461,-8.513,-3.988,1.012,0.828,2,14,0,0.178,0,0,0.227,2.875,0.507,0,0,0.269,-15.415,-8.407,0.841,-0.541
1011.0,-14.953,-8.845,-4.975,0.025,0.915,2,14,0,0.189,0,0,0.230,-14.778,-5.703,-4.310,0.690,0.988,2,14,0,0.205,0,0,0.195,-14.910,-11.810,-4.476,0.524,1.033,2,14,0,0.173,0,0,0.289,-12.036,-8.595,-4.536,0.464,1.011,2,14,0,0.177,0,0,0.237,-17.650,-9.001,-3.957,1.043,1.001,2,14,0,0.211,0,0,0.283,2.887,0.579,0,0,0.211,-14.548,-8.906,0.891,-0.455
1012.0,-14.088,-9.278,-5.041,-0.041,1.054,2,14,0,0.331,0,0,0.273,-13.848,-6.210,-4.299,0.701,1.086,2,14,0,0.203,0,0,0.136,-13.921,-12.319,-4.441,0.559,1.160,2,14,0,0.175,0,0,0.188,-11.074,-9.088,-4.540,0.460,1.113,2,14,0,0.214,0,0,0.151,-16.618,-9.466,-3.940,1.060,1.121,2,14,0,0.217,0,0,0.166,2.765,0.493,0,0,0.331,-13.636,-9.315,0.932,-0.364
1013.0,-13.009,-9.664,-5.007,-0.007,1.162,2,14,0,0.193,0,0,0.153,-12.860,-6.648,-4.247,0.753,1.117,2,14,0,0.202,0,0,0.128,-12.832,-12.762,-4.428,0.572,1.181,2,14,0,0.318,0,0,0.109,-10.037,-9.572,-4.546,0.454,1.129,2,14,0,0.177,0,0,0.103,-15.571,-9.825,-3.936,1.064,1.143,2,14,0,0.188,0,0,0.077,2.782,0.354,0,0,0.318,-12.688,-9.632,0.963,-0.269
1014.0,-11.869,-9.914,-5.010,-0.010,1.164,2,14,0,0.189,0,0,0.071,-11.792,-6.998,-4.280,0.720,1.109,2,14,0,0.176,0,0,0.219,-11.690,-13.067,-4.466,0.534,1.132,2,14,0,0.178,0,0,0.223,-8.991,-9.896,-4.479,0.521,1.097,2,14,0,0.206,0,0,0.199,-14.521,-10.201,-3.983,1.017,1.119,2,14,0,0.185,0,0,0.204,2.858,0.398,0,0,0.206,-11.713,-9.852,0.985,-0.171
1015.0,-10.790,-10.122,-4.987,0.013,1.099,2,14,0,0.197,0,0,0.190,-10.765,-7.104,-4.295,0.705,1.068,2,14,0,0.182,0,0,0.208,-10.596,-13.200,-4.477,0.523,1.041,2,14,0,0.184,0,0,0.299,-7.941,-10.098,-4.454,0.546,1.059,2,14,0,0.182,0,0,0.293,-13.462,-10.372,-3.954,1.046,1.078,2,14,0,0.493,0,0,0.266,2.876,0.475,0,0,0.493,-10.721,-9.974,0.997,-0.072
1016.0,-9.722,-10.202,-5.008,-0.008,1.022,2,14,0,0.188,0,0,0.278,-9.703,-7.102,-4.317,0.683,1.046,2,14,0,0.169,0,0,0.206,-9.588,-13.196,-4.445,0.555,0.957,2,14,0,0.171,0,0,0.292,-6.911,-10.149,-4.523,0.477,1.014,2,14,0,0.153,0,0,0.330,-12.414,-10.351,-3.999,1.001,1.021,2,14,0,0.179,0,0,0.244,2.853,0.470,0,0,0.188,-9.722,-9.996,1.000,0.028
1017.0,-8.728,-10.137,-5.026,-0.026,0.969,2,14,0,0.193,0,0,0.283,-8.740,-6.999,-4.304,0.696,1.017,2,14,0,0.174,0,0,0.168,-8.695,-13.069,-4.431,0.569,0.909,2,14,0,0.211,0,0,0.185,-5.919,-10.026,-4.570,0.430,1.006,2,14,0,0.183,0,0,0.288,-11.482,-10.227,-3.963,1.037,0.993,2,14,0,0.180,0,0,0.176,2.847,0.393,0,0,0.211,-8.725,-9.918,0.992,0.127
1018.0,-7.859,-9.881,-5.011,-0.011,0.941,2,14,0,0.191,0,0,0.157,-7.725,-6.762,-4.281,0.719,1.026,2,14,0,0.171,0,0,0.133,-7.839,-12.930,-4.455,0.545,0.921,2,14,0,0.174,0,0,0.156,-4.970,-9.695,-4.524,0.476,1.015,2,14,0,0.179,0,0,0.136,-10.477,-10.032,-3.939,1.061,1.009,2,14,0,0.178,0,0,0.169,2.834,0.393,0,0,0.191,-7.741,-9.742,0.974,0.226
1019.0,-6.949,-9.578,-5.074,-0.074,0.983,2,14,0,0.191,0,0,0.118,-6.749,-6.517,-4.317,0.683,1.009,2,14,0,0.177,0,0,0.164,-6.965,-12.632,-4.441,0.559,0.980,2,14,0,0.172,0,0,0.156,-4.040,-9.340,-4.568,0.432,1.013,2,14,0,0.180,0,0,0.049,-9.536,-9.746,-3.901,1.099,1.002,2,14,0,0.178,0,0,0.149,2.846,0.370,0,0,0.191,-6.780,-9.467,0.947,0.322
1020.0,-6.015,-9.175,-4.995,0.005,1.033,2,14,0,0.184,0,0,0.083,-5.825,-6.146,-4.305,0.695,0.999,2,14,0,0.251,0,0,0.159,-6.044,-12.265,-4.471,0.529,1.059,2,14,0,0.173,0,0,0.163,-3.149,-8.883,-4.544,0.456,1.013,2,14,0,0.180,0,0,0.062,-8.533,-9.295,-3.964,1.036,1.020,2,14,0,0.212,0,0,0.150,2.724,0.374,0,0,0.251,-5.851,-9.099,0.910,0.415
1021.0,-5.055,-8.684,-5.043,-0.043,1.045,2,14,0,0.224,0,0,0.103,-4.977,-5.657,-4.278,0.722,1.000,2,14,0,0.216,0,0,0.112,-5.060,-11.788,-4.440,0.560,1.114,2,14,0,0.178,0,0,0.118,-2.254,-8.393,-4.545,0.455,1.019,2,14,0,0.184,0,0,0.095,-7.695,-8.777,-3.932,1.068,0.985,2,14,0,0.175,0,0,0.092,2.860,0.381,0,0,0.224,-4.963,-8.639,0.864,0.504
1022.0,-4.213,-8.125,-4.999,0.001,1.022,2,14,0,0.199,0,0,0.097,-4.132,-5.081,-4.248,0.752,1.021,2,14,0,0.173,0,0,0.093,-4.153,-11.243,-4.451,0.549,1.106,2,14,0,0.211,0,0,0.138,-1.294,-7.980,-4.494,0.506,0.996,2,14,0,0.179,0,0,0.143,-6.901,-8.291,-3.948,1.052,0.979,2,14,0,0.179,0,0,0.071,2.891,0.300,0,0,0.211,-4.126,-8.093,0.809,0.587
1023.0,-3.425,-7.492,-4.993,0.007,1.009,2,14,0,0.194,0,0,0.108,-3.402,-4.462,-4.264,0.736,1.029,2,14,0,0.174,0,0,0.071,-3.249,-10.568,-4.418,0.582,1.092,2,14,0,0.185,0,0,0.210,-0.468,-7.488,-4.503,0.497,0.972,2,14,0,0.182,0,0,0.253,-6.162,-7.653,-3.984,1.016,1.014,2,14,0,0.176,0,0,0.043,2.921,0.264,0,0,0.194,-3.347,-7.466,0.747,0.665
1024.0,-2.732,-6.839,-4.998,0.002,0.988,2,14,0,0.189,0,0,0.116,-2.573,-3.767,-4.283,0.717,1.050,2,14,0,0.172,0,0,0.157,-2.531,-9.816,-4.482,0.518,1.031,2,14,0,0.178,0,0,0.205,0.241,-6.830,-4.538,0.462,0.995,2,14,0,0.177,0,0,0.284,-5.389,-6.938,-3.972,1.028,1.036,2,14,0,0.234,0,0,0.075,2.850,0.301,0,0,0.234,-2.635,-6.765,0.676,0.736
1025.0,-2.022,-6.103,-4.946,0.054,1.022,2,14,0,0.229,0,0,0.192,-1.852,-3.002,-4.327,0.673,1.038,2,14,0,0.171,0,0,0.235,-1.916,-8.981,-4.435,0.565,0.986,2,14,0,0.177,0,0,0.187,0.834,-6.016,-4.533,0.467,1.037,2,14,0,0.171,0,0,0.222,-4.669,-6.225,-3.958,1.042,1.026,2,14,0,0.172,0,0,0.171,2.828,0.400,0,0,0.229,-1.997,-5.996,0.600,0.800
1026.0,-1.524,-5.248,-4.980,0.020,1.031,2,14,0,0.191,0,0,0.131,-1.261,-2.146,-4.278,0.722,1.024,2,14,0,0.176,0,0,0.259,-1.402,-8.138,-4.521,0.479,0.952,2,14,0,0.211,0,0,0.157,1.317,-5.132,-4.524,0.476,1.072,2,14,0,0.176,0,0,0.132,-4.065,-5.452,-3.922,1.078,1.030,2,14,0,0.177,0,0,0.242,2.760,0.470,0,0,0.211,-1.438,-5.167,0.517,0.856
1027.0,-1.068,-4.272,-5.013,-0.013,1.051,2,14,0,0.189,0,0,0.075,-0.895,-1.221,-4.313,0.687,1.009,2,14,0,0.172,0,0,0.150,-0.969,-7.345,-4.478,0.522,0.930,2,14,0,0.177,0,0,0.098,1.738,-4.158,-4.540,0.460,1.101,2,14,0,0.184,0,0,0.033,-3.540,-4.545,-3.979,1.021,1.047,2,14,0,0.181,0,0,0.274,2.694,0.498,0,0,0.189,-0.965,-4.286,0.429,0.903
1028.0,-0.627,-3.326,-4.980,0.020,1.027,2,14,0,0.188,0,0,0.135,-0.615,-0.319,-4.277,0.723,1.007,2,14,0,0.167,0,0,0.052,-0.645,-6.440,-4.389,0.611,0.974,2,14,0,0.178,0,0,0.057,2.169,-3.181,-4.502,0.498,1.080,2,14,0,0.179,0,0,0.063,-3.220,-3.547,-3.958,1.042,1.062,2,14,0,0.176,0,0,0.190,2.795,0.407,0,0,0.188,-0.582,-3.363,0.336,0.942
1029.0,-0.351,-2.352,-4.911,0.089,1.009,2,14,0,0.190,0,0,0.133,-0.422,0.679,-4.300,0.700,1.030,2,14,0,0.170,0,0,0.053,-0.281,-5.479,-4.371,0.629,1.013,2,14,0,0.216,0,0,0.117,2.517,-2.167,-4.480,0.520,1.046,2,14,0,0.181,0,0,0.143,-3.063,-2.502,-3.973,1.027,1.058,2,14,0,0.177,0,0,0.073,2.874,0.305,0,0,0.216,-0.294,-2.406,0.241,0.971
1030.0,-0.126,-1.322,-4.990,0.010,0.998,2,14,0,0.226,0,0,0.185,-0.170,1.662,-4.248,0.752,1.040,2,14,0,0.170,0,0,0.018,-0.022,-4.508,-4.428,0.572,1.039,2,14,0,0.283,0,0,0.185,2.781,-1.156,-4.523,0.477,1.007,2,14,0,0.202,0,0,0.218,-2.994,-1.532,-3.945,1.055,1.029,2,14,0,0.177,0,0,0.076,2.949,0.293,0,0,0.283,-0.102,-1.425,0.142,0.990
1031.0,0.002,-0.355,-5.001,-0.001,0.967,2,14,0,0.189,0,0,0.201,0.054,2.692,-4.252,0.748,1.042,2,14,0,0.174,0,0,0.148,0.177,-3.487,-4.441,0.559,1.055,2,14,0,0.175,0,0,0.284,2.916,-0.170,-4.513,0.487,0.967,2,14,0,0.176,0,0,0.254,-2.829,-0.545,-3.979,1.021,1.027,2,14,0,0.177,0,0,0.031,2.960,0.270,0,0,0.189,-0.009,-0.430,0.043,0.999
1032.0,-0.050,0.566,-5.024,-0.024,0.977,2,14,0,0.189,0,0,0.149,0.105,3.646,-4.362,0.638,1.007,2,14,0,0.170,0,0,0.196,0.114,-2.366,-4.427,0.573,1.080,2,14,0,0.184,0,0,0.251,2.843,0.809,-4.594,0.406,0.959,2,14,0,0.152,0,0,0.186,-2.659,0.525,-3.931,1.069,1.011,2,14,0,0.178,0,0,0.207,2.828,0.360,0,0,0.189,-0.016,0.570,-0.057,0.998
1033.0,-0.183,1.572,-4.998,0.002,1.025,2,14,0,0.208,0,0,0.121,0.086,4.651,-4.273,0.727,1.030,2,14,0,0.174,0,0,0.284,-0.128,-1.298,-4.479,0.521,1.042,2,14,0,0.185,0,0,0.196,2.730,1.674,-4.515,0.485,0.966,2,14,0,0.185,0,0,0.160,-2.662,1.546,-3.959,1.041,0.993,2,14,0,0.179,0,0,0.311,2.688,0.461,0,0,0.208,-0.123,1.564,-0.156,0.988
1034.0,-0.417,2.598,-4.983,0.017,1.045,2,14,0,0.199,0,0,0.103,-0.156,5.639,-4.274,0.726,1.051,2,14,0,0.174,0,0,0.250,-0.386,-0.377,-4.503,0.497,0.986,2,14,0,0.178,0,0,0.122,2.487,2.640,-4.516,0.484,1.036,2,14,0,0.178,0,0,0.130,-2.862,2.491,-4.029,0.971,0.994,2,14,0,0.213,0,0,0.305,2.626,0.470,0,0,0.213,-0.329,2.542,-0.254,0.967
1035.0,-0.714,3.573,-5.013,-0.013,1.035,2,14,0,0.199,0,0,0.122,-0.494,6.586,-4.240,0.760,1.081,2,14,0,0.175,0,0,0.213,-0.727,0.536,-4.439,0.561,0.970,2,14,0,0.175,0,0,0.074,2.194,3.638,-4.509,0.491,1.058,2,14,0,0.180,0,0,0.125,-3.202,3.412,-3.931,1.069,1.031,2,14,0,0.176,0,0,0.262,2.717,0.437,0,0,0.199,-0.631,3.495,-0.349,0.937
1036.0,-1.074,4.542,-4.989,0.011,1.023,2,14,0,0.185,0,0,0.178,-0.965,7.571,-4.275,0.725,1.094,2,14,0,0.174,0,0,0.163,-1.057,1.432,-4.539,0.461,0.965,2,14,0,0.207,0,0,0.086,1.776,4.570,-4.545,0.455,1.069,2,14,0,0.186,0,0,0.105,-3.752,4.278,-3.947,1.053,1.053,2,14,0,0.239,0,0,0.098,2.885,0.306,0,0,0.239,-1.026,4.413,-0.441,0.897
1037.0,-1.484,5.441,-5.043,-0.043,1.017,2,14,0,0.189,0,0,0.257,-1.534,8.488,-4.344,0.656,1.081,2,14,0,0.175,0,0,0.141,-1.397,2.230,-4.444,0.556,0.963,2,14,0,0.179,0,0,0.211,1.292,5.488,-4.502,0.498,1.078,2,14,0,0.214,0,0,0.116,-4.325,5.157,-3.989,1.011,1.073,2,14,0,0.436,0,0,0.020,2.828,0.281,0,0,0.436,-1.512,5.287,-0.529,0.849
1038.0,-2.153,6.235,-5.064,-0.064,1.037,2,14,0,0.188,0,0,0.165,-2.219,9.337,-4.277,0.723,1.052,2,14,0,0.172,0,0,0.170,-1.970,3.005,-4.435,0.565,1.054,2,14,0,0.176,0,0,0.221,0.699,6.395,-4.511,0.489,1.076,2,14,0,0.184,0,0,0.158,-4.986,5.996,-3.958,1.042,1.062,2,14,0,0.176,0,0,0.079,2.909,0.361,0,0,0.188,-2.082,6.108,-0.611,0.792
1039.0,-2.915,6.961,-4.991,0.009,1.037,2,14,0,0.192,0,0,0.082,-2.890,10.099,-4.242,0.758,0.999,2,14,0,0.148,0,0,0.181,-2.724,3.868,-4.438,0.562,1.148,2,14,0,0.174,0,0,0.105,0.057,7.163,-4.525,0.475,1.043,2,14,0,0.180,0,0,0.168,-5.541,6.907,-3.938,1.062,1.021,2,14,0,0.181,0,0,0.186,2.830,0.364,0,0,0.192,-2.731,6.868,-0.687,0.727
1040.0,-3.687,7.659,-4.965,0.035,1.030,2,14,0,0.190,0,0,0.101,-3.515,10.810,-4.305,0.695,0.946,2,14,0,0.172,0,0,0.180,-3.483,4.642,-4.443,0.557,1.115,2,14,0,0.178,0,0,0.135,-0.714,7.911,-4.517,0.483,1.049,2,14,0,0.212,0,0,0.202,-6.197,7.629,-3.971,1.029,0.978,2,14,0,0.207,0,0,0.229,2.701,0.438,0,0,0.212,-3.453,7.559,-0.756,0.655
1041.0,-4.481,8.269,-4.990,0.010,0.996,2,14,0,0.189,0,0,0.107,-4.338,11.334,-4.267,0.733,0.956,2,14,0,0.174,0,0,0.092,-4.318,5.313,-4.411,0.589,1.082,2,14,0,0.155,0,0,0.171,-1.553,8.573,-4.474,0.526,1.025,2,14,0,0.212,0,0,0.245,-7.010,8.252,-3.994,1.006,0.988,2,14,0,0.175,0,0,0.226,2.719,0.506,0,0,0.212,-4.241,8.175,-0.817,0.576
1042.0,-5.275,8.798,-5.036,-0.036,0.980,2,14,0,0.189,0,0,0.080,-5.098,11.841,-4.252,0.748,0.966,2,14,0,0.174,0,0,0.084,-5.156,5.930,-4.398,0.602,1.031,2,14,0,0.180,0,0,0.257,-2.423,9.067,-4.511,0.489,0.984,2,14,0,0.178,0,0,0.210,-7.914,8.744,-3.907,1.093,0.998,2,14,0,0.179,0,0,0.181,2.871,0.492,0,0,0.189,-5.085,8.709,-0.871,0.491
1043.0,-6.140,9.299,-5.036,-0.036,0.999,2,14,0,0.185,0,0,0.138,-5.904,12.327,-4.287,0.713,1.005,2,14,0,0.189,0,0,0.176,-6.094,6.406,-4.463,0.537,1.020,2,14,0,0.180,0,0,0.286,-3.288,9.425,-4.548,0.452,0.969,2,14,0,0.174,0,0,0.117,-8.816,9.117,-3.941,1.059,0.993,2,14,0,0.175,0,0,0.107,2.896,0.409,0,0,0.189,-5.979,9.156,-0.916,0.402
1044.0,-7.082,9.640,-5.036,-0.036,1.011,2,14,0,0.187,0,0,0.122,-6.852,12.704,-4.315,0.685,1.065,2,14,0,0.175,0,0,0.179,-7.147,6.707,-4.453,0.547,1.004,2,14,0,0.213,0,0,0.267,-4.322,9.723,-4.503,0.497,0.988,2,14,0,0.176,0,0,0.116,-9.764,9.455,-3.965,1.035,1.010,2,14,0,0.173,0,0,0.092,2.812,0.460,0,0,0.213,-6.914,9.512,-0.951,0.309
1045.0,-8.037,9.913,-5.041,-0.041,1.021,2,14,0,0.191,0,0,0.137,-7.882,12.979,-4.254,0.746,1.098,2,14,0,0.175,0,0,0.151,-8.132,6.804,-4.487,0.513,0.960,2,14,0,0.187,0,0,0.180,-5.235,9.991,-4.560,0.440,0.962,2,14,0,0.178,0,0,0.085,-10.721,9.675,-3.990,1.010,1.007,2,14,0,0.174,0,0,0.052,2.844,0.418,0,0,0.191,-7.879,9.772,-0.977,0.212
1046.0,-9.128,10.112,-5.024,-0.024,1.037,2,14,0,0.233,0,0,0.191,-8.913,13.141,-4.272,0.728,1.093,2,14,0,0.174,0,0,0.134,-9.075,6.904,-4.453,0.547,0.927,2,14,0,0.182,0,0,0.118,-6.186,10.141,-4.458,0.542,0.967,2,14,0,0.178,0,0,0.056,-11.663,9.827,-3.938,1.062,0.996,2,14,0,0.177,0,0,0.045,2.772,0.381,0,0,0.233,-8.865,9.935,-0.994,0.114
1047.0,-10.127,10.210,-4.975,0.025,0.995,2,14,0,0.188,0,0,0.219,-10.011,13.204,-4.325,0.675,1.093,2,14,0,0.174,0,0,0.150,-9.923,6.978,-4.498,0.502,0.917,2,14,0,0.772,0,0,0.025,-7.133,10.217,-4.495,0.505,0.997,2,14,0,0.182,0,0,0.070,-12.645,9.939,-3.923,1.077,1.028,2,14,0,0.172,0,0,0.094,2.742,0.348,0,0,0.772,-9.862,9.999,-1.000,0.014
1048.0,-11.161,10.150,-4.950,0.050,0.999,2,14,0,0.205,0,0,0.214,-11.146,13.144,-4.297,0.703,1.045,2,14,0,0.171,0,0,0.238,-10.857,7.027,-4.465,0.535,0.976,2,14,0,0.177,0,0,0.129,-8.208,10.246,-4.504,0.496,1.028,2,14,0,0.217,0,0,0.132,-13.716,9.946,-3.953,1.047,1.051,2,14,0,0.191,0,0,0.132,2.750,0.448,0,0,0.217,-10.861,9.963,-0.996,-0.086
1049.0,-12.093,9.953,-4.969,0.031,0.988,2,14,0,0.191,0,0,0.134,-12.151,12.982,-4.293,0.707,0.969,2,14,0,0.208,0,0,0.241,-11.862,6.954,-4.399,0.601,1.041,2,14,0,0.176,0,0,0.178,-9.210,10.187,-4.478,0.522,1.009,2,14,0,0.183,0,0,0.211,-14.753,9.860,-3.900,1.100,1.039,2,14,0,0.369,0,0,0.195,2.868,0.508,0,0,0.369,-11.852,9.827,-0.983,-0.185
1050.0,-12.950,9.679,-4.953,0.047,1.001,2,14,0,0.201,0,0,0.097,-13.041,12.804,-4.260,0.740,0.924,2,14,0,0.173,0,0,0.199,-12.912,6.734,-4.440,0.560,1.086,2,14,0,0.178,0,0,0.170,-10.140,9.950,-4.534,0.466,1.031,2,14,0,0.183,0,0,0.203,-15.736,9.589,-3.968,1.032,1.031,2,14,0,0.179,0,0,0.167,2.854,0.477,0,0,0.201,-12.823,9.593,-0.959,-0.282
1051.0,-13.942,9.248,-4.989,0.011,1.051,2,14,0,0.193,0,0,0.022,-13.903,12.534,-4.216,0.784,0.941,2,14,0,0.146,0,0,0.206,-13.936,6.417,-4.432,0.568,1.090,2,14,0,0.176,0,0,0.196,-11.066,9.586,-4.526,0.474,1.049,2,14,0,0.157,0,0,0.165,-16.746,9.274,-3.972,1.028,1.020,2,14,0,0.186,0,0,0.217,2.885,0.440,0,0,0.193,-13.767,9.263,-0.926,-0.377
1052.0,-14.902,8.784,-5.017,-0.017,1.047,2,14,0,0.192,0,0,0.079,-14.684,12.068,-4.240,0.760,0.999,2,14,0,0.175,0,0,0.158,-14.886,5.987,-4.405,0.595,1.080,2,14,0,0.180,0,0,0.210,-12.027,9.112,-4.512,0.488,1.096,2,14,0,0.196,0,0,0.126,-17.596,8.764,-3.979,1.021,1.003,2,14,0,0.260,0,0,0.118,2.863,0.445,0,0,0.260,-14.673,8.841,-0.884,-0.467
1053.0,-15.819,8.366,-5.037,-0.037,1.010,2,14,0,0.182,0,0,0.104,-15.556,11.444,-4.279,0.721,1.073,2,14,0,0.178,0,0,0.062,-15.829,5.437,-4.410,0.590,1.072,2,14,0,0.180,0,0,0.246,-12.976,8.529,-4.581,0.419,1.087,2,14,0,0.180,0,0,0.150,-18.380,8.287,-3.945,1.055,0.992,2,14,0,0.192,0,0,0.105,2.785,0.487,0,0,0.192,-15.532,8.330,-0.833,-0.553
1054.0,-16.686,7.878,-4.999,0.001,0.998,2,14,0,0.185,0,0,0.214,-16.443,10.796,-4.282,0.718,1.096,2,14,0,0.318,0,0,0.035,-16.617,4.749,-4.475,0.525,1.043,2,14,0,0.178,0,0,0.196,-13.795,7.894,-4.559,0.441,1.028,2,14,0,0.186,0,0,0.158,-19.219,7.682,-3.974,1.026,1.040,2,14,0,0.157,0,0,0.109,2.740,0.485,0,0,0.318,-16.336,7.736,-0.774,-0.634
1055.0,-17.429,7.208,-5.003,-0.003,1.001,2,14,0,0.206,0,0,0.220,-17.263,10.134,-4.299,0.701,1.058,2,14,0,0.250,0,0,0.111,-17.321,4.043,-4.452,0.548,1.002,2,14,0,0.198,0,0,0.150,-14.577,7.242,-4.560,0.440,0.987,2,14,0,0.201,0,0,0.201,-19.985,6.976,-3.970,1.030,1.043,2,14,0,0.191,0,0,0.101,2.766,0.530,0,0,0.250,-17.077,7.065,-0.707,-0.708
1056.0,-18.027,6.468,-5.038,-0.038,1.018,2,14,0,0.197,0,0,0.173,-17.991,9.438,-4.297,0.703,1.013,2,14,0,0.190,0,0,0.173,-17.901,3.293,-4.470,0.530,0.985,2,14,0,0.368,0,0,0.065,-15.154,6.527,-4.588,0.412,0.969,2,14,0,0.173,0,0,0.115,-20.645,6.234,-3.963,1.037,1.041,2,14,0,0.189,0,0,0.093,2.840,0.455,0,0,0.368,-17.747,6.323,-0.632,-0.775
1057.0,-18.645,5.601,-5.059,-0.059,1.068,2,14,0,0.306,0,0,0.147,-18.568,8.720,-4.311,0.689,0.990,2,14,0,0.193,0,0,0.197,-18.446,2.536,-4.478,0.522,0.988,2,14,0,0.180,0,0,0.046,-15.746,5.712,-4.546,0.454,1.001,2,14,0,0.251,0,0,0.112,-21.343,5.393,-3.954,1.046,1.047,2,14,0,0.175,0,0,0.182,2.923,0.450,0,0,0.306,-18.340,5.518,-0.552,-0.834
1058.0,-19.219,4.688,-5.009,-0.009,1.062,2,14,0,0.188,0,0,0.188,-19.079,7.898,-4.344,0.656,1.028,2,14,0,0.175,0,0,0.225,-18.976,1.667,-4.487,0.513,1.030,2,14,0,0.180,0,0,0.047,-16.251,4.856,-4.472,0.528,1.005,2,14,0,0.231,0,0,0.108,-21.894,4.525,-3.974,1.026,1.014,2,14,0,0.169,0,0,0.222,2.873,0.448,0,0,0.231,-18.849,4.658,-0.466,-0.885
1059.0,-19.556,3.752,-5.003,-0.003,1.035,2,14,0,0.194,0,0,0.105,-19.481,6.923,-4.327,0.673,1.074,2,14,0,0.190,0,0,0.166,-19.472,0.746,-4.419,0.581,1.042,2,14,0,0.221,0,0,0.108,-16.652,3.980,-4.447,0.553,1.025,2,14,0,0.208,0,0,0.107,-22.256,3.623,-3.965,1.035,0.997,2,14,0,0.175,0,0,0.162,2.896,0.445,0,0,0.221,-19.270,3.751,-0.375,-0.927
1060.0,-19.848,2.810,-4.925,0.075,1.021,2,14,0,0.200,0,0,0.067,-19.859,5.895,-4.243,0.757,1.094,2,14,0,0.176,0,0,0.184,-19.857,-0.214,-4.362,0.638,1.039,2,14,0,0.411,0,0,0.164,-17.107,2.986,-4.480,0.520,1.053,2,14,0,0.178,0,0,0.208,-22.570,2.697,-3.929,1.071,1.011,2,14,0,0.177,0,0,0.153,2.783,0.539,0,0,0.411,-19.598,2.807,-0.281,-0.960
1061.0,-20.104,1.835,-4.961,0.039,1.031,2,14,0,0.194,0,0,0.093,-20.038,4.877,-4.206,0.794,1.067,2,14,0,0.174,0,0,0.141,-20.111,-1.205,-4.486,0.514,1.022,2,14,0,0.203,0,0,0.187,-17.246,1.996,-4.591,0.409,1.034,2,14,0,0.177,0,0,0.116,-22.668,1.683,-3.964,1.036,1.034,2,14,0,0.178,0,0,0.016,2.755,0.446,0,0,0.203,-19.830,1.835,-0.184,-0.983
1062.0,-20.261,0.850,-4.975,0.025,1.028,2,14,0,0.195,0,0,0.115,-20.137,3.839,-4.241,0.759,1.036,2,14,0,0.174,0,0,0.128,-20.222,-2.202,-4.492,0.508,1.013,2,14,0,0.177,0,0,0.164,-17.281,1.032,-4.584,0.416,1.029,2,14,0,0.224,0,0,0.032,-22.755,0.680,-3.981,1.019,1.028,2,14,0,0.178,0,0,0.038,2.691,0.368,0,0,0.224,-19.964,0.845,-0.084,-0.996
1063.0,-20.303,-0.182,-5.006,-0.006,1.040,2,14,0,0.260,0,0,0.125,-20.131,2.857,-4.242,0.758,0.998,2,14,0,0.174,0,0,0.088,-20.212,-3.203,-4.452,0.548,1.020,2,14,0,0.178,0,0,0.120,-17.334,-0.012,-4.551,0.449,1.060,2,14,0,0.183,0,0,0.032,-22.825,-0.383,-3.937,1.063,1.031,2,14,0,0.177,0,0,0.083,2.747,0.365,0,0,0.260,-19.999,-0.154,0.015,-1.000
1064.0,-20.236,-1.205,-4.991,0.009,1.035,2,14,0,0.189,0,0,0.135,-20.088,1.868,-4.298,0.702,0.998,2,14,0,0.173,0,0,0.097,-20.104,-4.222,-4.521,0.479,1.026,2,14,0,0.180,0,0,0.086,-17.308,-1.105,-4.467,0.533,1.054,2,14,0,0.181,0,0,0.131,-22.871,-1.381,-4.026,0.974,0.996,2,14,0,0.191,0,0,0.141,2.811,0.378,0,0,0.191,-19.933,-1.152,0.115,-0.993
1065.0,-20.096,-2.198,-4.969,0.031,1.019,2,14,0,0.199,0,0,0.160,-19.899,0.846,-4.309,0.691,1.009,2,14,0,0.182,0,0,0.108,-19.899,-5.165,-4.500,0.500,1.014,2,14,0,0.177,0,0,0.031,-17.221,-2.121,-4.431,0.569,0.999,2,14,0,0.159,0,0,0.205,-22.781,-2.369,-3.989,1.011,0.978,2,14,0,0.177,0,0,0.205,2.863,0.452,0,0,0.199,-19.769,-2.138,0.214,-0.977
1066.0,-19.807,-3.150,-4.957,0.043,1.027,2,14,0,0.188,0,0,0.131,-19.641,-0.102,-4.243,0.757,0.985,2,14,0,0.147,0,0,0.097,-19.659,-6.152,-4.501,0.499,1.031,2,14,0,0.178,0,0,0.058,-16.952,-2.979,-4.459,0.541,0.980,2,14,0,0.180,0,0,0.146,-22.619,-3.324,-3.996,1.004,0.993,2,14,0,0.179,0,0,0.299,2.903,0.462,0,0,0.188,-19.507,-3.102,0.310,-0.951
1067.0,-19.375,-4.112,-5.014,-0.014,1.030,2,14,0,0.192,0,0,0.088,-19.321,-0.984,-4.293,0.707,0.986,2,14,0,0.172,0,0,0.098,-19.319,-7.104,-4.485,0.515,1.027,2,14,0,0.212,0,0,0.083,-16.650,-3.934,-4.486,0.514,1.015,2,14,0,0.183,0,0,0.202,-22.234,-4.252,-4.030,0.970,1.038,2,14,0,0.212,0,0,0.271,2.781,0.511,0,0,0.212,-19.149,-4.036,0.404,-0.915
1068.0,-18.938,-5.023,-5.013,-0.013,1.017,2,14,0,0.188,0,0,0.109,-18.886,-1.893,-4.273,0.727,1.016,2,14,0,0.172,0,0,0.116,-18.905,-8.021,-4.429,0.571,1.031,2,14,0,0.204,0,0,0.124,-16.211,-4.873,-4.462,0.538,1.048,2,14,0,0.181,0,0,0.230,-21.689,-5.144,-3.966,1.034,1.074,2,14,0,0.181,0,0,0.179,2.786,0.514,0,0,0.204,-18.701,-4.929,0.493,-0.870
1069.0,-18.441,-5.883,-5.027,-0.027,1.011,2,14,0,0.212,0,0,0.147,-18.354,-2.740,-4.267,0.733,1.036,2,14,0,0.176,0,0,0.121,-18.426,-8.901,-4.433,0.567,1.038,2,14,0,0.173,0,0,0.189,-15.660,-5.636,-4.464,0.536,1.058,2,14,0,0.185,0,0,0.191,-21.108,-5.993,-3.987,1.013,1.091,2,14,0,0.251,0,0,0.141,2.848,0.514,0,0,0.251,-18.165,-5.773,0.577,-0.817
1070.0,-17.871,-6.614,-5.048,-0.048,1.009,2,14,0,0.195,0,0,0.154,-17.765,-3.518,-4.306,0.694,1.052,2,14,0,0.290,0,0,0.143,-17.750,-9.671,-4.422,0.578,1.048,2,14,0,0.213,0,0,0.132,-14.975,-6.408,-4.564,0.436,1.101,2,14,0,0.413,0,0,0.123,-20.464,-6.804,-3.942,1.058,1.084,2,14,0,0.180,0,0,0.135,2.826,0.453,0,0,0.413,-17.548,-6.560,0.656,-0.755
1071.0,-17.154,-7.353,-5.001,-0.001,1.054,2,14,0,0.192,0,0,0.143,-17.095,-4.309,-4.266,0.734,1.080,2,14,0,0.178,0,0,0.191,-17.017,-10.451,-4.448,0.552,1.055,2,14,0,0.184,0,0,0.158,-14.241,-7.220,-4.532,0.468,1.109,2,14,0,0.192,0,0,0.126,-19.655,-7.496,-3.932,1.068,1.068,2,14,0,0.181,0,0,0.075,2.723,0.391,0,0,0.192,-16.855,-7.280,0.728,-0.686
1072.0,-16.339,-7.992,-4.974,0.026,1.066,2,14,0,0.199,0,0,0.094,-16.282,-5.039,-4.279,0.721,1.104,2,14,0,0.148,0,0,0.216,-16.272,-11.152,-4.452,0.548,1.028,2,14,0,0.180,0,0,0.213,-13.300,-7.926,-4.473,0.527,1.092,2,14,0,0.176,0,0,0.183,-18.821,-8.196,-3.926,1.074,1.038,2,14,0,0.176,0,0,0.156,2.701,0.383,0,0,0.199,-16.094,-7.928,0.793,-0.609
1073.0,-15.352,-8.608,-4.991,0.009,1.072,2,14,0,0.194,0,0,0.146,-15.342,-5.597,-4.288,0.712,1.070,2,14,0,0.241,0,0,0.177,-15.416,-11.681,-4.439,0.561,1.022,2,14,0,0.179,0,0,0.163,-12.432,-8.518,-4.514,0.486,0.993,2,14,0,0.179,0,0,0.225,-18.021,-8.716,-3.867,1.133,0.975,2,14,0,0.176,0,0,0.105,2.898,0.334,0,0,0.241,-15.272,-8.497,0.850,-0.527
1074.0,-14.450,-9.157,-4.967,0.033,1.006,2,14,0,0.189,0,0,0.214,-14.426,-6.052,-4.241,0.759,1.023,2,14,0,0.178,0,0,0.155,-14.470,-12.123,-4.423,0.577,1.027,2,14,0,0.178,0,0,0.118,-11.664,-9.002,-4.531,0.469,0.931,2,14,0,0.209,0,0,0.178,-17.271,-9.187,-3.961,1.039,0.958,2,14,0,0.171,0,0,0.078,2.825,0.267,0,0,0.209,-14.398,-8.981,0.898,-0.440
1075.0,-13.697,-9.566,-4.940,0.060,0.932,2,14,0,0.192,0,0,0.200,-13.507,-6.404,-4.266,0.734,0.993,2,14,0,0.175,0,0,0.117,-13.541,-12.467,-4.474,0.526,1.006,2,14,0,0.178,0,0,0.074,-10.863,-9.375,-4.479,0.521,0.930,2,14,0,0.182,0,0,0.175,-16.398,-9.641,-3.966,1.034,1.008,2,14,0,0.227,0,0,0.154,2.873,0.384,0,0,0.227,-13.479,-9.375,0.938,-0.348
1076.0,-12.839,-9.790,-5.022,-0.022,0.974,2,14,0,0.231,0,0,0.182,-12.576,-6.682,-4.312,0.688,0.976,2,14,0,0.176,0,0,0.086,-12.647,-12.767,-4.446,0.554,0.994,2,14,0,0.179,0,0,0.066,-9.918,-9.625,-4.546,0.454,0.982,2,14,0,0.233,0,0,0.135,-15.385,-9.982,-3.986,1.014,1.047,2,14,0,0.248,0,0,0.164,2.755,0.395,0,0,0.248,-12.526,-9.676,0.968,-0.253
1077.0,-11.786,-9.941,-4.982,0.018,1.048,2,14,0,0.196,0,0,0.093,-11.641,-6.893,-4.288,0.712,0.993,2,14,0,0.174,0,0,0.088,-11.671,-12.952,-4.444,0.556,1.025,2,14,0,0.189,0,0,0.046,-8.909,-9.815,-4.539,0.461,1.039,2,14,0,0.244,0,0,0.107,-14.397,-10.253,-3.958,1.042,1.039,2,14,0,0.177,0,0,0.229,2.822,0.402,0,0,0.244,-11.547,-9.880,0.988,-0.155
1078.0,-10.734,-10.076,-4.959,0.041,1.074,2,14,0,0.188,0,0,0.096,-10.583,-7.032,-4.288,0.712,1.025,2,14,0,0.170,0,0,0.130,-10.747,-13.070,-4.420,0.580,1.019,2,14,0,0.176,0,0,0.106,-7.907,-9.890,-4.552,0.448,1.056,2,14,0,0.194,0,0,0.082,-13.330,-10.319,-3.937,1.063,1.046,2,14,0,0.173,0,0,0.195,2.801,0.402,0,0,0.194,-10.553,-9.985,0.998,-0.055
1079.0,-9.704,-10.089,-4.990,0.010,1.072,2,14,0,0.202,0,0,0.106,-9.556,-7.069,-4.312,0.688,1.010,2,14,0,0.171,0,0,0.172,-9.728,-13.135,-4.393,0.607,1.060,2,14,0,0.173,0,0,0.134,-6.809,-9.905,-4.548,0.452,1.069,2,14,0,0.190,0,0,0.082,-12.347,-10.231,-3.965,1.035,1.021,2,14,0,0.174,0,0,0.101,2.838,0.318,0,0,0.202,-9.554,-9.990,0.999,0.045
1080.0,-8.636,-10.006,-5.012,-0.012,1.052,2,14,0,0.191,0,0,0.155,-8.581,-7.037,-4.281,0.719,1.006,2,14,0,0.172,0,0,0.222,-8.604,-13.119,-4.447,0.553,1.097,2,14,0,0.176,0,0,0.200,-5.788,-9.834,-4.515,0.485,1.043,2,14,0,0.212,0,0,0.121,-11.369,-10.093,-3.896,1.104,1.035,2,14,0,0.176,0,0,0.054,2.897,0.274,0,0,0.212,-8.559,-9.896,0.990,0.144
1081.0,-7.587,-9.790,-5.021,-0.021,1.015,2,14,0,0.195,0,0,0.189,-7.606,-6.808,-4.307,0.693,1.027,2,14,0,0.535,0,0,0.187,-7.467,-12.960,-4.505,0.495,1.072,2,14,0,0.188,0,0,0.314,-4.802,-9.701,-4.500,0.500,1.021,2,14,0,0.190,0,0,0.174,-10.307,-9.876,-3.998,1.002,1.047,2,14,0,0.217,0,0,0.099,2.835,0.322,0,0,0.535,-7.578,-9.702,0.970,0.242
1082.0,-6.725,-9.556,-5.019,-0.019,0.974,2,14,0,0.192,0,0,0.166,-6.637,-6.451,-4.345,0.655,1.039,2,14,0,0.145,0,0,0.129,-6.455,-12.611,-4.452,0.548,0.999,2,14,0,0.178,0,0,0.318,-3.830,-9.416,-4.470,0.530,1.012,2,14,0,0.212,0,0,0.184,-9.315,-9.635,-3.955,1.045,1.017,2,14,0,0.201,0,0,0.151,2.802,0.379,0,0,0.212,-6.621,-9.412,0.941,0.338
1083.0,-5.836,-9.201,-5.006,-0.006,1.009,2,14,0,0.189,0,0,0.184,-5.663,-5.974,-4.280,0.720,1.045,2,14,0,0.172,0,0,0.115,-5.587,-12.155,-4.444,0.556,0.963,2,14,0,0.174,0,0,0.233,-2.917,-9.069,-4.473,0.527,1.026,2,14,0,0.173,0,0,0.215,-8.367,-9.313,-3.918,1.082,0.990,2,14,0,0.173,0,0,0.209,2.757,0.437,0,0,0.189,-5.699,-9.028,0.903,0.430
1084.0,-4.897,-8.715,-5.008,-0.008,1.050,2,14,0,0.190,0,0,0.196,-4.799,-5.510,-4.320,0.680,1.007,2,14,0,0.167,0,0,0.104,-4.770,-11.606,-4.452,0.548,0.938,2,14,0,0.213,0,0,0.153,-1.974,-8.549,-4.493,0.507,1.052,2,14,0,0.181,0,0,0.213,-7.543,-8.847,-3.936,1.064,0.983,2,14,0,0.258,0,0,0.180,2.858,0.403,0,0,0.258,-4.819,-8.553,0.855,0.518
1085.0,-4.069,-8.055,-5.064,-0.064,1.059,2,14,0,0.195,0,0,0.121,-3.937,-4.947,-4.292,0.708,0.990,2,14,0,0.173,0,0,0.137,-4.071,-11.048,-4.456,0.544,0.938,2,14,0,0.401,0,0,0.033,-1.190,-7.884,-4.517,0.483,1.036,2,14,0,0.182,0,0,0.118,-6.748,-8.313,-4.011,0.989,1.010,2,14,0,0.252,0,0,0.187,2.889,0.402,0,0,0.401,-3.991,-7.993,0.799,0.601
1086.0,-3.326,-7.342,-4.977,0.023,1.039,2,14,0,0.193,0,0,0.072,-3.245,-4.347,-4.220,0.780,0.960,2,14,0,0.204,0,0,0.087,-3.458,-10.422,-4.440,0.560,0.970,2,14,0,0.456,0,0,0.131,-0.484,-7.184,-4.539,0.461,1.026,2,14,0,0.178,0,0,0.046,-6.052,-7.594,-3.916,1.084,1.056,2,14,0,0.178,0,0,0.096,2.879,0.311,0,0,0.456,-3.223,-7.353,0.735,0.678
1087.0,-2.618,-6.639,-4.992,0.008,1.016,2,14,0,0.193,0,0,0.085,-2.579,-3.690,-4.249,0.751,0.999,2,14,0,0.177,0,0,0.122,-2.787,-9.757,-4.445,0.555,1.047,2,14,0,0.176,0,0,0.184,0.226,-6.490,-4.548,0.452,1.006,2,14,0,0.177,0,0,0.052,-5.338,-6.849,-3.984,1.016,1.083,2,14,0,0.173,0,0,0.064,2.883,0.293,0,0,0.193,-2.523,-6.640,0.664,0.748
1088.0,-1.996,-5.857,-4.955,0.045,1.010,2,14,0,0.192,0,0,0.082,-1.957,-2.890,-4.268,0.732,1.057,2,14,0,0.171,0,0,0.104,-2.065,-8.978,-4.484,0.516,1.114,2,14,0,0.256,0,0,0.110,0.880,-5.729,-4.493,0.507,1.002,2,14,0,0.217,0,0,0.084,-4.674,-6.028,-3.972,1.028,1.076,2,14,0,0.176,0,0,0.052,2.857,0.280,0,0,0.256,-1.897,-5.860,0.586,0.810
1089.0,-1.360,-5.084,-4.983,0.017,0.995,2,14,0,0.189,0,0,0.186,-1.309,-1.977,-4.238,0.762,1.086,2,14,0,0.173,0,0,0.124,-1.396,-8.112,-4.417,0.583,1.123,2,14,0,0.181,0,0,0.078,1.425,-4.941,-4.462,0.538,1.004,2,14,0,0.207,0,0,0.108,-4.064,-5.196,-3.961,1.039,1.061,2,14,0,0.176,0,0,0.113,2.837,0.337,0,0,0.207,-1.353,-5.022,0.502,0.865
1090.0,-0.846,-4.188,-5.033,-0.033,1.011,2,14,0,0.190,0,0,0.236,-0.798,-1.041,-4.373,0.627,1.053,2,14,0,0.203,0,0,0.176,-0.723,-7.153,-4.462,0.538,1.106,2,14,0,0.179,0,0,0.266,1.932,-4.073,-4.514,0.486,1.025,2,14,0,0.207,0,0,0.157,-3.507,-4.292,-3.989,1.011,1.042,2,14,0,0.176,0,0,0.208,2.828,0.418,0,0,0.207,-0.894,-4.134,0.413,0.911
1091.0,-0.549,-3.258,-5.059,-0.059,1.013,2,14,0,0.202,0,0,0.170,-0.409,-0.096,-4.291,0.709,1.014,2,14,0,0.204,0,0,0.200,-0.250,-6.197,-4.426,0.574,1.021,2,14,0,0.393,0,0,0.378,2.323,-3.134,-4.515,0.485,1.054,2,14,0,0.179,0,0,0.175,-3.121,-3.343,-3.951,1.049,1.021,2,14,0,0.174,0,0,0.227,2.802,0.430,0,0,0.393,-0.527,-3.204,0.320,0.947
1092.0,-0.320,-2.252,-5.033,-0.033,1.046,2,14,0,0.190,0,0,0.116,-0.122,0.836,-4.299,0.701,0.996,2,14,0,0.175,0,0,0.208,0.077,-5.255,-4.433,0.567,0.981,2,14,0,0.266,0,0,0.432,2.571,-2.059,-4.503,0.497,1.076,2,14,0,0.177,0,0,0.133,-2.884,-2.374,-3.959,1.041,1.003,2,14,0,0.176,0,0,0.194,2.783,0.393,0,0,0.266,-0.255,-2.242,0.224,0.975
1093.0,-0.275,-1.239,-4.973,0.027,1.042,2,14,0,0.188,0,0,0.016,0.068,1.824,-4.239,0.761,1.010,2,14,0,0.174,0,0,0.225,0.157,-4.280,-4.486,0.514,0.987,2,14,0,0.176,0,0,0.338,2.765,-1.011,-4.557,0.443,1.049,2,14,0,0.182,0,0,0.175,-2.707,-1.366,-3.946,1.054,1.007,2,14,0,0.183,0,0,0.199,2.643,0.388,0,0,0.188,-0.079,-1.258,0.126,0.992
1094.0,-0.210,-0.256,-4.982,0.018,1.037,2,14,0,0.195,0,0,0.027,0.119,2.819,-4.261,0.739,1.012,2,14,0,0.175,0,0,0.199,0.031,-3.327,-4.465,0.535,1.019,2,14,0,0.181,0,0,0.136,2.851,-0.013,-4.539,0.461,1.003,2,14,0,0.180,0,0,0.180,-2.621,-0.380,-3.967,1.033,1.001,2,14,0,0.185,0,0,0.208,2.618,0.401,0,0,0.195,-0.003,-0.261,0.026,1.000
1095.0,-0.126,0.778,-5.022,-0.022,1.037,2,14,0,0.222,0,0,0.090,0.089,3.851,-4.276,0.724,1.026,2,14,0,0.173,0,0,0.197,-0.141,-2.365,-4.453,0.547,1.040,2,14,0,0.176,0,0,0.070,2.809,0.977,-4.487,0.513,0.976,2,14,0,0.199,0,0,0.166,-2.701,0.629,-3.983,1.017,1.015,2,14,0,0.180,0,0,0.154,2.781,0.344,0,0,0.222,-0.027,0.738,-0.074,0.997
1096.0,-0.097,1.792,-4.975,0.025,1.028,2,14,0,0.189,0,0,0.242,-0.122,4.816,-4.238,0.762,1.048,2,14,0,0.363,0,0,0.106,-0.351,-1.325,-4.421,0.579,1.083,2,14,0,0.187,0,0,0.108,2.689,1.954,-4.454,0.546,0.988,2,14,0,0.179,0,0,0.159,-2.816,1.637,-3.973,1.027,1.034,2,14,0,0.176,0,0,0.165,2.838,0.347,0,0,0.363,-0.151,1.730,-0.173,0.985
1097.0,-0.205,2.794,-4.994,0.006,1.019,2,14,0,0.262,0,0,0.358,-0.449,5.836,-4.275,0.725,1.059,2,14,0,0.170,0,0,0.060,-0.445,-0.236,-4.482,0.518,1.072,2,14,0,0.177,0,0,0.103,2.529,2.890,-4.488,0.512,0.995,2,14,0,0.184,0,0,0.207,-3.080,2.652,-4.039,0.961,1.037,2,14,0,0.178,0,0,0.148,2.782,0.297,0,0,0.262,-0.373,2.704,-0.270,0.963
1098.0,-0.575,3.724,-5.005,-0.005,1.048,2,14,0,0.194,0,0,0.306,-0.834,6.849,-4.323,0.677,1.034,2,14,0,0.173,0,0,0.143,-0.680,0.754,-4.372,0.628,1.023,2,14,0,0.181,0,0,0.176,2.170,3.801,-4.479,0.521,1.031,2,14,0,0.179,0,0,0.163,-3.573,3.554,-3.946,1.054,1.024,2,14,0,0.177,0,0,0.075,2.796,0.244,0,0,0.194,-0.691,3.652,-0.365,0.931
1099.0,-1.111,4.683,-5.012,-0.012,1.091,2,14,0,0.190,0,0,0.207,-1.153,7.752,-4.249,0.751,0.964,2,14,0,0.146,0,0,0.122,-1.040,1.697,-4.454,0.546,0.991,2,14,0,0.177,0,0,0.229,1.653,4.760,-4.507,0.493,1.071,2,14,0,0.183,0,0,0.071,-4.026,4.460,-3.897,1.103,1.006,2,14,0,0.180,0,0,0.109,2.810,0.314,0,0,0.190,-1.102,4.563,-0.456,0.890
1100.0,-1.713,5.622,-4.990,0.010,1.086,2,14,0,0.194,0,0,0.197,-1.511,8.524,-4.223,0.777,0.953,2,14,0,0.209,0,0,0.165,-1.595,2.551,-4.477,0.523,1.001,2,14,0,0.174,0,0,0.190,1.173,5.664,-4.512,0.488,1.061,2,14,0,0.179,0,0,0.113,-4.344,5.355,-3.932,1.068,0.990,2,14,0,0.179,0,0,0.108,2.849,0.326,0,0,0.209,-1.602,5.429,-0.543,0.840
1101.0,-2.407,6.392,-5.050,-0.050,1.029,2,14,0,0.186,0,0,0.152,-2.003,9.297,-4.260,0.740,1.021,2,14,0,0.212,0,0,0.256,-2.238,3.361,-4.473,0.527,0.995,2,14,0,0.173,0,0,0.160,0.624,6.503,-4.524,0.476,1.047,2,14,0,0.183,0,0,0.155,-4.827,6.179,-3.955,1.045,1.001,2,14,0,0.175,0,0,0.201,2.665,0.364,0,0,0.212,-2.186,6.240,-0.624,0.781
1102.0,-3.159,7.101,-5.012,-0.012,0.987,2,14,0,0.189,0,0,0.169,-2.767,10.064,-4.266,0.734,1.112,2,14,0,0.181,0,0,0.155,-2.828,4.030,-4.463,0.537,0.975,2,14,0,0.177,0,0,0.138,-0.067,7.268,-4.555,0.445,1.054,2,14,0,0.151,0,0,0.151,-5.484,6.925,-3.910,1.090,1.052,2,14,0,0.180,0,0,0.204,2.579,0.369,0,0,0.189,-2.848,6.989,-0.699,0.715
1103.0,-3.894,7.739,-4.995,0.005,0.943,2,14,0,0.188,0,0,0.148,-3.614,10.839,-4.228,0.772,1.137,2,14,0,0.173,0,0,0.105,-3.553,4.625,-4.502,0.498,1.009,2,14,0,0.178,0,0,0.123,-0.895,7.894,-4.604,0.396,1.046,2,14,0,0.213,0,0,0.076,-6.231,7.635,-3.981,1.019,1.078,2,14,0,0.176,0,0,0.207,2.549,0.386,0,0,0.213,-3.581,7.668,-0.767,0.642
1104.0,-4.557,8.346,-4.905,0.095,0.920,2,14,0,0.190,0,0,0.071,-4.500,11.551,-4.268,0.732,1.096,2,14,0,0.174,0,0,0.212,-4.320,5.234,-4.503,0.497,1.074,2,14,0,0.174,0,0,0.155,-1.802,8.559,-4.540,0.460,1.039,2,14,0,0.179,0,0,0.181,-7.103,8.236,-3.998,1.002,1.097,2,14,0,0.179,0,0,0.150,2.705,0.512,0,0,0.190,-4.379,8.271,-0.827,0.562
1105.0,-5.359,8.908,-4.917,0.083,0.958,2,14,0,0.188,0,0,0.125,-5.419,12.125,-4.309,0.691,1.014,2,14,0,0.176,0,0,0.285,-5.259,5.786,-4.436,0.564,1.119,2,14,0,0.151,0,0,0.075,-2.675,9.067,-4.506,0.494,0.969,2,14,0,0.183,0,0,0.189,-8.152,8.767,-3.910,1.090,1.103,2,14,0,0.176,0,0,0.155,2.720,0.521,0,0,0.188,-5.233,8.790,-0.879,0.477
1106.0,-6.190,9.372,-5.001,-0.001,0.994,2,14,0,0.187,0,0,0.191,-6.366,12.569,-4.349,0.651,0.949,2,14,0,0.175,0,0,0.318,-6.275,6.323,-4.420,0.580,1.115,2,14,0,0.148,0,0,0.138,-3.489,9.474,-4.527,0.473,0.919,2,14,0,0.181,0,0,0.114,-9.075,9.239,-3.997,1.003,1.017,2,14,0,0.175,0,0,0.200,2.745,0.435,0,0,0.187,-6.134,9.222,-0.922,0.387
1107.0,-7.168,9.728,-5.029,-0.029,1.051,2,14,0,0.191,0,0,0.185,-7.149,12.812,-4.288,0.712,0.895,2,14,0,0.203,0,0,0.178,-7.347,6.730,-4.400,0.600,1.061,2,14,0,0.179,0,0,0.266,-4.270,9.795,-4.529,0.471,0.930,2,14,0,0.186,0,0,0.132,-9.983,9.630,-3.967,1.033,0.969,2,14,0,0.173,0,0,0.230,2.942,0.320,0,0,0.203,-7.074,9.562,-0.956,0.293
1108.0,-8.202,9.919,-5.045,-0.045,1.081,2,14,0,0.191,0,0,0.109,-8.008,13.028,-4.266,0.734,0.941,2,14,0,0.146,0,0,0.182,-8.320,7.026,-4.489,0.511,0.971,2,14,0,0.203,0,0,0.310,-5.195,10.130,-4.526,0.474,1.016,2,14,0,0.175,0,0,0.223,-10.923,9.862,-4.006,0.994,0.949,2,14,0,0.182,0,0,0.208,2.913,0.357,0,0,0.203,-8.043,9.807,-0.981,0.196
1109.0,-9.285,10.067,-4.982,0.018,1.075,2,14,0,0.164,0,0,0.124,-9.070,13.144,-4.318,0.682,1.052,2,14,0,0.196,0,0,0.123,-9.268,7.148,-4.453,0.547,0.922,2,14,0,0.177,0,0,0.269,-6.201,10.330,-4.432,0.568,1.075,2,14,0,0.174,0,0,0.257,-11.830,9.940,-3.962,1.038,0.953,2,14,0,0.213,0,0,0.135,2.745,0.413,0,0,0.213,-9.032,9.953,-0.995,0.097
1110.0,-10.371,10.137,-5.011,-0.011,1.019,2,14,0,0.160,0,0,0.208,-10.156,13.182,-4.266,0.734,1.053,2,14,0,0.171,0,0,0.121,-10.118,7.179,-4.449,0.551,0.917,2,14,0,0.220,0,0,0.210,-7.240,10.338,-4.500,0.500,1.098,2,14,0,0.206,0,0,0.205,-12.815,9.951,-3.933,1.067,1.010,2,14,0,0.173,0,0,0.108,2.678,0.398,0,0,0.220,-10.031,10.000,-1.000,-0.003
1111.0,-11.280,10.090,-5.015,-0.015,0.972,2,14,0,0.188,0,0,0.155,-11.148,13.073,-4.265,0.735,1.037,2,14,0,0.207,0,0,0.069,-10.984,7.089,-4.444,0.556,0.977,2,14,0,0.174,0,0,0.221,-8.293,10.245,-4.574,0.426,1.125,2,14,0,0.176,0,0,0.148,-13.855,9.867,-3.927,1.073,1.059,2,14,0,0.193,0,0,0.066,2.805,0.398,0,0,0.207,-11.029,9.947,-0.995,-0.103
1112.0,-12.245,9.946,-5.027,-0.027,0.990,2,14,0,0.400,0,0,0.153,-12.140,12.866,-4.246,0.754,1.033,2,14,0,0.144,0,0,0.039,-11.997,6.847,-4.498,0.502,1.081,2,14,0,0.206,0,0,0.142,-9.350,10.059,-4.514,0.486,1.125,2,14,0,0.194,0,0,0.113,-14.921,9.714,-3.964,1.036,1.055,2,14,0,0.224,0,0,0.099,2.889,0.426,0,0,0.400,-12.017,9.795,-0.979,-0.202
1113.0,-13.218,9.681,-5.024,-0.024,1.005,2,14,0,0.193,0,0,0.142,-13.162,12.681,-4.283,0.717,1.018,2,14,0,0.171,0,0,0.120,-12.983,6.551,-4.430,0.570,1.122,2,14,0,0.179,0,0,0.094,-10.480,9.809,-4.536,0.464,1.096,2,14,0,0.180,0,0,0.222,-15.950,9.476,-4.003,0.997,1.029,2,14,0,0.206,0,0,0.161,2.784,0.562,0,0,0.206,-12.984,9.544,-0.954,-0.298
1114.0,-14.103,9.326,-5.048,-0.048,1.031,2,14,0,0.187,0,0,0.125,-14.053,12.424,-4.236,0.764,0.988,2,14,0,0.170,0,0,0.161,-14.088,6.195,-4.464,0.536,1.139,2,14,0,0.190,0,0,0.071,-11.498,9.465,-4.493,0.507,1.012,2,14,0,0.209,0,0,0.291,-16.856,9.147,-4.015,0.985,0.979,2,14,0,0.161,0,0,0.145,2.666,0.634,0,0,0.209,-13.922,9.199,-0.920,-0.392
1115.0,-14.997,8.894,-5.040,-0.040,1.075,2,14,0,0.191,0,0,0.128,-15.021,12.015,-4.297,0.703,1.021,2,14,0,0.174,0,0,0.218,-15.130,5.805,-4.404,0.596,1.075,2,14,0,0.194,0,0,0.226,-12.383,9.028,-4.496,0.504,0.957,2,14,0,0.184,0,0,0.286,-17.624,8.712,-3.957,1.043,0.980,2,14,0,0.222,0,0,0.098,2.673,0.622,0,0,0.222,-14.821,8.761,-0.876,-0.482
1116.0,-15.946,8.369,-4.970,0.030,1.088,2,14,0,0.284,0,0,0.158,-15.882,11.469,-4.308,0.692,1.017,2,14,0,0.173,0,0,0.209,-16.055,5.257,-4.383,0.617,1.011,2,14,0,0.177,0,0,0.292,-13.109,8.496,-4.522,0.478,0.921,2,14,0,0.178,0,0,0.175,-18.510,8.226,-3.919,1.081,1.041,2,14,0,0.174,0,0,0.136,2.774,0.509,0,0,0.284,-15.672,8.236,-0.824,-0.567
1117.0,-16.791,7.718,-5.013,-0.013,1.065,2,14,0,0.185,0,0,0.167,-16.618,10.765,-4.295,0.705,1.032,2,14,0,0.175,0,0,0.100,-16.828,4.656,-4.452,0.548,0.939,2,14,0,0.180,0,0,0.275,-13.709,7.882,-4.532,0.468,0.962,2,14,0,0.262,0,0,0.110,-19.308,7.618,-3.925,1.075,1.069,2,14,0,0.178,0,0,0.136,2.743,0.364,0,0,0.262,-16.466,7.629,-0.763,-0.647
1118.0,-17.611,7.007,-5.030,-0.030,1.043,2,14,0,0.187,0,0,0.242,-17.359,10.008,-4.326,0.674,1.039,2,14,0,0.200,0,0,0.089,-17.422,3.990,-4.489,0.511,0.919,2,14,0,0.203,0,0,0.153,-14.485,7.201,-4.525,0.475,1.044,2,14,0,0.184,0,0,0.098,-20.162,6.905,-3.923,1.077,1.103,2,14,0,0.181,0,0,0.176,2.783,0.421,0,0,0.203,-17.195,6.945,-0.695,-0.719
1119.0,-18.205,6.283,-4.997,0.003,0.995,2,14,0,0.186,0,0,0.191,-18.056,9.263,-4.318,0.682,1.013,2,14,0,0.172,0,0,0.131,-18.030,3.262,-4.483,0.517,0.961,2,14,0,0.178,0,0,0.125,-15.221,6.414,-4.548,0.452,1.087,2,14,0,0.243,0,0,0.093,-20.925,6.122,-3.951,1.049,1.080,2,14,0,0.384,0,0,0.260,2.918,0.430,0,0,0.384,-17.852,6.192,-0.619,-0.785
1120.0,-18.716,5.438,-5.000,-0.000,1.013,2,14,0,0.211,0,0,0.119,-18.639,8.472,-4.250,0.750,0.987,2,14,0,0.168,0,0,0.136,-18.510,2.443,-4.464,0.536,0.992,2,14,0,0.176,0,0,0.086,-15.867,5.531,-4.501,0.499,1.065,2,14,0,0.178,0,0,0.134,-21.517,5.320,-3.985,1.015,1.027,2,14,0,0.179,0,0,0.277,2.894,0.462,0,0,0.211,-18.431,5.377,-0.538,-0.843
1121.0,-19.200,4.517,-4.981,0.019,1.030,2,14,0,0.186,0,0,0.090,-19.087,7.659,-4.226,0.774,0.992,2,14,0,0.171,0,0,0.114,-19.008,1.539,-4.466,0.534,1.054,2,14,0,0.369,0,0,0.060,-16.377,4.635,-4.499,0.501,1.027,2,14,0,0.179,0,0,0.151,-21.985,4.437,-4.005,0.995,1.017,2,14,0,0.177,0,0,0.247,2.866,0.468,0,0,0.369,-18.926,4.509,-0.451,-0.893
1122.0,-19.597,3.566,-4.955,0.045,1.025,2,14,0,0.188,0,0,0.087,-19.463,6.734,-4.258,0.742,1.029,2,14,0,0.175,0,0,0.085,-19.537,0.618,-4.499,0.501,1.061,2,14,0,0.178,0,0,0.118,-16.788,3.707,-4.533,0.467,1.000,2,14,0,0.190,0,0,0.155,-22.315,3.465,-3.927,1.073,1.027,2,14,0,0.216,0,0,0.161,2.844,0.470,0,0,0.216,-19.331,3.595,-0.360,-0.933
1123.0,-19.879,2.579,-4.988,0.012,1.014,2,14,0,0.191,0,0,0.090,-19.888,5.727,-4.265,0.735,1.055,2,14,0,0.173,0,0,0.171,-19.855,-0.343,-4.504,0.496,1.062,2,14,0,0.177,0,0,0.122,-17.118,2.806,-4.500,0.500,0.985,2,14,0,0.427,0,0,0.173,-22.508,2.416,-3.949,1.051,1.033,2,14,0,0.187,0,0,0.094,2.813,0.501,0,0,0.427,-19.644,2.646,-0.265,-0.964
1124.0,-20.093,1.623,-5.005,-0.005,0.994,2,14,0,0.190,0,0,0.068,-20.099,4.754,-4.298,0.702,1.039,2,14,0,0.175,0,0,0.166,-20.086,-1.403,-4.469,0.531,1.071,2,14,0,0.180,0,0,0.141,-17.311,1.834,-4.502,0.498,0.993,2,14,0,0.181,0,0,0.150,-22.679,1.404,-3.957,1.043,1.004,2,14,0,0.174,0,0,0.121,2.799,0.480,0,0,0.190,-19.860,1.670,-0.167,-0.986
1125.0,-20.220,0.673,-4.993,0.007,0.991,2,14,0,0.186,0,0,0.061,-20.159,3.752,-4.328,0.672,1.040,2,14,0,0.171,0,0,0.106,-20.282,-2.431,-4.446,0.554,1.032,2,14,0,0.209,0,0,0.226,-17.385,0.851,-4.497,0.503,1.006,2,14,0,0.155,0,0,0.107,-22.864,0.424,-3.962,1.038,0.965,2,14,0,0.187,0,0,0.125,2.850,0.444,0,0,0.209,-19.977,0.677,-0.068,-0.998
1126.0,-20.390,-0.323,-5.003,-0.003,1.011,2,14,0,0.221,0,0,0.213,-20.118,2.757,-4.270,0.730,1.040,2,14,0,0.171,0,0,0.048,-20.309,-3.447,-4.376,0.624,0.995,2,14,0,0.156,0,0,0.241,-17.357,-0.156,-4.495,0.505,1.042,2,14,0,0.191,0,0,0.059,-22.918,-0.531,-4.015,0.985,0.948,2,14,0,0.175,0,0,0.118,2.722,0.399,0,0,0.221,-19.995,-0.323,0.032,-0.999
1127.0,-20.361,-1.355,-4.929,0.071,1.038,2,14,0,0.232,0,0,0.271,-20.035,1.701,-4.330,0.670,1.046,2,14,0,0.173,0,0,0.073,-20.128,-4.400,-4.476,0.524,0.994,2,14,0,0.183,0,0,0.133,-17.250,-1.232,-4.541,0.459,1.047,2,14,0,0.180,0,0,0.080,-22.790,-1.481,-3.994,1.006,0.965,2,14,0,0.175,0,0,0.056,2.606,0.450,0,0,0.232,-19.913,-1.319,0.132,-0.991
1128.0,-20.086,-2.343,-4.931,0.069,1.045,2,14,0,0.186,0,0,0.180,-19.853,0.723,-4.286,0.714,1.022,2,14,0,0.172,0,0,0.068,-19.914,-5.301,-4.454,0.546,0.994,2,14,0,0.180,0,0,0.088,-17.165,-2.230,-4.504,0.496,1.018,2,14,0,0.175,0,0,0.155,-22.659,-2.436,-3.946,1.054,0.985,2,14,0,0.177,0,0,0.104,2.757,0.439,0,0,0.186,-19.731,-2.302,0.230,-0.973
1129.0,-19.751,-3.300,-4.993,0.007,1.053,2,14,0,0.187,0,0,0.124,-19.673,-0.268,-4.265,0.735,1.019,2,14,0,0.171,0,0,0.163,-19.646,-6.282,-4.464,0.536,1.042,2,14,0,0.222,0,0,0.095,-16.872,-3.176,-4.514,0.486,1.011,2,14,0,0.182,0,0,0.135,-22.430,-3.399,-3.945,1.055,1.021,2,14,0,0.183,0,0,0.154,2.878,0.428,0,0,0.222,-19.453,-3.262,0.326,-0.945
1130.0,-19.393,-4.259,-5.012,-0.012,1.059,2,14,0,0.186,0,0,0.152,-19.348,-1.214,-4.309,0.691,1.023,2,14,0,0.172,0,0,0.214,-19.266,-7.265,-4.425,0.575,1.059,2,14,0,0.175,0,0,0.098,-16.538,-4.136,-4.568,0.432,1.010,2,14,0,0.182,0,0,0.183,-22.093,-4.382,-3.968,1.032,1.057,2,14,0,0.173,0,0,0.195,2.892,0.461,0,0,0.186,-19.080,-4.189,0.419,-0.908
1131.0,-18.908,-5.167,-5.048,-0.048,1.065,2,14,0,0.188,0,0,0.147,-18.897,-2.078,-4.291,0.709,1.024,2,14,0,0.171,0,0,0.218,-18.820,-8.243,-4.478,0.522,1.053,2,14,0,0.176,0,0,0.175,-16.063,-4.990,-4.546,0.454,1.020,2,14,0,0.198,0,0,0.160,-21.563,-5.320,-3.947,1.053,1.076,2,14,0,0.226,0,0,0.159,2.878,0.454,0,0,0.226,-18.617,-5.075,0.507,-0.862
1132.0,-18.281,-6.012,-5.012,-0.012,1.047,2,14,0,0.189,0,0,0.108,-18.258,-2.893,-4.268,0.732,1.059,2,14,0,0.172,0,0,0.128,-18.199,-9.101,-4.431,0.569,1.020,2,14,0,0.178,0,0,0.169,-15.402,-5.836,-4.540,0.460,1.037,2,14,0,0.182,0,0,0.086,-20.927,-6.162,-3.951,1.049,1.060,2,14,0,0.177,0,0,0.113,2.855,0.342,0,0,0.189,-18.067,-5.910,0.591,-0.807
1133.0,-17.480,-6.796,-4.994,0.006,1.031,2,14,0,0.190,0,0,0.171,-17.567,-3.726,-4.250,0.750,1.069,2,14,0,0.173,0,0,0.129,-17.578,-9.879,-4.401,0.599,0.984,2,14,0,0.177,0,0,0.171,-14.788,-6.558,-4.528,0.472,1.015,2,14,0,0.182,0,0,0.055,-20.253,-6.961,-3.997,1.003,1.030,2,14,0,0.182,0,0,0.130,2.742,0.374,0,0,0.190,-17.437,-6.685,0.669,-0.744
1134.0,-16.796,-7.527,-5.025,-0.025,0.965,2,14,0,0.217,0,0,0.172,-16.871,-4.493,-4.242,0.758,1.039,2,14,0,0.172,0,0,0.184,-16.933,-10.537,-4.475,0.525,0.968,2,14,0,0.175,0,0,0.154,-14.128,-7.294,-4.559,0.441,1.037,2,14,0,0.184,0,0,0.107,-19.606,-7.665,-3.987,1.013,0.990,2,14,0,0.173,0,0,0.135,2.718,0.409,0,0,0.217,-16.732,-7.395,0.739,-0.673
1135.0,-16.092,-8.163,-4.966,0.034,0.924,2,14,0,0.187,0,0,0.141,-16.044,-5.127,-4.252,0.748,1.018,2,14,0,0.148,0,0,0.174,-16.145,-11.138,-4.457,0.543,1.005,2,14,0,0.182,0,0,0.117,-13.330,-8.035,-4.513,0.487,1.062,2,14,0,0.219,0,0,0.171,-18.855,-8.291,-3.960,1.040,1.006,2,14,0,0.176,0,0,0.136,2.802,0.370,0,0,0.219,-15.960,-8.030,0.803,-0.596
1136.0,-15.388,-8.681,-4.997,0.003,0.920,2,14,0,0.191,0,0,0.128,-15.208,-5.623,-4.311,0.689,0.988,2,14,0,0.145,0,0,0.116,-15.250,-11.725,-4.468,0.532,1.039,2,14,0,0.204,0,0,0.113,-12.459,-8.666,-4.546,0.454,1.048,2,14,0,0.178,0,0,0.240,-17.921,-8.834,-3.969,1.031,1.017,2,14,0,0.311,0,0,0.103,2.739,0.340,0,0,0.311,-15.129,-8.585,0.858,-0.513
1137.0,-14.602,-9.094,-5.045,-0.045,0.981,2,14,0,0.186,0,0,0.187,-14.385,-6.026,-4.309,0.691,1.000,2,14,0,0.143,0,0,0.078,-14.348,-12.170,-4.487,0.513,1.026,2,14,0,0.222,0,0,0.088,-11.513,-9.105,-4.495,0.505,1.010,2,14,0,0.549,0,0,0.208,-16.996,-9.296,-3.984,1.016,0.997,2,14,0,0.184,0,0,0.122,2.626,0.358,0,0,0.549,-14.246,-9.054,0.905,-0.425
1138.0,-13.627,-9.461,-5.071,-0.071,1.075,2,14,0,0.193,0,0,0.136,-13.386,-6.367,-4.295,0.705,1.040,2,14,0,0.204,0,0,0.017,-13.383,-12.553,-4.441,0.559,1.026,2,14,0,0.190,0,0,0.106,-10.585,-9.430,-4.505,0.495,0.988,2,14,0,0.181,0,0,0.161,-16.080,-9.715,-3.962,1.038,0.981,2,14,0,0.185,0,0,0.151,2.704,0.371,0,0,0.204,-13.321,-9.432,0.943,-0.332
1139.0,-12.640,-9.790,-5.002,-0.002,1.102,2,14,0,0.185,0,0,0.128,-12.389,-6.682,-4.290,0.710,1.028,2,14,0,0.174,0,0,0.067,-12.395,-12.903,-4.445,0.555,0.997,2,14,0,0.176,0,0,0.176,-9.686,-9.644,-4.475,0.525,0.977,2,14,0,0.214,0,0,0.086,-15.201,-10.004,-3.915,1.085,0.957,2,14,0,0.176,0,0,0.142,2.790,0.331,0,0,0.214,-12.363,-9.717,0.972,-0.236
1140.0,-11.609,-10.085,-4.967,0.033,1.112,2,14,0,0.231,0,0,0.192,-11.415,-6.925,-4.257,0.743,1.013,2,14,0,0.176,0,0,0.103,-11.536,-13.083,-4.422,0.578,0.969,2,14,0,0.211,0,0,0.158,-8.736,-9.764,-4.503,0.497,1.002,2,14,0,0.186,0,0,0.051,-14.259,-10.169,-3.967,1.033,0.982,2,14,0,0.179,0,0,0.131,2.833,0.382,0,0,0.231,-11.381,-9.904,0.990,-0.138
1141.0,-10.497,-10.261,-5.016,-0.016,1.110,2,14,0,0.192,0,0,0.282,-10.422,-7.147,-4.276,0.724,0.992,2,14,0,0.177,0,0,0.231,-10.552,-13.143,-4.492,0.508,1.010,2,14,0,0.175,0,0,0.137,-7.765,-9.849,-4.446,0.554,1.035,2,14,0,0.180,0,0,0.074,-13.292,-10.228,-3.983,1.017,1.028,2,14,0,0.185,0,0,0.123,2.822,0.405,0,0,0.192,-10.385,-9.993,0.999,-0.039
1142.0,-9.369,-10.248,-4.970,0.030,1.054,2,14,0,0.189,0,0,0.337,-9.387,-7.147,-4.307,0.693,0.995,2,14,0,0.222,0,0,0.253,-9.559,-13.074,-4.422,0.578,1.041,2,14,0,0.240,0,0,0.096,-6.672,-9.931,-4.476,0.524,1.078,2,14,0,0.301,0,0,0.106,-12.294,-10.201,-3.961,1.039,1.067,2,14,0,0.179,0,0,0.113,2.760,0.290,0,0,0.301,-9.386,-9.981,0.998,0.061
1143.0,-8.386,-10.037,-4.999,0.001,0.999,2,14,0,0.190,0,0,0.251,-8.409,-6.963,-4.331,0.669,1.003,2,14,0,0.200,0,0,0.179,-8.484,-12.936,-4.443,0.557,1.077,2,14,0,0.180,0,0,0.038,-5.556,-9.902,-4.501,0.499,1.059,2,14,0,0.178,0,0,0.234,-11.180,-10.121,-4.003,0.997,1.113,2,14,0,0.147,0,0,0.112,2.877,0.329,0,0,0.200,-8.392,-9.870,0.987,0.161
1144.0,-7.450,-9.735,-5.003,-0.003,0.978,2,14,0,0.227,0,0,0.162,-7.453,-6.681,-4.260,0.740,1.004,2,14,0,0.211,0,0,0.104,-7.466,-12.738,-4.426,0.574,1.046,2,14,0,0.177,0,0,0.068,-4.555,-9.689,-4.593,0.407,1.008,2,14,0,0.181,0,0,0.247,-10.099,-9.937,-3.987,1.013,1.075,2,14,0,0.173,0,0,0.191,2.844,0.420,0,0,0.227,-7.415,-9.660,0.966,0.258
1145.0,-6.528,-9.304,-4.988,0.012,0.978,2,14,0,0.188,0,0,0.116,-6.500,-6.334,-4.321,0.679,1.027,2,14,0,0.206,0,0,0.070,-6.454,-12.534,-4.462,0.538,1.036,2,14,0,0.183,0,0,0.183,-3.666,-9.314,-4.549,0.451,0.985,2,14,0,0.180,0,0,0.155,-9.095,-9.644,-3.932,1.068,1.030,2,14,0,0.202,0,0,0.240,2.796,0.469,0,0,0.206,-6.464,-9.354,0.935,0.354
1146.0,-5.642,-8.876,-5.051,-0.051,0.951,2,14,0,0.161,0,0,0.113,-5.657,-5.903,-4.303,0.697,1.023,2,14,0,0.175,0,0,0.037,-5.447,-12.223,-4.424,0.576,1.024,2,14,0,0.179,0,0,0.310,-2.791,-8.879,-4.520,0.480,0.994,2,14,0,0.177,0,0,0.101,-8.218,-9.226,-3.964,1.036,0.987,2,14,0,0.234,0,0,0.198,2.818,0.427,0,0,0.234,-5.547,-8.954,0.895,0.445
1147.0,-4.888,-8.462,-4.988,0.012,0.944,2,14,0,0.192,0,0,0.038,-4.692,-5.415,-4.253,0.747,1.052,2,14,0,0.172,0,0,0.066,-4.543,-11.689,-4.436,0.564,1.022,2,14,0,0.178,0,0,0.306,-1.908,-8.354,-4.464,0.536,1.014,2,14,0,0.177,0,0,0.086,-7.386,-8.712,-3.901,1.099,0.991,2,14,0,0.176,0,0,0.152,2.736,0.381,0,0,0.192,-4.676,-8.465,0.846,0.532
1148.0,-4.076,-7.947,-4.993,0.007,0.999,2,14,0,0.191,0,0,0.079,-3.876,-4.808,-4.342,0.658,1.023,2,14,0,0.169,0,0,0.063,-3.736,-11.015,-4.448,0.552,1.015,2,14,0,0.181,0,0,0.244,-1.132,-7.763,-4.524,0.476,1.013,2,14,0,0.208,0,0,0.039,-6.551,-8.126,-3.918,1.082,1.001,2,14,0,0.178,0,0,0.157,2.704,0.386,0,0,0.208,-3.857,-7.891,0.789,0.614
1149.0,-3.260,-7.380,-5.024,-0.024,1.034,2,14,0,0.191,0,0,0.152,-3.101,-4.211,-4.311,0.689,1.013,2,14,0,0.246,0,0,0.088,-3.025,-10.319,-4.478,0.522,0.989,2,14,0,0.176,0,0,0.187,-0.419,-7.091,-4.511,0.489,1.014,2,14,0,0.209,0,0,0.014,-5.837,-7.422,-3.970,1.030,1.004,2,14,0,0.179,0,0,0.095,2.784,0.351,0,0,0.246,-3.100,-7.238,0.724,0.690
1150.0,-2.479,-6.683,-4.977,0.023,1.077,2,14,0,0.190,0,0,0.208,-2.333,-3.567,-4.256,0.744,1.012,2,14,0,0.201,0,0,0.200,-2.474,-9.549,-4.462,0.538,0.974,2,14,0,0.181,0,0,0.040,0.336,-6.396,-4.485,0.515,1.038,2,14,0,0.181,0,0,0.062,-5.207,-6.682,-3.981,1.019,1.008,2,14,0,0.175,0,0,0.037,2.873,0.277,0,0,0.201,-2.412,-6.513,0.651,0.759
1151.0,-1.784,-5.842,-4.976,0.024,1.088,2,14,0,0.188,0,0,0.233,-1.682,-2.796,-4.231,0.769,1.030,2,14,0,0.173,0,0,0.244,-1.919,-8.786,-4.451,0.549,1.000,2,14,0,0.175,0,0,0.036,1.044,-5.609,-4.516,0.484,1.028,2,14,0,0.180,0,0,0.153,-4.549,-5.905,-4.001,0.999,1.018,2,14,0,0.177,0,0,0.081,2.874,0.309,0,0,0.188,-1.800,-5.723,0.572,0.820
1152.0,-1.242,-4.886,-4.999,0.001,1.075,2,14,0,0.309,0,0,0.206,-1.165,-1.880,-4.271,0.729,1.042,2,14,0,0.175,0,0,0.197,-1.360,-7.923,-4.452,0.548,1.035,2,14,0,0.174,0,0,0.016,1.618,-4.797,-4.507,0.493,1.013,2,14,0,0.197,0,0,0.205,-4.014,-5.034,-3.989,1.011,1.036,2,14,0,0.177,0,0,0.076,2.904,0.300,0,0,0.309,-1.269,-4.876,0.488,0.873
1153.0,-0.840,-3.931,-4.982,0.018,1.031,2,14,0,0.189,0,0,0.168,-0.760,-0.917,-4.248,0.752,1.047,2,14,0,0.173,0,0,0.145,-0.813,-7.047,-4.440,0.560,1.042,2,14,0,0.196,0,0,0.117,2.092,-3.930,-4.561,0.439,1.018,2,14,0,0.186,0,0,0.245,-3.521,-4.118,-3.904,1.096,1.025,2,14,0,0.173,0,0,0.129,2.895,0.335,0,0,0.196,-0.826,-3.980,0.398,0.917
1154.0,-0.530,-2.950,-4.948,0.052,1.003,2,14,0,0.192,0,0,0.154,-0.479,0.037,-4.288,0.712,1.020,2,14,0,0.171,0,0,0.076,-0.416,-6.087,-4.430,0.570,1.036,2,14,0,0.181,0,0,0.157,2.397,-2.999,-4.497,0.503,1.035,2,14,0,0.178,0,0,0.207,-3.173,-3.209,-3.985,1.015,1.006,2,14,0,0.180,0,0,0.126,2.826,0.344,0,0,0.192,-0.475,-3.044,0.304,0.953
1155.0,-0.323,-2.038,-4.971,0.029,0.971,2,14,0,0.195,0,0,0.083,-0.237,0.986,-4.307,0.693,1.021,2,14,0,0.190,0,0,0.060,-0.131,-5.153,-4.416,0.584,1.019,2,14,0,0.177,0,0,0.190,2.640,-1.945,-4.472,0.528,1.066,2,14,0,0.174,0,0,0.163,-2.918,-2.307,-3.990,1.010,1.002,2,14,0,0.177,0,0,0.153,2.787,0.377,0,0,0.195,-0.218,-2.078,0.208,0.978
1156.0,-0.197,-1.103,-4.997,0.003,0.978,2,14,0,0.197,0,0,0.047,-0.067,2.012,-4.222,0.778,1.043,2,14,0,0.178,0,0,0.075,-0.013,-4.146,-4.492,0.508,1.034,2,14,0,0.180,0,0,0.148,2.684,-0.894,-4.481,0.519,1.060,2,14,0,0.180,0,0,0.067,-2.807,-1.306,-3.897,1.103,1.044,2,14,0,0.176,0,0,0.108,2.840,0.331,0,0,0.197,-0.060,-1.091,0.109,0.994
1157.0,-0.144,-0.139,-4.982,0.018,1.011,2,14,0,0.187,0,0,0.069,0.044,3.006,-4.247,0.753,1.017,2,14,0,0.176,0,0,0.123,0.039,-3.128,-4.466,0.534,1.041,2,14,0,0.174,0,0,0.138,2.701,0.143,-4.508,0.492,1.039,2,14,0,0.203,0,0,0.084,-2.710,-0.240,-3.968,1.032,1.068,2,14,0,0.212,0,0,0.114,2.762,0.381,0,0,0.212,-0.000,-0.093,0.009,1.000
1158.0,-0.067,0.928,-5.048,-0.048,1.046,2,14,0,0.195,0,0,0.154,0.073,4.023,-4.305,0.695,1.015,2,14,0,0.214,0,0,0.195,-0.023,-2.095,-4.505,0.495,1.036,2,14,0,0.181,0,0,0.123,2.740,1.170,-4.538,0.462,1.000,2,14,0,0.176,0,0,0.140,-2.686,0.855,-3.998,1.002,1.061,2,14,0,0.176,0,0,0.202,2.823,0.358,0,0,0.214,-0.041,0.905,-0.091,0.996
1159.0,-0.099,1.989,-5.020,-0.020,1.050,2,14,0,0.189,0,0,0.275,-0.068,5.053,-4.247,0.753,1.026,2,14,0,0.171,0,0,0.208,-0.193,-0.989,-4.463,0.537,1.053,2,14,0,0.181,0,0,0.178,2.652,2.192,-4.538,0.462,0.996,2,14,0,0.205,0,0,0.193,-2.775,1.927,-4.000,1.000,1.035,2,14,0,0.178,0,0,0.290,2.801,0.407,0,0,0.205,-0.181,1.895,-0.190,0.982
1160.0,-0.349,2.963,-5.071,-0.071,1.041,2,14,0,0.253,0,0,0.267,-0.385,6.036,-4.256,0.744,1.038,2,14,0,0.273,0,0,0.149,-0.312,0.009,-4.442,0.558,0.997,2,14,0,0.209,0,0,0.267,2.465,3.175,-4.467,0.533,0.968,2,14,0,0.183,0,0,0.241,-3.039,2.890,-3.951,1.049,0.998,2,14,0,0.183,0,0,0.264,2.886,0.381,0,0,0.273,-0.419,2.866,-0.287,0.958
1161.0,-0.753,3.910,-5.013,-0.013,1.059,2,14,0,0.188,0,0,0.206,-0.733,6.994,-4.333,0.667,1.013,2,14,0,0.175,0,0,0.150,-0.668,0.875,-4.421,0.579,0.972,2,14,0,0.181,0,0,0.207,2.132,4.057,-4.457,0.543,0.967,2,14,0,0.177,0,0,0.211,-3.391,3.774,-3.924,1.076,0.982,2,14,0,0.178,0,0,0.216,2.858,0.364,0,0,0.188,-0.753,3.808,-0.381,0.925
1162.0,-1.237,4.803,-4.993,0.007,1.055,2,14,0,0.224,0,0,0.151,-1.145,7.887,-4.318,0.682,1.004,2,14,0,0.223,0,0,0.151,-1.083,1.755,-4.407,0.593,1.000,2,14,0,0.179,0,0,0.209,1.678,4.869,-4.521,0.479,0.984,2,14,0,0.180,0,0,0.158,-3.904,4.651,-3.999,1.001,1.004,2,14,0,0.174,0,0,0.129,2.851,0.282,0,0,0.224,-1.180,4.712,-0.471,0.882
1163.0,-1.853,5.694,-5.006,-0.006,1.060,2,14,0,0.187,0,0,0.116,-1.602,8.719,-4.269,0.731,0.996,2,14,0,0.172,0,0,0.184,-1.704,2.518,-4.473,0.527,1.053,2,14,0,0.172,0,0,0.082,1.173,5.710,-4.501,0.499,1.060,2,14,0,0.179,0,0,0.171,-4.457,5.468,-3.968,1.032,1.018,2,14,0,0.177,0,0,0.075,2.813,0.258,0,0,0.187,-1.694,5.569,-0.557,0.831
1164.0,-2.488,6.502,-4.944,0.056,1.014,2,14,0,0.191,0,0,0.121,-2.243,9.493,-4.269,0.731,1.035,2,14,0,0.172,0,0,0.133,-2.373,3.343,-4.472,0.528,1.076,2,14,0,0.178,0,0,0.016,0.509,6.621,-4.538,0.462,1.100,2,14,0,0.180,0,0,0.139,-5.086,6.253,-3.933,1.067,1.037,2,14,0,0.177,0,0,0.041,2.799,0.320,0,0,0.191,-2.292,6.370,-0.637,0.771
1165.0,-3.217,7.180,-4.994,0.006,0.996,2,14,0,0.187,0,0,0.088,-3.000,10.257,-4.238,0.762,1.079,2,14,0,0.171,0,0,0.086,-2.992,4.125,-4.414,0.586,1.060,2,14,0,0.195,0,0,0.084,-0.278,7.445,-4.538,0.462,1.090,2,14,0,0.189,0,0,0.185,-5.750,6.989,-3.916,1.084,1.038,2,14,0,0.180,0,0,0.047,2.760,0.459,0,0,0.195,-2.966,7.108,-0.711,0.703
1166.0,-3.903,7.876,-5.000,0.000,0.981,2,14,0,0.188,0,0,0.097,-3.797,10.950,-4.252,0.748,1.061,2,14,0,0.170,0,0,0.104,-3.812,4.849,-4.409,0.591,1.068,2,14,0,0.177,0,0,0.106,-1.080,8.042,-4.449,0.551,1.024,2,14,0,0.251,0,0,0.134,-6.472,7.644,-3.962,1.038,1.047,2,14,0,0.177,0,0,0.064,2.781,0.455,0,0,0.251,-3.711,7.775,-0.777,0.629
1167.0,-4.673,8.481,-5.003,-0.003,0.987,2,14,0,0.194,0,0,0.113,-4.650,11.603,-4.261,0.739,1.046,2,14,0,0.174,0,0,0.171,-4.615,5.500,-4.483,0.517,1.034,2,14,0,0.177,0,0,0.168,-1.919,8.551,-4.467,0.533,0.978,2,14,0,0.232,0,0,0.107,-7.353,8.325,-3.998,1.002,1.075,2,14,0,0.219,0,0,0.101,2.807,0.442,0,0,0.232,-4.519,8.364,-0.836,0.548
1168.0,-5.576,8.956,-5.043,-0.043,1.001,2,14,0,0.188,0,0,0.078,-5.590,12.004,-4.269,0.731,1.000,2,14,0,0.176,0,0,0.140,-5.501,6.050,-4.483,0.517,1.011,2,14,0,0.253,0,0,0.213,-2.754,9.105,-4.601,0.399,0.966,2,14,0,0.397,0,0,0.109,-8.292,8.919,-3.971,1.029,1.042,2,14,0,0.180,0,0,0.207,2.860,0.441,0,0,0.397,-5.381,8.869,-0.887,0.462
1169.0,-6.452,9.390,-5.012,-0.012,1.002,2,14,0,0.189,0,0,0.100,-6.482,12.415,-4.276,0.724,0.959,2,14,0,0.173,0,0,0.133,-6.430,6.462,-4.488,0.512,0.991,2,14,0,0.214,0,0,0.217,-3.580,9.568,-4.513,0.487,0.953,2,14,0,0.176,0,0,0.126,-9.185,9.392,-3.962,1.038,0.981,2,14,0,0.173,0,0,0.261,2.921,0.404,0,0,0.214,-6.290,9.286,-0.929,0.371
1170.0,-7.386,9.722,-5.061,-0.061,1.013,2,14,0,0.192,0,0,0.111,-7.360,12.803,-4.235,0.765,0.937,2,14,0,0.172,0,0,0.128,-7.387,6.763,-4.413,0.587,0.976,2,14,0,0.144,0,0,0.198,-4.442,9.928,-4.431,0.569,0.985,2,14,0,0.268,0,0,0.188,-10.052,9.725,-3.927,1.073,0.955,2,14,0,0.176,0,0,0.260,2.897,0.379,0,0,0.268,-7.235,9.610,-0.961,0.276
1171.0,-8.355,10.006,-5.021,-0.021,1.020,2,14,0,0.188,0,0,0.166,-8.295,13.124,-4.284,0.716,0.951,2,14,0,0.172,0,0,0.213,-8.310,6.929,-4.419,0.581,0.967,2,14,0,0.341,0,0,0.124,-5.446,10.158,-4.468,0.532,1.033,2,14,0,0.214,0,0,0.178,-10.991,9.855,-3.956,1.044,0.975,2,14,0,0.175,0,0,0.167,2.847,0.399,0,0,0.341,-8.208,9.838,-0.984,0.179
1172.0,-9.404,10.141,-5.019,-0.019,1.048,2,14,0,0.225,0,0,0.167,-9.279,13.262,-4.246,0.754,0.971,2,14,0,0.210,0,0,0.221,-9.299,7.008,-4.414,0.586,0.990,2,14,0,0.184,0,0,0.073,-6.497,10.276,-4.530,0.470,1.057,2,14,0,0.179,0,0,0.154,-11.885,9.945,-3.979,1.021,1.016,2,14,0,0.328,0,0,0.184,2.697,0.428,0,0,0.328,-9.200,9.968,-0.997,0.080
1173.0,-10.428,10.203,-5.031,-0.031,1.031,2,14,0,0.188,0,0,0.204,-10.210,13.230,-4.271,0.729,0.992,2,14,0,0.200,0,0,0.170,-10.279,7.029,-4.439,0.561,1.005,2,14,0,0.174,0,0,0.061,-7.497,10.247,-4.496,0.504,1.043,2,14,0,0.176,0,0,0.095,-12.926,9.929,-3.965,1.035,1.090,2,14,0,0.152,0,0,0.123,2.729,0.389,0,0,0.200,-10.199,9.998,-1.000,-0.020
1174.0,-11.394,10.121,-5.010,-0.010,1.026,2,14,0,0.189,0,0,0.189,-11.176,13.140,-4.269,0.731,1.048,2,14,0,0.175,0,0,0.166,-11.297,7.014,-4.439,0.561,1.029,2,14,0,0.178,0,0,0.115,-8.552,10.213,-4.511,0.489,1.058,2,14,0,0.179,0,0,0.141,-14.057,9.841,-3.906,1.094,1.108,2,14,0,0.151,0,0,0.069,2.886,0.456,0,0,0.189,-11.196,9.928,-0.993,-0.120
1175.0,-12.400,9.884,-5.024,-0.024,1.048,2,14,0,0.191,0,0,0.126,-12.163,12.906,-4.345,0.655,1.088,2,14,0,0.170,0,0,0.116,-12.303,6.851,-4.551,0.449,1.032,2,14,0,0.176,0,0,0.124,-9.537,10.036,-4.520,0.480,1.029,2,14,0,0.181,0,0,0.134,-15.183,9.689,-3.939,1.061,1.064,2,14,0,0.210,0,0,0.194,2.910,0.452,0,0,0.210,-12.181,9.759,-0.976,-0.218
1176.0,-13.368,9.582,-4.950,0.050,1.055,2,14,0,0.186,0,0,0.095,-13.239,12.650,-4.274,0.726,1.122,2,14,0,0.286,0,0,0.085,-13.265,6.626,-4.490,0.510,1.042,2,14,0,0.179,0,0,0.165,-10.518,9.759,-4.533,0.467,1.016,2,14,0,0.181,0,0,0.133,-16.134,9.461,-3.933,1.067,0.994,2,14,0,0.178,0,0,0.201,2.886,0.459,0,0,0.286,-13.144,9.493,-0.949,-0.314
1177.0,-14.268,9.190,-4.972,0.028,1.053,2,14,0,0.186,0,0,0.054,-14.287,12.257,-4.285,0.715,1.099,2,14,0,0.170,0,0,0.146,-14.277,6.236,-4.484,0.516,1.050,2,14,0,0.205,0,0,0.172,-11.488,9.423,-4.479,0.521,1.023,2,14,0,0.175,0,0,0.175,-17.029,9.097,-4.037,0.963,0.966,2,14,0,0.176,0,0,0.168,2.832,0.505,0,0,0.205,-14.076,9.131,-0.913,-0.408
1178.0,-15.274,8.731,-5.000,-0.000,1.055,2,14,0,0.183,0,0,0.134,-15.240,11.828,-4.228,0.772,1.038,2,14,0,0.172,0,0,0.212,-15.141,5.816,-4.448,0.552,1.039,2,14,0,0.176,0,0,0.182,-12.358,8.975,-4.559,0.441,1.010,2,14,0,0.186,0,0,0.168,-17.836,8.641,-3.989,1.011,0.981,2,14,0,0.179,0,0,0.118,2.755,0.490,0,0,0.186,-14.968,8.679,-0.868,-0.497
1179.0,-16.194,8.208,-4.985,0.015,1.022,2,14,0,0.189,0,0,0.209,-16.112,11.312,-4.305,0.695,0.994,2,14,0,0.171,0,0,0.249,-16.068,5.199,-4.415,0.585,1.070,2,14,0,0.181,0,0,0.189,-13.206,8.397,-4.559,0.441,1.040,2,14,0,0.176,0,0,0.139,-18.694,8.136,-3.931,1.069,1.017,2,14,0,0.174,0,0,0.154,2.714,0.473,0,0,0.189,-15.809,8.140,-0.814,-0.581
1180.0,-16.984,7.550,-5.038,-0.038,0.987,2,14,0,0.187,0,0,0.207,-16.839,10.719,-4.362,0.638,0.968,2,14,0,0.186,0,0,0.213,-16.867,4.543,-4.429,0.571,1.021,2,14,0,0.156,0,0,0.191,-14.021,7.738,-4.583,0.417,1.044,2,14,0,0.224,0,0,0.141,-19.490,7.498,-3.995,1.005,1.044,2,14,0,0.177,0,0,0.145,2.715,0.481,0,0,0.224,-16.593,7.519,-0.752,-0.659
1181.0,-17.593,6.840,-5.028,-0.028,0.952,2,14,0,0.189,0,0,0.099,-17.547,10.038,-4.268,0.732,0.996,2,14,0,0.172,0,0,0.213,-17.501,3.802,-4.480,0.520,1.006,2,14,0,0.178,0,0,0.101,-14.805,6.959,-4.602,0.398,1.031,2,14,0,0.208,0,0,0.189,-20.245,6.729,-3.953,1.047,1.059,2,14,0,0.177,0,0,0.122,2.823,0.512,0,0,0.208,-17.311,6.823,-0.682,-0.731
1182.0,-18.168,6.107,-4.980,0.020,0.987,2,14,0,0.188,0,0,0.053,-18.192,9.198,-4.248,0.752,1.034,2,14,0,0.175,0,0,0.176,-18.175,3.066,-4.387,0.613,0.991,2,14,0,0.342,0,0,0.129,-15.386,6.220,-4.581,0.419,0.984,2,14,0,0.176,0,0,0.132,-20.987,5.966,-3.957,1.043,1.047,2,14,0,0.178,0,0,0.215,2.812,0.460,0,0,0.342,-17.955,6.059,-0.606,-0.796
1183.0,-18.763,5.259,-4.971,0.029,1.010,2,14,0,0.198,0,0,0.065,-18.719,8.293,-4.251,0.749,1.027,2,14,0,0.258,0,0,0.126,-18.747,2.232,-4.429,0.571,1.005,2,14,0,0.241,0,0,0.131,-15.880,5.423,-4.583,0.417,0.980,2,14,0,0.180,0,0,0.067,-21.547,5.080,-3.977,1.023,1.021,2,14,0,0.177,0,0,0.203,2.914,0.406,0,0,0.258,-18.520,5.235,-0.523,-0.852
1184.0,-19.295,4.409,-5.021,-0.021,1.026,2,14,0,0.186,0,0,0.123,-19.198,7.371,-4.216,0.784,1.007,2,14,0,0.176,0,0,0.138,-19.256,1.355,-4.478,0.522,1.002,2,14,0,0.276,0,0,0.163,-16.330,4.561,-4.467,0.533,1.011,2,14,0,0.178,0,0,0.053,-21.921,4.134,-3.967,1.033,1.000,2,14,0,0.186,0,0,0.126,2.843,0.387,0,0,0.276,-19.000,4.358,-0.436,-0.900
1185.0,-19.708,3.530,-5.021,-0.021,1.021,2,14,0,0.214,0,0,0.165,-19.513,6.464,-4.199,0.801,0.973,2,14,0,0.175,0,0,0.071,-19.610,0.469,-4.469,0.531,1.000,2,14,0,0.544,0,0,0.136,-16.753,3.628,-4.442,0.558,1.039,2,14,0,0.180,0,0,0.069,-22.256,3.234,-4.012,0.988,0.979,2,14,0,0.252,0,0,0.072,2.756,0.409,0,0,0.544,-19.391,3.438,-0.344,-0.939
1186.0,-19.983,2.567,-4.990,0.010,1.044,2,14,0,0.185,0,0,0.144,-19.831,5.589,-4.277,0.723,0.967,2,14,0,0.194,0,0,0.074,-19.837,-0.536,-4.366,0.634,1.025,2,14,0,0.180,0,0,0.055,-17.046,2.663,-4.486,0.514,1.046,2,14,0,0.179,0,0,0.063,-22.613,2.336,-3.974,1.026,0.982,2,14,0,0.208,0,0,0.103,2.829,0.402,0,0,0.208,-19.687,2.483,-0.248,-0.969
1187.0,-20.193,1.569,-4.993,0.007,1.060,2,14,0,0.188,0,0,0.139,-20.049,4.606,-4.314,0.686,1.016,2,14,0,0.231,0,0,0.090,-20.029,-1.539,-4.417,0.583,1.034,2,14,0,0.176,0,0,0.047,-17.322,1.693,-4.505,0.495,1.043,2,14,0,0.180,0,0,0.135,-22.869,1.441,-3.950,1.050,0.999,2,14,0,0.174,0,0,0.180,2.875,0.475,0,0,0.231,-19.886,1.504,-0.150,-0.989
1188.0,-20.305,0.493,-5.057,-0.057,1.081,2,14,0,0.188,0,0,0.139,-20.190,3.594,-4.323,0.677,1.036,2,14,0,0.170,0,0,0.127,-20.210,-2.513,-4.442,0.558,1.018,2,14,0,0.172,0,0,0.126,-17.477,0.671,-4.522,0.478,1.046,2,14,0,0.176,0,0,0.187,-22.900,0.477,-3.956,1.044,1.034,2,14,0,0.204,0,0,0.145,2.819,0.516,0,0,0.204,-19.987,0.509,-0.051,-0.999
1189.0,-20.299,-0.554,-4.987,0.013,1.053,2,14,0,0.187,0,0,0.146,-20.224,2.557,-4.274,0.726,1.036,2,14,0,0.175,0,0,0.162,-20.188,-3.478,-4.503,0.497,1.025,2,14,0,0.180,0,0,0.110,-17.561,-0.408,-4.577,0.423,1.045,2,14,0,0.226,0,0,0.278,-22.851,-0.518,-3.939,1.061,1.081,2,14,0,0.176,0,0,0.133,2.760,0.579,0,0,0.226,-19.988,-0.491,0.049,-0.999
1190.0,-20.203,-1.607,-4.984,0.016,1.029,2,14,0,0.193,0,0,0.184,-19.999,1.538,-4.323,0.677,1.039,2,14,0,0.176,0,0,0.065,-20.159,-4.517,-4.426,0.574,1.059,2,14,0,0.172,0,0,0.171,-17.487,-1.386,-4.517,0.483,1.027,2,14,0,0.182,0,0,0.301,-22.774,-1.672,-3.938,1.062,1.119,2,14,0,0.173,0,0,0.074,2.765,0.606,0,0,0.193,-19.889,-1.485,0.149,-0.989
1191.0,-19.949,-2.614,-5.047,-0.047,0.996,2,14,0,0.191,0,0,0.172,-19.774,0.567,-4.313,0.687,1.027,2,14,0,0.214,0,0,0.046,-19.953,-5.605,-4.449,0.551,1.065,2,14,0,0.200,0,0,0.199,-17.181,-2.380,-4.473,0.527,1.052,2,14,0,0.180,0,0,0.203,-22.705,-2.753,-3.997,1.003,1.074,2,14,0,0.179,0,0,0.238,2.836,0.497,0,0,0.214,-19.691,-2.465,0.247,-0.969
1192.0,-19.680,-3.522,-5.008,-0.008,0.964,2,14,0,0.203,0,0,0.148,-19.525,-0.398,-4.272,0.728,1.021,2,14,0,0.201,0,0,0.073,-19.564,-6.605,-4.431,0.569,1.038,2,14,0,0.180,0,0,0.173,-16.775,-3.332,-4.544,0.456,1.056,2,14,0,0.187,0,0,0.104,-22.357,-3.694,-3.940,1.060,1.019,2,14,0,0.220,0,0,0.188,2.888,0.388,0,0,0.220,-19.397,-3.420,0.342,-0.940
1193.0,-19.270,-4.392,-5.047,-0.047,0.977,2,14,0,0.187,0,0,0.098,-19.219,-1.297,-4.292,0.708,1.012,2,14,0,0.173,0,0,0.138,-19.093,-7.541,-4.449,0.551,1.001,2,14,0,0.181,0,0,0.174,-16.227,-4.272,-4.544,0.456,1.045,2,14,0,0.178,0,0,0.121,-21.939,-4.640,-3.978,1.022,1.018,2,14,0,0.192,0,0,0.183,2.886,0.306,0,0,0.192,-19.009,-4.341,0.434,-0.901
1194.0,-18.787,-5.244,-5.038,-0.038,0.994,2,14,0,0.187,0,0,0.083,-18.749,-2.145,-4.265,0.735,1.041,2,14,0,0.223,0,0,0.141,-18.672,-8.371,-4.475,0.525,0.956,2,14,0,0.149,0,0,0.138,-15.699,-5.180,-4.515,0.485,0.996,2,14,0,0.150,0,0,0.182,-21.452,-5.574,-3.961,1.039,1.008,2,14,0,0.373,0,0,0.232,2.893,0.363,0,0,0.373,-18.530,-5.219,0.522,-0.853
1195.0,-18.283,-6.120,-4.983,0.017,1.036,2,14,0,0.190,0,0,0.159,-18.201,-3.033,-4.285,0.715,1.063,2,14,0,0.247,0,0,0.168,-18.176,-9.147,-4.424,0.576,0.957,2,14,0,0.184,0,0,0.133,-15.236,-5.953,-4.531,0.469,0.936,2,14,0,0.176,0,0,0.076,-20.772,-6.321,-4.002,0.998,0.973,2,14,0,0.175,0,0,0.132,2.683,0.338,0,0,0.247,-17.966,-6.044,0.604,-0.797
1196.0,-17.578,-6.885,-5.024,-0.024,1.058,2,14,0,0.186,0,0,0.108,-17.550,-3.855,-4.282,0.718,1.081,2,14,0,0.141,0,0,0.192,-17.553,-9.845,-4.430,0.570,0.992,2,14,0,0.197,0,0,0.124,-14.703,-6.698,-4.515,0.485,0.946,2,14,0,0.174,0,0,0.087,-20.135,-7.032,-3.952,1.048,0.949,2,14,0,0.182,0,0,0.077,2.777,0.396,0,0,0.197,-17.323,-6.810,0.681,-0.732
1197.0,-16.856,-7.646,-5.024,-0.024,1.053,2,14,0,0.188,0,0,0.157,-16.808,-4.600,-4.258,0.742,1.064,2,14,0,0.265,0,0,0.210,-16.826,-10.548,-4.499,0.501,1.041,2,14,0,0.178,0,0,0.120,-14.039,-7.406,-4.493,0.507,0.992,2,14,0,0.173,0,0,0.139,-19.444,-7.702,-3.977,1.023,0.964,2,14,0,0.175,0,0,0.052,2.793,0.444,0,0,0.265,-16.607,-7.507,0.751,-0.661
1198.0,-16.009,-8.258,-4.975,0.025,1.032,2,14,0,0.194,0,0,0.131,-15.982,-5.174,-4.291,0.709,1.051,2,14,0,0.179,0,0,0.144,-16.045,-11.214,-4.444,0.556,1.075,2,14,0,0.148,0,0,0.135,-13.268,-8.112,-4.526,0.474,1.047,2,14,0,0.179,0,0,0.197,-18.752,-8.392,-3.947,1.053,0.992,2,14,0,0.222,0,0,0.157,2.781,0.444,0,0,0.222,-15.824,-8.129,0.813,-0.582
1199.0,-15.131,-8.741,-5.008,-0.008,1.013,2,14,0,0.161,0,0,0.077,-15.069,-5.697,-4.174,0.826,1.048,2,14,0,0.173,0,0,0.105,-15.091,-11.888,-4.445,0.555,1.096,2,14,0,0.177,0,0,0.188,-12.338,-8.668,-4.476,0.524,1.053,2,14,0,0.190,0,0,0.161,-17.969,-9.019,-4.001,0.999,1.020,2,14,0,0.185,0,0,0.260,2.845,0.354,0,0,0.190,-14.984,-8.670,0.867,-0.498
1200.0,-14.244,-9.197,-4.950,0.050,0.992,2,14,0,0.187,0,0,0.079,-14.130,-6.142,-4.296,0.704,1.032,2,14,0,0.479,0,0,0.104,-14.210,-12.433,-4.445,0.555,1.044,2,14,0,0.179,0,0,0.281,-11.427,-9.084,-4.501,0.499,1.050,2,14,0,0.175,0,0,0.121,-17.080,-9.449,-3.969,1.031,1.054,2,14,0,0.184,0,0,0.243,2.854,0.336,0,0,0.479,-14.093,-9.124,0.912,-0.409
1201.0,-13.301,-9.587,-4.961,0.039,0.985,2,14,0,0.182,0,0,0.108,-13.199,-6.544,-4.315,0.685,1.011,2,14,0,0.169,0,0,0.138,-13.267,-12.715,-4.483,0.517,1.005,2,14,0,0.171,0,0,0.202,-10.470,-9.419,-4.492,0.508,1.032,2,14,0,0.177,0,0,0.086,-16.099,-9.801,-4.021,0.979,1.090,2,14,0,0.179,0,0,0.203,2.874,0.320,0,0,0.182,-13.162,-9.487,0.949,-0.316
1202.0,-12.450,-9.924,-4.998,0.002,0.978,2,14,0,0.185,0,0,0.188,-12.218,-6.858,-4.278,0.722,0.981,2,14,0,0.173,0,0,0.188,-12.270,-12.888,-4.477,0.523,1.014,2,14,0,0.175,0,0,0.110,-9.576,-9.721,-4.567,0.433,1.025,2,14,0,0.181,0,0,0.142,-15.023,-9.986,-3.988,1.012,1.112,2,14,0,0.183,0,0,0.085,2.765,0.378,0,0,0.185,-12.199,-9.755,0.976,-0.220
1203.0,-11.503,-10.130,-4.988,0.012,1.031,2,14,0,0.193,0,0,0.235,-11.271,-6.985,-4.302,0.698,0.977,2,14,0,0.167,0,0,0.136,-11.302,-13.025,-4.424,0.576,1.011,2,14,0,0.176,0,0,0.071,-8.563,-9.893,-4.517,0.483,1.055,2,14,0,0.246,0,0,0.130,-13.931,-10.087,-3.913,1.087,1.084,2,14,0,0.197,0,0,0.099,2.656,0.353,0,0,0.246,-11.214,-9.926,0.993,-0.121
1204.0,-10.479,-10.164,-5.029,-0.029,1.083,2,14,0,0.191,0,0,0.190,-10.238,-7.051,-4.312,0.688,1.000,2,14,0,0.201,0,0,0.140,-10.259,-13.093,-4.393,0.607,1.023,2,14,0,0.176,0,0,0.088,-7.530,-9.984,-4.478,0.522,1.067,2,14,0,0.184,0,0,0.141,-12.876,-10.156,-3.986,1.014,1.019,2,14,0,0.178,0,0,0.157,2.614,0.376,0,0,0.201,-10.217,-9.998,1.000,-0.022
1205.0,-9.363,-10.073,-5.009,-0.009,1.107,2,14,0,0.187,0,0,0.113,-9.188,-7.004,-4.277,0.723,1.007,2,14,0,0.173,0,0,0.156,-9.241,-13.080,-4.478,0.522,1.007,2,14,0,0.251,0,0,0.117,-6.432,-9.942,-4.517,0.483,1.075,2,14,0,0.198,0,0,0.157,-11.884,-10.115,-3.953,1.047,0.970,2,14,0,0.174,0,0,0.157,2.734,0.364,0,0,0.251,-9.218,-9.969,0.997,0.078
1206.0,-8.281,-9.932,-5.017,-0.017,1.087,2,14,0,0.191,0,0,0.158,-8.281,-6.841,-4.321,0.679,0.974,2,14,0,0.172,0,0,0.077,-8.218,-12.989,-4.471,0.529,0.993,2,14,0,0.186,0,0,0.161,-5.373,-9.815,-4.470,0.530,1.028,2,14,0,0.220,0,0,0.200,-10.943,-10.068,-3.954,1.046,0.930,2,14,0,0.176,0,0,0.134,2.868,0.363,0,0,0.220,-8.227,-9.842,0.984,0.177
1207.0,-7.209,-9.719,-5.020,-0.020,1.026,2,14,0,0.188,0,0,0.244,-7.374,-6.582,-4.283,0.717,1.003,2,14,0,0.173,0,0,0.058,-7.254,-12.773,-4.475,0.525,0.974,2,14,0,0.149,0,0,0.165,-4.441,-9.546,-4.493,0.507,0.987,2,14,0,0.189,0,0,0.146,-9.994,-9.972,-3.939,1.061,0.947,2,14,0,0.178,0,0,0.226,2.823,0.441,0,0,0.189,-7.253,-9.615,0.962,0.275
1208.0,-6.327,-9.399,-5.002,-0.002,0.956,2,14,0,0.219,0,0,0.192,-6.397,-6.244,-4.275,0.725,1.039,2,14,0,0.207,0,0,0.025,-6.406,-12.436,-4.404,0.596,0.979,2,14,0,0.191,0,0,0.109,-3.485,-9.151,-4.494,0.506,0.972,2,14,0,0.183,0,0,0.123,-9.077,-9.709,-3.936,1.064,0.981,2,14,0,0.179,0,0,0.276,2.898,0.475,0,0,0.219,-6.307,-9.293,0.929,0.369
1209.0,-5.469,-8.954,-5.003,-0.003,0.969,2,14,0,0.188,0,0,0.137,-5.410,-5.901,-4.320,0.680,1.041,2,14,0,0.210,0,0,0.113,-5.548,-12.001,-4.438,0.562,1.014,2,14,0,0.184,0,0,0.103,-2.699,-8.830,-4.542,0.458,0.946,2,14,0,0.177,0,0,0.104,-8.183,-9.271,-3.967,1.033,1.041,2,14,0,0.175,0,0,0.251,2.811,0.448,0,0,0.210,-5.398,-8.878,0.888,0.460
1210.0,-4.631,-8.414,-5.013,-0.013,0.982,2,14,0,0.188,0,0,0.095,-4.532,-5.468,-4.312,0.688,1.025,2,14,0,0.217,0,0,0.185,-4.590,-11.449,-4.413,0.587,1.070,2,14,0,0.236,0,0,0.062,-1.844,-8.383,-4.560,0.440,1.003,2,14,0,0.227,0,0,0.162,-7.373,-8.684,-3.929,1.071,1.075,2,14,0,0.177,0,0,0.165,2.824,0.349,0,0,0.236,-4.534,-8.374,0.837,0.547
1211.0,-3.849,-7.788,-5.010,-0.010,0.984,2,14,0,0.187,0,0,0.057,-3.640,-4.863,-4.297,0.703,1.052,2,14,0,0.169,0,0,0.221,-3.709,-10.927,-4.514,0.486,1.039,2,14,0,0.246,0,0,0.157,-0.945,-7.777,-4.517,0.483,1.060,2,14,0,0.171,0,0,0.167,-6.534,-7.949,-3.956,1.044,1.123,2,14,0,0.174,0,0,0.022,2.889,0.251,0,0,0.246,-3.725,-7.787,0.779,0.627
1212.0,-3.106,-7.133,-4.960,0.040,1.000,2,14,0,0.191,0,0,0.053,-2.850,-4.153,-4.311,0.689,1.046,2,14,0,0.171,0,0,0.232,-2.897,-10.335,-4.458,0.542,1.029,2,14,0,0.197,0,0,0.257,-0.073,-7.036,-4.531,0.469,1.064,2,14,0,0.179,0,0,0.221,-5.696,-7.202,-3.925,1.075,1.093,2,14,0,0.207,0,0,0.125,2.789,0.295,0,0,0.207,-2.979,-7.121,0.712,0.702
1213.0,-2.429,-6.440,-5.019,-0.019,0.998,2,14,0,0.194,0,0,0.082,-2.209,-3.370,-4.289,0.711,1.021,2,14,0,0.174,0,0,0.183,-2.205,-9.506,-4.498,0.502,1.042,2,14,0,0.224,0,0,0.221,0.596,-6.252,-4.489,0.511,1.017,2,14,0,0.524,0,0,0.207,-4.961,-6.405,-3.983,1.017,1.026,2,14,0,0.184,0,0,0.208,2.735,0.344,0,0,0.524,-2.304,-6.385,0.638,0.770
1214.0,-1.799,-5.707,-4.998,0.002,1.025,2,14,0,0.281,0,0,0.157,-1.697,-2.485,-4.285,0.715,1.012,2,14,0,0.172,0,0,0.091,-1.673,-8.650,-4.487,0.513,1.036,2,14,0,0.180,0,0,0.139,1.192,-5.439,-4.470,0.530,0.999,2,14,0,0.175,0,0,0.201,-4.371,-5.625,-3.977,1.023,0.948,2,14,0,0.179,0,0,0.189,2.769,0.336,0,0,0.281,-1.705,-5.585,0.558,0.830
1215.0,-1.256,-4.799,-4.992,0.008,1.066,2,14,0,0.208,0,0,0.136,-1.161,-1.638,-4.318,0.682,0.997,2,14,0,0.177,0,0,0.108,-1.142,-7.746,-4.456,0.544,1.022,2,14,0,0.177,0,0,0.147,1.614,-4.563,-4.511,0.489,0.983,2,14,0,0.179,0,0,0.110,-3.907,-4.881,-3.906,1.094,0.917,2,14,0,0.210,0,0,0.106,2.865,0.321,0,0,0.210,-1.189,-4.728,0.473,0.881
1216.0,-0.761,-3.844,-5.030,-0.030,1.064,2,14,0,0.231,0,0,0.182,-0.702,-0.706,-4.260,0.740,0.995,2,14,0,0.176,0,0,0.144,-0.787,-6.822,-4.440,0.560,1.007,2,14,0,0.201,0,0,0.082,1.929,-3.675,-4.532,0.468,0.984,2,14,0,0.181,0,0,0.005,-3.464,-4.124,-3.926,1.074,0.954,2,14,0,0.180,0,0,0.198,2.741,0.421,0,0,0.231,-0.761,-3.825,0.383,0.924
1217.0,-0.521,-2.830,-4.971,0.029,1.043,2,14,0,0.191,0,0,0.093,-0.351,0.218,-4.301,0.699,0.973,2,14,0,0.171,0,0,0.156,-0.484,-5.878,-4.479,0.521,0.996,2,14,0,0.178,0,0,0.063,2.250,-2.726,-4.589,0.411,1.017,2,14,0,0.180,0,0,0.021,-3.085,-3.186,-3.975,1.025,1.035,2,14,0,0.300,0,0,0.227,2.773,0.455,0,0,0.300,-0.425,-2.884,0.288,0.958
1218.0,-0.304,-1.858,-5.041,-0.041,1.010,2,14,0,0.222,0,0,0.073,-0.174,1.144,-4.205,0.795,0.973,2,14,0,0.203,0,0,0.089,-0.246,-4.949,-4.459,0.541,0.985,2,14,0,0.176,0,0,0.039,2.544,-1.715,-4.487,0.513,1.028,2,14,0,0.185,0,0,0.057,-2.837,-2.240,-3.927,1.073,1.080,2,14,0,0.218,0,0,0.249,2.793,0.477,0,0,0.222,-0.185,-1.913,0.191,0.982
1219.0,-0.175,-0.886,-4.984,0.016,0.995,2,14,0,0.473,0,0,0.059,-0.022,2.157,-4.257,0.743,1.015,2,14,0,0.174,0,0,0.097,0.020,-3.993,-4.395,0.605,1.000,2,14,0,0.177,0,0,0.162,2.808,-0.767,-4.466,0.534,1.012,2,14,0,0.176,0,0,0.153,-2.776,-1.108,-3.961,1.039,1.136,2,14,0,0.177,0,0,0.098,2.805,0.324,0,0,0.473,-0.043,-0.924,0.092,0.996
1220.0,-0.068,0.084,-4.997,0.003,0.988,2,14,0,0.189,0,0,0.113,0.079,3.155,-4.295,0.705,1.019,2,14,0,0.264,0,0,0.154,0.176,-2.992,-4.513,0.487,1.026,2,14,0,0.173,0,0,0.276,2.875,0.173,-4.493,0.507,1.003,2,14,0,0.176,0,0,0.187,-2.777,-0.002,-3.951,1.049,1.112,2,14,0,0.184,0,0,0.083,2.905,0.237,0,0,0.264,-0.000,0.075,-0.007,1.000
1221.0,-0.044,1.086,-5.023,-0.023,1.008,2,14,0,0.193,0,0,0.194,0.069,4.124,-4.273,0.727,1.014,2,14,0,0.169,0,0,0.202,0.056,-1.931,-4.459,0.541,1.059,2,14,0,0.194,0,0,0.214,2.789,1.176,-4.499,0.501,1.039,2,14,0,0.182,0,0,0.154,-2.776,1.063,-3.980,1.020,1.046,2,14,0,0.177,0,0,0.165,2.883,0.282,0,0,0.194,-0.058,1.073,-0.107,0.994
1222.0,-0.135,2.061,-5.001,-0.001,1.032,2,14,0,0.188,0,0,0.260,-0.092,5.109,-4.291,0.709,1.057,2,14,0,0.174,0,0,0.199,-0.123,-0.874,-4.404,0.596,1.062,2,14,0,0.176,0,0,0.215,2.727,2.209,-4.584,0.416,1.080,2,14,0,0.182,0,0,0.242,-2.820,2.040,-4.001,0.999,1.007,2,14,0,0.186,0,0,0.248,2.865,0.395,0,0,0.188,-0.214,2.060,-0.206,0.979
1223.0,-0.443,3.101,-5.042,-0.042,1.067,2,14,0,0.198,0,0,0.219,-0.423,6.138,-4.309,0.691,1.088,2,14,0,0.146,0,0,0.128,-0.439,0.050,-4.460,0.540,1.035,2,14,0,0.176,0,0,0.140,2.477,3.238,-4.528,0.472,1.082,2,14,0,0.208,0,0,0.254,-3.031,3.030,-3.958,1.042,1.002,2,14,0,0.212,0,0,0.301,2.807,0.438,0,0,0.212,-0.469,3.027,-0.303,0.953
1224.0,-0.839,4.095,-4.949,0.051,1.062,2,14,0,0.223,0,0,0.202,-0.736,7.145,-4.284,0.716,1.060,2,14,0,0.216,0,0,0.194,-0.835,1.012,-4.437,0.563,1.036,2,14,0,0.181,0,0,0.118,2.026,4.286,-4.543,0.457,1.102,2,14,0,0.179,0,0,0.225,-3.432,3.921,-3.904,1.096,1.002,2,14,0,0.173,0,0,0.235,2.800,0.389,0,0,0.223,-0.819,3.963,-0.396,0.918
1225.0,-1.316,5.067,-4.982,0.018,1.045,2,14,0,0.191,0,0,0.238,-1.214,8.064,-4.325,0.675,1.048,2,14,0,0.176,0,0,0.180,-1.255,1.945,-4.456,0.544,1.018,2,14,0,0.198,0,0,0.155,1.483,5.208,-4.501,0.499,1.044,2,14,0,0.175,0,0,0.203,-4.047,4.764,-3.903,1.097,1.021,2,14,0,0.151,0,0,0.061,2.844,0.433,0,0,0.198,-1.260,4.860,-0.486,0.874
1226.0,-1.916,5.860,-5.045,-0.045,1.014,2,14,0,0.220,0,0,0.156,-1.860,8.933,-4.303,0.697,1.046,2,14,0,0.176,0,0,0.154,-1.760,2.818,-4.414,0.586,1.019,2,14,0,0.189,0,0,0.191,0.847,6.003,-4.462,0.538,0.991,2,14,0,0.181,0,0,0.159,-4.613,5.598,-3.965,1.035,1.047,2,14,0,0.179,0,0,0.036,2.828,0.468,0,0,0.220,-1.789,5.708,-0.571,0.821
1227.0,-2.628,6.632,-4.983,0.017,1.019,2,14,0,0.226,0,0,0.128,-2.479,9.767,-4.237,0.763,1.002,2,14,0,0.201,0,0,0.191,-2.483,3.581,-4.418,0.582,1.028,2,14,0,0.177,0,0,0.115,0.245,6.698,-4.528,0.472,0.961,2,14,0,0.179,0,0,0.073,-5.223,6.452,-3.972,1.028,1.045,2,14,0,0.175,0,0,0.092,2.791,0.407,0,0,0.226,-2.400,6.499,-0.650,0.760
1228.0,-3.428,7.345,-5.008,-0.008,0.989,2,14,0,0.197,0,0,0.189,-3.174,10.466,-4.292,0.708,0.983,2,14,0,0.207,0,0,0.170,-3.207,4.320,-4.511,0.489,1.018,2,14,0,0.176,0,0,0.136,-0.364,7.367,-4.503,0.497,0.960,2,14,0,0.149,0,0,0.024,-5.868,7.183,-4.032,0.968,1.011,2,14,0,0.195,0,0,0.111,2.632,0.362,0,0,0.207,-3.087,7.225,-0.723,0.691
1229.0,-4.215,7.949,-5.006,-0.006,0.923,2,14,0,0.187,0,0,0.195,-3.914,11.080,-4.296,0.704,0.963,2,14,0,0.182,0,0,0.128,-3.956,4.945,-4.469,0.531,0.986,2,14,0,0.210,0,0,0.098,-1.013,8.008,-4.526,0.474,1.011,2,14,0,0.174,0,0,0.138,-6.620,7.912,-3.997,1.003,1.020,2,14,0,0.213,0,0,0.183,2.609,0.379,0,0,0.213,-3.843,7.880,-0.788,0.616
1230.0,-4.944,8.472,-4.964,0.036,0.893,2,14,0,0.208,0,0,0.103,-4.754,11.615,-4.345,0.655,0.982,2,14,0,0.183,0,0,0.091,-4.779,5.548,-4.499,0.501,0.993,2,14,0,0.175,0,0,0.127,-1.836,8.684,-4.526,0.474,1.089,2,14,0,0.186,0,0,0.145,-7.460,8.452,-3.949,1.051,1.007,2,14,0,0.180,0,0,0.144,2.714,0.289,0,0,0.208,-4.660,8.455,-0.845,0.534
1231.0,-5.626,9.004,-4.969,0.031,0.912,2,14,0,0.190,0,0,0.104,-5.604,12.081,-4.275,0.725,0.971,2,14,0,0.171,0,0,0.064,-5.604,6.030,-4.500,0.500,0.982,2,14,0,0.176,0,0,0.120,-2.785,9.266,-4.610,0.390,1.099,2,14,0,0.188,0,0,0.172,-8.338,8.888,-3.931,1.069,1.007,2,14,0,0.176,0,0,0.089,2.875,0.409,0,0,0.190,-5.531,8.946,-0.895,0.447
1232.0,-6.381,9.519,-4.962,0.038,0.975,2,14,0,0.192,0,0,0.300,-6.408,12.471,-4.229,0.771,0.987,2,14,0,0.174,0,0,0.121,-6.471,6.442,-4.460,0.540,0.991,2,14,0,0.178,0,0,0.143,-3.749,9.706,-4.507,0.493,1.056,2,14,0,0.178,0,0,0.204,-9.229,9.278,-3.941,1.059,1.007,2,14,0,0.177,0,0,0.086,2.678,0.470,0,0,0.192,-6.446,9.347,-0.935,0.355
1233.0,-7.292,9.877,-4.987,0.013,1.073,2,14,0,0.209,0,0,0.359,-7.349,12.748,-4.263,0.737,1.043,2,14,0,0.204,0,0,0.122,-7.419,6.743,-4.484,0.516,1.023,2,14,0,0.181,0,0,0.139,-4.790,10.045,-4.515,0.485,1.036,2,14,0,0.183,0,0,0.253,-10.180,9.634,-3.909,1.091,1.021,2,14,0,0.321,0,0,0.131,2.552,0.553,0,0,0.321,-7.397,9.655,-0.966,0.260
1234.0,-8.496,10.098,-4.991,0.009,1.171,2,14,0,0.231,0,0,0.233,-8.423,13.032,-4.255,0.745,1.098,2,14,0,0.205,0,0,0.094,-8.471,6.899,-4.432,0.568,1.062,2,14,0,0.149,0,0,0.063,-5.830,10.264,-4.525,0.475,0.988,2,14,0,0.220,0,0,0.290,-11.188,9.868,-3.970,1.030,1.025,2,14,0,0.179,0,0,0.146,2.712,0.604,0,0,0.231,-8.374,9.867,-0.987,0.163
1235.0,-9.596,10.183,-4.971,0.029,1.136,2,14,0,0.189,0,0,0.204,-9.473,13.234,-4.255,0.745,1.082,2,14,0,0.170,0,0,0.182,-9.527,7.010,-4.403,0.597,1.051,2,14,0,0.176,0,0,0.089,-6.733,10.273,-4.540,0.460,0.935,2,14,0,0.211,0,0,0.156,-12.201,9.965,-3.952,1.048,1.037,2,14,0,0.372,0,0,0.131,2.806,0.469,0,0,0.372,-9.367,9.980,-0.998,0.063
1236.0,-10.728,10.097,-5.034,-0.034,1.100,2,14,0,0.264,0,0,0.205,-10.488,13.270,-4.261,0.739,1.059,2,14,0,0.185,0,0,0.208,-10.545,7.092,-4.425,0.575,1.027,2,14,0,0.224,0,0,0.152,-7.686,10.208,-4.482,0.518,0.969,2,14,0,0.186,0,0,0.064,-13.255,9.949,-3.954,1.046,1.044,2,14,0,0.179,0,0,0.121,2.753,0.385,0,0,0.264,-10.367,9.993,-0.999,-0.037
1237.0,-11.738,9.982,-5.004,-0.004,1.008,2,14,0,0.197,0,0,0.206,-11.550,13.242,-4.225,0.775,1.034,2,14,0,0.206,0,0,0.286,-11.542,7.006,-4.427,0.573,0.999,2,14,0,0.189,0,0,0.155,-8.667,10.119,-4.533,0.467,0.995,2,14,0,0.188,0,0,0.058,-14.310,9.883,-3.927,1.073,1.020,2,14,0,0.178,0,0,0.174,2.790,0.384,0,0,0.206,-11.363,9.907,-0.991,-0.136
1238.0,-12.663,9.790,-5.022,-0.022,0.957,2,14,0,0.189,0,0,0.147,-12.561,13.005,-4.274,0.726,1.034,2,14,0,0.203,0,0,0.254,-12.484,6.849,-4.429,0.571,1.004,2,14,0,0.173,0,0,0.163,-9.630,9.895,-4.509,0.491,1.018,2,14,0,0.179,0,0,0.023,-15.212,9.659,-3.946,1.054,0.995,2,14,0,0.182,0,0,0.094,2.770,0.357,0,0,0.203,-12.345,9.721,-0.972,-0.234
1239.0,-13.529,9.552,-5.011,-0.011,0.962,2,14,0,0.186,0,0,0.117,-13.513,12.593,-4.314,0.686,1.019,2,14,0,0.205,0,0,0.160,-13.502,6.541,-4.444,0.556,1.023,2,14,0,0.424,0,0,0.170,-10.597,9.635,-4.515,0.485,1.036,2,14,0,0.178,0,0,0.039,-16.160,9.369,-3.952,1.048,1.012,2,14,0,0.177,0,0,0.083,2.842,0.353,0,0,0.424,-13.304,9.439,-0.944,-0.330
1240.0,-14.426,9.211,-4.963,0.037,0.998,2,14,0,0.190,0,0,0.148,-14.426,12.059,-4.267,0.733,0.996,2,14,0,0.171,0,0,0.140,-14.419,6.137,-4.428,0.572,1.008,2,14,0,0.307,0,0,0.143,-11.568,9.373,-4.485,0.515,1.048,2,14,0,0.174,0,0,0.159,-17.114,9.035,-3.987,1.013,1.025,2,14,0,0.178,0,0,0.134,2.865,0.460,0,0,0.307,-14.229,9.062,-0.906,-0.423
1241.0,-15.340,8.741,-5.024,-0.024,1.030,2,14,0,0.186,0,0,0.151,-15.249,11.667,-4.349,0.651,0.958,2,14,0,0.177,0,0,0.064,-15.276,5.685,-4.448,0.552,1.000,2,14,0,0.167,0,0,0.137,-12.485,8.984,-4.551,0.449,1.052,2,14,0,0.177,0,0,0.243,-18.085,8.617,-4.021,0.979,1.033,2,14,0,0.171,0,0,0.225,2.904,0.539,0,0,0.186,-15.113,8.594,-0.859,-0.511
1242.0,-16.154,8.150,-4.994,0.006,1.058,2,14,0,0.163,0,0,0.112,-16.037,11.193,-4.313,0.687,0.965,2,14,0,0.174,0,0,0.078,-16.084,5.059,-4.443,0.557,1.028,2,14,0,0.174,0,0,0.066,-13.378,8.462,-4.502,0.498,1.073,2,14,0,0.183,0,0,0.296,-18.925,8.011,-3.933,1.067,1.017,2,14,0,0.173,0,0,0.194,2.837,0.604,0,0,0.183,-15.945,8.041,-0.804,-0.595
1243.0,-16.998,7.453,-4.965,0.035,1.074,2,14,0,0.187,0,0,0.103,-16.808,10.579,-4.225,0.775,1.014,2,14,0,0.167,0,0,0.096,-16.869,4.410,-4.483,0.517,1.035,2,14,0,0.176,0,0,0.063,-14.214,7.723,-4.547,0.453,1.104,2,14,0,0.152,0,0,0.250,-19.634,7.321,-3.989,1.011,1.018,2,14,0,0.300,0,0,0.110,2.815,0.588,0,0,0.300,-16.718,7.407,-0.741,-0.672
1244.0,-17.728,6.655,-5.022,-0.022,1.052,2,14,0,0.195,0,0,0.125,-17.650,9.858,-4.237,0.763,1.050,2,14,0,0.172,0,0,0.172,-17.585,3.770,-4.498,0.502,1.025,2,14,0,0.181,0,0,0.117,-14.897,6.847,-4.554,0.446,1.073,2,14,0,0.181,0,0,0.171,-20.271,6.562,-3.996,1.004,1.014,2,14,0,0.173,0,0,0.025,2.744,0.496,0,0,0.195,-17.424,6.699,-0.670,-0.742
1245.0,-18.443,5.894,-5.016,-0.016,1.005,2,14,0,0.188,0,0,0.209,-18.297,9.077,-4.261,0.739,1.037,2,14,0,0.173,0,0,0.185,-18.263,2.975,-4.448,0.552,1.053,2,14,0,0.180,0,0,0.135,-15.419,5.928,-4.549,0.451,1.026,2,14,0,0.209,0,0,0.167,-20.935,5.784,-3.947,1.053,1.028,2,14,0,0.230,0,0,0.056,2.715,0.388,0,0,0.230,-18.056,5.925,-0.592,-0.806
1246.0,-19.021,5.154,-5.025,-0.025,0.958,2,14,0,0.190,0,0,0.240,-18.796,8.224,-4.286,0.714,1.027,2,14,0,0.170,0,0,0.128,-18.907,2.090,-4.399,0.601,1.059,2,14,0,0.176,0,0,0.205,-15.954,5.124,-4.529,0.471,0.973,2,14,0,0.172,0,0,0.133,-21.506,4.936,-3.920,1.080,1.027,2,14,0,0.175,0,0,0.071,2.728,0.419,0,0,0.190,-18.607,5.091,-0.509,-0.861
1247.0,-19.456,4.308,-5.004,-0.004,0.975,2,14,0,0.188,0,0,0.225,-19.285,7.304,-4.321,0.679,1.034,2,14,0,0.203,0,0,0.141,-19.360,1.159,-4.467,0.533,1.025,2,14,0,0.180,0,0,0.193,-16.471,4.316,-4.498,0.502,0.945,2,14,0,0.185,0,0,0.111,-22.035,4.058,-3.958,1.042,1.018,2,14,0,0.177,0,0,0.135,2.794,0.413,0,0,0.203,-19.072,4.206,-0.421,-0.907
1248.0,-19.711,3.351,-4.997,0.003,1.026,2,14,0,0.191,0,0,0.110,-19.626,6.363,-4.315,0.685,1.016,2,14,0,0.178,0,0,0.107,-19.670,0.213,-4.458,0.542,1.002,2,14,0,0.177,0,0,0.132,-16.859,3.514,-4.458,0.542,0.941,2,14,0,0.176,0,0,0.134,-22.444,3.185,-3.915,1.085,1.001,2,14,0,0.213,0,0,0.181,2.907,0.474,0,0,0.213,-19.447,3.279,-0.328,-0.945
1249.0,-19.910,2.317,-5.024,-0.024,1.054,2,14,0,0.196,0,0,0.001,-19.820,5.392,-4.279,0.721,1.021,2,14,0,0.170,0,0,0.018,-19.938,-0.733,-4.465,0.535,0.992,2,14,0,0.177,0,0,0.121,-17.181,2.581,-4.428,0.572,1.003,2,14,0,0.297,0,0,0.182,-22.714,2.237,-3.974,1.026,1.023,2,14,0,0.239,0,0,0.175,2.805,0.524,0,0,0.297,-19.727,2.320,-0.232,-0.973
1250.0,-20.111,1.335,-5.001,-0.001,1.041,2,14,0,0.189,0,0,0.018,-20.093,4.360,-4.299,0.701,1.033,2,14,0,0.176,0,0,0.117,-20.178,-1.695,-4.412,0.588,0.991,2,14,0,0.181,0,0,0.173,-17.398,1.571,-4.564,0.436,1.055,2,14,0,0.771,0,0,0.201,-22.873,1.182,-3.973,1.027,1.049,2,14,0,0.171,0,0,0.140,2.758,0.541,0,0,0.771,-19.910,1.337,-0.134,-0.991
1251.0,-20.261,0.310,-4.919,0.081,1.040,2,14,0,0.191,0,0,0.093,-20.318,3.342,-4.354,0.646,1.012,2,14,0,0.175,0,0,0.258,-20.254,-2.685,-4.426,0.574,1.004,2,14,0,0.177,0,0,0.164,-17.431,0.511,-4.526,0.474,1.077,2,14,0,0.178,0,0,0.135,-22.998,0.184,-3.966,1.034,1.041,2,14,0,0.415,0,0,0.181,2.865,0.469,0,0,0.415,-19.994,0.341,-0.034,-0.999
1252.0,-20.271,-0.673,-4.958,0.042,1.034,2,14,0,0.189,0,0,0.113,-20.268,2.317,-4.312,0.688,0.996,2,14,0,0.206,0,0,0.236,-20.155,-3.661,-4.435,0.565,1.024,2,14,0,0.177,0,0,0.080,-17.421,-0.568,-4.514,0.486,1.071,2,14,0,0.185,0,0,0.155,-23.003,-0.887,-3.970,1.030,1.048,2,14,0,0.178,0,0,0.218,2.886,0.452,0,0,0.206,-19.978,-0.658,0.066,-0.998
1253.0,-20.208,-1.672,-4.954,0.046,1.030,2,14,0,0.189,0,0,0.166,-20.126,1.400,-4.281,0.719,0.981,2,14,0,0.171,0,0,0.188,-20.007,-4.685,-4.424,0.576,1.049,2,14,0,0.180,0,0,0.047,-17.319,-1.604,-4.539,0.461,1.037,2,14,0,0.180,0,0,0.190,-22.879,-1.912,-3.944,1.056,1.026,2,14,0,0.177,0,0,0.225,2.866,0.459,0,0,0.189,-19.863,-1.651,0.165,-0.986
1254.0,-19.918,-2.677,-4.966,0.034,1.036,2,14,0,0.188,0,0,0.104,-19.876,0.426,-4.273,0.727,1.023,2,14,0,0.175,0,0,0.153,-19.763,-5.691,-4.475,0.525,1.044,2,14,0,0.182,0,0,0.038,-17.014,-2.512,-4.504,0.496,1.003,2,14,0,0.180,0,0,0.078,-22.548,-2.869,-3.907,1.093,1.005,2,14,0,0.328,0,0,0.123,2.842,0.383,0,0,0.328,-19.649,-2.628,0.263,-0.965
1255.0,-19.576,-3.645,-5.017,-0.017,1.030,2,14,0,0.228,0,0,0.092,-19.454,-0.560,-4.275,0.725,1.057,2,14,0,0.175,0,0,0.071,-19.431,-6.733,-4.454,0.546,1.039,2,14,0,0.149,0,0,0.128,-16.682,-3.432,-4.544,0.456,1.014,2,14,0,0.182,0,0,0.042,-22.149,-3.771,-3.990,1.010,1.002,2,14,0,0.174,0,0,0.050,2.773,0.373,0,0,0.228,-19.338,-3.578,0.358,-0.934
1256.0,-19.257,-4.550,-5.019,-0.019,1.020,2,14,0,0.192,0,0,0.155,-18.992,-1.513,-4.242,0.758,1.036,2,14,0,0.169,0,0,0.100,-19.044,-7.655,-4.501,0.499,0.985,2,14,0,0.177,0,0,0.136,-16.266,-4.451,-4.550,0.450,1.038,2,14,0,0.147,0,0,0.119,-21.712,-4.700,-3.924,1.076,1.000,2,14,0,0.179,0,0,0.077,2.692,0.334,0,0,0.192,-18.934,-4.492,0.449,-0.893
1257.0,-18.784,-5.504,-5.017,-0.017,1.050,2,14,0,0.194,0,0,0.219,-18.483,-2.368,-4.251,0.749,1.007,2,14,0,0.173,0,0,0.092,-18.668,-8.526,-4.438,0.562,0.963,2,14,0,0.198,0,0,0.185,-15.810,-5.404,-4.546,0.454,1.006,2,14,0,0.180,0,0,0.210,-21.265,-5.622,-4.021,0.979,0.983,2,14,0,0.175,0,0,0.115,2.676,0.371,0,0,0.198,-18.441,-5.362,0.536,-0.844
1258.0,-18.112,-6.353,-4.960,0.040,1.032,2,14,0,0.190,0,0,0.192,-17.967,-3.160,-4.252,0.748,0.984,2,14,0,0.170,0,0,0.065,-18.138,-9.342,-4.420,0.580,0.977,2,14,0,0.183,0,0,0.221,-15.195,-6.235,-4.551,0.449,0.971,2,14,0,0.206,0,0,0.218,-20.761,-6.420,-4.029,0.971,0.963,2,14,0,0.176,0,0,0.121,2.809,0.336,0,0,0.206,-17.864,-6.178,0.618,-0.786
1259.0,-17.457,-7.082,-4.980,0.020,1.004,2,14,0,0.219,0,0,0.166,-17.388,-3.916,-4.306,0.694,0.999,2,14,0,0.174,0,0,0.117,-17.495,-10.061,-4.546,0.454,1.003,2,14,0,0.179,0,0,0.211,-14.585,-6.885,-4.474,0.526,0.937,2,14,0,0.154,0,0,0.133,-20.220,-7.191,-3.994,1.006,0.983,2,14,0,0.175,0,0,0.221,2.922,0.381,0,0,0.219,-17.208,-6.932,0.693,-0.721
1260.0,-16.716,-7.744,-4.988,0.012,0.999,2,14,0,0.230,0,0,0.142,-16.780,-4.642,-4.342,0.658,1.025,2,14,0,0.173,0,0,0.243,-16.715,-10.700,-4.472,0.528,1.050,2,14,0,0.181,0,0,0.142,-13.849,-7.503,-4.502,0.498,0.975,2,14,0,0.178,0,0,0.078,-19.473,-7.897,-3.929,1.071,1.035,2,14,0,0.186,0,0,0.218,2.918,0.386,0,0,0.230,-16.480,-7.617,0.762,-0.648
1261.0,-15.820,-8.314,-5.058,-0.058,1.005,2,14,0,0.166,0,0,0.105,-15.907,-5.282,-4.253,0.747,1.077,2,14,0,0.206,0,0,0.197,-15.891,-11.289,-4.503,0.497,1.079,2,14,0,0.174,0,0,0.109,-13.045,-8.072,-4.473,0.527,1.017,2,14,0,0.183,0,0,0.053,-18.610,-8.524,-4.032,0.968,1.060,2,14,0,0.211,0,0,0.183,2.846,0.390,0,0,0.211,-15.687,-8.226,0.823,-0.569
1262.0,-14.961,-8.750,-5.009,-0.009,0.990,2,14,0,0.189,0,0,0.058,-14.935,-5.810,-4.278,0.722,1.081,2,14,0,0.173,0,0,0.135,-14.936,-11.838,-4.498,0.502,1.088,2,14,0,0.327,0,0,0.058,-12.255,-8.621,-4.507,0.493,1.028,2,14,0,0.179,0,0,0.113,-17.705,-9.064,-3.966,1.034,1.057,2,14,0,0.173,0,0,0.171,2.754,0.438,0,0,0.327,-14.837,-8.752,0.875,-0.484
1263.0,-14.094,-9.157,-5.027,-0.027,0.996,2,14,0,0.194,0,0,0.039,-13.925,-6.246,-4.282,0.718,1.060,2,14,0,0.176,0,0,0.160,-13.965,-12.289,-4.451,0.549,1.067,2,14,0,0.284,0,0,0.110,-11.350,-9.129,-4.505,0.495,1.081,2,14,0,0.186,0,0,0.139,-16.745,-9.483,-3.932,1.068,1.048,2,14,0,0.178,0,0,0.148,2.793,0.415,0,0,0.284,-13.939,-9.191,0.919,-0.394
1264.0,-13.207,-9.649,-5.048,-0.048,0.996,2,14,0,0.196,0,0,0.117,-12.985,-6.604,-4.295,0.705,0.996,2,14,0,0.174,0,0,0.169,-13.022,-12.658,-4.431,0.569,1.003,2,14,0,0.178,0,0,0.122,-10.419,-9.599,-4.484,0.516,1.099,2,14,0,0.189,0,0,0.243,-15.794,-9.704,-3.956,1.044,1.021,2,14,0,0.178,0,0,0.037,2.809,0.421,0,0,0.196,-13.002,-9.539,0.954,-0.300
1265.0,-12.318,-9.969,-4.941,0.059,1.000,2,14,0,0.187,0,0,0.211,-12.039,-6.899,-4.289,0.711,0.966,2,14,0,0.173,0,0,0.199,-12.119,-12.990,-4.455,0.545,0.977,2,14,0,0.177,0,0,0.171,-9.300,-9.863,-4.534,0.466,1.108,2,14,0,0.152,0,0,0.227,-14.799,-9.965,-3.918,1.082,1.032,2,14,0,0.180,0,0,0.066,2.683,0.335,0,0,0.187,-12.035,-9.791,0.979,-0.203
1266.0,-11.343,-10.130,-4.983,0.017,1.057,2,14,0,0.191,0,0,0.222,-11.105,-6.987,-4.274,0.726,0.951,2,14,0,0.338,0,0,0.119,-11.114,-13.152,-4.482,0.518,0.994,2,14,0,0.178,0,0,0.179,-8.204,-9.984,-4.564,0.436,1.057,2,14,0,0.189,0,0,0.245,-13.807,-10.147,-3.978,1.022,1.007,2,14,0,0.184,0,0,0.085,2.661,0.349,0,0,0.338,-11.047,-9.945,0.995,-0.105
1267.0,-10.216,-10.208,-5.011,-0.011,1.109,2,14,0,0.197,0,0,0.213,-10.160,-7.060,-4.300,0.700,0.983,2,14,0,0.175,0,0,0.137,-10.098,-13.245,-4.433,0.567,0.995,2,14,0,0.179,0,0,0.222,-7.234,-9.937,-4.495,0.505,0.977,2,14,0,0.172,0,0,0.155,-12.795,-10.253,-3.929,1.071,0.998,2,14,0,0.178,0,0,0.127,2.798,0.358,0,0,0.197,-10.049,-10.000,1.000,-0.005
1268.0,-9.093,-10.129,-5.037,-0.037,1.086,2,14,0,0.202,0,0,0.223,-9.116,-7.013,-4.288,0.712,1.036,2,14,0,0.171,0,0,0.134,-9.115,-13.139,-4.471,0.529,0.999,2,14,0,0.177,0,0,0.161,-6.311,-9.837,-4.537,0.463,0.966,2,14,0,0.209,0,0,0.059,-11.827,-10.305,-3.936,1.064,0.974,2,14,0,0.176,0,0,0.210,2.841,0.415,0,0,0.209,-9.051,-9.955,0.995,0.095
1269.0,-8.134,-9.945,-5.054,-0.054,1.033,2,14,0,0.189,0,0,0.173,-8.128,-6.802,-4.282,0.718,1.034,2,14,0,0.179,0,0,0.068,-8.216,-12.941,-4.457,0.543,1.016,2,14,0,0.209,0,0,0.108,-5.333,-9.718,-4.592,0.408,0.982,2,14,0,0.326,0,0,0.070,-10.826,-10.198,-4.000,1.000,1.001,2,14,0,0.180,0,0,0.249,2.848,0.453,0,0,0.326,-8.061,-9.810,0.981,0.194
1270.0,-7.118,-9.621,-5.001,-0.001,1.023,2,14,0,0.195,0,0,0.159,-7.171,-6.557,-4.264,0.736,1.037,2,14,0,0.281,0,0,0.061,-7.205,-12.683,-4.473,0.527,1.066,2,14,0,0.380,0,0,0.081,-4.384,-9.520,-4.562,0.438,0.992,2,14,0,0.178,0,0,0.106,-9.855,-9.884,-4.041,0.959,1.026,2,14,0,0.150,0,0,0.181,2.770,0.395,0,0,0.380,-7.092,-9.568,0.957,0.291
1271.0,-6.168,-9.275,-4.988,0.012,0.978,2,14,0,0.190,0,0,0.166,-6.224,-6.283,-4.326,0.674,1.040,2,14,0,0.192,0,0,0.125,-6.194,-12.312,-4.532,0.468,1.072,2,14,0,0.178,0,0,0.081,-3.419,-9.233,-4.494,0.506,1.023,2,14,0,0.182,0,0,0.160,-8.963,-9.506,-3.991,1.009,1.026,2,14,0,0.179,0,0,0.132,2.793,0.335,0,0,0.192,-6.151,-9.230,0.923,0.385
1272.0,-5.296,-8.811,-4.965,0.035,0.956,2,14,0,0.197,0,0,0.128,-5.264,-5.915,-4.282,0.718,1.059,2,14,0,0.172,0,0,0.198,-5.252,-11.909,-4.395,0.605,1.047,2,14,0,0.211,0,0,0.128,-2.449,-8.804,-4.506,0.494,1.052,2,14,0,0.244,0,0,0.191,-8.090,-9.037,-3.960,1.040,1.063,2,14,0,0.177,0,0,0.094,2.885,0.285,0,0,0.244,-5.249,-8.799,0.880,0.475
1273.0,-4.474,-8.297,-5.000,0.000,0.943,2,14,0,0.217,0,0,0.099,-4.412,-5.378,-4.279,0.721,1.063,2,14,0,0.148,0,0,0.181,-4.331,-11.399,-4.396,0.604,1.031,2,14,0,0.238,0,0,0.184,-1.588,-8.247,-4.455,0.545,1.043,2,14,0,0.233,0,0,0.162,-7.184,-8.502,-3.904,1.096,1.084,2,14,0,0.186,0,0,0.083,2.931,0.305,0,0,0.238,-4.394,-8.281,0.828,0.561
1274.0,-3.770,-7.678,-4.958,0.042,0.960,2,14,0,0.168,0,0,0.007,-3.494,-4.655,-4.200,0.800,1.092,2,14,0,0.190,0,0,0.185,-3.527,-10.769,-4.451,0.549,1.003,2,14,0,0.182,0,0,0.177,-0.739,-7.581,-4.486,0.514,1.052,2,14,0,0.217,0,0,0.170,-6.334,-7.821,-3.910,1.090,1.079,2,14,0,0.180,0,0,0.078,2.774,0.297,0,0,0.217,-3.595,-7.680,0.768,0.640
1275.0,-3.000,-7.035,-5.027,-0.027,1.002,2,14,0,0.203,0,0,0.055,-2.728,-3.936,-4.209,0.791,1.040,2,14,0,0.179,0,0,0.210,-2.803,-10.127,-4.507,0.493,0.991,2,14,0,0.180,0,0,0.186,-0.023,-6.894,-4.444,0.556,1.007,2,14,0,0.187,0,0,0.151,-5.506,-7.156,-3.899,1.101,1.034,2,14,0,0.272,0,0,0.178,2.750,0.387,0,0,0.272,-2.861,-7.002,0.700,0.714
1276.0,-2.328,-6.353,-5.009,-0.009,1.012,2,14,0,0.194,0,0,0.119,-2.052,-3.151,-4.250,0.750,0.992,2,14,0,0.171,0,0,0.227,-2.150,-9.377,-4.506,0.494,1.001,2,14,0,0.186,0,0,0.173,0.577,-6.126,-4.521,0.479,1.011,2,14,0,0.178,0,0,0.084,-4.822,-6.438,-3.941,1.059,0.997,2,14,0,0.178,0,0,0.202,2.715,0.417,0,0,0.194,-2.197,-6.254,0.625,0.780
1277.0,-1.746,-5.541,-4.965,0.035,1.042,2,14,0,0.192,0,0,0.112,-1.527,-2.347,-4.272,0.728,0.946,2,14,0,0.209,0,0,0.168,-1.569,-8.545,-4.530,0.470,1.010,2,14,0,0.211,0,0,0.157,1.108,-5.286,-4.460,0.540,1.018,2,14,0,0.234,0,0,0.025,-4.221,-5.629,-3.986,1.014,0.985,2,14,0,0.179,0,0,0.218,2.663,0.432,0,0,0.234,-1.612,-5.444,0.544,0.839
1278.0,-1.188,-4.714,-5.034,-0.034,1.065,2,14,0,0.191,0,0,0.176,-1.152,-1.575,-4.267,0.733,0.947,2,14,0,0.181,0,0,0.080,-1.161,-7.663,-4.455,0.545,1.022,2,14,0,0.178,0,0,0.072,1.701,-4.443,-4.487,0.513,1.012,2,14,0,0.181,0,0,0.117,-3.763,-4.732,-3.937,1.063,0.989,2,14,0,0.180,0,0,0.168,2.798,0.379,0,0,0.191,-1.110,-4.580,0.458,0.889
1279.0,-0.718,-3.787,-5.033,-0.033,1.086,2,14,0,0.193,0,0,0.204,-0.738,-0.619,-4.299,0.701,1.009,2,14,0,0.171,0,0,0.043,-0.774,-6.687,-4.435,0.565,1.041,2,14,0,0.187,0,0,0.026,2.122,-3.517,-4.564,0.436,1.011,2,14,0,0.246,0,0,0.121,-3.449,-3.826,-3.983,1.017,0.982,2,14,0,0.174,0,0,0.073,2.891,0.294,0,0,0.246,-0.698,-3.669,0.367,0.930
1280.0,-0.375,-2.775,-5.015,-0.015,1.103,2,14,0,0.234,0,0,0.192,-0.342,0.315,-4.312,0.688,1.020,2,14,0,0.206,0,0,0.116,-0.323,-5.721,-4.438,0.562,1.037,2,14,0,0.182,0,0,0.154,2.476,-2.572,-4.514,0.486,1.006,2,14,0,0.180,0,0,0.157,-3.102,-2.905,-3.920,1.080,1.004,2,14,0,0.178,0,0,0.106,2.902,0.331,0,0,0.234,-0.378,-2.722,0.272,0.962
1281.0,-0.165,-1.679,-5.007,-0.007,1.099,2,14,0,0.196,0,0,0.181,-0.130,1.308,-4.286,0.714,1.032,2,14,0,0.174,0,0,0.102,-0.073,-4.715,-4.456,0.544,1.009,2,14,0,0.180,0,0,0.193,2.692,-1.606,-4.522,0.478,1.009,2,14,0,0.177,0,0,0.151,-2.787,-1.905,-3.991,1.009,1.029,2,14,0,0.240,0,0,0.191,2.820,0.399,0,0,0.240,-0.154,-1.748,0.175,0.985
1282.0,-0.037,-0.592,-4.985,0.015,1.052,2,14,0,0.192,0,0,0.235,-0.005,2.351,-4.240,0.760,1.038,2,14,0,0.172,0,0,0.107,-0.032,-3.693,-4.403,0.597,0.994,2,14,0,0.179,0,0,0.137,2.780,-0.637,-4.577,0.423,1.020,2,14,0,0.185,0,0,0.116,-2.707,-0.865,-3.961,1.039,1.036,2,14,0,0.186,0,0,0.147,2.846,0.339,0,0,0.192,-0.029,-0.756,0.076,0.997
1283.0,0.035,0.433,-4.970,0.030,0.989,2,14,0,0.223,0,0,0.281,0.059,3.342,-4.280,0.720,1.022,2,14,0,0.174,0,0,0.142,-0.019,-2.722,-4.448,0.552,0.974,2,14,0,0.183,0,0,0.112,2.799,0.430,-4.567,0.433,1.040,2,14,0,0.181,0,0,0.112,-2.748,0.127,-3.922,1.078,1.021,2,14,0,0.179,0,0,0.083,2.794,0.280,0,0,0.223,-0.003,0.243,-0.024,1.000
1284.0,-0.060,1.394,-5.006,-0.006,0.937,2,14,0,0.228,0,0,0.245,-0.027,4.315,-4.225,0.775,1.014,2,14,0,0.174,0,0,0.125,-0.059,-1.786,-4.475,0.525,0.973,2,14,0,0.181,0,0,0.115,2.756,1.439,-4.532,0.468,1.024,2,14,0,0.184,0,0,0.144,-2.829,1.086,-3.924,1.076,1.013,2,14,0,0.176,0,0,0.072,2.856,0.292,0,0,0.228,-0.077,1.240,-0.124,0.992
1285.0,-0.342,2.262,-5.043,-0.043,0.952,2,14,0,0.245,0,0,0.095,-0.135,5.343,-4.323,0.677,1.047,2,14,0,0.178,0,0,0.195,-0.200,-0.798,-4.432,0.568,1.019,2,14,0,0.176,0,0,0.149,2.589,2.439,-4.494,0.506,1.033,2,14,0,0.190,0,0,0.157,-3.042,2.044,-3.978,1.022,1.036,2,14,0,0.177,0,0,0.048,2.910,0.276,0,0,0.245,-0.250,2.224,-0.222,0.975
1286.0,-0.703,3.125,-5.036,-0.036,0.989,2,14,0,0.191,0,0,0.073,-0.430,6.409,-4.306,0.694,1.054,2,14,0,0.182,0,0,0.226,-0.461,0.158,-4.406,0.594,1.039,2,14,0,0.175,0,0,0.154,2.292,3.424,-4.516,0.484,1.028,2,14,0,0.185,0,0,0.145,-3.252,3.053,-3.980,1.020,1.058,2,14,0,0.181,0,0,0.093,2.760,0.302,0,0,0.191,-0.521,3.186,-0.319,0.948
1287.0,-1.127,4.104,-4.998,0.002,1.039,2,14,0,0.193,0,0,0.062,-0.845,7.321,-4.311,0.689,1.007,2,14,0,0.171,0,0,0.177,-0.792,1.151,-4.429,0.571,1.059,2,14,0,0.714,0,0,0.202,1.879,4.351,-4.492,0.508,1.020,2,14,0,0.180,0,0,0.107,-3.581,4.007,-3.869,1.131,1.049,2,14,0,0.182,0,0,0.134,2.703,0.331,0,0,0.714,-0.887,4.117,-0.412,0.911
1288.0,-1.474,5.055,-4.962,0.038,1.026,2,14,0,0.195,0,0,0.064,-1.284,8.192,-4.298,0.702,0.997,2,14,0,0.175,0,0,0.175,-1.276,1.968,-4.457,0.543,1.039,2,14,0,0.177,0,0,0.159,1.458,5.277,-4.538,0.462,1.009,2,14,0,0.177,0,0,0.156,-3.948,4.952,-3.953,1.047,1.048,2,14,0,0.181,0,0,0.237,2.674,0.399,0,0,0.195,-1.343,5.006,-0.501,0.866
1289.0,-1.890,5.953,-4.898,0.102,1.027,2,14,0,0.195,0,0,0.205,-1.791,8.937,-4.341,0.659,1.016,2,14,0,0.174,0,0,0.171,-1.856,2.828,-4.511,0.489,1.103,2,14,0,0.230,0,0,0.127,0.998,6.076,-4.454,0.546,1.011,2,14,0,0.177,0,0,0.203,-4.533,5.828,-3.948,1.052,1.082,2,14,0,0.156,0,0,0.219,2.811,0.354,0,0,0.230,-1.886,5.845,-0.585,0.811
1290.0,-2.453,6.822,-5.025,-0.025,1.041,2,14,0,0.188,0,0,0.305,-2.435,9.675,-4.302,0.698,1.078,2,14,0,0.174,0,0,0.152,-2.500,3.647,-4.465,0.535,1.105,2,14,0,0.177,0,0,0.116,0.299,6.856,-4.506,0.494,1.053,2,14,0,0.176,0,0,0.135,-5.272,6.602,-3.942,1.058,1.081,2,14,0,0.149,0,0,0.136,2.801,0.299,0,0,0.188,-2.510,6.626,-0.663,0.749
1291.0,-3.201,7.537,-5.022,-0.022,1.060,2,14,0,0.227,0,0,0.270,-3.289,10.450,-4.277,0.723,1.125,2,14,0,0.198,0,0,0.036,-3.241,4.450,-4.483,0.517,1.105,2,14,0,0.174,0,0,0.157,-0.477,7.584,-4.512,0.488,1.063,2,14,0,0.175,0,0,0.097,-6.001,7.390,-3.973,1.027,1.051,2,14,0,0.175,0,0,0.197,2.772,0.362,0,0,0.227,-3.209,7.341,-0.734,0.679
1292.0,-4.038,8.117,-5.013,-0.013,1.072,2,14,0,0.185,0,0,0.178,-4.145,11.244,-4.299,0.701,1.085,2,14,0,0.172,0,0,0.212,-4.117,5.179,-4.438,0.562,1.069,2,14,0,0.175,0,0,0.235,-1.304,8.221,-4.549,0.451,1.043,2,14,0,0.180,0,0,0.084,-6.855,8.000,-3.997,1.003,1.019,2,14,0,0.211,0,0,0.173,2.775,0.405,0,0,0.211,-3.976,7.982,-0.798,0.602
1293.0,-4.949,8.663,-5.020,-0.020,1.090,2,14,0,0.192,0,0,0.120,-4.974,11.851,-4.278,0.722,0.998,2,14,0,0.185,0,0,0.256,-4.959,5.749,-4.455,0.545,1.000,2,14,0,0.178,0,0,0.246,-2.155,8.818,-4.566,0.434,1.025,2,14,0,0.175,0,0,0.132,-7.643,8.537,-4.001,0.999,0.976,2,14,0,0.177,0,0,0.140,2.834,0.446,0,0,0.192,-4.803,8.543,-0.854,0.520
1294.0,-5.952,9.166,-5.008,-0.008,1.077,2,14,0,0.195,0,0,0.167,-5.757,12.296,-4.281,0.719,0.933,2,14,0,0.173,0,0,0.203,-5.760,6.185,-4.479,0.521,0.956,2,14,0,0.213,0,0,0.198,-3.014,9.344,-4.545,0.455,0.992,2,14,0,0.196,0,0,0.174,-8.456,8.944,-4.011,0.989,0.974,2,14,0,0.151,0,0,0.086,2.704,0.464,0,0,0.213,-5.682,9.020,-0.902,0.432
1295.0,-6.943,9.577,-4.957,0.043,1.010,2,14,0,0.192,0,0,0.229,-6.591,12.700,-4.261,0.739,0.959,2,14,0,0.172,0,0,0.238,-6.723,6.517,-4.442,0.558,0.982,2,14,0,0.245,0,0,0.147,-3.844,9.745,-4.529,0.471,0.980,2,14,0,0.178,0,0,0.196,-9.386,9.310,-3.971,1.029,1.016,2,14,0,0.181,0,0,0.065,2.648,0.416,0,0,0.245,-6.604,9.406,-0.941,0.340
1296.0,-7.870,9.846,-4.980,0.020,0.939,2,14,0,0.192,0,0,0.187,-7.604,12.915,-4.286,0.714,1.028,2,14,0,0.174,0,0,0.149,-7.672,6.714,-4.500,0.500,0.989,2,14,0,0.173,0,0,0.052,-4.802,9.991,-4.491,0.509,1.015,2,14,0,0.183,0,0,0.152,-10.362,9.649,-3.932,1.068,1.047,2,14,0,0.286,0,0,0.098,2.710,0.380,0,0,0.286,-7.560,9.698,-0.970,0.244
1297.0,-8.760,9.993,-4.987,0.013,0.931,2,14,0,0.189,0,0,0.103,-8.683,13.058,-4.230,0.770,1.049,2,14,0,0.172,0,0,0.116,-8.711,6.874,-4.482,0.518,1.010,2,14,0,0.179,0,0,0.077,-5.848,10.161,-4.506,0.494,1.052,2,14,0,0.177,0,0,0.115,-11.412,9.870,-3.934,1.066,1.040,2,14,0,0.175,0,0,0.132,2.856,0.409,0,0,0.189,-8.540,9.893,-0.989,0.146
1298.0,-9.752,9.995,-4.980,0.020,0.960,2,14,0,0.186,0,0,0.036,-9.705,13.132,-4.260,0.740,1.014,2,14,0,0.176,0,0,0.120,-9.766,7.001,-4.452,0.548,0.995,2,14,0,0.185,0,0,0.141,-6.894,10.225,-4.476,0.524,1.040,2,14,0,0.176,0,0,0.101,-12.411,10.035,-3.929,1.071,1.005,2,14,0,0.173,0,0,0.196,2.860,0.429,0,0,0.186,-9.535,9.989,-0.999,0.046
1299.0,-10.706,10.001,-5.009,-0.009,0.982,2,14,0,0.192,0,0,0.021,-10.701,13.128,-4.313,0.687,0.996,2,14,0,0.262,0,0,0.118,-10.678,7.092,-4.474,0.526,0.956,2,14,0,0.174,0,0,0.147,-7.928,10.233,-4.492,0.508,1.025,2,14,0,0.179,0,0,0.131,-13.380,10.046,-3.992,1.008,1.010,2,14,0,0.176,0,0,0.207,2.836,0.464,0,0,0.262,-10.535,9.986,-0.999,-0.053
1300.0,-11.633,9.978,-4.998,0.002,1.007,2,14,0,0.189,0,0,0.125,-11.596,12.979,-4.295,0.705,0.968,2,14,0,0.171,0,0,0.021,-11.604,7.021,-4.418,0.582,0.970,2,14,0,0.210,0,0,0.167,-8.956,10.194,-4.573,0.427,0.989,2,14,0,0.174,0,0,0.200,-14.430,9.895,-4.002,0.998,1.034,2,14,0,0.181,0,0,0.176,2.719,0.528,0,0,0.210,-11.529,9.882,-0.988,-0.153
1301.0,-12.682,9.838,-5.042,-0.042,1.060,2,14,0,0.193,0,0,0.153,-12.494,12.888,-4.283,0.717,1.010,2,14,0,0.174,0,0,0.158,-12.600,6.813,-4.458,0.542,1.021,2,14,0,0.176,0,0,0.160,-9.833,10.046,-4.570,0.430,0.962,2,14,0,0.255,0,0,0.213,-15.473,9.577,-3.902,1.098,1.026,2,14,0,0.176,0,0,0.148,2.896,0.489,0,0,0.255,-12.508,9.680,-0.968,-0.251
1302.0,-13.735,9.603,-5.019,-0.019,1.069,2,14,0,0.296,0,0,0.236,-13.497,12.628,-4.296,0.704,1.077,2,14,0,0.190,0,0,0.175,-13.536,6.497,-4.463,0.537,1.053,2,14,0,0.173,0,0,0.147,-10.783,9.682,-4.534,0.466,1.022,2,14,0,0.156,0,0,0.146,-16.362,9.317,-3.927,1.073,0.983,2,14,0,0.184,0,0,0.108,2.859,0.440,0,0,0.296,-13.462,9.382,-0.938,-0.346
1303.0,-14.697,9.238,-4.980,0.020,1.060,2,14,0,0.186,0,0,0.279,-14.540,12.244,-4.320,0.680,1.101,2,14,0,0.172,0,0,0.198,-14.535,6.076,-4.408,0.592,1.084,2,14,0,0.195,0,0,0.129,-11.729,9.235,-4.524,0.476,1.049,2,14,0,0.178,0,0,0.102,-17.252,8.940,-3.995,1.005,0.997,2,14,0,0.177,0,0,0.107,2.754,0.426,0,0,0.195,-14.381,8.989,-0.899,-0.438
1304.0,-15.581,8.672,-4.946,0.054,1.063,2,14,0,0.193,0,0,0.214,-15.508,11.788,-4.327,0.673,1.077,2,14,0,0.193,0,0,0.271,-15.509,5.573,-4.446,0.554,1.068,2,14,0,0.175,0,0,0.188,-12.618,8.755,-4.519,0.481,1.049,2,14,0,0.180,0,0,0.110,-18.076,8.503,-4.014,0.986,1.018,2,14,0,0.246,0,0,0.141,2.669,0.439,0,0,0.246,-15.257,8.507,-0.851,-0.526
1305.0,-16.382,7.998,-5.004,-0.004,1.059,2,14,0,0.188,0,0,0.130,-16.363,11.180,-4.339,0.661,1.057,2,14,0,0.203,0,0,0.268,-16.316,4.969,-4.437,0.563,1.026,2,14,0,0.178,0,0,0.157,-13.448,8.137,-4.506,0.494,1.056,2,14,0,0.178,0,0,0.081,-18.906,7.993,-3.936,1.064,1.056,2,14,0,0.148,0,0,0.199,2.740,0.417,0,0,0.203,-16.080,7.940,-0.794,-0.608
1306.0,-17.128,7.253,-5.048,-0.048,1.035,2,14,0,0.229,0,0,0.107,-17.119,10.417,-4.281,0.719,1.044,2,14,0,0.198,0,0,0.210,-17.041,4.316,-4.444,0.556,1.004,2,14,0,0.176,0,0,0.119,-14.262,7.450,-4.547,0.453,1.047,2,14,0,0.211,0,0,0.112,-19.713,7.258,-3.969,1.031,1.109,2,14,0,0.172,0,0,0.120,2.801,0.449,0,0,0.229,-16.842,7.293,-0.729,-0.684
1307.0,-17.800,6.551,-5.025,-0.025,1.012,2,14,0,0.191,0,0,0.081,-17.785,9.594,-4.229,0.771,1.014,2,14,0,0.171,0,0,0.185,-17.734,3.587,-4.445,0.555,1.008,2,14,0,0.179,0,0,0.112,-15.035,6.722,-4.528,0.472,1.002,2,14,0,0.203,0,0,0.194,-20.557,6.431,-3.989,1.011,1.102,2,14,0,0.183,0,0,0.198,2.814,0.521,0,0,0.203,-17.536,6.574,-0.657,-0.754
1308.0,-18.415,5.767,-5.035,-0.035,0.997,2,14,0,0.194,0,0,0.084,-18.292,8.773,-4.256,0.744,0.967,2,14,0,0.385,0,0,0.113,-18.415,2.870,-4.420,0.580,1.015,2,14,0,0.176,0,0,0.198,-15.612,6.005,-4.494,0.506,0.971,2,14,0,0.183,0,0,0.167,-21.189,5.632,-3.990,1.010,1.022,2,14,0,0.178,0,0,0.211,2.865,0.506,0,0,0.385,-18.154,5.788,-0.579,-0.815
1309.0,-19.011,4.941,-4.999,0.001,0.993,2,14,0,0.192,0,0,0.135,-18.739,7.961,-4.326,0.674,0.959,2,14,0,0.179,0,0,0.067,-18.930,2.006,-4.445,0.555,1.033,2,14,0,0.177,0,0,0.167,-16.058,5.188,-4.533,0.467,0.984,2,14,0,0.178,0,0,0.108,-21.713,4.785,-3.997,1.003,0.996,2,14,0,0.175,0,0,0.199,2.886,0.439,0,0,0.192,-18.692,4.945,-0.495,-0.869
1310.0,-19.491,4.071,-5.028,-0.028,0.985,2,14,0,0.193,0,0,0.167,-19.196,7.080,-4.226,0.774,0.983,2,14,0,0.172,0,0,0.055,-19.315,1.011,-4.464,0.536,1.058,2,14,0,0.178,0,0,0.083,-16.495,4.237,-4.533,0.467,1.035,2,14,0,0.176,0,0,0.060,-22.096,3.884,-3.991,1.009,0.986,2,14,0,0.178,0,0,0.133,2.810,0.399,0,0,0.193,-19.142,4.053,-0.405,-0.914
1311.0,-19.831,3.166,-4.980,0.020,0.994,2,14,0,0.225,0,0,0.154,-19.586,6.226,-4.278,0.722,0.977,2,14,0,0.170,0,0,0.029,-19.641,0.053,-4.495,0.505,1.015,2,14,0,0.146,0,0,0.068,-16.899,3.206,-4.488,0.512,1.049,2,14,0,0.184,0,0,0.118,-22.470,2.939,-3.976,1.024,0.986,2,14,0,0.176,0,0,0.150,2.832,0.407,0,0,0.225,-19.501,3.120,-0.312,-0.950
1312.0,-20.108,2.151,-4.943,0.057,1.026,2,14,0,0.185,0,0,0.161,-19.899,5.374,-4.280,0.720,0.993,2,14,0,0.173,0,0,0.150,-19.937,-0.870,-4.484,0.516,1.011,2,14,0,0.222,0,0,0.076,-17.194,2.257,-4.492,0.508,1.001,2,14,0,0.179,0,0,0.140,-22.732,2.012,-3.970,1.030,0.980,2,14,0,0.183,0,0,0.144,2.802,0.441,0,0,0.222,-19.765,2.156,-0.216,-0.976
1313.0,-20.220,1.175,-4.997,0.003,1.015,2,14,0,0.195,0,0,0.108,-20.173,4.432,-4.337,0.663,1.050,2,14,0,0.175,0,0,0.245,-20.193,-1.827,-4.417,0.583,1.012,2,14,0,0.176,0,0,0.165,-17.418,1.363,-4.501,0.499,0.985,2,14,0,0.180,0,0,0.187,-22.878,1.059,-3.952,1.048,0.996,2,14,0,0.211,0,0,0.128,2.852,0.523,0,0,0.211,-19.931,1.170,-0.117,-0.993
1314.0,-20.245,0.216,-5.030,-0.030,1.016,2,14,0,0.196,0,0,0.076,-20.358,3.347,-4.255,0.745,1.128,2,14,0,0.175,0,0,0.297,-20.277,-2.843,-4.483,0.517,1.040,2,14,0,0.171,0,0,0.182,-17.480,0.364,-4.470,0.530,1.021,2,14,0,0.177,0,0,0.182,-22.962,0.035,-3.973,1.027,1.032,2,14,0,0.221,0,0,0.140,2.825,0.518,0,0,0.221,-19.999,0.173,-0.017,-1.000
1315.0,-20.219,-0.774,-5.038,-0.038,1.039,2,14,0,0.185,0,0,0.086,-20.391,2.189,-4.301,0.699,1.141,2,14,0,0.175,0,0,0.353,-20.206,-3.872,-4.468,0.532,1.040,2,14,0,0.177,0,0,0.144,-17.439,-0.655,-4.525,0.475,1.043,2,14,0,0.182,0,0,0.170,-22.839,-0.971,-3.933,1.067,1.042,2,14,0,0.253,0,0,0.051,2.829,0.503,0,0,0.253,-19.966,-0.826,0.083,-0.997
1316.0,-20.145,-1.793,-5.013,-0.013,1.065,2,14,0,0.210,0,0,0.133,-20.164,1.100,-4.316,0.684,1.112,2,14,0,0.173,0,0,0.301,-20.020,-4.882,-4.445,0.555,1.049,2,14,0,0.176,0,0,0.099,-17.344,-1.646,-4.519,0.481,1.048,2,14,0,0.179,0,0,0.207,-22.709,-1.982,-3.941,1.059,1.049,2,14,0,0.241,0,0,0.056,2.785,0.538,0,0,0.241,-19.834,-1.817,0.182,-0.983
1317.0,-19.930,-2.803,-5.011,-0.011,1.085,2,14,0,0.190,0,0,0.147,-19.782,0.075,-4.302,0.698,1.057,2,14,0,0.172,0,0,0.237,-19.744,-5.907,-4.451,0.549,1.035,2,14,0,0.174,0,0,0.100,-17.092,-2.673,-4.464,0.536,1.084,2,14,0,0.185,0,0,0.189,-22.495,-3.034,-3.997,1.003,1.049,2,14,0,0.176,0,0,0.121,2.768,0.503,0,0,0.190,-19.603,-2.790,0.279,-0.960
1318.0,-19.537,-3.829,-5.015,-0.015,1.075,2,14,0,0.225,0,0,0.128,-19.325,-0.872,-4.313,0.687,0.996,2,14,0,0.190,0,0,0.217,-19.466,-6.840,-4.445,0.555,1.005,2,14,0,0.174,0,0,0.120,-16.735,-3.645,-4.511,0.489,1.079,2,14,0,0.214,0,0,0.169,-22.199,-3.992,-3.953,1.047,1.011,2,14,0,0.178,0,0,0.150,2.853,0.467,0,0,0.225,-19.277,-3.734,0.373,-0.928
1319.0,-19.072,-4.820,-5.011,-0.011,1.044,2,14,0,0.199,0,0,0.180,-18.887,-1.702,-4.264,0.736,0.930,2,14,0,0.244,0,0,0.148,-19.073,-7.755,-4.466,0.534,1.001,2,14,0,0.173,0,0,0.146,-16.140,-4.604,-4.576,0.424,1.087,2,14,0,0.183,0,0,0.121,-21.840,-4.896,-3.973,1.027,1.002,2,14,0,0.175,0,0,0.192,2.957,0.285,0,0,0.244,-18.857,-4.642,0.464,-0.886
1320.0,-18.626,-5.701,-4.967,0.033,0.986,2,14,0,0.193,0,0,0.220,-18.448,-2.442,-4.338,0.662,0.929,2,14,0,0.205,0,0,0.026,-18.602,-8.671,-4.453,0.547,1.016,2,14,0,0.205,0,0,0.210,-15.559,-5.549,-4.560,0.440,1.024,2,14,0,0.176,0,0,0.226,-21.280,-5.716,-3.989,1.011,1.019,2,14,0,0.176,0,0,0.127,2.829,0.340,0,0,0.205,-18.350,-5.503,0.550,-0.835
1321.0,-18.110,-6.546,-4.973,0.027,0.978,2,14,0,0.190,0,0,0.294,-17.878,-3.280,-4.258,0.742,0.983,2,14,0,0.171,0,0,0.063,-17.950,-9.513,-4.444,0.556,1.021,2,14,0,0.178,0,0,0.203,-15.037,-6.373,-4.508,0.492,0.937,2,14,0,0.150,0,0,0.225,-20.629,-6.496,-3.944,1.056,1.031,2,14,0,0.380,0,0,0.063,2.722,0.424,0,0,0.380,-17.759,-6.309,0.631,-0.776
1322.0,-17.358,-7.270,-5.004,-0.004,1.002,2,14,0,0.184,0,0,0.237,-17.186,-4.018,-4.341,0.659,1.007,2,14,0,0.173,0,0,0.045,-17.313,-10.248,-4.430,0.570,1.002,2,14,0,0.170,0,0,0.209,-14.433,-7.051,-4.538,0.462,0.904,2,14,0,0.176,0,0,0.162,-19.890,-7.247,-3.945,1.055,1.039,2,14,0,0.175,0,0,0.055,2.744,0.345,0,0,0.184,-17.090,-7.052,0.705,-0.709
1323.0,-16.576,-7.872,-4.996,0.004,1.002,2,14,0,0.243,0,0,0.156,-16.426,-4.715,-4.274,0.726,1.011,2,14,0,0.167,0,0,0.066,-16.559,-10.877,-4.487,0.513,1.025,2,14,0,0.177,0,0,0.166,-13.718,-7.694,-4.553,0.447,0.936,2,14,0,0.242,0,0,0.141,-19.169,-7.957,-3.940,1.060,1.014,2,14,0,0.179,0,0,0.088,2.801,0.369,0,0,0.243,-16.351,-7.725,0.772,-0.635
1324.0,-15.682,-8.348,-5.032,-0.032,0.994,2,14,0,0.187,0,0,0.057,-15.651,-5.333,-4.254,0.746,0.999,2,14,0,0.169,0,0,0.091,-15.621,-11.413,-4.457,0.543,1.042,2,14,0,0.174,0,0,0.071,-13.027,-8.251,-4.488,0.512,0.968,2,14,0,0.207,0,0,0.192,-18.438,-8.624,-3.933,1.067,1.011,2,14,0,0.182,0,0,0.172,2.712,0.484,0,0,0.207,-15.548,-8.320,0.832,-0.555
1325.0,-14.803,-8.859,-4.987,0.013,0.984,2,14,0,0.226,0,0,0.074,-14.816,-5.915,-4.236,0.764,0.997,2,14,0,0.170,0,0,0.166,-14.732,-11.900,-4.412,0.588,1.021,2,14,0,0.175,0,0,0.069,-12.147,-8.746,-4.501,0.499,1.053,2,14,0,0.219,0,0,0.168,-17.599,-9.131,-3.968,1.032,1.004,2,14,0,0.174,0,0,0.176,2.703,0.466,0,0,0.226,-14.689,-8.832,0.883,-0.469
1326.0,-13.934,-9.269,-4.976,0.024,0.974,2,14,0,0.186,0,0,0.035,-13.939,-6.344,-4.297,0.703,1.001,2,14,0,0.184,0,0,0.179,-13.753,-12.337,-4.385,0.615,1.013,2,14,0,0.191,0,0,0.139,-11.171,-9.150,-4.543,0.457,1.089,2,14,0,0.177,0,0,0.096,-16.668,-9.462,-3.980,1.020,1.026,2,14,0,0.177,0,0,0.089,2.800,0.401,0,0,0.191,-13.784,-9.256,0.926,-0.378
1327.0,-13.089,-9.662,-4.956,0.044,0.989,2,14,0,0.194,0,0,0.107,-13.054,-6.687,-4.281,0.719,1.022,2,14,0,0.171,0,0,0.218,-12.846,-12.733,-4.420,0.580,0.957,2,14,0,0.170,0,0,0.151,-10.032,-9.465,-4.466,0.534,1.094,2,14,0,0.181,0,0,0.118,-15.678,-9.865,-3.971,1.029,1.055,2,14,0,0.183,0,0,0.133,2.777,0.322,0,0,0.194,-12.841,-9.588,0.959,-0.284
1328.0,-12.181,-9.894,-5.012,-0.012,1.025,2,14,0,0.223,0,0,0.157,-12.035,-6.948,-4.190,0.810,1.072,2,14,0,0.424,0,0,0.217,-12.071,-13.012,-4.412,0.588,0.936,2,14,0,0.178,0,0,0.185,-9.088,-9.747,-4.493,0.507,1.005,2,14,0,0.179,0,0,0.120,-14.706,-10.155,-4.038,0.962,1.039,2,14,0,0.175,0,0,0.187,2.719,0.370,0,0,0.424,-11.870,-9.824,0.982,-0.187
1329.0,-11.147,-10.057,-4.992,0.008,1.092,2,14,0,0.189,0,0,0.133,-10.997,-7.089,-4.241,0.759,1.075,2,14,0,0.171,0,0,0.207,-11.138,-13.178,-4.468,0.532,1.009,2,14,0,0.173,0,0,0.245,-8.176,-9.937,-4.517,0.483,0.980,2,14,0,0.180,0,0,0.130,-13.599,-10.319,-3.998,1.002,1.037,2,14,0,0.217,0,0,0.236,2.659,0.455,0,0,0.217,-10.880,-9.961,0.996,-0.088
1330.0,-9.990,-10.131,-4.987,0.013,1.112,2,14,0,0.184,0,0,0.154,-9.922,-7.084,-4.300,0.700,1.099,2,14,0,0.208,0,0,0.164,-10.033,-13.228,-4.489,0.511,1.091,2,14,0,0.157,0,0,0.207,-7.169,-10.043,-4.518,0.482,0.991,2,14,0,0.177,0,0,0.199,-12.610,-10.338,-3.939,1.061,0.997,2,14,0,0.180,0,0,0.216,2.829,0.434,0,0,0.208,-9.881,-9.999,1.000,0.012
1331.0,-8.938,-10.129,-5.034,-0.034,1.050,2,14,0,0.187,0,0,0.234,-8.727,-6.920,-4.335,0.665,1.073,2,14,0,0.170,0,0,0.242,-8.871,-13.137,-4.408,0.592,1.107,2,14,0,0.147,0,0,0.204,-6.256,-9.965,-4.511,0.489,1.010,2,14,0,0.183,0,0,0.194,-11.684,-10.222,-3.978,1.022,0.989,2,14,0,0.178,0,0,0.141,2.737,0.374,0,0,0.187,-8.883,-9.937,0.994,0.112
1332.0,-7.897,-9.979,-4.998,0.002,1.013,2,14,0,0.190,0,0,0.271,-7.747,-6.691,-4.292,0.708,0.975,2,14,0,0.208,0,0,0.223,-7.801,-12.857,-4.411,0.589,1.055,2,14,0,0.185,0,0,0.202,-5.167,-9.758,-4.537,0.463,1.079,2,14,0,0.182,0,0,0.142,-10.736,-9.958,-3.943,1.057,1.018,2,14,0,0.211,0,0,0.046,2.777,0.271,0,0,0.211,-7.897,-9.776,0.978,0.210
1333.0,-7.001,-9.670,-4.989,0.011,0.989,2,14,0,0.191,0,0,0.192,-6.867,-6.412,-4.325,0.675,0.915,2,14,0,0.184,0,0,0.150,-6.824,-12.538,-4.433,0.567,0.981,2,14,0,0.179,0,0,0.209,-4.122,-9.460,-4.517,0.483,1.072,2,14,0,0.226,0,0,0.151,-9.753,-9.666,-3.947,1.053,1.042,2,14,0,0.176,0,0,0.009,2.925,0.232,0,0,0.226,-6.931,-9.518,0.952,0.307
1334.0,-6.058,-9.239,-4.989,0.011,1.004,2,14,0,0.196,0,0,0.139,-6.051,-6.098,-4.279,0.721,0.911,2,14,0,0.172,0,0,0.026,-5.977,-12.221,-4.479,0.521,0.932,2,14,0,0.207,0,0,0.130,-3.139,-9.070,-4.532,0.468,1.034,2,14,0,0.178,0,0,0.175,-8.790,-9.364,-3.995,1.005,1.047,2,14,0,0.175,0,0,0.062,2.909,0.288,0,0,0.207,-5.996,-9.164,0.916,0.400
1335.0,-5.157,-8.797,-4.958,0.042,0.998,2,14,0,0.204,0,0,0.151,-5.135,-5.721,-4.291,0.709,0.956,2,14,0,0.180,0,0,0.088,-5.126,-11.815,-4.456,0.544,0.930,2,14,0,0.183,0,0,0.101,-2.308,-8.651,-4.537,0.463,0.988,2,14,0,0.183,0,0,0.132,-7.873,-8.918,-3.980,1.020,1.031,2,14,0,0.182,0,0,0.075,2.884,0.304,0,0,0.204,-5.102,-8.718,0.872,0.490
1336.0,-4.263,-8.259,-4.945,0.055,0.997,2,14,0,0.231,0,0,0.191,-4.276,-5.256,-4.312,0.688,0.977,2,14,0,0.207,0,0,0.152,-4.351,-11.353,-4.442,0.558,0.962,2,14,0,0.227,0,0,0.135,-1.482,-8.125,-4.538,0.462,0.992,2,14,0,0.180,0,0,0.121,-6.936,-8.451,-3.978,1.022,1.039,2,14,0,0.173,0,0,0.187,2.814,0.415,0,0,0.231,-4.256,-8.186,0.819,0.574
1337.0,-3.561,-7.646,-5.000,0.000,0.978,2,14,0,0.190,0,0,0.119,-3.502,-4.732,-4.286,0.714,1.013,2,14,0,0.199,0,0,0.236,-3.576,-10.749,-4.417,0.583,1.030,2,14,0,0.584,0,0,0.145,-0.701,-7.463,-4.518,0.482,1.011,2,14,0,1.030,0,0,0.084,-6.082,-7.844,-4.014,0.986,1.013,2,14,0,0.181,0,0,0.242,2.715,0.472,0,0,1.030,-3.467,-7.571,0.757,0.653
1338.0,-2.934,-6.947,-5.028,-0.028,0.998,2,14,0,0.194,0,0,0.078,-2.820,-3.994,-4.261,0.739,1.086,2,14,0,0.195,0,0,0.185,-2.782,-10.002,-4.503,0.497,1.079,2,14,0,0.210,0,0,0.107,0.020,-6.810,-4.546,0.454,1.001,2,14,0,0.183,0,0,0.106,-5.386,-7.100,-3.961,1.039,1.001,2,14,0,0.176,0,0,0.196,2.679,0.419,0,0,0.210,-2.744,-6.881,0.688,0.726
1339.0,-2.294,-6.112,-5.033,-0.033,1.041,2,14,0,0.191,0,0,0.024,-2.080,-3.147,-4.273,0.727,1.119,2,14,0,0.171,0,0,0.133,-2.053,-9.178,-4.449,0.551,1.076,2,14,0,0.211,0,0,0.146,0.744,-6.008,-4.576,0.424,1.035,2,14,0,0.176,0,0,0.146,-4.795,-6.320,-3.988,1.012,0.994,2,14,0,0.184,0,0,0.133,2.719,0.358,0,0,0.211,-2.093,-6.122,0.612,0.791
1340.0,-1.708,-5.313,-5.021,-0.021,1.040,2,14,0,0.189,0,0,0.024,-1.489,-2.172,-4.293,0.707,1.113,2,14,0,0.175,0,0,0.122,-1.424,-8.338,-4.483,0.517,1.034,2,14,0,0.180,0,0,0.197,1.374,-5.203,-4.510,0.490,1.020,2,14,0,0.179,0,0,0.204,-4.263,-5.488,-3.957,1.043,1.003,2,14,0,0.177,0,0,0.092,2.773,0.319,0,0,0.189,-1.522,-5.302,0.530,0.848
1341.0,-1.100,-4.420,-5.023,-0.023,1.064,2,14,0,0.188,0,0,0.116,-0.924,-1.151,-4.324,0.676,1.039,2,14,0,0.172,0,0,0.281,-0.965,-7.431,-4.468,0.532,1.003,2,14,0,0.188,0,0,0.173,1.910,-4.313,-4.542,0.458,1.021,2,14,0,0.178,0,0,0.253,-3.809,-4.578,-3.911,1.089,1.019,2,14,0,0.178,0,0,0.047,2.933,0.299,0,0,0.188,-1.035,-4.430,0.443,0.897
1342.0,-0.584,-3.441,-5.011,-0.011,1.032,2,14,0,0.233,0,0,0.238,-0.526,-0.296,-4.284,0.716,0.939,2,14,0,0.176,0,0,0.238,-0.636,-6.532,-4.497,0.503,0.985,2,14,0,0.178,0,0,0.106,2.234,-3.348,-4.497,0.503,1.006,2,14,0,0.187,0,0,0.179,-3.467,-3.630,-3.960,1.040,1.024,2,14,0,0.178,0,0,0.029,2.866,0.243,0,0,0.233,-0.637,-3.512,0.351,0.936
1343.0,-0.313,-2.510,-4.948,0.052,0.977,2,14,0,0.190,0,0,0.203,-0.199,0.543,-4.325,0.675,0.899,2,14,0,0.172,0,0,0.216,-0.374,-5.596,-4.437,0.563,0.992,2,14,0,0.173,0,0,0.060,2.381,-2.354,-4.498,0.502,1.001,2,14,0,0.178,0,0,0.058,-3.055,-2.654,-3.948,1.052,1.032,2,14,0,0.178,0,0,0.114,2.735,0.353,0,0,0.190,-0.333,-2.560,0.256,0.967
1344.0,-0.088,-1.611,-4.959,0.041,0.971,2,14,0,0.232,0,0,0.221,-0.098,1.426,-4.316,0.684,0.933,2,14,0,0.177,0,0,0.124,-0.176,-4.670,-4.467,0.533,1.001,2,14,0,0.179,0,0,0.067,2.585,-1.368,-4.536,0.464,0.997,2,14,0,0.178,0,0,0.064,-2.788,-1.678,-3.925,1.075,0.997,2,14,0,0.176,0,0,0.169,2.717,0.360,0,0,0.232,-0.126,-1.582,0.158,0.987
1345.0,-0.001,-0.634,-4.966,0.034,1.008,2,14,0,0.190,0,0,0.206,0.015,2.351,-4.292,0.708,0.993,2,14,0,0.177,0,0,0.168,-0.043,-3.656,-4.446,0.554,1.038,2,14,0,0.178,0,0,0.077,2.733,-0.379,-4.515,0.485,0.982,2,14,0,0.180,0,0,0.080,-2.562,-0.718,-3.945,1.055,0.982,2,14,0,0.178,0,0,0.279,2.759,0.473,0,0,0.190,-0.017,-0.589,0.059,0.998
1346.0,-0.055,0.389,-4.956,0.044,1.048,2,14,0,0.191,0,0,0.140,-0.015,3.349,-4.275,0.725,1.071,2,14,0,0.210,0,0,0.151,-0.009,-2.586,-4.459,0.541,1.051,2,14,0,0.182,0,0,0.106,2.780,0.586,-4.489,0.511,0.985,2,14,0,0.182,0,0,0.094,-2.539,0.249,-4.047,0.953,0.991,2,14,0,0.181,0,0,0.293,2.649,0.496,0,0,0.210,-0.008,0.411,-0.041,0.999
1347.0,-0.259,1.455,-4.980,0.020,1.068,2,14,0,0.194,0,0,0.048,-0.060,4.437,-4.208,0.792,1.111,2,14,0,0.174,0,0,0.120,0.026,-1.579,-4.451,0.549,1.018,2,14,0,0.181,0,0,0.227,2.684,1.585,-4.430,0.570,1.001,2,14,0,0.182,0,0,0.088,-2.710,1.262,-4.012,0.988,1.037,2,14,0,0.176,0,0,0.212,2.642,0.415,0,0,0.194,-0.099,1.406,-0.141,0.990
1348.0,-0.434,2.508,-5.025,-0.025,1.046,2,14,0,0.191,0,0,0.120,-0.271,5.550,-4.202,0.798,1.126,2,14,0,0.172,0,0,0.129,-0.137,-0.539,-4.419,0.581,1.038,2,14,0,0.176,0,0,0.272,2.585,2.566,-4.548,0.452,1.015,2,14,0,0.179,0,0,0.175,-2.985,2.263,-3.946,1.054,1.070,2,14,0,0.174,0,0,0.130,2.780,0.329,0,0,0.191,-0.289,2.388,-0.239,0.971
1349.0,-0.742,3.442,-5.015,-0.015,0.999,2,14,0,0.195,0,0,0.092,-0.504,6.615,-4.227,0.773,1.054,2,14,0,0.178,0,0,0.246,-0.464,0.433,-4.433,0.567,1.042,2,14,0,0.156,0,0,0.242,2.409,3.592,-4.559,0.441,1.039,2,14,0,0.189,0,0,0.300,-3.384,3.271,-3.970,1.030,1.084,2,14,0,0.181,0,0,0.065,2.846,0.279,0,0,0.195,-0.576,3.345,-0.335,0.942
1350.0,-0.993,4.393,-5.028,-0.028,0.983,2,14,0,0.250,0,0,0.185,-0.823,7.535,-4.265,0.735,0.990,2,14,0,0.172,0,0,0.285,-0.903,1.378,-4.500,0.500,1.031,2,14,0,0.182,0,0,0.209,1.964,4.488,-4.524,0.476,1.046,2,14,0,0.178,0,0,0.233,-3.773,4.268,-3.913,1.087,1.041,2,14,0,0.244,0,0,0.144,2.997,0.297,0,0,0.250,-0.957,4.269,-0.427,0.904
1351.0,-1.380,5.257,-5.019,-0.019,0.988,2,14,0,0.238,0,0,0.251,-1.274,8.376,-4.311,0.689,0.981,2,14,0,0.186,0,0,0.278,-1.386,2.222,-4.386,0.614,1.019,2,14,0,0.184,0,0,0.175,1.467,5.394,-4.563,0.437,1.079,2,14,0,0.178,0,0,0.216,-4.184,5.152,-3.951,1.049,0.988,2,14,0,0.175,0,0,0.161,2.887,0.273,0,0,0.238,-1.429,5.151,-0.515,0.857
1352.0,-1.997,6.102,-5.026,-0.026,1.052,2,14,0,0.167,0,0,0.207,-1.996,9.155,-4.275,0.725,1.029,2,14,0,0.149,0,0,0.123,-2.000,2.979,-4.369,0.631,1.025,2,14,0,0.212,0,0,0.086,0.799,6.271,-4.475,0.525,1.092,2,14,0,0.231,0,0,0.160,-4.739,6.004,-3.919,1.081,0.985,2,14,0,0.175,0,0,0.183,2.854,0.362,0,0,0.231,-1.986,5.981,-0.598,0.801
1353.0,-2.731,6.851,-5.012,-0.012,1.068,2,14,0,0.189,0,0,0.119,-2.748,9.873,-4.342,0.658,1.023,2,14,0,0.266,0,0,0.074,-2.699,3.655,-4.545,0.455,1.057,2,14,0,0.178,0,0,0.059,0.068,7.004,-4.464,0.536,1.065,2,14,0,0.185,0,0,0.102,-5.444,6.676,-4.015,0.985,0.976,2,14,0,0.183,0,0,0.070,2.855,0.400,0,0,0.266,-2.623,6.751,-0.675,0.738
1354.0,-3.511,7.513,-5.039,-0.039,1.058,2,14,0,0.196,0,0,0.051,-3.475,10.531,-4.286,0.714,1.019,2,14,0,0.209,0,0,0.068,-3.494,4.451,-4.434,0.566,1.084,2,14,0,0.161,0,0,0.069,-0.690,7.725,-4.536,0.464,1.044,2,14,0,0.180,0,0,0.122,-6.123,7.370,-3.960,1.040,0.978,2,14,0,0.178,0,0,0.070,2.830,0.448,0,0,0.209,-3.334,7.454,-0.745,0.667
1355.0,-4.381,8.150,-4.979,0.021,1.055,2,14,0,0.193,0,0,0.109,-4.284,11.212,-4.321,0.679,1.016,2,14,0,0.172,0,0,0.115,-4.240,5.187,-4.416,0.584,1.037,2,14,0,0.211,0,0,0.139,-1.489,8.340,-4.509,0.491,1.005,2,14,0,0.216,0,0,0.133,-6.802,8.008,-3.988,1.012,1.006,2,14,0,0.177,0,0,0.150,2.620,0.458,0,0,0.216,-4.111,8.082,-0.808,0.589
1356.0,-5.276,8.743,-4.969,0.031,1.010,2,14,0,0.200,0,0,0.183,-5.047,11.828,-4.294,0.706,0.983,2,14,0,0.207,0,0,0.129,-5.039,5.849,-4.476,0.524,1.003,2,14,0,0.180,0,0,0.249,-2.316,8.864,-4.536,0.464,0.979,2,14,0,0.179,0,0,0.107,-7.667,8.575,-3.945,1.055,1.060,2,14,0,0.179,0,0,0.141,2.606,0.437,0,0,0.207,-4.947,8.630,-0.863,0.505
1357.0,-6.071,9.276,-5.045,-0.045,0.947,2,14,0,0.230,0,0,0.189,-5.855,12.333,-4.247,0.753,0.973,2,14,0,0.176,0,0,0.177,-5.908,6.342,-4.434,0.566,0.970,2,14,0,0.214,0,0,0.284,-3.158,9.356,-4.447,0.553,0.968,2,14,0,0.183,0,0,0.115,-8.593,9.040,-3.959,1.041,1.081,2,14,0,0.181,0,0,0.117,2.755,0.418,0,0,0.230,-5.834,9.091,-0.909,0.417
1358.0,-6.895,9.637,-4.989,0.011,0.939,2,14,0,0.189,0,0,0.177,-6.716,12.747,-4.299,0.701,0.988,2,14,0,0.173,0,0,0.243,-6.754,6.629,-4.442,0.558,0.969,2,14,0,0.207,0,0,0.223,-4.010,9.738,-4.537,0.463,0.968,2,14,0,0.210,0,0,0.132,-9.613,9.405,-4.024,0.976,1.081,2,14,0,0.184,0,0,0.093,2.894,0.371,0,0,0.210,-6.763,9.461,-0.946,0.324
1359.0,-7.805,9.865,-5.001,-0.001,0.986,2,14,0,0.193,0,0,0.158,-7.659,13.012,-4.276,0.724,1.045,2,14,0,0.187,0,0,0.245,-7.806,6.817,-4.429,0.571,1.033,2,14,0,0.198,0,0,0.112,-4.942,10.068,-4.513,0.487,1.014,2,14,0,0.249,0,0,0.193,-10.616,9.703,-3.983,1.017,1.042,2,14,0,0.220,0,0,0.130,2.911,0.396,0,0,0.249,-7.723,9.737,-0.974,0.228
1360.0,-8.790,10.044,-4.962,0.038,1.059,2,14,0,0.198,0,0,0.157,-8.705,13.101,-4.294,0.706,1.082,2,14,0,0.288,0,0,0.135,-8.831,6.931,-4.447,0.553,1.031,2,14,0,0.177,0,0,0.055,-5.958,10.227,-4.484,0.516,1.046,2,14,0,0.198,0,0,0.164,-11.598,9.946,-3.970,1.030,1.004,2,14,0,0.180,0,0,0.188,2.879,0.399,0,0,0.288,-8.707,9.916,-0.992,0.129
1361.0,-9.902,10.090,-4.990,0.010,1.097,2,14,0,0.159,0,0,0.090,-9.841,13.107,-4.308,0.692,1.107,2,14,0,0.174,0,0,0.074,-9.873,7.011,-4.449,0.551,1.031,2,14,0,0.204,0,0,0.095,-6.976,10.274,-4.584,0.416,1.062,2,14,0,0.180,0,0,0.127,-12.542,10.031,-3.903,1.097,0.982,2,14,0,0.175,0,0,0.181,2.856,0.390,0,0,0.204,-9.703,9.996,-1.000,0.030
1362.0,-11.015,10.050,-5.006,-0.006,1.068,2,14,0,0.187,0,0,0.142,-10.907,13.093,-4.297,0.703,1.046,2,14,0,0.189,0,0,0.140,-10.874,6.991,-4.493,0.507,1.005,2,14,0,0.211,0,0,0.090,-8.101,10.217,-4.498,0.502,1.079,2,14,0,0.180,0,0,0.125,-13.533,10.019,-3.893,1.107,1.009,2,14,0,0.181,0,0,0.189,2.753,0.466,0,0,0.211,-10.703,9.975,-0.998,-0.070
1363.0,-12.021,10.006,-5.007,-0.007,1.003,2,14,0,0.187,0,0,0.201,-11.903,13.037,-4.297,0.703,0.995,2,14,0,0.402,0,0,0.172,-11.913,6.891,-4.427,0.573,1.003,2,14,0,0.159,0,0,0.138,-9.133,10.111,-4.553,0.447,1.040,2,14,0,0.181,0,0,0.170,-14.538,9.861,-3.957,1.043,1.035,2,14,0,0.175,0,0,0.153,2.732,0.507,0,0,0.402,-11.695,9.855,-0.986,-0.169
1364.0,-12.909,9.824,-5.015,-0.015,0.979,2,14,0,0.188,0,0,0.191,-12.848,12.853,-4.329,0.671,0.977,2,14,0,0.176,0,0,0.177,-12.866,6.740,-4.487,0.513,0.970,2,14,0,0.177,0,0,0.165,-10.120,9.901,-4.503,0.497,0.993,2,14,0,0.242,0,0,0.186,-15.599,9.596,-3.982,1.018,1.046,2,14,0,0.223,0,0,0.143,2.836,0.522,0,0,0.242,-12.670,9.637,-0.964,-0.267
1365.0,-13.823,9.532,-4.992,0.008,1.016,2,14,0,0.195,0,0,0.208,-13.754,12.509,-4.260,0.740,0.992,2,14,0,0.271,0,0,0.128,-13.678,6.498,-4.384,0.616,0.977,2,14,0,0.183,0,0,0.204,-11.013,9.656,-4.545,0.455,0.963,2,14,0,0.184,0,0,0.200,-16.536,9.318,-3.954,1.046,1.015,2,14,0,0.179,0,0,0.169,2.848,0.516,0,0,0.271,-13.619,9.322,-0.932,-0.362
1366.0,-14.824,9.094,-4.938,0.062,1.069,2,14,0,0.191,0,0,0.207,-14.692,12.106,-4.292,0.708,1.015,2,14,0,0.173,0,0,0.145,-14.619,6.069,-4.434,0.566,1.052,2,14,0,0.177,0,0,0.183,-11.838,9.220,-4.460,0.540,0.996,2,14,0,0.336,0,0,0.150,-17.463,8.853,-3.965,1.035,1.031,2,14,0,0.179,0,0,0.137,2.823,0.432,0,0,0.336,-14.532,8.914,-0.891,-0.453
1367.0,-15.666,8.454,-5.010,-0.010,1.048,2,14,0,0.188,0,0,0.088,-15.577,11.610,-4.263,0.737,1.020,2,14,0,0.208,0,0,0.157,-15.578,5.495,-4.446,0.554,1.087,2,14,0,0.178,0,0,0.135,-12.710,8.694,-4.507,0.493,1.043,2,14,0,0.232,0,0,0.126,-18.325,8.336,-3.952,1.048,1.025,2,14,0,0.185,0,0,0.121,2.865,0.417,0,0,0.232,-15.399,8.417,-0.842,-0.540
1368.0,-16.408,7.870,-4.995,0.005,1.033,2,14,0,0.195,0,0,0.033,-16.402,11.031,-4.268,0.732,1.027,2,14,0,0.210,0,0,0.165,-16.421,4.867,-4.475,0.525,1.070,2,14,0,0.184,0,0,0.127,-13.541,8.096,-4.466,0.534,1.069,2,14,0,0.180,0,0,0.107,-19.117,7.711,-3.953,1.047,1.012,2,14,0,0.189,0,0,0.080,2.907,0.419,0,0,0.210,-16.212,7.836,-0.784,-0.621
1369.0,-17.260,7.185,-4.990,0.010,1.052,2,14,0,0.201,0,0,0.116,-17.141,10.335,-4.290,0.710,1.028,2,14,0,0.176,0,0,0.134,-17.188,4.166,-4.473,0.527,1.037,2,14,0,0.180,0,0,0.132,-14.342,7.444,-4.537,0.463,1.078,2,14,0,0.199,0,0,0.133,-19.838,7.077,-3.976,1.024,1.005,2,14,0,0.180,0,0,0.068,2.772,0.463,0,0,0.201,-16.964,7.177,-0.718,-0.696
1370.0,-18.030,6.469,-4.961,0.039,1.013,2,14,0,0.198,0,0,0.200,-17.746,9.537,-4.245,0.755,1.041,2,14,0,0.187,0,0,0.030,-17.829,3.454,-4.436,0.564,1.011,2,14,0,0.174,0,0,0.097,-15.083,6.684,-4.459,0.541,1.083,2,14,0,0.184,0,0,0.157,-20.483,6.354,-4.014,0.986,1.027,2,14,0,0.261,0,0,0.056,2.631,0.498,0,0,0.261,-17.645,6.446,-0.645,-0.765
1371.0,-18.641,5.691,-4.980,0.020,0.984,2,14,0,0.243,0,0,0.210,-18.383,8.756,-4.214,0.786,1.039,2,14,0,0.176,0,0,0.065,-18.477,2.729,-4.441,0.559,1.009,2,14,0,0.183,0,0,0.166,-15.756,5.815,-4.534,0.466,1.055,2,14,0,0.183,0,0,0.205,-21.158,5.555,-3.958,1.042,1.048,2,14,0,0.176,0,0,0.098,2.719,0.532,0,0,0.243,-18.251,5.650,-0.565,-0.825
1372.0,-19.047,4.852,-4.977,0.023,0.982,2,14,0,0.192,0,0,0.106,-18.972,7.895,-4.266,0.734,1.038,2,14,0,0.277,0,0,0.122,-19.058,1.858,-4.432,0.568,1.049,2,14,0,0.179,0,0,0.207,-16.276,4.909,-4.545,0.455,1.027,2,14,0,0.191,0,0,0.209,-21.841,4.708,-3.939,1.061,1.056,2,14,0,0.196,0,0,0.246,2.805,0.515,0,0,0.277,-18.774,4.799,-0.480,-0.877
1373.0,-19.455,3.955,-5.006,-0.006,1.010,2,14,0,0.191,0,0,0.086,-19.461,7.003,-4.290,0.710,1.031,2,14,0,0.250,0,0,0.180,-19.443,0.906,-4.428,0.572,1.055,2,14,0,0.173,0,0,0.145,-16.684,4.011,-4.530,0.470,0.995,2,14,0,0.176,0,0,0.179,-22.348,3.833,-3.986,1.014,1.021,2,14,0,0.178,0,0,0.326,2.813,0.488,0,0,0.250,-19.209,3.899,-0.390,-0.921
1374.0,-19.831,3.010,-4.988,0.012,1.034,2,14,0,0.187,0,0,0.109,-19.861,5.995,-4.296,0.704,1.030,2,14,0,0.173,0,0,0.238,-19.700,-0.090,-4.471,0.529,1.043,2,14,0,0.180,0,0,0.057,-17.066,3.060,-4.552,0.448,0.973,2,14,0,0.179,0,0,0.214,-22.584,2.877,-4.063,0.937,1.025,2,14,0,0.174,0,0,0.218,2.799,0.524,0,0,0.187,-19.552,2.960,-0.296,-0.955
1375.0,-20.048,2.001,-4.974,0.026,1.051,2,14,0,0.190,0,0,0.067,-20.038,5.010,-4.311,0.689,0.999,2,14,0,0.188,0,0,0.174,-19.969,-1.075,-4.451,0.549,1.032,2,14,0,0.176,0,0,0.081,-17.276,2.181,-4.488,0.512,0.955,2,14,0,0.178,0,0,0.179,-22.678,1.874,-3.996,1.004,1.041,2,14,0,0.177,0,0,0.062,2.809,0.513,0,0,0.190,-19.800,1.991,-0.199,-0.980
1376.0,-20.254,0.940,-5.049,-0.049,1.058,2,14,0,0.205,0,0,0.136,-20.156,3.982,-4.270,0.730,0.997,2,14,0,0.176,0,0,0.163,-20.185,-2.109,-4.446,0.554,1.021,2,14,0,0.212,0,0,0.167,-17.324,1.264,-4.504,0.496,0.992,2,14,0,0.200,0,0,0.125,-22.746,0.902,-3.917,1.083,1.050,2,14,0,0.179,0,0,0.052,2.737,0.456,0,0,0.212,-19.950,1.003,-0.100,-0.995
1377.0,-20.384,-0.098,-5.019,-0.019,1.021,2,14,0,0.203,0,0,0.226,-20.129,3.027,-4.316,0.684,0.965,2,14,0,0.211,0,0,0.080,-20.239,-3.077,-4.453,0.547,0.986,2,14,0,0.206,0,0,0.154,-17.319,0.274,-4.523,0.477,1.061,2,14,0,0.180,0,0,0.113,-22.767,-0.162,-3.889,1.111,1.070,2,14,0,0.322,0,0,0.060,2.638,0.417,0,0,0.322,-20.000,0.005,-0.000,-1.000
1378.0,-20.314,-1.050,-4.976,0.024,0.996,2,14,0,0.193,0,0,0.192,-20.094,2.130,-4.288,0.712,0.967,2,14,0,0.178,0,0,0.082,-20.249,-4.045,-4.452,0.548,0.993,2,14,0,0.180,0,0,0.200,-17.291,-0.832,-4.578,0.422,1.098,2,14,0,0.178,0,0,0.038,-22.854,-1.265,-3.892,1.108,1.053,2,14,0,0.177,0,0,0.150,2.770,0.377,0,0,0.193,-19.951,-0.994,0.099,-0.995
1379.0,-20.076,-2.026,-5.007,-0.007,1.012,2,14,0,0.196,0,0,0.103,-19.987,1.156,-4.250,0.750,1.015,2,14,0,0.175,0,0,0.122,-20.182,-5.030,-4.477,0.523,1.014,2,14,0,0.186,0,0,0.282,-17.176,-1.937,-4.525,0.475,1.082,2,14,0,0.211,0,0,0.131,-22.822,-2.299,-4.008,0.992,0.996,2,14,0,0.181,0,0,0.259,2.935,0.383,0,0,0.211,-19.802,-1.982,0.198,-0.980
1380.0,-19.790,-3.078,-5.018,-0.018,1.026,2,14,0,0.238,0,0,0.143,-19.804,0.154,-4.291,0.709,1.069,2,14,0,0.171,0,0,0.175,-19.846,-6.038,-4.479,0.521,1.060,2,14,0,0.179,0,0,0.202,-16.999,-3.019,-4.541,0.459,1.024,2,14,0,0.206,0,0,0.267,-22.588,-3.266,-3.965,1.035,0.972,2,14,0,0.177,0,0,0.268,2.832,0.450,0,0,0.238,-19.555,-2.951,0.295,-0.955
1381.0,-19.423,-3.959,-5.020,-0.020,0.982,2,14,0,0.191,0,0,0.075,-19.427,-0.868,-4.314,0.686,1.091,2,14,0,0.208,0,0,0.147,-19.351,-7.008,-4.466,0.534,1.069,2,14,0,0.178,0,0,0.105,-16.662,-3.971,-4.517,0.483,0.965,2,14,0,0.208,0,0,0.282,-22.149,-4.128,-3.988,1.012,0.971,2,14,0,0.177,0,0,0.147,2.806,0.457,0,0,0.208,-19.212,-3.890,0.389,-0.921
1382.0,-19.019,-4.821,-4.999,0.001,0.989,2,14,0,0.225,0,0,0.070,-18.970,-1.859,-4.312,0.688,1.081,2,14,0,0.146,0,0,0.185,-18.851,-7.874,-4.436,0.564,1.025,2,14,0,0.177,0,0,0.065,-16.135,-4.845,-4.507,0.493,0.947,2,14,0,0.176,0,0,0.215,-21.737,-4.919,-3.991,1.009,0.986,2,14,0,0.175,0,0,0.137,2.901,0.361,0,0,0.225,-18.778,-4.790,0.479,-0.878
1383.0,-18.554,-5.675,-5.020,-0.020,1.017,2,14,0,0.206,0,0,0.125,-18.371,-2.797,-4.348,0.652,1.039,2,14,0,0.174,0,0,0.234,-18.334,-8.704,-4.414,0.586,1.008,2,14,0,0.178,0,0,0.041,-15.593,-5.592,-4.499,0.501,0.935,2,14,0,0.177,0,0,0.112,-21.185,-5.747,-3.908,1.092,1.053,2,14,0,0.176,0,0,0.113,2.858,0.341,0,0,0.206,-18.256,-5.642,0.564,-0.826
1384.0,-17.932,-6.491,-5.056,-0.056,1.048,2,14,0,0.187,0,0,0.117,-17.771,-3.574,-4.264,0.736,0.970,2,14,0,0.173,0,0,0.217,-17.745,-9.584,-4.478,0.522,1.005,2,14,0,0.174,0,0,0.125,-15.013,-6.303,-4.536,0.464,0.958,2,14,0,0.293,0,0,0.061,-20.460,-6.610,-3.908,1.092,1.088,2,14,0,0.176,0,0,0.030,2.779,0.386,0,0,0.293,-17.652,-6.438,0.644,-0.765
1385.0,-17.306,-7.237,-5.004,-0.004,1.050,2,14,0,0.165,0,0,0.174,-17.119,-4.219,-4.275,0.725,0.948,2,14,0,0.173,0,0,0.146,-17.138,-10.364,-4.459,0.541,0.981,2,14,0,0.181,0,0,0.183,-14.340,-6.971,-4.525,0.475,1.004,2,14,0,0.181,0,0,0.076,-19.725,-7.418,-3.972,1.028,1.064,2,14,0,0.177,0,0,0.124,2.636,0.420,0,0,0.181,-16.971,-7.170,0.717,-0.697
1386.0,-16.455,-7.927,-4.998,0.002,1.082,2,14,0,0.185,0,0,0.114,-16.368,-4.801,-4.242,0.758,0.984,2,14,0,0.173,0,0,0.085,-16.437,-10.976,-4.457,0.543,0.987,2,14,0,0.178,0,0,0.167,-13.539,-7.627,-4.517,0.483,1.046,2,14,0,0.183,0,0,0.054,-18.944,-8.171,-3.990,1.010,1.002,2,14,0,0.257,0,0,0.219,2.696,0.439,0,0,0.257,-16.220,-7.830,0.783,-0.622
1387.0,-15.649,-8.580,-4.960,0.040,1.072,2,14,0,0.194,0,0,0.184,-15.450,-5.409,-4.259,0.741,1.021,2,14,0,0.201,0,0,0.082,-15.581,-11.504,-4.406,0.594,1.011,2,14,0,0.174,0,0,0.099,-12.759,-8.315,-4.573,0.427,1.065,2,14,0,0.179,0,0,0.073,-18.251,-8.721,-3.977,1.023,0.928,2,14,0,0.182,0,0,0.163,2.785,0.365,0,0,0.201,-15.407,-8.412,0.841,-0.541
1388.0,-14.727,-9.080,-5.036,-0.036,1.037,2,14,0,0.190,0,0,0.172,-14.645,-5.942,-4.249,0.751,1.004,2,14,0,0.174,0,0,0.110,-14.698,-12.017,-4.399,0.601,1.051,2,14,0,0.173,0,0,0.096,-11.961,-8.955,-4.514,0.486,1.038,2,14,0,0.177,0,0,0.230,-17.593,-9.137,-3.966,1.034,0.949,2,14,0,0.172,0,0,0.244,2.817,0.424,0,0,0.190,-14.540,-8.910,0.891,-0.454
1389.0,-13.786,-9.480,-5.036,-0.036,1.007,2,14,0,0.168,0,0,0.168,-13.769,-6.364,-4.271,0.729,1.014,2,14,0,0.172,0,0,0.134,-13.792,-12.483,-4.462,0.538,1.037,2,14,0,0.179,0,0,0.149,-11.067,-9.423,-4.484,0.516,1.055,2,14,0,0.181,0,0,0.293,-16.650,-9.520,-3.978,1.022,1.066,2,14,0,0.162,0,0,0.214,2.776,0.451,0,0,0.181,-13.628,-9.319,0.932,-0.363
1390.0,-12.822,-9.801,-5.038,-0.038,1.000,2,14,0,0.192,0,0,0.172,-12.822,-6.711,-4.291,0.709,1.029,2,14,0,0.174,0,0,0.164,-12.773,-12.836,-4.485,0.515,1.054,2,14,0,0.178,0,0,0.172,-10.024,-9.750,-4.476,0.524,1.069,2,14,0,0.181,0,0,0.275,-15.540,-9.923,-3.953,1.047,1.137,2,14,0,0.196,0,0,0.148,2.854,0.364,0,0,0.196,-12.680,-9.634,0.963,-0.268
1391.0,-11.851,-9.946,-5.024,-0.024,0.985,2,14,0,0.190,0,0,0.100,-11.853,-6.880,-4.328,0.672,1.036,2,14,0,0.174,0,0,0.122,-11.742,-13.080,-4.467,0.533,1.033,2,14,0,0.174,0,0,0.212,-8.986,-9.899,-4.468,0.532,1.059,2,14,0,0.184,0,0,0.203,-14.440,-10.174,-3.947,1.053,1.100,2,14,0,0.216,0,0,0.196,2.812,0.416,0,0,0.216,-11.704,-9.854,0.985,-0.170
1392.0,-10.860,-10.041,-5.007,-0.007,1.006,2,14,0,0.200,0,0,0.075,-10.820,-6.997,-4.249,0.751,1.065,2,14,0,0.172,0,0,0.102,-10.686,-13.141,-4.406,0.594,1.011,2,14,0,0.195,0,0,0.187,-7.907,-9.893,-4.497,0.503,1.046,2,14,0,0.178,0,0,0.126,-13.392,-10.317,-3.955,1.045,1.041,2,14,0,0.179,0,0,0.244,2.755,0.469,0,0,0.200,-10.712,-9.975,0.997,-0.071
1393.0,-9.882,-10.059,-5.007,-0.007,1.006,2,14,0,0.189,0,0,0.068,-9.756,-7.039,-4.248,0.752,1.069,2,14,0,0.180,0,0,0.122,-9.760,-13.145,-4.473,0.527,0.966,2,14,0,0.211,0,0,0.131,-6.914,-9.861,-4.457,0.543,1.000,2,14,0,0.173,0,0,0.100,-12.412,-10.364,-3.968,1.032,0.975,2,14,0,0.150,0,0,0.255,2.752,0.475,0,0,0.211,-9.713,-9.996,1.000,0.029
1394.0,-8.827,-9.999,-4.968,0.032,1.025,2,14,0,0.241,0,0,0.112,-8.729,-6.955,-4.277,0.723,1.040,2,14,0,0.176,0,0,0.130,-8.883,-13.030,-4.451,0.549,0.980,2,14,0,0.172,0,0,0.103,-5.985,-9.805,-4.531,0.469,0.971,2,14,0,0.181,0,0,0.058,-11.461,-10.200,-3.898,1.102,0.967,2,14,0,0.175,0,0,0.158,2.850,0.380,0,0,0.241,-8.716,-9.917,0.992,0.128
1395.0,-7.870,-9.879,-5.012,-0.012,1.002,2,14,0,0.247,0,0,0.150,-7.692,-6.814,-4.256,0.744,1.028,2,14,0,0.206,0,0,0.191,-7.936,-12.864,-4.493,0.507,1.036,2,14,0,0.170,0,0,0.139,-5.001,-9.669,-4.520,0.480,0.986,2,14,0,0.181,0,0,0.091,-10.563,-9.932,-3.928,1.072,0.985,2,14,0,0.176,0,0,0.048,2.904,0.278,0,0,0.247,-7.733,-9.740,0.974,0.227
1396.0,-6.915,-9.605,-5.011,-0.011,1.022,2,14,0,0.189,0,0,0.150,-6.722,-6.486,-4.301,0.699,1.010,2,14,0,0.207,0,0,0.160,-6.858,-12.571,-4.421,0.579,1.093,2,14,0,0.171,0,0,0.077,-3.962,-9.406,-4.559,0.441,1.000,2,14,0,0.177,0,0,0.150,-9.642,-9.588,-3.994,1.006,1.019,2,14,0,0.174,0,0,0.051,2.910,0.200,0,0,0.207,-6.772,-9.465,0.946,0.323
1397.0,-5.971,-9.219,-4.965,0.035,1.039,2,14,0,0.189,0,0,0.139,-5.818,-6.114,-4.358,0.642,0.986,2,14,0,0.205,0,0,0.140,-5.827,-12.180,-4.431,0.569,1.083,2,14,0,0.175,0,0,0.128,-3.081,-9.051,-4.552,0.448,0.981,2,14,0,0.178,0,0,0.130,-8.701,-9.230,-4.001,0.999,1.043,2,14,0,0.176,0,0,0.037,2.896,0.242,0,0,0.205,-5.843,-9.095,0.909,0.416
1398.0,-5.055,-8.713,-5.082,-0.082,1.057,2,14,0,0.193,0,0,0.117,-4.882,-5.579,-4.225,0.775,1.005,2,14,0,0.170,0,0,0.154,-4.845,-11.781,-4.428,0.572,1.030,2,14,0,0.210,0,0,0.240,-2.185,-8.581,-4.556,0.444,0.998,2,14,0,0.181,0,0,0.125,-7.755,-8.786,-3.978,1.022,1.049,2,14,0,0.179,0,0,0.019,2.918,0.251,0,0,0.210,-4.956,-8.635,0.863,0.504
1399.0,-4.143,-8.161,-4.968,0.032,1.037,2,14,0,0.190,0,0,0.175,-4.057,-5.033,-4.242,0.758,0.967,2,14,0,0.253,0,0,0.143,-3.980,-11.251,-4.438,0.562,0.993,2,14,0,0.178,0,0,0.272,-1.319,-8.029,-4.512,0.488,1.016,2,14,0,0.216,0,0,0.142,-6.833,-8.308,-3.943,1.057,1.039,2,14,0,0.181,0,0,0.132,2.864,0.361,0,0,0.253,-4.119,-8.088,0.809,0.588
1400.0,-3.407,-7.482,-5.010,-0.010,1.022,2,14,0,0.166,0,0,0.113,-3.331,-4.430,-4.305,0.695,0.950,2,14,0,0.171,0,0,0.100,-3.189,-10.591,-4.429,0.571,0.985,2,14,0,0.172,0,0,0.273,-0.588,-7.381,-4.552,0.448,1.021,2,14,0,0.183,0,0,0.094,-6.005,-7.726,-3.927,1.073,1.027,2,14,0,0.213,0,0,0.198,2.825,0.428,0,0,0.213,-3.341,-7.460,0.746,0.666
1401.0,-2.636,-6.742,-5.037,-0.037,1.006,2,14,0,0.196,0,0,0.169,-2.720,-3.781,-4.287,0.713,0.978,2,14,0,0.173,0,0,0.094,-2.575,-9.889,-4.472,0.528,0.981,2,14,0,0.179,0,0,0.184,0.166,-6.700,-4.488,0.512,1.030,2,14,0,0.201,0,0,0.138,-5.187,-7.027,-3.965,1.035,1.025,2,14,0,0.265,0,0,0.293,2.782,0.518,0,0,0.265,-2.629,-6.758,0.676,0.737
1402.0,-2.037,-5.994,-5.007,-0.007,0.979,2,14,0,0.249,0,0,0.132,-2.105,-3.061,-4.263,0.737,1.036,2,14,0,0.172,0,0,0.147,-2.053,-9.063,-4.457,0.543,1.008,2,14,0,0.177,0,0,0.057,0.813,-5.911,-4.476,0.524,1.044,2,14,0,0.215,0,0,0.132,-4.604,-6.269,-3.999,1.001,0.996,2,14,0,0.185,0,0,0.251,2.771,0.479,0,0,0.249,-1.991,-5.989,0.599,0.801
1403.0,-1.523,-5.170,-4.976,0.024,0.982,2,14,0,0.191,0,0,0.093,-1.383,-2.229,-4.228,0.772,1.097,2,14,0,0.175,0,0,0.190,-1.547,-8.228,-4.444,0.556,1.028,2,14,0,0.192,0,0,0.039,1.378,-5.068,-4.478,0.522,1.042,2,14,0,0.189,0,0,0.131,-4.085,-5.465,-3.980,1.020,1.017,2,14,0,0.443,0,0,0.235,2.765,0.464,0,0,0.443,-1.434,-5.159,0.516,0.857
1404.0,-1.054,-4.317,-4.990,0.010,0.995,2,14,0,0.195,0,0,0.098,-0.835,-1.261,-4.280,0.720,1.101,2,14,0,0.281,0,0,0.211,-1.046,-7.308,-4.453,0.547,1.032,2,14,0,0.177,0,0,0.019,1.866,-4.142,-4.532,0.468,1.041,2,14,0,0.189,0,0,0.131,-3.691,-4.524,-3.957,1.043,1.065,2,14,0,0.179,0,0,0.138,2.839,0.366,0,0,0.281,-0.961,-4.278,0.428,0.904
1405.0,-0.640,-3.403,-5.042,-0.042,1.019,2,14,0,0.196,0,0,0.132,-0.428,-0.290,-4.325,0.675,1.069,2,14,0,0.208,0,0,0.230,-0.708,-6.403,-4.481,0.519,1.031,2,14,0,0.178,0,0,0.028,2.279,-3.121,-4.567,0.433,1.031,2,14,0,0.241,0,0,0.182,-3.350,-3.499,-3.938,1.062,1.097,2,14,0,0.153,0,0,0.052,2.928,0.273,0,0,0.241,-0.579,-3.354,0.335,0.942
1406.0,-0.315,-2.416,-5.001,-0.001,1.032,2,14,0,0.195,0,0,0.159,-0.179,0.721,-4.269,0.731,1.025,2,14,0,0.224,0,0,0.196,-0.328,-5.404,-4.455,0.545,1.043,2,14,0,0.211,0,0,0.072,2.569,-2.165,-4.520,0.480,0.988,2,14,0,0.176,0,0,0.183,-3.072,-2.464,-3.950,1.050,1.075,2,14,0,0.194,0,0,0.089,2.934,0.271,0,0,0.224,-0.292,-2.397,0.240,0.971
1407.0,-0.116,-1.464,-4.943,0.057,1.042,2,14,0,0.284,0,0,0.176,-0.105,1.718,-4.308,0.692,1.008,2,14,0,1.027,0,0,0.097,-0.070,-4.424,-4.404,0.596,1.026,2,14,0,0.184,0,0,0.129,2.680,-1.174,-4.515,0.485,0.970,2,14,0,0.181,0,0,0.118,-2.819,-1.498,-3.939,1.061,1.020,2,14,0,0.222,0,0,0.123,2.843,0.327,0,0,1.027,-0.101,-1.416,0.142,0.990
1408.0,0.005,-0.433,-4.965,0.035,1.059,2,14,0,0.195,0,0,0.196,-0.073,2.710,-4.268,0.732,0.993,2,14,0,0.175,0,0,0.063,0.077,-3.398,-4.427,0.573,1.014,2,14,0,0.186,0,0,0.191,2.790,-0.297,-4.525,0.475,0.955,2,14,0,0.177,0,0,0.105,-2.646,-0.519,-3.995,1.005,1.004,2,14,0,0.181,0,0,0.192,2.823,0.376,0,0,0.195,-0.009,-0.421,0.042,0.999
1409.0,-0.063,0.613,-5.008,-0.008,1.062,2,14,0,0.193,0,0,0.138,-0.071,3.658,-4.192,0.808,0.986,2,14,0,0.173,0,0,0.023,0.154,-2.413,-4.459,0.541,0.997,2,14,0,0.242,0,0,0.271,2.774,0.637,-4.520,0.480,1.003,2,14,0,0.182,0,0,0.131,-2.720,0.455,-3.960,1.040,0.987,2,14,0,0.177,0,0,0.122,2.861,0.322,0,0,0.242,-0.017,0.579,-0.058,0.998
1410.0,-0.220,1.671,-4.999,0.001,1.060,2,14,0,0.190,0,0,0.122,-0.050,4.654,-4.341,0.659,1.018,2,14,0,0.177,0,0,0.149,0.075,-1.447,-4.465,0.535,1.006,2,14,0,0.237,0,0,0.296,2.678,1.718,-4.489,0.511,1.071,2,14,0,0.180,0,0,0.107,-2.799,1.474,-3.930,1.070,1.013,2,14,0,0.177,0,0,0.156,2.799,0.340,0,0,0.237,-0.124,1.573,-0.157,0.988
1411.0,-0.488,2.654,-5.011,-0.011,1.024,2,14,0,0.187,0,0,0.094,-0.200,5.724,-4.322,0.678,1.042,2,14,0,0.178,0,0,0.230,-0.235,-0.432,-4.396,0.604,1.068,2,14,0,0.233,0,0,0.200,2.514,2.776,-4.488,0.512,1.070,2,14,0,0.179,0,0,0.160,-2.989,2.521,-3.961,1.039,1.028,2,14,0,0.177,0,0,0.201,2.716,0.343,0,0,0.233,-0.331,2.551,-0.255,0.967
1412.0,-0.829,3.635,-5.065,-0.065,1.009,2,14,0,0.191,0,0,0.119,-0.438,6.717,-4.369,0.631,1.013,2,14,0,0.171,0,0,0.305,-0.691,0.553,-4.395,0.605,1.075,2,14,0,0.177,0,0,0.092,2.319,3.752,-4.516,0.484,1.045,2,14,0,0.182,0,0,0.272,-3.313,3.462,-4.005,0.995,1.009,2,14,0,0.176,0,0,0.178,2.706,0.324,0,0,0.191,-0.634,3.503,-0.350,0.937
1413.0,-1.088,4.599,-5.012,-0.012,0.973,2,14,0,0.266,0,0,0.207,-0.871,7.644,-4.353,0.647,1.024,2,14,0,0.185,0,0,0.279,-1.120,1.458,-4.407,0.593,1.026,2,14,0,0.182,0,0,0.078,1.944,4.698,-4.562,0.438,1.044,2,14,0,0.179,0,0,0.302,-3.806,4.366,-4.013,0.987,1.009,2,14,0,0.179,0,0,0.102,2.905,0.278,0,0,0.266,-1.030,4.421,-0.442,0.897
1414.0,-1.519,5.471,-5.015,-0.015,0.962,2,14,0,0.185,0,0,0.248,-1.503,8.491,-4.258,0.742,1.040,2,14,0,0.177,0,0,0.153,-1.575,2.384,-4.439,0.561,1.015,2,14,0,0.179,0,0,0.127,1.382,5.629,-4.457,0.543,1.069,2,14,0,0.186,0,0,0.272,-4.262,5.266,-3.947,1.053,1.008,2,14,0,0.182,0,0,0.137,2.951,0.350,0,0,0.186,-1.516,5.294,-0.529,0.848
1415.0,-2.111,6.254,-4.996,0.004,1.006,2,14,0,0.345,0,0,0.207,-2.140,9.229,-4.314,0.686,1.021,2,14,0,0.173,0,0,0.051,-2.030,3.270,-4.468,0.532,1.004,2,14,0,0.177,0,0,0.243,0.594,6.452,-4.500,0.500,1.069,2,14,0,0.179,0,0,0.187,-4.855,6.079,-3.977,1.023,1.008,2,14,0,0.177,0,0,0.123,2.757,0.464,0,0,0.345,-2.087,6.115,-0.611,0.791
1416.0,-2.847,6.931,-5.001,-0.001,1.033,2,14,0,0.188,0,0,0.090,-2.881,9.963,-4.305,0.695,1.045,2,14,0,0.172,0,0,0.072,-2.701,4.059,-4.526,0.474,1.011,2,14,0,0.179,0,0,0.257,-0.136,7.170,-4.538,0.462,1.011,2,14,0,0.183,0,0,0.174,-5.451,6.835,-3.930,1.070,1.000,2,14,0,0.477,0,0,0.153,2.761,0.496,0,0,0.477,-2.737,6.874,-0.687,0.726
1417.0,-3.664,7.565,-5.009,-0.009,1.056,2,14,0,0.163,0,0,0.019,-3.608,10.702,-4.220,0.780,1.028,2,14,0,0.176,0,0,0.099,-3.459,4.630,-4.475,0.525,1.014,2,14,0,0.178,0,0,0.141,-0.847,7.799,-4.500,0.500,0.953,2,14,0,0.180,0,0,0.114,-6.238,7.533,-3.958,1.042,1.015,2,14,0,0.174,0,0,0.122,2.780,0.452,0,0,0.180,-3.460,7.565,-0.756,0.654
1418.0,-4.442,8.217,-5.062,-0.062,1.037,2,14,0,0.195,0,0,0.035,-4.341,11.362,-4.264,0.736,0.995,2,14,0,0.174,0,0,0.111,-4.382,5.173,-4.477,0.523,1.050,2,14,0,0.183,0,0,0.046,-1.559,8.368,-4.501,0.499,0.949,2,14,0,1.334,0,0,0.038,-7.085,8.131,-3.954,1.046,1.020,2,14,0,0.180,0,0,0.097,2.867,0.364,0,0,1.334,-4.248,8.180,-0.818,0.575
1419.0,-5.217,8.791,-5.059,-0.059,1.033,2,14,0,0.187,0,0,0.092,-5.107,11.937,-4.286,0.714,0.971,2,14,0,0.178,0,0,0.161,-5.301,5.681,-4.443,0.557,1.032,2,14,0,0.179,0,0,0.115,-2.447,8.883,-4.501,0.499,0.981,2,14,0,0.190,0,0,0.058,-7.956,8.738,-3.955,1.045,1.013,2,14,0,0.178,0,0,0.174,2.827,0.393,0,0,0.190,-5.093,8.713,-0.871,0.491
1420.0,-6.123,9.302,-5.015,-0.015,1.052,2,14,0,0.189,0,0,0.143,-5.968,12.456,-4.250,0.750,1.000,2,14,0,0.535,0,0,0.242,-6.174,6.136,-4.453,0.547,0.997,2,14,0,0.208,0,0,0.100,-3.272,9.385,-4.496,0.504,0.979,2,14,0,0.173,0,0,0.072,-8.848,9.162,-3.979,1.021,0.982,2,14,0,0.177,0,0,0.153,2.899,0.363,0,0,0.535,-5.988,9.160,-0.916,0.401
1421.0,-7.101,9.698,-5.031,-0.031,1.046,2,14,0,0.190,0,0,0.179,-6.937,12.780,-4.306,0.694,1.026,2,14,0,0.173,0,0,0.201,-7.045,6.587,-4.398,0.602,0.981,2,14,0,0.186,0,0,0.107,-4.177,9.837,-4.490,0.510,1.002,2,14,0,0.181,0,0,0.174,-9.717,9.443,-3.940,1.060,0.969,2,14,0,0.174,0,0,0.079,2.846,0.411,0,0,0.190,-6.922,9.515,-0.951,0.308
1422.0,-8.092,9.979,-5.036,-0.036,1.036,2,14,0,0.188,0,0,0.202,-7.932,12.986,-4.278,0.722,1.037,2,14,0,0.171,0,0,0.143,-7.933,6.905,-4.418,0.582,0.980,2,14,0,0.181,0,0,0.167,-5.155,10.181,-4.506,0.494,1.023,2,14,0,0.175,0,0,0.252,-10.655,9.657,-3.906,1.094,1.010,2,14,0,0.176,0,0,0.063,2.819,0.487,0,0,0.188,-7.887,9.774,-0.977,0.211
1423.0,-9.151,10.113,-5.018,-0.018,1.021,2,14,0,0.231,0,0,0.192,-9.032,13.144,-4.300,0.700,1.055,2,14,0,0.176,0,0,0.158,-8.867,7.114,-4.423,0.577,1.010,2,14,0,0.182,0,0,0.229,-6.216,10.361,-4.568,0.432,1.027,2,14,0,0.180,0,0,0.275,-11.683,9.852,-3.961,1.039,1.055,2,14,0,0.184,0,0,0.062,2.756,0.545,0,0,0.231,-8.874,9.936,-0.994,0.113
1424.0,-10.182,10.111,-4.998,0.002,0.981,2,14,0,0.193,0,0,0.169,-10.067,13.192,-4.277,0.723,1.006,2,14,0,0.174,0,0,0.173,-9.903,7.190,-4.425,0.575,1.061,2,14,0,0.176,0,0,0.230,-7.136,10.343,-4.552,0.448,1.025,2,14,0,0.231,0,0,0.194,-12.723,9.965,-3.967,1.033,1.060,2,14,0,0.491,0,0,0.115,2.745,0.434,0,0,0.491,-9.871,9.999,-1.000,0.013
1425.0,-11.079,10.021,-4.948,0.052,0.957,2,14,0,0.193,0,0,0.061,-11.040,13.074,-4.241,0.759,0.981,2,14,0,0.233,0,0,0.105,-11.013,7.152,-4.452,0.548,1.089,2,14,0,0.147,0,0,0.224,-8.137,10.251,-4.530,0.470,1.058,2,14,0,0.182,0,0,0.139,-13.778,9.992,-3.973,1.027,1.042,2,14,0,0.179,0,0,0.195,2.871,0.394,0,0,0.233,-10.870,9.962,-0.996,-0.087
1426.0,-12.111,9.899,-4.951,0.049,0.993,2,14,0,0.188,0,0,0.097,-12.044,12.930,-4.225,0.775,0.986,2,14,0,0.173,0,0,0.115,-12.070,6.994,-4.432,0.568,1.076,2,14,0,0.178,0,0,0.229,-9.187,10.073,-4.571,0.429,1.074,2,14,0,0.177,0,0,0.097,-14.802,9.818,-3.960,1.040,1.032,2,14,0,0.176,0,0,0.182,2.869,0.410,0,0,0.188,-11.860,9.825,-0.983,-0.186
1427.0,-13.123,9.717,-5.036,-0.036,0.998,2,14,0,0.210,0,0,0.164,-12.996,12.704,-4.342,0.658,0.961,2,14,0,0.171,0,0,0.101,-13.071,6.729,-4.416,0.584,1.038,2,14,0,0.173,0,0,0.222,-10.198,9.761,-4.513,0.487,1.070,2,14,0,0.180,0,0,0.067,-15.776,9.571,-3.931,1.069,1.003,2,14,0,0.611,0,0,0.169,2.878,0.404,0,0,0.611,-12.832,9.591,-0.959,-0.283
1428.0,-14.019,9.450,-5.025,-0.025,0.992,2,14,0,0.279,0,0,0.196,-13.858,12.411,-4.268,0.732,0.967,2,14,0,0.175,0,0,0.075,-13.983,6.266,-4.409,0.591,1.020,2,14,0,0.180,0,0,0.125,-11.216,9.418,-4.471,0.529,1.035,2,14,0,0.183,0,0,0.142,-16.700,9.295,-3.985,1.015,0.995,2,14,0,0.221,0,0,0.207,2.858,0.468,0,0,0.279,-13.775,9.260,-0.926,-0.378
1429.0,-14.870,9.049,-5.007,-0.007,1.025,2,14,0,0.185,0,0,0.211,-14.740,12.032,-4.284,0.716,1.005,2,14,0,0.174,0,0,0.120,-14.922,5.802,-4.438,0.562,0.999,2,14,0,0.177,0,0,0.155,-12.118,8.985,-4.499,0.501,0.991,2,14,0,0.197,0,0,0.138,-17.576,8.823,-3.918,1.082,1.012,2,14,0,0.285,0,0,0.150,2.799,0.462,0,0,0.285,-14.681,8.837,-0.884,-0.468
1430.0,-15.727,8.525,-4.995,0.005,1.086,2,14,0,0.189,0,0,0.199,-15.678,11.513,-4.260,0.740,1.037,2,14,0,0.173,0,0,0.129,-15.734,5.314,-4.486,0.514,0.967,2,14,0,0.175,0,0,0.107,-12.995,8.569,-4.473,0.527,0.953,2,14,0,0.156,0,0,0.179,-18.415,8.281,-3.932,1.068,1.023,2,14,0,0.215,0,0,0.113,2.782,0.516,0,0,0.215,-15.540,8.325,-0.833,-0.554
1431.0,-16.601,7.850,-4.985,0.015,1.115,2,14,0,0.189,0,0,0.138,-16.510,10.911,-4.233,0.767,1.045,2,14,0,0.177,0,0,0.140,-16.466,4.722,-4.480,0.520,0.962,2,14,0,0.177,0,0,0.036,-13.757,8.019,-4.515,0.485,0.958,2,14,0,0.298,0,0,0.173,-19.196,7.659,-3.962,1.038,1.043,2,14,0,0.233,0,0,0.079,2.795,0.505,0,0,0.298,-16.343,7.731,-0.773,-0.634
1432.0,-17.373,7.078,-4.992,0.008,1.105,2,14,0,0.195,0,0,0.110,-17.229,10.227,-4.287,0.713,1.045,2,14,0,0.175,0,0,0.117,-17.158,4.100,-4.515,0.485,0.993,2,14,0,0.177,0,0,0.071,-14.439,7.410,-4.481,0.519,0.987,2,14,0,0.183,0,0,0.202,-19.950,6.943,-3.950,1.050,1.058,2,14,0,0.358,0,0,0.052,2.782,0.500,0,0,0.358,-17.083,7.059,-0.706,-0.708
1433.0,-18.074,6.331,-4.996,0.004,1.053,2,14,0,0.231,0,0,0.141,-17.931,9.408,-4.322,0.678,1.060,2,14,0,0.189,0,0,0.106,-17.903,3.364,-4.450,0.550,1.036,2,14,0,0.177,0,0,0.092,-15.087,6.621,-4.465,0.535,1.051,2,14,0,0.185,0,0,0.152,-20.656,6.177,-3.942,1.058,1.047,2,14,0,0.175,0,0,0.080,2.792,0.452,0,0,0.231,-17.753,6.316,-0.632,-0.775
1434.0,-18.672,5.493,-4.969,0.031,1.012,2,14,0,0.202,0,0,0.149,-18.546,8.597,-4.328,0.672,1.032,2,14,0,0.192,0,0,0.129,-18.535,2.538,-4.492,0.508,1.045,2,14,0,0.198,0,0,0.108,-15.727,5.707,-4.479,0.521,1.091,2,14,0,0.177,0,0,0.091,-21.277,5.341,-3.944,1.056,1.028,2,14,0,0.177,0,0,0.112,2.803,0.430,0,0,0.202,-18.344,5.511,-0.551,-0.834
1435.0,-19.183,4.631,-5.009,-0.009,0.996,2,14,0,0.186,0,0,0.152,-19.068,7.773,-4.311,0.689,1.018,2,14,0,0.174,0,0,0.147,-19.098,1.705,-4.446,0.554,1.045,2,14,0,0.226,0,0,0.169,-16.329,4.800,-4.514,0.486,1.072,2,14,0,0.235,0,0,0.176,-21.853,4.491,-4.004,0.996,1.005,2,14,0,0.172,0,0,0.172,2.856,0.499,0,0,0.235,-18.853,4.650,-0.465,-0.885
1436.0,-19.683,3.719,-5.034,-0.034,0.978,2,14,0,0.192,0,0,0.227,-19.530,6.914,-4.326,0.674,1.019,2,14,0,0.207,0,0,0.204,-19.588,0.791,-4.416,0.584,1.057,2,14,0,0.177,0,0,0.232,-16.748,3.838,-4.477,0.523,1.025,2,14,0,0.181,0,0,0.187,-22.336,3.606,-3.922,1.078,0.994,2,14,0,0.179,0,0,0.240,2.879,0.485,0,0,0.207,-19.273,3.743,-0.374,-0.927
1437.0,-19.943,2.782,-5.043,-0.043,0.965,2,14,0,0.193,0,0,0.161,-19.862,5.946,-4.285,0.715,1.050,2,14,0,0.170,0,0,0.200,-19.942,-0.214,-4.417,0.583,1.061,2,14,0,0.194,0,0,0.247,-17.041,2.862,-4.446,0.554,0.994,2,14,0,0.186,0,0,0.165,-22.683,2.639,-3.938,1.062,0.995,2,14,0,0.182,0,0,0.260,2.958,0.445,0,0,0.194,-19.600,2.799,-0.280,-0.960
1438.0,-20.111,1.831,-4.990,0.010,0.978,2,14,0,0.196,0,0,0.098,-20.061,4.900,-4.265,0.735,1.061,2,14,0,0.177,0,0,0.154,-20.137,-1.247,-4.435,0.565,1.037,2,14,0,0.175,0,0,0.214,-17.236,1.919,-4.524,0.476,0.978,2,14,0,0.181,0,0,0.122,-22.840,1.651,-3.978,1.022,0.982,2,14,0,0.181,0,0,0.187,2.913,0.415,0,0,0.196,-19.832,1.826,-0.183,-0.983
1439.0,-20.237,0.849,-5.003,-0.003,1.004,2,14,0,0.265,0,0,0.092,-20.167,3.840,-4.292,0.708,1.056,2,14,0,0.171,0,0,0.145,-20.260,-2.186,-4.431,0.569,1.007,2,14,0,0.179,0,0,0.199,-17.385,0.960,-4.478,0.522,0.969,2,14,0,0.181,0,0,0.123,-22.868,0.707,-4.029,0.971,0.997,2,14,0,0.255,0,0,0.081,2.808,0.438,0,0,0.265,-19.965,0.836,-0.084,-0.997
1440.0,-20.261,-0.145,-4.981,0.019,1.015,2,14,0,0.161,0,0,0.083,-20.188,2.786,-4.255,0.745,1.026,2,14,0,0.208,0,0,0.171,-20.131,-3.176,-4.396,0.604,1.033,2,14,0,0.791,0,0,0.040,-17.458,0.011,-4.480,0.520,0.988,2,14,0,0.177,0,0,0.157,-22.857,-0.281,-3.982,1.018,1.023,2,14,0,0.179,0,0,0.045,2.785,0.492,0,0,0.791,-19.999,-0.163,0.016,-1.000
1441.0,-20.226,-1.168,-5.032,-0.032,1.044,2,14,0,0.221,0,0,0.114,-20.034,1.788,-4.281,0.719,0.985,2,14,0,0.172,0,0,0.133,-19.996,-4.231,-4.448,0.552,1.052,2,14,0,0.173,0,0,0.055,-17.403,-0.974,-4.488,0.512,1.026,2,14,0,0.181,0,0,0.171,-22.821,-1.333,-3.909,1.091,1.048,2,14,0,0.175,0,0,0.069,2.832,0.506,0,0,0.221,-19.932,-1.161,0.116,-0.993
1442.0,-20.025,-2.214,-4.954,0.046,1.054,2,14,0,0.190,0,0,0.101,-19.905,0.868,-4.278,0.722,0.959,2,14,0,0.236,0,0,0.088,-19.827,-5.288,-4.409,0.591,1.031,2,14,0,0.174,0,0,0.120,-17.191,-1.950,-4.599,0.401,1.054,2,14,0,0.180,0,0,0.134,-22.646,-2.353,-3.924,1.076,1.042,2,14,0,0.209,0,0,0.083,2.820,0.467,0,0,0.236,-19.767,-2.146,0.215,-0.977
1443.0,-19.767,-3.194,-4.991,0.009,1.033,2,14,0,0.184,0,0,0.121,-19.677,-0.035,-4.253,0.747,0.979,2,14,0,0.172,0,0,0.096,-19.584,-6.277,-4.506,0.494,0.989,2,14,0,0.180,0,0,0.142,-16.878,-2.953,-4.522,0.478,1.084,2,14,0,0.182,0,0,0.071,-22.417,-3.329,-3.989,1.011,1.031,2,14,0,0.178,0,0,0.116,2.837,0.406,0,0,0.184,-19.504,-3.111,0.311,-0.950
1444.0,-19.417,-4.153,-4.968,0.032,1.010,2,14,0,0.217,0,0,0.146,-19.343,-0.977,-4.225,0.775,1.012,2,14,0,0.191,0,0,0.119,-19.313,-7.131,-4.461,0.539,0.944,2,14,0,0.176,0,0,0.090,-16.412,-3.945,-4.474,0.526,1.076,2,14,0,0.180,0,0,0.069,-22.044,-4.308,-3.986,1.014,1.017,2,14,0,0.184,0,0,0.140,2.808,0.293,0,0,0.217,-19.146,-4.044,0.404,-0.915
1445.0,-19.016,-5.079,-5.024,-0.024,1.006,2,14,0,0.214,0,0,0.202,-18.929,-1.883,-4.226,0.774,1.051,2,14,0,0.172,0,0,0.155,-18.949,-8.001,-4.445,0.555,0.971,2,14,0,1.003,0,0,0.156,-15.955,-4.892,-4.490,0.510,1.029,2,14,0,0.183,0,0,0.122,-21.674,-5.209,-3.974,1.026,0.993,2,14,0,0.179,0,0,0.198,2.861,0.350,0,0,1.003,-18.696,-4.937,0.494,-0.870
1446.0,-18.493,-5.966,-5.027,-0.027,1.007,2,14,0,0.230,0,0,0.242,-18.408,-2.758,-4.252,0.748,1.072,2,14,0,0.173,0,0,0.183,-18.530,-8.866,-4.464,0.536,1.017,2,14,0,0.175,0,0,0.271,-15.565,-5.780,-4.503,0.497,0.977,2,14,0,0.173,0,0,0.186,-21.150,-6.018,-3.949,1.051,1.012,2,14,0,0.179,0,0,0.190,2.868,0.405,0,0,0.230,-18.160,-5.780,0.578,-0.816
1447.0,-17.795,-6.718,-4.970,0.030,1.006,2,14,0,0.201,0,0,0.170,-17.742,-3.610,-4.352,0.648,1.096,2,14,0,0.202,0,0,0.173,-17.873,-9.644,-4.455,0.545,1.075,2,14,0,0.170,0,0,0.234,-14.957,-6.572,-4.493,0.507,0.983,2,14,0,0.192,0,0,0.197,-20.447,-6.765,-3.909,1.091,1.038,2,14,0,0.185,0,0,0.098,2.857,0.415,0,0,0.202,-17.542,-6.566,0.657,-0.754
1448.0,-17.065,-7.297,-4.978,0.022,0.984,2,14,0,0.204,0,0,0.042,-16.922,-4.402,-4.240,0.760,1.074,2,14,0,0.180,0,0,0.192,-17.047,-10.427,-4.396,0.604,1.121,2,14,0,0.183,0,0,0.150,-14.281,-7.253,-4.510,0.490,0.991,2,14,0,0.188,0,0,0.177,-19.696,-7.516,-3.978,1.022,1.045,2,14,0,0.218,0,0,0.087,2.823,0.434,0,0,0.218,-16.849,-7.286,0.729,-0.685
1449.0,-16.335,-7.933,-5.010,-0.010,1.022,2,14,0,0.188,0,0,0.073,-16.174,-5.010,-4.254,0.746,1.002,2,14,0,0.179,0,0,0.154,-16.220,-11.151,-4.415,0.585,1.076,2,14,0,0.178,0,0,0.193,-13.540,-7.854,-4.559,0.441,1.022,2,14,0,0.183,0,0,0.172,-18.895,-8.191,-4.046,0.954,1.036,2,14,0,0.180,0,0,0.113,2.748,0.460,0,0,0.188,-16.087,-7.934,0.793,-0.609
1450.0,-15.507,-8.519,-5.021,-0.021,1.046,2,14,0,0.240,0,0,0.065,-15.380,-5.560,-4.249,0.751,0.995,2,14,0,0.171,0,0,0.141,-15.364,-11.727,-4.455,0.545,1.035,2,14,0,0.176,0,0,0.199,-12.633,-8.392,-4.614,0.386,1.077,2,14,0,0.185,0,0,0.076,-18.082,-8.788,-4.002,0.998,0.996,2,14,0,0.182,0,0,0.141,2.782,0.384,0,0,0.240,-15.265,-8.502,0.850,-0.526
1451.0,-14.606,-9.098,-5.059,-0.059,1.075,2,14,0,0.195,0,0,0.123,-14.454,-5.988,-4.321,0.679,1.001,2,14,0,0.179,0,0,0.080,-14.394,-12.174,-4.513,0.487,1.016,2,14,0,0.177,0,0,0.187,-11.728,-8.949,-4.617,0.383,1.086,2,14,0,0.178,0,0,0.124,-17.268,-9.267,-4.006,0.994,0.993,2,14,0,0.199,0,0,0.147,2.868,0.340,0,0,0.199,-14.390,-8.985,0.898,-0.439
1452.0,-13.584,-9.527,-5.018,-0.018,1.052,2,14,0,0.221,0,0,0.163,-13.531,-6.383,-4.344,0.656,1.006,2,14,0,0.324,0,0,0.082,-13.484,-12.552,-4.503,0.497,0.974,2,14,0,0.177,0,0,0.170,-10.762,-9.356,-4.559,0.441,1.048,2,14,0,0.174,0,0,0.132,-16.290,-9.632,-4.018,0.982,1.018,2,14,0,0.174,0,0,0.109,2.864,0.312,0,0,0.324,-13.471,-9.378,0.938,-0.347
1453.0,-12.593,-9.847,-5.036,-0.036,1.014,2,14,0,0.192,0,0,0.203,-12.478,-6.646,-4.332,0.668,0.999,2,14,0,0.181,0,0,0.128,-12.591,-12.830,-4.451,0.549,0.947,2,14,0,0.180,0,0,0.127,-9.743,-9.663,-4.542,0.458,1.034,2,14,0,0.178,0,0,0.161,-15.299,-9.924,-3.969,1.031,1.017,2,14,0,0.175,0,0,0.109,2.899,0.328,0,0,0.192,-12.517,-9.678,0.968,-0.252
1454.0,-11.662,-10.030,-4.953,0.047,0.964,2,14,0,0.186,0,0,0.161,-11.625,-6.838,-4.252,0.748,0.960,2,14,0,0.177,0,0,0.030,-11.693,-12.967,-4.429,0.571,0.967,2,14,0,0.176,0,0,0.073,-8.732,-9.873,-4.473,0.527,0.991,2,14,0,0.175,0,0,0.187,-14.369,-10.143,-3.911,1.089,1.011,2,14,0,0.174,0,0,0.117,2.903,0.312,0,0,0.186,-11.539,-9.881,0.988,-0.154
1455.0,-10.706,-10.117,-4.903,0.097,0.977,2,14,0,0.186,0,0,0.137,-10.711,-7.028,-4.292,0.708,0.987,2,14,0,0.179,0,0,0.143,-10.667,-13.022,-4.468,0.532,1.013,2,14,0,0.263,0,0,0.016,-7.862,-9.954,-4.425,0.575,0.950,2,14,0,0.181,0,0,0.125,-13.316,-10.243,-3.941,1.059,1.024,2,14,0,0.199,0,0,0.124,2.784,0.345,0,0,0.263,-10.544,-9.985,0.999,-0.054
1456.0,-9.765,-10.153,-4.937,0.063,0.997,2,14,0,0.194,0,0,0.173,-9.704,-7.102,-4.272,0.728,1.042,2,14,0,0.196,0,0,0.201,-9.620,-13.083,-4.477,0.523,1.022,2,14,0,0.231,0,0,0.067,-6.885,-9.953,-4.418,0.582,0.994,2,14,0,0.181,0,0,0.122,-12.344,-10.262,-3.945,1.055,1.011,2,14,0,0.179,0,0,0.130,2.766,0.342,0,0,0.231,-9.545,-9.990,0.999,0.046
1457.0,-8.828,-10.034,-5.006,-0.006,1.034,2,14,0,0.192,0,0,0.175,-8.682,-7.079,-4.330,0.670,1.073,2,14,0,0.174,0,0,0.263,-8.590,-13.040,-4.414,0.586,1.027,2,14,0,0.208,0,0,0.129,-5.879,-9.850,-4.513,0.487,1.025,2,14,0,0.159,0,0,0.113,-11.376,-10.148,-3.989,1.011,1.010,2,14,0,0.241,0,0,0.110,2.745,0.332,0,0,0.241,-8.550,-9.894,0.989,0.145
1458.0,-7.810,-9.750,-5.018,-0.018,1.090,2,14,0,0.187,0,0,0.081,-7.576,-6.857,-4.315,0.685,1.112,2,14,0,0.173,0,0,0.243,-7.605,-12.916,-4.454,0.546,1.014,2,14,0,0.210,0,0,0.196,-4.818,-9.621,-4.537,0.463,1.049,2,14,0,0.223,0,0,0.095,-10.304,-9.951,-3.941,1.059,1.035,2,14,0,0.167,0,0,0.134,2.724,0.365,0,0,0.223,-7.569,-9.700,0.970,0.243
1459.0,-6.691,-9.443,-4.982,0.018,1.106,2,14,0,0.184,0,0,0.104,-6.581,-6.486,-4.262,0.738,1.087,2,14,0,0.172,0,0,0.188,-6.687,-12.606,-4.469,0.531,1.028,2,14,0,0.182,0,0,0.167,-3.863,-9.361,-4.534,0.466,1.033,2,14,0,0.178,0,0,0.119,-9.342,-9.714,-3.931,1.069,1.012,2,14,0,0.179,0,0,0.185,2.864,0.408,0,0,0.184,-6.613,-9.409,0.941,0.339
1460.0,-5.655,-9.070,-5.027,-0.027,1.044,2,14,0,0.194,0,0,0.216,-5.580,-5.991,-4.262,0.738,1.067,2,14,0,0.201,0,0,0.194,-5.765,-12.169,-4.441,0.559,1.046,2,14,0,0.204,0,0,0.117,-2.906,-9.020,-4.550,0.450,1.034,2,14,0,0.215,0,0,0.172,-8.428,-9.277,-3.945,1.055,1.016,2,14,0,0.174,0,0,0.138,2.790,0.364,0,0,0.215,-5.691,-9.024,0.902,0.431
1461.0,-4.789,-8.574,-5.010,-0.010,0.982,2,14,0,0.190,0,0,0.205,-4.664,-5.490,-4.291,0.709,1.006,2,14,0,0.174,0,0,0.226,-4.799,-11.690,-4.436,0.564,1.061,2,14,0,0.243,0,0,0.157,-2.010,-8.535,-4.533,0.467,1.047,2,14,0,0.177,0,0,0.176,-7.537,-8.796,-3.871,1.129,1.023,2,14,0,0.176,0,0,0.141,2.821,0.370,0,0,0.243,-4.811,-8.549,0.855,0.519
1462.0,-3.972,-8.030,-4.996,0.004,0.947,2,14,0,0.191,0,0,0.194,-3.800,-4.919,-4.261,0.739,0.957,2,14,0,0.203,0,0,0.264,-3.895,-11.122,-4.502,0.498,1.050,2,14,0,0.177,0,0,0.219,-1.094,-7.898,-4.463,0.537,1.052,2,14,0,0.384,0,0,0.204,-6.669,-8.228,-3.874,1.126,1.018,2,14,0,0.178,0,0,0.167,2.928,0.396,0,0,0.384,-3.984,-7.988,0.799,0.602
1463.0,-3.318,-7.439,-5.035,-0.035,0.937,2,14,0,0.188,0,0,0.126,-3.080,-4.253,-4.300,0.700,0.924,2,14,0,0.171,0,0,0.218,-3.123,-10.450,-4.446,0.554,1.023,2,14,0,0.182,0,0,0.210,-0.365,-7.255,-4.480,0.520,1.004,2,14,0,0.177,0,0,0.170,-5.946,-7.577,-3.992,1.008,1.023,2,14,0,0.176,0,0,0.127,2.831,0.355,0,0,0.188,-3.216,-7.347,0.735,0.678
1464.0,-2.614,-6.796,-4.982,0.018,0.992,2,14,0,0.190,0,0,0.188,-2.493,-3.577,-4.307,0.693,0.898,2,14,0,0.151,0,0,0.106,-2.480,-9.702,-4.452,0.548,0.999,2,14,0,0.205,0,0,0.143,0.289,-6.496,-4.541,0.459,1.003,2,14,0,0.177,0,0,0.113,-5.271,-6.830,-3.950,1.050,1.037,2,14,0,0.176,0,0,0.086,2.849,0.315,0,0,0.205,-2.517,-6.633,0.663,0.748
1465.0,-1.956,-6.002,-5.035,-0.035,1.040,2,14,0,0.242,0,0,0.195,-1.972,-2.860,-4.346,0.654,0.937,2,14,0,0.176,0,0,0.078,-1.870,-8.879,-4.508,0.492,1.008,2,14,0,0.175,0,0,0.127,0.922,-5.679,-4.495,0.505,1.009,2,14,0,0.176,0,0,0.121,-4.648,-6.055,-3.997,1.003,1.040,2,14,0,0.176,0,0,0.088,2.886,0.317,0,0,0.242,-1.892,-5.853,0.585,0.811
1466.0,-1.455,-5.103,-4.989,0.011,1.071,2,14,0,0.188,0,0,0.123,-1.541,-2.034,-4.248,0.752,1.001,2,14,0,0.211,0,0,0.146,-1.350,-8.041,-4.452,0.548,1.001,2,14,0,0.208,0,0,0.103,1.539,-4.842,-4.503,0.497,0.995,2,14,0,0.181,0,0,0.191,-4.100,-5.201,-3.983,1.017,1.040,2,14,0,0.214,0,0,0.082,2.832,0.310,0,0,0.214,-1.348,-5.014,0.501,0.865
1467.0,-0.989,-4.147,-5.012,-0.012,1.082,2,14,0,0.246,0,0,0.087,-1.017,-1.152,-4.219,0.781,1.065,2,14,0,0.173,0,0,0.110,-0.875,-7.140,-4.458,0.542,0.999,2,14,0,0.202,0,0,0.122,1.917,-3.972,-4.446,0.554,0.969,2,14,0,0.179,0,0,0.115,-3.605,-4.319,-3.980,1.020,1.040,2,14,0,0.175,0,0,0.119,2.817,0.345,0,0,0.246,-0.891,-4.126,0.413,0.911
1468.0,-0.670,-3.158,-5.015,-0.015,1.069,2,14,0,0.219,0,0,0.048,-0.519,-0.119,-4.281,0.719,1.104,2,14,0,0.147,0,0,0.082,-0.498,-6.239,-4.442,0.558,0.989,2,14,0,0.177,0,0,0.127,2.297,-3.057,-4.511,0.489,0.992,2,14,0,0.181,0,0,0.126,-3.143,-3.379,-4.043,0.957,1.040,2,14,0,0.177,0,0,0.208,2.666,0.423,0,0,0.219,-0.524,-3.196,0.320,0.948
1469.0,-0.385,-2.129,-5.016,-0.016,1.045,2,14,0,0.192,0,0,0.102,-0.145,0.888,-4.269,0.731,1.062,2,14,0,0.173,0,0,0.191,-0.318,-5.283,-4.434,0.566,1.000,2,14,0,0.174,0,0,0.036,2.559,-2.106,-4.522,0.478,1.003,2,14,0,0.178,0,0,0.120,-2.854,-2.413,-3.978,1.022,1.037,2,14,0,0.178,0,0,0.224,2.694,0.437,0,0,0.192,-0.253,-2.234,0.223,0.975
1470.0,-0.144,-1.167,-4.961,0.039,0.999,2,14,0,0.204,0,0,0.134,0.064,1.839,-4.278,0.722,1.017,2,14,0,0.176,0,0,0.219,-0.123,-4.347,-4.505,0.495,1.014,2,14,0,0.182,0,0,0.078,2.685,-1.122,-4.536,0.464,1.014,2,14,0,0.340,0,0,0.071,-2.689,-1.371,-3.952,1.048,1.056,2,14,0,0.152,0,0,0.214,2.745,0.408,0,0,0.340,-0.078,-1.249,0.125,0.992
1471.0,-0.014,-0.220,-4.937,0.063,0.976,2,14,0,0.234,0,0,0.170,0.112,2.830,-4.314,0.686,1.008,2,14,0,0.172,0,0,0.193,0.000,-3.355,-4.421,0.579,1.043,2,14,0,0.184,0,0,0.121,2.779,-0.137,-4.461,0.539,1.030,2,14,0,0.181,0,0,0.097,-2.682,-0.286,-3.966,1.034,1.045,2,14,0,0.217,0,0,0.183,2.835,0.323,0,0,0.234,-0.003,-0.253,0.025,1.000
1472.0,-0.012,0.680,-4.980,0.020,0.980,2,14,0,0.192,0,0,0.209,0.111,3.817,-4.332,0.668,1.018,2,14,0,0.174,0,0,0.214,-0.014,-2.330,-4.400,0.600,1.072,2,14,0,0.155,0,0,0.120,2.723,0.885,-4.560,0.440,1.044,2,14,0,0.233,0,0,0.055,-2.664,0.713,-4.006,0.994,0.996,2,14,0,0.235,0,0,0.218,2.775,0.365,0,0,0.235,-0.028,0.747,-0.075,0.997
1473.0,-0.085,1.704,-5.021,-0.021,1.054,2,14,0,0.233,0,0,0.254,0.020,4.861,-4.298,0.702,1.055,2,14,0,0.173,0,0,0.251,-0.035,-1.266,-4.411,0.589,1.086,2,14,0,0.211,0,0,0.213,2.605,1.932,-4.567,0.433,1.052,2,14,0,0.180,0,0,0.074,-2.842,1.679,-3.927,1.073,0.985,2,14,0,0.190,0,0,0.157,2.737,0.316,0,0,0.233,-0.152,1.739,-0.174,0.985
1474.0,-0.305,2.776,-5.013,-0.013,1.093,2,14,0,0.235,0,0,0.258,-0.242,5.896,-4.239,0.761,1.070,2,14,0,0.176,0,0,0.237,-0.181,-0.212,-4.492,0.508,1.081,2,14,0,0.178,0,0,0.311,2.421,2.940,-4.510,0.490,1.045,2,14,0,0.184,0,0,0.122,-3.114,2.641,-3.971,1.029,1.001,2,14,0,0.176,0,0,0.112,2.777,0.305,0,0,0.235,-0.375,2.713,-0.271,0.962
1475.0,-0.684,3.799,-5.049,-0.049,1.100,2,14,0,0.189,0,0,0.231,-0.674,6.841,-4.272,0.728,1.050,2,14,0,0.170,0,0,0.147,-0.561,0.766,-4.469,0.531,1.064,2,14,0,0.177,0,0,0.271,2.185,3.913,-4.513,0.487,1.026,2,14,0,0.422,0,0,0.206,-3.519,3.536,-3.938,1.062,0.997,2,14,0,0.236,0,0,0.021,2.921,0.280,0,0,0.422,-0.694,3.660,-0.366,0.931
1476.0,-1.158,4.702,-5.039,-0.039,1.049,2,14,0,0.225,0,0,0.180,-1.127,7.722,-4.215,0.785,1.019,2,14,0,0.214,0,0,0.096,-1.082,1.674,-4.555,0.445,1.049,2,14,0,0.174,0,0,0.180,1.825,4.848,-4.511,0.489,1.012,2,14,0,0.211,0,0,0.261,-3.851,4.425,-3.956,1.044,0.997,2,14,0,0.174,0,0,0.079,2.916,0.294,0,0,0.225,-1.106,4.571,-0.457,0.889
1477.0,-1.777,5.500,-5.053,-0.053,1.036,2,14,0,0.247,0,0,0.060,-1.546,8.574,-4.227,0.773,1.009,2,14,0,0.172,0,0,0.151,-1.670,2.546,-4.446,0.554,1.032,2,14,0,0.172,0,0,0.147,1.341,5.742,-4.494,0.506,1.053,2,14,0,0.185,0,0,0.294,-4.313,5.332,-3.970,1.030,1.035,2,14,0,0.183,0,0,0.124,2.762,0.311,0,0,0.247,-1.607,5.436,-0.544,0.839
1478.0,-2.417,6.252,-4.947,0.053,1.019,2,14,0,0.181,0,0,0.045,-2.161,9.358,-4.258,0.742,1.034,2,14,0,0.220,0,0,0.112,-2.317,3.294,-4.379,0.621,1.005,2,14,0,0.206,0,0,0.086,0.583,6.520,-4.517,0.483,1.072,2,14,0,0.179,0,0,0.145,-4.907,6.198,-3.938,1.062,1.057,2,14,0,0.175,0,0,0.145,2.686,0.354,0,0,0.220,-2.191,6.247,-0.625,0.781
1479.0,-2.987,7.035,-4.934,0.066,1.019,2,14,0,0.214,0,0,0.060,-2.913,10.111,-4.272,0.728,1.069,2,14,0,0.145,0,0,0.046,-3.019,3.996,-4.405,0.595,0.992,2,14,0,0.211,0,0,0.085,-0.133,7.211,-4.501,0.499,1.051,2,14,0,0.215,0,0,0.068,-5.609,6.961,-3.948,1.052,1.057,2,14,0,0.176,0,0,0.130,2.803,0.353,0,0,0.215,-2.854,6.995,-0.700,0.715
1480.0,-3.754,7.854,-4.977,0.023,1.055,2,14,0,0.194,0,0,0.175,-3.803,10.897,-4.209,0.791,1.065,2,14,0,0.172,0,0,0.204,-3.706,4.657,-4.410,0.590,0.982,2,14,0,0.180,0,0,0.028,-0.908,7.843,-4.485,0.515,1.039,2,14,0,0.179,0,0,0.027,-6.420,7.701,-3.975,1.025,1.056,2,14,0,0.182,0,0,0.173,2.852,0.362,0,0,0.194,-3.588,7.674,-0.767,0.641
1481.0,-4.603,8.542,-4.989,0.011,1.008,2,14,0,0.190,0,0,0.264,-4.587,11.585,-4.247,0.753,0.976,2,14,0,0.175,0,0,0.269,-4.345,5.347,-4.473,0.527,0.985,2,14,0,0.175,0,0,0.171,-1.736,8.465,-4.468,0.532,1.029,2,14,0,0.293,0,0,0.063,-7.218,8.311,-3.984,1.016,1.012,2,14,0,0.179,0,0,0.181,2.811,0.398,0,0,0.293,-4.386,8.276,-0.828,0.561
1482.0,-5.440,9.026,-5.001,-0.001,0.957,2,14,0,0.192,0,0,0.223,-5.390,12.096,-4.300,0.700,0.907,2,14,0,0.174,0,0,0.244,-5.182,5.904,-4.525,0.475,1.039,2,14,0,0.173,0,0,0.205,-2.541,9.102,-4.524,0.476,1.024,2,14,0,0.187,0,0,0.153,-8.070,8.833,-3.934,1.066,0.992,2,14,0,0.177,0,0,0.184,2.844,0.430,0,0,0.192,-5.240,8.795,-0.879,0.476
1483.0,-6.338,9.403,-5.035,-0.035,0.960,2,14,0,0.194,0,0,0.170,-6.149,12.400,-4.361,0.639,0.900,2,14,0,0.468,0,0,0.123,-6.183,6.384,-4.503,0.497,1.085,2,14,0,0.183,0,0,0.196,-3.434,9.587,-4.572,0.428,1.009,2,14,0,0.174,0,0,0.204,-8.886,9.189,-3.962,1.038,0.975,2,14,0,0.153,0,0,0.135,2.772,0.464,0,0,0.468,-6.142,9.226,-0.923,0.386
1484.0,-7.203,9.689,-5.010,-0.010,0.963,2,14,0,0.192,0,0,0.135,-7.043,12.680,-4.288,0.712,0.977,2,14,0,0.309,0,0,0.119,-7.230,6.804,-4.407,0.593,1.072,2,14,0,0.177,0,0,0.275,-4.386,9.929,-4.501,0.499,1.004,2,14,0,0.175,0,0,0.209,-9.791,9.525,-3.959,1.041,1.036,2,14,0,0.180,0,0,0.156,2.798,0.475,0,0,0.309,-7.082,9.565,-0.956,0.292
1485.0,-8.145,9.837,-5.022,-0.022,1.017,2,14,0,0.187,0,0,0.091,-8.014,12.865,-4.279,0.721,1.045,2,14,0,0.176,0,0,0.113,-8.248,7.011,-4.491,0.509,1.017,2,14,0,0.174,0,0,0.256,-5.357,10.147,-4.476,0.524,1.002,2,14,0,0.480,0,0,0.185,-10.884,9.747,-3.908,1.092,1.081,2,14,0,0.214,0,0,0.082,2.857,0.456,0,0,0.480,-8.052,9.808,-0.981,0.195
1486.0,-9.158,10.040,-4.952,0.048,1.061,2,14,0,0.239,0,0,0.107,-9.063,13.026,-4.325,0.675,1.089,2,14,0,0.172,0,0,0.050,-9.270,7.010,-4.445,0.555,0.983,2,14,0,0.182,0,0,0.170,-6.354,10.217,-4.515,0.485,1.011,2,14,0,0.177,0,0,0.111,-11.936,9.905,-3.969,1.031,1.066,2,14,0,0.257,0,0,0.120,2.844,0.409,0,0,0.257,-9.041,9.954,-0.995,0.096
1487.0,-10.275,10.081,-4.999,0.001,1.093,2,14,0,0.171,0,0,0.088,-10.084,13.165,-4.317,0.683,1.084,2,14,0,0.176,0,0,0.093,-10.190,6.923,-4.412,0.588,0.960,2,14,0,0.212,0,0,0.079,-7.455,10.280,-4.485,0.515,1.019,2,14,0,0.178,0,0,0.171,-13.002,9.928,-4.002,0.998,1.014,2,14,0,0.178,0,0,0.157,2.873,0.501,0,0,0.212,-10.039,10.000,-1.000,-0.004
1488.0,-11.440,10.063,-4.968,0.032,1.069,2,14,0,0.170,0,0,0.240,-11.179,13.243,-4.289,0.711,1.075,2,14,0,0.176,0,0,0.232,-11.141,6.835,-4.486,0.514,0.965,2,14,0,0.182,0,0,0.085,-8.360,10.216,-4.520,0.480,0.974,2,14,0,0.169,0,0,0.119,-13.959,9.846,-3.905,1.095,0.982,2,14,0,0.220,0,0,0.108,2.743,0.421,0,0,0.220,-11.038,9.946,-0.995,-0.104
1489.0,-12.420,9.943,-4.994,0.006,0.961,2,14,0,0.255,0,0,0.259,-12.254,13.142,-4.266,0.734,1.056,2,14,0,0.174,0,0,0.313,-12.108,6.759,-4.405,0.595,1.004,2,14,0,0.216,0,0,0.015,-9.286,10.003,-4.546,0.454,1.014,2,14,0,0.189,0,0,0.067,-14.878,9.709,-3.908,1.092,0.967,2,14,0,0.150,0,0,0.069,2.697,0.423,0,0,0.255,-12.025,9.793,-0.979,-0.203
1490.0,-13.238,9.693,-5.034,-0.034,0.923,2,14,0,0.171,0,0,0.160,-13.325,12.808,-4.277,0.723,1.035,2,14,0,0.171,0,0,0.324,-13.104,6.673,-4.467,0.533,1.006,2,14,0,0.189,0,0,0.158,-10.261,9.782,-4.484,0.516,1.047,2,14,0,0.212,0,0,0.089,-15.856,9.481,-3.976,1.024,1.000,2,14,0,0.179,0,0,0.092,2.832,0.425,0,0,0.212,-12.993,9.542,-0.954,-0.299
1491.0,-14.092,9.316,-5.010,-0.010,0.973,2,14,0,0.195,0,0,0.123,-14.213,12.391,-4.266,0.734,0.980,2,14,0,0.173,0,0,0.244,-14.091,6.418,-4.462,0.538,1.033,2,14,0,0.175,0,0,0.259,-11.263,9.444,-4.489,0.511,1.072,2,14,0,0.179,0,0,0.098,-16.849,9.172,-3.980,1.020,1.011,2,14,0,0.181,0,0,0.155,2.879,0.415,0,0,0.195,-13.930,9.195,-0.920,-0.393
1492.0,-14.976,8.881,-5.021,-0.021,1.032,2,14,0,0.266,0,0,0.128,-14.977,11.893,-4.190,0.810,0.963,2,14,0,0.171,0,0,0.099,-15.024,5.973,-4.468,0.532,1.056,2,14,0,0.177,0,0,0.264,-12.255,9.029,-4.544,0.456,1.056,2,14,0,0.208,0,0,0.171,-17.732,8.765,-3.930,1.070,1.010,2,14,0,0.402,0,0,0.173,2.766,0.505,0,0,0.402,-14.829,8.757,-0.876,-0.483
1493.0,-15.849,8.387,-4.987,0.013,1.082,2,14,0,0.251,0,0,0.156,-15.800,11.354,-4.318,0.682,0.995,2,14,0,0.176,0,0,0.068,-15.823,5.367,-4.452,0.548,1.072,2,14,0,0.183,0,0,0.169,-13.185,8.473,-4.541,0.459,1.031,2,14,0,0.180,0,0,0.223,-18.536,8.217,-3.940,1.060,1.027,2,14,0,0.188,0,0,0.136,2.703,0.561,0,0,0.251,-15.679,8.231,-0.823,-0.568
1494.0,-16.741,7.755,-5.038,-0.038,1.110,2,14,0,0.234,0,0,0.155,-16.501,10.691,-4.285,0.715,1.006,2,14,0,0.260,0,0,0.045,-16.668,4.647,-4.438,0.562,1.090,2,14,0,0.175,0,0,0.117,-13.978,7.883,-4.542,0.458,0.986,2,14,0,0.183,0,0,0.230,-19.359,7.643,-3.987,1.013,1.063,2,14,0,0.334,0,0,0.177,2.810,0.568,0,0,0.334,-16.472,7.623,-0.762,-0.647
1495.0,-17.584,6.956,-5.093,-0.093,1.095,2,14,0,0.190,0,0,0.197,-17.217,10.045,-4.289,0.711,1.028,2,14,0,0.174,0,0,0.066,-17.471,3.902,-4.401,0.599,1.055,2,14,0,0.178,0,0,0.173,-14.697,7.157,-4.562,0.438,1.001,2,14,0,0.196,0,0,0.201,-20.167,6.894,-3.940,1.060,1.083,2,14,0,0.184,0,0,0.175,2.829,0.542,0,0,0.196,-17.201,6.939,-0.694,-0.720
1496.0,-18.264,6.163,-5.057,-0.057,1.021,2,14,0,0.187,0,0,0.221,-17.979,9.304,-4.321,0.679,1.057,2,14,0,0.174,0,0,0.061,-18.147,3.091,-4.430,0.570,1.006,2,14,0,0.183,0,0,0.206,-15.337,6.381,-4.503,0.497,0.995,2,14,0,0.187,0,0,0.179,-20.828,6.082,-3.964,1.036,1.061,2,14,0,0.214,0,0,0.153,2.789,0.518,0,0,0.214,-17.858,6.185,-0.619,-0.786
1497.0,-18.773,5.337,-5.023,-0.023,0.986,2,14,0,0.191,0,0,0.156,-18.658,8.495,-4.313,0.687,1.048,2,14,0,0.170,0,0,0.156,-18.656,2.316,-4.458,0.542,0.946,2,14,0,0.148,0,0,0.134,-15.835,5.554,-4.443,0.557,0.993,2,14,0,0.177,0,0,0.105,-21.347,5.220,-3.969,1.031,1.043,2,14,0,0.177,0,0,0.088,2.784,0.440,0,0,0.191,-18.436,5.370,-0.537,-0.844
1498.0,-19.237,4.481,-4.979,0.021,0.970,2,14,0,0.188,0,0,0.124,-19.156,7.687,-4.260,0.740,1.026,2,14,0,0.173,0,0,0.186,-19.077,1.523,-4.479,0.521,0.950,2,14,0,0.182,0,0,0.068,-16.297,4.646,-4.493,0.507,1.011,2,14,0,0.176,0,0,0.067,-21.935,4.332,-3.948,1.052,1.027,2,14,0,0.214,0,0,0.183,2.892,0.395,0,0,0.214,-18.930,4.501,-0.450,-0.893
1499.0,-19.601,3.573,-5.026,-0.026,0.971,2,14,0,0.199,0,0,0.087,-19.594,6.783,-4.232,0.768,1.053,2,14,0,0.267,0,0,0.219,-19.528,0.626,-4.483,0.517,1.006,2,14,0,0.175,0,0,0.116,-16.608,3.735,-4.526,0.474,1.001,2,14,0,0.179,0,0,0.029,-22.263,3.461,-3.925,1.075,0.983,2,14,0,0.174,0,0,0.107,2.883,0.325,0,0,0.267,-19.335,3.587,-0.359,-0.933
1500.0,-19.897,2.681,-5.022,-0.022,0.976,2,14,0,0.717,0,0,0.083,-19.960,5.781,-4.297,0.703,1.080,2,14,0,0.172,0,0,0.248,-19.896,-0.386,-4.405,0.595,1.033,2,14,0,0.209,0,0,0.153,-16.955,2.779,-4.540,0.460,1.018,2,14,0,0.247,0,0,0.017,-22.492,2.473,-3.971,1.029,1.014,2,14,0,0.177,0,0,0.023,2.807,0.345,0,0,0.717,-19.646,2.637,-0.264,-0.965
1501.0,-20.092,1.697,-4.990,0.010,1.023,2,14,0,0.179,0,0,0.059,-20.126,4.709,-4.321,0.679,1.076,2,14,0,0.168,0,0,0.194,-20.105,-1.394,-4.480,0.520,1.029,2,14,0,0.175,0,0,0.148,-17.311,1.827,-4.566,0.434,1.012,2,14,0,0.175,0,0,0.146,-22.799,1.462,-3.945,1.055,1.021,2,14,0,0.173,0,0,0.127,2.817,0.479,0,0,0.179,-19.861,1.661,-0.166,-0.986
1502.0,-20.289,0.672,-5.022,-0.022,1.040,2,14,0,0.180,0,0,0.130,-20.179,3.665,-4.325,0.675,1.053,2,14,0,0.166,0,0,0.149,-20.244,-2.388,-4.513,0.487,1.014,2,14,0,0.177,0,0,0.172,-17.475,0.877,-4.505,0.495,1.010,2,14,0,0.170,0,0,0.201,-22.948,0.440,-3.922,1.078,1.006,2,14,0,0.173,0,0,0.165,2.868,0.540,0,0,0.180,-19.978,0.668,-0.067,-0.998
1503.0,-20.365,-0.334,-4.970,0.030,1.031,2,14,0,0.181,0,0,0.190,-20.208,2.646,-4.307,0.693,1.022,2,14,0,0.165,0,0,0.170,-20.232,-3.369,-4.484,0.516,1.020,2,14,0,0.176,0,0,0.139,-17.469,-0.147,-4.546,0.454,1.043,2,14,0,0.171,0,0,0.175,-22.935,-0.522,-4.007,0.993,0.987,2,14,0,0.173,0,0,0.126,2.750,0.509,0,0,0.181,-19.995,-0.331,0.033,-0.999
1504.0,-20.280,-1.344,-4.953,0.047,1.045,2,14,0,0.188,0,0,0.189,-20.058,1.673,-4.333,0.667,1.002,2,14,0,0.169,0,0,0.103,-20.111,-4.372,-4.490,0.510,1.021,2,14,0,0.201,0,0,0.104,-17.366,-1.217,-4.503,0.497,1.067,2,14,0,0.176,0,0,0.159,-22.916,-1.463,-3.982,1.018,0.994,2,14,0,0.174,0,0,0.181,2.811,0.468,0,0,0.201,-19.911,-1.328,0.133,-0.991
1505.0,-20.071,-2.333,-5.011,-0.011,1.059,2,14,0,0.183,0,0,0.163,-19.905,0.672,-4.289,0.711,0.999,2,14,0,0.170,0,0,0.137,-19.947,-5.381,-4.451,0.549,1.032,2,14,0,0.172,0,0,0.127,-17.179,-2.253,-4.533,0.467,1.045,2,14,0,0.174,0,0,0.176,-22.757,-2.463,-3.979,1.021,1.033,2,14,0,0.174,0,0,0.206,2.880,0.453,0,0,0.183,-19.729,-2.310,0.231,-0.973
1506.0,-19.705,-3.378,-5.002,-0.002,1.065,2,14,0,0.182,0,0,0.131,-19.631,-0.265,-4.314,0.686,0.989,2,14,0,0.144,0,0,0.129,-19.573,-6.326,-4.402,0.598,1.041,2,14,0,0.175,0,0,0.042,-16.863,-3.252,-4.480,0.520,1.031,2,14,0,0.178,0,0,0.178,-22.407,-3.460,-3.974,1.026,1.076,2,14,0,0.147,0,0,0.140,2.891,0.413,0,0,0.182,-19.450,-3.270,0.327,-0.945
1507.0,-19.269,-4.316,-5.008,-0.008,1.027,2,14,0,0.230,0,0,0.117,-19.186,-1.160,-4.334,0.666,1.006,2,14,0,0.167,0,0,0.051,-19.210,-7.266,-4.435,0.565,1.023,2,14,0,0.215,0,0,0.058,-16.444,-4.205,-4.519,0.481,1.014,2,14,0,0.177,0,0,0.178,-21.942,-4.428,-3.895,1.105,1.068,2,14,0,0.174,0,0,0.095,2.869,0.368,0,0,0.230,-19.077,-4.197,0.420,-0.908
1508.0,-18.792,-5.234,-4.997,0.003,1.002,2,14,0,0.193,0,0,0.156,-18.748,-2.100,-4.291,0.709,1.019,2,14,0,0.170,0,0,0.111,-18.842,-8.140,-4.372,0.628,1.016,2,14,0,0.177,0,0,0.132,-15.905,-5.044,-4.497,0.503,0.978,2,14,0,0.177,0,0,0.121,-21.432,-5.341,-3.951,1.049,1.038,2,14,0,0.187,0,0,0.113,2.841,0.315,0,0,0.193,-18.612,-5.082,0.508,-0.861
1509.0,-18.242,-6.042,-4.997,0.003,0.962,2,14,0,0.192,0,0,0.130,-18.158,-2.957,-4.244,0.756,1.016,2,14,0,0.202,0,0,0.118,-18.327,-9.019,-4.430,0.570,1.051,2,14,0,0.203,0,0,0.181,-15.345,-5.861,-4.494,0.506,0.962,2,14,0,0.177,0,0,0.099,-20.841,-6.216,-3.969,1.031,1.009,2,14,0,0.175,0,0,0.160,2.800,0.372,0,0,0.203,-18.062,-5.917,0.592,-0.806
1510.0,-17.629,-6.776,-5.032,-0.032,0.956,2,14,0,0.241,0,0,0.091,-17.589,-3.728,-4.254,0.746,0.980,2,14,0,0.170,0,0,0.138,-17.629,-9.931,-4.424,0.576,1.075,2,14,0,0.180,0,0,0.230,-14.700,-6.596,-4.597,0.403,0.962,2,14,0,0.175,0,0,0.072,-20.271,-6.971,-4.001,0.999,0.954,2,14,0,0.172,0,0,0.130,2.843,0.321,0,0,0.241,-17.431,-6.692,0.669,-0.743
1511.0,-16.956,-7.455,-4.986,0.014,0.973,2,14,0,0.186,0,0,0.077,-16.895,-4.426,-4.266,0.734,1.012,2,14,0,0.170,0,0,0.137,-16.872,-10.739,-4.467,0.533,1.035,2,14,0,0.172,0,0,0.314,-14.073,-7.364,-4.520,0.480,0.965,2,14,0,0.190,0,0,0.127,-19.669,-7.680,-3.977,1.023,0.965,2,14,0,0.181,0,0,0.180,2.903,0.369,0,0,0.190,-16.726,-7.401,0.740,-0.673
1512.0,-16.281,-8.088,-4.969,0.031,1.000,2,14,0,0.253,0,0,0.162,-16.150,-5.078,-4.270,0.730,1.025,2,14,0,0.167,0,0,0.167,-16.111,-11.382,-4.428,0.572,0.983,2,14,0,0.177,0,0,0.329,-13.392,-8.022,-4.497,0.503,0.971,2,14,0,0.180,0,0,0.196,-18.830,-8.292,-3.994,1.006,1.018,2,14,0,0.179,0,0,0.124,2.736,0.439,0,0,0.253,-15.953,-8.035,0.803,-0.595
1513.0,-15.479,-8.674,-5.051,-0.051,1.046,2,14,0,0.185,0,0,0.202,-15.327,-5.550,-4.271,0.729,1.044,2,14,0,0.169,0,0,0.132,-15.301,-11.799,-4.395,0.605,0.957,2,14,0,0.175,0,0,0.200,-12.629,-8.598,-4.542,0.458,0.996,2,14,0,0.211,0,0,0.265,-17.933,-8.804,-3.956,1.044,1.012,2,14,0,0.176,0,0,0.070,2.691,0.508,0,0,0.211,-15.121,-8.589,0.859,-0.512
1514.0,-14.525,-9.173,-5.040,-0.040,1.105,2,14,0,0.159,0,0,0.165,-14.371,-6.058,-4.308,0.692,1.076,2,14,0,0.169,0,0,0.093,-14.395,-12.090,-4.455,0.545,0.988,2,14,0,0.169,0,0,0.050,-11.702,-9.015,-4.477,0.523,1.072,2,14,0,0.176,0,0,0.197,-17.151,-9.287,-3.915,1.085,1.007,2,14,0,0.228,0,0,0.123,2.859,0.466,0,0,0.228,-14.238,-9.057,0.906,-0.424
1515.0,-13.476,-9.557,-5.040,-0.040,1.100,2,14,0,0.200,0,0,0.124,-13.302,-6.451,-4.220,0.780,1.070,2,14,0,0.178,0,0,0.128,-13.463,-12.412,-4.498,0.502,1.036,2,14,0,0.173,0,0,0.064,-10.694,-9.355,-4.519,0.481,1.106,2,14,0,0.184,0,0,0.107,-16.246,-9.648,-3.977,1.023,1.027,2,14,0,0.172,0,0,0.129,2.837,0.389,0,0,0.200,-13.313,-9.435,0.944,-0.331
1516.0,-12.472,-9.860,-5.057,-0.057,1.062,2,14,0,0.185,0,0,0.159,-12.322,-6.768,-4.278,0.722,1.012,2,14,0,0.176,0,0,0.167,-12.423,-12.701,-4.472,0.528,1.066,2,14,0,0.150,0,0,0.056,-9.662,-9.663,-4.517,0.483,1.108,2,14,0,0.181,0,0,0.100,-15.243,-9.953,-3.927,1.073,1.071,2,14,0,0.178,0,0,0.110,2.869,0.312,0,0,0.185,-12.354,-9.719,0.972,-0.235
1517.0,-11.491,-10.058,-4.933,0.067,1.013,2,14,0,0.192,0,0,0.170,-11.360,-7.020,-4.318,0.682,0.975,2,14,0,0.172,0,0,0.210,-11.381,-13.007,-4.431,0.569,1.043,2,14,0,0.178,0,0,0.117,-8.568,-9.878,-4.535,0.465,1.077,2,14,0,0.177,0,0,0.169,-14.252,-10.191,-3.927,1.073,1.074,2,14,0,0.178,0,0,0.151,2.942,0.310,0,0,0.192,-11.372,-9.905,0.991,-0.137
1518.0,-10.554,-10.160,-4.956,0.044,0.994,2,14,0,0.213,0,0,0.173,-10.446,-7.111,-4.253,0.747,0.952,2,14,0,0.146,0,0,0.193,-10.356,-13.230,-4.434,0.566,1.006,2,14,0,0.175,0,0,0.239,-7.575,-9.963,-4.471,0.529,1.022,2,14,0,0.179,0,0,0.165,-13.168,-10.296,-3.910,1.090,1.091,2,14,0,0.212,0,0,0.159,2.818,0.368,0,0,0.213,-10.376,-9.993,0.999,-0.038
1519.0,-9.503,-10.162,-5.048,-0.048,1.026,2,14,0,0.188,0,0,0.193,-9.471,-7.036,-4.293,0.707,0.995,2,14,0,0.175,0,0,0.130,-9.377,-13.237,-4.448,0.552,0.972,2,14,0,0.172,0,0,0.250,-6.595,-9.978,-4.557,0.443,0.976,2,14,0,0.181,0,0,0.177,-12.087,-10.302,-4.017,0.983,1.065,2,14,0,0.173,0,0,0.210,2.785,0.433,0,0,0.188,-9.377,-9.981,0.998,0.062
1520.0,-8.481,-9.985,-5.079,-0.079,1.018,2,14,0,0.189,0,0,0.145,-8.467,-6.888,-4.279,0.721,1.033,2,14,0,0.173,0,0,0.093,-8.427,-13.045,-4.411,0.589,0.971,2,14,0,0.177,0,0,0.160,-5.573,-9.822,-4.489,0.511,0.977,2,14,0,0.180,0,0,0.156,-11.005,-10.162,-3.957,1.043,1.017,2,14,0,0.176,0,0,0.250,2.768,0.479,0,0,0.189,-8.384,-9.869,0.987,0.162
1521.0,-7.560,-9.722,-5.032,-0.032,1.021,2,14,0,0.186,0,0,0.074,-7.431,-6.663,-4.281,0.719,1.056,2,14,0,0.175,0,0,0.095,-7.445,-12.736,-4.383,0.617,1.009,2,14,0,0.174,0,0,0.080,-4.630,-9.601,-4.529,0.471,0.972,2,14,0,0.178,0,0,0.127,-10.063,-9.924,-3.973,1.027,0.960,2,14,0,0.175,0,0,0.206,2.725,0.434,0,0,0.186,-7.407,-9.658,0.966,0.259
1522.0,-6.484,-9.373,-5.007,-0.007,1.038,2,14,0,0.200,0,0,0.147,-6.390,-6.357,-4.281,0.719,1.036,2,14,0,0.175,0,0,0.166,-6.539,-12.406,-4.436,0.564,1.002,2,14,0,0.180,0,0,0.033,-3.739,-9.302,-4.512,0.488,0.977,2,14,0,0.193,0,0,0.107,-9.224,-9.535,-3.954,1.046,0.957,2,14,0,0.220,0,0,0.067,2.791,0.296,0,0,0.220,-6.455,-9.351,0.935,0.354
1523.0,-5.566,-8.988,-5.018,-0.018,0.974,2,14,0,0.192,0,0,0.156,-5.547,-5.942,-4.327,0.673,0.996,2,14,0,0.210,0,0,0.096,-5.668,-12.054,-4.462,0.538,1.006,2,14,0,0.304,0,0,0.071,-2.857,-8.913,-4.526,0.474,1.012,2,14,0,0.174,0,0,0.116,-8.385,-9.082,-3.971,1.029,0.979,2,14,0,0.173,0,0,0.026,2.754,0.320,0,0,0.304,-5.539,-8.950,0.895,0.446
1524.0,-4.820,-8.525,-4.959,0.041,0.950,2,14,0,0.197,0,0,0.076,-4.663,-5.477,-4.306,0.694,1.001,2,14,0,0.209,0,0,0.122,-4.707,-11.615,-4.407,0.593,1.041,2,14,0,0.213,0,0,0.137,-1.941,-8.434,-4.535,0.465,1.057,2,14,0,0.179,0,0,0.131,-7.519,-8.592,-4.013,0.987,1.018,2,14,0,0.234,0,0,0.035,2.861,0.274,0,0,0.234,-4.668,-8.460,0.846,0.533
1525.0,-3.992,-7.950,-4.968,0.032,0.997,2,14,0,0.192,0,0,0.080,-3.828,-4.895,-4.284,0.716,1.013,2,14,0,0.381,0,0,0.130,-3.863,-11.069,-4.432,0.568,1.042,2,14,0,0.182,0,0,0.175,-1.041,-7.817,-4.530,0.470,1.079,2,14,0,0.178,0,0,0.142,-6.636,-8.039,-3.972,1.028,1.035,2,14,0,0.543,0,0,0.039,2.827,0.264,0,0,0.543,-3.850,-7.885,0.789,0.615
1526.0,-3.182,-7.259,-5.002,-0.002,1.012,2,14,0,0.207,0,0,0.095,-3.050,-4.213,-4.228,0.772,1.016,2,14,0,0.201,0,0,0.134,-3.040,-10.350,-4.445,0.555,1.063,2,14,0,0.173,0,0,0.175,-0.245,-7.086,-4.513,0.487,1.054,2,14,0,0.231,0,0,0.154,-5.802,-7.475,-3.921,1.079,1.023,2,14,0,0.174,0,0,0.149,2.842,0.380,0,0,0.231,-3.094,-7.232,0.723,0.691
1527.0,-2.501,-6.521,-4.975,0.025,1.016,2,14,0,0.189,0,0,0.085,-2.441,-3.495,-4.248,0.752,1.002,2,14,0,0.175,0,0,0.072,-2.338,-9.586,-4.462,0.538,1.035,2,14,0,0.177,0,0,0.179,0.482,-6.368,-4.502,0.498,1.015,2,14,0,0.182,0,0,0.193,-5.062,-6.845,-3.959,1.041,1.019,2,14,0,0.183,0,0,0.256,2.774,0.483,0,0,0.189,-2.406,-6.507,0.651,0.759
1528.0,-1.838,-5.725,-5.035,-0.035,1.023,2,14,0,0.197,0,0,0.135,-1.810,-2.718,-4.303,0.697,1.029,2,14,0,0.178,0,0,0.094,-1.790,-8.759,-4.433,0.567,1.010,2,14,0,0.255,0,0,0.110,1.080,-5.621,-4.498,0.502,0.982,2,14,0,0.177,0,0,0.190,-4.464,-6.096,-3.990,1.010,1.049,2,14,0,0.182,0,0,0.281,2.851,0.504,0,0,0.255,-1.795,-5.716,0.572,0.821
1529.0,-1.279,-4.890,-5.009,-0.009,1.008,2,14,0,0.187,0,0,0.166,-1.239,-1.841,-4.369,0.631,1.043,2,14,0,0.174,0,0,0.111,-1.300,-7.974,-4.445,0.555,1.002,2,14,0,0.177,0,0,0.096,1.555,-4.800,-4.554,0.446,0.994,2,14,0,0.181,0,0,0.149,-3.933,-5.165,-3.998,1.002,1.089,2,14,0,0.180,0,0,0.217,2.854,0.445,0,0,0.187,-1.265,-4.868,0.487,0.874
1530.0,-0.792,-4.027,-5.012,-0.012,1.005,2,14,0,0.182,0,0,0.220,-0.716,-0.905,-4.338,0.662,1.046,2,14,0,0.175,0,0,0.181,-0.798,-7.101,-4.418,0.582,1.036,2,14,0,0.179,0,0,0.157,1.953,-3.875,-4.530,0.470,1.035,2,14,0,0.179,0,0,0.097,-3.502,-4.143,-3.960,1.040,1.112,2,14,0,0.175,0,0,0.147,2.791,0.364,0,0,0.182,-0.823,-3.972,0.397,0.918
1531.0,-0.532,-3.104,-5.014,-0.014,1.013,2,14,0,0.191,0,0,0.141,-0.342,0.009,-4.271,0.729,1.012,2,14,0,0.723,0,0,0.209,-0.430,-6.098,-4.488,0.512,1.061,2,14,0,0.261,0,0,0.144,2.388,-2.904,-4.501,0.499,1.047,2,14,0,0.175,0,0,0.165,-3.101,-3.056,-4.019,0.981,1.086,2,14,0,0.193,0,0,0.231,2.755,0.372,0,0,0.723,-0.472,-3.036,0.304,0.953
1532.0,-0.347,-2.136,-4.961,0.039,1.046,2,14,0,0.360,0,0,0.088,-0.128,1.005,-4.205,0.795,1.021,2,14,0,0.174,0,0,0.166,-0.155,-5.054,-4.493,0.507,1.052,2,14,0,0.374,0,0,0.169,2.689,-1.904,-4.481,0.519,1.036,2,14,0,0.178,0,0,0.207,-2.906,-2.040,-3.957,1.043,0.999,2,14,0,0.203,0,0,0.213,2.750,0.312,0,0,0.374,-0.216,-2.069,0.207,0.978
1533.0,-0.147,-1.120,-4.976,0.024,1.066,2,14,0,0.180,0,0,0.102,-0.000,2.029,-4.256,0.744,1.018,2,14,0,0.168,0,0,0.141,-0.045,-4.020,-4.489,0.511,1.022,2,14,0,0.176,0,0,0.147,2.821,-0.872,-4.514,0.486,1.025,2,14,0,0.172,0,0,0.194,-2.849,-1.094,-3.918,1.082,0.944,2,14,0,0.171,0,0,0.135,2.902,0.243,0,0,0.180,-0.059,-1.082,0.108,0.994
1534.0,-0.004,-0.059,-5.005,-0.005,1.080,2,14,0,0.343,0,0,0.179,0.038,3.045,-4.326,0.674,1.020,2,14,0,0.166,0,0,0.129,0.036,-2.976,-4.466,0.534,0.983,2,14,0,0.189,0,0,0.197,2.738,0.088,-4.531,0.469,1.005,2,14,0,0.173,0,0,0.049,-2.811,-0.245,-3.950,1.050,0.920,2,14,0,0.172,0,0,0.025,2.786,0.313,0,0,0.343,-0.000,-0.084,0.008,1.000
1535.0,-0.034,0.998,-4.975,0.025,1.059,2,14,0,0.187,0,0,0.205,-0.010,4.054,-4.304,0.696,1.004,2,14,0,0.173,0,0,0.132,-0.040,-2.039,-4.408,0.592,0.943,2,14,0,0.152,0,0,0.128,2.637,1.058,-4.514,0.486,1.004,2,14,0,0.181,0,0,0.019,-2.666,0.667,-3.937,1.063,0.974,2,14,0,0.175,0,0,0.223,2.711,0.449,0,0,0.187,-0.042,0.914,-0.091,0.996
1536.0,-0.166,2.050,-5.023,-0.023,1.047,2,14,0,0.190,0,0,0.239,-0.155,5.050,-4.298,0.702,1.014,2,14,0,0.171,0,0,0.129,-0.130,-1.127,-4.469,0.531,0.968,2,14,0,0.168,0,0,0.148,2.560,2.088,-4.465,0.535,1.036,2,14,0,0.175,0,0,0.049,-2.770,1.705,-3.959,1.041,1.063,2,14,0,0.175,0,0,0.246,2.783,0.459,0,0,0.190,-0.183,1.904,-0.190,0.982
1537.0,-0.468,3.036,-5.022,-0.022,1.021,2,14,0,0.185,0,0,0.203,-0.350,6.009,-4.272,0.728,1.001,2,14,0,0.173,0,0,0.160,-0.349,-0.182,-4.439,0.561,1.009,2,14,0,0.176,0,0,0.173,2.442,3.105,-4.495,0.505,1.030,2,14,0,0.178,0,0,0.177,-3.101,2.830,-4.002,0.998,1.103,2,14,0,0.182,0,0,0.176,2.831,0.324,0,0,0.185,-0.422,2.874,-0.287,0.958
1538.0,-0.880,3.934,-5.031,-0.031,0.990,2,14,0,0.191,0,0,0.127,-0.664,6.903,-4.326,0.674,1.009,2,14,0,0.173,0,0,0.170,-0.718,0.779,-4.433,0.567,1.049,2,14,0,0.292,0,0,0.135,2.199,4.087,-4.478,0.522,1.026,2,14,0,0.181,0,0,0.282,-3.424,3.887,-3.962,1.038,1.072,2,14,0,0.207,0,0,0.266,2.760,0.340,0,0,0.292,-0.757,3.816,-0.382,0.924
1539.0,-1.334,4.777,-4.994,0.006,0.978,2,14,0,0.190,0,0,0.061,-1.158,7.865,-4.302,0.698,1.051,2,14,0,0.169,0,0,0.124,-1.191,1.731,-4.446,0.554,1.067,2,14,0,0.174,0,0,0.098,1.792,5.035,-4.508,0.492,1.029,2,14,0,0.179,0,0,0.323,-3.932,4.749,-3.938,1.062,1.001,2,14,0,0.175,0,0,0.186,2.805,0.316,0,0,0.190,-1.184,4.720,-0.472,0.882
1540.0,-1.811,5.593,-4.979,0.021,0.996,2,14,0,0.187,0,0,0.070,-1.666,8.746,-4.271,0.729,1.037,2,14,0,0.171,0,0,0.145,-1.686,2.691,-4.428,0.572,1.078,2,14,0,0.206,0,0,0.183,1.178,5.881,-4.568,0.432,1.058,2,14,0,0.184,0,0,0.237,-4.452,5.597,-3.904,1.096,0.992,2,14,0,0.178,0,0,0.175,2.852,0.328,0,0,0.206,-1.699,5.577,-0.558,0.830
1541.0,-2.393,6.421,-4.973,0.027,1.027,2,14,0,0.198,0,0,0.095,-2.280,9.572,-4.273,0.727,1.040,2,14,0,0.169,0,0,0.154,-2.329,3.546,-4.443,0.557,1.054,2,14,0,0.171,0,0,0.216,0.433,6.632,-4.544,0.456,1.061,2,14,0,0.178,0,0,0.109,-5.038,6.360,-3.944,1.056,0.987,2,14,0,0.171,0,0,0.152,2.839,0.371,0,0,0.198,-2.297,6.377,-0.638,0.770
1542.0,-3.049,7.186,-4.987,0.013,1.050,2,14,0,0.194,0,0,0.127,-3.044,10.373,-4.182,0.818,1.050,2,14,0,0.142,0,0,0.186,-3.066,4.247,-4.448,0.552,1.013,2,14,0,0.181,0,0,0.171,-0.327,7.326,-4.550,0.450,1.044,2,14,0,0.213,0,0,0.079,-5.773,7.015,-4.047,0.953,1.003,2,14,0,0.179,0,0,0.052,2.761,0.412,0,0,0.213,-2.973,7.114,-0.711,0.703
1543.0,-3.842,7.921,-4.943,0.057,1.068,2,14,0,0.202,0,0,0.145,-3.844,11.003,-4.274,0.726,1.006,2,14,0,0.173,0,0,0.160,-3.891,4.865,-4.476,0.524,0.985,2,14,0,0.290,0,0,0.149,-1.208,7.971,-4.542,0.458,1.018,2,14,0,0.217,0,0,0.193,-6.582,7.615,-3.998,1.002,1.021,2,14,0,0.183,0,0,0.046,2.666,0.525,0,0,0.290,-3.718,7.780,-0.778,0.628
1544.0,-4.689,8.503,-4.936,0.064,1.043,2,14,0,0.227,0,0,0.127,-4.594,11.580,-4.309,0.691,0.978,2,14,0,0.173,0,0,0.139,-4.612,5.433,-4.466,0.534,0.955,2,14,0,0.183,0,0,0.101,-2.001,8.510,-4.553,0.447,0.952,2,14,0,0.224,0,0,0.177,-7.383,8.231,-3.915,1.085,1.027,2,14,0,0.249,0,0,0.034,2.715,0.495,0,0,0.249,-4.526,8.369,-0.837,0.547
1545.0,-5.572,9.085,-5.033,-0.033,1.030,2,14,0,0.190,0,0,0.203,-5.392,12.071,-4.279,0.721,0.992,2,14,0,0.195,0,0,0.145,-5.412,5.925,-4.420,0.580,0.984,2,14,0,0.176,0,0,0.107,-2.690,9.076,-4.506,0.494,0.923,2,14,0,0.196,0,0,0.048,-8.206,8.813,-3.941,1.059,1.017,2,14,0,0.176,0,0,0.085,2.864,0.363,0,0,0.196,-5.389,8.873,-0.887,0.461
1546.0,-6.495,9.506,-5.067,-0.067,1.008,2,14,0,0.191,0,0,0.212,-6.299,12.473,-4.243,0.757,1.023,2,14,0,0.177,0,0,0.132,-6.270,6.329,-4.430,0.570,1.026,2,14,0,0.329,0,0,0.144,-3.392,9.639,-4.530,0.470,0.964,2,14,0,0.175,0,0,0.280,-9.039,9.264,-3.964,1.036,1.007,2,14,0,0.209,0,0,0.146,2.784,0.362,0,0,0.329,-6.298,9.289,-0.929,0.370
1547.0,-7.395,9.789,-5.017,-0.017,0.987,2,14,0,0.191,0,0,0.174,-7.308,12.798,-4.280,0.720,1.051,2,14,0,0.182,0,0,0.114,-7.364,6.698,-4.401,0.599,1.078,2,14,0,0.178,0,0,0.118,-4.320,10.069,-4.481,0.519,1.053,2,14,0,0.185,0,0,0.376,-10.058,9.629,-4.011,0.989,1.042,2,14,0,0.179,0,0,0.160,2.851,0.463,0,0,0.191,-7.244,9.613,-0.961,0.276
1548.0,-8.389,9.976,-4.980,0.020,1.020,2,14,0,0.190,0,0,0.131,-8.345,13.010,-4.316,0.684,1.045,2,14,0,0.171,0,0,0.111,-8.365,6.959,-4.462,0.538,1.048,2,14,0,0.176,0,0,0.158,-5.379,10.242,-4.525,0.475,1.109,2,14,0,0.184,0,0,0.284,-11.053,9.900,-3.988,1.012,1.031,2,14,0,0.177,0,0,0.204,2.844,0.433,0,0,0.190,-8.217,9.840,-0.984,0.178
1549.0,-9.448,10.091,-5.022,-0.022,1.042,2,14,0,0.190,0,0,0.128,-9.372,13.105,-4.259,0.741,1.015,2,14,0,0.378,0,0,0.111,-9.439,7.083,-4.439,0.561,1.020,2,14,0,0.190,0,0,0.206,-6.577,10.349,-4.517,0.483,1.147,2,14,0,0.174,0,0,0.237,-12.054,10.023,-3.914,1.086,1.031,2,14,0,0.174,0,0,0.201,2.833,0.529,0,0,0.378,-9.208,9.969,-0.997,0.079
1550.0,-10.478,10.089,-5.038,-0.038,1.027,2,14,0,0.188,0,0,0.120,-10.414,13.210,-4.232,0.768,0.992,2,14,0,0.220,0,0,0.192,-10.363,7.128,-4.492,0.508,0.973,2,14,0,0.209,0,0,0.175,-7.618,10.273,-4.517,0.483,1.084,2,14,0,0.249,0,0,0.164,-13.087,10.037,-3.915,1.085,1.037,2,14,0,0.175,0,0,0.192,2.840,0.494,0,0,0.249,-10.208,9.998,-1.000,-0.021
1551.0,-11.506,10.012,-4.926,0.074,1.004,2,14,0,0.188,0,0,0.138,-11.343,13.145,-4.295,0.705,0.957,2,14,0,0.204,0,0,0.157,-11.317,7.043,-4.449,0.551,0.987,2,14,0,0.200,0,0,0.147,-8.694,10.104,-4.502,0.498,1.035,2,14,0,0.177,0,0,0.182,-14.091,9.908,-3.952,1.048,1.024,2,14,0,0.292,0,0,0.141,2.765,0.520,0,0,0.292,-11.205,9.927,-0.993,-0.120
1552.0,-12.502,9.849,-4.959,0.041,0.970,2,14,0,0.219,0,0,0.157,-12.292,12.977,-4.265,0.735,0.973,2,14,0,0.147,0,0,0.148,-12.268,6.834,-4.465,0.535,1.016,2,14,0,0.174,0,0,0.107,-9.698,9.895,-4.431,0.569,0.982,2,14,0,0.152,0,0,0.208,-15.027,9.681,-3.952,1.048,1.024,2,14,0,0.189,0,0,0.071,2.724,0.527,0,0,0.219,-12.190,9.757,-0.976,-0.219
1553.0,-13.419,9.599,-4.956,0.044,0.964,2,14,0,0.192,0,0,0.135,-13.196,12.682,-4.262,0.738,1.015,2,14,0,0.168,0,0,0.120,-13.300,6.530,-4.432,0.568,1.054,2,14,0,0.183,0,0,0.086,-10.609,9.648,-4.436,0.564,0.920,2,14,0,0.180,0,0,0.159,-16.002,9.424,-3.955,1.045,1.036,2,14,0,0.173,0,0,0.082,2.775,0.483,0,0,0.192,-13.153,9.490,-0.949,-0.315
1554.0,-14.339,9.262,-5.048,-0.048,0.990,2,14,0,0.240,0,0,0.148,-14.154,12.320,-4.299,0.701,1.054,2,14,0,0.174,0,0,0.118,-14.242,6.215,-4.421,0.579,1.035,2,14,0,0.188,0,0,0.131,-11.474,9.365,-4.511,0.489,0.915,2,14,0,0.183,0,0,0.122,-16.991,9.069,-3.951,1.049,1.046,2,14,0,0.183,0,0,0.117,2.876,0.457,0,0,0.240,-14.085,9.128,-0.913,-0.408
1555.0,-15.185,8.770,-5.031,-0.031,1.002,2,14,0,0.187,0,0,0.097,-15.128,11.858,-4.313,0.687,1.075,2,14,0,0.171,0,0,0.132,-15.149,5.748,-4.431,0.569,1.034,2,14,0,0.186,0,0,0.130,-12.304,8.931,-4.604,0.396,0.945,2,14,0,0.175,0,0,0.102,-17.916,8.616,-4.001,0.999,1.032,2,14,0,0.212,0,0,0.146,2.916,0.417,0,0,0.212,-14.975,8.674,-0.867,-0.498
1556.0,-15.995,8.218,-5.064,-0.064,1.028,2,14,0,0.189,0,0,0.083,-16.063,11.336,-4.300,0.700,1.065,2,14,0,0.175,0,0,0.213,-16.011,5.174,-4.442,0.558,1.030,2,14,0,0.184,0,0,0.123,-13.079,8.460,-4.574,0.426,0.987,2,14,0,0.175,0,0,0.173,-18.744,8.066,-3.984,1.016,1.013,2,14,0,0.176,0,0,0.130,2.958,0.418,0,0,0.189,-15.817,8.134,-0.813,-0.582
1557.0,-16.787,7.607,-4.980,0.020,1.053,2,14,0,0.188,0,0,0.094,-16.849,10.700,-4.269,0.731,1.026,2,14,0,0.171,0,0,0.209,-16.764,4.520,-4.454,0.546,1.007,2,14,0,0.180,0,0,0.079,-13.916,7.828,-4.475,0.525,1.071,2,14,0,0.177,0,0,0.159,-19.552,7.521,-3.913,1.087,1.010,2,14,0,0.177,0,0,0.202,2.923,0.447,0,0,0.188,-16.600,7.513,-0.751,-0.660
1558.0,-17.513,6.866,-5.037,-0.037,1.080,2,14,0,0.195,0,0,0.047,-17.517,9.980,-4.255,0.745,1.020,2,14,0,0.208,0,0,0.154,-17.488,3.879,-4.466,0.534,1.014,2,14,0,0.177,0,0,0.116,-14.646,7.043,-4.513,0.487,1.103,2,14,0,0.153,0,0,0.076,-20.251,6.774,-3.914,1.086,1.032,2,14,0,0.177,0,0,0.152,2.919,0.400,0,0,0.208,-17.317,6.817,-0.682,-0.732
1559.0,-18.239,6.038,-4.960,0.040,1.073,2,14,0,0.188,0,0,0.093,-18.136,9.208,-4.281,0.719,1.033,2,14,0,0.174,0,0,0.130,-18.230,3.155,-4.492,0.508,1.034,2,14,0,0.174,0,0,0.218,-15.413,6.202,-4.477,0.523,1.092,2,14,0,0.190,0,0,0.151,-20.945,5.961,-3.943,1.057,1.048,2,14,0,0.233,0,0,0.170,2.872,0.476,0,0,0.233,-17.961,6.052,-0.605,-0.796
1560.0,-18.962,5.199,-5.017,-0.017,1.047,2,14,0,0.185,0,0,0.252,-18.684,8.342,-4.318,0.682,1.036,2,14,0,0.195,0,0,0.094,-18.821,2.287,-4.520,0.480,1.047,2,14,0,0.548,0,0,0.220,-16.003,5.327,-4.500,0.500,1.040,2,14,0,0.174,0,0,0.186,-21.439,5.036,-3.976,1.024,1.032,2,14,0,0.174,0,0,0.102,2.691,0.488,0,0,0.548,-18.525,5.227,-0.523,-0.853
1561.0,-19.497,4.356,-5.016,-0.016,0.981,2,14,0,0.191,0,0,0.312,-19.193,7.416,-4.296,0.704,1.041,2,14,0,0.215,0,0,0.114,-19.220,1.355,-4.548,0.452,1.037,2,14,0,0.179,0,0,0.126,-16.536,4.482,-4.446,0.554,0.992,2,14,0,0.175,0,0,0.232,-21.871,4.162,-4.034,0.966,1.000,2,14,0,0.175,0,0,0.055,2.577,0.547,0,0,0.215,-19.004,4.350,-0.435,-0.900
1562.0,-19.850,3.404,-4.990,0.010,0.970,2,14,0,0.194,0,0,0.274,-19.677,6.458,-4.259,0.741,1.026,2,14,0,0.177,0,0,0.215,-19.543,0.395,-4.409,0.591,1.042,2,14,0,0.176,0,0,0.058,-16.869,3.612,-4.539,0.461,0.969,2,14,0,0.176,0,0,0.175,-22.265,3.313,-3.971,1.029,0.995,2,14,0,0.224,0,0,0.057,2.623,0.509,0,0,0.224,-19.394,3.429,-0.343,-0.939
1563.0,-20.080,2.488,-5.026,-0.026,0.966,2,14,0,0.204,0,0,0.210,-19.911,5.507,-4.316,0.684,0.985,2,14,0,0.173,0,0,0.155,-19.887,-0.600,-4.433,0.567,1.035,2,14,0,0.175,0,0,0.116,-17.126,2.709,-4.522,0.478,0.986,2,14,0,0.272,0,0,0.154,-22.676,2.397,-3.960,1.040,1.020,2,14,0,0.230,0,0,0.177,2.807,0.495,0,0,0.272,-19.689,2.474,-0.247,-0.969
1564.0,-20.203,1.564,-5.011,-0.011,0.991,2,14,0,0.188,0,0,0.149,-20.075,4.540,-4.318,0.682,0.982,2,14,0,0.170,0,0,0.116,-20.121,-1.590,-4.438,0.562,1.010,2,14,0,0.184,0,0,0.148,-17.357,1.741,-4.557,0.443,1.034,2,14,0,0.248,0,0,0.190,-22.903,1.423,-3.942,1.058,1.036,2,14,0,0.177,0,0,0.206,2.887,0.531,0,0,0.248,-19.888,1.495,-0.149,-0.989
1565.0,-20.166,0.529,-4.981,0.019,1.051,2,14,0,0.227,0,0,0.024,-20.155,3.575,-4.273,0.727,0.989,2,14,0,0.176,0,0,0.092,-20.253,-2.540,-4.477,0.523,0.990,2,14,0,0.183,0,0,0.168,-17.423,0.718,-4.486,0.514,1.070,2,14,0,0.176,0,0,0.146,-22.972,0.382,-3.964,1.036,1.061,2,14,0,0.200,0,0,0.164,2.794,0.486,0,0,0.227,-19.987,0.500,-0.050,-0.999
1566.0,-20.147,-0.514,-5.020,-0.020,1.043,2,14,0,0.201,0,0,0.025,-20.154,2.578,-4.247,0.753,1.011,2,14,0,0.173,0,0,0.089,-20.248,-3.580,-4.387,0.613,1.013,2,14,0,0.176,0,0,0.174,-17.353,-0.344,-4.527,0.473,1.091,2,14,0,0.829,0,0,0.063,-22.925,-0.659,-3.967,1.033,1.076,2,14,0,0.173,0,0,0.115,2.842,0.397,0,0,0.829,-19.988,-0.499,0.050,-0.999
1567.0,-20.076,-1.514,-5.002,-0.002,1.030,2,14,0,0.188,0,0,0.018,-20.067,1.543,-4.253,0.747,1.033,2,14,0,0.177,0,0,0.111,-20.006,-4.564,-4.439,0.561,1.006,2,14,0,0.180,0,0,0.056,-17.260,-1.433,-4.536,0.464,1.073,2,14,0,0.258,0,0,0.119,-22.777,-1.714,-3.968,1.032,1.057,2,14,0,0.500,0,0,0.100,2.855,0.377,0,0,0.500,-19.888,-1.494,0.149,-0.989
1568.0,-19.922,-2.502,-4.979,0.021,1.023,2,14,0,0.197,0,0,0.060,-19.894,0.527,-4.287,0.713,1.025,2,14,0,0.171,0,0,0.147,-19.768,-5.479,-4.453,0.547,1.001,2,14,0,0.182,0,0,0.029,-17.102,-2.458,-4.552,0.448,1.038,2,14,0,0.179,0,0,0.173,-22.620,-2.741,-3.940,1.060,1.028,2,14,0,0.173,0,0,0.163,2.853,0.413,0,0,0.197,-19.689,-2.474,0.247,-0.969
1569.0,-19.614,-3.519,-4.976,0.024,1.029,2,14,0,0.196,0,0,0.097,-19.662,-0.474,-4.290,0.710,1.015,2,14,0,0.171,0,0,0.225,-19.568,-6.456,-4.423,0.577,1.031,2,14,0,0.178,0,0,0.073,-16.739,-3.474,-4.507,0.493,1.001,2,14,0,0.179,0,0,0.200,-22.328,-3.723,-3.958,1.042,1.015,2,14,0,0.176,0,0,0.185,2.906,0.348,0,0,0.196,-19.394,-3.429,0.343,-0.939
1570.0,-19.339,-4.481,-4.987,0.013,1.006,2,14,0,0.263,0,0,0.205,-19.215,-1.361,-4.272,0.728,1.025,2,14,0,0.172,0,0,0.163,-19.266,-7.472,-4.487,0.513,1.044,2,14,0,0.186,0,0,0.186,-16.320,-4.329,-4.546,0.454,0.951,2,14,0,0.178,0,0,0.139,-21.935,-4.591,-3.904,1.096,0.981,2,14,0,0.180,0,0,0.144,2.815,0.359,0,0,0.263,-19.005,-4.349,0.435,-0.900
1571.0,-18.956,-5.341,-4.995,0.005,1.003,2,14,0,0.189,0,0,0.276,-18.566,-2.282,-4.329,0.671,1.034,2,14,0,0.247,0,0,0.139,-18.780,-8.419,-4.450,0.550,1.036,2,14,0,0.203,0,0,0.227,-15.881,-5.168,-4.554,0.446,0.935,2,14,0,0.153,0,0,0.113,-21.505,-5.419,-3.962,1.038,0.991,2,14,0,0.177,0,0,0.166,2.752,0.445,0,0,0.247,-18.525,-5.227,0.523,-0.853
1572.0,-18.356,-6.210,-5.060,-0.060,1.053,2,14,0,0.190,0,0,0.270,-18.041,-3.041,-4.286,0.714,0.983,2,14,0,0.213,0,0,0.068,-18.249,-9.263,-4.499,0.501,1.026,2,14,0,0.178,0,0,0.264,-15.412,-5.944,-4.538,0.462,0.968,2,14,0,0.208,0,0,0.153,-20.888,-6.230,-3.996,1.004,1.043,2,14,0,0.174,0,0,0.108,2.746,0.464,0,0,0.213,-17.961,-6.052,0.605,-0.796
1573.0,-17.613,-6.903,-5.034,-0.034,1.056,2,14,0,0.191,0,0,0.147,-17.341,-3.790,-4.271,0.729,0.992,2,14,0,0.175,0,0,0.075,-17.513,-9.995,-4.440,0.560,1.033,2,14,0,0.181,0,0,0.181,-14.815,-6.719,-4.554,0.446,1.015,2,14,0,0.181,0,0,0.200,-20.161,-7.031,-4.060,0.940,1.057,2,14,0,0.177,0,0,0.073,2.731,0.507,0,0,0.191,-17.317,-6.816,0.682,-0.732
1574.0,-16.804,-7.545,-4.971,0.029,1.064,2,14,0,0.358,0,0,0.044,-16.714,-4.503,-4.273,0.727,0.976,2,14,0,0.182,0,0,0.074,-16.728,-10.631,-4.472,0.528,1.023,2,14,0,0.178,0,0,0.096,-14.117,-7.424,-4.571,0.429,1.066,2,14,0,0.181,0,0,0.223,-19.472,-7.747,-3.967,1.033,1.039,2,14,0,0.179,0,0,0.102,2.720,0.524,0,0,0.358,-16.600,-7.513,0.751,-0.660
1575.0,-15.961,-8.225,-4.920,0.080,1.055,2,14,0,0.190,0,0,0.103,-16.014,-5.134,-4.296,0.704,0.992,2,14,0,0.174,0,0,0.140,-15.858,-11.223,-4.504,0.496,1.032,2,14,0,0.178,0,0,0.084,-13.208,-8.083,-4.442,0.558,1.119,2,14,0,0.212,0,0,0.135,-18.706,-8.376,-3.904,1.096,1.039,2,14,0,0.180,0,0,0.117,2.799,0.394,0,0,0.212,-15.817,-8.134,0.813,-0.582
1576.0,-15.125,-8.780,-4.941,0.059,1.019,2,14,0,0.187,0,0,0.116,-15.198,-5.694,-4.262,0.738,1.038,2,14,0,0.176,0,0,0.172,-14.999,-11.784,-4.467,0.533,1.002,2,14,0,0.177,0,0,0.114,-12.283,-8.705,-4.495,0.505,1.102,2,14,0,0.342,0,0,0.189,-17.799,-8.960,-4.004,0.996,1.048,2,14,0,0.454,0,0,0.136,2.839,0.336,0,0,0.454,-14.976,-8.674,0.867,-0.498
1577.0,-14.148,-9.218,-4.994,0.006,0.995,2,14,0,0.192,0,0,0.144,-14.319,-6.197,-4.367,0.633,1.073,2,14,0,0.176,0,0,0.212,-14.196,-12.212,-4.485,0.515,0.966,2,14,0,0.178,0,0,0.057,-11.317,-9.126,-4.451,0.549,1.048,2,14,0,0.177,0,0,0.166,-16.885,-9.442,-3.961,1.039,1.023,2,14,0,0.187,0,0,0.171,2.885,0.373,0,0,0.192,-14.085,-9.127,0.913,-0.409
1578.0,-13.248,-9.568,-5.054,-0.054,0.950,2,14,0,0.191,0,0,0.113,-13.325,-6.603,-4.312,0.688,1.100,2,14,0,0.174,0,0,0.210,-13.322,-12.581,-4.430,0.570,0.993,2,14,0,0.247,0,0,0.093,-10.362,-9.479,-4.546,0.454,1.022,2,14,0,0.152,0,0,0.167,-15.945,-9.760,-3.886,1.114,0.996,2,14,0,0.178,0,0,0.129,2.933,0.341,0,0,0.247,-13.154,-9.490,0.949,-0.315
1579.0,-12.381,-9.866,-5.049,-0.049,0.945,2,14,0,0.189,0,0,0.113,-12.222,-6.881,-4.284,0.716,1.102,2,14,0,0.238,0,0,0.204,-12.427,-12.873,-4.429,0.571,1.015,2,14,0,0.179,0,0,0.156,-9.296,-9.717,-4.538,0.462,0.977,2,14,0,0.178,0,0,0.232,-15.067,-10.052,-3.979,1.021,0.984,2,14,0,0.178,0,0,0.155,2.897,0.320,0,0,0.238,-12.190,-9.757,0.976,-0.219
1580.0,-11.470,-10.100,-5.010,-0.010,0.986,2,14,0,0.205,0,0,0.197,-11.171,-7.038,-4.233,0.767,1.048,2,14,0,0.220,0,0,0.218,-11.423,-13.148,-4.431,0.569,1.083,2,14,0,0.182,0,0,0.223,-8.419,-9.835,-4.555,0.445,0.911,2,14,0,0.200,0,0,0.115,-14.104,-10.232,-3.948,1.052,1.027,2,14,0,0.178,0,0,0.176,2.843,0.321,0,0,0.220,-11.205,-9.927,0.993,-0.121
1581.0,-10.446,-10.152,-5.006,-0.006,1.032,2,14,0,0.194,0,0,0.168,-10.153,-7.054,-4.279,0.721,0.997,2,14,0,0.221,0,0,0.189,-10.311,-13.222,-4.492,0.508,1.099,2,14,0,0.176,0,0,0.195,-7.530,-9.936,-4.517,0.483,0.919,2,14,0,0.177,0,0,0.092,-13.069,-10.160,-3.967,1.033,1.060,2,14,0,0.186,0,0,0.041,2.821,0.328,0,0,0.221,-10.208,-9.998,1.000,-0.021
1582.0,-9.402,-10.150,-4.948,0.052,1.062,2,14,0,0.193,0,0,0.187,-9.209,-6.980,-4.252,0.748,0.969,2,14,0,0.199,0,0,0.114,-9.213,-13.166,-4.409,0.591,1.094,2,14,0,0.187,0,0,0.193,-6.587,-9.966,-4.452,0.548,0.973,2,14,0,0.176,0,0,0.168,-11.982,-10.097,-4.059,0.941,1.063,2,14,0,0.174,0,0,0.046,2.729,0.378,0,0,0.199,-9.209,-9.969,0.997,0.079
1583.0,-8.364,-9.992,-5.067,-0.067,1.067,2,14,0,0.210,0,0,0.161,-8.250,-6.822,-4.319,0.681,0.979,2,14,0,0.173,0,0,0.074,-8.176,-12.998,-4.441,0.559,1.035,2,14,0,0.180,0,0,0.193,-5.567,-9.811,-4.466,0.534,1.036,2,14,0,0.185,0,0,0.138,-10.943,-10.022,-4.007,0.993,1.045,2,14,0,0.175,0,0,0.105,2.789,0.351,0,0,0.210,-8.218,-9.840,0.984,0.178
1584.0,-7.337,-9.752,-4.994,0.006,1.059,2,14,0,0.194,0,0,0.169,-7.325,-6.602,-4.315,0.685,1.003,2,14,0,0.170,0,0,0.062,-7.227,-12.734,-4.404,0.596,1.008,2,14,0,0.172,0,0,0.149,-4.580,-9.537,-4.537,0.463,1.069,2,14,0,0.161,0,0,0.086,-9.936,-9.903,-3.915,1.085,1.009,2,14,0,0.181,0,0,0.196,2.803,0.423,0,0,0.194,-7.244,-9.613,0.961,0.276
1585.0,-6.334,-9.327,-4.969,0.031,1.051,2,14,0,0.192,0,0,0.152,-6.305,-6.278,-4.292,0.708,1.028,2,14,0,0.174,0,0,0.095,-6.317,-12.389,-4.380,0.620,0.986,2,14,0,0.178,0,0,0.108,-3.567,-9.143,-4.492,0.508,1.085,2,14,0,0.243,0,0,0.037,-8.931,-9.641,-3.988,1.012,0.985,2,14,0,0.181,0,0,0.281,2.793,0.509,0,0,0.243,-6.299,-9.290,0.929,0.370
1586.0,-5.454,-8.866,-4.971,0.029,0.998,2,14,0,0.297,0,0,0.116,-5.395,-5.904,-4.313,0.687,1.019,2,14,0,0.232,0,0,0.126,-5.391,-11.976,-4.465,0.535,0.988,2,14,0,0.184,0,0,0.122,-2.638,-8.782,-4.530,0.470,1.044,2,14,0,0.478,0,0,0.083,-8.074,-9.218,-3.950,1.050,0.974,2,14,0,0.177,0,0,0.243,2.834,0.467,0,0,0.478,-5.390,-8.874,0.887,0.461
1587.0,-4.613,-8.362,-5.020,-0.020,0.981,2,14,0,0.195,0,0,0.088,-4.479,-5.406,-4.292,0.708,1.023,2,14,0,0.172,0,0,0.165,-4.525,-11.492,-4.536,0.464,1.005,2,14,0,0.178,0,0,0.138,-1.699,-8.311,-4.489,0.511,1.038,2,14,0,0.181,0,0,0.162,-7.290,-8.672,-3.972,1.028,1.008,2,14,0,0.180,0,0,0.168,2.892,0.384,0,0,0.195,-4.527,-8.369,0.837,0.547
1588.0,-3.736,-7.837,-4.976,0.024,0.974,2,14,0,0.193,0,0,0.170,-3.701,-4.806,-4.275,0.725,1.004,2,14,0,0.174,0,0,0.136,-3.699,-10.921,-4.526,0.474,0.999,2,14,0,0.175,0,0,0.163,-0.872,-7.786,-4.566,0.434,1.014,2,14,0,0.181,0,0,0.219,-6.499,-8.076,-3.870,1.130,1.041,2,14,0,0.174,0,0,0.156,2.894,0.368,0,0,0.193,-3.719,-7.781,0.778,0.628
1589.0,-2.989,-7.207,-4.987,0.013,0.958,2,14,0,0.229,0,0,0.192,-2.935,-4.124,-4.283,0.717,1.019,2,14,0,0.203,0,0,0.143,-3.012,-10.209,-4.476,0.524,1.012,2,14,0,0.208,0,0,0.088,-0.184,-7.109,-4.545,0.455,1.024,2,14,0,0.196,0,0,0.176,-5.766,-7.342,-3.932,1.068,1.074,2,14,0,0.179,0,0,0.087,2.841,0.307,0,0,0.229,-2.973,-7.115,0.712,0.703
1590.0,-2.417,-6.477,-5.040,-0.040,0.984,2,14,0,0.197,0,0,0.121,-2.265,-3.405,-4.305,0.695,1.026,2,14,0,0.172,0,0,0.150,-2.340,-9.472,-4.425,0.575,1.025,2,14,0,0.204,0,0,0.084,0.456,-6.292,-4.451,0.549,1.053,2,14,0,0.179,0,0,0.090,-5.074,-6.517,-3.930,1.070,1.085,2,14,0,0.182,0,0,0.048,2.879,0.264,0,0,0.204,-2.298,-6.378,0.638,0.770
1591.0,-1.856,-5.683,-5.014,-0.014,1.026,2,14,0,0.188,0,0,0.114,-1.664,-2.526,-4.299,0.701,1.042,2,14,0,0.175,0,0,0.115,-1.720,-8.676,-4.439,0.561,1.029,2,14,0,0.426,0,0,0.101,1.054,-5.445,-4.515,0.485,1.056,2,14,0,0.176,0,0,0.062,-4.420,-5.627,-3.993,1.007,1.053,2,14,0,0.184,0,0,0.132,2.761,0.284,0,0,0.426,-1.700,-5.577,0.558,0.830
1592.0,-1.296,-4.837,-5.023,-0.023,1.064,2,14,0,0.197,0,0,0.144,-1.194,-1.663,-4.278,0.722,1.023,2,14,0,0.171,0,0,0.070,-1.062,-7.809,-4.427,0.573,1.046,2,14,0,0.176,0,0,0.230,1.625,-4.552,-4.502,0.498,1.050,2,14,0,0.182,0,0,0.115,-3.854,-4.772,-4.017,0.983,0.991,2,14,0,0.175,0,0,0.180,2.750,0.334,0,0,0.197,-1.184,-4.721,0.472,0.882
1593.0,-0.828,-3.868,-4.993,0.007,1.099,2,14,0,0.186,0,0,0.125,-0.711,-0.758,-4.290,0.710,1.031,2,14,0,0.176,0,0,0.123,-0.594,-6.918,-4.465,0.535,1.019,2,14,0,0.182,0,0,0.273,2.138,-3.631,-4.490,0.510,1.020,2,14,0,0.187,0,0,0.200,-3.395,-3.947,-3.922,1.078,0.947,2,14,0,0.208,0,0,0.186,2.782,0.385,0,0,0.208,-0.757,-3.817,0.382,0.924
1594.0,-0.421,-2.816,-4.971,0.029,1.080,2,14,0,0.190,0,0,0.185,-0.304,0.205,-4.288,0.712,1.028,2,14,0,0.175,0,0,0.198,-0.354,-5.903,-4.414,0.586,1.031,2,14,0,0.180,0,0,0.168,2.514,-2.660,-4.547,0.453,0.993,2,14,0,0.239,0,0,0.250,-3.014,-3.123,-3.997,1.003,0.952,2,14,0,0.181,0,0,0.253,2.787,0.477,0,0,0.239,-0.422,-2.875,0.288,0.958
1595.0,-0.175,-1.828,-4.932,0.068,1.033,2,14,0,0.255,0,0,0.202,-0.132,1.195,-4.268,0.732,1.009,2,14,0,0.257,0,0,0.132,-0.180,-4.883,-4.454,0.546,1.023,2,14,0,0.286,0,0,0.117,2.719,-1.756,-4.539,0.461,0.968,2,14,0,0.177,0,0,0.206,-2.854,-2.183,-3.947,1.053,1.013,2,14,0,0.179,0,0,0.203,2.876,0.431,0,0,0.286,-0.183,-1.905,0.190,0.982
1596.0,-0.034,-0.823,-5.001,-0.001,1.009,2,14,0,0.222,0,0,0.204,0.037,2.189,-4.228,0.772,1.011,2,14,0,0.178,0,0,0.159,-0.154,-3.854,-4.483,0.517,1.008,2,14,0,0.173,0,0,0.103,2.852,-0.772,-4.489,0.511,0.995,2,14,0,0.176,0,0,0.200,-2.767,-1.180,-3.977,1.023,1.073,2,14,0,0.176,0,0,0.155,2.931,0.382,0,0,0.222,-0.042,-0.915,0.092,0.996
1597.0,0.002,0.204,-5.040,-0.040,0.987,2,14,0,0.188,0,0,0.212,0.077,3.183,-4.309,0.691,1.002,2,14,0,0.171,0,0,0.157,-0.116,-2.909,-4.480,0.520,0.977,2,14,0,0.212,0,0,0.045,2.856,0.208,-4.501,0.499,1.024,2,14,0,0.179,0,0,0.166,-2.772,-0.066,-3.932,1.068,1.113,2,14,0,0.171,0,0,0.052,2.905,0.273,0,0,0.212,-0.000,0.084,-0.008,1.000
1598.0,-0.105,1.130,-5.013,-0.013,0.967,2,14,0,0.236,0,0,0.141,-0.048,4.178,-4.261,0.739,1.008,2,14,0,0.173,0,0,0.093,-0.090,-1.854,-4.436,0.564,0.993,2,14,0,0.882,0,0,0.117,2.705,1.187,-4.531,0.469,1.044,2,14,0,0.434,0,0,0.080,-2.860,1.079,-3.968,1.032,1.088,2,14,0,0.223,0,0,0.135,2.853,0.259,0,0,0.882,-0.059,1.082,-0.108,0.994
1599.0,-0.265,2.123,-5.019,-0.019,1.006,2,14,0,0.194,0,0,0.140,-0.203,5.144,-4.289,0.711,1.025,2,14,0,0.220,0,0,0.087,-0.148,-0.886,-4.424,0.576,0.977,2,14,0,0.371,0,0,0.185,2.496,2.201,-4.524,0.476,1.080,2,14,0,0.234,0,0,0.025,-2.901,2.105,-3.963,1.037,1.028,2,14,0,0.173,0,0,0.228,2.806,0.317,0,0,0.371,-0.216,2.069,-0.207,0.978
1600.0,-0.618,3.094,-4.879,0.121,1.021,2,14,0,0.190,0,0,0.059,-0.398,6.144,-4.252,0.748,1.038,2,14,0,0.214,0,0,0.152,-0.298,0.050,-4.456,0.544,0.982,2,14,0,0.177,0,0,0.273,2.307,3.257,-4.504,0.496,1.062,2,14,0,0.184,0,0,0.105,-3.135,3.066,-3.968,1.032,0.973,2,14,0,0.195,0,0,0.234,2.676,0.338,0,0,0.214,-0.472,3.035,-0.304,0.953
1601.0,-1.015,4.055,-5.000,-0.000,1.016,2,14,0,0.187,0,0,0.072,-0.699,7.134,-4.266,0.734,1.050,2,14,0,0.176,0,0,0.218,-0.663,1.007,-4.488,0.512,1.030,2,14,0,0.180,0,0,0.265,2.034,4.260,-4.510,0.490,1.032,2,14,0,0.222,0,0,0.208,-3.492,3.923,-3.942,1.058,0.956,2,14,0,0.176,0,0,0.182,2.696,0.334,0,0,0.222,-0.822,3.971,-0.397,0.918
1602.0,-1.376,4.911,-4.984,0.016,0.978,2,14,0,0.190,0,0,0.080,-1.189,8.085,-4.221,0.779,1.046,2,14,0,0.202,0,0,0.211,-1.214,1.910,-4.466,0.534,1.065,2,14,0,0.179,0,0,0.167,1.607,5.154,-4.530,0.470,1.009,2,14,0,0.183,0,0,0.215,-4.007,4.769,-3.983,1.017,0.973,2,14,0,0.174,0,0,0.094,2.818,0.314,0,0,0.202,-1.265,4.868,-0.487,0.874
1603.0,-1.844,5.761,-5.030,-0.030,1.008,2,14,0,0.224,0,0,0.137,-1.739,8.915,-4.236,0.764,1.035,2,14,0,0.209,0,0,0.183,-1.743,2.723,-4.479,0.521,1.058,2,14,0,0.173,0,0,0.153,1.026,6.059,-4.526,0.474,1.047,2,14,0,0.176,0,0,0.227,-4.620,5.568,-3.984,1.016,1.016,2,14,0,0.177,0,0,0.004,2.929,0.388,0,0,0.224,-1.794,5.715,-0.572,0.821
1604.0,-2.449,6.584,-5.053,-0.053,1.047,2,14,0,0.188,0,0,0.156,-2.332,9.682,-4.248,0.752,1.036,2,14,0,0.176,0,0,0.180,-2.427,3.541,-4.432,0.568,1.084,2,14,0,0.175,0,0,0.101,0.287,6.875,-4.466,0.534,1.028,2,14,0,0.183,0,0,0.217,-5.222,6.424,-4.017,0.983,1.030,2,14,0,0.181,0,0,0.064,2.813,0.480,0,0,0.188,-2.406,6.506,-0.651,0.759
1605.0,-3.129,7.346,-4.962,0.038,1.067,2,14,0,0.191,0,0,0.181,-3.111,10.352,-4.270,0.730,1.074,2,14,0,0.176,0,0,0.076,-3.227,4.283,-4.408,0.592,1.085,2,14,0,0.210,0,0,0.091,-0.393,7.592,-4.469,0.531,0.982,2,14,0,0.183,0,0,0.208,-5.904,7.187,-4.027,0.973,1.022,2,14,0,0.172,0,0,0.096,2.791,0.469,0,0,0.210,-3.093,7.232,-0.723,0.691
1606.0,-3.949,8.091,-5.024,-0.024,1.073,2,14,0,0.189,0,0,0.217,-3.952,11.065,-4.275,0.725,1.076,2,14,0,0.174,0,0,0.105,-4.056,4.978,-4.416,0.584,1.039,2,14,0,0.175,0,0,0.167,-1.062,8.186,-4.554,0.446,0.950,2,14,0,0.155,0,0,0.173,-6.655,7.909,-3.913,1.087,1.018,2,14,0,0.174,0,0,0.166,2.927,0.368,0,0,0.189,-3.850,7.885,-0.789,0.615
1607.0,-4.797,8.750,-5.025,-0.025,1.052,2,14,0,0.193,0,0,0.288,-4.831,11.647,-4.320,0.680,1.039,2,14,0,0.175,0,0,0.147,-4.891,5.550,-4.440,0.560,0.987,2,14,0,0.172,0,0,0.186,-1.867,8.653,-4.515,0.485,1.000,2,14,0,0.181,0,0,0.109,-7.405,8.534,-3.884,1.116,0.997,2,14,0,0.175,0,0,0.236,2.855,0.318,0,0,0.193,-4.668,8.460,-0.846,0.533
1608.0,-5.703,9.159,-5.000,0.000,1.032,2,14,0,0.195,0,0,0.205,-5.636,12.106,-4.270,0.730,0.974,2,14,0,0.170,0,0,0.088,-5.686,6.032,-4.468,0.532,0.939,2,14,0,0.175,0,0,0.127,-2.802,9.073,-4.510,0.490,1.055,2,14,0,0.180,0,0,0.048,-8.267,9.008,-3.944,1.056,1.005,2,14,0,0.177,0,0,0.225,2.778,0.291,0,0,0.195,-5.539,8.950,-0.895,0.446
1609.0,-6.703,9.435,-5.009,-0.009,1.022,2,14,0,0.189,0,0,0.098,-6.516,12.529,-4.314,0.686,0.985,2,14,0,0.174,0,0,0.106,-6.460,6.410,-4.444,0.556,0.941,2,14,0,0.185,0,0,0.124,-3.841,9.545,-4.503,0.497,1.074,2,14,0,0.217,0,0,0.094,-9.209,9.359,-3.983,1.017,1.032,2,14,0,0.180,0,0,0.169,2.709,0.432,0,0,0.217,-6.455,9.350,-0.935,0.355
1610.0,-7.689,9.692,-5.010,-0.010,1.012,2,14,0,0.188,0,0,0.098,-7.498,12.887,-4.310,0.690,0.991,2,14,0,0.177,0,0,0.158,-7.385,6.764,-4.442,0.558,1.014,2,14,0,0.185,0,0,0.178,-4.746,9.879,-4.548,0.452,1.020,2,14,0,0.155,0,0,0.079,-10.175,9.653,-3.963,1.037,1.056,2,14,0,0.180,0,0,0.151,2.697,0.406,0,0,0.188,-7.406,9.658,-0.966,0.259
1611.0,-8.642,9.939,-4.996,0.004,0.981,2,14,0,0.191,0,0,0.102,-8.463,13.108,-4.271,0.729,1.006,2,14,0,0.174,0,0,0.167,-8.416,7.025,-4.450,0.550,1.056,2,14,0,0.296,0,0,0.197,-5.666,10.145,-4.538,0.462,1.015,2,14,0,0.209,0,0,0.121,-11.199,9.852,-4.026,0.974,1.067,2,14,0,0.176,0,0,0.130,2.736,0.396,0,0,0.296,-8.383,9.868,-0.987,0.162
1612.0,-9.610,10.020,-4.980,0.020,0.967,2,14,0,0.615,0,0,0.063,-9.475,13.227,-4.277,0.723,1.008,2,14,0,0.176,0,0,0.175,-9.476,7.142,-4.467,0.533,1.066,2,14,0,0.181,0,0,0.192,-6.649,10.316,-4.500,0.500,1.029,2,14,0,0.182,0,0,0.182,-12.238,9.953,-3.954,1.046,1.066,2,14,0,0.176,0,0,0.124,2.822,0.433,0,0,0.615,-9.376,9.981,-0.998,0.062
1613.0,-10.597,10.094,-5.036,-0.036,0.970,2,14,0,0.192,0,0,0.105,-10.496,13.205,-4.215,0.785,1.016,2,14,0,0.171,0,0,0.147,-10.462,7.149,-4.459,0.541,1.055,2,14,0,0.180,0,0,0.186,-7.719,10.375,-4.524,0.476,1.047,2,14,0,0.194,0,0,0.231,-13.303,9.924,-3.945,1.055,1.037,2,14,0,0.247,0,0,0.123,2.922,0.513,0,0,0.247,-10.376,9.993,-0.999,-0.038
1614.0,-11.521,10.099,-5.049,-0.049,0.983,2,14,0,0.187,0,0,0.191,-11.458,13.048,-4.243,0.757,1.021,2,14,0,0.173,0,0,0.069,-11.517,7.006,-4.406,0.594,1.076,2,14,0,0.172,0,0,0.141,-8.766,10.232,-4.529,0.471,1.033,2,14,0,0.183,0,0,0.198,-14.319,9.761,-3.946,1.054,1.000,2,14,0,0.181,0,0,0.125,2.807,0.513,0,0,0.187,-11.371,9.906,-0.991,-0.137
1615.0,-12.546,9.911,-4.976,0.024,1.037,2,14,0,0.191,0,0,0.189,-12.422,12.870,-4.326,0.674,1.024,2,14,0,0.172,0,0,0.074,-12.624,6.738,-4.447,0.553,1.063,2,14,0,0.201,0,0,0.190,-9.702,9.977,-4.514,0.486,1.013,2,14,0,0.176,0,0,0.114,-15.229,9.622,-3.966,1.034,0.950,2,14,0,0.173,0,0,0.071,2.881,0.433,0,0,0.201,-12.353,9.719,-0.972,-0.235
1616.0,-13.527,9.636,-4.937,0.063,1.066,2,14,0,0.189,0,0,0.200,-13.433,12.594,-4.264,0.736,1.044,2,14,0,0.174,0,0,0.096,-13.605,6.398,-4.521,0.479,0.988,2,14,0,0.149,0,0,0.208,-10.707,9.665,-4.498,0.502,1.036,2,14,0,0.180,0,0,0.118,-16.195,9.404,-3.943,1.057,0.979,2,14,0,0.284,0,0,0.128,2.854,0.457,0,0,0.284,-13.312,9.436,-0.944,-0.331
1617.0,-14.460,9.212,-4.969,0.031,1.075,2,14,0,0.193,0,0,0.157,-14.425,12.223,-4.304,0.696,1.039,2,14,0,0.146,0,0,0.145,-14.478,6.056,-4.515,0.485,0.931,2,14,0,0.148,0,0,0.156,-11.620,9.306,-4.518,0.482,1.009,2,14,0,0.208,0,0,0.122,-17.157,9.060,-3.941,1.059,1.000,2,14,0,0.185,0,0,0.176,2.877,0.456,0,0,0.208,-14.237,9.058,-0.906,-0.424
1618.0,-15.460,8.720,-4.951,0.049,1.092,2,14,0,0.160,0,0,0.199,-15.341,11.735,-4.300,0.700,1.017,2,14,0,0.176,0,0,0.162,-15.232,5.682,-4.511,0.489,0.927,2,14,0,0.151,0,0,0.119,-12.512,8.865,-4.553,0.447,1.013,2,14,0,0.198,0,0,0.150,-18.048,8.604,-3.967,1.033,1.006,2,14,0,0.176,0,0,0.191,2.771,0.479,0,0,0.198,-15.121,8.590,-0.859,-0.512
1619.0,-16.284,8.033,-4.961,0.039,1.047,2,14,0,0.204,0,0,0.150,-16.154,11.192,-4.297,0.703,0.984,2,14,0,0.221,0,0,0.151,-16.040,5.191,-4.495,0.505,0.997,2,14,0,0.244,0,0,0.182,-13.315,8.275,-4.519,0.481,1.032,2,14,0,0.238,0,0,0.105,-18.875,8.045,-3.936,1.064,1.035,2,14,0,0.196,0,0,0.185,2.787,0.434,0,0,0.244,-15.952,8.035,-0.804,-0.595
1620.0,-17.003,7.377,-4.977,0.023,0.995,2,14,0,0.190,0,0,0.094,-16.935,10.579,-4.257,0.743,1.003,2,14,0,0.175,0,0,0.169,-16.808,4.557,-4.385,0.615,1.068,2,14,0,0.174,0,0,0.186,-14.111,7.582,-4.460,0.540,1.032,2,14,0,0.177,0,0,0.086,-19.639,7.363,-4.001,0.999,1.053,2,14,0,0.181,0,0,0.140,2.811,0.427,0,0,0.190,-16.725,7.401,-0.740,-0.672
1621.0,-17.748,6.676,-5.001,-0.001,0.987,2,14,0,0.190,0,0,0.138,-17.681,9.899,-4.272,0.728,1.011,2,14,0,0.172,0,0,0.219,-17.536,3.766,-4.383,0.617,1.121,2,14,0,0.151,0,0,0.102,-14.841,6.857,-4.494,0.506,1.041,2,14,0,0.180,0,0,0.109,-20.336,6.563,-3.933,1.067,1.065,2,14,0,0.150,0,0,0.080,2.802,0.442,0,0,0.190,-17.430,6.693,-0.669,-0.743
1622.0,-18.332,5.946,-5.039,-0.039,0.967,2,14,0,0.187,0,0,0.093,-18.234,9.082,-4.288,0.712,1.021,2,14,0,0.173,0,0,0.133,-18.254,2.936,-4.381,0.619,1.116,2,14,0,0.207,0,0,0.107,-15.524,6.146,-4.479,0.521,1.012,2,14,0,0.194,0,0,0.178,-20.991,5.722,-3.996,1.004,1.051,2,14,0,0.182,0,0,0.118,2.866,0.516,0,0,0.207,-18.061,5.917,-0.592,-0.806
1623.0,-18.941,5.125,-5.002,-0.002,0.991,2,14,0,0.185,0,0,0.153,-18.715,8.174,-4.327,0.673,1.037,2,14,0,0.179,0,0,0.033,-18.943,2.033,-4.420,0.580,1.084,2,14,0,0.179,0,0,0.235,-16.060,5.327,-4.511,0.489,1.005,2,14,0,0.188,0,0,0.171,-21.522,4.892,-4.002,0.998,0.997,2,14,0,0.184,0,0,0.092,2.778,0.510,0,0,0.188,-18.612,5.083,-0.508,-0.861
1624.0,-19.393,4.292,-5.003,-0.003,0.988,2,14,0,0.191,0,0,0.162,-19.154,7.243,-4.229,0.771,1.040,2,14,0,0.174,0,0,0.032,-19.421,1.138,-4.487,0.513,1.008,2,14,0,0.175,0,0,0.252,-16.501,4.440,-4.508,0.492,1.028,2,14,0,0.185,0,0,0.150,-22.025,4.075,-3.899,1.101,0.988,2,14,0,0.180,0,0,0.125,2.863,0.489,0,0,0.191,-19.076,4.198,-0.420,-0.908
1625.0,-19.800,3.332,-4.986,0.014,1.038,2,14,0,0.251,0,0,0.178,-19.620,6.303,-4.280,0.720,1.030,2,14,0,0.173,0,0,0.105,-19.742,0.176,-4.501,0.499,0.981,2,14,0,0.173,0,0,0.213,-16.824,3.507,-4.540,0.460,1.044,2,14,0,0.175,0,0,0.106,-22.425,3.226,-3.966,1.034,0.984,2,14,0,0.172,0,0,0.182,2.819,0.442,0,0,0.251,-19.450,3.271,-0.327,-0.945
1626.0,-20.069,2.311,-5.019,-0.019,1.046,2,14,0,0.186,0,0,0.158,-20.070,5.372,-4.293,0.707,1.000,2,14,0,0.202,0,0,0.265,-19.948,-0.763,-4.442,0.558,0.955,2,14,0,0.177,0,0,0.132,-17.073,2.504,-4.553,0.447,1.074,2,14,0,0.185,0,0,0.059,-22.702,2.278,-3.979,1.021,1.030,2,14,0,0.235,0,0,0.187,2.831,0.394,0,0,0.235,-19.729,2.311,-0.231,-0.973
1627.0,-20.169,1.329,-5.004,-0.004,1.042,2,14,0,0.187,0,0,0.077,-20.258,4.369,-4.335,0.665,1.004,2,14,0,0.616,0,0,0.274,-20.118,-1.673,-4.461,0.539,0.963,2,14,0,0.201,0,0,0.112,-17.310,1.460,-4.518,0.482,1.081,2,14,0,0.156,0,0,0.100,-22.891,1.263,-3.930,1.070,1.065,2,14,0,0.182,0,0,0.176,2.903,0.420,0,0,0.616,-19.911,1.328,-0.133,-0.991
1628.0,-20.199,0.360,-5.018,-0.018,1.020,2,14,0,0.262,0,0,0.033,-20.269,3.384,-4.327,0.673,1.004,2,14,0,0.175,0,0,0.202,-20.208,-2.655,-4.476,0.524,1.015,2,14,0,0.181,0,0,0.122,-17.481,0.425,-4.516,0.484,1.046,2,14,0,0.203,0,0,0.194,-23.000,0.183,-3.897,1.103,1.097,2,14,0,0.185,0,0,0.183,2.764,0.495,0,0,0.262,-19.994,0.332,-0.033,-0.999
1629.0,-20.205,-0.657,-4.997,0.003,1.036,2,14,0,0.196,0,0,0.047,-20.159,2.420,-4.298,0.702,1.019,2,14,0,0.173,0,0,0.107,-20.117,-3.678,-4.486,0.514,1.044,2,14,0,0.219,0,0,0.042,-17.473,-0.611,-4.520,0.480,1.023,2,14,0,0.180,0,0,0.218,-22.958,-0.919,-3.954,1.046,1.078,2,14,0,0.178,0,0,0.190,2.774,0.499,0,0,0.219,-19.978,-0.667,0.067,-0.998
1630.0,-20.161,-1.648,-4.993,0.007,1.041,2,14,0,0.295,0,0,0.121,-20.037,1.424,-4.255,0.745,1.033,2,14,0,0.188,0,0,0.099,-19.984,-4.691,-4.435,0.565,1.054,2,14,0,0.176,0,0,0.026,-17.373,-1.598,-4.527,0.473,1.003,2,14,0,0.180,0,0,0.230,-22.827,-1.917,-3.984,1.016,1.028,2,14,0,0.173,0,0,0.181,2.827,0.516,0,0,0.295,-19.861,-1.660,0.166,-0.986
1631.0,-19.994,-2.704,-5.022,-0.022,1.055,2,14,0,0.188,0,0,0.181,-19.780,0.460,-4.263,0.737,1.047,2,14,0,0.262,0,0,0.060,-19.853,-5.664,-4.482,0.518,1.047,2,14,0,0.178,0,0,0.109,-17.112,-2.537,-4.554,0.446,1.025,2,14,0,0.212,0,0,0.174,-22.655,-2.904,-3.982,1.018,1.006,2,14,0,0.178,0,0,0.222,2.864,0.476,0,0,0.262,-19.646,-2.636,0.264,-0.965
1632.0,-19.759,-3.690,-5.008,-0.008,1.043,2,14,0,0.194,0,0,0.266,-19.427,-0.563,-4.224,0.776,1.067,2,14,0,0.171,0,0,0.056,-19.567,-6.674,-4.500,0.500,1.055,2,14,0,0.196,0,0,0.145,-16.681,-3.502,-4.534,0.466,1.036,2,14,0,0.215,0,0,0.086,-22.239,-3.871,-4.057,0.943,1.015,2,14,0,0.184,0,0,0.157,2.663,0.436,0,0,0.215,-19.335,-3.586,0.359,-0.933
1633.0,-19.282,-4.663,-4.992,0.008,1.063,2,14,0,0.188,0,0,0.240,-19.014,-1.536,-4.283,0.717,1.041,2,14,0,0.174,0,0,0.112,-19.136,-7.673,-4.517,0.483,1.050,2,14,0,0.347,0,0,0.180,-16.220,-4.401,-4.557,0.443,1.016,2,14,0,0.180,0,0,0.062,-21.751,-4.770,-4.001,0.999,0.985,2,14,0,0.173,0,0,0.118,2.662,0.388,0,0,0.347,-18.930,-4.500,0.450,-0.893
1634.0,-18.738,-5.594,-5.030,-0.030,1.042,2,14,0,0.186,0,0,0.256,-18.556,-2.441,-4.310,0.690,1.006,2,14,0,0.175,0,0,0.155,-18.589,-8.546,-4.507,0.493,1.026,2,14,0,0.176,0,0,0.164,-15.739,-5.272,-4.533,0.467,1.008,2,14,0,0.180,0,0,0.062,-21.294,-5.563,-3.974,1.026,0.968,2,14,0,0.176,0,0,0.059,2.765,0.376,0,0,0.186,-18.436,-5.369,0.537,-0.844
1635.0,-18.062,-6.351,-4.986,0.014,1.012,2,14,0,0.191,0,0,0.168,-18.113,-3.285,-4.301,0.699,0.969,2,14,0,0.170,0,0,0.250,-18.043,-9.337,-4.414,0.586,1.000,2,14,0,0.175,0,0,0.151,-15.217,-6.136,-4.466,0.534,1.001,2,14,0,0.176,0,0,0.118,-20.711,-6.400,-3.958,1.042,1.003,2,14,0,0.178,0,0,0.077,2.842,0.363,0,0,0.191,-17.858,-6.185,0.618,-0.786
1636.0,-17.324,-6.987,-5.000,-0.000,0.996,2,14,0,0.194,0,0,0.080,-17.413,-4.025,-4.283,0.717,0.996,2,14,0,0.191,0,0,0.212,-17.400,-10.044,-4.405,0.595,1.015,2,14,0,0.176,0,0,0.126,-14.620,-6.874,-4.515,0.485,0.999,2,14,0,0.181,0,0,0.146,-20.064,-7.130,-3.942,1.058,1.002,2,14,0,0.180,0,0,0.061,2.749,0.424,0,0,0.194,-17.202,-6.938,0.694,-0.720
1637.0,-16.599,-7.649,-5.016,-0.016,0.982,2,14,0,0.249,0,0,0.056,-16.651,-4.677,-4.296,0.704,1.006,2,14,0,0.482,0,0,0.165,-16.632,-10.708,-4.423,0.577,1.023,2,14,0,0.179,0,0,0.083,-13.924,-7.576,-4.468,0.532,1.037,2,14,0,0.181,0,0,0.186,-19.323,-7.808,-3.959,1.041,1.020,2,14,0,0.179,0,0,0.049,2.731,0.454,0,0,0.482,-16.473,-7.622,0.762,-0.647
1638.0,-15.808,-8.242,-4.955,0.045,0.983,2,14,0,0.185,0,0,0.047,-15.807,-5.289,-4.269,0.731,1.029,2,14,0,0.172,0,0,0.143,-15.806,-11.309,-4.466,0.534,1.041,2,14,0,0.178,0,0,0.058,-13.001,-8.238,-4.480,0.520,1.074,2,14,0,0.180,0,0,0.160,-18.553,-8.440,-3.971,1.029,1.015,2,14,0,0.181,0,0,0.081,2.847,0.321,0,0,0.185,-15.680,-8.231,0.823,-0.568
1639.0,-15.043,-8.773,-4.967,0.033,0.979,2,14,0,0.257,0,0,0.039,-14.885,-5.819,-4.271,0.729,1.022,2,14,0,0.178,0,0,0.140,-14.910,-11.901,-4.393,0.607,1.039,2,14,0,0.176,0,0,0.117,-12.130,-8.800,-4.467,0.533,1.040,2,14,0,0.160,0,0,0.201,-17.696,-8.998,-3.926,1.074,1.033,2,14,0,0.180,0,0,0.106,2.859,0.304,0,0,0.257,-14.830,-8.756,0.876,-0.483
1640.0,-14.153,-9.268,-4.960,0.040,1.022,2,14,0,0.188,0,0,0.089,-13.996,-6.234,-4.271,0.729,1.005,2,14,0,0.174,0,0,0.116,-13.996,-12.361,-4.459,0.541,1.007,2,14,0,0.189,0,0,0.143,-11.220,-9.210,-4.567,0.433,1.002,2,14,0,0.179,0,0,0.173,-16.751,-9.492,-3.956,1.044,1.034,2,14,0,0.220,0,0,0.148,2.794,0.347,0,0,0.220,-13.931,-9.195,0.919,-0.393
1641.0,-13.159,-9.684,-5.053,-0.053,1.022,2,14,0,0.249,0,0,0.144,-13.066,-6.533,-4.245,0.755,1.005,2,14,0,0.181,0,0,0.068,-13.076,-12.744,-4.494,0.506,0.990,2,14,0,0.177,0,0,0.178,-10.296,-9.490,-4.529,0.471,0.990,2,14,0,0.179,0,0,0.107,-15.787,-9.886,-3.947,1.053,1.016,2,14,0,0.179,0,0,0.202,2.858,0.402,0,0,0.249,-12.994,-9.541,0.954,-0.299
1642.0,-12.298,-9.955,-5.016,-0.016,1.002,2,14,0,0.188,0,0,0.192,-12.085,-6.833,-4.286,0.714,1.018,2,14,0,0.180,0,0,0.115,-12.159,-13.004,-4.453,0.547,0.976,2,14,0,0.155,0,0,0.185,-9.374,-9.698,-4.566,0.434,1.007,2,14,0,0.180,0,0,0.075,-14.826,-10.172,-3.944,1.056,1.003,2,14,0,0.176,0,0,0.235,2.754,0.429,0,0,0.188,-12.026,-9.793,0.979,-0.203
1643.0,-11.362,-10.178,-4.967,0.033,1.048,2,14,0,0.185,0,0,0.280,-11.072,-7.039,-4.323,0.677,1.007,2,14,0,0.182,0,0,0.174,-11.180,-13.131,-4.440,0.560,1.017,2,14,0,0.178,0,0,0.160,-8.316,-9.851,-4.539,0.461,1.041,2,14,0,0.172,0,0,0.063,-13.816,-10.274,-3.899,1.101,0.992,2,14,0,0.177,0,0,0.188,2.678,0.399,0,0,0.185,-11.038,-9.946,0.995,-0.104
1644.0,-10.280,-10.185,-4.996,0.004,1.115,2,14,0,0.192,0,0,0.199,-9.991,-7.081,-4.324,0.676,1.004,2,14,0,0.214,0,0,0.201,-10.258,-13.123,-4.478,0.522,1.039,2,14,0,0.185,0,0,0.150,-7.372,-9.876,-4.474,0.526,1.015,2,14,0,0.177,0,0,0.039,-12.902,-10.243,-3.928,1.072,0.988,2,14,0,0.175,0,0,0.109,2.832,0.354,0,0,0.214,-10.040,-10.000,1.000,-0.004
1645.0,-9.192,-10.075,-4.965,0.035,1.118,2,14,0,0.192,0,0,0.129,-9.020,-7.015,-4.348,0.652,0.962,2,14,0,0.175,0,0,0.171,-9.174,-13.030,-4.375,0.625,1.097,2,14,0,0.177,0,0,0.051,-6.388,-9.848,-4.480,0.520,1.039,2,14,0,0.192,0,0,0.067,-11.939,-10.129,-3.980,1.020,1.032,2,14,0,0.353,0,0,0.080,2.855,0.362,0,0,0.353,-9.042,-9.954,0.995,0.096
1646.0,-8.112,-9.968,-5.028,-0.028,1.087,2,14,0,0.194,0,0,0.200,-8.147,-6.820,-4.255,0.745,0.967,2,14,0,0.182,0,0,0.085,-8.101,-12.908,-4.458,0.542,1.093,2,14,0,0.173,0,0,0.089,-5.297,-9.810,-4.515,0.485,1.064,2,14,0,0.180,0,0,0.166,-10.923,-9.979,-3.940,1.060,1.071,2,14,0,0.207,0,0,0.053,2.867,0.244,0,0,0.207,-8.053,-9.809,0.981,0.195
1647.0,-7.116,-9.669,-5.007,-0.007,1.033,2,14,0,0.205,0,0,0.180,-7.225,-6.588,-4.325,0.675,1.018,2,14,0,0.193,0,0,0.114,-7.050,-12.612,-4.432,0.568,1.050,2,14,0,0.180,0,0,0.143,-4.223,-9.643,-4.515,0.485,1.032,2,14,0,0.184,0,0,0.285,-9.915,-9.783,-4.026,0.974,1.069,2,14,0,0.183,0,0,0.073,2.934,0.275,0,0,0.205,-7.083,-9.565,0.957,0.292
1648.0,-6.175,-9.293,-5.011,-0.011,1.001,2,14,0,0.246,0,0,0.166,-6.220,-6.250,-4.283,0.717,1.067,2,14,0,0.174,0,0,0.097,-6.075,-12.297,-4.426,0.574,0.985,2,14,0,0.175,0,0,0.173,-3.280,-9.309,-4.485,0.515,1.017,2,14,0,0.178,0,0,0.290,-8.952,-9.526,-3.969,1.031,1.062,2,14,0,0.183,0,0,0.155,2.942,0.356,0,0,0.246,-6.143,-9.226,0.923,0.386
1649.0,-5.245,-8.869,-5.025,-0.025,0.981,2,14,0,0.193,0,0,0.188,-5.291,-5.841,-4.278,0.722,1.059,2,14,0,0.236,0,0,0.121,-5.235,-12.004,-4.479,0.521,0.953,2,14,0,0.179,0,0,0.206,-2.387,-8.774,-4.487,0.513,1.017,2,14,0,0.177,0,0,0.209,-7.902,-9.092,-3.999,1.001,1.083,2,14,0,0.153,0,0,0.219,2.857,0.450,0,0,0.236,-5.241,-8.795,0.880,0.476
1650.0,-4.394,-8.382,-4.996,0.004,0.963,2,14,0,0.191,0,0,0.203,-4.369,-5.326,-4.296,0.704,1.074,2,14,0,0.176,0,0,0.154,-4.428,-11.523,-4.508,0.492,0.993,2,14,0,0.184,0,0,0.220,-1.580,-8.186,-4.521,0.479,1.014,2,14,0,0.224,0,0,0.131,-6.960,-8.525,-3.915,1.085,1.043,2,14,0,0.188,0,0,0.270,2.789,0.494,0,0,0.224,-4.387,-8.276,0.828,0.561
1651.0,-3.659,-7.755,-4.939,0.061,0.978,2,14,0,0.220,0,0,0.139,-3.478,-4.755,-4.214,0.786,1.051,2,14,0,0.174,0,0,0.244,-3.611,-10.919,-4.453,0.547,1.052,2,14,0,0.173,0,0,0.227,-0.870,-7.506,-4.559,0.441,1.010,2,14,0,0.180,0,0,0.023,-6.166,-7.904,-3.983,1.017,0.986,2,14,0,0.179,0,0,0.260,2.687,0.481,0,0,0.220,-3.589,-7.674,0.767,0.641
1652.0,-2.982,-7.110,-4.974,0.026,0.992,2,14,0,0.193,0,0,0.131,-2.704,-4.039,-4.272,0.728,1.046,2,14,0,0.173,0,0,0.255,-2.844,-10.164,-4.467,0.533,1.088,2,14,0,0.176,0,0,0.177,-0.152,-6.832,-4.503,0.497,1.020,2,14,0,0.181,0,0,0.014,-5.444,-7.191,-3.961,1.039,0.967,2,14,0,0.179,0,0,0.236,2.664,0.455,0,0,0.193,-2.855,-6.996,0.700,0.715
1653.0,-2.346,-6.361,-4.988,0.012,1.040,2,14,0,0.196,0,0,0.127,-2.051,-3.215,-4.327,0.673,1.025,2,14,0,0.168,0,0,0.224,-2.164,-9.336,-4.380,0.620,1.090,2,14,0,0.204,0,0,0.142,0.585,-6.080,-4.447,0.553,1.030,2,14,0,0.174,0,0,0.081,-4.850,-6.428,-3.865,1.135,0.957,2,14,0,0.179,0,0,0.169,2.745,0.387,0,0,0.204,-2.192,-6.248,0.625,0.781
1654.0,-1.730,-5.495,-5.014,-0.014,1.079,2,14,0,0.227,0,0,0.086,-1.556,-2.307,-4.229,0.771,1.006,2,14,0,0.173,0,0,0.141,-1.513,-8.461,-4.435,0.565,1.060,2,14,0,0.221,0,0,0.195,1.292,-5.334,-4.534,0.466,1.005,2,14,0,0.182,0,0,0.208,-4.387,-5.614,-3.877,1.123,0.976,2,14,0,0.180,0,0,0.056,2.893,0.282,0,0,0.227,-1.607,-5.437,0.544,0.839
1655.0,-1.182,-4.508,-5.006,-0.006,1.078,2,14,0,0.208,0,0,0.113,-1.145,-1.417,-4.283,0.717,0.971,2,14,0,0.213,0,0,0.094,-0.987,-7.518,-4.459,0.541,1.026,2,14,0,0.181,0,0,0.242,1.831,-4.478,-4.520,0.480,0.989,2,14,0,0.210,0,0,0.249,-3.952,-4.700,-3.993,1.007,1.007,2,14,0,0.179,0,0,0.028,2.955,0.201,0,0,0.213,-1.106,-4.572,0.457,0.889
1656.0,-0.703,-3.510,-5.007,-0.007,1.032,2,14,0,0.190,0,0,0.226,-0.726,-0.566,-4.315,0.685,0.957,2,14,0,0.176,0,0,0.053,-0.635,-6.564,-4.460,0.540,0.971,2,14,0,0.175,0,0,0.204,2.248,-3.588,-4.556,0.444,1.004,2,14,0,0.224,0,0,0.259,-3.583,-3.826,-3.981,1.019,1.018,2,14,0,0.173,0,0,0.068,2.986,0.199,0,0,0.224,-0.694,-3.661,0.366,0.931
1657.0,-0.373,-2.605,-5.003,-0.003,0.958,2,14,0,0.194,0,0,0.210,-0.394,0.326,-4.302,0.698,0.977,2,14,0,0.198,0,0,0.066,-0.283,-5.634,-4.402,0.598,0.934,2,14,0,0.176,0,0,0.224,2.509,-2.585,-4.504,0.496,1.034,2,14,0,0.180,0,0,0.190,-3.112,-2.854,-4.023,0.977,1.051,2,14,0,0.178,0,0,0.087,2.919,0.298,0,0,0.198,-0.375,-2.714,0.271,0.962
1658.0,-0.147,-1.699,-4.997,0.003,0.932,2,14,0,0.196,0,0,0.187,-0.148,1.284,-4.262,0.738,1.012,2,14,0,0.174,0,0,0.092,-0.154,-4.794,-4.468,0.532,0.907,2,14,0,0.178,0,0,0.100,2.576,-1.549,-4.493,0.507,1.038,2,14,0,0.214,0,0,0.052,-2.834,-1.818,-3.913,1.087,1.040,2,14,0,0.180,0,0,0.157,2.774,0.331,0,0,0.214,-0.152,-1.739,0.174,0.985
1659.0,-0.035,-0.758,-5.006,-0.006,0.962,2,14,0,0.222,0,0,0.175,0.081,2.299,-4.291,0.709,1.038,2,14,0,0.178,0,0,0.185,-0.158,-3.876,-4.492,0.508,0.973,2,14,0,0.217,0,0,0.092,2.699,-0.527,-4.452,0.548,1.025,2,14,0,0.181,0,0,0.075,-2.677,-0.809,-3.944,1.056,1.002,2,14,0,0.180,0,0,0.194,2.799,0.356,0,0,0.222,-0.028,-0.747,0.075,0.997
1660.0,-0.017,0.210,-5.046,-0.046,0.997,2,14,0,0.198,0,0,0.173,0.157,3.337,-4.301,0.699,1.042,2,14,0,0.175,0,0,0.236,-0.138,-2.881,-4.447,0.553,1.032,2,14,0,0.260,0,0,0.107,2.705,0.474,-4.528,0.472,1.005,2,14,0,0.209,0,0,0.072,-2.616,0.174,-3.974,1.026,0.978,2,14,0,0.178,0,0,0.221,2.784,0.395,0,0,0.260,-0.003,0.252,-0.025,1.000
1661.0,-0.087,1.165,-5.047,-0.047,1.033,2,14,0,0.225,0,0,0.198,0.109,4.348,-4.289,0.711,1.044,2,14,0,0.204,0,0,0.266,-0.062,-1.827,-4.438,0.562,1.077,2,14,0,0.173,0,0,0.117,2.688,1.439,-4.533,0.467,0.988,2,14,0,0.198,0,0,0.079,-2.668,1.119,-3.967,1.033,0.986,2,14,0,0.180,0,0,0.235,2.798,0.430,0,0,0.225,-0.078,1.249,-0.125,0.992
1662.0,-0.307,2.203,-5.015,-0.015,1.103,2,14,0,0.187,0,0,0.136,-0.183,5.372,-4.271,0.729,1.066,2,14,0,0.171,0,0,0.163,-0.129,-0.760,-4.459,0.541,1.080,2,14,0,0.182,0,0,0.224,2.564,2.410,-4.528,0.472,1.001,2,14,0,0.248,0,0,0.121,-2.875,2.072,-4.021,0.979,1.028,2,14,0,0.177,0,0,0.202,2.756,0.411,0,0,0.248,-0.252,2.233,-0.223,0.975
1663.0,-0.580,3.270,-4.981,0.019,1.115,2,14,0,0.213,0,0,0.143,-0.567,6.327,-4.239,0.761,1.051,2,14,0,0.186,0,0,0.071,-0.431,0.265,-4.474,0.526,1.065,2,14,0,0.215,0,0,0.215,2.263,3.409,-4.563,0.437,1.020,2,14,0,0.184,0,0,0.108,-3.178,2.970,-3.939,1.061,1.055,2,14,0,0.180,0,0,0.187,2.816,0.412,0,0,0.215,-0.524,3.195,-0.319,0.948
1664.0,-0.958,4.306,-5.023,-0.023,1.074,2,14,0,0.194,0,0,0.209,-0.954,7.305,-4.272,0.728,1.037,2,14,0,0.179,0,0,0.109,-0.760,1.247,-4.455,0.545,1.042,2,14,0,0.899,0,0,0.275,1.946,4.353,-4.544,0.456,1.016,2,14,0,0.186,0,0,0.157,-3.554,3.915,-3.851,1.149,1.103,2,14,0,0.307,0,0,0.173,2.875,0.396,0,0,0.899,-0.890,4.125,-0.412,0.911
1665.0,-1.482,5.267,-5.005,-0.005,1.015,2,14,0,0.191,0,0,0.247,-1.287,8.211,-4.296,0.704,1.003,2,14,0,0.171,0,0,0.184,-1.272,2.146,-4.462,0.538,1.029,2,14,0,0.218,0,0,0.241,1.554,5.264,-4.540,0.460,1.022,2,14,0,0.223,0,0,0.225,-4.009,4.926,-3.992,1.008,1.139,2,14,0,0.153,0,0,0.172,2.744,0.350,0,0,0.223,-1.348,5.014,-0.501,0.865
1666.0,-2.058,6.041,-5.009,-0.009,0.966,2,14,0,0.189,0,0,0.179,-1.817,8.975,-4.340,0.660,1.012,2,14,0,0.169,0,0,0.157,-1.844,2.968,-4.483,0.517,1.038,2,14,0,0.214,0,0,0.208,0.978,6.067,-4.522,0.478,1.040,2,14,0,0.178,0,0,0.181,-4.705,5.945,-4.020,0.980,1.132,2,14,0,0.179,0,0,0.238,2.827,0.251,0,0,0.214,-1.891,5.852,-0.585,0.811
1667.0,-2.735,6.727,-5.009,-0.009,0.958,2,14,0,0.194,0,0,0.097,-2.540,9.740,-4.276,0.724,1.059,2,14,0,0.175,0,0,0.063,-2.575,3.703,-4.345,0.655,1.041,2,14,0,0.182,0,0,0.111,0.322,6.891,-4.517,0.483,1.081,2,14,0,0.179,0,0,0.176,-5.407,6.767,-4.004,0.996,1.038,2,14,0,0.216,0,0,0.287,2.855,0.305,0,0,0.216,-2.516,6.633,-0.663,0.748
1668.0,-3.382,7.382,-5.015,-0.015,0.954,2,14,0,0.192,0,0,0.034,-3.263,10.471,-4.253,0.747,1.057,2,14,0,0.173,0,0,0.058,-3.394,4.353,-4.373,0.627,1.040,2,14,0,0.274,0,0,0.089,-0.488,7.610,-4.561,0.439,1.087,2,14,0,0.154,0,0,0.115,-6.134,7.434,-4.075,0.925,0.954,2,14,0,0.239,0,0,0.251,2.909,0.379,0,0,0.274,-3.216,7.347,-0.735,0.678
1669.0,-4.111,8.037,-4.952,0.048,0.993,2,14,0,0.226,0,0,0.071,-4.085,11.170,-4.278,0.722,1.057,2,14,0,0.176,0,0,0.112,-4.192,4.974,-4.480,0.520,1.009,2,14,0,0.183,0,0,0.123,-1.338,8.189,-4.517,0.483,1.047,2,14,0,0.214,0,0,0.074,-6.854,7.954,-3.944,1.056,0.906,2,14,0,0.176,0,0,0.121,2.811,0.408,0,0,0.226,-3.983,7.987,-0.799,0.602
1670.0,-4.873,8.611,-5.002,-0.002,1.019,2,14,0,0.193,0,0,0.132,-4.965,11.821,-4.319,0.681,1.023,2,14,0,0.175,0,0,0.216,-5.003,5.584,-4.431,0.569,0.991,2,14,0,0.174,0,0,0.118,-2.141,8.805,-4.556,0.444,1.028,2,14,0,0.179,0,0,0.107,-7.564,8.451,-3.950,1.050,0.928,2,14,0,0.181,0,0,0.085,2.774,0.419,0,0,0.193,-4.811,8.548,-0.855,0.519
1671.0,-5.733,9.054,-5.020,-0.020,1.065,2,14,0,0.191,0,0,0.140,-5.760,12.345,-4.328,0.672,0.961,2,14,0,0.147,0,0,0.250,-5.788,6.127,-4.498,0.502,0.957,2,14,0,0.209,0,0,0.134,-3.048,9.343,-4.506,0.494,1.006,2,14,0,0.189,0,0,0.175,-8.389,8.896,-3.975,1.025,0.984,2,14,0,0.174,0,0,0.125,2.749,0.480,0,0,0.209,-5.690,9.023,-0.902,0.431
1672.0,-6.694,9.492,-4.977,0.023,1.104,2,14,0,0.194,0,0,0.127,-6.660,12.622,-4.308,0.692,0.964,2,14,0,0.172,0,0,0.145,-6.636,6.560,-4.480,0.520,0.962,2,14,0,0.180,0,0,0.194,-3.906,9.747,-4.531,0.469,0.970,2,14,0,0.190,0,0,0.185,-9.351,9.295,-3.963,1.037,1.060,2,14,0,0.177,0,0,0.097,2.834,0.448,0,0,0.194,-6.612,9.409,-0.941,0.339
1673.0,-7.774,9.876,-4.996,0.004,1.113,2,14,0,0.185,0,0,0.169,-7.590,12.807,-4.279,0.721,1.009,2,14,0,0.173,0,0,0.068,-7.529,6.863,-4.423,0.577,1.008,2,14,0,0.174,0,0,0.236,-4.781,10.034,-4.487,0.513,0.978,2,14,0,0.250,0,0,0.201,-10.323,9.665,-3.892,1.108,1.076,2,14,0,0.191,0,0,0.133,2.785,0.396,0,0,0.250,-7.568,9.700,-0.970,0.243
1674.0,-8.791,10.141,-5.002,-0.002,1.053,2,14,0,0.188,0,0,0.246,-8.604,12.975,-4.244,0.756,1.040,2,14,0,0.175,0,0,0.018,-8.603,7.040,-4.364,0.636,1.080,2,14,0,0.208,0,0,0.181,-5.825,10.192,-4.498,0.502,1.045,2,14,0,0.178,0,0,0.145,-11.398,9.870,-3.936,1.064,1.089,2,14,0,0.181,0,0,0.124,2.830,0.406,0,0,0.208,-8.549,9.894,-0.989,0.145
1675.0,-9.887,10.251,-4.985,0.015,1.030,2,14,0,0.226,0,0,0.303,-9.647,13.105,-4.220,0.780,1.049,2,14,0,0.170,0,0,0.048,-9.658,7.104,-4.395,0.605,1.067,2,14,0,0.177,0,0,0.146,-6.880,10.218,-4.486,0.514,1.058,2,14,0,0.179,0,0,0.082,-12.443,9.965,-3.920,1.080,1.055,2,14,0,0.179,0,0,0.139,2.784,0.431,0,0,0.226,-9.544,9.990,-0.999,0.046
1676.0,-10.927,10.214,-5.043,-0.043,0.970,2,14,0,0.200,0,0,0.297,-10.633,13.208,-4.306,0.694,1.017,2,14,0,0.192,0,0,0.148,-10.752,7.094,-4.417,0.583,1.064,2,14,0,0.173,0,0,0.179,-7.923,10.170,-4.504,0.496,1.033,2,14,0,0.178,0,0,0.079,-13.454,10.041,-3.924,1.076,1.026,2,14,0,0.177,0,0,0.219,2.769,0.446,0,0,0.200,-10.544,9.985,-0.999,-0.054
1677.0,-11.845,10.094,-5.012,-0.012,0.949,2,14,0,0.263,0,0,0.240,-11.626,13.194,-4.272,0.728,1.026,2,14,0,0.202,0,0,0.237,-11.780,6.928,-4.449,0.551,1.018,2,14,0,0.176,0,0,0.168,-8.910,10.107,-4.490,0.510,1.008,2,14,0,0.170,0,0,0.098,-14.402,9.969,-3.963,1.037,1.013,2,14,0,0.176,0,0,0.237,2.766,0.435,0,0,0.263,-11.538,9.881,-0.988,-0.154
1678.0,-12.757,9.775,-5.041,-0.041,0.967,2,14,0,0.226,0,0,0.108,-12.706,13.004,-4.313,0.687,1.054,2,14,0,0.175,0,0,0.277,-12.760,6.722,-4.503,0.497,0.986,2,14,0,0.183,0,0,0.166,-9.882,9.947,-4.506,0.494,0.998,2,14,0,0.181,0,0,0.129,-15.430,9.726,-4.022,0.978,1.031,2,14,0,0.256,0,0,0.213,2.861,0.454,0,0,0.256,-12.517,9.678,-0.968,-0.252
1679.0,-13.643,9.419,-5.003,-0.003,1.001,2,14,0,0.189,0,0,0.036,-13.666,12.657,-4.326,0.674,1.047,2,14,0,0.172,0,0,0.237,-13.634,6.448,-4.447,0.553,0.955,2,14,0,0.282,0,0,0.122,-10.875,9.696,-4.525,0.475,1.015,2,14,0,0.187,0,0,0.193,-16.380,9.373,-3.952,1.048,1.030,2,14,0,0.180,0,0,0.164,2.822,0.515,0,0,0.282,-13.470,9.379,-0.938,-0.347
1680.0,-14.555,9.016,-5.015,-0.015,1.033,2,14,0,0.196,0,0,0.030,-14.578,12.206,-4.307,0.693,1.058,2,14,0,0.171,0,0,0.187,-14.476,6.034,-4.388,0.612,0.985,2,14,0,0.176,0,0,0.076,-11.811,9.311,-4.515,0.485,1.007,2,14,0,0.183,0,0,0.209,-17.223,8.947,-3.953,1.047,1.028,2,14,0,0.178,0,0,0.109,2.804,0.533,0,0,0.196,-14.389,8.985,-0.899,-0.439
1681.0,-15.516,8.531,-4.928,0.072,1.044,2,14,0,0.189,0,0,0.075,-15.456,11.573,-4.322,0.678,1.052,2,14,0,0.175,0,0,0.118,-15.356,5.544,-4.505,0.495,1.027,2,14,0,0.177,0,0,0.067,-12.644,8.834,-4.489,0.511,1.016,2,14,0,0.182,0,0,0.193,-18.075,8.445,-3.936,1.064,1.051,2,14,0,0.176,0,0,0.089,2.746,0.504,0,0,0.189,-15.264,8.502,-0.850,-0.526
1682.0,-16.396,7.920,-4.971,0.029,1.024,2,14,0,0.187,0,0,0.129,-16.275,10.927,-4.251,0.749,1.005,2,14,0,0.170,0,0,0.144,-16.297,5.047,-4.480,0.520,1.043,2,14,0,0.175,0,0,0.180,-13.473,8.164,-4.487,0.513,1.052,2,14,0,0.183,0,0,0.112,-18.991,7.779,-3.986,1.014,1.074,2,14,0,0.176,0,0,0.075,2.780,0.449,0,0,0.187,-16.087,7.934,-0.793,-0.609
1683.0,-17.147,7.309,-5.009,-0.009,0.984,2,14,0,0.191,0,0,0.115,-16.967,10.265,-4.297,0.703,0.975,2,14,0,0.172,0,0,0.109,-17.130,4.384,-4.432,0.568,1.050,2,14,0,0.177,0,0,0.227,-14.250,7.439,-4.526,0.474,1.040,2,14,0,0.180,0,0,0.103,-19.840,7.151,-3.957,1.043,1.035,2,14,0,0.210,0,0,0.164,2.896,0.430,0,0,0.210,-16.848,7.287,-0.729,-0.685
1684.0,-17.849,6.614,-5.031,-0.031,0.991,2,14,0,0.189,0,0,0.130,-17.701,9.578,-4.301,0.699,0.968,2,14,0,0.174,0,0,0.109,-17.827,3.604,-4.427,0.573,1.034,2,14,0,0.179,0,0,0.201,-14.954,6.670,-4.536,0.464,1.013,2,14,0,0.229,0,0,0.117,-20.564,6.466,-3.951,1.049,1.000,2,14,0,0.174,0,0,0.204,2.925,0.425,0,0,0.229,-17.542,6.567,-0.657,-0.754
1685.0,-18.508,5.885,-5.013,-0.013,0.992,2,14,0,0.185,0,0,0.195,-18.331,8.882,-4.250,0.750,0.957,2,14,0,0.180,0,0,0.099,-18.353,2.774,-4.453,0.547,1.015,2,14,0,0.228,0,0,0.102,-15.487,5.918,-4.437,0.563,0.979,2,14,0,0.169,0,0,0.036,-21.178,5.702,-3.954,1.046,0.987,2,14,0,0.267,0,0,0.204,2.878,0.364,0,0,0.267,-18.160,5.781,-0.578,-0.816
1686.0,-19.014,5.033,-4.997,0.003,1.014,2,14,0,0.185,0,0,0.166,-18.853,8.126,-4.256,0.744,0.976,2,14,0,0.183,0,0,0.140,-18.893,1.889,-4.426,0.574,1.024,2,14,0,0.171,0,0,0.103,-16.063,5.103,-4.540,0.460,0.992,2,14,0,0.195,0,0,0.066,-21.621,4.789,-3.980,1.020,0.999,2,14,0,0.311,0,0,0.098,2.809,0.403,0,0,0.311,-18.696,4.938,-0.494,-0.870
1687.0,-19.470,4.118,-5.034,-0.034,1.033,2,14,0,0.192,0,0,0.160,-19.327,7.287,-4.261,0.739,1.029,2,14,0,0.211,0,0,0.197,-19.242,0.989,-4.422,0.578,1.001,2,14,0,0.173,0,0,0.038,-16.624,4.273,-4.513,0.487,1.009,2,14,0,0.207,0,0,0.190,-22.068,3.898,-3.891,1.109,1.003,2,14,0,0.180,0,0,0.099,2.846,0.530,0,0,0.211,-19.145,4.045,-0.404,-0.915
1688.0,-19.819,3.125,-4.979,0.021,1.049,2,14,0,0.189,0,0,0.135,-19.716,6.307,-4.222,0.778,1.080,2,14,0,0.172,0,0,0.181,-19.607,0.052,-4.380,0.620,1.015,2,14,0,0.202,0,0,0.033,-16.966,3.368,-4.537,0.463,1.020,2,14,0,0.175,0,0,0.190,-22.322,2.998,-3.976,1.024,0.999,2,14,0,0.210,0,0,0.032,2.699,0.528,0,0,0.210,-19.504,3.112,-0.311,-0.950
1689.0,-19.997,2.153,-5.016,-0.016,1.034,2,14,0,0.196,0,0,0.049,-20.028,5.307,-4.228,0.772,1.103,2,14,0,0.174,0,0,0.202,-19.969,-0.851,-4.436,0.564,1.002,2,14,0,0.176,0,0,0.108,-17.271,2.360,-4.540,0.460,1.053,2,14,0,0.180,0,0,0.212,-22.632,2.018,-4.016,0.984,1.035,2,14,0,0.174,0,0,0.045,2.775,0.547,0,0,0.196,-19.767,2.147,-0.215,-0.977
1690.0,-20.155,1.142,-5.011,-0.011,1.039,2,14,0,0.231,0,0,0.048,-20.188,4.267,-4.214,0.786,1.088,2,14,0,0.172,0,0,0.183,-20.173,-1.808,-4.410,0.590,1.021,2,14,0,0.181,0,0,0.153,-17.448,1.311,-4.484,0.516,1.060,2,14,0,0.185,0,0,0.214,-22.862,1.028,-4.028,0.972,1.037,2,14,0,0.173,0,0,0.107,2.763,0.537,0,0,0.231,-19.932,1.161,-0.116,-0.993
1691.0,-20.278,0.103,-5.029,-0.029,1.033,2,14,0,0.192,0,0,0.114,-20.202,3.161,-4.226,0.774,1.092,2,14,0,0.190,0,0,0.151,-20.320,-2.852,-4.375,0.625,1.056,2,14,0,0.396,0,0,0.223,-17.418,0.259,-4.470,0.530,1.052,2,14,0,0.178,0,0,0.135,-23.014,0.045,-3.971,1.029,1.041,2,14,0,0.177,0,0,0.194,2.919,0.430,0,0,0.396,-19.999,0.164,-0.016,-1.000
1692.0,-20.336,-0.962,-5.022,-0.022,1.020,2,14,0,0.188,0,0,0.227,-20.162,2.140,-4.288,0.712,1.042,2,14,0,0.201,0,0,0.160,-20.356,-3.938,-4.535,0.465,1.062,2,14,0,0.232,0,0,0.303,-17.331,-0.767,-4.517,0.483,1.032,2,14,0,0.183,0,0,0.104,-23.091,-0.982,-3.906,1.094,1.045,2,14,0,0.178,0,0,0.303,2.972,0.404,0,0,0.232,-19.965,-0.835,0.083,-0.997
1693.0,-20.201,-1.943,-4.977,0.023,0.982,2,14,0,0.191,0,0,0.221,-20.032,1.141,-4.273,0.727,1.011,2,14,0,0.173,0,0,0.167,-20.151,-4.996,-4.480,0.520,1.050,2,14,0,0.197,0,0,0.265,-17.187,-1.785,-4.509,0.491,1.011,2,14,0,0.183,0,0,0.122,-22.940,-2.002,-3.873,1.127,1.060,2,14,0,0.176,0,0,0.286,2.954,0.387,0,0,0.197,-19.832,-1.826,0.183,-0.983
1694.0,-20.013,-2.847,-5.009,-0.009,0.991,2,14,0,0.191,0,0,0.237,-19.778,0.158,-4.300,0.700,1.001,2,14,0,0.169,0,0,0.159,-19.798,-5.991,-4.449,0.551,1.022,2,14,0,0.173,0,0,0.195,-17.007,-2.729,-4.467,0.533,0.981,2,14,0,0.186,0,0,0.136,-22.559,-3.026,-3.969,1.031,1.078,2,14,0,0.177,0,0,0.159,2.756,0.415,0,0,0.191,-19.601,-2.798,0.280,-0.960
1695.0,-19.574,-3.803,-4.986,0.014,1.035,2,14,0,0.192,0,0,0.137,-19.410,-0.753,-4.342,0.658,0.981,2,14,0,0.177,0,0,0.107,-19.364,-6.864,-4.473,0.527,0.982,2,14,0,0.175,0,0,0.096,-16.772,-3.635,-4.470,0.530,0.987,2,14,0,0.210,0,0,0.200,-22.124,-4.056,-3.907,1.093,1.071,2,14,0,0.218,0,0,0.170,2.780,0.510,0,0,0.218,-19.273,-3.743,0.374,-0.927
1696.0,-19.049,-4.654,-4.962,0.038,1.037,2,14,0,0.187,0,0,0.017,-18.993,-1.655,-4.279,0.721,1.000,2,14,0,0.176,0,0,0.104,-18.896,-7.681,-4.420,0.580,0.975,2,14,0,0.178,0,0,0.057,-16.355,-4.517,-4.522,0.478,1.023,2,14,0,0.188,0,0,0.201,-21.592,-5.003,-3.983,1.017,1.008,2,14,0,0.177,0,0,0.225,2.733,0.519,0,0,0.188,-18.853,-4.650,0.465,-0.885
1697.0,-18.494,-5.528,-5.001,-0.001,1.041,2,14,0,0.189,0,0,0.039,-18.499,-2.495,-4.300,0.700,1.002,2,14,0,0.172,0,0,0.100,-18.391,-8.548,-4.455,0.545,0.998,2,14,0,0.180,0,0,0.055,-15.691,-5.387,-4.534,0.466,1.072,2,14,0,0.177,0,0,0.054,-21.128,-5.845,-3.954,1.046,0.943,2,14,0,0.181,0,0,0.187,2.846,0.399,0,0,0.189,-18.345,-5.510,0.551,-0.834
1698.0,-17.928,-6.368,-5.021,-0.021,1.033,2,14,0,0.188,0,0,0.051,-17.900,-3.240,-4.219,0.781,1.016,2,14,0,0.186,0,0,0.069,-17.915,-9.378,-4.506,0.494,0.993,2,14,0,0.184,0,0,0.070,-15.048,-6.256,-4.481,0.519,1.063,2,14,0,0.211,0,0,0.097,-20.557,-6.565,-3.970,1.030,0.912,2,14,0,0.180,0,0,0.106,2.839,0.317,0,0,0.211,-17.753,-6.316,0.632,-0.775
1699.0,-17.298,-7.091,-4.950,0.050,1.016,2,14,0,0.219,0,0,0.050,-17.242,-3.985,-4.231,0.769,1.044,2,14,0,0.172,0,0,0.080,-17.333,-10.155,-4.475,0.525,1.019,2,14,0,0.181,0,0,0.161,-14.387,-7.050,-4.497,0.503,1.015,2,14,0,0.176,0,0,0.149,-20.061,-7.223,-3.997,1.003,0.921,2,14,0,0.175,0,0,0.155,2.926,0.304,0,0,0.219,-17.084,-7.058,0.706,-0.708
1700.0,-16.576,-7.760,-4.997,0.003,1.030,2,14,0,0.209,0,0,0.064,-16.508,-4.686,-4.260,0.740,1.052,2,14,0,0.174,0,0,0.090,-16.583,-10.901,-4.409,0.591,1.047,2,14,0,0.175,0,0,0.199,-13.713,-7.775,-4.468,0.532,0.988,2,14,0,0.177,0,0,0.208,-19.337,-7.841,-3.951,1.049,1.017,2,14,0,0.174,0,0,0.173,2.912,0.372,0,0,0.209,-16.344,-7.730,0.773,-0.634
1701.0,-15.794,-8.419,-5.083,-0.083,1.042,2,14,0,0.190,0,0,0.122,-15.697,-5.368,-4.284,0.716,1.069,2,14,0,0.171,0,0,0.140,-15.729,-11.536,-4.445,0.555,1.062,2,14,0,0.152,0,0,0.203,-12.903,-8.316,-4.504,0.496,0.983,2,14,0,0.209,0,0,0.160,-18.470,-8.478,-3.919,1.081,1.090,2,14,0,0.213,0,0,0.114,2.919,0.363,0,0,0.213,-15.540,-8.325,0.832,-0.554
1702.0,-14.998,-9.002,-4.992,0.008,1.047,2,14,0,0.187,0,0,0.219,-14.840,-5.960,-4.268,0.732,1.062,2,14,0,0.174,0,0,0.214,-14.800,-12.088,-4.454,0.546,1.046,2,14,0,0.179,0,0,0.227,-12.039,-8.781,-4.534,0.466,1.004,2,14,0,0.181,0,0,0.115,-17.549,-9.080,-3.978,1.022,1.105,2,14,0,0.181,0,0,0.108,2.747,0.361,0,0,0.187,-14.682,-8.836,0.884,-0.468
1703.0,-14.055,-9.420,-4.974,0.026,1.073,2,14,0,0.190,0,0,0.192,-13.862,-6.452,-4.340,0.660,1.058,2,14,0,0.469,0,0,0.268,-13.951,-12.447,-4.516,0.484,1.010,2,14,0,0.178,0,0,0.175,-11.102,-9.172,-4.560,0.440,1.023,2,14,0,0.181,0,0,0.073,-16.603,-9.585,-3.989,1.011,1.075,2,14,0,0.182,0,0,0.180,2.737,0.369,0,0,0.469,-13.776,-9.260,0.926,-0.378
1704.0,-13.045,-9.730,-5.059,-0.059,1.080,2,14,0,0.189,0,0,0.149,-12.899,-6.710,-4.284,0.716,1.019,2,14,0,0.174,0,0,0.196,-12.992,-12.727,-4.445,0.555,1.049,2,14,0,0.174,0,0,0.122,-10.189,-9.530,-4.552,0.448,1.029,2,14,0,0.183,0,0,0.106,-15.620,-9.939,-3.966,1.034,1.041,2,14,0,0.180,0,0,0.206,2.805,0.408,0,0,0.189,-12.833,-9.590,0.959,-0.283
1705.0,-11.988,-10.007,-4.966,0.034,1.070,2,14,0,0.194,0,0,0.191,-11.937,-6.858,-4.270,0.730,1.025,2,14,0,0.174,0,0,0.108,-11.936,-12.936,-4.384,0.616,1.067,2,14,0,0.172,0,0,0.090,-9.145,-9.852,-4.580,0.420,1.049,2,14,0,0.179,0,0,0.183,-14.667,-10.160,-3.970,1.030,1.005,2,14,0,0.176,0,0,0.190,2.863,0.387,0,0,0.194,-11.861,-9.825,0.983,-0.186
1706.0,-10.953,-10.184,-5.018,-0.018,1.027,2,14,0,0.214,0,0,0.244,-10.882,-6.972,-4.287,0.713,1.023,2,14,0,0.175,0,0,0.109,-10.924,-13.036,-4.454,0.546,1.041,2,14,0,0.174,0,0,0.072,-8.124,-10.026,-4.523,0.477,1.019,2,14,0,0.155,0,0,0.225,-13.594,-10.232,-3.931,1.069,1.014,2,14,0,0.182,0,0,0.160,2.856,0.387,0,0,0.214,-10.871,-9.962,0.996,-0.087
1707.0,-9.925,-10.139,-5.002,-0.002,1.004,2,14,0,0.187,0,0,0.189,-9.854,-6.983,-4.262,0.738,1.004,2,14,0,0.175,0,0,0.113,-9.871,-13.094,-4.434,0.566,1.017,2,14,0,0.173,0,0,0.128,-7.146,-10.030,-4.521,0.479,1.015,2,14,0,0.176,0,0,0.189,-12.612,-10.202,-3.898,1.102,0.983,2,14,0,0.262,0,0,0.102,2.822,0.330,0,0,0.262,-9.872,-9.999,1.000,0.013
1708.0,-8.947,-9.997,-4.988,0.012,0.979,2,14,0,0.191,0,0,0.127,-8.891,-6.905,-4.305,0.695,0.979,2,14,0,0.174,0,0,0.076,-8.853,-13.077,-4.433,0.567,0.989,2,14,0,0.419,0,0,0.164,-6.167,-9.917,-4.479,0.521,1.039,2,14,0,0.181,0,0,0.137,-11.681,-10.145,-3.999,1.001,0.979,2,14,0,0.250,0,0,0.066,2.827,0.294,0,0,0.419,-8.874,-9.936,0.994,0.113
1709.0,-8.014,-9.785,-4.978,0.022,0.965,2,14,0,0.215,0,0,0.057,-7.948,-6.796,-4.263,0.737,0.981,2,14,0,0.206,0,0,0.097,-7.898,-12.958,-4.438,0.562,0.959,2,14,0,0.148,0,0,0.179,-5.115,-9.668,-4.467,0.533,1.058,2,14,0,0.177,0,0,0.093,-10.711,-10.042,-3.962,1.038,1.003,2,14,0,0.181,0,0,0.123,2.893,0.321,0,0,0.215,-7.888,-9.774,0.977,0.211
1710.0,-7.088,-9.504,-4.989,0.011,0.978,2,14,0,0.188,0,0,0.009,-6.911,-6.579,-4.250,0.750,1.016,2,14,0,0.174,0,0,0.164,-6.981,-12.680,-4.394,0.606,0.984,2,14,0,0.176,0,0,0.141,-4.135,-9.417,-4.537,0.463,1.027,2,14,0,0.179,0,0,0.109,-9.761,-9.843,-3.993,1.007,1.030,2,14,0,0.176,0,0,0.187,2.873,0.366,0,0,0.188,-6.923,-9.515,0.951,0.308
1711.0,-6.114,-9.200,-5.001,-0.001,1.004,2,14,0,0.222,0,0,0.067,-6.012,-6.204,-4.232,0.768,1.001,2,14,0,0.173,0,0,0.131,-6.046,-12.298,-4.433,0.567,1.021,2,14,0,0.180,0,0,0.115,-3.156,-9.050,-4.507,0.493,1.006,2,14,0,0.180,0,0,0.146,-8.731,-9.498,-3.966,1.034,1.078,2,14,0,0.150,0,0,0.209,2.830,0.424,0,0,0.222,-5.988,-9.160,0.916,0.401
1712.0,-5.171,-8.790,-4.992,0.008,1.006,2,14,0,0.189,0,0,0.128,-5.161,-5.704,-4.270,0.730,1.026,2,14,0,0.171,0,0,0.064,-5.134,-11.871,-4.450,0.550,1.032,2,14,0,0.180,0,0,0.138,-2.316,-8.618,-4.503,0.497,0.970,2,14,0,0.179,0,0,0.099,-7.816,-9.002,-3.946,1.054,1.064,2,14,0,0.222,0,0,0.175,2.852,0.400,0,0,0.222,-5.094,-8.714,0.871,0.491
1713.0,-4.344,-8.282,-5.015,-0.015,0.993,2,14,0,0.186,0,0,0.136,-4.236,-5.175,-4.303,0.697,1.043,2,14,0,0.171,0,0,0.111,-4.267,-11.309,-4.521,0.479,1.051,2,14,0,0.153,0,0,0.127,-1.491,-8.129,-4.453,0.547,0.998,2,14,0,0.177,0,0,0.118,-6.925,-8.395,-3.936,1.064,1.064,2,14,0,0.177,0,0,0.163,2.799,0.388,0,0,0.186,-4.248,-8.180,0.818,0.575
1714.0,-3.569,-7.737,-5.020,-0.020,1.021,2,14,0,0.185,0,0,0.191,-3.391,-4.576,-4.276,0.724,1.036,2,14,0,0.236,0,0,0.169,-3.457,-10.708,-4.555,0.445,1.042,2,14,0,0.190,0,0,0.152,-0.721,-7.587,-4.535,0.465,1.012,2,14,0,0.226,0,0,0.179,-6.079,-7.733,-3.950,1.050,1.027,2,14,0,0.169,0,0,0.202,2.728,0.417,0,0,0.236,-3.461,-7.565,0.757,0.654
1715.0,-2.762,-6.984,-5.015,-0.015,1.065,2,14,0,0.162,0,0,0.193,-2.666,-3.878,-4.238,0.762,1.016,2,14,0,0.176,0,0,0.170,-2.738,-10.059,-4.475,0.525,1.035,2,14,0,0.177,0,0,0.180,0.068,-6.880,-4.519,0.481,1.061,2,14,0,0.177,0,0,0.193,-5.423,-7.085,-3.975,1.025,0.984,2,14,0,0.213,0,0,0.152,2.859,0.378,0,0,0.213,-2.738,-6.875,0.687,0.726
1716.0,-2.109,-6.167,-5.031,-0.031,1.043,2,14,0,0.186,0,0,0.167,-1.971,-3.130,-4.279,0.721,1.021,2,14,0,0.171,0,0,0.212,-2.048,-9.289,-4.415,0.585,1.060,2,14,0,0.237,0,0,0.199,0.746,-6.097,-4.495,0.505,1.071,2,14,0,0.221,0,0,0.195,-4.794,-6.350,-3.980,1.020,0.991,2,14,0,0.175,0,0,0.148,2.889,0.376,0,0,0.237,-2.088,-6.115,0.612,0.791
1717.0,-1.555,-5.337,-4.999,0.001,1.028,2,14,0,0.185,0,0,0.149,-1.392,-2.267,-4.274,0.726,1.009,2,14,0,0.172,0,0,0.209,-1.488,-8.388,-4.427,0.573,1.070,2,14,0,0.180,0,0,0.141,1.301,-5.144,-4.520,0.480,1.083,2,14,0,0.250,0,0,0.119,-4.246,-5.439,-3.960,1.040,1.032,2,14,0,0.181,0,0,0.094,2.887,0.306,0,0,0.250,-1.517,-5.295,0.529,0.848
1718.0,-1.097,-4.447,-4.970,0.030,1.033,2,14,0,0.202,0,0,0.119,-0.937,-1.385,-4.327,0.673,1.006,2,14,0,0.176,0,0,0.175,-0.923,-7.440,-4.452,0.548,1.061,2,14,0,0.181,0,0,0.206,1.798,-4.163,-4.520,0.480,1.049,2,14,0,0.179,0,0,0.170,-3.768,-4.492,-3.929,1.071,1.015,2,14,0,0.177,0,0,0.114,2.868,0.310,0,0,0.202,-1.031,-4.422,0.442,0.897
1719.0,-0.639,-3.480,-4.981,0.019,1.032,2,14,0,1.021,0,0,0.177,-0.687,-0.434,-4.331,0.669,1.008,2,14,0,0.208,0,0,0.027,-0.540,-6.481,-4.490,0.510,1.030,2,14,0,0.146,0,0,0.201,2.235,-3.255,-4.534,0.466,0.989,2,14,0,0.181,0,0,0.200,-3.432,-3.617,-3.980,1.020,0.983,2,14,0,0.172,0,0,0.039,2.918,0.282,0,0,1.021,-0.634,-3.504,0.350,0.937
1720.0,-0.386,-2.487,-4.975,0.025,1.016,2,14,0,0.185,0,0,0.139,-0.450,0.511,-4.264,0.736,1.012,2,14,0,0.172,0,0,0.042,-0.296,-5.457,-4.429,0.571,0.995,2,14,0,0.175,0,0,0.187,2.516,-2.349,-4.463,0.537,0.951,2,14,0,0.183,0,0,0.160,-3.146,-2.677,-4.032,0.968,0.987,2,14,0,0.210,0,0,0.021,2.923,0.254,0,0,0.210,-0.331,-2.552,0.255,0.967
1721.0,-0.225,-1.481,-5.002,-0.002,0.997,2,14,0,0.192,0,0,0.111,-0.182,1.484,-4.220,0.780,1.037,2,14,0,0.175,0,0,0.022,-0.164,-4.512,-4.432,0.568,0.955,2,14,0,0.177,0,0,0.112,2.700,-1.437,-4.448,0.552,0.951,2,14,0,0.181,0,0,0.128,-2.856,-1.789,-4.013,0.987,0.992,2,14,0,0.181,0,0,0.118,2.827,0.344,0,0,0.192,-0.125,-1.573,0.157,0.988
1722.0,-0.059,-0.497,-5.080,-0.080,0.974,2,14,0,0.388,0,0,0.155,0.028,2.500,-4.230,0.770,1.046,2,14,0,0.178,0,0,0.120,-0.102,-3.509,-4.457,0.543,0.958,2,14,0,0.237,0,0,0.114,2.775,-0.529,-4.494,0.506,0.987,2,14,0,0.182,0,0,0.139,-2.625,-0.801,-3.953,1.047,1.038,2,14,0,0.174,0,0,0.228,2.819,0.450,0,0,0.388,-0.017,-0.580,0.058,0.998
1723.0,-0.029,0.471,-5.036,-0.036,0.974,2,14,0,0.195,0,0,0.165,0.104,3.623,-4.292,0.708,1.040,2,14,0,0.233,0,0,0.226,-0.063,-2.557,-4.473,0.527,0.939,2,14,0,0.180,0,0,0.072,2.711,0.491,-4.535,0.465,1.050,2,14,0,0.180,0,0,0.084,-2.543,0.253,-4.014,0.986,1.072,2,14,0,0.178,0,0,0.291,2.723,0.495,0,0,0.233,-0.009,0.420,-0.042,0.999
1724.0,-0.127,1.447,-4.946,0.054,0.991,2,14,0,0.190,0,0,0.158,0.123,4.655,-4.302,0.698,0.989,2,14,0,0.175,0,0,0.343,-0.066,-1.659,-4.451,0.549,0.949,2,14,0,0.173,0,0,0.134,2.714,1.570,-4.518,0.482,1.075,2,14,0,0.200,0,0,0.115,-2.580,1.330,-3.947,1.053,1.093,2,14,0,0.184,0,0,0.350,2.651,0.528,0,0,0.200,-0.101,1.415,-0.142,0.990
1725.0,-0.402,2.396,-5.001,-0.001,1.013,2,14,0,0.285,0,0,0.073,-0.040,5.602,-4.313,0.687,0.977,2,14,0,0.173,0,0,0.355,-0.210,-0.716,-4.451,0.549,1.004,2,14,0,0.180,0,0,0.190,2.586,2.672,-4.510,0.490,1.081,2,14,0,0.224,0,0,0.216,-2.872,2.349,-3.946,1.054,1.092,2,14,0,0.251,0,0,0.262,2.686,0.422,0,0,0.285,-0.291,2.396,-0.240,0.971
1726.0,-0.715,3.375,-5.080,-0.080,1.023,2,14,0,0.187,0,0,0.048,-0.461,6.460,-4.242,0.758,0.994,2,14,0,0.165,0,0,0.196,-0.523,0.302,-4.432,0.568,1.076,2,14,0,0.211,0,0,0.151,2.234,3.655,-4.515,0.485,1.023,2,14,0,0.182,0,0,0.190,-3.321,3.373,-3.907,1.093,1.075,2,14,0,0.174,0,0,0.184,2.858,0.355,0,0,0.211,-0.579,3.354,-0.335,0.942
1727.0,-1.050,4.341,-5.035,-0.035,1.027,2,14,0,0.185,0,0,0.107,-0.991,7.348,-4.285,0.715,1.045,2,14,0,0.171,0,0,0.046,-0.893,1.308,-4.475,0.525,1.084,2,14,0,0.175,0,0,0.176,1.776,4.606,-4.550,0.450,0.996,2,14,0,0.179,0,0,0.175,-3.816,4.274,-3.944,1.056,1.017,2,14,0,0.174,0,0,0.145,2.880,0.421,0,0,0.185,-0.961,4.277,-0.428,0.904
1728.0,-1.524,5.289,-5.000,-0.000,1.040,2,14,0,0.187,0,0,0.154,-1.479,8.233,-4.279,0.721,1.052,2,14,0,0.172,0,0,0.030,-1.381,2.221,-4.503,0.497,1.079,2,14,0,0.148,0,0,0.177,1.454,5.491,-4.552,0.448,0.958,2,14,0,0.175,0,0,0.259,-4.346,5.134,-4.016,0.984,0.963,2,14,0,0.174,0,0,0.150,2.992,0.351,0,0,0.187,-1.433,5.158,-0.516,0.857
1729.0,-2.023,6.211,-5.002,-0.002,1.033,2,14,0,0.200,0,0,0.264,-2.152,9.140,-4.259,0.741,1.073,2,14,0,0.191,0,0,0.117,-2.039,3.141,-4.404,0.596,1.088,2,14,0,0.183,0,0,0.192,0.884,6.244,-4.578,0.422,0.978,2,14,0,0.175,0,0,0.205,-4.899,5.939,-3.977,1.023,0.946,2,14,0,0.175,0,0,0.128,2.937,0.286,0,0,0.200,-1.991,5.988,-0.599,0.801
1730.0,-2.630,7.006,-4.981,0.019,1.012,2,14,0,0.230,0,0,0.302,-2.822,10.013,-4.242,0.758,1.022,2,14,0,0.174,0,0,0.220,-2.759,3.873,-4.428,0.572,1.019,2,14,0,0.249,0,0,0.154,0.197,6.973,-4.585,0.415,1.035,2,14,0,0.178,0,0,0.142,-5.506,6.657,-3.960,1.040,0.933,2,14,0,0.174,0,0,0.062,2.855,0.321,0,0,0.249,-2.629,6.758,-0.676,0.737
1731.0,-3.432,7.633,-4.947,0.053,1.032,2,14,0,0.191,0,0,0.190,-3.426,10.730,-4.285,0.715,0.944,2,14,0,0.174,0,0,0.200,-3.376,4.607,-4.457,0.543,0.980,2,14,0,0.177,0,0,0.189,-0.609,7.718,-4.549,0.451,1.063,2,14,0,0.179,0,0,0.109,-6.079,7.332,-3.980,1.020,0.940,2,14,0,0.175,0,0,0.087,2.834,0.373,0,0,0.191,-3.340,7.460,-0.746,0.666
1732.0,-4.326,8.174,-4.922,0.078,1.040,2,14,0,0.236,0,0,0.079,-4.098,11.285,-4.313,0.687,0.929,2,14,0,0.173,0,0,0.156,-4.152,5.247,-4.410,0.590,0.986,2,14,0,0.179,0,0,0.205,-1.502,8.385,-4.523,0.477,1.059,2,14,0,0.179,0,0,0.164,-6.701,8.046,-3.970,1.030,0.995,2,14,0,0.264,0,0,0.262,2.562,0.485,0,0,0.264,-4.118,8.087,-0.809,0.588
1733.0,-5.180,8.648,-5.013,-0.013,1.024,2,14,0,0.205,0,0,0.037,-4.872,11.780,-4.303,0.697,0.976,2,14,0,0.171,0,0,0.172,-4.963,5.715,-4.454,0.546,0.987,2,14,0,0.180,0,0,0.142,-2.439,8.930,-4.471,0.529,0.981,2,14,0,0.182,0,0,0.234,-7.530,8.588,-3.976,1.024,1.081,2,14,0,0.188,0,0,0.267,2.570,0.567,0,0,0.205,-4.955,8.634,-0.863,0.504
1734.0,-6.124,9.096,-5.016,-0.016,1.021,2,14,0,0.189,0,0,0.094,-5.771,12.239,-4.293,0.707,1.051,2,14,0,0.280,0,0,0.162,-5.836,6.091,-4.463,0.537,1.018,2,14,0,0.202,0,0,0.099,-3.223,9.370,-4.482,0.518,0.907,2,14,0,0.180,0,0,0.148,-8.532,9.094,-3.957,1.043,1.141,2,14,0,0.249,0,0,0.196,2.630,0.470,0,0,0.280,-5.842,9.095,-0.909,0.416
1735.0,-7.017,9.542,-4.983,0.017,0.987,2,14,0,0.213,0,0,0.098,-6.801,12.608,-4.312,0.688,1.099,2,14,0,0.172,0,0,0.082,-6.942,6.426,-4.446,0.554,1.079,2,14,0,0.146,0,0,0.075,-4.011,9.750,-4.493,0.507,0.925,2,14,0,0.183,0,0,0.143,-9.551,9.488,-3.904,1.096,1.126,2,14,0,0.178,0,0,0.174,2.755,0.373,0,0,0.213,-6.771,9.464,-0.946,0.323
1736.0,-7.838,9.920,-5.013,-0.013,0.967,2,14,0,0.191,0,0,0.190,-7.842,12.962,-4.286,0.714,1.096,2,14,0,0.172,0,0,0.152,-7.946,6.749,-4.472,0.528,1.039,2,14,0,0.174,0,0,0.126,-4.947,10.070,-4.493,0.507,0.988,2,14,0,0.182,0,0,0.196,-10.702,9.759,-3.917,1.083,1.119,2,14,0,0.179,0,0,0.221,2.942,0.394,0,0,0.191,-7.732,9.739,-0.974,0.227
1737.0,-8.792,10.098,-5.001,-0.001,1.014,2,14,0,0.190,0,0,0.205,-8.913,13.146,-4.311,0.689,1.063,2,14,0,0.215,0,0,0.198,-8.908,7.040,-4.475,0.525,0.993,2,14,0,0.266,0,0,0.180,-5.967,10.212,-4.488,0.512,1.029,2,14,0,0.187,0,0,0.149,-11.807,9.912,-3.930,1.070,1.017,2,14,0,0.256,0,0,0.295,2.874,0.387,0,0,0.266,-8.716,9.917,-0.992,0.128
1738.0,-9.901,10.169,-5.065,-0.065,1.081,2,14,0,0.209,0,0,0.167,-9.998,13.213,-4.341,0.659,0.999,2,14,0,0.204,0,0,0.258,-9.852,7.212,-4.470,0.530,0.969,2,14,0,0.203,0,0,0.252,-7.023,10.259,-4.518,0.482,1.058,2,14,0,0.177,0,0,0.109,-12.738,10.015,-3.966,1.034,0.922,2,14,0,0.175,0,0,0.261,2.931,0.407,0,0,0.209,-9.712,9.996,-1.000,0.029
1739.0,-10.958,10.140,-5.033,-0.033,1.068,2,14,0,0.188,0,0,0.171,-10.891,13.216,-4.325,0.675,0.928,2,14,0,0.174,0,0,0.199,-10.805,7.180,-4.449,0.551,0.985,2,14,0,0.176,0,0,0.234,-8.075,10.209,-4.513,0.487,1.053,2,14,0,0.176,0,0,0.102,-13.634,10.023,-3.959,1.041,0.889,2,14,0,0.180,0,0,0.217,2.885,0.432,0,0,0.188,-10.711,9.975,-0.997,-0.071
1740.0,-12.068,10.008,-4.968,0.032,1.052,2,14,0,0.188,0,0,0.231,-11.772,13.035,-4.242,0.758,0.947,2,14,0,0.172,0,0,0.109,-11.735,7.043,-4.501,0.499,1.020,2,14,0,0.149,0,0,0.224,-9.112,10.089,-4.500,0.500,1.037,2,14,0,0.178,0,0,0.135,-14.434,9.850,-3.928,1.072,0.925,2,14,0,0.179,0,0,0.168,2.589,0.472,0,0,0.188,-11.704,9.854,-0.985,-0.170
1741.0,-13.033,9.730,-5.034,-0.034,0.983,2,14,0,0.192,0,0,0.190,-12.704,12.740,-4.286,0.714,0.999,2,14,0,0.175,0,0,0.056,-12.725,6.767,-4.421,0.579,1.090,2,14,0,0.177,0,0,0.171,-10.047,9.933,-4.531,0.469,0.993,2,14,0,0.180,0,0,0.156,-15.371,9.578,-3.969,1.031,1.032,2,14,0,0.178,0,0,0.158,2.574,0.474,0,0,0.192,-12.679,9.635,-0.963,-0.268
1742.0,-13.902,9.413,-4.972,0.028,0.973,2,14,0,0.166,0,0,0.126,-13.628,12.479,-4.257,0.743,1.029,2,14,0,0.173,0,0,0.109,-13.741,6.367,-4.413,0.587,1.110,2,14,0,0.180,0,0,0.080,-11.003,9.680,-4.548,0.452,1.010,2,14,0,0.180,0,0,0.217,-16.393,9.218,-3.975,1.025,1.110,2,14,0,0.151,0,0,0.082,2.690,0.522,0,0,0.180,-13.627,9.319,-0.932,-0.363
1743.0,-14.737,8.956,-4.947,0.053,0.973,2,14,0,0.159,0,0,0.044,-14.589,12.111,-4.275,0.725,1.075,2,14,0,0.173,0,0,0.127,-14.736,5.932,-4.454,0.546,1.093,2,14,0,0.171,0,0,0.112,-11.953,9.269,-4.518,0.482,1.042,2,14,0,0.180,0,0,0.233,-17.455,8.770,-3.986,1.014,1.108,2,14,0,0.177,0,0,0.084,2.834,0.548,0,0,0.180,-14.540,8.910,-0.891,-0.454
1744.0,-15.558,8.465,-4.969,0.031,1.009,2,14,0,0.190,0,0,0.063,-15.607,11.634,-4.228,0.772,1.104,2,14,0,0.173,0,0,0.193,-15.707,5.434,-4.525,0.475,1.058,2,14,0,0.176,0,0,0.217,-12.806,8.679,-4.527,0.473,1.047,2,14,0,0.231,0,0,0.150,-18.369,8.261,-3.944,1.056,1.039,2,14,0,0.180,0,0,0.139,2.796,0.480,0,0,0.231,-15.406,8.413,-0.841,-0.541
1745.0,-16.369,7.908,-5.026,-0.026,1.049,2,14,0,0.190,0,0,0.085,-16.448,10.997,-4.288,0.712,1.070,2,14,0,0.173,0,0,0.180,-16.491,4.829,-4.438,0.562,0.990,2,14,0,0.200,0,0,0.184,-13.638,7.993,-4.480,0.520,1.052,2,14,0,0.225,0,0,0.117,-19.190,7.737,-3.966,1.034,0.992,2,14,0,0.184,0,0,0.156,2.786,0.449,0,0,0.225,-16.219,7.831,-0.783,-0.622
1746.0,-17.218,7.268,-5.011,-0.011,1.086,2,14,0,0.190,0,0,0.115,-17.223,10.301,-4.277,0.723,1.041,2,14,0,0.204,0,0,0.187,-17.199,4.168,-4.425,0.575,0.964,2,14,0,0.443,0,0,0.136,-14.398,7.356,-4.530,0.470,1.011,2,14,0,0.412,0,0,0.127,-19.954,7.098,-3.974,1.026,0.984,2,14,0,0.180,0,0,0.176,2.862,0.466,0,0,0.443,-16.970,7.171,-0.717,-0.697
1747.0,-17.958,6.485,-4.952,0.048,1.079,2,14,0,0.191,0,0,0.132,-17.921,9.556,-4.323,0.677,1.017,2,14,0,0.182,0,0,0.199,-17.890,3.451,-4.455,0.545,0.969,2,14,0,0.194,0,0,0.151,-15.063,6.657,-4.578,0.422,1.003,2,14,0,0.212,0,0,0.127,-20.572,6.341,-3.975,1.025,0.984,2,14,0,0.214,0,0,0.108,2.794,0.466,0,0,0.214,-17.651,6.439,-0.644,-0.765
1748.0,-18.578,5.672,-4.970,0.030,1.038,2,14,0,0.189,0,0,0.144,-18.524,8.753,-4.299,0.701,0.998,2,14,0,0.173,0,0,0.199,-18.434,2.644,-4.450,0.550,0.981,2,14,0,0.176,0,0,0.088,-15.644,5.854,-4.510,0.490,1.016,2,14,0,0.178,0,0,0.102,-21.204,5.544,-4.000,1.000,1.016,2,14,0,0.210,0,0,0.131,2.802,0.442,0,0,0.210,-18.256,5.643,-0.564,-0.826
1749.0,-19.126,4.805,-5.109,-0.109,1.023,2,14,0,0.196,0,0,0.167,-18.985,7.849,-4.282,0.718,0.998,2,14,0,0.170,0,0,0.135,-18.898,1.788,-4.438,0.562,0.996,2,14,0,0.177,0,0,0.035,-16.183,4.943,-4.518,0.482,1.034,2,14,0,0.175,0,0,0.104,-21.789,4.697,-3.946,1.054,1.015,2,14,0,0.183,0,0,0.194,2.908,0.433,0,0,0.196,-18.778,4.791,-0.479,-0.878
1750.0,-19.656,3.884,-4.983,0.017,1.023,2,14,0,0.228,0,0,0.259,-19.372,7.013,-4.260,0.740,0.985,2,14,0,0.176,0,0,0.097,-19.323,0.962,-4.453,0.547,1.013,2,14,0,0.180,0,0,0.092,-16.642,4.045,-4.535,0.465,1.010,2,14,0,0.179,0,0,0.126,-22.201,3.793,-4.002,0.998,1.016,2,14,0,0.184,0,0,0.172,2.729,0.457,0,0,0.228,-19.212,3.890,-0.389,-0.921
1751.0,-19.930,2.965,-4.968,0.032,0.988,2,14,0,0.189,0,0,0.194,-19.604,6.064,-4.250,0.750,1.023,2,14,0,0.171,0,0,0.043,-19.691,0.039,-4.448,0.552,1.057,2,14,0,0.176,0,0,0.120,-16.979,3.133,-4.558,0.442,1.004,2,14,0,0.180,0,0,0.124,-22.500,2.815,-3.933,1.067,1.036,2,14,0,0.256,0,0,0.122,2.775,0.461,0,0,0.256,-19.555,2.951,-0.295,-0.955
1752.0,-20.143,2.026,-4.986,0.014,1.005,2,14,0,0.195,0,0,0.166,-19.834,5.076,-4.201,0.799,1.050,2,14,0,0.174,0,0,0.048,-20.006,-0.987,-4.452,0.548,1.082,2,14,0,0.172,0,0,0.122,-17.222,2.187,-4.553,0.447,1.020,2,14,0,0.178,0,0,0.127,-22.690,1.785,-3.943,1.057,1.034,2,14,0,0.183,0,0,0.078,2.763,0.467,0,0,0.195,-19.801,1.983,-0.198,-0.980
1753.0,-20.188,1.057,-4.936,0.064,1.031,2,14,0,0.187,0,0,0.081,-20.095,4.033,-4.288,0.712,1.053,2,14,0,0.176,0,0,0.076,-20.237,-2.076,-4.408,0.592,1.092,2,14,0,0.152,0,0,0.193,-17.311,1.142,-4.503,0.497,1.055,2,14,0,0.158,0,0,0.059,-22.790,0.791,-3.987,1.013,1.009,2,14,0,0.178,0,0,0.053,2.783,0.389,0,0,0.187,-19.950,0.994,-0.099,-0.995
1754.0,-20.124,0.054,-4.984,0.016,1.060,2,14,0,0.194,0,0,0.078,-20.253,3.036,-4.336,0.664,1.028,2,14,0,0.206,0,0,0.179,-20.236,-3.117,-4.455,0.545,1.052,2,14,0,0.181,0,0,0.162,-17.442,0.085,-4.474,0.526,1.037,2,14,0,0.226,0,0,0.156,-22.876,-0.128,-3.975,1.025,0.994,2,14,0,0.173,0,0,0.060,2.730,0.451,0,0,0.226,-20.000,-0.004,0.000,-1.000
1755.0,-20.181,-1.035,-4.985,0.015,1.080,2,14,0,0.190,0,0,0.059,-20.266,2.052,-4.264,0.736,1.026,2,14,0,0.175,0,0,0.242,-20.241,-4.149,-4.480,0.520,1.024,2,14,0,0.175,0,0,0.227,-17.345,-0.948,-4.505,0.495,1.021,2,14,0,0.183,0,0,0.131,-22.923,-1.106,-3.920,1.080,1.024,2,14,0,0.182,0,0,0.156,2.878,0.399,0,0,0.190,-19.950,-1.002,0.100,-0.995
1756.0,-20.101,-2.065,-5.054,-0.054,1.047,2,14,0,0.189,0,0,0.141,-20.052,1.046,-4.311,0.689,1.041,2,14,0,0.207,0,0,0.182,-20.108,-5.154,-4.461,0.539,0.993,2,14,0,0.170,0,0,0.251,-17.185,-1.922,-4.510,0.490,0.992,2,14,0,0.183,0,0,0.117,-22.822,-2.140,-3.941,1.059,1.062,2,14,0,0.240,0,0,0.199,2.940,0.391,0,0,0.240,-19.800,-1.991,0.199,-0.980
1757.0,-19.943,-3.057,-4.998,0.002,1.027,2,14,0,0.189,0,0,0.233,-19.716,0.095,-4.294,0.706,1.046,2,14,0,0.170,0,0,0.090,-19.859,-6.120,-4.455,0.545,0.994,2,14,0,0.184,0,0,0.249,-17.018,-2.885,-4.577,0.423,0.992,2,14,0,0.175,0,0,0.182,-22.543,-3.144,-3.946,1.054,1.075,2,14,0,0.183,0,0,0.172,2.807,0.472,0,0,0.189,-19.552,-2.959,0.296,-0.955
1758.0,-19.573,-4.005,-5.014,-0.014,1.032,2,14,0,0.196,0,0,0.214,-19.453,-0.902,-4.366,0.634,1.050,2,14,0,0.173,0,0,0.184,-19.412,-7.010,-4.518,0.482,0.998,2,14,0,0.197,0,0,0.138,-16.635,-3.768,-4.478,0.522,1.000,2,14,0,0.182,0,0,0.127,-22.138,-4.135,-4.002,0.998,1.068,2,14,0,0.219,0,0,0.138,2.761,0.446,0,0,0.219,-19.209,-3.898,0.390,-0.921
1759.0,-19.078,-4.922,-4.972,0.028,1.029,2,14,0,0.189,0,0,0.177,-18.963,-1.858,-4.341,0.659,1.057,2,14,0,0.209,0,0,0.178,-18.924,-7.831,-4.447,0.553,1.007,2,14,0,0.150,0,0,0.049,-16.149,-4.638,-4.551,0.449,1.030,2,14,0,0.185,0,0,0.071,-21.675,-5.039,-3.930,1.070,1.051,2,14,0,0.172,0,0,0.123,2.800,0.408,0,0,0.209,-18.774,-4.798,0.480,-0.877
1760.0,-18.530,-5.775,-4.982,0.018,1.027,2,14,0,0.191,0,0,0.163,-18.388,-2.644,-4.220,0.780,1.018,2,14,0,0.212,0,0,0.094,-18.336,-8.690,-4.436,0.564,1.035,2,14,0,0.228,0,0,0.020,-15.615,-5.550,-4.507,0.493,1.048,2,14,0,0.180,0,0,0.082,-21.134,-5.910,-3.971,1.029,1.029,2,14,0,0.177,0,0,0.126,2.796,0.378,0,0,0.228,-18.251,-5.650,0.565,-0.825
1761.0,-17.895,-6.588,-4.964,0.036,1.023,2,14,0,0.189,0,0,0.159,-17.764,-3.390,-4.172,0.828,1.030,2,14,0,0.175,0,0,0.048,-17.760,-9.582,-4.486,0.514,1.032,2,14,0,0.180,0,0,0.109,-15.068,-6.369,-4.512,0.488,1.039,2,14,0,0.180,0,0,0.140,-20.568,-6.733,-4.002,0.998,1.019,2,14,0,0.176,0,0,0.173,2.844,0.429,0,0,0.189,-17.646,-6.445,0.645,-0.765
1762.0,-17.127,-7.333,-5.026,-0.026,1.017,2,14,0,0.191,0,0,0.156,-17.062,-4.162,-4.273,0.727,1.038,2,14,0,0.203,0,0,0.064,-17.115,-10.298,-4.513,0.487,1.001,2,14,0,0.192,0,0,0.109,-14.436,-7.152,-4.495,0.505,1.053,2,14,0,0.212,0,0,0.212,-19.863,-7.451,-3.974,1.026,1.017,2,14,0,0.173,0,0,0.150,2.749,0.473,0,0,0.212,-16.964,-7.176,0.718,-0.696
1763.0,-16.386,-7.977,-5.048,-0.048,0.981,2,14,0,0.189,0,0,0.141,-16.390,-4.852,-4.330,0.670,1.021,2,14,0,0.173,0,0,0.134,-16.387,-10.966,-4.488,0.512,1.011,2,14,0,0.208,0,0,0.126,-13.631,-7.838,-4.490,0.510,1.063,2,14,0,0.178,0,0,0.196,-19.053,-8.060,-3.977,1.023,1.023,2,14,0,0.176,0,0,0.081,2.814,0.418,0,0,0.208,-16.213,-7.836,0.784,-0.621
1764.0,-15.559,-8.492,-5.075,-0.075,0.974,2,14,0,0.188,0,0,0.077,-15.576,-5.525,-4.274,0.726,1.045,2,14,0,0.174,0,0,0.208,-15.621,-11.539,-4.447,0.553,1.016,2,14,0,0.178,0,0,0.151,-12.687,-8.414,-4.496,0.504,1.069,2,14,0,0.177,0,0,0.156,-18.209,-8.642,-3.978,1.022,1.016,2,14,0,0.174,0,0,0.081,2.872,0.295,0,0,0.188,-15.400,-8.417,0.842,-0.540
1765.0,-14.710,-8.980,-5.065,-0.065,0.976,2,14,0,0.256,0,0,0.067,-14.691,-6.023,-4.304,0.696,1.043,2,14,0,0.179,0,0,0.202,-14.698,-12.036,-4.382,0.618,1.056,2,14,0,0.178,0,0,0.113,-11.846,-8.887,-4.534,0.466,1.020,2,14,0,0.160,0,0,0.130,-17.303,-9.140,-4.008,0.992,1.006,2,14,0,0.178,0,0,0.096,2.804,0.322,0,0,0.256,-14.532,-8.914,0.891,-0.453
1766.0,-13.815,-9.420,-4.950,0.050,0.990,2,14,0,0.184,0,0,0.103,-13.772,-6.389,-4.261,0.739,1.043,2,14,0,0.173,0,0,0.161,-13.734,-12.528,-4.417,0.583,1.074,2,14,0,0.176,0,0,0.181,-10.877,-9.301,-4.428,0.572,1.026,2,14,0,0.220,0,0,0.144,-16.468,-9.555,-3.960,1.040,0.981,2,14,0,0.178,0,0,0.092,2.835,0.279,0,0,0.220,-13.620,-9.322,0.932,-0.362
1767.0,-12.961,-9.734,-5.009,-0.009,0.998,2,14,0,0.187,0,0,0.154,-12.743,-6.670,-4.259,0.741,1.062,2,14,0,0.289,0,0,0.107,-12.739,-12.846,-4.478,0.522,1.054,2,14,0,0.175,0,0,0.183,-9.850,-9.579,-4.524,0.476,1.005,2,14,0,0.175,0,0,0.153,-15.586,-9.908,-3.921,1.079,1.004,2,14,0,0.197,0,0,0.156,2.846,0.306,0,0,0.289,-12.671,-9.637,0.964,-0.267
1768.0,-12.007,-9.992,-4.990,0.010,1.053,2,14,0,0.205,0,0,0.198,-11.628,-6.896,-4.305,0.695,1.054,2,14,0,0.184,0,0,0.186,-11.761,-13.026,-4.409,0.591,1.029,2,14,0,0.179,0,0,0.146,-8.927,-9.778,-4.552,0.448,0.954,2,14,0,0.198,0,0,0.105,-14.657,-10.156,-3.934,1.066,1.039,2,14,0,0.176,0,0,0.208,2.858,0.340,0,0,0.205,-11.696,-9.855,0.986,-0.170
1769.0,-10.890,-10.096,-5.009,-0.009,1.083,2,14,0,0.188,0,0,0.127,-10.618,-6.981,-4.294,0.706,0.982,2,14,0,0.171,0,0,0.184,-10.731,-13.125,-4.466,0.534,1.020,2,14,0,0.174,0,0,0.140,-8.033,-9.896,-4.517,0.483,0.954,2,14,0,0.178,0,0,0.078,-13.608,-10.285,-3.955,1.045,1.089,2,14,0,0.245,0,0,0.188,2.906,0.339,0,0,0.245,-10.703,-9.975,0.998,-0.070
1770.0,-9.910,-10.119,-4.932,0.068,1.069,2,14,0,0.193,0,0,0.133,-9.698,-6.992,-4.268,0.732,0.933,2,14,0,0.176,0,0,0.112,-9.698,-13.151,-4.386,0.614,0.995,2,14,0,0.182,0,0,0.171,-7.079,-9.959,-4.512,0.488,0.993,2,14,0,0.179,0,0,0.135,-12.451,-10.251,-4.002,0.998,1.114,2,14,0,0.158,0,0,0.134,2.709,0.376,0,0,0.193,-9.704,-9.996,1.000,0.030
1771.0,-8.781,-10.040,-4.952,0.048,1.082,2,14,0,0.171,0,0,0.164,-8.734,-6.936,-4.293,0.707,0.952,2,14,0,0.171,0,0,0.108,-8.769,-13.067,-4.422,0.578,0.976,2,14,0,0.174,0,0,0.128,-6.056,-9.916,-4.475,0.525,1.048,2,14,0,0.183,0,0,0.162,-11.360,-10.159,-3.899,1.101,1.051,2,14,0,0.176,0,0,0.197,2.769,0.424,0,0,0.183,-8.708,-9.916,0.992,0.129
1772.0,-7.751,-9.836,-4.990,0.010,1.028,2,14,0,0.193,0,0,0.185,-7.843,-6.806,-4.286,0.714,0.972,2,14,0,0.174,0,0,0.146,-7.780,-12.890,-4.468,0.532,0.997,2,14,0,0.173,0,0,0.129,-4.969,-9.758,-4.528,0.472,1.087,2,14,0,0.180,0,0,0.185,-10.370,-9.973,-3.950,1.050,0.986,2,14,0,0.182,0,0,0.199,2.821,0.425,0,0,0.193,-7.724,-9.738,0.974,0.228
1773.0,-6.823,-9.578,-4.996,0.004,0.994,2,14,0,0.191,0,0,0.172,-6.870,-6.566,-4.403,0.597,1.036,2,14,0,0.225,0,0,0.179,-6.811,-12.621,-4.455,0.545,1.011,2,14,0,0.217,0,0,0.139,-3.995,-9.443,-4.569,0.431,1.056,2,14,0,0.193,0,0,0.155,-9.462,-9.683,-3.951,1.049,0.959,2,14,0,0.357,0,0,0.141,2.841,0.374,0,0,0.357,-6.763,-9.462,0.946,0.324
1774.0,-5.854,-9.281,-5.048,-0.048,0.990,2,14,0,0.324,0,0,0.253,-5.891,-6.196,-4.322,0.678,1.070,2,14,0,0.171,0,0,0.178,-5.868,-12.228,-4.449,0.551,1.028,2,14,0,0.185,0,0,0.126,-3.061,-9.046,-4.516,0.484,1.054,2,14,0,0.212,0,0,0.135,-8.579,-9.320,-3.905,1.095,0.961,2,14,0,0.180,0,0,0.113,2.853,0.343,0,0,0.324,-5.835,-9.091,0.909,0.417
1775.0,-4.993,-8.817,-5.036,-0.036,0.993,2,14,0,0.189,0,0,0.236,-4.872,-5.689,-4.276,0.724,1.097,2,14,0,0.154,0,0,0.202,-5.011,-11.726,-4.460,0.540,1.025,2,14,0,0.174,0,0,0.076,-2.151,-8.558,-4.537,0.463,1.045,2,14,0,0.181,0,0,0.129,-7.725,-8.869,-3.963,1.037,0.975,2,14,0,0.179,0,0,0.104,2.896,0.327,0,0,0.189,-4.948,-8.630,0.863,0.505
1776.0,-4.205,-8.181,-5.008,-0.008,1.028,2,14,0,0.492,0,0,0.137,-3.966,-5.051,-4.296,0.704,1.052,2,14,0,0.174,0,0,0.228,-4.160,-11.154,-4.486,0.514,1.022,2,14,0,0.180,0,0,0.068,-1.241,-7.988,-4.522,0.478,1.040,2,14,0,0.181,0,0,0.184,-6.827,-8.352,-3.967,1.033,1.010,2,14,0,0.174,0,0,0.165,2.826,0.392,0,0,0.492,-4.112,-8.083,0.808,0.589
1777.0,-3.382,-7.454,-5.008,-0.008,1.042,2,14,0,0.213,0,0,0.128,-3.233,-4.392,-4.274,0.726,0.986,2,14,0,0.169,0,0,0.183,-3.303,-10.548,-4.439,0.561,1.036,2,14,0,0.196,0,0,0.144,-0.414,-7.338,-4.586,0.414,0.998,2,14,0,0.178,0,0,0.224,-6.089,-7.748,-4.032,0.968,1.011,2,14,0,0.214,0,0,0.164,2.893,0.383,0,0,0.214,-3.334,-7.454,0.745,0.667
1778.0,-2.746,-6.726,-5.050,-0.050,1.006,2,14,0,0.195,0,0,0.056,-2.564,-3.640,-4.249,0.751,0.973,2,14,0,0.213,0,0,0.144,-2.542,-9.805,-4.400,0.600,1.024,2,14,0,0.187,0,0,0.182,0.295,-6.651,-4.564,0.436,0.960,2,14,0,0.173,0,0,0.228,-5.391,-6.982,-4.043,0.957,1.051,2,14,0,0.219,0,0,0.102,2.843,0.327,0,0,0.219,-2.623,-6.752,0.675,0.738
1779.0,-2.090,-5.887,-5.017,-0.017,1.015,2,14,0,0.190,0,0,0.118,-1.987,-2.883,-4.303,0.697,0.949,2,14,0,0.172,0,0,0.084,-1.920,-8.989,-4.446,0.554,0.996,2,14,0,0.202,0,0,0.168,0.769,-5.867,-4.495,0.505,0.963,2,14,0,0.179,0,0,0.073,-4.756,-6.159,-3.968,1.032,1.062,2,14,0,0.177,0,0,0.062,2.878,0.290,0,0,0.202,-1.986,-5.981,0.598,0.801
1780.0,-1.511,-5.093,-4.987,0.013,0.979,2,14,0,0.191,0,0,0.112,-1.509,-2.147,-4.267,0.733,0.951,2,14,0,0.174,0,0,0.066,-1.453,-8.183,-4.460,0.540,0.966,2,14,0,0.279,0,0,0.077,1.278,-5.014,-4.435,0.565,1.004,2,14,0,0.177,0,0,0.018,-4.111,-5.296,-3.908,1.092,1.056,2,14,0,0.211,0,0,0.136,2.822,0.349,0,0,0.279,-1.429,-5.152,0.515,0.857
1781.0,-0.995,-4.254,-5.017,-0.017,0.973,2,14,0,0.195,0,0,0.140,-1.020,-1.306,-4.211,0.789,1.018,2,14,0,0.178,0,0,0.108,-0.941,-7.380,-4.430,0.570,0.989,2,14,0,0.216,0,0,0.137,1.772,-4.157,-4.502,0.498,1.025,2,14,0,0.178,0,0,0.051,-3.588,-4.400,-3.972,1.028,1.025,2,14,0,0.173,0,0,0.194,2.799,0.392,0,0,0.216,-0.958,-4.270,0.427,0.904
1782.0,-0.645,-3.376,-5.036,-0.036,0.968,2,14,0,0.213,0,0,0.117,-0.640,-0.329,-4.285,0.715,1.061,2,14,0,0.211,0,0,0.055,-0.554,-6.489,-4.425,0.575,1.017,2,14,0,0.176,0,0,0.161,2.192,-3.216,-4.488,0.512,1.037,2,14,0,0.179,0,0,0.075,-3.306,-3.453,-3.947,1.053,0.993,2,14,0,0.175,0,0,0.101,2.877,0.290,0,0,0.213,-0.576,-3.346,0.335,0.942
1783.0,-0.380,-2.503,-5.011,-0.011,0.998,2,14,0,0.186,0,0,0.150,-0.228,0.652,-4.281,0.719,1.069,2,14,0,0.178,0,0,0.140,-0.210,-5.508,-4.504,0.496,1.053,2,14,0,0.176,0,0,0.198,2.552,-2.249,-4.466,0.534,1.048,2,14,0,0.154,0,0,0.146,-3.033,-2.518,-3.968,1.032,0.984,2,14,0,0.177,0,0,0.081,2.851,0.287,0,0,0.186,-0.289,-2.389,0.239,0.971
1784.0,-0.150,-1.579,-5.004,-0.004,1.051,2,14,0,0.193,0,0,0.220,0.084,1.682,-4.265,0.735,1.054,2,14,0,0.548,0,0,0.261,-0.098,-4.445,-4.427,0.573,1.075,2,14,0,0.151,0,0,0.102,2.718,-1.243,-4.495,0.505,1.035,2,14,0,0.225,0,0,0.123,-2.824,-1.543,-3.933,1.067,0.990,2,14,0,0.176,0,0,0.099,2.881,0.307,0,0,0.548,-0.100,-1.407,0.141,0.990
1785.0,-0.021,-0.513,-4.991,0.009,1.112,2,14,0,0.197,0,0,0.199,0.139,2.684,-4.325,0.675,1.024,2,14,0,0.224,0,0,0.227,-0.031,-3.407,-4.419,0.581,1.053,2,14,0,0.175,0,0,0.087,2.757,-0.235,-4.518,0.482,1.022,2,14,0,0.176,0,0,0.075,-2.724,-0.589,-3.957,1.043,1.001,2,14,0,0.175,0,0,0.114,2.832,0.335,0,0,0.224,-0.008,-0.412,0.041,0.999
1786.0,-0.015,0.591,-5.040,-0.040,1.130,2,14,0,0.165,0,0,0.184,0.014,3.638,-4.299,0.701,1.019,2,14,0,0.211,0,0,0.110,-0.073,-2.401,-4.485,0.515,1.031,2,14,0,0.178,0,0,0.068,2.733,0.790,-4.511,0.489,1.015,2,14,0,0.181,0,0,0.072,-2.613,0.379,-3.989,1.011,1.032,2,14,0,0.185,0,0,0.237,2.805,0.456,0,0,0.211,-0.017,0.588,-0.059,0.998
1787.0,-0.124,1.719,-5.030,-0.030,1.113,2,14,0,0.190,0,0,0.222,-0.124,4.662,-4.245,0.755,1.053,2,14,0,0.178,0,0,0.078,-0.107,-1.397,-4.489,0.511,1.017,2,14,0,0.177,0,0,0.130,2.785,1.784,-4.459,0.541,1.010,2,14,0,0.196,0,0,0.218,-2.730,1.457,-4.068,0.932,1.082,2,14,0,0.175,0,0,0.221,2.789,0.415,0,0,0.196,-0.126,1.581,-0.158,0.987
1788.0,-0.402,2.778,-4.996,0.004,1.054,2,14,0,0.196,0,0,0.241,-0.311,5.730,-4.255,0.745,1.075,2,14,0,0.172,0,0,0.138,-0.214,-0.441,-4.523,0.477,1.017,2,14,0,0.221,0,0,0.219,2.579,2.755,-4.481,0.519,1.015,2,14,0,0.205,0,0,0.218,-3.030,2.465,-3.994,1.006,1.072,2,14,0,0.182,0,0,0.136,2.830,0.318,0,0,0.221,-0.333,2.559,-0.256,0.967
1789.0,-0.763,3.751,-5.001,-0.001,0.985,2,14,0,0.191,0,0,0.241,-0.548,6.754,-4.258,0.742,1.036,2,14,0,0.172,0,0,0.237,-0.554,0.542,-4.422,0.578,1.039,2,14,0,0.175,0,0,0.191,2.276,3.757,-4.509,0.491,1.039,2,14,0,0.183,0,0,0.236,-3.412,3.397,-3.945,1.055,1.059,2,14,0,0.226,0,0,0.057,2.874,0.271,0,0,0.226,-0.637,3.512,-0.351,0.936
1790.0,-1.193,4.576,-5.023,-0.023,0.935,2,14,0,0.250,0,0,0.137,-0.907,7.591,-4.278,0.722,0.982,2,14,0,0.173,0,0,0.222,-0.924,1.553,-4.421,0.579,1.056,2,14,0,0.171,0,0,0.261,1.802,4.712,-4.487,0.513,1.029,2,14,0,0.212,0,0,0.191,-3.815,4.375,-3.873,1.127,1.042,2,14,0,0.181,0,0,0.101,2.870,0.327,0,0,0.250,-1.034,4.429,-0.443,0.897
1791.0,-1.567,5.471,-5.050,-0.050,0.950,2,14,0,0.195,0,0,0.210,-1.410,8.406,-4.304,0.696,1.017,2,14,0,0.173,0,0,0.188,-1.465,2.457,-4.466,0.534,1.057,2,14,0,0.177,0,0,0.245,1.155,5.566,-4.579,0.421,1.037,2,14,0,0.193,0,0,0.115,-4.250,5.270,-3.966,1.034,1.022,2,14,0,0.180,0,0,0.148,2.764,0.418,0,0,0.195,-1.521,5.302,-0.530,0.848
1792.0,-2.106,6.227,-5.005,-0.005,0.962,2,14,0,0.198,0,0,0.197,-2.091,9.192,-4.267,0.733,1.076,2,14,0,0.171,0,0,0.078,-2.122,3.202,-4.520,0.480,1.032,2,14,0,0.175,0,0,0.135,0.586,6.414,-4.530,0.470,1.009,2,14,0,0.222,0,0,0.134,-4.846,6.100,-3.935,1.065,1.014,2,14,0,0.178,0,0,0.142,2.739,0.434,0,0,0.222,-2.093,6.122,-0.612,0.791
1793.0,-2.828,6.891,-4.953,0.047,1.029,2,14,0,0.231,0,0,0.102,-2.842,10.052,-4.257,0.743,1.096,2,14,0,0.174,0,0,0.102,-2.895,3.885,-4.510,0.490,1.028,2,14,0,0.220,0,0,0.067,0.011,7.116,-4.485,0.515,0.966,2,14,0,0.179,0,0,0.099,-5.486,6.895,-3.923,1.077,1.027,2,14,0,0.177,0,0,0.176,2.851,0.340,0,0,0.231,-2.743,6.881,-0.688,0.726
1794.0,-3.588,7.519,-4.970,0.030,1.074,2,14,0,0.212,0,0,0.082,-3.526,10.768,-4.260,0.740,1.035,2,14,0,0.173,0,0,0.127,-3.689,4.581,-4.463,0.537,1.028,2,14,0,0.190,0,0,0.133,-0.680,7.779,-4.455,0.545,0.996,2,14,0,0.213,0,0,0.103,-6.152,7.541,-3.932,1.068,1.015,2,14,0,0.197,0,0,0.180,2.766,0.316,0,0,0.213,-3.467,7.571,-0.757,0.653
1795.0,-4.406,8.173,-4.979,0.021,1.100,2,14,0,0.186,0,0,0.035,-4.408,11.384,-4.278,0.722,1.027,2,14,0,0.204,0,0,0.149,-4.416,5.194,-4.418,0.582,0.977,2,14,0,0.183,0,0,0.080,-1.511,8.456,-4.499,0.501,1.046,2,14,0,0.152,0,0,0.126,-6.995,8.123,-4.033,0.967,1.051,2,14,0,0.175,0,0,0.120,2.757,0.373,0,0,0.204,-4.255,8.185,-0.819,0.574
1796.0,-5.293,8.831,-5.031,-0.031,1.095,2,14,0,0.286,0,0,0.103,-5.264,11.947,-4.278,0.722,0.985,2,14,0,0.182,0,0,0.175,-5.180,5.747,-4.471,0.529,0.971,2,14,0,0.175,0,0,0.062,-2.448,8.996,-4.511,0.489,1.040,2,14,0,0.177,0,0,0.133,-7.923,8.689,-3.974,1.026,1.065,2,14,0,0.209,0,0,0.112,2.838,0.445,0,0,0.286,-5.101,8.718,-0.872,0.490
1797.0,-6.219,9.374,-4.927,0.073,1.051,2,14,0,0.226,0,0,0.205,-6.153,12.424,-4.274,0.726,0.957,2,14,0,0.172,0,0,0.207,-5.938,6.205,-4.468,0.532,0.980,2,14,0,0.214,0,0,0.167,-3.348,9.429,-4.508,0.492,1.006,2,14,0,0.216,0,0,0.124,-8.814,9.138,-3.968,1.032,1.035,2,14,0,0.178,0,0,0.120,2.777,0.442,0,0,0.226,-5.996,9.163,-0.916,0.400
1798.0,-7.149,9.714,-4.971,0.029,1.008,2,14,0,0.185,0,0,0.192,-6.984,12.793,-4.250,0.750,0.929,2,14,0,0.177,0,0,0.204,-6.887,6.601,-4.438,0.562,1.059,2,14,0,0.151,0,0,0.182,-4.208,9.804,-4.576,0.424,0.984,2,14,0,0.181,0,0,0.134,-9.822,9.495,-3.966,1.034,1.028,2,14,0,0.221,0,0,0.141,2.864,0.399,0,0,0.221,-6.931,9.517,-0.952,0.307
1799.0,-8.142,9.955,-5.009,-0.009,0.997,2,14,0,0.194,0,0,0.185,-7.851,13.017,-4.274,0.726,0.970,2,14,0,0.205,0,0,0.204,-7.979,6.915,-4.422,0.578,1.083,2,14,0,0.179,0,0,0.169,-5.163,10.065,-4.578,0.422,1.004,2,14,0,0.150,0,0,0.138,-10.740,9.802,-3.962,1.038,0.983,2,14,0,0.152,0,0,0.172,2.806,0.393,0,0,0.205,-7.896,9.776,-0.978,0.210
1800.0,-9.159,10.058,-5.022,-0.022,0.986,2,14,0,0.190,0,0,0.150,-8.818,13.161,-4.278,0.722,1.034,2,14,0,0.176,0,0,0.203,-9.004,7.129,-4.470,0.530,1.057,2,14,0,0.176,0,0,0.225,-6.147,10.264,-4.581,0.419,1.022,2,14,0,0.183,0,0,0.175,-11.716,9.942,-3.891,1.109,0.993,2,14,0,0.182,0,0,0.151,2.798,0.420,0,0,0.190,-8.882,9.937,-0.994,0.112
1801.0,-10.133,10.094,-5.057,-0.057,0.972,2,14,0,0.191,0,0,0.115,-9.863,13.167,-4.272,0.728,1.100,2,14,0,0.172,0,0,0.131,-10.057,7.105,-4.422,0.578,1.037,2,14,0,0.185,0,0,0.160,-7.265,10.315,-4.542,0.458,1.046,2,14,0,0.184,0,0,0.181,-12.710,10.006,-3.852,1.148,1.016,2,14,0,0.172,0,0,0.152,2.845,0.498,0,0,0.191,-9.880,9.999,-1.000,0.012
1802.0,-11.030,10.086,-4.948,0.052,0.971,2,14,0,0.218,0,0,0.126,-10.991,13.067,-4.293,0.707,1.122,2,14,0,0.177,0,0,0.057,-11.038,7.051,-4.461,0.539,1.009,2,14,0,0.216,0,0,0.138,-8.246,10.263,-4.502,0.498,1.019,2,14,0,0.173,0,0,0.162,-13.721,9.917,-3.944,1.056,1.018,2,14,0,0.180,0,0,0.103,2.825,0.475,0,0,0.218,-10.879,9.961,-0.996,-0.088
1803.0,-12.054,9.987,-4.977,0.023,1.027,2,14,0,0.163,0,0,0.160,-12.039,12.874,-4.318,0.682,1.080,2,14,0,0.171,0,0,0.100,-11.945,6.963,-4.470,0.530,1.000,2,14,0,0.176,0,0,0.167,-9.283,10.059,-4.497,0.503,1.014,2,14,0,0.197,0,0,0.141,-14.738,9.762,-3.952,1.048,1.034,2,14,0,0.177,0,0,0.095,2.814,0.476,0,0,0.197,-11.869,9.824,-0.982,-0.187
1804.0,-13.079,9.721,-5.024,-0.024,1.057,2,14,0,0.189,0,0,0.139,-13.151,12.699,-4.264,0.736,1.030,2,14,0,0.176,0,0,0.238,-12.973,6.633,-4.501,0.499,1.049,2,14,0,0.173,0,0,0.085,-10.204,9.743,-4.451,0.549,0.983,2,14,0,0.184,0,0,0.065,-15.753,9.494,-3.951,1.049,1.036,2,14,0,0.256,0,0,0.103,2.890,0.395,0,0,0.256,-12.840,9.588,-0.959,-0.284
1805.0,-14.067,9.370,-5.016,-0.016,1.047,2,14,0,0.290,0,0,0.149,-14.132,12.402,-4.247,0.753,0.951,2,14,0,0.172,0,0,0.285,-14.058,6.310,-4.444,0.556,1.053,2,14,0,0.177,0,0,0.196,-11.104,9.469,-4.492,0.508,0.988,2,14,0,0.183,0,0,0.059,-16.786,9.197,-4.029,0.971,1.010,2,14,0,0.183,0,0,0.199,2.898,0.384,0,0,0.290,-13.784,9.257,-0.926,-0.378
1806.0,-14.894,8.919,-4.986,0.014,1.030,2,14,0,0.189,0,0,0.087,-14.883,12.018,-4.248,0.752,0.888,2,14,0,0.175,0,0,0.165,-14.940,5.924,-4.474,0.526,0.995,2,14,0,0.179,0,0,0.197,-12.025,9.124,-4.506,0.494,1.022,2,14,0,0.216,0,0,0.139,-17.626,8.816,-3.906,1.094,0.972,2,14,0,0.182,0,0,0.172,2.917,0.445,0,0,0.216,-14.689,8.833,-0.883,-0.469
1807.0,-15.776,8.422,-4.981,0.019,1.048,2,14,0,0.189,0,0,0.108,-15.704,11.584,-4.303,0.697,0.940,2,14,0,0.173,0,0,0.205,-15.760,5.459,-4.423,0.577,0.986,2,14,0,0.179,0,0,0.205,-12.926,8.647,-4.462,0.538,1.039,2,14,0,0.177,0,0,0.185,-18.501,8.282,-3.973,1.027,0.990,2,14,0,0.288,0,0,0.168,2.906,0.500,0,0,0.288,-15.547,8.320,-0.832,-0.555
1808.0,-16.614,7.808,-4.965,0.035,1.060,2,14,0,0.188,0,0,0.114,-16.421,11.005,-4.342,0.658,0.996,2,14,0,0.461,0,0,0.204,-16.465,4.824,-4.410,0.590,1.011,2,14,0,0.175,0,0,0.128,-13.769,8.031,-4.489,0.511,1.063,2,14,0,0.157,0,0,0.190,-19.252,7.671,-3.966,1.034,0.984,2,14,0,0.187,0,0,0.122,2.824,0.519,0,0,0.461,-16.350,7.725,-0.773,-0.635
1809.0,-17.423,7.067,-5.030,-0.030,1.057,2,14,0,0.192,0,0,0.153,-17.098,10.236,-4.238,0.762,1.086,2,14,0,0.173,0,0,0.127,-17.183,4.157,-4.450,0.550,1.053,2,14,0,0.176,0,0,0.132,-14.579,7.318,-4.571,0.429,1.055,2,14,0,0.179,0,0,0.218,-19.868,7.006,-3.948,1.052,1.017,2,14,0,0.172,0,0,0.116,2.675,0.557,0,0,0.192,-17.090,7.053,-0.705,-0.709
1810.0,-18.135,6.274,-4.986,0.014,1.010,2,14,0,0.217,0,0,0.194,-17.844,9.440,-4.299,0.701,1.122,2,14,0,0.171,0,0,0.055,-17.932,3.392,-4.475,0.525,1.090,2,14,0,0.177,0,0,0.134,-15.203,6.533,-4.530,0.470,1.040,2,14,0,0.192,0,0,0.161,-20.553,6.243,-3.954,1.046,1.065,2,14,0,0.184,0,0,0.084,2.629,0.498,0,0,0.217,-17.758,6.310,-0.631,-0.776
1811.0,-18.742,5.538,-4.918,0.082,0.956,2,14,0,0.162,0,0,0.211,-18.506,8.529,-4.318,0.682,1.103,2,14,0,0.142,0,0,0.096,-18.549,2.504,-4.470,0.530,1.092,2,14,0,0.179,0,0,0.106,-15.694,5.663,-4.469,0.531,1.035,2,14,0,0.222,0,0,0.043,-21.262,5.402,-3.926,1.074,1.090,2,14,0,0.177,0,0,0.097,2.712,0.394,0,0,0.222,-18.349,5.503,-0.550,-0.835
1812.0,-19.202,4.762,-5.009,-0.009,0.965,2,14,0,0.230,0,0,0.201,-19.078,7.665,-4.308,0.692,1.038,2,14,0,0.175,0,0,0.155,-19.088,1.571,-4.458,0.542,1.067,2,14,0,1.034,0,0,0.142,-16.212,4.775,-4.502,0.498,1.039,2,14,0,0.182,0,0,0.053,-21.853,4.534,-3.924,1.076,1.069,2,14,0,0.175,0,0,0.177,2.874,0.379,0,0,1.034,-18.857,4.642,-0.464,-0.886
1813.0,-19.479,3.875,-5.045,-0.045,1.021,2,14,0,0.206,0,0,0.137,-19.557,6.804,-4.293,0.707,0.994,2,14,0,0.214,0,0,0.205,-19.556,0.613,-4.447,0.553,1.012,2,14,0,0.203,0,0,0.205,-16.588,3.874,-4.517,0.483,1.026,2,14,0,0.182,0,0,0.021,-22.353,3.616,-3.909,1.091,1.048,2,14,0,0.177,0,0,0.255,2.939,0.341,0,0,0.214,-19.276,3.735,-0.374,-0.928
1814.0,-19.766,2.839,-4.982,0.018,1.090,2,14,0,0.226,0,0,0.056,-19.914,5.881,-4.300,0.700,0.991,2,14,0,0.178,0,0,0.238,-19.941,-0.310,-4.432,0.568,0.961,2,14,0,0.179,0,0,0.257,-16.995,2.915,-4.530,0.470,1.027,2,14,0,0.176,0,0,0.096,-22.708,2.624,-3.941,1.059,1.033,2,14,0,0.175,0,0,0.282,2.809,0.411,0,0,0.226,-19.603,2.790,-0.279,-0.960
1815.0,-19.986,1.836,-4.985,0.015,1.087,2,14,0,0.188,0,0,0.038,-20.131,4.897,-4.253,0.747,1.008,2,14,0,0.174,0,0,0.220,-20.104,-1.267,-4.381,0.619,0.950,2,14,0,0.183,0,0,0.184,-17.328,1.935,-4.514,0.486,1.008,2,14,0,0.177,0,0,0.195,-22.861,1.611,-3.957,1.043,1.009,2,14,0,0.187,0,0,0.214,2.701,0.509,0,0,0.188,-19.833,1.818,-0.182,-0.983
1816.0,-20.228,0.814,-5.053,-0.053,1.072,2,14,0,0.195,0,0,0.081,-20.279,3.907,-4.291,0.709,1.015,2,14,0,0.231,0,0,0.240,-20.147,-2.225,-4.424,0.576,0.964,2,14,0,0.180,0,0,0.092,-17.457,0.975,-4.500,0.500,0.993,2,14,0,0.176,0,0,0.190,-22.890,0.603,-4.020,0.980,0.993,2,14,0,0.212,0,0,0.128,2.830,0.513,0,0,0.231,-19.966,0.827,-0.083,-0.997
1817.0,-20.342,-0.217,-5.030,-0.030,1.046,2,14,0,0.186,0,0,0.167,-20.190,2.865,-4.286,0.714,1.043,2,14,0,0.178,0,0,0.122,-20.103,-3.221,-4.422,0.578,0.983,2,14,0,0.178,0,0,0.025,-17.556,-0.017,-4.515,0.485,1.014,2,14,0,0.176,0,0,0.254,-22.867,-0.336,-3.986,1.014,0.985,2,14,0,0.179,0,0,0.048,2.735,0.579,0,0,0.186,-19.999,-0.172,0.017,-1.000
1818.0,-20.376,-1.260,-5.034,-0.034,1.025,2,14,0,0.193,0,0,0.281,-20.036,1.850,-4.346,0.654,1.029,2,14,0,0.211,0,0,0.066,-20.045,-4.170,-4.502,0.498,0.992,2,14,0,0.176,0,0,0.029,-17.418,-0.979,-4.486,0.514,1.030,2,14,0,0.179,0,0,0.187,-22.739,-1.323,-3.923,1.077,1.001,2,14,0,0.227,0,0,0.018,2.612,0.523,0,0,0.227,-19.931,-1.170,0.117,-0.993
1819.0,-20.240,-2.284,-5.020,-0.020,1.013,2,14,0,0.191,0,0,0.324,-19.803,0.896,-4.363,0.637,1.011,2,14,0,0.172,0,0,0.048,-19.941,-5.169,-4.481,0.519,1.026,2,14,0,0.209,0,0,0.077,-17.149,-2.013,-4.529,0.471,1.064,2,14,0,0.186,0,0,0.083,-22.578,-2.338,-3.991,1.009,1.018,2,14,0,0.177,0,0,0.035,2.555,0.493,0,0,0.209,-19.765,-2.155,0.216,-0.977
1820.0,-19.936,-3.156,-4.983,0.017,1.009,2,14,0,0.190,0,0,0.260,-19.599,-0.028,-4.248,0.752,1.013,2,14,0,0.203,0,0,0.023,-19.723,-6.156,-4.402,0.598,1.041,2,14,0,0.167,0,0,0.123,-16.852,-3.042,-4.500,0.500,1.061,2,14,0,0.180,0,0,0.087,-22.399,-3.293,-3.983,1.017,1.002,2,14,0,0.179,0,0,0.080,2.661,0.437,0,0,0.203,-19.501,-3.119,0.312,-0.950
1821.0,-19.451,-4.107,-4.950,0.050,1.068,2,14,0,0.204,0,0,0.141,-19.303,-0.987,-4.226,0.774,1.033,2,14,0,0.173,0,0,0.084,-19.431,-7.184,-4.458,0.542,1.052,2,14,0,0.175,0,0,0.216,-16.494,-4.018,-4.497,0.503,1.034,2,14,0,0.183,0,0,0.127,-22.087,-4.240,-4.035,0.965,1.015,2,14,0,0.204,0,0,0.129,2.794,0.353,0,0,0.204,-19.142,-4.052,0.405,-0.914
1822.0,-18.792,-5.043,-4.976,0.024,1.077,2,14,0,0.186,0,0,0.131,-18.846,-1.972,-4.237,0.763,1.049,2,14,0,0.174,0,0,0.129,-19.001,-8.117,-4.450,0.550,1.049,2,14,0,0.178,0,0,0.254,-16.032,-4.914,-4.588,0.412,1.004,2,14,0,0.176,0,0,0.133,-21.658,-5.178,-3.973,1.027,1.030,2,14,0,0.247,0,0,0.168,2.790,0.354,0,0,0.247,-18.692,-4.945,0.494,-0.869
1823.0,-18.223,-5.917,-5.011,-0.011,1.013,2,14,0,0.193,0,0,0.176,-18.366,-2.838,-4.292,0.708,1.025,2,14,0,0.173,0,0,0.184,-18.463,-8.962,-4.480,0.520,1.051,2,14,0,0.175,0,0,0.256,-15.597,-5.744,-4.547,0.453,0.977,2,14,0,0.180,0,0,0.180,-21.225,-6.099,-3.952,1.048,1.026,2,14,0,0.178,0,0,0.297,2.671,0.445,0,0,0.193,-18.155,-5.788,0.579,-0.815
1824.0,-17.678,-6.745,-5.001,-0.001,0.949,2,14,0,0.189,0,0,0.174,-17.790,-3.646,-4.307,0.693,1.026,2,14,0,0.174,0,0,0.230,-17.811,-9.668,-4.428,0.572,1.065,2,14,0,0.174,0,0,0.186,-14.910,-6.499,-4.499,0.501,1.013,2,14,0,0.177,0,0,0.109,-20.582,-6.892,-3.946,1.054,1.049,2,14,0,0.174,0,0,0.282,2.824,0.380,0,0,0.189,-17.536,-6.573,0.657,-0.754
1825.0,-17.027,-7.401,-4.998,0.002,0.930,2,14,0,0.190,0,0,0.114,-17.011,-4.378,-4.268,0.732,1.048,2,14,0,0.169,0,0,0.186,-16.922,-10.368,-4.503,0.497,1.094,2,14,0,0.174,0,0,0.051,-14.185,-7.227,-4.474,0.526,1.016,2,14,0,0.178,0,0,0.099,-19.810,-7.595,-3.970,1.030,1.072,2,14,0,0.174,0,0,0.214,2.895,0.349,0,0,0.190,-16.843,-7.292,0.729,-0.684
1826.0,-16.317,-7.971,-5.007,-0.007,0.943,2,14,0,0.189,0,0,0.070,-16.175,-5.003,-4.287,0.713,1.041,2,14,0,0.179,0,0,0.141,-16.075,-11.058,-4.433,0.567,1.054,2,14,0,0.195,0,0,0.148,-13.379,-7.880,-4.480,0.520,1.023,2,14,0,0.182,0,0,0.099,-18.923,-8.217,-3.915,1.085,1.081,2,14,0,0.189,0,0,0.134,2.835,0.319,0,0,0.195,-16.080,-7.939,0.794,-0.608
1827.0,-15.506,-8.527,-5.001,-0.001,0.993,2,14,0,0.203,0,0,0.077,-15.309,-5.555,-4.294,0.706,1.016,2,14,0,0.174,0,0,0.128,-15.272,-11.654,-4.462,0.538,0.995,2,14,0,0.226,0,0,0.155,-12.632,-8.440,-4.478,0.522,1.002,2,14,0,0.171,0,0,0.111,-18.022,-8.736,-3.959,1.041,1.049,2,14,0,0.182,0,0,0.102,2.731,0.380,0,0,0.226,-15.257,-8.506,0.851,-0.526
1828.0,-14.653,-9.091,-4.984,0.016,1.031,2,14,0,0.190,0,0,0.141,-14.421,-6.011,-4.275,0.725,0.992,2,14,0,0.171,0,0,0.107,-14.401,-12.155,-4.435,0.565,0.955,2,14,0,0.188,0,0,0.161,-11.802,-8.962,-4.548,0.452,1.024,2,14,0,0.180,0,0,0.176,-17.037,-9.163,-3.996,1.004,1.007,2,14,0,0.177,0,0,0.171,2.582,0.421,0,0,0.190,-14.382,-8.989,0.899,-0.438
1829.0,-13.791,-9.548,-5.050,-0.050,1.046,2,14,0,0.191,0,0,0.229,-13.492,-6.381,-4.282,0.718,0.989,2,14,0,0.247,0,0,0.091,-13.559,-12.504,-4.472,0.528,0.929,2,14,0,0.183,0,0,0.097,-10.818,-9.395,-4.540,0.460,1.056,2,14,0,0.179,0,0,0.177,-16.173,-9.580,-3.912,1.088,0.950,2,14,0,0.178,0,0,0.125,2.640,0.368,0,0,0.247,-13.463,-9.381,0.938,-0.346
1830.0,-12.810,-9.875,-4.972,0.028,1.091,2,14,0,0.193,0,0,0.233,-12.594,-6.698,-4.316,0.684,0.981,2,14,0,0.264,0,0,0.093,-12.681,-12.803,-4.428,0.572,0.968,2,14,0,0.174,0,0,0.118,-9.755,-9.710,-4.536,0.464,1.049,2,14,0,0.339,0,0,0.194,-15.333,-9.907,-3.939,1.061,0.931,2,14,0,0.176,0,0,0.082,2.726,0.359,0,0,0.339,-12.509,-9.680,0.968,-0.251
1831.0,-11.768,-9.998,-5.027,-0.027,1.101,2,14,0,0.201,0,0,0.133,-11.658,-6.924,-4.258,0.742,0.992,2,14,0,0.178,0,0,0.125,-11.685,-13.068,-4.447,0.553,1.014,2,14,0,0.181,0,0,0.164,-8.761,-9.882,-4.499,0.501,1.007,2,14,0,0.190,0,0,0.174,-14.382,-10.176,-3.989,1.011,0.963,2,14,0,0.177,0,0,0.151,2.818,0.329,0,0,0.201,-11.530,-9.882,0.988,-0.153
1832.0,-10.703,-10.082,-4.983,0.017,1.105,2,14,0,0.193,0,0,0.102,-10.662,-7.029,-4.208,0.792,1.032,2,14,0,0.212,0,0,0.126,-10.674,-13.165,-4.482,0.518,1.040,2,14,0,0.178,0,0,0.153,-7.797,-9.921,-4.477,0.523,0.988,2,14,0,0.174,0,0,0.101,-13.440,-10.292,-4.002,0.998,1.001,2,14,0,0.207,0,0,0.183,2.914,0.321,0,0,0.212,-10.536,-9.986,0.999,-0.054
1833.0,-9.593,-10.078,-4.975,0.025,1.074,2,14,0,0.191,0,0,0.155,-9.688,-7.025,-4.305,0.695,1.045,2,14,0,0.199,0,0,0.131,-9.639,-13.179,-4.517,0.483,1.063,2,14,0,0.183,0,0,0.160,-6.756,-9.904,-4.486,0.514,1.001,2,14,0,0.179,0,0,0.110,-12.412,-10.330,-3.992,1.008,1.057,2,14,0,0.179,0,0,0.206,2.884,0.363,0,0,0.199,-9.536,-9.989,0.999,0.046
1834.0,-8.530,-9.976,-4.957,0.043,1.025,2,14,0,0.186,0,0,0.204,-8.618,-6.934,-4.301,0.699,1.076,2,14,0,0.175,0,0,0.114,-8.519,-13.082,-4.444,0.556,1.077,2,14,0,0.226,0,0,0.204,-5.809,-9.825,-4.546,0.454,0.979,2,14,0,0.180,0,0,0.093,-11.382,-10.187,-3.910,1.090,1.082,2,14,0,0.274,0,0,0.150,2.755,0.335,0,0,0.274,-8.541,-9.893,0.989,0.146
1835.0,-7.522,-9.788,-5.031,-0.031,0.965,2,14,0,0.195,0,0,0.233,-7.485,-6.780,-4.240,0.760,1.071,2,14,0,0.173,0,0,0.218,-7.600,-12.841,-4.396,0.604,1.012,2,14,0,0.174,0,0,0.129,-4.865,-9.630,-4.487,0.513,0.995,2,14,0,0.176,0,0,0.087,-10.251,-9.941,-3.948,1.052,1.096,2,14,0,0.180,0,0,0.165,2.716,0.394,0,0,0.195,-7.561,-9.698,0.970,0.244
1836.0,-6.615,-9.517,-5.062,-0.062,0.924,2,14,0,0.224,0,0,0.206,-6.489,-6.469,-4.267,0.733,1.022,2,14,0,0.178,0,0,0.238,-6.658,-12.507,-4.474,0.526,1.022,2,14,0,0.174,0,0,0.085,-3.941,-9.368,-4.495,0.505,1.027,2,14,0,0.183,0,0,0.119,-9.250,-9.658,-3.976,1.024,1.039,2,14,0,0.179,0,0,0.202,2.737,0.435,0,0,0.224,-6.605,-9.406,0.941,0.340
1837.0,-5.761,-9.169,-5.074,-0.074,0.920,2,14,0,0.194,0,0,0.184,-5.559,-6.036,-4.254,0.746,0.989,2,14,0,0.170,0,0,0.221,-5.716,-12.124,-4.473,0.527,1.025,2,14,0,0.176,0,0,0.099,-2.935,-8.972,-4.526,0.474,1.064,2,14,0,0.183,0,0,0.118,-8.359,-9.257,-3.949,1.051,0.992,2,14,0,0.180,0,0,0.173,2.833,0.401,0,0,0.194,-5.683,-9.020,0.902,0.432
1838.0,-4.976,-8.696,-4.994,0.006,0.977,2,14,0,0.267,0,0,0.162,-4.788,-5.529,-4.320,0.680,0.955,2,14,0,0.172,0,0,0.113,-4.712,-11.676,-4.427,0.573,1.026,2,14,0,0.172,0,0,0.216,-1.978,-8.491,-4.464,0.536,1.060,2,14,0,0.182,0,0,0.161,-7.495,-8.786,-3.949,1.051,0.976,2,14,0,0.153,0,0,0.164,2.728,0.393,0,0,0.267,-4.804,-8.544,0.854,0.520
1839.0,-4.176,-8.081,-4.964,0.036,1.035,2,14,0,0.189,0,0,0.105,-4.034,-4.970,-4.358,0.642,0.977,2,14,0,0.174,0,0,0.062,-3.958,-11.083,-4.414,0.586,0.983,2,14,0,0.179,0,0,0.140,-1.158,-7.893,-4.554,0.446,1.024,2,14,0,0.180,0,0,0.141,-6.730,-8.206,-3.943,1.057,0.986,2,14,0,0.182,0,0,0.105,2.753,0.333,0,0,0.189,-3.977,-7.982,0.798,0.602
1840.0,-3.393,-7.365,-5.025,-0.025,1.080,2,14,0,0.187,0,0,0.029,-3.241,-4.309,-4.282,0.718,1.021,2,14,0,0.192,0,0,0.062,-3.263,-10.456,-4.332,0.668,0.999,2,14,0,0.178,0,0,0.096,-0.405,-7.261,-4.534,0.466,1.003,2,14,0,0.181,0,0,0.132,-5.954,-7.583,-3.992,1.008,1.006,2,14,0,0.177,0,0,0.125,2.770,0.352,0,0,0.192,-3.210,-7.341,0.734,0.679
1841.0,-2.722,-6.609,-5.013,-0.013,1.066,2,14,0,0.257,0,0,0.032,-2.632,-3.532,-4.249,0.751,1.030,2,14,0,0.203,0,0,0.048,-2.562,-9.682,-4.477,0.523,1.029,2,14,0,0.298,0,0,0.055,0.327,-6.545,-4.541,0.459,1.010,2,14,0,0.183,0,0,0.156,-5.246,-6.830,-4.014,0.986,1.033,2,14,0,0.174,0,0,0.105,2.724,0.333,0,0,0.298,-2.511,-6.627,0.663,0.749
1842.0,-2.013,-5.828,-5.004,-0.004,1.066,2,14,0,0.227,0,0,0.050,-1.965,-2.757,-4.280,0.720,1.042,2,14,0,0.173,0,0,0.017,-1.852,-8.932,-4.459,0.541,1.027,2,14,0,0.193,0,0,0.147,0.937,-5.761,-4.557,0.443,1.008,2,14,0,0.216,0,0,0.146,-4.565,-6.004,-3.954,1.046,1.033,2,14,0,0.213,0,0,0.145,2.765,0.358,0,0,0.227,-1.887,-5.846,0.585,0.811
1843.0,-1.319,-4.999,-5.011,-0.011,1.044,2,14,0,0.190,0,0,0.200,-1.277,-1.915,-4.284,0.716,1.037,2,14,0,0.171,0,0,0.144,-1.245,-8.102,-4.521,0.479,1.023,2,14,0,0.173,0,0,0.209,1.465,-4.879,-4.517,0.483,1.027,2,14,0,0.215,0,0,0.110,-3.992,-5.125,-3.948,1.052,1.008,2,14,0,0.177,0,0,0.177,2.830,0.371,0,0,0.215,-1.344,-5.007,0.501,0.866
1844.0,-0.739,-4.107,-5.036,-0.036,1.003,2,14,0,0.191,0,0,0.326,-0.676,-1.089,-4.287,0.713,0.993,2,14,0,0.203,0,0,0.290,-0.849,-7.201,-4.477,0.523,1.017,2,14,0,0.180,0,0,0.145,1.954,-3.961,-4.538,0.462,1.023,2,14,0,0.226,0,0,0.143,-3.569,-4.218,-3.949,1.051,0.983,2,14,0,0.178,0,0,0.148,2.742,0.334,0,0,0.226,-0.887,-4.118,0.412,0.911
1845.0,-0.427,-3.197,-5.022,-0.022,0.967,2,14,0,0.192,0,0,0.276,-0.248,-0.223,-4.253,0.747,0.996,2,14,0,0.206,0,0,0.365,-0.404,-6.235,-4.492,0.508,1.030,2,14,0,0.321,0,0,0.216,2.334,-2.981,-4.490,0.510,1.017,2,14,0,0.217,0,0,0.169,-3.265,-3.333,-3.922,1.078,0.970,2,14,0,0.216,0,0,0.078,2.821,0.295,0,0,0.321,-0.521,-3.187,0.319,0.948
1846.0,-0.252,-2.270,-4.981,0.019,0.991,2,14,0,0.237,0,0,0.188,-0.007,0.771,-4.272,0.728,1.032,2,14,0,0.175,0,0,0.331,-0.082,-5.279,-4.433,0.567,1.025,2,14,0,0.212,0,0,0.268,2.530,-2.032,-4.533,0.467,0.988,2,14,0,0.178,0,0,0.093,-3.040,-2.412,-3.947,1.053,0.993,2,14,0,0.216,0,0,0.059,2.828,0.292,0,0,0.237,-0.251,-2.225,0.222,0.975
1847.0,-0.206,-1.265,-4.997,0.003,1.030,2,14,0,0.190,0,0,0.064,-0.033,1.789,-4.231,0.769,1.057,2,14,0,0.205,0,0,0.132,-0.043,-4.277,-4.442,0.558,1.031,2,14,0,0.178,0,0,0.135,2.703,-1.029,-4.502,0.498,0.991,2,14,0,0.263,0,0,0.103,-2.799,-1.380,-3.934,1.066,1.033,2,14,0,0.177,0,0,0.101,2.805,0.311,0,0,0.263,-0.077,-1.241,0.124,0.992
1848.0,-0.124,-0.217,-4.973,0.027,1.053,2,14,0,0.195,0,0,0.061,-0.144,2.834,-4.254,0.746,1.068,2,14,0,0.191,0,0,0.063,-0.117,-3.219,-4.460,0.540,1.039,2,14,0,0.190,0,0,0.068,2.788,-0.070,-4.477,0.523,0.978,2,14,0,0.408,0,0,0.097,-2.634,-0.371,-3.938,1.062,1.021,2,14,0,0.176,0,0,0.193,2.719,0.391,0,0,0.408,-0.003,-0.244,0.024,1.000
1849.0,-0.150,0.785,-5.006,-0.006,1.031,2,14,0,0.193,0,0,0.065,-0.176,3.898,-4.307,0.693,1.047,2,14,0,0.173,0,0,0.104,-0.110,-2.190,-4.433,0.567,1.012,2,14,0,0.206,0,0,0.088,2.765,0.877,-4.512,0.488,0.992,2,14,0,0.218,0,0,0.099,-2.685,0.625,-3.959,1.041,1.019,2,14,0,0.173,0,0,0.168,2.748,0.367,0,0,0.218,-0.029,0.756,-0.076,0.997
1850.0,-0.241,1.753,-5.021,-0.021,1.036,2,14,0,0.225,0,0,0.094,-0.189,4.923,-4.270,0.730,1.013,2,14,0,0.343,0,0,0.114,-0.137,-1.248,-4.412,0.588,0.982,2,14,0,0.183,0,0,0.120,2.698,1.877,-4.515,0.485,1.034,2,14,0,0.256,0,0,0.155,-2.831,1.643,-3.959,1.041,1.048,2,14,0,0.148,0,0,0.151,2.802,0.339,0,0,0.343,-0.154,1.747,-0.175,0.985
1851.0,-0.472,2.757,-5.026,-0.026,1.051,2,14,0,0.200,0,0,0.092,-0.286,5.873,-4.235,0.765,0.979,2,14,0,0.173,0,0,0.183,-0.273,-0.303,-4.491,0.509,0.999,2,14,0,0.177,0,0,0.201,2.490,2.927,-4.478,0.522,1.065,2,14,0,0.182,0,0,0.178,-3.055,2.669,-3.948,1.052,1.042,2,14,0,0.172,0,0,0.172,2.800,0.327,0,0,0.200,-0.377,2.721,-0.272,0.962
1852.0,-0.817,3.698,-4.983,0.017,1.026,2,14,0,0.192,0,0,0.066,-0.479,6.832,-4.268,0.732,1.002,2,14,0,0.172,0,0,0.307,-0.646,0.634,-4.453,0.547,1.041,2,14,0,0.180,0,0,0.145,2.169,3.879,-4.470,0.530,1.041,2,14,0,0.175,0,0,0.178,-3.452,3.602,-3.953,1.047,1.026,2,14,0,0.178,0,0,0.105,2.831,0.273,0,0,0.192,-0.697,3.669,-0.367,0.930
1853.0,-1.097,4.596,-4.996,0.004,1.018,2,14,0,0.187,0,0,0.197,-0.922,7.809,-4.324,0.676,1.032,2,14,0,0.174,0,0,0.307,-1.105,1.638,-4.493,0.507,1.066,2,14,0,0.183,0,0,0.138,1.710,4.760,-4.495,0.505,1.028,2,14,0,0.209,0,0,0.123,-3.839,4.503,-3.984,1.016,1.015,2,14,0,0.183,0,0,0.117,2.856,0.297,0,0,0.209,-1.110,4.579,-0.458,0.889
1854.0,-1.520,5.527,-5.032,-0.032,1.069,2,14,0,0.188,0,0,0.283,-1.533,8.661,-4.332,0.668,1.054,2,14,0,0.174,0,0,0.214,-1.531,2.509,-4.475,0.525,1.038,2,14,0,0.177,0,0,0.201,1.232,5.683,-4.544,0.456,1.057,2,14,0,0.181,0,0,0.167,-4.343,5.385,-3.997,1.003,1.029,2,14,0,0.179,0,0,0.126,2.800,0.285,0,0,0.188,-1.611,5.444,-0.544,0.839
1855.0,-2.208,6.413,-5.003,-0.003,1.106,2,14,0,0.159,0,0,0.229,-2.273,9.411,-4.275,0.725,1.057,2,14,0,0.169,0,0,0.082,-2.204,3.299,-4.458,0.542,1.067,2,14,0,0.171,0,0,0.119,0.706,6.538,-4.492,0.508,1.060,2,14,0,0.181,0,0,0.242,-4.948,6.229,-3.994,1.006,1.042,2,14,0,0.180,0,0,0.140,2.926,0.300,0,0,0.181,-2.197,6.254,-0.625,0.780
1856.0,-2.963,7.192,-4.971,0.029,1.092,2,14,0,0.187,0,0,0.199,-3.093,10.076,-4.284,0.716,1.041,2,14,0,0.146,0,0,0.157,-2.907,4.093,-4.460,0.540,1.067,2,14,0,0.180,0,0,0.137,-0.039,7.340,-4.539,0.461,1.083,2,14,0,0.193,0,0,0.223,-5.583,7.000,-3.959,1.041,1.019,2,14,0,0.188,0,0,0.175,2.815,0.383,0,0,0.193,-2.860,7.002,-0.700,0.714
1857.0,-3.792,7.852,-5.006,-0.006,1.049,2,14,0,0.187,0,0,0.162,-3.787,10.762,-4.248,0.752,0.991,2,14,0,0.207,0,0,0.121,-3.698,4.763,-4.430,0.570,1.044,2,14,0,0.178,0,0,0.123,-0.891,8.042,-4.523,0.477,1.071,2,14,0,0.180,0,0,0.204,-6.357,7.694,-3.857,1.143,1.027,2,14,0,0.182,0,0,0.171,2.815,0.469,0,0,0.207,-3.595,7.679,-0.768,0.641
1858.0,-4.665,8.475,-4.996,0.004,1.016,2,14,0,0.192,0,0,0.204,-4.529,11.444,-4.280,0.720,0.985,2,14,0,0.172,0,0,0.109,-4.539,5.407,-4.390,0.610,1.019,2,14,0,0.213,0,0,0.173,-1.766,8.615,-4.473,0.527,1.033,2,14,0,0.177,0,0,0.195,-7.210,8.235,-3.966,1.034,1.018,2,14,0,0.198,0,0,0.100,2.756,0.501,0,0,0.213,-4.394,8.281,-0.828,0.561
1859.0,-5.579,8.980,-5.023,-0.023,0.971,2,14,0,0.184,0,0,0.224,-5.261,12.001,-4.249,0.751,0.951,2,14,0,0.166,0,0,0.142,-5.365,5.939,-4.450,0.550,0.977,2,14,0,0.183,0,0,0.175,-2.580,9.101,-4.528,0.472,0.984,2,14,0,0.180,0,0,0.149,-8.098,8.756,-3.963,1.037,1.018,2,14,0,0.174,0,0,0.106,2.742,0.449,0,0,0.184,-5.248,8.799,-0.880,0.475
1860.0,-6.414,9.390,-5.005,-0.005,0.925,2,14,0,0.203,0,0,0.176,-6.095,12.433,-4.253,0.747,0.995,2,14,0,0.196,0,0,0.186,-6.248,6.282,-4.433,0.567,0.965,2,14,0,0.149,0,0,0.085,-3.531,9.494,-4.548,0.452,0.982,2,14,0,0.185,0,0,0.137,-8.884,9.223,-3.932,1.068,1.002,2,14,0,0.178,0,0,0.168,2.697,0.463,0,0,0.203,-6.150,9.229,-0.923,0.385
1861.0,-7.234,9.700,-5.005,-0.005,0.927,2,14,0,0.195,0,0,0.133,-7.096,12.800,-4.257,0.743,1.052,2,14,0,0.174,0,0,0.174,-7.140,6.630,-4.376,0.624,0.991,2,14,0,0.189,0,0,0.103,-4.466,9.819,-4.502,0.498,0.960,2,14,0,0.219,0,0,0.124,-9.832,9.520,-3.960,1.040,1.046,2,14,0,0.176,0,0,0.132,2.806,0.451,0,0,0.219,-7.091,9.568,-0.957,0.291
1862.0,-8.177,9.857,-4.954,0.046,0.974,2,14,0,0.183,0,0,0.083,-8.189,13.048,-4.323,0.677,1.072,2,14,0,0.173,0,0,0.174,-8.128,6.908,-4.429,0.571,1.029,2,14,0,0.177,0,0,0.132,-5.295,10.054,-4.551,0.449,0.945,2,14,0,0.210,0,0,0.109,-10.965,9.752,-3.970,1.030,1.067,2,14,0,0.177,0,0,0.119,2.916,0.338,0,0,0.210,-8.061,9.810,-0.981,0.194
1863.0,-9.133,10.024,-5.004,-0.004,1.022,2,14,0,0.190,0,0,0.123,-9.177,13.128,-4.285,0.715,1.021,2,14,0,0.173,0,0,0.115,-9.146,7.035,-4.404,0.596,1.033,2,14,0,0.179,0,0,0.112,-6.267,10.229,-4.463,0.537,1.014,2,14,0,0.184,0,0,0.145,-11.944,9.901,-3.938,1.062,1.020,2,14,0,0.175,0,0,0.116,2.923,0.350,0,0,0.190,-9.050,9.955,-0.995,0.095
1864.0,-10.174,10.148,-4.988,0.012,1.080,2,14,0,0.192,0,0,0.157,-10.194,13.201,-4.263,0.737,1.014,2,14,0,0.149,0,0,0.147,-10.125,7.113,-4.480,0.520,1.042,2,14,0,0.181,0,0,0.145,-7.392,10.273,-4.526,0.474,1.067,2,14,0,0.178,0,0,0.122,-12.978,9.973,-3.940,1.060,1.001,2,14,0,0.179,0,0,0.159,2.823,0.439,0,0,0.192,-10.048,10.000,-1.000,-0.005
1865.0,-11.261,10.091,-5.036,-0.036,1.089,2,14,0,0.194,0,0,0.144,-11.111,13.168,-4.287,0.713,1.000,2,14,0,0.187,0,0,0.149,-11.180,7.091,-4.455,0.545,1.055,2,14,0,0.177,0,0,0.181,-8.429,10.229,-4.553,0.447,1.037,2,14,0,0.179,0,0,0.153,-14.023,9.947,-4.010,0.990,0.977,2,14,0,0.177,0,0,0.213,2.876,0.477,0,0,0.194,-11.046,9.945,-0.995,-0.105
1866.0,-12.326,9.882,-4.978,0.022,1.079,2,14,0,0.191,0,0,0.134,-12.090,12.971,-4.297,0.703,1.023,2,14,0,0.172,0,0,0.106,-12.202,6.973,-4.490,0.510,1.036,2,14,0,0.182,0,0,0.225,-9.439,10.055,-4.542,0.458,1.005,2,14,0,0.271,0,0,0.153,-14.997,9.789,-3.996,1.004,0.954,2,14,0,0.245,0,0,0.201,2.848,0.484,0,0,0.271,-12.034,9.791,-0.979,-0.203
1867.0,-13.358,9.657,-5.018,-0.018,1.030,2,14,0,0.191,0,0,0.203,-13.086,12.743,-4.304,0.696,1.050,2,14,0,0.173,0,0,0.129,-13.172,6.710,-4.465,0.535,1.041,2,14,0,0.181,0,0,0.216,-10.383,9.778,-4.443,0.557,1.000,2,14,0,0.184,0,0,0.112,-15.898,9.557,-3.995,1.005,0.948,2,14,0,0.255,0,0,0.179,2.741,0.450,0,0,0.255,-13.001,9.539,-0.954,-0.300
1868.0,-14.316,9.367,-4.986,0.014,0.998,2,14,0,0.186,0,0,0.260,-14.131,12.371,-4.280,0.720,1.064,2,14,0,0.174,0,0,0.158,-14.174,6.259,-4.458,0.542,1.056,2,14,0,0.153,0,0,0.171,-11.304,9.420,-4.523,0.477,1.001,2,14,0,0.176,0,0,0.095,-16.769,9.162,-3.998,1.002,0.986,2,14,0,0.229,0,0,0.116,2.653,0.431,0,0,0.229,-13.939,9.192,-0.919,-0.394
1869.0,-15.182,8.893,-4.971,0.029,0.982,2,14,0,0.198,0,0,0.213,-15.019,11.923,-4.241,0.759,1.024,2,14,0,0.173,0,0,0.145,-15.077,5.746,-4.448,0.552,1.019,2,14,0,0.176,0,0,0.148,-12.199,9.037,-4.573,0.427,1.018,2,14,0,0.178,0,0,0.142,-17.628,8.739,-3.956,1.044,1.028,2,14,0,0.183,0,0,0.135,2.652,0.461,0,0,0.198,-14.837,8.753,-0.875,-0.484
1870.0,-15.944,8.358,-4.948,0.052,0.977,2,14,0,0.222,0,0,0.149,-15.843,11.417,-4.302,0.698,1.009,2,14,0,0.173,0,0,0.144,-15.891,5.166,-4.359,0.641,0.984,2,14,0,0.180,0,0,0.117,-13.149,8.463,-4.536,0.464,1.045,2,14,0,0.185,0,0,0.181,-18.523,8.209,-3.981,1.019,1.077,2,14,0,0.177,0,0,0.129,2.758,0.520,0,0,0.222,-15.686,8.226,-0.823,-0.569
1871.0,-16.687,7.679,-4.985,0.015,1.023,2,14,0,0.200,0,0,0.066,-16.610,10.804,-4.266,0.734,1.036,2,14,0,0.206,0,0,0.126,-16.634,4.540,-4.391,0.609,0.970,2,14,0,0.173,0,0,0.079,-13.934,7.875,-4.484,0.516,1.008,2,14,0,0.177,0,0,0.185,-19.379,7.610,-3.901,1.099,1.086,2,14,0,0.178,0,0,0.160,2.805,0.523,0,0,0.206,-16.479,7.617,-0.762,-0.648
1872.0,-17.382,6.926,-4.984,0.016,1.039,2,14,0,0.204,0,0,0.012,-17.347,10.102,-4.288,0.712,1.057,2,14,0,0.181,0,0,0.115,-17.346,3.917,-4.488,0.512,0.972,2,14,0,0.180,0,0,0.049,-14.641,7.166,-4.480,0.520,1.008,2,14,0,0.189,0,0,0.155,-20.101,6.822,-3.886,1.114,1.089,2,14,0,0.181,0,0,0.079,2.798,0.493,0,0,0.204,-17.207,6.932,-0.693,-0.721
1873.0,-18.059,6.147,-5.005,-0.005,1.044,2,14,0,0.191,0,0,0.031,-18.002,9.352,-4.316,0.684,1.065,2,14,0,0.173,0,0,0.116,-18.063,3.261,-4.483,0.517,0.994,2,14,0,0.180,0,0,0.150,-15.281,6.362,-4.490,0.510,1.015,2,14,0,0.181,0,0,0.120,-20.787,6.008,-3.959,1.041,1.063,2,14,0,0.173,0,0,0.104,2.833,0.456,0,0,0.191,-17.863,6.178,-0.618,-0.786
1874.0,-18.674,5.363,-5.014,-0.014,1.027,2,14,0,0.181,0,0,0.047,-18.661,8.461,-4.322,0.678,1.088,2,14,0,0.174,0,0,0.145,-18.684,2.485,-4.459,0.541,1.027,2,14,0,0.208,0,0,0.208,-15.798,5.565,-4.495,0.505,1.008,2,14,0,0.214,0,0,0.073,-21.362,5.138,-3.984,1.016,1.026,2,14,0,0.178,0,0,0.126,2.888,0.411,0,0,0.214,-18.441,5.362,-0.536,-0.844
1875.0,-19.275,4.561,-5.042,-0.042,1.016,2,14,0,0.204,0,0,0.172,-19.236,7.540,-4.360,0.640,1.051,2,14,0,0.174,0,0,0.228,-19.229,1.630,-4.492,0.508,1.054,2,14,0,0.176,0,0,0.258,-16.215,4.719,-4.470,0.530,1.028,2,14,0,0.177,0,0,0.070,-21.863,4.271,-3.982,1.018,0.983,2,14,0,0.185,0,0,0.131,2.812,0.361,0,0,0.204,-18.934,4.493,-0.449,-0.893
1876.0,-19.834,3.690,-5.040,-0.040,1.012,2,14,0,0.222,0,0,0.333,-19.637,6.594,-4.270,0.730,0.995,2,14,0,0.174,0,0,0.234,-19.577,0.601,-4.456,0.544,1.089,2,14,0,0.176,0,0,0.151,-16.647,3.806,-4.563,0.437,1.058,2,14,0,0.183,0,0,0.071,-22.289,3.411,-3.927,1.073,0.966,2,14,0,0.179,0,0,0.125,2.710,0.508,0,0,0.222,-19.338,3.579,-0.358,-0.934
1877.0,-20.155,2.712,-5.016,-0.016,1.041,2,14,0,0.197,0,0,0.336,-19.812,5.655,-4.242,0.758,0.966,2,14,0,0.171,0,0,0.100,-19.870,-0.398,-4.469,0.531,1.070,2,14,0,0.187,0,0,0.127,-17.064,2.827,-4.605,0.395,1.077,2,14,0,0.171,0,0,0.119,-22.734,2.523,-3.953,1.047,0.975,2,14,0,0.181,0,0,0.266,2.796,0.514,0,0,0.197,-19.648,2.628,-0.263,-0.965
1878.0,-20.277,1.675,-5.031,-0.031,1.064,2,14,0,0.196,0,0,0.235,-20.020,4.702,-4.246,0.754,0.978,2,14,0,0.168,0,0,0.085,-20.035,-1.409,-4.427,0.573,1.055,2,14,0,0.177,0,0,0.082,-17.349,1.811,-4.523,0.477,1.069,2,14,0,0.182,0,0,0.181,-22.900,1.587,-3.973,1.027,0.986,2,14,0,0.183,0,0,0.228,2.830,0.512,0,0,0.196,-19.863,1.652,-0.165,-0.986
1879.0,-20.258,0.601,-4.975,0.025,1.068,2,14,0,0.193,0,0,0.113,-20.138,3.739,-4.334,0.666,0.988,2,14,0,0.185,0,0,0.084,-20.119,-2.494,-4.421,0.579,1.032,2,14,0,0.178,0,0,0.134,-17.520,0.743,-4.502,0.498,1.053,2,14,0,0.178,0,0,0.249,-22.947,0.650,-3.916,1.084,1.035,2,14,0,0.176,0,0,0.199,2.782,0.549,0,0,0.193,-19.978,0.659,-0.066,-0.998
1880.0,-20.167,-0.503,-4.942,0.058,1.052,2,14,0,0.195,0,0,0.168,-20.200,2.770,-4.243,0.757,1.011,2,14,0,0.172,0,0,0.132,-20.096,-3.447,-4.407,0.593,0.977,2,14,0,0.182,0,0,0.082,-17.504,-0.301,-4.505,0.495,1.034,2,14,0,0.179,0,0,0.238,-22.946,-0.402,-3.969,1.031,1.098,2,14,0,0.238,0,0,0.154,2.706,0.511,0,0,0.238,-19.994,-0.340,0.034,-0.999
1881.0,-20.024,-1.539,-4.982,0.018,0.976,2,14,0,0.191,0,0,0.218,-20.118,1.723,-4.292,0.708,1.046,2,14,0,0.175,0,0,0.131,-20.034,-4.418,-4.523,0.477,0.975,2,14,0,0.185,0,0,0.061,-17.383,-1.315,-4.467,0.533,1.003,2,14,0,0.175,0,0,0.220,-22.844,-1.482,-3.934,1.066,1.122,2,14,0,0.176,0,0,0.113,2.700,0.474,0,0,0.191,-19.910,-1.336,0.134,-0.991
1882.0,-19.913,-2.408,-4.986,0.014,0.914,2,14,0,0.194,0,0,0.087,-19.982,0.736,-4.260,0.740,1.050,2,14,0,0.172,0,0,0.180,-19.911,-5.421,-4.410,0.590,0.987,2,14,0,0.185,0,0,0.117,-17.202,-2.254,-4.522,0.478,0.984,2,14,0,0.178,0,0,0.196,-22.619,-2.585,-3.963,1.037,1.111,2,14,0,0.176,0,0,0.139,2.755,0.479,0,0,0.194,-19.727,-2.319,0.232,-0.973
1883.0,-19.716,-3.257,-4.985,0.015,0.926,2,14,0,0.183,0,0,0.094,-19.640,-0.280,-4.277,0.723,1.059,2,14,0,0.172,0,0,0.140,-19.764,-6.421,-4.409,0.591,0.990,2,14,0,0.177,0,0,0.244,-16.867,-3.136,-4.549,0.451,1.004,2,14,0,0.187,0,0,0.120,-22.336,-3.608,-3.976,1.024,1.044,2,14,0,0.173,0,0,0.195,2.829,0.443,0,0,0.187,-19.447,-3.279,0.328,-0.945
1884.0,-19.390,-4.201,-4.995,0.005,0.998,2,14,0,0.194,0,0,0.139,-19.188,-1.275,-4.304,0.696,1.044,2,14,0,0.176,0,0,0.150,-19.424,-7.329,-4.404,0.596,0.994,2,14,0,0.201,0,0,0.271,-16.368,-4.031,-4.532,0.468,1.040,2,14,0,0.180,0,0,0.023,-21.995,-4.529,-3.932,1.068,0.983,2,14,0,0.181,0,0,0.204,2.832,0.373,0,0,0.201,-19.073,-4.205,0.421,-0.907
1885.0,-19.010,-5.060,-4.972,0.028,1.043,2,14,0,0.191,0,0,0.223,-18.784,-2.187,-4.264,0.736,0.989,2,14,0,0.174,0,0,0.201,-18.896,-8.169,-4.539,0.461,1.036,2,14,0,0.180,0,0,0.199,-15.876,-4.927,-4.542,0.458,1.047,2,14,0,0.184,0,0,0.037,-21.477,-5.380,-3.977,1.023,0.965,2,14,0,0.173,0,0,0.152,2.679,0.403,0,0,0.191,-18.608,-5.090,0.509,-0.861
1886.0,-18.415,-5.948,-4.923,0.077,1.103,2,14,0,0.192,0,0,0.180,-18.170,-2.953,-4.320,0.680,0.982,2,14,0,0.172,0,0,0.114,-18.220,-8.962,-4.474,0.526,1.064,2,14,0,0.184,0,0,0.066,-15.361,-5.809,-4.480,0.520,1.032,2,14,0,0.182,0,0,0.043,-20.881,-6.132,-4.002,0.998,0.955,2,14,0,0.179,0,0,0.062,2.639,0.359,0,0,0.192,-18.056,-5.924,0.592,-0.806
1887.0,-17.732,-6.792,-5.003,-0.003,1.119,2,14,0,0.223,0,0,0.160,-17.499,-3.680,-4.317,0.683,0.983,2,14,0,0.148,0,0,0.060,-17.519,-9.769,-4.470,0.530,1.070,2,14,0,0.179,0,0,0.044,-14.829,-6.621,-4.510,0.490,1.014,2,14,0,0.184,0,0,0.126,-20.222,-6.877,-4.018,0.982,0.980,2,14,0,0.178,0,0,0.035,2.679,0.411,0,0,0.223,-17.425,-6.699,0.670,-0.742
1888.0,-17.006,-7.595,-5.074,-0.074,1.100,2,14,0,0.191,0,0,0.221,-16.854,-4.406,-4.223,0.777,0.996,2,14,0,0.170,0,0,0.093,-16.855,-10.470,-4.473,0.527,1.037,2,14,0,0.173,0,0,0.050,-14.131,-7.348,-4.523,0.477,1.026,2,14,0,0.213,0,0,0.146,-19.666,-7.646,-3.929,1.071,0.983,2,14,0,0.175,0,0,0.153,2.896,0.417,0,0,0.213,-16.719,-7.406,0.741,-0.672
1889.0,-16.182,-8.275,-5.082,-0.082,1.065,2,14,0,0.186,0,0,0.246,-16.049,-5.086,-4.185,0.815,1.006,2,14,0,0.148,0,0,0.125,-16.098,-11.157,-4.480,0.520,1.044,2,14,0,0.175,0,0,0.102,-13.374,-8.051,-4.495,0.505,1.047,2,14,0,0.180,0,0,0.207,-19.000,-8.303,-3.982,1.018,1.023,2,14,0,0.177,0,0,0.259,2.877,0.429,0,0,0.186,-15.946,-8.040,0.804,-0.595
1890.0,-15.282,-8.773,-4.979,0.021,1.018,2,14,0,0.191,0,0,0.185,-15.265,-5.637,-4.325,0.675,0.999,2,14,0,0.180,0,0,0.139,-15.277,-11.682,-4.445,0.555,1.036,2,14,0,0.207,0,0,0.088,-12.510,-8.661,-4.470,0.530,1.055,2,14,0,0.186,0,0,0.241,-18.086,-8.801,-3.959,1.041,1.082,2,14,0,0.179,0,0,0.167,2.821,0.402,0,0,0.207,-15.114,-8.594,0.859,-0.511
1891.0,-14.359,-9.129,-5.007,-0.007,0.997,2,14,0,0.194,0,0,0.089,-14.425,-6.154,-4.345,0.655,1.031,2,14,0,0.170,0,0,0.204,-14.381,-12.178,-4.424,0.576,1.036,2,14,0,0.174,0,0,0.101,-11.596,-9.156,-4.471,0.529,1.043,2,14,0,0.182,0,0,0.259,-17.095,-9.273,-3.967,1.033,1.112,2,14,0,0.181,0,0,0.080,2.814,0.378,0,0,0.194,-14.230,-9.061,0.906,-0.423
1892.0,-13.382,-9.467,-4.992,0.008,0.992,2,14,0,0.195,0,0,0.108,-13.417,-6.505,-4.332,0.668,1.062,2,14,0,0.246,0,0,0.145,-13.439,-12.604,-4.435,0.565,1.048,2,14,0,0.185,0,0,0.141,-10.571,-9.464,-4.539,0.461,1.047,2,14,0,0.442,0,0,0.189,-16.009,-9.707,-3.956,1.044,1.101,2,14,0,0.217,0,0,0.163,2.834,0.400,0,0,0.442,-13.304,-9.438,0.944,-0.330
1893.0,-12.432,-9.786,-5.007,-0.007,0.967,2,14,0,0.197,0,0,0.110,-12.455,-6.813,-4.236,0.764,1.051,2,14,0,0.194,0,0,0.170,-12.429,-12.978,-4.469,0.531,1.046,2,14,0,0.342,0,0,0.230,-9.573,-9.660,-4.522,0.478,1.014,2,14,0,0.208,0,0,0.125,-15.021,-10.034,-3.977,1.023,1.011,2,14,0,0.180,0,0,0.224,2.798,0.451,0,0,0.342,-12.346,-9.721,0.972,-0.235
1894.0,-11.491,-9.991,-4.983,0.017,0.954,2,14,0,0.192,0,0,0.100,-11.383,-6.959,-4.283,0.717,1.065,2,14,0,0.144,0,0,0.141,-11.510,-13.194,-4.439,0.561,1.014,2,14,0,0.399,0,0,0.262,-8.632,-9.811,-4.537,0.463,0.998,2,14,0,0.174,0,0,0.071,-14.100,-10.206,-3.965,1.035,0.947,2,14,0,0.177,0,0,0.177,2.808,0.399,0,0,0.399,-11.363,-9.907,0.991,-0.136
1895.0,-10.591,-10.131,-4.966,0.034,0.968,2,14,0,0.197,0,0,0.150,-10.282,-6.990,-4.300,0.700,1.026,2,14,0,0.223,0,0,0.179,-10.527,-13.217,-4.458,0.542,1.046,2,14,0,0.214,0,0,0.201,-7.636,-9.907,-4.560,0.440,0.989,2,14,0,0.181,0,0,0.078,-13.198,-10.282,-3.930,1.070,0.952,2,14,0,0.199,0,0,0.144,2.810,0.335,0,0,0.223,-10.368,-9.993,0.999,-0.037
1896.0,-9.670,-10.156,-4.968,0.032,1.006,2,14,0,0.194,0,0,0.222,-9.348,-6.980,-4.361,0.639,0.964,2,14,0,0.172,0,0,0.124,-9.459,-13.104,-4.456,0.544,1.066,2,14,0,0.179,0,0,0.095,-6.703,-9.861,-4.547,0.453,0.987,2,14,0,0.194,0,0,0.050,-12.253,-10.202,-3.974,1.026,0.986,2,14,0,0.180,0,0,0.099,2.768,0.355,0,0,0.194,-9.368,-9.980,0.998,0.063
1897.0,-8.691,-10.000,-4.974,0.026,1.086,2,14,0,0.188,0,0,0.193,-8.438,-6.918,-4.303,0.697,0.954,2,14,0,0.173,0,0,0.125,-8.407,-12.956,-4.442,0.558,1.061,2,14,0,0.151,0,0,0.090,-5.715,-9.847,-4.539,0.461,1.019,2,14,0,0.180,0,0,0.137,-11.230,-10.060,-3.923,1.077,1.040,2,14,0,0.199,0,0,0.057,2.748,0.343,0,0,0.199,-8.375,-9.867,0.987,0.163
1898.0,-7.562,-9.749,-4.942,0.058,1.135,2,14,0,0.165,0,0,0.101,-7.495,-6.768,-4.280,0.720,0.987,2,14,0,0.174,0,0,0.186,-7.364,-12.655,-4.431,0.569,1.034,2,14,0,0.179,0,0,0.146,-4.687,-9.673,-4.478,0.522,1.055,2,14,0,0.179,0,0,0.172,-10.220,-9.897,-3.914,1.086,1.050,2,14,0,0.175,0,0,0.096,2.854,0.300,0,0,0.179,-7.398,-9.656,0.966,0.260
1899.0,-6.496,-9.423,-4.963,0.037,1.108,2,14,0,0.194,0,0,0.149,-6.560,-6.489,-4.260,0.740,1.038,2,14,0,0.173,0,0,0.217,-6.343,-12.411,-4.403,0.597,0.986,2,14,0,0.435,0,0,0.215,-3.688,-9.340,-4.484,0.516,1.072,2,14,0,0.174,0,0,0.159,-9.195,-9.636,-3.963,1.037,1.069,2,14,0,0.230,0,0,0.162,2.849,0.383,0,0,0.435,-6.447,-9.348,0.935,0.355
1900.0,-5.469,-9.023,-5.059,-0.059,1.054,2,14,0,0.195,0,0,0.251,-5.579,-5.976,-4.269,0.731,1.097,2,14,0,0.149,0,0,0.110,-5.526,-12.067,-4.438,0.562,0.925,2,14,0,0.183,0,0,0.143,-2.689,-8.902,-4.500,0.500,1.059,2,14,0,0.233,0,0,0.185,-8.223,-9.199,-3.957,1.043,1.056,2,14,0,0.213,0,0,0.170,2.838,0.399,0,0,0.233,-5.532,-8.946,0.895,0.447
1901.0,-4.597,-8.581,-5.031,-0.031,0.984,2,14,0,0.189,0,0,0.273,-4.642,-5.389,-4.283,0.717,1.087,2,14,0,0.172,0,0,0.098,-4.743,-11.630,-4.484,0.516,0.954,2,14,0,0.182,0,0,0.143,-1.813,-8.373,-4.480,0.520,1.029,2,14,0,0.172,0,0,0.164,-7.240,-8.684,-3.957,1.043,1.032,2,14,0,0.176,0,0,0.258,2.845,0.479,0,0,0.189,-4.661,-8.455,0.846,0.534
1902.0,-3.851,-7.950,-4.957,0.043,0.962,2,14,0,0.188,0,0,0.188,-3.720,-4.792,-4.264,0.736,1.040,2,14,0,0.201,0,0,0.201,-3.924,-11.058,-4.450,0.550,1.017,2,14,0,0.208,0,0,0.147,-1.014,-7.778,-4.506,0.494,1.010,2,14,0,0.173,0,0,0.141,-6.472,-8.083,-3.900,1.100,0.973,2,14,0,0.149,0,0,0.203,2.829,0.423,0,0,0.208,-3.843,-7.880,0.788,0.616
1903.0,-3.180,-7.219,-4.972,0.028,0.970,2,14,0,0.190,0,0,0.083,-2.944,-4.110,-4.225,0.775,0.975,2,14,0,0.173,0,0,0.227,-3.058,-10.340,-4.458,0.542,1.072,2,14,0,0.177,0,0,0.153,-0.257,-7.119,-4.446,0.554,0.991,2,14,0,0.202,0,0,0.144,-5.823,-7.520,-3.928,1.072,0.959,2,14,0,0.178,0,0,0.172,2.858,0.395,0,0,0.202,-3.087,-7.226,0.723,0.691
1904.0,-2.593,-6.468,-4.997,0.003,0.979,2,14,0,0.195,0,0,0.029,-2.307,-3.475,-4.221,0.779,0.922,2,14,0,0.146,0,0,0.180,-2.350,-9.631,-4.466,0.534,1.040,2,14,0,0.179,0,0,0.179,0.358,-6.369,-4.473,0.527,0.983,2,14,0,0.311,0,0,0.068,-5.158,-6.749,-3.961,1.039,1.022,2,14,0,0.182,0,0,0.123,2.782,0.347,0,0,0.311,-2.400,-6.500,0.650,0.760
1905.0,-1.951,-5.744,-5.041,-0.041,0.994,2,14,0,0.187,0,0,0.045,-1.749,-2.694,-4.294,0.706,0.957,2,14,0,0.184,0,0,0.132,-1.689,-8.829,-4.453,0.547,1.033,2,14,0,0.172,0,0,0.221,1.046,-5.581,-4.463,0.537,0.998,2,14,0,0.183,0,0,0.139,-4.585,-5.904,-4.016,0.984,1.051,2,14,0,0.180,0,0,0.062,2.831,0.283,0,0,0.187,-1.790,-5.709,0.571,0.821
1906.0,-1.334,-4.906,-5.009,-0.009,1.029,2,14,0,0.192,0,0,0.118,-1.249,-1.890,-4.322,0.678,0.980,2,14,0,0.172,0,0,0.132,-1.290,-7.937,-4.397,0.603,1.031,2,14,0,0.176,0,0,0.084,1.645,-4.730,-4.589,0.411,0.992,2,14,0,0.185,0,0,0.213,-4.002,-4.932,-3.964,1.036,1.071,2,14,0,0.183,0,0,0.110,2.865,0.269,0,0,0.192,-1.261,-4.860,0.486,0.874
1907.0,-0.748,-3.998,-4.944,0.056,1.033,2,14,0,0.206,0,0,0.255,-0.846,-1.005,-4.306,0.694,1.029,2,14,0,0.193,0,0,0.125,-0.881,-7.007,-4.451,0.549,1.039,2,14,0,0.315,0,0,0.039,2.059,-3.762,-4.522,0.478,1.007,2,14,0,0.153,0,0,0.189,-3.548,-4.052,-3.966,1.034,1.012,2,14,0,0.232,0,0,0.110,2.848,0.285,0,0,0.315,-0.819,-3.964,0.396,0.918
1908.0,-0.401,-2.996,-4.950,0.050,1.013,2,14,0,0.193,0,0,0.250,-0.529,0.006,-4.263,0.737,1.079,2,14,0,0.173,0,0,0.042,-0.536,-6.042,-4.444,0.556,1.041,2,14,0,0.174,0,0,0.038,2.365,-2.803,-4.520,0.480,0.979,2,14,0,0.184,0,0,0.157,-3.123,-3.145,-3.979,1.021,0.986,2,14,0,0.183,0,0,0.172,2.807,0.366,0,0,0.193,-0.469,-3.027,0.303,0.953
1909.0,-0.284,-2.010,-5.048,-0.048,0.995,2,14,0,0.186,0,0,0.121,-0.256,1.012,-4.267,0.733,1.076,2,14,0,0.173,0,0,0.034,-0.212,-5.022,-4.471,0.529,1.042,2,14,0,0.171,0,0,0.123,2.593,-1.897,-4.456,0.544,0.963,2,14,0,0.182,0,0,0.112,-2.850,-2.222,-3.919,1.081,0.981,2,14,0,0.178,0,0,0.188,2.812,0.399,0,0,0.186,-0.215,-2.061,0.206,0.979
1910.0,-0.163,-1.081,-4.979,0.021,0.991,2,14,0,0.195,0,0,0.077,-0.056,2.099,-4.288,0.712,1.058,2,14,0,0.186,0,0,0.128,0.017,-3.982,-4.446,0.554,1.005,2,14,0,0.176,0,0,0.219,2.731,-0.996,-4.552,0.448,0.980,2,14,0,0.185,0,0,0.118,-2.744,-1.247,-3.949,1.051,1.002,2,14,0,0.284,0,0,0.140,2.784,0.358,0,0,0.284,-0.058,-1.074,0.107,0.994
1911.0,-0.128,-0.148,-5.015,-0.015,1.014,2,14,0,0.188,0,0,0.101,0.113,3.039,-4.276,0.724,0.999,2,14,0,0.202,0,0,0.192,0.071,-3.062,-4.458,0.542,0.949,2,14,0,0.174,0,0,0.179,2.742,0.015,-4.487,0.513,1.040,2,14,0,0.182,0,0,0.075,-2.657,-0.228,-3.952,1.048,1.025,2,14,0,0.179,0,0,0.167,2.744,0.376,0,0,0.202,-0.000,-0.076,0.008,1.000
1912.0,-0.228,0.909,-5.044,-0.044,1.064,2,14,0,0.211,0,0,0.020,0.152,4.033,-4.348,0.652,0.999,2,14,0,0.175,0,0,0.274,0.083,-2.121,-4.452,0.548,0.959,2,14,0,0.206,0,0,0.222,2.719,1.039,-4.505,0.495,1.059,2,14,0,0.178,0,0,0.074,-2.712,0.821,-4.000,1.000,1.042,2,14,0,0.176,0,0,0.160,2.696,0.346,0,0,0.211,-0.043,0.923,-0.092,0.996
1913.0,-0.286,1.971,-5.010,-0.010,1.057,2,14,0,0.221,0,0,0.092,-0.007,5.034,-4.333,0.667,1.026,2,14,0,0.172,0,0,0.258,0.021,-1.138,-4.475,0.525,1.024,2,14,0,0.181,0,0,0.301,2.583,2.134,-4.555,0.445,1.078,2,14,0,0.182,0,0,0.098,-2.867,1.889,-4.043,0.957,1.056,2,14,0,0.175,0,0,0.186,2.758,0.321,0,0,0.221,-0.185,1.913,-0.191,0.982
1914.0,-0.349,2.972,-4.994,0.006,1.037,2,14,0,0.187,0,0,0.269,-0.279,5.969,-4.272,0.728,1.041,2,14,0,0.200,0,0,0.223,-0.312,-0.081,-4.417,0.583,1.086,2,14,0,0.185,0,0,0.222,2.451,3.172,-4.518,0.482,1.035,2,14,0,0.178,0,0,0.223,-3.039,2.893,-3.922,1.078,1.008,2,14,0,0.175,0,0,0.260,2.847,0.385,0,0,0.200,-0.425,2.883,-0.288,0.958
1915.0,-0.586,3.966,-4.995,0.005,1.040,2,14,0,0.191,0,0,0.381,-0.683,6.978,-4.290,0.710,1.082,2,14,0,0.174,0,0,0.172,-0.819,0.845,-4.430,0.570,1.074,2,14,0,0.254,0,0,0.068,2.164,4.103,-4.486,0.514,0.995,2,14,0,0.180,0,0,0.259,-3.435,3.755,-3.937,1.063,0.993,2,14,0,0.176,0,0,0.167,2.800,0.333,0,0,0.254,-0.760,3.824,-0.382,0.924
1916.0,-1.143,4.843,-4.958,0.042,1.059,2,14,0,0.186,0,0,0.252,-1.227,7.926,-4.338,0.662,1.064,2,14,0,0.177,0,0,0.134,-1.381,1.755,-4.444,0.556,1.043,2,14,0,0.187,0,0,0.114,1.771,4.929,-4.517,0.483,0.999,2,14,0,0.181,0,0,0.263,-3.853,4.591,-4.049,0.951,0.999,2,14,0,0.171,0,0,0.159,2.870,0.362,0,0,0.187,-1.188,4.728,-0.473,0.881
1917.0,-1.826,5.653,-4.982,0.018,1.076,2,14,0,0.196,0,0,0.087,-1.722,8.732,-4.257,0.743,1.024,2,14,0,0.172,0,0,0.096,-1.898,2.606,-4.383,0.617,1.018,2,14,0,0.179,0,0,0.119,1.254,5.820,-4.473,0.527,1.074,2,14,0,0.238,0,0,0.273,-4.396,5.420,-4.020,0.980,1.064,2,14,0,0.184,0,0,0.132,2.754,0.349,0,0,0.238,-1.704,5.584,-0.558,0.830
1918.0,-2.522,6.479,-4.990,0.010,1.060,2,14,0,0.314,0,0,0.089,-2.420,9.526,-4.232,0.768,1.030,2,14,0,0.209,0,0,0.084,-2.444,3.463,-4.394,0.606,0.985,2,14,0,0.208,0,0,0.128,0.496,6.713,-4.470,0.530,1.124,2,14,0,0.202,0,0,0.202,-5.140,6.283,-3.910,1.090,1.112,2,14,0,0.147,0,0,0.046,2.839,0.385,0,0,0.314,-2.303,6.384,-0.638,0.770
1919.0,-3.286,7.255,-5.004,-0.004,1.022,2,14,0,0.191,0,0,0.173,-3.097,10.268,-4.259,0.741,1.008,2,14,0,0.174,0,0,0.087,-3.034,4.210,-4.439,0.561,0.966,2,14,0,0.220,0,0,0.132,-0.313,7.502,-4.535,0.465,1.099,2,14,0,0.176,0,0,0.230,-5.890,7.072,-3.956,1.044,1.065,2,14,0,0.175,0,0,0.130,2.813,0.507,0,0,0.220,-2.979,7.121,-0.712,0.702
1920.0,-3.983,7.927,-4.994,0.006,0.965,2,14,0,0.198,0,0,0.150,-3.757,10.945,-4.296,0.704,0.988,2,14,0,0.377,0,0,0.096,-3.633,4.881,-4.445,0.555,0.964,2,14,0,0.187,0,0,0.225,-1.208,8.147,-4.555,0.445,1.014,2,14,0,0.418,0,0,0.277,-6.621,7.812,-3.912,1.088,1.011,2,14,0,0.177,0,0,0.186,2.819,0.603,0,0,0.418,-3.725,7.786,-0.779,0.628
1921.0,-4.631,8.523,-4.949,0.051,0.949,2,14,0,0.194,0,0,0.167,-4.536,11.558,-4.336,0.664,1.008,2,14,0,0.172,0,0,0.131,-4.427,5.468,-4.465,0.535,1.031,2,14,0,0.281,0,0,0.238,-2.035,8.618,-4.570,0.430,0.920,2,14,0,0.184,0,0,0.222,-7.360,8.473,-3.933,1.067,0.960,2,14,0,0.309,0,0,0.240,2.625,0.558,0,0,0.309,-4.534,8.374,-0.837,0.547
1922.0,-5.456,9.006,-4.969,0.031,0.989,2,14,0,0.190,0,0,0.177,-5.328,12.141,-4.260,0.740,1.035,2,14,0,0.173,0,0,0.237,-5.341,5.997,-4.449,0.551,1.084,2,14,0,0.174,0,0,0.210,-2.819,9.038,-4.540,0.460,0.887,2,14,0,0.182,0,0,0.124,-8.146,8.954,-3.883,1.117,0.945,2,14,0,0.178,0,0,0.234,2.672,0.451,0,0,0.190,-5.397,8.878,-0.888,0.460
1923.0,-6.417,9.406,-5.005,-0.005,1.037,2,14,0,0.181,0,0,0.132,-6.299,12.578,-4.223,0.777,1.056,2,14,0,0.180,0,0,0.228,-6.374,6.411,-4.431,0.569,1.108,2,14,0,0.175,0,0,0.155,-3.663,9.482,-4.588,0.412,0.898,2,14,0,0.177,0,0,0.069,-8.976,9.298,-4.020,0.980,0.989,2,14,0,0.182,0,0,0.215,2.744,0.404,0,0,0.182,-6.306,9.293,-0.929,0.369
1924.0,-7.362,9.654,-5.044,-0.044,1.051,2,14,0,0.195,0,0,0.078,-7.278,12.869,-4.276,0.724,1.058,2,14,0,0.179,0,0,0.188,-7.414,6.726,-4.484,0.516,1.075,2,14,0,0.183,0,0,0.156,-4.462,9.830,-4.540,0.460,0.921,2,14,0,0.188,0,0,0.105,-10.023,9.562,-4.034,0.966,1.067,2,14,0,0.257,0,0,0.106,2.847,0.300,0,0,0.257,-7.252,9.615,-0.962,0.275
1925.0,-8.397,9.932,-5.004,-0.004,1.085,2,14,0,0.197,0,0,0.086,-8.287,13.025,-4.293,0.707,1.051,2,14,0,0.178,0,0,0.113,-8.392,6.951,-4.510,0.490,1.026,2,14,0,0.181,0,0,0.158,-5.322,10.145,-4.541,0.459,1.005,2,14,0,0.188,0,0,0.253,-11.106,9.782,-4.001,0.999,1.071,2,14,0,0.180,0,0,0.097,2.893,0.319,0,0,0.197,-8.226,9.841,-0.984,0.177
1926.0,-9.460,10.135,-4.990,0.010,1.066,2,14,0,0.193,0,0,0.168,-9.315,13.088,-4.310,0.690,1.060,2,14,0,0.186,0,0,0.052,-9.356,7.049,-4.489,0.511,1.009,2,14,0,0.182,0,0,0.122,-6.378,10.335,-4.513,0.487,1.099,2,14,0,0.187,0,0,0.252,-12.099,9.939,-3.989,1.011,1.039,2,14,0,0.177,0,0,0.130,2.829,0.399,0,0,0.193,-9.217,9.969,-0.997,0.078
1927.0,-10.468,10.212,-4.967,0.033,1.034,2,14,0,0.196,0,0,0.221,-10.419,13.153,-4.314,0.686,1.046,2,14,0,0.210,0,0,0.154,-10.388,7.071,-4.476,0.524,1.009,2,14,0,0.183,0,0,0.129,-7.476,10.353,-4.526,0.474,1.136,2,14,0,0.155,0,0,0.206,-13.103,9.985,-3.978,1.022,1.021,2,14,0,0.181,0,0,0.147,2.824,0.440,0,0,0.210,-10.216,9.998,-1.000,-0.022
1928.0,-11.522,10.122,-4.982,0.018,1.029,2,14,0,0.192,0,0,0.229,-11.425,13.139,-4.274,0.726,0.997,2,14,0,0.171,0,0,0.195,-11.353,7.029,-4.482,0.518,0.993,2,14,0,0.234,0,0,0.139,-8.603,10.206,-4.524,0.476,1.123,2,14,0,0.278,0,0,0.153,-14.077,9.877,-3.941,1.059,1.005,2,14,0,0.299,0,0,0.104,2.770,0.480,0,0,0.299,-11.213,9.926,-0.993,-0.121
1929.0,-12.541,9.941,-5.005,-0.005,0.996,2,14,0,0.199,0,0,0.242,-12.352,13.000,-4.241,0.759,0.970,2,14,0,0.177,0,0,0.189,-12.363,6.892,-4.480,0.520,1.013,2,14,0,0.180,0,0,0.180,-9.627,10.031,-4.468,0.532,1.064,2,14,0,0.193,0,0,0.177,-15.027,9.722,-3.929,1.071,1.007,2,14,0,0.180,0,0,0.113,2.718,0.510,0,0,0.199,-12.198,9.755,-0.976,-0.220
1930.0,-13.513,9.622,-4.951,0.049,0.990,2,14,0,0.193,0,0,0.211,-13.304,12.696,-4.253,0.747,0.996,2,14,0,0.174,0,0,0.152,-13.351,6.560,-4.433,0.567,1.026,2,14,0,0.175,0,0,0.144,-10.570,9.780,-4.501,0.499,1.023,2,14,0,0.209,0,0,0.172,-16.055,9.438,-3.972,1.028,1.045,2,14,0,0.182,0,0,0.119,2.730,0.503,0,0,0.209,-13.161,9.487,-0.949,-0.316
1931.0,-14.424,9.203,-5.017,-0.017,0.976,2,14,0,0.193,0,0,0.162,-14.225,12.293,-4.325,0.675,1.010,2,14,0,0.176,0,0,0.112,-14.218,6.173,-4.424,0.576,1.004,2,14,0,0.180,0,0,0.083,-11.540,9.409,-4.462,0.538,1.013,2,14,0,0.199,0,0,0.194,-17.015,9.096,-4.000,1.000,1.025,2,14,0,0.180,0,0,0.154,2.786,0.531,0,0,0.199,-14.093,9.124,-0.912,-0.409
1932.0,-15.246,8.721,-5.000,0.000,0.967,2,14,0,0.164,0,0,0.094,-15.120,11.818,-4.276,0.724,1.024,2,14,0,0.178,0,0,0.095,-15.074,5.732,-4.476,0.524,1.031,2,14,0,0.179,0,0,0.090,-12.416,8.893,-4.493,0.507,1.010,2,14,0,0.194,0,0,0.149,-17.908,8.599,-3.953,1.047,1.024,2,14,0,0.190,0,0,0.126,2.863,0.487,0,0,0.194,-14.983,8.670,-0.867,-0.498
1933.0,-15.998,8.135,-5.013,-0.013,0.988,2,14,0,0.217,0,0,0.007,-15.985,11.258,-4.344,0.656,1.022,2,14,0,0.180,0,0,0.104,-16.005,5.200,-4.451,0.549,1.051,2,14,0,0.179,0,0,0.131,-13.212,8.290,-4.501,0.499,0.997,2,14,0,0.183,0,0,0.090,-18.843,8.043,-3.971,1.029,1.022,2,14,0,0.205,0,0,0.205,2.837,0.420,0,0,0.217,-15.824,8.129,-0.813,-0.582
1934.0,-16.728,7.517,-5.009,-0.009,1.011,2,14,0,0.192,0,0,0.066,-16.744,10.622,-4.350,0.650,1.032,2,14,0,0.175,0,0,0.075,-16.824,4.543,-4.418,0.582,1.063,2,14,0,0.177,0,0,0.137,-13.948,7.654,-4.497,0.503,0.992,2,14,0,0.216,0,0,0.036,-19.600,7.442,-3.961,1.039,0.976,2,14,0,0.188,0,0,0.189,2.830,0.372,0,0,0.216,-16.606,7.507,-0.751,-0.661
1935.0,-17.539,6.796,-4.989,0.011,1.057,2,14,0,0.199,0,0,0.040,-17.489,9.901,-4.273,0.727,1.028,2,14,0,0.174,0,0,0.094,-17.516,3.816,-4.474,0.526,1.034,2,14,0,0.179,0,0,0.103,-14.663,7.016,-4.536,0.464,0.999,2,14,0,0.215,0,0,0.063,-20.199,6.751,-4.001,0.999,0.979,2,14,0,0.183,0,0,0.104,2.838,0.398,0,0,0.215,-17.323,6.810,-0.681,-0.732
1936.0,-18.271,6.084,-5.037,-0.037,1.027,2,14,0,0.238,0,0,0.125,-18.145,9.171,-4.298,0.702,1.015,2,14,0,0.175,0,0,0.116,-18.225,3.041,-4.453,0.547,1.024,2,14,0,0.272,0,0,0.169,-15.392,6.229,-4.523,0.477,1.033,2,14,0,0.178,0,0,0.128,-20.787,6.037,-3.958,1.042,1.022,2,14,0,0.241,0,0,0.137,2.738,0.464,0,0,0.272,-17.966,6.045,-0.605,-0.797
1937.0,-18.930,5.347,-5.084,-0.084,1.009,2,14,0,0.196,0,0,0.250,-18.727,8.387,-4.268,0.732,1.000,2,14,0,0.174,0,0,0.152,-18.834,2.234,-4.434,0.566,0.998,2,14,0,0.194,0,0,0.215,-16.002,5.424,-4.537,0.463,1.005,2,14,0,0.192,0,0,0.179,-21.504,5.173,-3.950,1.050,1.087,2,14,0,0.305,0,0,0.181,2.818,0.515,0,0,0.305,-18.530,5.220,-0.522,-0.853
1938.0,-19.407,4.501,-4.976,0.024,1.027,2,14,0,0.195,0,0,0.267,-19.196,7.569,-4.267,0.733,1.031,2,14,0,0.175,0,0,0.188,-19.269,1.323,-4.501,0.499,0.993,2,14,0,0.205,0,0,0.166,-16.484,4.511,-4.547,0.453,1.013,2,14,0,0.184,0,0,0.175,-22.007,4.229,-3.968,1.032,1.073,2,14,0,0.180,0,0,0.178,2.802,0.505,0,0,0.205,-19.008,4.342,-0.434,-0.901
1939.0,-19.770,3.509,-4.975,0.025,1.069,2,14,0,0.189,0,0,0.210,-19.602,6.552,-4.306,0.694,1.078,2,14,0,0.174,0,0,0.140,-19.626,0.403,-4.397,0.603,0.997,2,14,0,0.176,0,0,0.134,-16.809,3.557,-4.527,0.473,1.004,2,14,0,0.198,0,0,0.116,-22.398,3.293,-3.979,1.021,1.044,2,14,0,0.196,0,0,0.177,2.818,0.434,0,0,0.198,-19.397,3.421,-0.342,-0.940
1940.0,-19.972,2.460,-4.942,0.058,1.078,2,14,0,0.228,0,0,0.098,-19.913,5.515,-4.227,0.773,1.080,2,14,0,0.179,0,0,0.149,-19.873,-0.533,-4.498,0.502,1.010,2,14,0,0.180,0,0,0.089,-17.056,2.665,-4.508,0.492,1.001,2,14,0,0.179,0,0,0.075,-22.663,2.346,-3.922,1.078,1.033,2,14,0,0.173,0,0,0.150,2.880,0.416,0,0,0.228,-19.691,2.466,-0.247,-0.969
1941.0,-20.154,1.407,-4.984,0.016,1.058,2,14,0,0.194,0,0,0.112,-20.082,4.460,-4.273,0.727,1.048,2,14,0,0.187,0,0,0.156,-19.966,-1.477,-4.443,0.557,1.031,2,14,0,0.203,0,0,0.058,-17.283,1.670,-4.471,0.529,1.031,2,14,0,0.180,0,0,0.096,-22.804,1.268,-3.959,1.041,1.044,2,14,0,0.180,0,0,0.117,2.844,0.435,0,0,0.203,-19.889,1.486,-0.149,-0.989
1942.0,-20.290,0.430,-4.967,0.033,1.012,2,14,0,0.201,0,0,0.139,-20.140,3.466,-4.297,0.703,0.996,2,14,0,0.172,0,0,0.130,-20.123,-2.511,-4.362,0.638,1.064,2,14,0,0.176,0,0,0.045,-17.409,0.651,-4.514,0.486,1.041,2,14,0,0.208,0,0,0.120,-22.868,0.257,-3.943,1.057,1.008,2,14,0,0.179,0,0,0.106,2.779,0.450,0,0,0.208,-19.988,0.491,-0.049,-0.999
1943.0,-20.371,-0.580,-5.000,0.000,1.012,2,14,0,0.194,0,0,0.217,-20.153,2.526,-4.300,0.700,0.972,2,14,0,0.204,0,0,0.100,-20.177,-3.503,-4.398,0.602,1.052,2,14,0,0.187,0,0,0.096,-17.397,-0.362,-4.475,0.525,1.044,2,14,0,0.183,0,0,0.107,-22.919,-0.753,-3.945,1.055,0.992,2,14,0,0.181,0,0,0.147,2.763,0.435,0,0,0.204,-19.987,-0.508,0.051,-0.999
1944.0,-20.261,-1.594,-5.020,-0.020,1.001,2,14,0,0.188,0,0,0.214,-20.116,1.543,-4.245,0.755,0.988,2,14,0,0.173,0,0,0.156,-20.168,-4.567,-4.466,0.534,1.069,2,14,0,0.178,0,0,0.185,-17.313,-1.338,-4.523,0.477,1.040,2,14,0,0.228,0,0,0.123,-22.775,-1.746,-4.008,0.992,0.979,2,14,0,0.178,0,0,0.112,2.714,0.457,0,0,0.228,-19.886,-1.503,0.150,-0.989
1945.0,-20.017,-2.544,-4.971,0.029,0.995,2,14,0,0.191,0,0,0.162,-19.954,0.598,-4.249,0.751,1.002,2,14,0,0.181,0,0,0.190,-19.993,-5.615,-4.429,0.571,1.054,2,14,0,0.184,0,0,0.235,-17.121,-2.350,-4.504,0.496,1.048,2,14,0,0.176,0,0,0.134,-22.609,-2.708,-3.992,1.008,0.981,2,14,0,0.172,0,0,0.128,2.776,0.454,0,0,0.191,-19.687,-2.482,0.248,-0.969
1946.0,-19.653,-3.437,-4.995,0.005,1.016,2,14,0,0.355,0,0,0.086,-19.542,-0.339,-4.317,0.683,1.050,2,14,0,0.211,0,0,0.079,-19.709,-6.597,-4.433,0.567,1.035,2,14,0,0.201,0,0,0.256,-16.876,-3.391,-4.538,0.462,1.058,2,14,0,0.379,0,0,0.211,-22.295,-3.595,-3.960,1.040,0.982,2,14,0,0.175,0,0,0.081,2.815,0.487,0,0,0.379,-19.391,-3.437,0.344,-0.939
1947.0,-19.195,-4.361,-5.006,-0.006,1.045,2,14,0,0.193,0,0,0.017,-19.080,-1.346,-4.269,0.731,1.075,2,14,0,0.148,0,0,0.065,-19.222,-7.495,-4.463,0.537,1.032,2,14,0,0.180,0,0,0.168,-16.447,-4.363,-4.531,0.469,1.046,2,14,0,0.180,0,0,0.215,-21.872,-4.548,-3.901,1.099,1.022,2,14,0,0.181,0,0,0.066,2.789,0.446,0,0,0.193,-19.001,-4.357,0.436,-0.900
1948.0,-18.688,-5.292,-5.056,-0.056,1.056,2,14,0,0.197,0,0,0.064,-18.535,-2.325,-4.343,0.657,1.032,2,14,0,0.175,0,0,0.180,-18.634,-8.391,-4.408,0.592,1.030,2,14,0,0.177,0,0,0.132,-15.887,-5.233,-4.491,0.509,1.024,2,14,0,0.180,0,0,0.169,-21.407,-5.460,-3.929,1.071,1.019,2,14,0,0.180,0,0,0.099,2.858,0.366,0,0,0.197,-18.521,-5.234,0.523,-0.852
1949.0,-18.125,-6.195,-5.083,-0.083,1.020,2,14,0,0.204,0,0,0.142,-18.088,-3.125,-4.335,0.665,0.960,2,14,0,0.172,0,0,0.147,-17.998,-9.205,-4.457,0.543,0.994,2,14,0,0.178,0,0,0.134,-15.301,-6.013,-4.501,0.499,1.005,2,14,0,0.184,0,0,0.120,-20.854,-6.297,-3.929,1.071,1.012,2,14,0,0.180,0,0,0.117,2.889,0.348,0,0,0.204,-17.956,-6.059,0.606,-0.796
1950.0,-17.551,-7.010,-5.038,-0.038,0.993,2,14,0,0.336,0,0,0.196,-17.528,-3.939,-4.274,0.726,0.969,2,14,0,0.171,0,0,0.238,-17.434,-9.978,-4.512,0.488,0.968,2,14,0,0.183,0,0,0.134,-14.633,-6.782,-4.506,0.494,1.001,2,14,0,0.178,0,0,0.118,-20.319,-7.064,-3.897,1.103,1.024,2,14,0,0.177,0,0,0.208,2.974,0.325,0,0,0.336,-17.311,-6.823,0.682,-0.731
1951.0,-16.881,-7.683,-4.976,0.024,0.968,2,14,0,0.190,0,0,0.199,-16.837,-4.580,-4.327,0.673,0.983,2,14,0,0.208,0,0,0.216,-16.786,-10.679,-4.420,0.580,0.967,2,14,0,0.176,0,0,0.161,-13.968,-7.491,-4.506,0.494,0.996,2,14,0,0.179,0,0,0.145,-19.567,-7.769,-3.945,1.055,1.053,2,14,0,0.174,0,0,0.184,2.879,0.375,0,0,0.208,-16.593,-7.518,0.752,-0.659
1952.0,-16.180,-8.261,-4.989,0.011,0.997,2,14,0,0.211,0,0,0.228,-16.024,-5.138,-4.291,0.709,1.031,2,14,0,0.204,0,0,0.155,-16.079,-11.260,-4.443,0.557,0.993,2,14,0,0.174,0,0,0.192,-13.171,-8.143,-4.550,0.450,1.006,2,14,0,0.179,0,0,0.170,-18.730,-8.377,-3.929,1.071,1.075,2,14,0,0.322,0,0,0.137,2.764,0.390,0,0,0.322,-15.810,-8.139,0.814,-0.581
1953.0,-15.271,-8.771,-5.044,-0.044,1.048,2,14,0,0.189,0,0,0.159,-15.171,-5.659,-4.257,0.743,1.066,2,14,0,0.176,0,0,0.137,-15.215,-11.787,-4.506,0.494,1.058,2,14,0,0.181,0,0,0.162,-12.291,-8.632,-4.597,0.403,1.000,2,14,0,0.184,0,0,0.113,-17.818,-8.862,-3.996,1.004,1.073,2,14,0,0.181,0,0,0.046,2.755,0.326,0,0,0.189,-14.968,-8.678,0.868,-0.497
1954.0,-14.243,-9.227,-4.981,0.019,1.080,2,14,0,0.195,0,0,0.098,-14.160,-6.086,-4.291,0.709,1.097,2,14,0,0.276,0,0,0.030,-14.158,-12.223,-4.461,0.539,1.089,2,14,0,0.176,0,0,0.068,-11.421,-9.027,-4.547,0.453,0.992,2,14,0,0.182,0,0,0.066,-16.909,-9.354,-3.952,1.048,1.069,2,14,0,0.210,0,0,0.078,2.860,0.359,0,0,0.276,-14.077,-9.131,0.913,-0.408
1955.0,-13.259,-9.614,-5.002,-0.002,1.034,2,14,0,0.189,0,0,0.143,-13.163,-6.507,-4.255,0.745,1.077,2,14,0,0.177,0,0,0.107,-13.120,-12.580,-4.439,0.561,1.059,2,14,0,0.179,0,0,0.138,-10.563,-9.401,-4.538,0.462,1.020,2,14,0,0.174,0,0,0.128,-15.916,-9.787,-3.993,1.007,1.045,2,14,0,0.212,0,0,0.158,2.744,0.427,0,0,0.212,-13.145,-9.493,0.949,-0.315
1956.0,-12.354,-9.892,-4.960,0.040,1.003,2,14,0,0.184,0,0,0.138,-12.180,-6.852,-4.306,0.694,1.022,2,14,0,0.170,0,0,0.187,-12.172,-12.907,-4.468,0.532,0.993,2,14,0,0.177,0,0,0.162,-9.550,-9.683,-4.522,0.478,1.073,2,14,0,0.175,0,0,0.100,-14.891,-10.052,-4.039,0.961,1.020,2,14,0,0.177,0,0,0.187,2.703,0.413,0,0,0.184,-12.182,-9.759,0.976,-0.218
1957.0,-11.369,-10.069,-4.913,0.087,1.017,2,14,0,0.187,0,0,0.146,-11.217,-6.989,-4.318,0.682,0.989,2,14,0,0.172,0,0,0.149,-11.260,-13.134,-4.433,0.567,0.964,2,14,0,0.191,0,0,0.181,-8.392,-9.853,-4.519,0.481,1.077,2,14,0,0.173,0,0,0.136,-13.943,-10.226,-4.001,0.999,0.966,2,14,0,0.208,0,0,0.167,2.736,0.391,0,0,0.208,-11.197,-9.928,0.993,-0.120
1958.0,-10.360,-10.118,-5.016,-0.016,1.025,2,14,0,0.189,0,0,0.126,-10.269,-7.054,-4.231,0.769,0.986,2,14,0,0.171,0,0,0.131,-10.267,-13.151,-4.426,0.574,0.970,2,14,0,0.209,0,0,0.130,-7.329,-9.915,-4.480,0.520,1.020,2,14,0,0.171,0,0,0.191,-13.010,-10.322,-3.927,1.073,0.972,2,14,0,0.174,0,0,0.180,2.872,0.376,0,0,0.209,-10.199,-9.998,1.000,-0.020
1959.0,-9.283,-10.114,-4.980,0.020,1.039,2,14,0,0.194,0,0,0.177,-9.278,-7.036,-4.282,0.718,1.008,2,14,0,0.170,0,0,0.142,-9.391,-13.164,-4.440,0.560,0.974,2,14,0,0.173,0,0,0.184,-6.372,-9.961,-4.498,0.502,0.954,2,14,0,0.175,0,0,0.200,-11.996,-10.260,-3.896,1.104,0.989,2,14,0,0.178,0,0,0.149,2.926,0.356,0,0,0.194,-9.200,-9.968,0.997,0.080
1960.0,-8.275,-9.968,-4.967,0.033,1.017,2,14,0,0.189,0,0,0.173,-8.301,-6.908,-4.310,0.690,1.025,2,14,0,0.167,0,0,0.144,-8.402,-12.997,-4.477,0.523,1.048,2,14,0,0.184,0,0,0.153,-5.448,-9.867,-4.483,0.517,0.938,2,14,0,0.179,0,0,0.196,-10.963,-10.096,-3.973,1.027,1.019,2,14,0,0.171,0,0,0.133,2.868,0.357,0,0,0.189,-8.209,-9.838,0.984,0.179
1961.0,-7.296,-9.688,-5.033,-0.033,0.994,2,14,0,0.201,0,0,0.142,-7.271,-6.620,-4.200,0.800,1.051,2,14,0,0.175,0,0,0.095,-7.379,-12.744,-4.394,0.606,1.087,2,14,0,0.178,0,0,0.106,-4.552,-9.655,-4.488,0.512,0.974,2,14,0,0.183,0,0,0.199,-10.006,-9.867,-3.992,1.008,1.014,2,14,0,0.176,0,0,0.123,2.798,0.344,0,0,0.201,-7.236,-9.610,0.961,0.276
1962.0,-6.391,-9.303,-5.039,-0.039,0.979,2,14,0,0.190,0,0,0.077,-6.230,-6.263,-4.271,0.729,1.058,2,14,0,0.175,0,0,0.146,-6.322,-12.434,-4.461,0.539,1.103,2,14,0,0.175,0,0,0.137,-3.634,-9.251,-4.545,0.455,1.035,2,14,0,0.176,0,0,0.125,-9.114,-9.549,-3.932,1.068,1.015,2,14,0,0.181,0,0,0.118,2.801,0.346,0,0,0.190,-6.290,-9.286,0.929,0.371
1963.0,-5.512,-8.958,-5.051,-0.051,0.971,2,14,0,0.196,0,0,0.105,-5.310,-5.887,-4.292,0.708,0.998,2,14,0,0.173,0,0,0.176,-5.287,-12.017,-4.519,0.481,1.070,2,14,0,0.174,0,0,0.227,-2.678,-8.808,-4.527,0.473,1.081,2,14,0,0.189,0,0,0.097,-8.160,-9.078,-3.954,1.046,1.056,2,14,0,0.177,0,0,0.077,2.869,0.304,0,0,0.196,-5.382,-8.870,0.887,0.462
1964.0,-4.683,-8.474,-4.973,0.027,1.003,2,14,0,0.189,0,0,0.116,-4.436,-5.400,-4.336,0.664,0.986,2,14,0,0.180,0,0,0.195,-4.380,-11.504,-4.509,0.491,1.025,2,14,0,0.174,0,0,0.263,-1.748,-8.271,-4.532,0.468,1.080,2,14,0,0.186,0,0,0.098,-7.205,-8.563,-3.948,1.052,1.053,2,14,0,0.176,0,0,0.148,2.724,0.372,0,0,0.189,-4.519,-8.364,0.836,0.548
1965.0,-3.889,-7.861,-5.009,-0.009,1.031,2,14,0,0.191,0,0,0.096,-3.703,-4.823,-4.252,0.748,0.978,2,14,0,0.189,0,0,0.149,-3.600,-10.888,-4.460,0.540,0.981,2,14,0,0.148,0,0,0.229,-0.907,-7.620,-4.475,0.525,1.058,2,14,0,0.185,0,0,0.110,-6.366,-7.997,-3.997,1.003,1.009,2,14,0,0.178,0,0,0.181,2.680,0.410,0,0,0.191,-3.712,-7.775,0.778,0.629
1966.0,-3.117,-7.195,-5.026,-0.026,1.055,2,14,0,0.190,0,0,0.096,-3.009,-4.129,-4.247,0.753,1.018,2,14,0,0.217,0,0,0.099,-2.988,-10.195,-4.428,0.572,0.978,2,14,0,0.178,0,0,0.097,-0.075,-6.977,-4.541,0.459,1.017,2,14,0,0.217,0,0,0.197,-5.687,-7.320,-3.987,1.013,0.990,2,14,0,0.172,0,0,0.122,2.775,0.351,0,0,0.217,-2.967,-7.109,0.711,0.703
1967.0,-2.347,-6.440,-5.067,-0.067,1.079,2,14,0,0.192,0,0,0.144,-2.330,-3.366,-4.290,0.710,1.045,2,14,0,0.176,0,0,0.078,-2.298,-9.429,-4.418,0.582,1.004,2,14,0,0.218,0,0,0.097,0.652,-6.265,-4.545,0.455,0.978,2,14,0,0.326,0,0,0.255,-5.063,-6.585,-3.904,1.096,1.007,2,14,0,0.178,0,0,0.089,2.958,0.314,0,0,0.326,-2.292,-6.371,0.637,0.771
1968.0,-1.567,-5.592,-5.011,-0.011,1.062,2,14,0,0.191,0,0,0.306,-1.695,-2.504,-4.277,0.723,1.059,2,14,0,0.173,0,0,0.077,-1.678,-8.626,-4.510,0.490,1.003,2,14,0,0.179,0,0,0.123,1.199,-5.479,-4.466,0.534,0.961,2,14,0,0.177,0,0,0.208,-4.429,-5.767,-3.964,1.036,1.028,2,14,0,0.211,0,0,0.103,2.821,0.331,0,0,0.211,-1.695,-5.570,0.557,0.831
1969.0,-1.022,-4.689,-5.025,-0.025,1.008,2,14,0,0.193,0,0,0.336,-1.123,-1.611,-4.295,0.705,1.030,2,14,0,0.237,0,0,0.136,-1.220,-7.729,-4.431,0.569,1.003,2,14,0,0.177,0,0,0.068,1.659,-4.634,-4.471,0.529,0.978,2,14,0,0.183,0,0,0.162,-3.816,-4.919,-3.944,1.056,1.031,2,14,0,0.179,0,0,0.197,2.738,0.418,0,0,0.237,-1.180,-4.713,0.471,0.882
1970.0,-0.745,-3.824,-4.975,0.025,0.969,2,14,0,0.190,0,0,0.191,-0.641,-0.700,-4.258,0.742,1.001,2,14,0,0.174,0,0,0.193,-0.846,-6.845,-4.404,0.596,0.992,2,14,0,0.266,0,0,0.008,1.946,-3.723,-4.494,0.506,1.015,2,14,0,0.183,0,0,0.066,-3.382,-4.012,-3.953,1.047,1.024,2,14,0,0.174,0,0,0.203,2.735,0.423,0,0,0.266,-0.754,-3.809,0.381,0.925
1971.0,-0.492,-2.917,-4.987,0.013,0.987,2,14,0,0.191,0,0,0.122,-0.282,0.230,-4.333,0.667,0.978,2,14,0,0.230,0,0,0.214,-0.484,-5.888,-4.472,0.528,1.013,2,14,0,0.176,0,0,0.036,2.228,-2.728,-4.497,0.503,1.048,2,14,0,0.202,0,0,0.051,-3.072,-3.026,-4.011,0.989,1.035,2,14,0,0.212,0,0,0.170,2.760,0.382,0,0,0.230,-0.420,-2.867,0.287,0.958
1972.0,-0.350,-1.984,-4.997,0.003,1.026,2,14,0,0.204,0,0,0.094,-0.035,1.188,-4.317,0.683,0.975,2,14,0,0.300,0,0,0.225,-0.135,-4.984,-4.413,0.587,0.997,2,14,0,0.174,0,0,0.155,2.631,-1.735,-4.582,0.418,1.060,2,14,0,0.185,0,0,0.112,-2.874,-1.950,-3.964,1.036,1.036,2,14,0,0.188,0,0,0.153,2.728,0.312,0,0,0.300,-0.181,-1.896,0.190,0.982
1973.0,-0.277,-0.938,-4.999,0.001,1.068,2,14,0,0.194,0,0,0.071,0.040,2.115,-4.304,0.696,0.988,2,14,0,0.174,0,0,0.168,0.064,-4.055,-4.459,0.541,1.019,2,14,0,0.175,0,0,0.229,2.919,-0.734,-4.506,0.494,1.037,2,14,0,0.189,0,0,0.262,-2.814,-0.928,-3.995,1.005,1.006,2,14,0,0.219,0,0,0.133,2.728,0.238,0,0,0.219,-0.041,-0.906,0.091,0.996
1974.0,-0.181,0.133,-5.029,-0.029,1.070,2,14,0,0.249,0,0,0.027,-0.026,3.093,-4.278,0.722,1.033,2,14,0,0.204,0,0,0.088,0.100,-3.028,-4.458,0.542,1.073,2,14,0,0.179,0,0,0.213,2.901,0.298,-4.541,0.459,1.025,2,14,0,0.178,0,0,0.213,-2.725,0.046,-3.995,1.005,0.963,2,14,0,0.175,0,0,0.139,2.748,0.279,0,0,0.249,-0.000,0.093,-0.009,1.000
1975.0,-0.124,1.114,-5.056,-0.056,1.024,2,14,0,0.211,0,0,0.117,-0.127,4.161,-4.270,0.730,1.065,2,14,0,0.171,0,0,0.009,0.042,-1.923,-4.509,0.491,1.101,2,14,0,0.183,0,0,0.200,2.819,1.286,-4.510,0.490,1.011,2,14,0,0.180,0,0,0.186,-2.739,0.957,-3.963,1.037,0.953,2,14,0,0.214,0,0,0.145,2.838,0.347,0,0,0.214,-0.060,1.090,-0.109,0.994
1976.0,-0.242,2.167,-5.001,-0.001,1.041,2,14,0,0.191,0,0,0.176,-0.258,5.209,-4.328,0.672,1.055,2,14,0,0.171,0,0,0.071,-0.154,-0.827,-4.453,0.547,1.093,2,14,0,0.177,0,0,0.212,2.603,2.338,-4.531,0.469,1.045,2,14,0,0.182,0,0,0.164,-2.886,1.913,-3.942,1.058,1.000,2,14,0,0.179,0,0,0.156,2.860,0.370,0,0,0.191,-0.218,2.077,-0.208,0.978
1977.0,-0.447,3.173,-4.987,0.013,1.032,2,14,0,0.193,0,0,0.242,-0.449,6.205,-4.293,0.707,1.030,2,14,0,0.176,0,0,0.133,-0.486,0.241,-4.478,0.522,1.042,2,14,0,0.174,0,0,0.245,2.339,3.292,-4.492,0.508,1.008,2,14,0,0.176,0,0,0.151,-3.175,2.903,-3.979,1.021,1.044,2,14,0,0.178,0,0,0.123,2.833,0.330,0,0,0.193,-0.474,3.043,-0.304,0.953
1978.0,-0.776,4.127,-5.048,-0.048,1.011,2,14,0,0.191,0,0,0.271,-0.718,7.176,-4.303,0.697,1.021,2,14,0,0.174,0,0,0.221,-0.810,1.214,-4.441,0.559,0.969,2,14,0,0.178,0,0,0.291,1.963,4.207,-4.502,0.498,1.000,2,14,0,0.197,0,0,0.118,-3.576,3.868,-3.975,1.025,1.051,2,14,0,0.190,0,0,0.081,2.794,0.310,0,0,0.197,-0.826,3.979,-0.398,0.917
1979.0,-1.196,5.014,-5.033,-0.033,1.024,2,14,0,0.230,0,0,0.287,-1.130,8.122,-4.256,0.744,1.007,2,14,0,0.175,0,0,0.276,-1.223,2.067,-4.457,0.543,0.927,2,14,0,0.176,0,0,0.267,1.544,5.148,-4.526,0.474,1.010,2,14,0,0.381,0,0,0.167,-4.007,4.817,-3.945,1.055,1.045,2,14,0,0.178,0,0,0.122,2.789,0.331,0,0,0.381,-1.269,4.875,-0.488,0.873
1980.0,-1.853,5.867,-4.929,0.071,1.069,2,14,0,0.191,0,0,0.189,-1.708,8.937,-4.250,0.750,1.016,2,14,0,0.174,0,0,0.219,-1.732,2.797,-4.430,0.570,0.933,2,14,0,0.180,0,0,0.197,0.986,6.007,-4.480,0.520,1.017,2,14,0,0.180,0,0,0.160,-4.510,5.635,-3.917,1.083,1.031,2,14,0,0.186,0,0,0.126,2.853,0.356,0,0,0.191,-1.799,5.723,-0.572,0.820
1981.0,-2.517,6.623,-4.976,0.024,1.055,2,14,0,0.198,0,0,0.129,-2.320,9.682,-4.265,0.735,1.044,2,14,0,0.170,0,0,0.192,-2.414,3.458,-4.465,0.535,0.995,2,14,0,0.173,0,0,0.096,0.303,6.798,-4.509,0.491,1.012,2,14,0,0.180,0,0,0.134,-5.164,6.484,-3.950,1.050,1.066,2,14,0,0.170,0,0,0.134,2.842,0.404,0,0,0.198,-2.412,6.513,-0.651,0.759
1982.0,-3.329,7.296,-4.997,0.003,1.055,2,14,0,0.192,0,0,0.063,-3.118,10.405,-4.253,0.747,1.086,2,14,0,0.144,0,0,0.111,-3.199,4.134,-4.465,0.535,1.064,2,14,0,0.174,0,0,0.066,-0.357,7.459,-4.514,0.486,0.987,2,14,0,0.180,0,0,0.082,-5.903,7.279,-4.006,0.994,1.048,2,14,0,0.175,0,0,0.188,2.759,0.339,0,0,0.192,-3.100,7.238,-0.724,0.690
1983.0,-4.117,7.940,-5.016,-0.016,1.012,2,14,0,0.190,0,0,0.084,-4.000,10.990,-4.303,0.697,1.057,2,14,0,0.176,0,0,0.074,-4.021,4.803,-4.458,0.542,1.074,2,14,0,0.210,0,0,0.091,-1.084,8.068,-4.505,0.495,1.008,2,14,0,0.176,0,0,0.078,-6.704,7.919,-3.958,1.042,1.011,2,14,0,0.179,0,0,0.176,2.796,0.288,0,0,0.210,-3.857,7.890,-0.789,0.614
1984.0,-4.870,8.468,-4.985,0.015,0.985,2,14,0,0.197,0,0,0.014,-4.911,11.568,-4.370,0.630,1.025,2,14,0,0.211,0,0,0.166,-4.905,5.489,-4.491,0.509,1.058,2,14,0,0.179,0,0,0.147,-1.939,8.632,-4.506,0.494,1.050,2,14,0,0.152,0,0,0.046,-7.437,8.465,-3.948,1.052,0.971,2,14,0,0.149,0,0,0.158,2.768,0.313,0,0,0.211,-4.675,8.464,-0.846,0.532
1985.0,-5.715,9.047,-5.078,-0.078,1.006,2,14,0,0.189,0,0,0.089,-5.681,12.111,-4.251,0.749,0.967,2,14,0,0.173,0,0,0.106,-5.643,6.081,-4.443,0.557,0.986,2,14,0,0.179,0,0,0.158,-2.869,9.191,-4.558,0.442,1.062,2,14,0,0.178,0,0,0.085,-8.223,8.897,-3.948,1.052,1.010,2,14,0,0.192,0,0,0.171,2.756,0.400,0,0,0.192,-5.547,8.954,-0.895,0.445
1986.0,-6.682,9.489,-4.990,0.010,1.024,2,14,0,0.194,0,0,0.136,-6.511,12.535,-4.244,0.756,0.971,2,14,0,0.173,0,0,0.110,-6.473,6.521,-4.507,0.493,0.975,2,14,0,0.179,0,0,0.214,-3.849,9.681,-4.527,0.473,1.039,2,14,0,0.177,0,0,0.194,-9.328,9.226,-3.958,1.042,1.089,2,14,0,0.147,0,0,0.036,2.853,0.507,0,0,0.194,-6.463,9.354,-0.935,0.354
1987.0,-7.605,9.838,-4.988,0.012,1.009,2,14,0,0.184,0,0,0.171,-7.427,12.903,-4.279,0.721,0.994,2,14,0,0.170,0,0,0.178,-7.451,6.897,-4.480,0.520,1.018,2,14,0,0.207,0,0,0.275,-4.808,9.995,-4.484,0.516,0.990,2,14,0,0.177,0,0,0.204,-10.309,9.542,-3.961,1.039,1.039,2,14,0,0.194,0,0,0.077,2.846,0.517,0,0,0.207,-7.414,9.660,-0.966,0.259
1988.0,-8.623,10.039,-4.949,0.051,1.002,2,14,0,0.192,0,0,0.168,-8.403,13.175,-4.272,0.728,1.040,2,14,0,0.148,0,0,0.238,-8.442,7.125,-4.414,0.586,1.024,2,14,0,0.177,0,0,0.290,-5.760,10.202,-4.540,0.460,0.951,2,14,0,0.209,0,0,0.191,-11.274,9.836,-4.019,0.981,1.002,2,14,0,0.182,0,0,0.126,2.817,0.496,0,0,0.209,-8.392,9.870,-0.987,0.161
1989.0,-9.554,10.129,-5.008,-0.008,0.993,2,14,0,0.192,0,0,0.144,-9.502,13.282,-4.269,0.731,1.067,2,14,0,0.174,0,0,0.232,-9.497,7.138,-4.403,0.597,1.053,2,14,0,0.178,0,0,0.189,-6.695,10.274,-4.469,0.531,0.960,2,14,0,0.222,0,0,0.138,-12.233,10.021,-3.953,1.047,1.002,2,14,0,0.176,0,0,0.186,2.881,0.427,0,0,0.222,-9.385,9.981,-0.998,0.062
1990.0,-10.546,10.182,-5.040,-0.040,1.030,2,14,0,0.237,0,0,0.185,-10.534,13.292,-4.288,0.712,1.043,2,14,0,0.171,0,0,0.239,-10.594,7.069,-4.414,0.586,1.055,2,14,0,0.152,0,0,0.156,-7.616,10.287,-4.434,0.566,0.981,2,14,0,0.183,0,0,0.154,-13.206,10.073,-3.950,1.050,0.995,2,14,0,0.172,0,0,0.226,2.876,0.374,0,0,0.237,-10.384,9.993,-0.999,-0.038
1991.0,-11.674,10.082,-5.090,-0.090,1.045,2,14,0,0.194,0,0,0.206,-11.554,13.076,-4.306,0.694,1.031,2,14,0,0.173,0,0,0.142,-11.584,6.905,-4.418,0.582,1.004,2,14,0,0.186,0,0,0.116,-8.615,10.189,-4.516,0.484,1.050,2,14,0,0.177,0,0,0.145,-14.228,9.964,-3.960,1.040,1.037,2,14,0,0.177,0,0,0.206,2.795,0.369,0,0,0.194,-11.380,9.904,-0.990,-0.138
1992.0,-12.708,9.850,-4.986,0.014,1.021,2,14,0,0.189,0,0,0.209,-12.446,12.817,-4.251,0.749,1.002,2,14,0,0.172,0,0,0.028,-12.526,6.737,-4.445,0.555,0.980,2,14,0,0.174,0,0,0.086,-9.587,9.974,-4.515,0.485,1.080,2,14,0,0.208,0,0,0.126,-15.268,9.777,-3.947,1.053,1.050,2,14,0,0.178,0,0,0.220,2.763,0.371,0,0,0.208,-12.362,9.717,-0.972,-0.236
1993.0,-13.642,9.480,-5.001,-0.001,0.979,2,14,0,1.041,0,0,0.141,-13.458,12.503,-4.298,0.702,1.032,2,14,0,0.207,0,0,0.063,-13.373,6.456,-4.469,0.531,0.991,2,14,0,0.429,0,0,0.060,-10.565,9.702,-4.440,0.560,1.107,2,14,0,0.188,0,0,0.127,-16.216,9.428,-3.980,1.020,1.047,2,14,0,0.176,0,0,0.158,2.770,0.364,0,0,1.041,-13.320,9.433,-0.943,-0.332
1994.0,-14.503,9.098,-5.009,-0.009,0.956,2,14,0,0.211,0,0,0.083,-14.456,12.183,-4.290,0.710,1.007,2,14,0,0.200,0,0,0.146,-14.383,6.070,-4.435,0.565,1.033,2,14,0,0.180,0,0,0.061,-11.611,9.299,-4.524,0.476,1.127,2,14,0,0.189,0,0,0.108,-17.195,8.984,-3.932,1.068,1.049,2,14,0,0.175,0,0,0.147,2.901,0.440,0,0,0.211,-14.245,9.054,-0.905,-0.425
1995.0,-15.280,8.631,-4.947,0.053,0.981,2,14,0,0.187,0,0,0.057,-15.339,11.744,-4.258,0.742,0.993,2,14,0,0.173,0,0,0.161,-15.339,5.603,-4.497,0.503,1.037,2,14,0,0.178,0,0,0.124,-12.649,8.776,-4.545,0.455,1.095,2,14,0,0.176,0,0,0.213,-18.021,8.451,-3.973,1.027,1.012,2,14,0,0.214,0,0,0.070,2.666,0.555,0,0,0.214,-15.128,8.585,-0.858,-0.513
1996.0,-16.127,8.067,-4.971,0.029,1.033,2,14,0,0.199,0,0,0.041,-16.206,11.265,-4.334,0.666,0.981,2,14,0,0.171,0,0,0.234,-16.184,5.124,-4.522,0.478,1.002,2,14,0,0.180,0,0,0.177,-13.630,8.215,-4.468,0.532,1.016,2,14,0,0.184,0,0,0.366,-18.796,7.873,-4.016,0.984,1.011,2,14,0,0.180,0,0,0.018,2.552,0.695,0,0,0.199,-15.960,8.030,-0.803,-0.596
1997.0,-16.932,7.473,-5.014,-0.014,1.046,2,14,0,0.191,0,0,0.079,-16.942,10.655,-4.278,0.722,0.993,2,14,0,0.181,0,0,0.230,-17.014,4.469,-4.463,0.537,1.019,2,14,0,0.218,0,0,0.216,-14.267,7.620,-4.503,0.497,0.905,2,14,0,0.184,0,0,0.248,-19.615,7.220,-3.982,1.018,1.021,2,14,0,0.179,0,0,0.067,2.717,0.581,0,0,0.218,-16.731,7.395,-0.740,-0.673
1998.0,-17.654,6.851,-4.998,0.002,1.055,2,14,0,0.257,0,0,0.168,-17.548,9.826,-4.228,0.772,1.041,2,14,0,0.174,0,0,0.077,-17.636,3.708,-4.429,0.571,1.002,2,14,0,0.176,0,0,0.119,-14.807,6.980,-4.584,0.416,0.928,2,14,0,0.180,0,0,0.155,-20.331,6.555,-3.944,1.056,1.002,2,14,0,0.176,0,0,0.073,2.879,0.473,0,0,0.257,-17.436,6.686,-0.669,-0.744
1999.0,-18.346,6.074,-5.026,-0.026,1.096,2,14,0,0.167,0,0,0.191,-18.087,8.961,-4.293,0.707,1.057,2,14,0,0.176,0,0,0.059,-18.195,2.916,-4.453,0.547,1.011,2,14,0,0.206,0,0,0.046,-15.336,6.200,-4.560,0.440,1.008,2,14,0,0.185,0,0,0.136,-21.015,5.854,-3.941,1.059,0.995,2,14,0,0.181,0,0,0.154,2.889,0.396,0,0,0.206,-18.066,5.910,-0.591,-0.807
2000.0,-18.944,5.141,-5.005,-0.005,1.115,2,14,0,0.188,0,0,0.159,-18.731,8.086,-4.239,0.761,1.061,2,14,0,0.179,0,0,0.077,-18.716,2.119,-4.418,0.582,1.015,2,14,0,0.172,0,0,0.069,-15.877,5.270,-4.575,0.425,1.077,2,14,0,0.183,0,0,0.055,-21.640,5.072,-3.952,1.048,1.013,2,14,0,0.176,0,0,0.246,2.895,0.334,0,0,0.188,-18.616,5.075,-0.508,-0.862
2001.0,-19.504,4.239,-5.028,-0.028,1.073,2,14,0,0.188,0,0,0.245,-19.297,7.255,-4.248,0.752,1.017,2,14,0,0.173,0,0,0.141,-19.321,1.236,-4.422,0.578,1.054,2,14,0,0.180,0,0,0.162,-16.331,4.370,-4.544,0.456,1.079,2,14,0,0.179,0,0,0.056,-22.104,4.173,-3.976,1.024,1.041,2,14,0,0.249,0,0,0.238,2.806,0.427,0,0,0.249,-19.080,4.190,-0.419,-0.908
2002.0,-19.896,3.280,-5.010,-0.010,1.045,2,14,0,0.194,0,0,0.261,-19.729,6.411,-4.244,0.756,0.991,2,14,0,0.178,0,0,0.212,-19.755,0.263,-4.380,0.620,1.054,2,14,0,0.173,0,0,0.208,-16.868,3.421,-4.470,0.530,1.074,2,14,0,0.185,0,0,0.112,-22.433,3.146,-3.925,1.075,1.067,2,14,0,0.182,0,0,0.159,2.762,0.445,0,0,0.194,-19.453,3.263,-0.326,-0.945
2003.0,-20.067,2.238,-5.012,-0.012,1.036,2,14,0,0.191,0,0,0.170,-19.978,5.531,-4.293,0.707,1.009,2,14,0,0.208,0,0,0.232,-20.079,-0.723,-4.397,0.603,1.035,2,14,0,0.174,0,0,0.251,-17.270,2.413,-4.518,0.482,1.053,2,14,0,0.181,0,0,0.242,-22.664,2.130,-3.963,1.037,1.061,2,14,0,0.220,0,0,0.109,2.803,0.550,0,0,0.220,-19.731,2.303,-0.230,-0.973
2004.0,-20.203,1.195,-4.982,0.018,1.013,2,14,0,0.201,0,0,0.163,-20.111,4.506,-4.361,0.639,1.085,2,14,0,0.170,0,0,0.165,-20.206,-1.718,-4.447,0.553,1.024,2,14,0,0.181,0,0,0.199,-17.487,1.435,-4.468,0.532,1.006,2,14,0,0.185,0,0,0.275,-22.839,1.131,-4.011,0.989,1.025,2,14,0,0.178,0,0,0.112,2.774,0.586,0,0,0.201,-19.913,1.320,-0.132,-0.991
2005.0,-20.314,0.207,-5.032,-0.032,0.966,2,14,0,0.193,0,0,0.179,-20.228,3.427,-4.307,0.693,1.109,2,14,0,0.176,0,0,0.159,-20.193,-2.780,-4.445,0.555,1.040,2,14,0,0.240,0,0,0.128,-17.547,0.426,-4.470,0.530,1.004,2,14,0,0.186,0,0,0.254,-22.856,0.113,-4.024,0.976,1.011,2,14,0,0.178,0,0,0.075,2.737,0.561,0,0,0.240,-19.995,0.323,-0.032,-0.999
2006.0,-20.221,-0.713,-4.983,0.017,0.956,2,14,0,0.195,0,0,0.076,-20.215,2.328,-4.237,0.763,1.097,2,14,0,0.189,0,0,0.178,-20.150,-3.805,-4.457,0.543,1.012,2,14,0,0.179,0,0,0.126,-17.456,-0.546,-4.526,0.474,1.008,2,14,0,0.192,0,0,0.179,-22.865,-0.837,-4.020,0.980,0.999,2,14,0,0.182,0,0,0.066,2.807,0.496,0,0,0.195,-19.977,-0.676,0.068,-0.998
2007.0,-20.090,-1.681,-5.009,-0.009,0.987,2,14,0,0.191,0,0,0.052,-20.033,1.212,-4.294,0.706,1.063,2,14,0,0.203,0,0,0.219,-20.049,-4.745,-4.472,0.528,0.982,2,14,0,0.208,0,0,0.103,-17.189,-1.535,-4.572,0.428,1.029,2,14,0,0.183,0,0,0.038,-22.820,-1.869,-4.001,0.999,1.020,2,14,0,0.181,0,0,0.147,2.916,0.355,0,0,0.208,-19.860,-1.669,0.167,-0.986
2008.0,-19.863,-2.630,-5.002,-0.002,1.005,2,14,0,0.202,0,0,0.040,-19.767,0.237,-4.368,0.632,0.984,2,14,0,0.174,0,0,0.201,-19.817,-5.721,-4.475,0.525,0.998,2,14,0,0.151,0,0,0.090,-16.965,-2.513,-4.554,0.446,1.033,2,14,0,0.182,0,0,0.031,-22.562,-2.916,-3.919,1.081,1.023,2,14,0,0.181,0,0,0.158,2.922,0.348,0,0,0.202,-19.644,-2.645,0.264,-0.964
2009.0,-19.567,-3.611,-5.053,-0.053,1.033,2,14,0,0.190,0,0,0.059,-19.475,-0.598,-4.245,0.755,0.935,2,14,0,0.173,0,0,0.106,-19.528,-6.640,-4.498,0.502,1.001,2,14,0,0.176,0,0,0.099,-16.680,-3.480,-4.511,0.489,1.024,2,14,0,0.176,0,0,0.061,-22.301,-3.855,-3.905,1.095,0.996,2,14,0,0.173,0,0,0.187,2.941,0.366,0,0,0.190,-19.332,-3.594,0.359,-0.933
2010.0,-19.209,-4.563,-4.991,0.009,1.037,2,14,0,0.187,0,0,0.118,-19.029,-1.426,-4.281,0.719,0.961,2,14,0,0.238,0,0,0.026,-19.093,-7.594,-4.489,0.511,1.032,2,14,0,0.179,0,0,0.092,-16.339,-4.397,-4.510,0.490,1.028,2,14,0,0.183,0,0,0.120,-21.837,-4.727,-3.908,1.092,1.003,2,14,0,0.212,0,0,0.114,2.847,0.427,0,0,0.238,-18.926,-4.508,0.451,-0.893
2011.0,-18.721,-5.435,-4.973,0.027,1.041,2,14,0,0.192,0,0,0.125,-18.561,-2.268,-4.334,0.666,0.994,2,14,0,0.190,0,0,0.059,-18.566,-8.452,-4.478,0.522,1.021,2,14,0,0.177,0,0,0.059,-15.752,-5.296,-4.495,0.505,1.039,2,14,0,0.180,0,0,0.079,-21.388,-5.587,-3.943,1.057,1.010,2,14,0,0.213,0,0,0.148,2.863,0.330,0,0,0.213,-18.432,-5.377,0.538,-0.843
2012.0,-18.110,-6.283,-5.004,-0.004,1.045,2,14,0,0.187,0,0,0.123,-18.042,-3.144,-4.317,0.683,1.037,2,14,0,0.175,0,0,0.113,-18.077,-9.319,-4.451,0.549,1.024,2,14,0,0.181,0,0,0.158,-15.184,-6.176,-4.571,0.429,1.006,2,14,0,0.182,0,0,0.145,-20.817,-6.416,-4.011,0.989,1.039,2,14,0,0.196,0,0,0.164,2.886,0.332,0,0,0.196,-17.853,-6.192,0.619,-0.785
2013.0,-17.499,-7.081,-4.983,0.017,1.025,2,14,0,0.190,0,0,0.188,-17.421,-4.025,-4.299,0.701,1.072,2,14,0,0.173,0,0,0.214,-17.384,-10.092,-4.480,0.520,1.034,2,14,0,0.179,0,0,0.149,-14.516,-6.914,-4.512,0.488,0.978,2,14,0,0.179,0,0,0.129,-20.092,-7.167,-3.979,1.021,1.054,2,14,0,0.267,0,0,0.107,2.782,0.333,0,0,0.267,-17.195,-6.945,0.694,-0.720
2014.0,-16.771,-7.744,-4.969,0.031,1.039,2,14,0,0.161,0,0,0.175,-16.594,-4.771,-4.251,0.749,1.064,2,14,0,0.187,0,0,0.225,-16.654,-10.831,-4.516,0.484,1.027,2,14,0,0.207,0,0,0.197,-13.848,-7.574,-4.555,0.445,0.976,2,14,0,0.175,0,0,0.128,-19.343,-7.867,-3.918,1.082,1.054,2,14,0,0.178,0,0,0.108,2.781,0.386,0,0,0.207,-16.466,-7.628,0.763,-0.647
2015.0,-15.915,-8.339,-5.007,-0.007,1.061,2,14,0,0.191,0,0,0.126,-15.789,-5.354,-4.232,0.768,1.015,2,14,0,0.209,0,0,0.198,-15.898,-11.444,-4.486,0.514,1.028,2,14,0,0.181,0,0,0.221,-13.103,-8.189,-4.501,0.499,1.005,2,14,0,0.182,0,0,0.166,-18.523,-8.456,-3.966,1.034,1.041,2,14,0,0.215,0,0,0.080,2.810,0.433,0,0,0.215,-15.672,-8.236,0.824,-0.567
2016.0,-14.969,-8.893,-5.059,-0.059,1.053,2,14,0,0.192,0,0,0.141,-14.974,-5.815,-4.242,0.758,0.998,2,14,0,0.196,0,0,0.150,-14.952,-11.901,-4.490,0.510,1.043,2,14,0,0.176,0,0,0.118,-12.221,-8.681,-4.491,0.509,1.041,2,14,0,0.186,0,0,0.121,-17.606,-8.980,-3.969,1.031,1.042,2,14,0,0.183,0,0,0.084,2.814,0.407,0,0,0.196,-14.822,-8.761,0.876,-0.482
2017.0,-14.077,-9.362,-5.004,-0.004,1.017,2,14,0,0.191,0,0,0.171,-14.065,-6.158,-4.280,0.720,1.030,2,14,0,0.173,0,0,0.074,-13.994,-12.274,-4.439,0.561,1.035,2,14,0,0.170,0,0,0.056,-11.252,-9.133,-4.495,0.505,1.064,2,14,0,0.183,0,0,0.093,-16.670,-9.481,-3.983,1.017,1.014,2,14,0,0.279,0,0,0.157,2.789,0.379,0,0,0.279,-13.923,-9.198,0.920,-0.392
2018.0,-13.147,-9.782,-4.982,0.018,0.993,2,14,0,0.163,0,0,0.244,-13.100,-6.464,-4.255,0.745,1.052,2,14,0,0.183,0,0,0.036,-13.057,-12.673,-4.445,0.555,1.015,2,14,0,0.253,0,0,0.104,-10.308,-9.492,-4.451,0.549,1.049,2,14,0,0.184,0,0,0.104,-15.676,-9.827,-3.960,1.040,0.990,2,14,0,0.178,0,0,0.191,2.727,0.419,0,0,0.253,-12.985,-9.544,0.954,-0.299
2019.0,-12.224,-9.999,-4.950,0.050,0.990,2,14,0,0.185,0,0,0.211,-12.024,-6.816,-4.301,0.699,1.067,2,14,0,0.174,0,0,0.121,-12.078,-12.986,-4.482,0.518,1.017,2,14,0,0.176,0,0,0.167,-9.347,-9.808,-4.501,0.499,1.046,2,14,0,0.179,0,0,0.169,-14.764,-10.124,-4.011,0.989,0.939,2,14,0,0.177,0,0,0.198,2.711,0.416,0,0,0.185,-12.017,-9.794,0.979,-0.202
2020.0,-11.175,-10.052,-5.035,-0.035,1.021,2,14,0,0.191,0,0,0.113,-10.987,-7.063,-4.251,0.749,1.029,2,14,0,0.174,0,0,0.225,-11.024,-13.105,-4.464,0.536,0.998,2,14,0,0.151,0,0,0.174,-8.336,-9.991,-4.478,0.522,1.046,2,14,0,0.184,0,0,0.199,-13.903,-10.264,-3.909,1.091,0.939,2,14,0,0.178,0,0,0.179,2.893,0.342,0,0,0.191,-11.030,-9.947,0.995,-0.103
2021.0,-10.197,-10.043,-5.017,-0.017,1.008,2,14,0,0.288,0,0,0.049,-9.960,-7.136,-4.319,0.681,0.987,2,14,0,0.211,0,0,0.259,-10.137,-13.084,-4.423,0.577,0.970,2,14,0,0.172,0,0,0.054,-7.322,-9.989,-4.490,0.510,1.056,2,14,0,0.182,0,0,0.146,-13.015,-10.294,-3.912,1.088,0.992,2,14,0,0.174,0,0,0.219,2.923,0.295,0,0,0.288,-10.031,-10.000,1.000,-0.003
2022.0,-9.235,-9.945,-5.022,-0.022,1.022,2,14,0,0.193,0,0,0.022,-9.026,-7.099,-4.325,0.675,0.950,2,14,0,0.146,0,0,0.236,-9.092,-13.051,-4.434,0.566,1.005,2,14,0,0.239,0,0,0.078,-6.323,-9.941,-4.458,0.542,1.051,2,14,0,0.182,0,0,0.143,-11.957,-10.197,-3.989,1.011,1.085,2,14,0,0.176,0,0,0.141,2.922,0.291,0,0,0.239,-9.033,-9.953,0.995,0.097
2023.0,-8.228,-9.867,-5.030,-0.030,1.038,2,14,0,0.190,0,0,0.066,-8.114,-6.917,-4.254,0.746,0.971,2,14,0,0.178,0,0,0.185,-8.120,-13.002,-4.427,0.573,1.004,2,14,0,0.179,0,0,0.166,-5.249,-9.753,-4.496,0.504,1.049,2,14,0,0.181,0,0,0.142,-10.838,-10.044,-3.978,1.022,1.117,2,14,0,0.358,0,0,0.096,2.819,0.314,0,0,0.358,-8.044,-9.807,0.981,0.196
2024.0,-7.143,-9.692,-4.993,0.007,1.054,2,14,0,0.236,0,0,0.176,-7.226,-6.639,-4.294,0.706,1.011,2,14,0,0.174,0,0,0.165,-7.144,-12.746,-4.478,0.522,1.017,2,14,0,0.187,0,0,0.156,-4.211,-9.511,-4.540,0.460,1.025,2,14,0,0.178,0,0,0.197,-9.815,-9.762,-4.007,0.993,1.085,2,14,0,0.180,0,0,0.099,2.849,0.328,0,0,0.236,-7.075,-9.563,0.956,0.293
2025.0,-6.165,-9.340,-5.063,-0.063,1.029,2,14,0,0.194,0,0,0.190,-6.305,-6.225,-4.307,0.693,1.078,2,14,0,0.175,0,0,0.119,-6.230,-12.397,-4.475,0.525,1.043,2,14,0,0.185,0,0,0.140,-3.234,-9.150,-4.537,0.463,0.972,2,14,0,0.180,0,0,0.224,-8.827,-9.475,-4.003,0.997,1.042,2,14,0,0.179,0,0,0.169,2.869,0.398,0,0,0.194,-6.135,-9.223,0.922,0.387
2026.0,-5.292,-8.877,-5.059,-0.059,1.005,2,14,0,0.232,0,0,0.150,-5.287,-5.715,-4.285,0.715,1.112,2,14,0,0.172,0,0,0.024,-5.304,-11.927,-4.453,0.547,1.063,2,14,0,0.182,0,0,0.108,-2.379,-8.696,-4.522,0.478,0.954,2,14,0,0.185,0,0,0.171,-7.934,-9.077,-3.958,1.042,1.015,2,14,0,0.176,0,0,0.187,2.869,0.414,0,0,0.232,-5.233,-8.791,0.879,0.477
2027.0,-4.511,-8.392,-4.968,0.032,1.005,2,14,0,0.240,0,0,0.136,-4.280,-5.136,-4.274,0.726,1.082,2,14,0,0.173,0,0,0.189,-4.379,-11.393,-4.430,0.570,1.068,2,14,0,0.178,0,0,0.134,-1.589,-8.193,-4.576,0.424,0.951,2,14,0,0.176,0,0,0.124,-7.028,-8.529,-4.047,0.953,1.021,2,14,0,0.177,0,0,0.205,2.684,0.436,0,0,0.240,-4.379,-8.271,0.827,0.562
2028.0,-3.709,-7.743,-4.971,0.029,1.037,2,14,0,0.190,0,0,0.098,-3.441,-4.570,-4.295,0.705,0.988,2,14,0,0.173,0,0,0.221,-3.514,-10.790,-4.457,0.543,1.055,2,14,0,0.178,0,0,0.189,-0.900,-7.555,-4.562,0.438,0.970,2,14,0,0.184,0,0,0.042,-6.301,-7.867,-3.996,1.004,1.004,2,14,0,0.182,0,0,0.114,2.773,0.344,0,0,0.190,-3.582,-7.669,0.767,0.642
2029.0,-2.949,-7.012,-4.990,0.010,1.052,2,14,0,0.195,0,0,0.081,-2.674,-3.922,-4.280,0.720,0.939,2,14,0,0.173,0,0,0.253,-2.740,-10.086,-4.430,0.570,1.022,2,14,0,0.183,0,0,0.220,-0.215,-6.851,-4.492,0.508,1.019,2,14,0,0.305,0,0,0.070,-5.591,-7.174,-3.953,1.047,1.014,2,14,0,0.369,0,0,0.090,2.783,0.392,0,0,0.369,-2.848,-6.990,0.699,0.715
2030.0,-2.239,-6.236,-5.022,-0.022,1.031,2,14,0,0.212,0,0,0.124,-2.045,-3.234,-4.268,0.732,0.915,2,14,0,0.174,0,0,0.232,-2.132,-9.308,-4.427,0.573,1.001,2,14,0,0.181,0,0,0.159,0.573,-6.110,-4.540,0.460,1.054,2,14,0,0.181,0,0,0.061,-4.874,-6.453,-3.966,1.034,1.016,2,14,0,0.177,0,0,0.151,2.848,0.377,0,0,0.212,-2.186,-6.241,0.624,0.781
2031.0,-1.680,-5.474,-5.016,-0.016,1.006,2,14,0,0.192,0,0,0.114,-1.530,-2.429,-4.243,0.757,0.943,2,14,0,0.181,0,0,0.167,-1.616,-8.513,-4.429,0.571,0.999,2,14,0,0.213,0,0,0.101,1.253,-5.383,-4.577,0.423,1.023,2,14,0,0.216,0,0,0.191,-4.236,-5.626,-3.938,1.062,1.026,2,14,0,0.179,0,0,0.196,2.779,0.416,0,0,0.216,-1.602,-5.429,0.543,0.840
2032.0,-1.089,-4.638,-4.985,0.015,1.017,2,14,0,0.194,0,0,0.210,-1.147,-1.605,-4.257,0.743,0.980,2,14,0,0.171,0,0,0.118,-1.170,-7.604,-4.450,0.550,1.013,2,14,0,0.232,0,0,0.033,1.741,-4.511,-4.516,0.484,1.036,2,14,0,0.182,0,0,0.177,-3.678,-4.720,-3.978,1.022,1.010,2,14,0,0.337,0,0,0.247,2.779,0.452,0,0,0.337,-1.102,-4.564,0.456,0.890
2033.0,-0.676,-3.703,-4.973,0.027,1.022,2,14,0,0.184,0,0,0.203,-0.789,-0.666,-4.264,0.736,1.042,2,14,0,0.248,0,0,0.093,-0.755,-6.674,-4.477,0.523,1.020,2,14,0,0.206,0,0,0.038,2.178,-3.536,-4.474,0.526,1.057,2,14,0,0.180,0,0,0.176,-3.413,-3.860,-4.011,0.989,0.986,2,14,0,0.182,0,0,0.122,2.903,0.347,0,0,0.248,-0.691,-3.653,0.365,0.931
2034.0,-0.372,-2.707,-4.993,0.007,1.031,2,14,0,0.192,0,0,0.180,-0.491,0.285,-4.316,0.684,1.071,2,14,0,0.206,0,0,0.091,-0.426,-5.720,-4.416,0.584,1.021,2,14,0,0.175,0,0,0.054,2.491,-2.569,-4.473,0.527,1.037,2,14,0,0.180,0,0,0.169,-3.202,-2.881,-3.932,1.068,1.025,2,14,0,0.218,0,0,0.031,2.913,0.246,0,0,0.218,-0.373,-2.705,0.271,0.963
2035.0,-0.199,-1.625,-4.992,0.008,1.038,2,14,0,0.188,0,0,0.160,-0.174,1.280,-4.279,0.721,1.087,2,14,0,0.174,0,0,0.080,-0.105,-4.758,-4.458,0.542,1.012,2,14,0,0.178,0,0,0.144,2.658,-1.632,-4.496,0.504,1.037,2,14,0,0.185,0,0,0.128,-2.892,-1.853,-3.969,1.031,1.043,2,14,0,0.182,0,0,0.086,2.889,0.287,0,0,0.188,-0.151,-1.731,0.173,0.985
2036.0,-0.057,-0.638,-5.057,-0.057,0.990,2,14,0,0.192,0,0,0.179,-0.015,2.300,-4.271,0.729,1.090,2,14,0,0.177,0,0,0.093,0.068,-3.788,-4.420,0.580,1.014,2,14,0,0.183,0,0,0.193,2.793,-0.580,-4.535,0.465,1.063,2,14,0,0.190,0,0,0.123,-2.706,-0.825,-3.984,1.016,1.028,2,14,0,0.193,0,0,0.153,2.864,0.333,0,0,0.193,-0.027,-0.739,0.074,0.997
2037.0,-0.123,0.326,-5.028,-0.028,0.980,2,14,0,0.190,0,0,0.082,0.107,3.369,-4.300,0.700,1.088,2,14,0,0.607,0,0,0.189,0.129,-2.757,-4.507,0.493,1.026,2,14,0,0.233,0,0,0.231,2.854,0.486,-4.512,0.488,1.047,2,14,0,0.180,0,0,0.175,-2.585,0.235,-3.999,1.001,1.016,2,14,0,0.466,0,0,0.270,2.670,0.420,0,0,0.607,-0.003,0.261,-0.026,1.000
2038.0,-0.190,1.330,-5.014,-0.014,0.980,2,14,0,0.184,0,0,0.093,0.159,4.467,-4.294,0.706,1.061,2,14,0,0.205,0,0,0.341,-0.023,-1.735,-4.478,0.522,1.034,2,14,0,0.205,0,0,0.161,2.768,1.459,-4.498,0.502,1.022,2,14,0,0.184,0,0,0.159,-2.687,1.171,-3.979,1.021,0.979,2,14,0,0.212,0,0,0.223,2.708,0.402,0,0,0.212,-0.079,1.257,-0.126,0.992
2039.0,-0.401,2.249,-5.040,-0.040,0.986,2,14,0,0.198,0,0,0.037,0.003,5.482,-4.264,0.736,1.030,2,14,0,0.176,0,0,0.372,-0.235,-0.718,-4.490,0.510,1.047,2,14,0,0.179,0,0,0.138,2.565,2.455,-4.521,0.479,1.033,2,14,0,0.154,0,0,0.136,-2.931,2.118,-3.920,1.080,1.022,2,14,0,0.221,0,0,0.148,2.770,0.352,0,0,0.221,-0.254,2.241,-0.224,0.975
2040.0,-0.633,3.173,-5.007,-0.007,1.015,2,14,0,0.242,0,0,0.083,-0.330,6.439,-4.246,0.754,1.008,2,14,0,0.173,0,0,0.320,-0.503,0.307,-4.484,0.516,1.034,2,14,0,0.192,0,0,0.182,2.322,3.507,-4.555,0.445,1.029,2,14,0,0.258,0,0,0.214,-3.274,3.109,-3.936,1.064,1.047,2,14,0,0.175,0,0,0.092,2.851,0.339,0,0,0.258,-0.527,3.203,-0.320,0.947
2041.0,-0.982,4.149,-4.975,0.025,1.047,2,14,0,0.225,0,0,0.096,-0.824,7.278,-4.250,0.750,1.013,2,14,0,0.173,0,0,0.164,-0.812,1.209,-4.442,0.558,0.999,2,14,0,0.178,0,0,0.210,2.002,4.434,-4.542,0.458,0.998,2,14,0,0.179,0,0,0.246,-3.661,4.057,-4.006,0.994,1.033,2,14,0,0.177,0,0,0.089,2.850,0.318,0,0,0.225,-0.894,4.133,-0.413,0.911
2042.0,-1.433,5.159,-4.981,0.019,1.060,2,14,0,0.161,0,0,0.162,-1.379,8.133,-4.245,0.755,1.036,2,14,0,0.153,0,0,0.065,-1.337,2.150,-4.426,0.574,1.026,2,14,0,0.331,0,0,0.196,1.472,5.318,-4.476,0.524,1.021,2,14,0,0.176,0,0,0.192,-4.059,4.928,-3.927,1.073,1.006,2,14,0,0.171,0,0,0.127,2.839,0.345,0,0,0.331,-1.352,5.021,-0.502,0.865
2043.0,-1.942,6.083,-5.020,-0.020,1.035,2,14,0,0.191,0,0,0.257,-2.031,8.973,-4.308,0.692,1.046,2,14,0,0.172,0,0,0.074,-1.897,2.936,-4.458,0.542,1.013,2,14,0,0.215,0,0,0.146,0.797,6.096,-4.469,0.531,1.018,2,14,0,0.178,0,0,0.086,-4.599,5.779,-3.875,1.125,1.045,2,14,0,0.176,0,0,0.137,2.794,0.386,0,0,0.215,-1.897,5.860,-0.586,0.810
2044.0,-2.500,6.879,-5.041,-0.041,1.001,2,14,0,0.188,0,0,0.310,-2.651,9.761,-4.295,0.705,1.024,2,14,0,0.185,0,0,0.074,-2.577,3.656,-4.455,0.545,1.030,2,14,0,0.173,0,0,0.065,0.196,6.821,-4.535,0.465,1.000,2,14,0,0.178,0,0,0.034,-5.323,6.580,-3.946,1.054,1.048,2,14,0,0.209,0,0,0.089,2.743,0.336,0,0,0.209,-2.522,6.639,-0.664,0.748
2045.0,-3.307,7.525,-5.005,-0.005,1.038,2,14,0,0.193,0,0,0.193,-3.353,10.489,-4.261,0.739,0.995,2,14,0,0.202,0,0,0.088,-3.355,4.397,-4.415,0.585,1.053,2,14,0,0.152,0,0,0.085,-0.475,7.560,-4.541,0.459,1.010,2,14,0,0.179,0,0,0.072,-6.061,7.319,-3.940,1.060,1.033,2,14,0,0.180,0,0,0.112,2.870,0.327,0,0,0.202,-3.222,7.353,-0.735,0.678
2046.0,-4.158,8.067,-4.950,0.050,1.034,2,14,0,0.190,0,0,0.070,-4.097,11.203,-4.296,0.704,1.001,2,14,0,0.170,0,0,0.142,-4.125,5.044,-4.408,0.592,1.013,2,14,0,0.185,0,0,0.094,-1.292,8.217,-4.499,0.501,1.033,2,14,0,0.181,0,0,0.070,-6.751,8.043,-3.963,1.037,1.013,2,14,0,0.179,0,0,0.202,2.775,0.375,0,0,0.190,-3.990,7.993,-0.799,0.601
2047.0,-4.996,8.564,-4.999,0.001,1.036,2,14,0,0.220,0,0,0.010,-4.901,11.788,-4.297,0.703,0.979,2,14,0,0.174,0,0,0.159,-4.921,5.577,-4.453,0.547,0.994,2,14,0,0.173,0,0,0.056,-2.143,8.826,-4.564,0.436,1.028,2,14,0,0.199,0,0,0.123,-7.662,8.606,-4.024,0.976,1.015,2,14,0,0.178,0,0,0.195,2.838,0.425,0,0,0.220,-4.818,8.553,-0.855,0.518
2048.0,-5.896,9.056,-4.986,0.014,1.047,2,14,0,0.190,0,0,0.022,-5.774,12.263,-4.282,0.718,0.967,2,14,0,0.171,0,0,0.165,-5.799,6.091,-4.507,0.493,1.005,2,14,0,0.204,0,0,0.100,-2.985,9.321,-4.518,0.482,1.000,2,14,0,0.151,0,0,0.141,-8.507,9.055,-3.994,1.006,0.986,2,14,0,0.178,0,0,0.173,2.793,0.411,0,0,0.204,-5.698,9.027,-0.903,0.430
2049.0,-6.833,9.476,-5.044,-0.044,1.038,2,14,0,0.188,0,0,0.062,-6.606,12.625,-4.252,0.748,0.965,2,14,0,0.175,0,0,0.164,-6.797,6.570,-4.478,0.522,1.009,2,14,0,0.208,0,0,0.211,-3.823,9.685,-4.492,0.508,0.998,2,14,0,0.177,0,0,0.153,-9.467,9.404,-3.991,1.009,1.002,2,14,0,0.172,0,0,0.140,2.837,0.340,0,0,0.208,-6.621,9.412,-0.941,0.338
2050.0,-7.804,9.816,-5.035,-0.035,1.032,2,14,0,0.189,0,0,0.113,-7.504,12.898,-4.309,0.691,1.002,2,14,0,0.175,0,0,0.190,-7.678,6.860,-4.458,0.542,0.947,2,14,0,0.147,0,0,0.192,-4.736,9.974,-4.465,0.535,1.052,2,14,0,0.194,0,0,0.184,-10.367,9.634,-3.969,1.031,0.994,2,14,0,0.189,0,0,0.084,2.781,0.315,0,0,0.194,-7.577,9.702,-0.970,0.242
2051.0,-8.738,10.084,-5.011,-0.011,1.002,2,14,0,0.201,0,0,0.184,-8.553,13.016,-4.310,0.690,1.070,2,14,0,0.224,0,0,0.090,-8.569,7.034,-4.470,0.530,0.974,2,14,0,0.181,0,0,0.189,-5.846,10.162,-4.535,0.465,1.101,2,14,0,0.459,0,0,0.113,-11.404,9.823,-3.933,1.067,1.031,2,14,0,0.180,0,0,0.077,2.887,0.393,0,0,0.459,-8.558,9.895,-0.990,0.144
2052.0,-9.795,10.269,-5.037,-0.037,1.033,2,14,0,0.193,0,0,0.278,-9.587,13.146,-4.312,0.688,1.093,2,14,0,0.170,0,0,0.088,-9.577,7.093,-4.539,0.461,1.034,2,14,0,0.178,0,0,0.147,-6.976,10.271,-4.525,0.475,1.080,2,14,0,0.188,0,0,0.175,-12.426,9.919,-3.894,1.106,1.021,2,14,0,0.180,0,0,0.090,2.865,0.508,0,0,0.193,-9.553,9.990,-0.999,0.045
2053.0,-10.835,10.293,-4.983,0.017,1.011,2,14,0,0.261,0,0,0.318,-10.717,13.158,-4.281,0.719,1.098,2,14,0,0.170,0,0,0.133,-10.627,7.067,-4.439,0.561,1.073,2,14,0,0.260,0,0,0.114,-8.022,10.296,-4.465,0.535,1.014,2,14,0,0.222,0,0,0.225,-13.406,9.943,-3.928,1.072,1.005,2,14,0,0.177,0,0,0.107,2.801,0.563,0,0,0.261,-10.552,9.985,-0.998,-0.055
2054.0,-11.853,10.086,-4.982,0.018,1.011,2,14,0,0.190,0,0,0.235,-11.772,13.075,-4.195,0.805,1.050,2,14,0,0.175,0,0,0.194,-11.719,7.002,-4.442,0.558,1.065,2,14,0,0.174,0,0,0.172,-9.036,10.255,-4.492,0.508,0.967,2,14,0,0.181,0,0,0.286,-14.441,9.857,-3.945,1.055,1.022,2,14,0,0.180,0,0,0.142,2.797,0.617,0,0,0.190,-11.547,9.880,-0.988,-0.155
2055.0,-12.749,9.752,-4.965,0.035,0.995,2,14,0,0.205,0,0,0.083,-12.732,12.868,-4.276,0.724,0.997,2,14,0,0.174,0,0,0.179,-12.795,6.752,-4.445,0.555,1.043,2,14,0,0.174,0,0,0.205,-9.948,10.051,-4.483,0.517,0.946,2,14,0,0.183,0,0,0.254,-15.450,9.643,-3.907,1.093,1.017,2,14,0,0.177,0,0,0.152,2.857,0.566,0,0,0.205,-12.525,9.676,-0.968,-0.253
2056.0,-13.624,9.357,-4.971,0.029,1.014,2,14,0,0.224,0,0,0.043,-13.684,12.603,-4.259,0.741,0.978,2,14,0,0.170,0,0,0.202,-13.692,6.404,-4.462,0.538,0.995,2,14,0,0.176,0,0,0.133,-10.814,9.695,-4.530,0.470,0.981,2,14,0,0.177,0,0,0.169,-16.399,9.317,-3.906,1.094,1.006,2,14,0,0.178,0,0,0.131,2.864,0.463,0,0,0.224,-13.478,9.376,-0.938,-0.348
2057.0,-14.570,8.934,-4.949,0.051,1.044,2,14,0,0.189,0,0,0.051,-14.579,12.225,-4.278,0.722,0.986,2,14,0,0.172,0,0,0.202,-14.586,6.060,-4.438,0.562,0.979,2,14,0,0.176,0,0,0.145,-11.646,9.198,-4.558,0.442,1.021,2,14,0,0.187,0,0,0.078,-17.289,8.970,-3.922,1.078,1.001,2,14,0,0.182,0,0,0.150,2.907,0.330,0,0,0.189,-14.397,8.981,-0.898,-0.440
2058.0,-15.558,8.478,-4.992,0.008,1.036,2,14,0,0.270,0,0,0.100,-15.447,11.707,-4.267,0.733,1.019,2,14,0,0.154,0,0,0.169,-15.379,5.556,-4.488,0.512,0.997,2,14,0,0.199,0,0,0.088,-12.520,8.674,-4.517,0.483,1.060,2,14,0,0.188,0,0,0.064,-18.187,8.492,-3.933,1.067,1.025,2,14,0,0.274,0,0,0.167,2.834,0.304,0,0,0.274,-15.272,8.498,-0.850,-0.527
2059.0,-16.393,7.990,-5.060,-0.060,0.985,2,14,0,0.164,0,0,0.131,-16.236,11.095,-4.292,0.708,1.018,2,14,0,0.213,0,0,0.115,-16.239,4.973,-4.471,0.529,1.034,2,14,0,0.180,0,0,0.086,-13.419,8.122,-4.529,0.471,1.080,2,14,0,0.187,0,0,0.042,-19.029,7.911,-3.984,1.016,1.039,2,14,0,0.192,0,0,0.170,2.849,0.378,0,0,0.213,-16.094,7.929,-0.793,-0.609
2060.0,-17.212,7.405,-5.018,-0.018,0.996,2,14,0,0.283,0,0,0.210,-16.980,10.348,-4.286,0.714,1.041,2,14,0,0.180,0,0,0.052,-17.010,4.393,-4.496,0.504,1.037,2,14,0,0.181,0,0,0.150,-14.351,7.503,-4.477,0.523,1.064,2,14,0,0.185,0,0,0.206,-19.787,7.200,-4.004,0.996,1.049,2,14,0,0.183,0,0,0.127,2.775,0.544,0,0,0.283,-16.855,7.281,-0.728,-0.685
2061.0,-17.961,6.776,-4.986,0.014,0.996,2,14,0,0.197,0,0,0.314,-17.707,9.615,-4.314,0.686,1.024,2,14,0,0.177,0,0,0.088,-17.762,3.618,-4.419,0.581,1.073,2,14,0,0.155,0,0,0.147,-15.128,6.772,-4.510,0.490,1.019,2,14,0,0.186,0,0,0.286,-20.447,6.453,-4.015,0.985,1.037,2,14,0,0.185,0,0,0.083,2.689,0.619,0,0,0.197,-17.548,6.560,-0.656,-0.755
2062.0,-18.571,5.943,-4.988,0.012,1.046,2,14,0,0.194,0,0,0.280,-18.323,8.844,-4.275,0.725,1.002,2,14,0,0.239,0,0,0.085,-18.364,2.787,-4.392,0.608,1.057,2,14,0,0.177,0,0,0.114,-15.599,5.991,-4.514,0.486,0.974,2,14,0,0.189,0,0,0.150,-21.059,5.658,-3.907,1.093,1.042,2,14,0,0.184,0,0,0.077,2.728,0.486,0,0,0.239,-18.165,5.774,-0.577,-0.816
2063.0,-18.993,4.999,-4.985,0.015,1.064,2,14,0,0.201,0,0,0.129,-18.877,8.042,-4.263,0.737,0.992,2,14,0,0.208,0,0,0.106,-18.889,1.892,-4.414,0.586,1.046,2,14,0,0.179,0,0,0.093,-16.042,5.151,-4.508,0.492,1.005,2,14,0,0.225,0,0,0.075,-21.615,4.754,-4.024,0.976,1.038,2,14,0,0.188,0,0,0.096,2.803,0.407,0,0,0.225,-18.700,4.930,-0.493,-0.870
2064.0,-19.355,4.028,-5.035,-0.035,1.065,2,14,0,0.184,0,0,0.028,-19.396,7.136,-4.240,0.760,1.011,2,14,0,0.174,0,0,0.173,-19.322,0.976,-4.428,0.572,1.018,2,14,0,0.176,0,0,0.085,-16.538,4.265,-4.551,0.449,1.025,2,14,0,0.413,0,0,0.112,-22.116,3.868,-3.988,1.012,1.010,2,14,0,0.176,0,0,0.141,2.867,0.451,0,0,0.413,-19.149,4.037,-0.404,-0.915
2065.0,-19.636,3.069,-5.058,-0.058,1.054,2,14,0,0.217,0,0,0.062,-19.755,6.171,-4.332,0.668,1.004,2,14,0,0.228,0,0,0.176,-19.772,0.095,-4.419,0.581,1.006,2,14,0,0.188,0,0,0.171,-16.865,3.314,-4.525,0.475,1.052,2,14,0,0.185,0,0,0.078,-22.465,2.957,-3.999,1.001,0.989,2,14,0,0.177,0,0,0.136,2.832,0.416,0,0,0.228,-19.506,3.103,-0.310,-0.951
2066.0,-19.963,2.089,-5.028,-0.028,1.044,2,14,0,0.194,0,0,0.057,-19.952,5.229,-4.288,0.712,1.000,2,14,0,0.175,0,0,0.110,-20.061,-0.843,-4.420,0.580,1.006,2,14,0,0.184,0,0,0.200,-17.193,2.225,-4.541,0.459,1.072,2,14,0,0.180,0,0,0.141,-22.777,2.018,-3.964,1.036,0.995,2,14,0,0.249,0,0,0.187,2.816,0.433,0,0,0.249,-19.769,2.139,-0.214,-0.977
2067.0,-20.226,1.142,-5.032,-0.032,1.014,2,14,0,0.187,0,0,0.110,-20.115,4.263,-4.257,0.743,1.027,2,14,0,0.180,0,0,0.113,-20.224,-1.808,-4.462,0.538,1.031,2,14,0,0.179,0,0,0.204,-17.433,1.217,-4.488,0.512,1.019,2,14,0,0.183,0,0,0.219,-22.926,1.059,-3.991,1.009,1.015,2,14,0,0.182,0,0,0.177,2.846,0.504,0,0,0.187,-19.933,1.153,-0.115,-0.993
2068.0,-20.431,0.145,-4.966,0.034,1.014,2,14,0,0.194,0,0,0.250,-20.193,3.263,-4.275,0.725,1.042,2,14,0,0.212,0,0,0.122,-20.237,-2.842,-4.453,0.547,1.062,2,14,0,0.180,0,0,0.146,-17.440,0.257,-4.514,0.486,0.977,2,14,0,0.184,0,0,0.150,-22.935,0.030,-3.958,1.042,1.061,2,14,0,0.180,0,0,0.114,2.702,0.453,0,0,0.212,-19.999,0.155,-0.016,-1.000
2069.0,-20.474,-0.875,-5.010,-0.010,1.025,2,14,0,0.216,0,0,0.331,-20.146,2.148,-4.308,0.692,1.071,2,14,0,0.176,0,0,0.137,-20.104,-3.883,-4.425,0.575,1.067,2,14,0,0.185,0,0,0.043,-17.360,-0.690,-4.535,0.465,0.985,2,14,0,0.205,0,0,0.092,-22.867,-1.008,-3.912,1.088,1.056,2,14,0,0.178,0,0,0.082,2.637,0.511,0,0,0.216,-19.964,-0.844,0.084,-0.996
2070.0,-20.282,-1.848,-4.925,0.075,1.053,2,14,0,0.195,0,0,0.272,-19.967,1.147,-4.280,0.720,1.022,2,14,0,0.179,0,0,0.116,-19.972,-4.978,-4.467,0.533,1.064,2,14,0,0.176,0,0,0.123,-17.221,-1.699,-4.470,0.530,1.016,2,14,0,0.182,0,0,0.091,-22.699,-2.052,-3.922,1.078,1.050,2,14,0,0.180,0,0,0.080,2.624,0.452,0,0,0.195,-19.830,-1.834,0.183,-0.983
2071.0,-19.904,-2.780,-4.963,0.037,1.081,2,14,0,0.192,0,0,0.133,-19.726,0.206,-4.263,0.737,1.000,2,14,0,0.221,0,0,0.081,-19.758,-6.029,-4.447,0.553,1.017,2,14,0,0.255,0,0,0.212,-16.979,-2.677,-4.535,0.465,1.028,2,14,0,0.183,0,0,0.082,-22.592,-2.999,-3.976,1.024,1.017,2,14,0,0.177,0,0,0.177,2.872,0.402,0,0,0.255,-19.598,-2.807,0.281,-0.960
2072.0,-19.435,-3.796,-5.040,-0.040,1.103,2,14,0,0.190,0,0,0.044,-19.426,-0.796,-4.283,0.717,1.002,2,14,0,0.174,0,0,0.144,-19.427,-6.978,-4.533,0.467,0.960,2,14,0,0.225,0,0,0.215,-16.683,-3.633,-4.518,0.482,1.024,2,14,0,0.473,0,0,0.116,-22.316,-3.970,-4.000,1.000,1.047,2,14,0,0.179,0,0,0.235,2.806,0.430,0,0,0.473,-19.270,-3.751,0.375,-0.927
2073.0,-19.082,-4.762,-5.047,-0.047,1.058,2,14,0,0.187,0,0,0.116,-19.058,-1.717,-4.340,0.660,0.986,2,14,0,0.320,0,0,0.188,-19.008,-7.801,-4.476,0.524,0.923,2,14,0,0.176,0,0,0.133,-16.317,-4.608,-4.488,0.512,1.052,2,14,0,0.158,0,0,0.197,-21.787,-4.960,-3.976,1.024,1.064,2,14,0,0.182,0,0,0.195,2.825,0.470,0,0,0.320,-18.849,-4.657,0.466,-0.885
2074.0,-18.538,-5.634,-5.020,-0.020,1.029,2,14,0,0.251,0,0,0.123,-18.550,-2.539,-4.268,0.732,0.991,2,14,0,0.175,0,0,0.166,-18.571,-8.535,-4.438,0.562,0.939,2,14,0,0.178,0,0,0.131,-15.732,-5.520,-4.518,0.482,1.049,2,14,0,0.292,0,0,0.182,-21.186,-5.833,-3.938,1.062,1.032,2,14,0,0.178,0,0,0.172,2.853,0.392,0,0,0.292,-18.340,-5.518,0.552,-0.834
2075.0,-17.985,-6.463,-4.947,0.053,1.005,2,14,0,0.217,0,0,0.152,-17.971,-3.321,-4.267,0.733,1.024,2,14,0,0.172,0,0,0.167,-17.992,-9.323,-4.468,0.532,1.012,2,14,0,0.250,0,0,0.141,-15.137,-6.335,-4.517,0.483,1.013,2,14,0,0.179,0,0,0.190,-20.540,-6.619,-4.009,0.991,0.994,2,14,0,0.175,0,0,0.154,2.727,0.390,0,0,0.250,-17.747,-6.323,0.632,-0.775
2076.0,-17.245,-7.251,-5.010,-0.010,0.995,2,14,0,0.195,0,0,0.192,-17.277,-4.028,-4.319,0.681,1.046,2,14,0,0.174,0,0,0.127,-17.263,-10.134,-4.444,0.556,1.080,2,14,0,0.177,0,0,0.095,-14.463,-7.024,-4.548,0.452,1.003,2,14,0,0.230,0,0,0.143,-19.913,-7.333,-3.955,1.045,0.952,2,14,0,0.390,0,0,0.119,2.830,0.387,0,0,0.390,-17.078,-7.065,0.706,-0.708
2077.0,-16.498,-7.810,-5.062,-0.062,0.949,2,14,0,0.198,0,0,0.077,-16.540,-4.720,-4.284,0.716,1.078,2,14,0,0.173,0,0,0.139,-16.483,-10.926,-4.441,0.559,1.084,2,14,0,0.336,0,0,0.172,-13.683,-7.687,-4.541,0.459,1.020,2,14,0,0.178,0,0,0.116,-19.150,-7.885,-3.909,1.091,0.967,2,14,0,0.177,0,0,0.010,2.866,0.350,0,0,0.336,-16.337,-7.736,0.774,-0.634
2078.0,-15.726,-8.325,-5.074,-0.074,0.965,2,14,0,0.185,0,0,0.019,-15.652,-5.388,-4.232,0.768,1.097,2,14,0,0.214,0,0,0.139,-15.666,-11.548,-4.438,0.562,1.031,2,14,0,0.428,0,0,0.192,-12.823,-8.229,-4.505,0.495,1.008,2,14,0,0.189,0,0,0.054,-18.410,-8.494,-3.946,1.054,0.995,2,14,0,0.176,0,0,0.057,2.917,0.307,0,0,0.428,-15.533,-8.330,0.833,-0.553
2079.0,-14.918,-8.898,-5.050,-0.050,0.999,2,14,0,0.189,0,0,0.091,-14.753,-5.923,-4.243,0.757,1.057,2,14,0,0.323,0,0,0.158,-14.862,-12.053,-4.450,0.550,1.007,2,14,0,0.179,0,0,0.205,-11.985,-8.769,-4.589,0.411,1.020,2,14,0,0.182,0,0,0.080,-17.624,-9.005,-3.926,1.074,1.025,2,14,0,0.184,0,0,0.128,2.932,0.320,0,0,0.323,-14.674,-8.841,0.884,-0.467
2080.0,-14.072,-9.341,-5.031,-0.031,1.021,2,14,0,0.160,0,0,0.148,-13.774,-6.324,-4.299,0.701,1.021,2,14,0,0.179,0,0,0.155,-13.947,-12.415,-4.503,0.497,1.033,2,14,0,0.177,0,0,0.147,-10.994,-9.247,-4.505,0.495,1.019,2,14,0,0.179,0,0,0.162,-16.667,-9.459,-3.980,1.020,1.081,2,14,0,0.226,0,0,0.096,2.802,0.314,0,0,0.226,-13.768,-9.263,0.926,-0.377
2081.0,-13.132,-9.703,-4.960,0.040,1.069,2,14,0,0.207,0,0,0.176,-12.811,-6.612,-4.356,0.644,0.983,2,14,0,0.171,0,0,0.134,-12.933,-12.759,-4.425,0.575,1.058,2,14,0,0.171,0,0,0.139,-10.085,-9.581,-4.520,0.480,0.977,2,14,0,0.231,0,0,0.152,-15.699,-9.882,-3.961,1.039,1.077,2,14,0,0.177,0,0,0.152,2.760,0.327,0,0,0.231,-12.824,-9.593,0.959,-0.282
2082.0,-12.079,-10.024,-5.017,-0.017,1.101,2,14,0,0.227,0,0,0.207,-11.859,-6.819,-4.258,0.742,0.971,2,14,0,0.207,0,0,0.099,-11.852,-12.927,-4.466,0.534,1.046,2,14,0,0.174,0,0,0.132,-9.128,-9.829,-4.567,0.433,0.977,2,14,0,0.208,0,0,0.159,-14.696,-10.237,-3.950,1.050,1.071,2,14,0,0.191,0,0,0.266,2.834,0.439,0,0,0.227,-11.852,-9.827,0.983,-0.185
2083.0,-10.985,-10.140,-5.019,-0.019,1.076,2,14,0,0.222,0,0,0.189,-10.867,-7.021,-4.268,0.732,0.960,2,14,0,0.312,0,0,0.151,-10.855,-13.086,-4.458,0.542,1.002,2,14,0,0.180,0,0,0.149,-8.158,-9.961,-4.547,0.453,0.985,2,14,0,0.180,0,0,0.154,-13.706,-10.382,-3.919,1.081,1.054,2,14,0,0.171,0,0,0.275,2.871,0.448,0,0,0.312,-10.862,-9.963,0.996,-0.086
2084.0,-9.946,-10.152,-5.041,-0.041,1.033,2,14,0,0.194,0,0,0.183,-9.936,-7.123,-4.220,0.780,0.958,2,14,0,0.236,0,0,0.197,-9.848,-13.189,-4.411,0.589,0.967,2,14,0,0.232,0,0,0.198,-7.149,-9.910,-4.519,0.481,1.016,2,14,0,0.148,0,0,0.067,-12.627,-10.346,-3.919,1.081,1.078,2,14,0,0.176,0,0,0.210,2.856,0.420,0,0,0.236,-9.863,-9.999,1.000,0.014
2085.0,-8.930,-10.045,-5.022,-0.022,1.026,2,14,0,0.254,0,0,0.163,-8.979,-7.043,-4.279,0.721,0.984,2,14,0,0.172,0,0,0.185,-8.939,-13.158,-4.422,0.578,0.951,2,14,0,0.179,0,0,0.195,-6.050,-9.889,-4.502,0.498,1.022,2,14,0,0.240,0,0,0.163,-11.476,-10.194,-3.964,1.036,1.050,2,14,0,0.175,0,0,0.241,2.761,0.468,0,0,0.254,-8.866,-9.935,0.994,0.113
2086.0,-7.978,-9.840,-4.986,0.014,0.986,2,14,0,0.187,0,0,0.105,-8.029,-6.863,-4.290,0.710,1.044,2,14,0,0.173,0,0,0.180,-7.985,-12.977,-4.456,0.544,0.992,2,14,0,0.227,0,0,0.172,-5.149,-9.775,-4.538,0.462,0.982,2,14,0,0.182,0,0,0.161,-10.500,-10.004,-3.973,1.027,0.968,2,14,0,0.176,0,0,0.220,2.723,0.444,0,0,0.227,-7.879,-9.773,0.977,0.212
2087.0,-6.976,-9.574,-4.976,0.024,0.986,2,14,0,0.190,0,0,0.132,-7.056,-6.517,-4.260,0.740,1.087,2,14,0,0.178,0,0,0.100,-7.035,-12.613,-4.479,0.521,1.032,2,14,0,0.173,0,0,0.075,-4.203,-9.492,-4.519,0.481,1.014,2,14,0,0.186,0,0,0.138,-9.636,-9.701,-3.919,1.081,0.930,2,14,0,0.180,0,0,0.111,2.812,0.337,0,0,0.190,-6.914,-9.512,0.951,0.309
2088.0,-6.090,-9.237,-5.012,-0.012,0.970,2,14,0,0.194,0,0,0.111,-6.066,-6.137,-4.280,0.720,1.104,2,14,0,0.173,0,0,0.053,-6.010,-12.168,-4.446,0.554,1.061,2,14,0,0.251,0,0,0.071,-3.305,-9.096,-4.504,0.496,1.042,2,14,0,0.460,0,0,0.096,-8.791,-9.306,-3.944,1.056,0.935,2,14,0,0.170,0,0,0.013,2.834,0.330,0,0,0.460,-5.980,-9.156,0.916,0.402
2089.0,-5.172,-8.779,-4.975,0.025,0.999,2,14,0,0.190,0,0,0.121,-5.101,-5.678,-4.250,0.750,1.096,2,14,0,0.172,0,0,0.074,-4.993,-11.759,-4.438,0.562,1.017,2,14,0,0.231,0,0,0.195,-2.371,-8.567,-4.425,0.575,1.071,2,14,0,0.184,0,0,0.023,-7.926,-8.880,-3.983,1.017,0.986,2,14,0,0.309,0,0,0.030,2.862,0.319,0,0,0.309,-5.086,-8.709,0.871,0.491
2090.0,-4.333,-8.182,-4.943,0.057,0.997,2,14,0,0.185,0,0,0.090,-4.055,-5.172,-4.290,0.710,1.057,2,14,0,0.204,0,0,0.271,-4.150,-11.259,-4.423,0.577,0.974,2,14,0,0.176,0,0,0.200,-1.449,-8.067,-4.521,0.479,1.053,2,14,0,0.247,0,0,0.107,-6.980,-8.406,-3.949,1.051,1.014,2,14,0,0.185,0,0,0.120,2.837,0.348,0,0,0.247,-4.241,-8.175,0.818,0.576
2091.0,-3.574,-7.570,-5.021,-0.021,0.980,2,14,0,0.204,0,0,0.058,-3.223,-4.555,-4.362,0.638,0.989,2,14,0,0.166,0,0,0.316,-3.422,-10.698,-4.442,0.558,0.955,2,14,0,0.202,0,0,0.170,-0.612,-7.504,-4.517,0.483,1.019,2,14,0,0.172,0,0,0.172,-6.189,-7.804,-3.984,1.016,1.027,2,14,0,0.174,0,0,0.133,2.822,0.361,0,0,0.204,-3.454,-7.560,0.756,0.655
2092.0,-2.783,-7.001,-4.966,0.034,0.993,2,14,0,0.184,0,0,0.189,-2.633,-3.904,-4.304,0.696,0.941,2,14,0,0.166,0,0,0.207,-2.747,-10.005,-4.456,0.544,0.980,2,14,0,0.193,0,0,0.134,0.111,-6.859,-4.552,0.448,1.012,2,14,0,0.178,0,0,0.205,-5.465,-7.064,-3.927,1.073,1.039,2,14,0,0.173,0,0,0.103,2.877,0.331,0,0,0.193,-2.732,-6.868,0.687,0.727
2093.0,-2.121,-6.239,-5.002,-0.002,1.028,2,14,0,0.183,0,0,0.198,-2.068,-3.101,-4.279,0.721,0.980,2,14,0,0.167,0,0,0.115,-2.159,-9.276,-4.523,0.477,1.009,2,14,0,0.177,0,0,0.136,0.794,-6.043,-4.520,0.480,1.025,2,14,0,0.175,0,0,0.203,-4.771,-6.319,-3.938,1.062,1.030,2,14,0,0.169,0,0,0.150,2.857,0.376,0,0,0.183,-2.082,-6.108,0.611,0.792
2094.0,-1.544,-5.362,-5.079,-0.079,1.055,2,14,0,0.186,0,0,0.169,-1.505,-2.212,-4.288,0.712,1.013,2,14,0,0.170,0,0,0.086,-1.580,-8.441,-4.471,0.529,1.059,2,14,0,0.176,0,0,0.124,1.333,-5.118,-4.566,0.434,1.036,2,14,0,0.175,0,0,0.150,-4.177,-5.520,-3.949,1.051,1.028,2,14,0,0.175,0,0,0.181,2.870,0.408,0,0,0.186,-1.512,-5.287,0.529,0.849
2095.0,-1.050,-4.439,-5.014,-0.014,1.056,2,14,0,0.263,0,0,0.160,-1.037,-1.309,-4.230,0.770,1.012,2,14,0,0.358,0,0,0.076,-1.051,-7.487,-4.413,0.587,1.091,2,14,0,0.176,0,0,0.086,1.826,-4.231,-4.504,0.496,1.002,2,14,0,0.177,0,0,0.161,-3.686,-4.582,-3.962,1.038,1.045,2,14,0,0.173,0,0,0.166,2.841,0.380,0,0,0.358,-1.027,-4.414,0.441,0.897
2096.0,-0.671,-3.489,-4.970,0.030,1.038,2,14,0,0.187,0,0,0.141,-0.652,-0.390,-4.250,0.750,1.005,2,14,0,0.171,0,0,0.067,-0.606,-6.520,-4.453,0.547,1.076,2,14,0,0.174,0,0,0.124,2.205,-3.322,-4.552,0.448,0.990,2,14,0,0.178,0,0,0.142,-3.271,-3.637,-3.956,1.044,1.025,2,14,0,0.182,0,0,0.183,2.795,0.386,0,0,0.187,-0.631,-3.496,0.350,0.937
2097.0,-0.379,-2.523,-5.009,-0.009,1.037,2,14,0,0.185,0,0,0.132,-0.316,0.494,-4.248,0.752,0.998,2,14,0,0.173,0,0,0.095,-0.197,-5.508,-4.403,0.597,1.050,2,14,0,0.179,0,0,0.238,2.517,-2.392,-4.576,0.424,0.986,2,14,0,0.181,0,0,0.150,-3.020,-2.703,-4.000,1.000,1.009,2,14,0,0.175,0,0,0.133,2.833,0.348,0,0,0.185,-0.329,-2.543,0.254,0.967
2098.0,-0.225,-1.536,-5.017,-0.017,1.011,2,14,0,0.186,0,0,0.080,-0.063,1.407,-4.302,0.698,1.018,2,14,0,0.171,0,0,0.169,0.019,-4.517,-4.444,0.556,0.999,2,14,0,0.176,0,0,0.258,2.723,-1.416,-4.521,0.479,0.999,2,14,0,0.184,0,0,0.150,-2.781,-1.772,-4.004,0.996,1.012,2,14,0,0.172,0,0,0.177,2.759,0.400,0,0,0.186,-0.123,-1.565,0.156,0.988
2099.0,-0.166,-0.548,-4.989,0.011,1.014,2,14,0,0.185,0,0,0.033,0.069,2.433,-4.290,0.710,1.055,2,14,0,0.171,0,0,0.174,0.053,-3.551,-4.488,0.512,0.973,2,14,0,0.206,0,0,0.178,2.764,-0.422,-4.470,0.530,1.020,2,14,0,0.182,0,0,0.086,-2.692,-0.767,-4.004,0.996,1.042,2,14,0,0.179,0,0,0.157,2.720,0.379,0,0,0.206,-0.016,-0.571,0.057,0.998
2100.0,-0.162,0.465,-5.003,-0.003,1.014,2,14,0,0.195,0,0,0.037,0.080,3.509,-4.333,0.667,1.072,2,14,0,0.203,0,0,0.167,0.045,-2.566,-4.454,0.546,0.989,2,14,0,0.176,0,0,0.158,2.739,0.556,-4.468,0.532,1.023,2,14,0,0.180,0,0,0.060,-2.721,0.310,-3.991,1.009,1.068,2,14,0,0.177,0,0,0.114,2.756,0.312,0,0,0.203,-0.009,0.429,-0.043,0.999
2101.0,-0.181,1.440,-4.999,0.001,1.013,2,14,0,0.231,0,0,0.103,0.080,4.566,-4.299,0.701,1.060,2,14,0,0.172,0,0,0.265,-0.053,-1.620,-4.478,0.522,0.996,2,14,0,0.170,0,0,0.148,2.621,1.575,-4.486,0.514,1.046,2,14,0,0.257,0,0,0.027,-2.787,1.417,-3.937,1.063,1.055,2,14,0,0.176,0,0,0.196,2.815,0.316,0,0,0.257,-0.102,1.424,-0.142,0.990
2102.0,-0.241,2.450,-5.015,-0.015,1.031,2,14,0,0.186,0,0,0.237,-0.138,5.601,-4.285,0.715,1.063,2,14,0,0.169,0,0,0.264,-0.338,-0.628,-4.418,0.582,1.041,2,14,0,0.179,0,0,0.052,2.531,2.601,-4.547,0.453,1.043,2,14,0,0.179,0,0,0.130,-3.020,2.417,-4.031,0.969,1.020,2,14,0,0.173,0,0,0.185,2.814,0.274,0,0,0.186,-0.294,2.405,-0.241,0.971
2103.0,-0.511,3.407,-4.968,0.032,1.026,2,14,0,0.192,0,0,0.255,-0.489,6.613,-4.274,0.726,1.048,2,14,0,0.210,0,0,0.246,-0.616,0.360,-4.447,0.553,1.042,2,14,0,0.176,0,0,0.070,2.319,3.642,-4.524,0.476,1.036,2,14,0,0.160,0,0,0.239,-3.380,3.336,-4.016,0.984,0.983,2,14,0,0.191,0,0,0.122,2.874,0.297,0,0,0.210,-0.582,3.362,-0.336,0.942
2104.0,-0.868,4.370,-4.993,0.007,1.066,2,14,0,0.192,0,0,0.289,-0.901,7.522,-4.282,0.718,1.007,2,14,0,0.171,0,0,0.219,-1.013,1.379,-4.484,0.516,1.040,2,14,0,0.171,0,0,0.134,1.868,4.589,-4.541,0.459,1.006,2,14,0,0.191,0,0,0.203,-3.709,4.216,-3.962,1.038,0.960,2,14,0,0.199,0,0,0.109,2.782,0.347,0,0,0.199,-0.965,4.285,-0.429,0.904
2105.0,-1.431,5.324,-5.026,-0.026,1.099,2,14,0,0.338,0,0,0.242,-1.450,8.326,-4.266,0.734,0.998,2,14,0,0.171,0,0,0.110,-1.478,2.295,-4.410,0.590,1.007,2,14,0,0.174,0,0,0.171,1.401,5.449,-4.530,0.470,0.999,2,14,0,0.359,0,0,0.191,-4.118,5.025,-4.009,0.991,0.978,2,14,0,0.196,0,0,0.143,2.878,0.349,0,0,0.359,-1.438,5.166,-0.517,0.856
2106.0,-2.100,6.150,-4.991,0.009,1.079,2,14,0,0.186,0,0,0.166,-2.127,9.074,-4.233,0.767,1.020,2,14,0,0.173,0,0,0.055,-1.979,3.107,-4.473,0.527,0.983,2,14,0,0.175,0,0,0.187,0.878,6.272,-4.615,0.385,1.009,2,14,0,0.176,0,0,0.214,-4.653,5.839,-3.949,1.051,1.034,2,14,0,0.174,0,0,0.167,2.775,0.377,0,0,0.186,-1.996,5.995,-0.600,0.800
2107.0,-2.857,6.900,-4.996,0.004,1.052,2,14,0,0.228,0,0,0.130,-2.815,9.867,-4.305,0.695,1.015,2,14,0,0.169,0,0,0.112,-2.631,3.809,-4.529,0.471,0.991,2,14,0,0.177,0,0,0.125,0.147,6.993,-4.498,0.502,1.050,2,14,0,0.185,0,0,0.115,-5.330,6.615,-3.909,1.091,1.090,2,14,0,0.179,0,0,0.128,2.716,0.339,0,0,0.228,-2.635,6.764,-0.676,0.737
2108.0,-3.659,7.590,-4.992,0.008,1.012,2,14,0,0.190,0,0,0.169,-3.486,10.614,-4.281,0.719,0.995,2,14,0,0.223,0,0,0.101,-3.340,4.551,-4.471,0.529,1.028,2,14,0,0.149,0,0,0.156,-0.630,7.705,-4.507,0.493,1.061,2,14,0,0.202,0,0,0.088,-6.100,7.370,-3.939,1.061,1.108,2,14,0,0.202,0,0,0.086,2.668,0.371,0,0,0.223,-3.347,7.466,-0.747,0.665
2109.0,-4.401,8.260,-5.013,-0.013,0.964,2,14,0,0.197,0,0,0.181,-4.238,11.310,-4.311,0.689,0.976,2,14,0,0.208,0,0,0.150,-4.158,5.157,-4.415,0.585,1.036,2,14,0,0.177,0,0,0.117,-1.491,8.340,-4.518,0.482,1.047,2,14,0,0.190,0,0,0.114,-6.952,8.127,-3.906,1.094,1.104,2,14,0,0.162,0,0,0.174,2.785,0.442,0,0,0.208,-4.125,8.093,-0.809,0.587
2110.0,-5.183,8.746,-5.024,-0.024,0.935,2,14,0,0.188,0,0,0.103,-4.906,11.898,-4.250,0.750,0.949,2,14,0,0.262,0,0,0.228,-5.038,5.672,-4.414,0.586,1.050,2,14,0,0.173,0,0,0.068,-2.397,8.910,-4.525,0.475,1.014,2,14,0,0.185,0,0,0.169,-7.868,8.768,-3.946,1.054,1.045,2,14,0,0.174,0,0,0.286,2.835,0.512,0,0,0.262,-4.963,8.639,-0.864,0.504
2111.0,-6.067,9.191,-4.977,0.023,0.963,2,14,0,0.190,0,0,0.095,-5.813,12.390,-4.261,0.739,1.005,2,14,0,0.170,0,0,0.246,-5.969,6.203,-4.462,0.538,1.049,2,14,0,0.176,0,0,0.137,-3.270,9.373,-4.512,0.488,0.958,2,14,0,0.183,0,0,0.172,-8.714,9.229,-3.928,1.072,0.970,2,14,0,0.178,0,0,0.279,2.841,0.502,0,0,0.190,-5.850,9.098,-0.910,0.415
2112.0,-6.915,9.546,-5.011,-0.011,0.962,2,14,0,0.195,0,0,0.086,-6.766,12.732,-4.240,0.760,1.027,2,14,0,0.170,0,0,0.210,-6.937,6.614,-4.455,0.545,1.019,2,14,0,0.177,0,0,0.189,-4.090,9.761,-4.499,0.501,0.930,2,14,0,0.177,0,0,0.141,-9.628,9.565,-4.010,0.990,0.959,2,14,0,0.176,0,0,0.245,2.879,0.428,0,0,0.195,-6.779,9.467,-0.947,0.322
2113.0,-7.848,9.839,-4.991,0.009,1.010,2,14,0,0.186,0,0,0.118,-7.779,12.939,-4.242,0.758,1.062,2,14,0,0.175,0,0,0.130,-7.889,6.906,-4.466,0.534,0.988,2,14,0,0.210,0,0,0.203,-4.987,10.026,-4.473,0.527,0.947,2,14,0,0.202,0,0,0.139,-10.572,9.723,-3.957,1.043,0.969,2,14,0,0.178,0,0,0.126,2.914,0.376,0,0,0.210,-7.741,9.741,-0.974,0.226
2114.0,-8.775,10.046,-5.007,-0.007,1.033,2,14,0,0.192,0,0,0.184,-8.788,13.087,-4.248,0.752,1.063,2,14,0,0.172,0,0,0.097,-8.818,7.030,-4.473,0.527,0.976,2,14,0,0.168,0,0,0.142,-5.950,10.224,-4.513,0.487,0.996,2,14,0,0.203,0,0,0.170,-11.628,9.819,-3.906,1.094,0.998,2,14,0,0.178,0,0,0.085,2.874,0.380,0,0,0.203,-8.724,9.918,-0.992,0.128
2115.0,-9.866,10.170,-5.017,-0.017,1.090,2,14,0,0.219,0,0,0.173,-9.845,13.099,-4.303,0.697,1.059,2,14,0,0.194,0,0,0.059,-9.843,7.129,-4.481,0.519,1.010,2,14,0,0.176,0,0,0.167,-6.971,10.270,-4.495,0.505,1.040,2,14,0,0.178,0,0,0.130,-12.588,9.869,-3.914,1.086,0.978,2,14,0,0.182,0,0,0.048,2.944,0.371,0,0,0.219,-9.721,9.996,-1.000,0.028
2116.0,-10.933,10.150,-5.004,-0.004,1.084,2,14,0,0.187,0,0,0.174,-10.868,13.055,-4.313,0.687,1.033,2,14,0,0.175,0,0,0.076,-10.957,7.032,-4.395,0.605,1.019,2,14,0,0.197,0,0,0.174,-7.975,10.220,-4.509,0.491,1.059,2,14,0,0.179,0,0,0.103,-13.525,9.887,-3.968,1.032,0.991,2,14,0,0.172,0,0,0.061,2.804,0.354,0,0,0.197,-10.720,9.974,-0.997,-0.072
2117.0,-11.944,9.991,-4.987,0.013,1.063,2,14,0,0.188,0,0,0.142,-11.856,12.940,-4.304,0.696,1.003,2,14,0,0.177,0,0,0.074,-11.840,6.900,-4.398,0.602,0.966,2,14,0,0.182,0,0,0.086,-9.007,10.110,-4.530,0.470,1.080,2,14,0,0.177,0,0,0.102,-14.469,9.804,-3.948,1.052,1.025,2,14,0,0.181,0,0,0.117,2.737,0.392,0,0,0.188,-11.712,9.852,-0.985,-0.171
2118.0,-13.051,9.773,-5.004,-0.004,1.068,2,14,0,0.191,0,0,0.228,-12.851,12.799,-4.307,0.693,0.990,2,14,0,0.174,0,0,0.128,-12.754,6.723,-4.465,0.535,0.992,2,14,0,0.148,0,0,0.124,-10.036,9.938,-4.494,0.506,1.074,2,14,0,0.184,0,0,0.157,-15.481,9.612,-3.939,1.061,1.071,2,14,0,0.181,0,0,0.129,2.658,0.463,0,0,0.191,-12.687,9.632,-0.963,-0.269
2119.0,-14.051,9.413,-4.993,0.007,1.003,2,14,0,0.193,0,0,0.252,-13.798,12.566,-4.263,0.737,0.990,2,14,0,0.174,0,0,0.196,-13.739,6.402,-4.423,0.577,1.043,2,14,0,0.171,0,0,0.115,-11.054,9.605,-4.492,0.508,1.068,2,14,0,0.183,0,0,0.181,-16.515,9.356,-3.925,1.075,1.078,2,14,0,0.174,0,0,0.194,2.687,0.509,0,0,0.193,-13.636,9.316,-0.932,-0.364
2120.0,-14.865,8.951,-4.989,0.011,0.952,2,14,0,0.196,0,0,0.138,-14.695,12.217,-4.294,0.706,1.009,2,14,0,0.177,0,0,0.246,-14.744,5.966,-4.422,0.578,1.066,2,14,0,0.203,0,0,0.138,-12.000,9.174,-4.477,0.523,1.040,2,14,0,0.181,0,0,0.188,-17.464,8.982,-4.023,0.977,1.064,2,14,0,0.176,0,0,0.240,2.772,0.525,0,0,0.203,-14.547,8.906,-0.891,-0.455
2121.0,-15.624,8.484,-4.959,0.041,0.961,2,14,0,0.247,0,0,0.080,-15.637,11.678,-4.311,0.689,1.060,2,14,0,0.147,0,0,0.246,-15.611,5.389,-4.481,0.519,1.034,2,14,0,0.174,0,0,0.104,-12.862,8.645,-4.530,0.470,1.012,2,14,0,0.180,0,0,0.169,-18.359,8.434,-4.008,0.992,1.072,2,14,0,0.179,0,0,0.211,2.800,0.507,0,0,0.247,-15.414,8.408,-0.841,-0.541
2122.0,-16.367,7.889,-4.998,0.002,1.004,2,14,0,0.192,0,0,0.079,-16.492,11.038,-4.267,0.733,1.060,2,14,0,0.170,0,0,0.237,-16.473,4.852,-4.464,0.536,1.011,2,14,0,0.173,0,0,0.165,-13.622,8.060,-4.539,0.461,0.999,2,14,0,0.181,0,0,0.125,-19.185,7.783,-3.958,1.042,1.076,2,14,0,0.151,0,0,0.170,2.788,0.460,0,0,0.192,-16.226,7.825,-0.783,-0.623
2123.0,-17.169,7.199,-4.989,0.011,1.058,2,14,0,0.190,0,0,0.035,-17.205,10.295,-4.305,0.695,1.034,2,14,0,0.173,0,0,0.167,-17.190,4.252,-4.460,0.540,0.975,2,14,0,0.150,0,0,0.166,-14.276,7.417,-4.516,0.484,1.005,2,14,0,0.318,0,0,0.095,-19.934,6.995,-4.000,1.000,1.056,2,14,0,0.176,0,0,0.137,2.939,0.392,0,0,0.318,-16.976,7.165,-0.716,-0.698
2124.0,-17.924,6.480,-4.964,0.036,1.056,2,14,0,0.193,0,0,0.093,-17.833,9.506,-4.299,0.701,1.014,2,14,0,0.171,0,0,0.103,-17.785,3.498,-4.492,0.508,1.008,2,14,0,0.181,0,0,0.095,-14.998,6.657,-4.571,0.429,1.056,2,14,0,0.174,0,0,0.078,-20.652,6.236,-4.005,0.995,1.015,2,14,0,0.174,0,0,0.179,2.902,0.409,0,0,0.193,-17.657,6.432,-0.643,-0.766
2125.0,-18.581,5.784,-5.022,-0.022,1.040,2,14,0,0.194,0,0,0.199,-18.379,8.731,-4.228,0.772,1.005,2,14,0,0.278,0,0,0.049,-18.395,2.641,-4.496,0.504,1.044,2,14,0,0.176,0,0,0.049,-15.744,5.846,-4.394,0.606,1.062,2,14,0,0.182,0,0,0.189,-21.244,5.485,-3.987,1.013,0.963,2,14,0,0.440,0,0,0.156,2.873,0.527,0,0,0.440,-18.261,5.636,-0.564,-0.826
2126.0,-19.182,4.945,-5.040,-0.040,1.075,2,14,0,0.166,0,0,0.270,-18.844,7.886,-4.239,0.761,1.019,2,14,0,0.170,0,0,0.028,-19.009,1.752,-4.434,0.566,1.049,2,14,0,0.202,0,0,0.135,-16.292,4.922,-4.498,0.502,1.037,2,14,0,0.303,0,0,0.211,-21.735,4.598,-3.979,1.021,0.972,2,14,0,0.207,0,0,0.135,2.786,0.529,0,0,0.303,-18.782,4.783,-0.478,-0.878
2127.0,-19.633,3.917,-5.005,-0.005,1.087,2,14,0,0.229,0,0,0.236,-19.324,6.979,-4.293,0.707,1.044,2,14,0,0.174,0,0,0.038,-19.464,0.843,-4.444,0.556,1.017,2,14,0,0.204,0,0,0.157,-16.689,3.998,-4.532,0.468,0.991,2,14,0,0.205,0,0,0.172,-22.085,3.766,-3.966,1.034,0.961,2,14,0,0.176,0,0,0.054,2.667,0.487,0,0,0.229,-19.216,3.882,-0.388,-0.922
2128.0,-19.941,2.923,-5.041,-0.041,1.053,2,14,0,0.273,0,0,0.202,-19.728,6.007,-4.264,0.736,1.053,2,14,0,0.174,0,0,0.095,-19.801,-0.098,-4.462,0.538,1.007,2,14,0,0.172,0,0,0.151,-17.001,3.095,-4.553,0.447,0.976,2,14,0,0.184,0,0,0.139,-22.487,2.922,-3.891,1.109,1.000,2,14,0,0.209,0,0,0.164,2.793,0.469,0,0,0.273,-19.557,2.943,-0.294,-0.956
2129.0,-20.126,1.881,-4.969,0.031,1.030,2,14,0,0.186,0,0,0.167,-20.091,4.996,-4.293,0.707,1.029,2,14,0,0.174,0,0,0.219,-20.086,-1.102,-4.453,0.547,0.999,2,14,0,0.176,0,0,0.193,-17.252,2.113,-4.529,0.471,1.004,2,14,0,0.201,0,0,0.147,-22.824,1.925,-3.965,1.035,1.056,2,14,0,0.178,0,0,0.220,2.879,0.470,0,0,0.201,-19.803,1.974,-0.197,-0.980
2130.0,-20.201,0.887,-4.961,0.039,0.995,2,14,0,0.222,0,0,0.124,-20.230,4.004,-4.306,0.694,1.004,2,14,0,0.173,0,0,0.211,-20.208,-2.086,-4.466,0.534,0.985,2,14,0,0.184,0,0,0.167,-17.321,1.140,-4.519,0.481,1.003,2,14,0,0.179,0,0,0.067,-22.982,0.876,-3.974,1.026,1.076,2,14,0,0.177,0,0,0.211,2.925,0.401,0,0,0.222,-19.951,0.985,-0.099,-0.995
2131.0,-20.161,-0.118,-4.961,0.039,0.978,2,14,0,0.187,0,0,0.104,-20.249,3.020,-4.288,0.712,1.002,2,14,0,0.176,0,0,0.180,-20.223,-3.026,-4.407,0.593,0.981,2,14,0,0.172,0,0,0.125,-17.347,0.131,-4.521,0.479,1.016,2,14,0,0.177,0,0,0.047,-22.952,-0.175,-3.967,1.033,1.080,2,14,0,0.145,0,0,0.130,2.859,0.376,0,0,0.187,-20.000,-0.013,0.001,-1.000
2132.0,-20.101,-1.075,-5.010,-0.010,0.960,2,14,0,0.391,0,0,0.068,-20.127,2.051,-4.299,0.701,1.002,2,14,0,0.172,0,0,0.103,-20.109,-4.008,-4.418,0.582,1.023,2,14,0,0.191,0,0,0.065,-17.349,-0.952,-4.547,0.453,1.030,2,14,0,0.178,0,0,0.140,-22.892,-1.249,-3.989,1.011,1.062,2,14,0,0.175,0,0,0.151,2.793,0.405,0,0,0.391,-19.949,-1.011,0.101,-0.995
2133.0,-20.089,-2.002,-5.015,-0.015,0.959,2,14,0,0.194,0,0,0.110,-19.992,1.084,-4.208,0.792,1.024,2,14,0,0.173,0,0,0.119,-19.943,-5.019,-4.486,0.514,1.045,2,14,0,0.183,0,0,0.044,-17.177,-1.959,-4.514,0.486,1.002,2,14,0,0.172,0,0,0.140,-22.721,-2.275,-4.001,0.999,1.030,2,14,0,0.177,0,0,0.164,2.834,0.381,0,0,0.194,-19.798,-1.999,0.200,-0.980
2134.0,-19.903,-2.903,-5.037,-0.037,0.991,2,14,0,0.187,0,0,0.186,-19.689,0.112,-4.237,0.763,1.037,2,14,0,0.173,0,0,0.062,-19.715,-6.111,-4.476,0.524,1.057,2,14,0,0.183,0,0,0.134,-16.927,-2.935,-4.576,0.424,0.983,2,14,0,0.176,0,0,0.140,-22.358,-3.257,-3.920,1.080,1.002,2,14,0,0.175,0,0,0.145,2.720,0.379,0,0,0.187,-19.550,-2.968,0.297,-0.955
2135.0,-19.712,-3.899,-5.032,-0.032,1.061,2,14,0,0.183,0,0,0.329,-19.334,-0.821,-4.299,0.701,1.053,2,14,0,0.174,0,0,0.052,-19.423,-7.101,-4.458,0.542,1.008,2,14,0,0.176,0,0,0.204,-16.636,-3.822,-4.510,0.490,0.957,2,14,0,0.180,0,0,0.145,-22.006,-4.135,-3.958,1.042,0.957,2,14,0,0.179,0,0,0.086,2.544,0.507,0,0,0.183,-19.206,-3.906,0.391,-0.921
2136.0,-19.215,-4.834,-4.966,0.034,1.117,2,14,0,0.190,0,0,0.267,-18.906,-1.795,-4.359,0.641,1.058,2,14,0,0.170,0,0,0.088,-19.073,-7.971,-4.380,0.620,0.978,2,14,0,0.210,0,0,0.246,-16.213,-4.616,-4.507,0.493,0.988,2,14,0,0.218,0,0,0.143,-21.660,-5.017,-3.993,1.007,0.957,2,14,0,0.176,0,0,0.091,2.638,0.482,0,0,0.218,-18.770,-4.806,0.481,-0.877
2137.0,-18.558,-5.782,-5.004,-0.004,1.155,2,14,0,0.189,0,0,0.184,-18.426,-2.697,-4.316,0.684,1.037,2,14,0,0.281,0,0,0.154,-18.484,-8.816,-4.439,0.561,1.025,2,14,0,0.176,0,0,0.191,-15.712,-5.454,-4.474,0.526,1.043,2,14,0,0.474,0,0,0.166,-21.237,-5.884,-3.940,1.060,0.978,2,14,0,0.181,0,0,0.187,2.885,0.508,0,0,0.474,-18.246,-5.657,0.566,-0.825
2138.0,-17.760,-6.613,-4.977,0.023,1.103,2,14,0,0.189,0,0,0.169,-17.895,-3.528,-4.297,0.703,1.017,2,14,0,0.177,0,0,0.232,-17.853,-9.598,-4.471,0.529,1.023,2,14,0,0.177,0,0,0.165,-15.102,-6.290,-4.509,0.491,1.105,2,14,0,0.178,0,0,0.157,-20.653,-6.666,-3.987,1.013,1.022,2,14,0,0.180,0,0,0.201,2.718,0.489,0,0,0.189,-17.640,-6.452,0.645,-0.764
2139.0,-17.085,-7.355,-5.026,-0.026,1.009,2,14,0,0.236,0,0,0.186,-17.158,-4.230,-4.259,0.741,1.036,2,14,0,0.179,0,0,0.175,-17.054,-10.295,-4.468,0.532,1.033,2,14,0,0.179,0,0,0.087,-14.352,-7.100,-4.464,0.536,1.130,2,14,0,0.184,0,0,0.115,-19.878,-7.375,-3.964,1.036,1.069,2,14,0,0.180,0,0,0.107,2.802,0.403,0,0,0.236,-16.958,-7.183,0.718,-0.696
2140.0,-16.383,-7.926,-5.033,-0.033,0.953,2,14,0,0.168,0,0,0.090,-16.282,-4.894,-4.211,0.789,1.065,2,14,0,0.175,0,0,0.127,-16.286,-10.883,-4.405,0.595,1.011,2,14,0,0.177,0,0,0.024,-13.506,-7.914,-4.547,0.453,1.103,2,14,0,0.155,0,0,0.228,-19.057,-8.056,-3.933,1.067,1.072,2,14,0,0.192,0,0,0.075,2.895,0.309,0,0,0.192,-16.206,-7.841,0.784,-0.621
2141.0,-15.583,-8.488,-5.033,-0.033,0.966,2,14,0,0.199,0,0,0.072,-15.375,-5.493,-4.272,0.728,1.042,2,14,0,0.212,0,0,0.175,-15.426,-11.432,-4.405,0.595,1.011,2,14,0,0.208,0,0,0.070,-12.568,-8.537,-4.528,0.472,1.030,2,14,0,0.187,0,0,0.301,-18.251,-8.704,-4.000,1.000,1.061,2,14,0,0.183,0,0,0.142,2.869,0.316,0,0,0.212,-15.392,-8.422,0.842,-0.539
2142.0,-14.778,-8.994,-4.968,0.032,0.989,2,14,0,0.189,0,0,0.110,-14.576,-5.987,-4.253,0.747,0.966,2,14,0,0.179,0,0,0.149,-14.592,-12.019,-4.394,0.606,1.008,2,14,0,0.177,0,0,0.079,-11.739,-8.999,-4.561,0.439,0.926,2,14,0,0.184,0,0,0.257,-17.301,-9.259,-3.943,1.057,1.039,2,14,0,0.184,0,0,0.196,2.736,0.408,0,0,0.189,-14.524,-8.918,0.892,-0.452
2143.0,-13.825,-9.451,-5.007,-0.007,1.035,2,14,0,0.423,0,0,0.135,-13.702,-6.272,-4.283,0.717,0.971,2,14,0,0.214,0,0,0.025,-13.772,-12.508,-4.448,0.552,0.995,2,14,0,0.184,0,0,0.164,-10.864,-9.356,-4.525,0.475,0.912,2,14,0,0.193,0,0,0.194,-16.398,-9.630,-3.959,1.041,0.989,2,14,0,0.182,0,0,0.164,2.784,0.372,0,0,0.423,-13.612,-9.325,0.933,-0.361
2144.0,-12.788,-9.770,-5.007,-0.007,1.034,2,14,0,0.198,0,0,0.147,-12.714,-6.623,-4.247,0.753,1.018,2,14,0,0.173,0,0,0.065,-12.866,-12.869,-4.444,0.556,1.006,2,14,0,0.176,0,0,0.224,-10.022,-9.525,-4.515,0.485,0.922,2,14,0,0.184,0,0,0.068,-15.418,-9.903,-3.996,1.004,0.981,2,14,0,0.179,0,0,0.137,2.820,0.377,0,0,0.198,-12.663,-9.639,0.964,-0.266
2145.0,-11.840,-10.044,-4.959,0.041,1.001,2,14,0,0.190,0,0,0.191,-11.706,-6.865,-4.259,0.741,1.001,2,14,0,0.176,0,0,0.103,-11.871,-13.122,-4.435,0.565,1.045,2,14,0,0.177,0,0,0.249,-9.103,-9.677,-4.519,0.481,0.983,2,14,0,0.390,0,0,0.112,-14.479,-10.102,-3.919,1.081,0.982,2,14,0,0.176,0,0,0.105,2.796,0.453,0,0,0.390,-11.687,-9.857,0.986,-0.169
2146.0,-10.892,-10.159,-4.951,0.049,1.002,2,14,0,0.190,0,0,0.190,-10.813,-7.028,-4.272,0.728,0.973,2,14,0,0.175,0,0,0.130,-10.854,-13.212,-4.442,0.558,1.063,2,14,0,0.205,0,0,0.214,-8.084,-9.830,-4.519,0.481,1.061,2,14,0,0.186,0,0,0.084,-13.511,-10.163,-3.895,1.105,0.986,2,14,0,0.229,0,0,0.042,2.823,0.416,0,0,0.229,-10.694,-9.976,0.998,-0.069
2147.0,-9.897,-10.114,-4.999,0.001,1.022,2,14,0,0.193,0,0,0.126,-9.837,-7.100,-4.384,0.616,1.023,2,14,0,0.174,0,0,0.188,-9.834,-13.183,-4.499,0.501,1.075,2,14,0,0.177,0,0,0.163,-7.090,-9.935,-4.512,0.488,1.088,2,14,0,0.201,0,0,0.128,-12.562,-10.204,-3.952,1.048,1.005,2,14,0,0.176,0,0,0.076,2.854,0.400,0,0,0.201,-9.695,-9.995,1.000,0.030
2148.0,-8.901,-10.038,-5.054,-0.054,1.045,2,14,0,0.200,0,0,0.132,-8.797,-7.072,-4.339,0.661,1.053,2,14,0,0.206,0,0,0.232,-8.762,-13.072,-4.426,0.574,1.094,2,14,0,0.177,0,0,0.133,-6.016,-9.924,-4.551,0.449,1.103,2,14,0,0.218,0,0,0.163,-11.612,-10.185,-3.955,1.045,1.034,2,14,0,0.179,0,0,0.153,2.929,0.318,0,0,0.218,-8.699,-9.915,0.991,0.130
2149.0,-7.886,-9.803,-5.036,-0.036,1.061,2,14,0,0.187,0,0,0.074,-7.762,-6.852,-4.329,0.671,1.069,2,14,0,0.178,0,0,0.194,-7.678,-12.831,-4.442,0.558,1.075,2,14,0,0.181,0,0,0.153,-4.898,-9.749,-4.440,0.560,1.097,2,14,0,0.155,0,0,0.207,-10.555,-10.033,-4.017,0.983,1.085,2,14,0,0.308,0,0,0.153,2.866,0.338,0,0,0.308,-7.715,-9.736,0.974,0.228
2150.0,-6.854,-9.525,-5.037,-0.037,1.060,2,14,0,0.188,0,0,0.108,-6.781,-6.492,-4.267,0.733,1.066,2,14,0,0.172,0,0,0.120,-6.726,-12.529,-4.435,0.565,1.015,2,14,0,0.176,0,0,0.136,-3.823,-9.443,-4.542,0.458,1.045,2,14,0,0.183,0,0,0.275,-9.439,-9.782,-4.000,1.000,1.085,2,14,0,0.180,0,0,0.226,2.797,0.452,0,0,0.188,-6.755,-9.459,0.946,0.325
2151.0,-5.895,-9.165,-5.054,-0.054,1.049,2,14,0,0.190,0,0,0.135,-5.837,-6.090,-4.283,0.717,1.054,2,14,0,0.181,0,0,0.102,-5.795,-12.140,-4.525,0.475,0.999,2,14,0,0.521,0,0,0.142,-2.942,-9.062,-4.547,0.453,0.973,2,14,0,0.232,0,0,0.231,-8.534,-9.392,-3.963,1.037,1.046,2,14,0,0.179,0,0,0.197,2.865,0.422,0,0,0.521,-5.827,-9.088,0.909,0.417
2152.0,-4.910,-8.713,-5.018,-0.018,1.026,2,14,0,0.196,0,0,0.226,-4.868,-5.679,-4.329,0.671,1.044,2,14,0,0.174,0,0,0.195,-4.893,-11.703,-4.430,0.570,0.974,2,14,0,0.177,0,0,0.161,-2.108,-8.573,-4.528,0.472,0.970,2,14,0,0.180,0,0,0.172,-7.615,-8.914,-3.960,1.040,1.039,2,14,0,0.174,0,0,0.207,2.848,0.435,0,0,0.196,-4.940,-8.626,0.863,0.506
2153.0,-4.045,-8.191,-4.926,0.074,0.982,2,14,0,0.189,0,0,0.265,-4.092,-5.026,-4.255,0.745,1.021,2,14,0,0.143,0,0,0.094,-4.038,-11.181,-4.431,0.569,0.965,2,14,0,0.209,0,0,0.181,-1.291,-8.016,-4.492,0.508,0.980,2,14,0,0.179,0,0,0.152,-6.850,-8.296,-3.954,1.046,1.024,2,14,0,0.177,0,0,0.107,2.793,0.335,0,0,0.209,-4.105,-8.077,0.808,0.590
2154.0,-3.342,-7.518,-4.949,0.051,0.978,2,14,0,0.189,0,0,0.180,-3.277,-4.368,-4.230,0.770,1.009,2,14,0,0.259,0,0,0.128,-3.272,-10.596,-4.479,0.521,0.957,2,14,0,0.253,0,0,0.195,-0.627,-7.339,-4.500,0.500,0.985,2,14,0,0.204,0,0,0.044,-6.062,-7.572,-3.933,1.067,1.041,2,14,0,0.174,0,0,0.091,2.757,0.319,0,0,0.259,-3.328,-7.448,0.745,0.667
2155.0,-2.741,-6.773,-4.975,0.025,0.974,2,14,0,0.192,0,0,0.067,-2.550,-3.667,-4.245,0.755,0.982,2,14,0,0.172,0,0,0.146,-2.709,-9.946,-4.423,0.577,0.978,2,14,0,0.175,0,0,0.163,0.011,-6.613,-4.608,0.392,1.019,2,14,0,0.180,0,0,0.069,-5.346,-6.825,-3.975,1.025,1.004,2,14,0,0.177,0,0,0.115,2.781,0.394,0,0,0.192,-2.617,-6.745,0.675,0.738
2156.0,-2.283,-5.982,-4.963,0.037,0.997,2,14,0,0.185,0,0,0.122,-1.984,-2.898,-4.285,0.715,0.963,2,14,0,0.176,0,0,0.076,-2.149,-9.131,-4.406,0.594,1.058,2,14,0,0.171,0,0,0.143,0.752,-5.841,-4.536,0.464,1.056,2,14,0,0.213,0,0,0.040,-4.675,-6.072,-3.949,1.051,0.972,2,14,0,0.183,0,0,0.138,2.599,0.321,0,0,0.213,-1.981,-5.974,0.597,0.802
2157.0,-1.683,-5.155,-4.997,0.003,1.050,2,14,0,0.196,0,0,0.079,-1.436,-2.052,-4.259,0.741,0.972,2,14,0,0.149,0,0,0.073,-1.540,-8.236,-4.458,0.542,1.100,2,14,0,0.177,0,0,0.063,1.379,-5.013,-4.465,0.535,1.037,2,14,0,0.178,0,0,0.108,-4.109,-5.348,-4.002,0.998,0.949,2,14,0,0.183,0,0,0.151,2.629,0.376,0,0,0.196,-1.424,-5.144,0.514,0.858
2158.0,-1.065,-4.266,-5.001,-0.001,1.062,2,14,0,0.184,0,0,0.070,-1.020,-1.295,-4.323,0.677,0.968,2,14,0,0.172,0,0,0.102,-0.956,-7.306,-4.459,0.541,1.093,2,14,0,0.180,0,0,0.095,1.877,-4.181,-4.445,0.555,1.020,2,14,0,0.181,0,0,0.152,-3.664,-4.502,-3.982,1.018,0.981,2,14,0,0.416,0,0,0.150,2.801,0.377,0,0,0.416,-0.954,-4.262,0.426,0.905
2159.0,-0.531,-3.347,-5.008,-0.008,1.040,2,14,0,0.190,0,0,0.224,-0.623,-0.354,-4.331,0.669,1.038,2,14,0,0.172,0,0,0.085,-0.510,-6.287,-4.394,0.606,1.068,2,14,0,0.258,0,0,0.183,2.294,-3.243,-4.449,0.551,1.032,2,14,0,0.179,0,0,0.181,-3.226,-3.549,-3.916,1.084,1.037,2,14,0,0.176,0,0,0.183,2.882,0.407,0,0,0.258,-0.573,-3.338,0.334,0.943
2160.0,-0.175,-2.405,-5.020,-0.020,1.016,2,14,0,0.187,0,0,0.294,-0.235,0.674,-4.304,0.696,1.068,2,14,0,0.175,0,0,0.127,-0.158,-5.292,-4.441,0.559,1.011,2,14,0,0.181,0,0,0.264,2.654,-2.251,-4.558,0.442,1.050,2,14,0,0.182,0,0,0.244,-2.902,-2.520,-3.998,1.002,1.052,2,14,0,0.214,0,0,0.209,2.871,0.410,0,0,0.214,-0.287,-2.380,0.238,0.971
2161.0,-0.051,-1.364,-5.043,-0.043,1.030,2,14,0,0.187,0,0,0.228,0.084,1.711,-4.278,0.722,1.054,2,14,0,0.166,0,0,0.261,-0.056,-4.314,-4.439,0.561,0.952,2,14,0,0.225,0,0,0.190,2.900,-1.225,-4.574,0.426,1.040,2,14,0,0.176,0,0,0.302,-2.842,-1.499,-3.962,1.038,1.038,2,14,0,0.192,0,0,0.091,2.992,0.275,0,0,0.225,-0.098,-1.398,0.140,0.990
2162.0,-0.002,-0.310,-4.997,0.003,1.030,2,14,0,0.215,0,0,0.204,0.190,2.758,-4.220,0.780,1.028,2,14,0,0.180,0,0,0.289,0.032,-3.392,-4.435,0.565,0.942,2,14,0,0.213,0,0,0.147,2.962,-0.164,-4.545,0.455,1.039,2,14,0,0.183,0,0,0.290,-2.809,-0.501,-3.940,1.060,1.027,2,14,0,0.216,0,0,0.052,3.002,0.255,0,0,0.216,-0.008,-0.403,0.040,0.999
2163.0,-0.172,0.709,-5.023,-0.023,1.006,2,14,0,0.188,0,0,0.103,0.207,3.769,-4.325,0.675,1.004,2,14,0,0.172,0,0,0.318,0.137,-2.461,-4.507,0.493,0.970,2,14,0,0.175,0,0,0.256,2.813,0.851,-4.532,0.468,1.014,2,14,0,0.206,0,0,0.166,-2.725,0.472,-3.937,1.063,1.005,2,14,0,0.180,0,0,0.118,2.785,0.318,0,0,0.206,-0.018,0.597,-0.060,0.998
2164.0,-0.253,1.678,-5.001,-0.001,0.984,2,14,0,0.193,0,0,0.099,-0.001,4.700,-4.296,0.704,1.014,2,14,0,0.171,0,0,0.209,-0.061,-1.544,-4.455,0.545,1.019,2,14,0,0.179,0,0,0.193,2.575,1.838,-4.536,0.464,1.003,2,14,0,0.186,0,0,0.097,-2.794,1.459,-3.952,1.048,1.023,2,14,0,0.177,0,0,0.157,2.757,0.387,0,0,0.193,-0.127,1.590,-0.159,0.987
2165.0,-0.462,2.645,-4.979,0.021,0.980,2,14,0,0.236,0,0,0.086,-0.276,5.619,-4.287,0.713,1.031,2,14,0,0.172,0,0,0.136,-0.291,-0.534,-4.473,0.527,1.092,2,14,0,0.187,0,0,0.157,2.355,2.778,-4.550,0.450,0.988,2,14,0,0.182,0,0,0.052,-2.944,2.475,-4.003,0.997,1.043,2,14,0,0.174,0,0,0.220,2.673,0.402,0,0,0.236,-0.335,2.568,-0.257,0.966
2166.0,-0.685,3.542,-4.966,0.034,0.990,2,14,0,0.187,0,0,0.137,-0.684,6.569,-4.252,0.748,1.074,2,14,0,0.172,0,0,0.039,-0.592,0.575,-4.474,0.526,1.123,2,14,0,0.366,0,0,0.169,2.015,3.648,-4.485,0.515,0.993,2,14,0,0.185,0,0,0.050,-3.337,3.436,-3.904,1.096,1.053,2,14,0,0.181,0,0,0.140,2.745,0.368,0,0,0.366,-0.640,3.520,-0.352,0.936
2167.0,-0.996,4.458,-5.042,-0.042,1.016,2,14,0,0.184,0,0,0.224,-1.072,7.568,-4.242,0.758,1.073,2,14,0,0.175,0,0,0.072,-0.988,1.591,-4.503,0.497,1.073,2,14,0,0.172,0,0,0.238,1.670,4.613,-4.445,0.555,0.998,2,14,0,0.181,0,0,0.026,-3.797,4.410,-3.978,1.022,1.044,2,14,0,0.278,0,0,0.129,2.737,0.341,0,0,0.278,-1.038,4.437,-0.444,0.896
2168.0,-1.516,5.354,-5.007,-0.007,1.078,2,14,0,0.191,0,0,0.195,-1.540,8.539,-4.259,0.741,1.057,2,14,0,0.171,0,0,0.169,-1.547,2.467,-4.430,0.570,1.035,2,14,0,0.221,0,0,0.205,1.280,5.519,-4.492,0.508,1.005,2,14,0,0.182,0,0,0.120,-4.217,5.281,-4.002,0.998,1.003,2,14,0,0.176,0,0,0.175,2.848,0.310,0,0,0.221,-1.526,5.309,-0.531,0.847
2169.0,-2.203,6.202,-4.948,0.052,1.104,2,14,0,0.192,0,0,0.102,-2.113,9.351,-4.314,0.686,1.012,2,14,0,0.172,0,0,0.163,-2.123,3.265,-4.388,0.612,0.990,2,14,0,0.174,0,0,0.185,0.787,6.375,-4.532,0.468,1.028,2,14,0,0.210,0,0,0.207,-4.842,6.098,-3.987,1.013,1.021,2,14,0,0.173,0,0,0.139,2.811,0.271,0,0,0.210,-2.098,6.129,-0.613,0.790
2170.0,-2.962,7.005,-4.955,0.045,1.075,2,14,0,0.190,0,0,0.110,-2.833,10.129,-4.305,0.695,1.003,2,14,0,0.172,0,0,0.172,-2.814,3.919,-4.443,0.557,0.990,2,14,0,0.187,0,0,0.076,0.075,7.160,-4.518,0.482,1.070,2,14,0,0.178,0,0,0.174,-5.549,6.890,-3.890,1.110,1.032,2,14,0,0.176,0,0,0.150,2.801,0.325,0,0,0.190,-2.750,6.887,-0.689,0.725
2171.0,-3.688,7.770,-4.982,0.018,1.034,2,14,0,0.198,0,0,0.184,-3.572,10.805,-4.296,0.704,0.979,2,14,0,0.172,0,0,0.160,-3.494,4.544,-4.443,0.557,1.005,2,14,0,0.208,0,0,0.068,-0.714,7.861,-4.515,0.485,1.071,2,14,0,0.182,0,0,0.144,-6.377,7.505,-3.981,1.019,1.011,2,14,0,0.174,0,0,0.110,2.882,0.373,0,0,0.208,-3.473,7.576,-0.758,0.653
2172.0,-4.488,8.378,-5.014,-0.014,0.992,2,14,0,0.194,0,0,0.188,-4.332,11.365,-4.271,0.729,0.963,2,14,0,0.182,0,0,0.104,-4.368,5.149,-4.481,0.519,1.054,2,14,0,0.158,0,0,0.013,-1.601,8.517,-4.532,0.468,1.062,2,14,0,0.155,0,0,0.178,-7.120,8.092,-3.969,1.031,0.984,2,14,0,0.177,0,0,0.058,2.847,0.471,0,0,0.194,-4.262,8.190,-0.819,0.574
2173.0,-5.329,8.797,-5.003,-0.003,0.960,2,14,0,0.194,0,0,0.074,-5.114,11.857,-4.267,0.733,0.978,2,14,0,0.176,0,0,0.091,-5.247,5.781,-4.462,0.538,1.057,2,14,0,0.187,0,0,0.098,-2.401,8.994,-4.522,0.478,1.002,2,14,0,0.178,0,0,0.117,-7.894,8.694,-3.956,1.044,0.993,2,14,0,0.186,0,0,0.123,2.773,0.399,0,0,0.194,-5.109,8.722,-0.872,0.489
2174.0,-6.163,9.244,-5.040,-0.040,0.966,2,14,0,0.199,0,0,0.076,-5.965,12.294,-4.306,0.694,1.011,2,14,0,0.172,0,0,0.123,-6.153,6.310,-4.438,0.562,1.021,2,14,0,0.183,0,0,0.183,-3.312,9.388,-4.549,0.451,1.011,2,14,0,0.184,0,0,0.069,-8.777,9.147,-3.977,1.023,1.001,2,14,0,0.190,0,0,0.135,2.824,0.379,0,0,0.199,-6.004,9.167,-0.917,0.400
2175.0,-7.031,9.616,-5.002,-0.002,0.991,2,14,0,0.217,0,0,0.127,-6.907,12.699,-4.291,0.709,1.065,2,14,0,0.174,0,0,0.150,-7.121,6.696,-4.502,0.498,0.989,2,14,0,0.173,0,0,0.225,-4.170,9.778,-4.588,0.412,1.005,2,14,0,0.179,0,0,0.124,-9.700,9.449,-3.945,1.055,1.018,2,14,0,0.178,0,0,0.100,2.876,0.346,0,0,0.217,-6.939,9.520,-0.952,0.306
2176.0,-8.011,9.924,-5.016,-0.016,1.046,2,14,0,0.196,0,0,0.162,-7.936,12.967,-4.274,0.726,1.081,2,14,0,0.178,0,0,0.123,-8.047,6.934,-4.486,0.514,0.960,2,14,0,0.175,0,0,0.196,-5.123,10.143,-4.517,0.483,1.040,2,14,0,0.183,0,0,0.225,-10.687,9.684,-3.944,1.056,1.040,2,14,0,0.176,0,0,0.066,2.892,0.425,0,0,0.196,-7.905,9.778,-0.978,0.210
2177.0,-9.002,10.119,-5.067,-0.067,1.062,2,14,0,0.191,0,0,0.191,-9.051,13.103,-4.239,0.761,1.075,2,14,0,0.171,0,0,0.126,-8.920,7.129,-4.425,0.575,0.957,2,14,0,0.206,0,0,0.230,-6.193,10.313,-4.548,0.452,1.066,2,14,0,0.177,0,0,0.219,-11.782,9.914,-3.911,1.089,1.077,2,14,0,0.180,0,0,0.138,2.863,0.481,0,0,0.206,-8.891,9.938,-0.994,0.111
2178.0,-10.100,10.202,-4.993,0.007,1.078,2,14,0,0.192,0,0,0.200,-10.119,13.201,-4.200,0.800,1.034,2,14,0,0.209,0,0,0.202,-9.884,7.135,-4.422,0.578,1.020,2,14,0,0.180,0,0,0.194,-7.255,10.311,-4.500,0.500,1.046,2,14,0,0.251,0,0,0.172,-12.885,10.086,-3.924,1.076,1.032,2,14,0,0.182,0,0,0.289,2.890,0.481,0,0,0.251,-9.889,9.999,-1.000,0.011
2179.0,-11.167,10.148,-4.984,0.016,1.059,2,14,0,0.190,0,0,0.207,-11.157,13.215,-4.234,0.766,0.982,2,14,0,0.177,0,0,0.267,-10.966,7.027,-4.402,0.598,1.086,2,14,0,0.181,0,0,0.098,-8.275,10.183,-4.477,0.523,1.032,2,14,0,0.179,0,0,0.112,-13.901,10.027,-3.963,1.037,0.974,2,14,0,0.227,0,0,0.279,2.921,0.447,0,0,0.227,-10.888,9.961,-0.996,-0.089
2180.0,-12.221,9.895,-4.996,0.004,1.054,2,14,0,0.161,0,0,0.168,-12.065,13.086,-4.316,0.684,0.946,2,14,0,0.171,0,0,0.222,-11.982,6.869,-4.414,0.586,1.074,2,14,0,0.191,0,0,0.077,-9.269,9.983,-4.413,0.587,1.007,2,14,0,0.179,0,0,0.093,-14.798,9.891,-3.948,1.052,0.934,2,14,0,0.172,0,0,0.235,2.782,0.423,0,0,0.191,-11.878,9.822,-0.982,-0.188
2181.0,-13.246,9.628,-4.918,0.082,0.993,2,14,0,0.223,0,0,0.212,-12.961,12.769,-4.279,0.721,0.962,2,14,0,0.174,0,0,0.118,-12.991,6.622,-4.451,0.549,1.079,2,14,0,0.174,0,0,0.083,-10.271,9.760,-4.508,0.492,0.997,2,14,0,0.181,0,0,0.122,-15.627,9.619,-3.971,1.029,0.969,2,14,0,0.176,0,0,0.185,2.563,0.457,0,0,0.223,-12.849,9.586,-0.959,-0.285
2182.0,-14.072,9.336,-5.024,-0.024,0.922,2,14,0,0.190,0,0,0.126,-13.804,12.421,-4.342,0.658,1.001,2,14,0,0.174,0,0,0.109,-14.034,6.325,-4.508,0.492,1.050,2,14,0,0.208,0,0,0.178,-11.205,9.479,-4.517,0.483,0.960,2,14,0,0.456,0,0,0.135,-16.479,9.225,-3.990,1.010,1.042,2,14,0,0.176,0,0,0.180,2.622,0.471,0,0,0.456,-13.792,9.253,-0.925,-0.379
2183.0,-14.841,8.961,-5.011,-0.011,0.951,2,14,0,0.186,0,0,0.132,-14.748,12.016,-4.335,0.665,1.050,2,14,0,0.184,0,0,0.113,-15.011,5.892,-4.491,0.509,1.014,2,14,0,0.178,0,0,0.238,-12.105,9.151,-4.523,0.477,0.972,2,14,0,0.179,0,0,0.196,-17.443,8.708,-3.960,1.040,1.120,2,14,0,0.173,0,0,0.081,2.786,0.520,0,0,0.186,-14.697,8.828,-0.883,-0.470
2184.0,-15.741,8.451,-5.025,-0.025,1.032,2,14,0,0.192,0,0,0.130,-15.654,11.526,-4.310,0.690,1.075,2,14,0,0.173,0,0,0.137,-15.835,5.353,-4.495,0.505,0.974,2,14,0,0.177,0,0,0.198,-12.954,8.651,-4.434,0.566,0.995,2,14,0,0.179,0,0,0.205,-18.429,8.128,-3.896,1.104,1.131,2,14,0,0.172,0,0,0.066,2.855,0.522,0,0,0.192,-15.554,8.316,-0.832,-0.555
2185.0,-16.605,7.880,-5.004,-0.004,1.059,2,14,0,0.205,0,0,0.172,-16.523,10.919,-4.284,0.716,1.090,2,14,0,0.212,0,0,0.153,-16.559,4.715,-4.416,0.584,0.960,2,14,0,0.180,0,0,0.115,-13.702,8.015,-4.563,0.437,1.034,2,14,0,0.179,0,0,0.146,-19.416,7.492,-3.929,1.071,1.076,2,14,0,0.213,0,0,0.249,2.939,0.454,0,0,0.213,-16.357,7.719,-0.772,-0.636
2186.0,-17.417,7.127,-4.962,0.038,1.088,2,14,0,0.190,0,0,0.156,-17.393,10.170,-4.256,0.744,1.088,2,14,0,0.174,0,0,0.227,-17.224,4.058,-4.421,0.579,0.965,2,14,0,0.267,0,0,0.051,-14.506,7.246,-4.500,0.500,1.074,2,14,0,0.216,0,0,0.118,-20.220,6.909,-3.927,1.073,0.954,2,14,0,0.174,0,0,0.301,2.950,0.456,0,0,0.267,-17.096,7.046,-0.705,-0.710
2187.0,-18.114,6.341,-4.982,0.018,1.057,2,14,0,0.305,0,0,0.168,-18.188,9.392,-4.249,0.751,1.030,2,14,0,0.171,0,0,0.350,-17.898,3.286,-4.402,0.598,1.007,2,14,0,0.179,0,0,0.044,-15.188,6.481,-4.533,0.467,1.038,2,14,0,0.173,0,0,0.126,-20.856,6.258,-3.975,1.025,0.911,2,14,0,0.174,0,0,0.287,2.923,0.460,0,0,0.305,-17.764,6.303,-0.630,-0.776
2188.0,-18.717,5.507,-4.991,0.009,1.021,2,14,0,0.193,0,0,0.178,-18.657,8.593,-4.292,0.708,0.955,2,14,0,0.175,0,0,0.234,-18.511,2.523,-4.403,0.597,1.011,2,14,0,0.174,0,0,0.080,-15.866,5.643,-4.534,0.466,1.016,2,14,0,0.180,0,0,0.212,-21.346,5.503,-4.008,0.992,0.942,2,14,0,0.178,0,0,0.227,2.807,0.533,0,0,0.193,-18.354,5.496,-0.550,-0.835
2189.0,-19.204,4.665,-4.925,0.075,0.995,2,14,0,0.323,0,0,0.161,-19.014,7.709,-4.355,0.645,0.962,2,14,0,0.174,0,0,0.080,-19.057,1.737,-4.436,0.564,1.023,2,14,0,0.306,0,0,0.161,-16.280,4.830,-4.466,0.534,0.977,2,14,0,0.178,0,0,0.125,-21.708,4.611,-4.025,0.975,1.007,2,14,0,0.182,0,0,0.124,2.662,0.462,0,0,0.323,-18.861,4.635,-0.463,-0.886
2190.0,-19.582,3.776,-4.957,0.043,0.997,2,14,0,0.190,0,0,0.129,-19.297,6.799,-4.230,0.770,0.974,2,14,0,0.169,0,0,0.056,-19.536,0.832,-4.430,0.570,1.059,2,14,0,0.178,0,0,0.209,-16.591,3.916,-4.506,0.494,1.001,2,14,0,0.182,0,0,0.032,-22.059,3.646,-3.937,1.063,1.062,2,14,0,0.181,0,0,0.078,2.682,0.364,0,0,0.190,-19.280,3.727,-0.373,-0.928
2191.0,-19.826,2.783,-5.035,-0.035,1.016,2,14,0,0.373,0,0,0.038,-19.589,5.847,-4.297,0.703,1.012,2,14,0,0.172,0,0,0.093,-19.884,-0.170,-4.489,0.511,1.090,2,14,0,0.204,0,0,0.197,-16.840,2.943,-4.548,0.452,1.033,2,14,0,0.178,0,0,0.067,-22.385,2.630,-3.932,1.068,1.093,2,14,0,0.176,0,0,0.044,2.791,0.285,0,0,0.373,-19.605,2.782,-0.278,-0.961
2192.0,-20.016,1.784,-5.078,-0.078,1.026,2,14,0,0.195,0,0,0.030,-19.921,4.841,-4.289,0.711,1.030,2,14,0,0.175,0,0,0.046,-20.103,-1.234,-4.441,0.559,1.085,2,14,0,0.171,0,0,0.171,-17.095,2.008,-4.520,0.480,1.048,2,14,0,0.188,0,0,0.060,-22.752,1.615,-3.889,1.111,1.078,2,14,0,0.294,0,0,0.106,2.982,0.328,0,0,0.294,-19.835,1.809,-0.181,-0.984
2193.0,-20.202,0.764,-5.027,-0.027,1.024,2,14,0,0.187,0,0,0.080,-20.177,3.848,-4.270,0.730,1.005,2,14,0,0.174,0,0,0.140,-20.175,-2.261,-4.448,0.552,1.057,2,14,0,0.178,0,0,0.122,-17.340,0.928,-4.533,0.467,1.070,2,14,0,0.181,0,0,0.083,-23.101,0.618,-3.920,1.080,1.020,2,14,0,0.175,0,0,0.316,2.909,0.389,0,0,0.187,-19.966,0.818,-0.082,-0.997
2194.0,-20.359,-0.275,-5.022,-0.022,1.010,2,14,0,0.188,0,0,0.205,-20.342,2.897,-4.280,0.720,0.996,2,14,0,0.172,0,0,0.266,-20.213,-3.289,-4.385,0.615,1.032,2,14,0,0.185,0,0,0.142,-17.490,-0.087,-4.527,0.473,1.025,2,14,0,0.184,0,0,0.197,-23.175,-0.309,-4.010,0.990,0.997,2,14,0,0.226,0,0,0.354,2.918,0.501,0,0,0.226,-19.998,-0.181,0.018,-1.000
2195.0,-20.282,-1.301,-5.030,-0.030,0.984,2,14,0,0.190,0,0,0.213,-20.316,1.871,-4.267,0.733,1.016,2,14,0,0.173,0,0,0.310,-20.073,-4.300,-4.514,0.486,1.002,2,14,0,0.175,0,0,0.107,-17.547,-1.117,-4.507,0.493,1.014,2,14,0,0.186,0,0,0.327,-22.963,-1.311,-3.990,1.010,1.060,2,14,0,0.184,0,0,0.210,2.791,0.619,0,0,0.190,-19.930,-1.178,0.118,-0.993
2196.0,-20.072,-2.220,-4.955,0.045,0.966,2,14,0,0.185,0,0,0.140,-20.045,0.928,-4.302,0.698,1.041,2,14,0,0.192,0,0,0.207,-19.871,-5.326,-4.503,0.497,0.997,2,14,0,0.176,0,0,0.136,-17.374,-2.091,-4.503,0.497,1.006,2,14,0,0.178,0,0,0.319,-22.655,-2.346,-3.987,1.013,1.086,2,14,0,0.175,0,0,0.078,2.738,0.615,0,0,0.192,-19.763,-2.164,0.216,-0.976
2197.0,-19.858,-3.117,-4.960,0.040,0.992,2,14,0,0.189,0,0,0.182,-19.607,-0.093,-4.301,0.699,1.077,2,14,0,0.174,0,0,0.054,-19.681,-6.277,-4.459,0.541,0.958,2,14,0,0.183,0,0,0.149,-17.066,-3.035,-4.543,0.457,1.038,2,14,0,0.194,0,0,0.275,-22.337,-3.346,-3.964,1.036,1.060,2,14,0,0.180,0,0,0.075,2.681,0.575,0,0,0.194,-19.498,-3.128,0.313,-0.950
2198.0,-19.477,-4.087,-4.926,0.074,1.048,2,14,0,0.188,0,0,0.162,-19.219,-1.045,-4.255,0.745,1.048,2,14,0,0.169,0,0,0.063,-19.404,-7.131,-4.409,0.591,0.948,2,14,0,0.176,0,0,0.171,-16.613,-3.908,-4.476,0.524,1.060,2,14,0,0.257,0,0,0.174,-21.906,-4.329,-3.967,1.033,1.030,2,14,0,0.176,0,0,0.135,2.623,0.498,0,0,0.257,-19.139,-4.060,0.406,-0.914
2199.0,-18.964,-4.971,-4.999,0.001,1.070,2,14,0,0.196,0,0,0.098,-18.740,-1.973,-4.241,0.759,1.034,2,14,0,0.171,0,0,0.099,-18.997,-8.006,-4.439,0.561,1.002,2,14,0,0.212,0,0,0.211,-16.025,-4.779,-4.515,0.485,1.102,2,14,0,0.183,0,0,0.040,-21.461,-5.262,-3.944,1.056,0.980,2,14,0,0.182,0,0,0.164,2.726,0.384,0,0,0.212,-18.688,-4.952,0.495,-0.869
2200.0,-18.367,-5.860,-4.947,0.053,1.080,2,14,0,0.196,0,0,0.079,-18.204,-2.834,-4.276,0.724,0.988,2,14,0,0.174,0,0,0.119,-18.420,-8.874,-4.468,0.532,1.068,2,14,0,0.178,0,0,0.180,-15.356,-5.707,-4.524,0.476,1.097,2,14,0,0.175,0,0,0.120,-20.932,-6.079,-3.953,1.047,0.940,2,14,0,0.174,0,0,0.137,2.760,0.358,0,0,0.196,-18.150,-5.795,0.579,-0.815
2201.0,-17.709,-6.653,-5.002,-0.002,1.049,2,14,0,0.202,0,0,0.072,-17.754,-3.660,-4.272,0.728,0.972,2,14,0,0.174,0,0,0.210,-17.756,-9.676,-4.469,0.531,1.084,2,14,0,0.179,0,0,0.143,-14.695,-6.531,-4.495,0.505,1.025,2,14,0,0.175,0,0,0.177,-20.413,-6.859,-4.014,0.986,0.919,2,14,0,0.174,0,0,0.143,2.887,0.303,0,0,0.202,-17.531,-6.580,0.658,-0.753
2202.0,-17.014,-7.371,-4.991,0.009,1.019,2,14,0,0.218,0,0,0.077,-17.126,-4.384,-4.262,0.738,1.003,2,14,0,0.214,0,0,0.266,-16.948,-10.428,-4.420,0.580,1.087,2,14,0,0.173,0,0,0.103,-14.017,-7.280,-4.437,0.563,0.963,2,14,0,0.179,0,0,0.187,-19.914,-7.591,-3.999,1.001,0.954,2,14,0,0.173,0,0,0.294,3.049,0.302,0,0,0.218,-16.836,-7.299,0.730,-0.684
2203.0,-16.344,-8.059,-4.988,0.012,1.012,2,14,0,0.188,0,0,0.149,-16.271,-4.949,-4.296,0.704,1.055,2,14,0,0.174,0,0,0.146,-16.187,-11.127,-4.505,0.495,1.050,2,14,0,0.184,0,0,0.154,-13.340,-7.969,-4.521,0.479,0.918,2,14,0,0.180,0,0,0.186,-19.179,-8.256,-3.981,1.019,1.038,2,14,0,0.201,0,0,0.331,3.015,0.329,0,0,0.201,-16.073,-7.945,0.794,-0.607
2204.0,-15.513,-8.711,-4.984,0.016,1.032,2,14,0,0.238,0,0,0.220,-15.379,-5.486,-4.279,0.721,1.071,2,14,0,0.171,0,0,0.074,-15.349,-11.721,-4.405,0.595,1.005,2,14,0,0.210,0,0,0.186,-12.669,-8.564,-4.513,0.487,0.905,2,14,0,0.179,0,0,0.238,-18.300,-8.766,-3.972,1.028,1.109,2,14,0,0.173,0,0,0.252,2.887,0.422,0,0,0.238,-15.250,-8.511,0.851,-0.525
2205.0,-14.572,-9.190,-4.988,0.012,1.022,2,14,0,0.228,0,0,0.201,-14.420,-5.991,-4.310,0.690,1.070,2,14,0,0.172,0,0,0.079,-14.396,-12.149,-4.445,0.555,0.993,2,14,0,0.177,0,0,0.158,-11.883,-8.987,-4.524,0.476,0.960,2,14,0,0.182,0,0,0.252,-17.306,-9.190,-3.977,1.023,1.145,2,14,0,0.184,0,0,0.121,2.736,0.509,0,0,0.228,-14.374,-8.993,0.899,-0.437
2206.0,-13.656,-9.485,-5.027,-0.027,1.007,2,14,0,0.185,0,0,0.107,-13.390,-6.438,-4.303,0.697,1.031,2,14,0,0.171,0,0,0.192,-13.557,-12.528,-4.412,0.588,0.953,2,14,0,0.176,0,0,0.115,-10.958,-9.352,-4.529,0.471,1.050,2,14,0,0.174,0,0,0.238,-16.201,-9.556,-3.998,1.002,1.150,2,14,0,0.176,0,0,0.081,2.746,0.505,0,0,0.185,-13.454,-9.384,0.938,-0.345
2207.0,-12.651,-9.714,-4.967,0.033,1.027,2,14,0,0.191,0,0,0.048,-12.483,-6.744,-4.243,0.757,0.957,2,14,0,0.174,0,0,0.169,-12.626,-12.850,-4.419,0.581,0.988,2,14,0,0.177,0,0,0.142,-9.952,-9.650,-4.513,0.487,1.111,2,14,0,0.180,0,0,0.190,-15.092,-9.875,-3.982,1.018,1.083,2,14,0,0.210,0,0,0.236,2.637,0.453,0,0,0.210,-12.500,-9.682,0.968,-0.250
2208.0,-11.674,-9.943,-4.996,0.004,1.014,2,14,0,0.230,0,0,0.070,-11.660,-6.976,-4.324,0.676,0.935,2,14,0,0.169,0,0,0.175,-11.641,-13.062,-4.435,0.565,1.007,2,14,0,0.176,0,0,0.149,-8.887,-9.826,-4.543,0.457,1.146,2,14,0,0.910,0,0,0.118,-14.055,-10.042,-3.949,1.051,0.966,2,14,0,0.171,0,0,0.282,2.603,0.492,0,0,0.910,-11.521,-9.884,0.988,-0.152
2209.0,-10.710,-10.130,-5.008,-0.008,1.010,2,14,0,0.216,0,0,0.149,-10.667,-7.042,-4.285,0.715,1.020,2,14,0,0.144,0,0,0.151,-10.579,-13.124,-4.396,0.604,1.031,2,14,0,0.178,0,0,0.118,-7.666,-9.895,-4.517,0.483,1.125,2,14,0,0.226,0,0,0.178,-13.153,-10.206,-3.958,1.042,0.878,2,14,0,0.174,0,0,0.205,2.660,0.434,0,0,0.226,-10.527,-9.986,0.999,-0.053
2210.0,-9.743,-10.127,-5.018,-0.018,1.026,2,14,0,0.183,0,0,0.151,-9.624,-7.015,-4.322,0.678,1.055,2,14,0,0.173,0,0,0.101,-9.502,-13.115,-4.516,0.484,1.009,2,14,0,0.205,0,0,0.160,-6.616,-9.907,-4.475,0.525,1.024,2,14,0,0.208,0,0,0.221,-12.341,-10.314,-3.980,1.020,0.867,2,14,0,0.177,0,0,0.180,2.805,0.375,0,0,0.208,-9.527,-9.989,0.999,0.047
2211.0,-8.689,-10.028,-4.961,0.039,1.063,2,14,0,0.189,0,0,0.143,-8.505,-6.944,-4.286,0.714,1.068,2,14,0,0.177,0,0,0.165,-8.629,-13.060,-4.485,0.515,0.969,2,14,0,0.206,0,0,0.137,-5.577,-9.846,-4.573,0.427,0.949,2,14,0,0.179,0,0,0.284,-11.497,-10.309,-3.944,1.056,0.931,2,14,0,0.176,0,0,0.307,3.000,0.419,0,0,0.206,-8.532,-9.892,0.989,0.147
2212.0,-7.625,-9.758,-5.057,-0.057,1.062,2,14,0,0.192,0,0,0.127,-7.491,-6.776,-4.286,0.714,1.025,2,14,0,0.207,0,0,0.209,-7.732,-12.852,-4.452,0.548,1.010,2,14,0,0.173,0,0,0.148,-4.743,-9.663,-4.500,0.500,0.895,2,14,0,0.211,0,0,0.168,-10.581,-10.053,-3.978,1.022,1.060,2,14,0,0.174,0,0,0.304,2.937,0.359,0,0,0.211,-7.552,-9.696,0.970,0.245
2213.0,-6.669,-9.480,-5.014,-0.014,1.010,2,14,0,0.234,0,0,0.136,-6.501,-6.469,-4.227,0.773,1.001,2,14,0,0.248,0,0,0.224,-6.697,-12.574,-4.410,0.590,1.071,2,14,0,0.178,0,0,0.140,-3.877,-9.358,-4.502,0.498,0.925,2,14,0,0.177,0,0,0.113,-9.486,-9.695,-3.969,1.031,1.167,2,14,0,0.181,0,0,0.168,2.841,0.312,0,0,0.248,-6.596,-9.403,0.940,0.340
2214.0,-5.771,-9.148,-4.971,0.029,1.000,2,14,0,0.222,0,0,0.161,-5.618,-6.043,-4.271,0.729,0.975,2,14,0,0.226,0,0,0.164,-5.694,-12.116,-4.413,0.587,1.076,2,14,0,0.268,0,0,0.107,-3.050,-8.937,-4.511,0.489,0.984,2,14,0,0.185,0,0,0.102,-8.347,-9.271,-3.976,1.024,1.173,2,14,0,0.152,0,0,0.182,2.764,0.415,0,0,0.268,-5.675,-9.016,0.902,0.433
2215.0,-4.868,-8.690,-5.024,-0.024,1.025,2,14,0,0.199,0,0,0.189,-4.785,-5.482,-4.275,0.725,0.974,2,14,0,0.215,0,0,0.095,-4.805,-11.560,-4.443,0.557,1.041,2,14,0,0.179,0,0,0.100,-2.100,-8.429,-4.495,0.505,1.049,2,14,0,0.211,0,0,0.042,-7.368,-8.749,-3.942,1.058,1.089,2,14,0,0.210,0,0,0.259,2.725,0.477,0,0,0.215,-4.796,-8.539,0.854,0.520
2216.0,-4.065,-8.052,-5.002,-0.002,1.039,2,14,0,0.194,0,0,0.116,-4.087,-4.906,-4.257,0.743,0.978,2,14,0,0.204,0,0,0.037,-3.942,-11.010,-4.493,0.507,1.006,2,14,0,0.176,0,0,0.134,-1.334,-7.893,-4.523,0.477,1.043,2,14,0,0.183,0,0,0.089,-6.511,-8.131,-3.928,1.072,1.002,2,14,0,0.229,0,0,0.282,2.672,0.484,0,0,0.229,-3.970,-7.977,0.798,0.603
2217.0,-3.220,-7.347,-5.028,-0.028,1.042,2,14,0,0.195,0,0,0.160,-3.330,-4.347,-4.250,0.750,1.012,2,14,0,0.173,0,0,0.095,-3.147,-10.436,-4.459,0.541,0.977,2,14,0,0.178,0,0,0.174,-0.434,-7.237,-4.516,0.484,1.089,2,14,0,0.178,0,0,0.091,-5.853,-7.499,-3.912,1.088,0.930,2,14,0,0.178,0,0,0.175,2.835,0.387,0,0,0.195,-3.203,-7.335,0.734,0.680
2218.0,-2.473,-6.580,-5.006,-0.006,1.008,2,14,0,0.194,0,0,0.209,-2.493,-3.667,-4.258,0.742,1.067,2,14,0,0.171,0,0,0.147,-2.466,-9.754,-4.477,0.523,0.978,2,14,0,0.177,0,0,0.173,0.371,-6.482,-4.503,0.497,1.061,2,14,0,0.218,0,0,0.174,-5.224,-6.806,-3.944,1.056,0.932,2,14,0,0.150,0,0,0.112,2.890,0.337,0,0,0.218,-2.505,-6.620,0.662,0.750
2219.0,-1.870,-5.770,-4.961,0.039,0.959,2,14,0,0.188,0,0,0.203,-1.754,-2.840,-4.274,0.726,1.071,2,14,0,0.172,0,0,0.218,-1.928,-8.938,-4.508,0.492,1.015,2,14,0,0.222,0,0,0.086,1.071,-5.689,-4.489,0.511,1.009,2,14,0,0.228,0,0,0.258,-4.634,-6.034,-3.976,1.024,0.970,2,14,0,0.290,0,0,0.087,2.946,0.316,0,0,0.290,-1.882,-5.839,0.584,0.812
2220.0,-1.460,-4.990,-4.976,0.024,0.921,2,14,0,0.219,0,0,0.060,-1.207,-1.979,-4.215,0.785,1.033,2,14,0,0.176,0,0,0.216,-1.348,-8.014,-4.508,0.492,1.043,2,14,0,0.184,0,0,0.090,1.632,-4.886,-4.513,0.487,0.963,2,14,0,0.180,0,0,0.278,-4.136,-5.199,-4.011,0.989,1.002,2,14,0,0.176,0,0,0.061,2.853,0.285,0,0,0.219,-1.339,-4.999,0.500,0.866
2221.0,-1.059,-4.189,-4.979,0.021,0.945,2,14,0,0.197,0,0,0.084,-0.826,-1.086,-4.252,0.748,1.016,2,14,0,0.174,0,0,0.145,-0.773,-7.179,-4.479,0.521,1.019,2,14,0,0.179,0,0,0.210,2.096,-4.057,-4.485,0.515,0.962,2,14,0,0.180,0,0,0.301,-3.674,-4.281,-4.013,0.987,1.038,2,14,0,0.183,0,0,0.042,2.790,0.271,0,0,0.197,-0.883,-4.109,0.411,0.912
2222.0,-0.699,-3.265,-4.980,0.020,1.023,2,14,0,0.194,0,0,0.092,-0.502,-0.113,-4.314,0.686,1.025,2,14,0,0.337,0,0,0.094,-0.392,-6.221,-4.454,0.546,1.014,2,14,0,0.177,0,0,0.229,2.351,-3.115,-4.500,0.500,1.012,2,14,0,0.184,0,0,0.196,-3.263,-3.308,-3.982,1.018,1.046,2,14,0,0.176,0,0,0.077,2.752,0.286,0,0,0.337,-0.519,-3.179,0.318,0.948
2223.0,-0.337,-2.271,-4.995,0.005,1.074,2,14,0,0.188,0,0,0.110,-0.192,0.850,-4.342,0.658,1.021,2,14,0,0.180,0,0,0.130,-0.133,-5.265,-4.432,0.568,1.006,2,14,0,0.173,0,0,0.215,2.464,-2.089,-4.506,0.494,1.049,2,14,0,0.185,0,0,0.032,-2.954,-2.304,-3.938,1.062,1.031,2,14,0,0.182,0,0,0.126,2.822,0.314,0,0,0.188,-0.249,-2.216,0.222,0.975
2224.0,-0.035,-1.192,-5.003,-0.003,1.076,2,14,0,0.199,0,0,0.222,0.007,1.843,-4.354,0.646,1.021,2,14,0,0.172,0,0,0.159,-0.077,-4.300,-4.445,0.555,1.017,2,14,0,0.174,0,0,0.103,2.532,-1.041,-4.509,0.491,1.060,2,14,0,0.181,0,0,0.095,-2.756,-1.288,-3.977,1.023,0.999,2,14,0,0.310,0,0,0.169,2.618,0.436,0,0,0.310,-0.076,-1.232,0.123,0.992
2225.0,0.082,-0.176,-4.997,0.003,1.040,2,14,0,0.191,0,0,0.269,0.026,2.835,-4.300,0.700,1.029,2,14,0,0.272,0,0,0.105,-0.108,-3.303,-4.438,0.562,1.036,2,14,0,0.183,0,0,0.027,2.690,0.006,-4.536,0.464,1.034,2,14,0,0.180,0,0,0.089,-2.692,-0.384,-3.978,1.022,0.964,2,14,0,0.177,0,0,0.134,2.655,0.390,0,0,0.272,-0.003,-0.235,0.023,1.000
2226.0,-0.016,0.854,-5.048,-0.048,1.018,2,14,0,0.193,0,0,0.212,0.011,3.870,-4.303,0.697,1.040,2,14,0,0.175,0,0,0.121,-0.122,-2.236,-4.441,0.559,1.047,2,14,0,0.178,0,0,0.034,2.760,1.060,-4.489,0.511,0.992,2,14,0,0.212,0,0,0.164,-2.666,0.564,-3.972,1.028,0.994,2,14,0,0.176,0,0,0.194,2.840,0.415,0,0,0.212,-0.029,0.764,-0.076,0.997
2227.0,-0.243,1.814,-5.070,-0.070,1.012,2,14,0,0.193,0,0,0.107,-0.069,4.894,-4.300,0.700,1.039,2,14,0,0.230,0,0,0.173,-0.127,-1.220,-4.452,0.548,1.034,2,14,0,0.181,0,0,0.135,2.746,2.043,-4.532,0.468,0.967,2,14,0,0.176,0,0,0.243,-2.759,1.582,-3.929,1.071,1.059,2,14,0,0.216,0,0,0.225,2.773,0.433,0,0,0.230,-0.155,1.756,-0.176,0.984
2228.0,-0.425,2.845,-4.929,0.071,1.022,2,14,0,0.190,0,0,0.175,-0.270,5.897,-4.285,0.715,1.029,2,14,0,0.222,0,0,0.210,-0.242,-0.190,-4.480,0.520,1.028,2,14,0,0.182,0,0,0.260,2.554,2.954,-4.581,0.419,0.958,2,14,0,0.182,0,0,0.247,-3.047,2.662,-3.915,1.085,1.089,2,14,0,0.178,0,0,0.174,2.817,0.340,0,0,0.222,-0.380,2.730,-0.273,0.962
2229.0,-0.742,3.768,-5.036,-0.036,1.005,2,14,0,0.216,0,0,0.164,-0.586,6.854,-4.225,0.775,1.030,2,14,0,0.205,0,0,0.218,-0.621,0.774,-4.424,0.576,1.015,2,14,0,0.231,0,0,0.218,2.272,3.914,-4.487,0.513,1.000,2,14,0,0.178,0,0,0.286,-3.420,3.701,-4.015,0.985,1.067,2,14,0,0.178,0,0,0.199,2.867,0.282,0,0,0.231,-0.700,3.677,-0.368,0.930
2230.0,-1.145,4.682,-5.035,-0.035,1.011,2,14,0,0.184,0,0,0.175,-1.043,7.754,-4.279,0.721,1.025,2,14,0,0.171,0,0,0.174,-1.042,1.653,-4.420,0.580,1.004,2,14,0,0.180,0,0,0.197,1.798,4.805,-4.478,0.522,1.031,2,14,0,0.212,0,0,0.225,-3.877,4.630,-3.971,1.029,0.991,2,14,0,0.178,0,0,0.192,2.932,0.241,0,0,0.212,-1.114,4.587,-0.459,0.889
2231.0,-1.688,5.515,-4.974,0.026,1.023,2,14,0,0.195,0,0,0.125,-1.648,8.667,-4.211,0.789,1.050,2,14,0,0.172,0,0,0.147,-1.635,2.490,-4.434,0.566,1.046,2,14,0,0.174,0,0,0.105,1.169,5.677,-4.546,0.454,1.083,2,14,0,0.181,0,0,0.114,-4.331,5.501,-3.957,1.043,0.975,2,14,0,0.180,0,0,0.220,2.832,0.312,0,0,0.195,-1.616,5.451,-0.545,0.838
2232.0,-2.411,6.322,-4.938,0.062,1.062,2,14,0,0.163,0,0,0.053,-2.295,9.478,-4.303,0.697,1.011,2,14,0,0.175,0,0,0.148,-2.293,3.306,-4.455,0.545,1.042,2,14,0,0.186,0,0,0.085,0.448,6.513,-4.532,0.468,1.076,2,14,0,0.176,0,0,0.111,-4.884,6.261,-3.943,1.057,0.981,2,14,0,0.173,0,0,0.203,2.666,0.431,0,0,0.186,-2.202,6.261,-0.626,0.780
2233.0,-3.115,7.118,-4.983,0.017,1.032,2,14,0,0.185,0,0,0.116,-2.891,10.213,-4.243,0.757,0.989,2,14,0,0.147,0,0,0.144,-2.930,4.059,-4.477,0.523,1.029,2,14,0,0.228,0,0,0.088,-0.254,7.242,-4.447,0.553,1.024,2,14,0,0.176,0,0,0.121,-5.620,6.986,-3.991,1.009,1.012,2,14,0,0.178,0,0,0.141,2.698,0.453,0,0,0.228,-2.866,7.008,-0.701,0.713
2234.0,-3.896,7.825,-4.987,0.013,1.005,2,14,0,0.185,0,0,0.168,-3.717,10.819,-4.283,0.717,0.992,2,14,0,0.176,0,0,0.076,-3.710,4.778,-4.456,0.544,1.028,2,14,0,0.175,0,0,0.126,-0.958,7.886,-4.524,0.476,0.989,2,14,0,0.181,0,0,0.067,-6.459,7.607,-4.037,0.963,1.028,2,14,0,0.172,0,0,0.075,2.742,0.409,0,0,0.185,-3.602,7.685,-0.769,0.640
2235.0,-4.678,8.457,-5.046,-0.046,0.953,2,14,0,0.195,0,0,0.193,-4.496,11.398,-4.290,0.710,0.989,2,14,0,0.212,0,0,0.047,-4.550,5.372,-4.432,0.568,1.008,2,14,0,0.179,0,0,0.130,-1.710,8.530,-4.515,0.485,0.994,2,14,0,0.215,0,0,0.090,-7.300,8.155,-3.969,1.031,1.004,2,14,0,0.189,0,0,0.077,2.851,0.394,0,0,0.215,-4.401,8.286,-0.829,0.560
2236.0,-5.397,8.979,-5.009,-0.009,0.914,2,14,0,0.187,0,0,0.173,-5.331,11.929,-4.258,0.742,0.998,2,14,0,0.174,0,0,0.052,-5.368,5.874,-4.405,0.595,0.975,2,14,0,0.176,0,0,0.104,-2.593,9.107,-4.502,0.498,0.990,2,14,0,0.185,0,0,0.149,-8.216,8.661,-3.929,1.071,0.999,2,14,0,0.152,0,0,0.137,2.852,0.454,0,0,0.187,-5.256,8.803,-0.880,0.474
2237.0,-6.151,9.383,-5.031,-0.031,0.961,2,14,0,0.233,0,0,0.238,-6.239,12.400,-4.281,0.719,1.012,2,14,0,0.183,0,0,0.094,-6.288,6.333,-4.445,0.555,0.984,2,14,0,0.204,0,0,0.137,-3.384,9.530,-4.567,0.433,0.960,2,14,0,0.248,0,0,0.162,-9.107,9.138,-3.927,1.073,0.971,2,14,0,0.177,0,0,0.135,2.810,0.373,0,0,0.248,-6.159,9.233,-0.923,0.384
2238.0,-7.071,9.752,-5.000,-0.000,1.053,2,14,0,0.210,0,0,0.279,-7.215,12.816,-4.285,0.715,1.007,2,14,0,0.179,0,0,0.178,-7.186,6.712,-4.494,0.506,0.984,2,14,0,0.197,0,0,0.176,-4.239,9.847,-4.537,0.463,1.000,2,14,0,0.178,0,0,0.201,-9.940,9.531,-3.952,1.048,0.940,2,14,0,0.220,0,0,0.107,2.871,0.310,0,0,0.220,-7.099,9.570,-0.957,0.290
2239.0,-8.078,9.979,-5.004,-0.004,1.123,2,14,0,0.187,0,0,0.243,-8.105,13.073,-4.339,0.661,0.983,2,14,0,0.204,0,0,0.191,-8.047,6.948,-4.535,0.465,0.990,2,14,0,0.226,0,0,0.204,-5.259,10.097,-4.458,0.542,1.075,2,14,0,0.183,0,0,0.176,-10.821,9.835,-3.965,1.035,0.957,2,14,0,0.182,0,0,0.183,2.874,0.343,0,0,0.226,-8.069,9.812,-0.981,0.193
2240.0,-9.262,10.087,-4.992,0.008,1.167,2,14,0,0.190,0,0,0.129,-9.065,13.275,-4.253,0.747,1.016,2,14,0,0.174,0,0,0.254,-9.037,7.052,-4.460,0.540,1.044,2,14,0,0.219,0,0,0.173,-6.389,10.256,-4.506,0.494,1.110,2,14,0,0.224,0,0,0.149,-11.759,10.027,-3.935,1.065,1.005,2,14,0,0.354,0,0,0.251,2.712,0.447,0,0,0.354,-9.059,9.956,-0.996,0.094
2241.0,-10.379,10.098,-5.044,-0.044,1.111,2,14,0,0.160,0,0,0.161,-10.083,13.285,-4.273,0.727,1.059,2,14,0,0.174,0,0,0.218,-10.061,7.025,-4.459,0.541,1.091,2,14,0,0.204,0,0,0.108,-7.451,10.278,-4.550,0.450,1.069,2,14,0,0.376,0,0,0.151,-12.694,10.135,-3.982,1.018,1.065,2,14,0,0.181,0,0,0.337,2.548,0.482,0,0,0.376,-10.057,10.000,-1.000,-0.006
2242.0,-11.526,10.010,-5.013,-0.013,1.044,2,14,0,0.196,0,0,0.287,-11.194,13.101,-4.269,0.731,1.073,2,14,0,0.206,0,0,0.107,-11.183,6.982,-4.482,0.518,1.112,2,14,0,0.182,0,0,0.074,-8.453,10.172,-4.566,0.434,1.036,2,14,0,0.218,0,0,0.116,-13.828,10.061,-3.932,1.068,1.153,2,14,0,0.216,0,0,0.267,2.544,0.475,0,0,0.218,-11.055,9.944,-0.994,-0.106
2243.0,-12.544,9.924,-4.997,0.003,0.924,2,14,0,0.163,0,0,0.345,-12.239,12.884,-4.243,0.757,1.033,2,14,0,0.147,0,0,0.126,-12.322,6.882,-4.471,0.529,1.081,2,14,0,0.173,0,0,0.220,-9.407,9.993,-4.552,0.448,1.000,2,14,0,0.178,0,0,0.084,-15.005,9.831,-3.942,1.058,1.159,2,14,0,0.177,0,0,0.234,2.680,0.519,0,0,0.178,-12.043,9.789,-0.979,-0.204
2244.0,-13.320,9.658,-5.026,-0.026,0.872,2,14,0,0.198,0,0,0.174,-13.220,12.623,-4.279,0.721,0.994,2,14,0,0.219,0,0,0.138,-13.324,6.655,-4.423,0.577,1.005,2,14,0,0.177,0,0,0.267,-10.379,9.743,-4.557,0.443,1.010,2,14,0,0.181,0,0,0.084,-16.019,9.441,-3.925,1.075,1.081,2,14,0,0.181,0,0,0.187,2.924,0.423,0,0,0.219,-13.010,9.536,-0.954,-0.301
2245.0,-14.090,9.307,-5.010,-0.010,0.916,2,14,0,0.250,0,0,0.125,-14.143,12.332,-4.310,0.690,0.968,2,14,0,0.193,0,0,0.142,-14.202,6.287,-4.493,0.507,0.966,2,14,0,0.181,0,0,0.209,-11.383,9.437,-4.500,0.500,1.001,2,14,0,0.181,0,0,0.164,-16.969,9.004,-3.998,1.002,1.022,2,14,0,0.177,0,0,0.203,2.758,0.502,0,0,0.250,-13.947,9.188,-0.919,-0.395
2246.0,-14.999,8.837,-5.020,-0.020,1.016,2,14,0,0.190,0,0,0.094,-14.978,11.936,-4.295,0.705,0.966,2,14,0,0.173,0,0,0.127,-15.078,5.844,-4.430,0.570,0.969,2,14,0,0.188,0,0,0.189,-12.300,9.051,-4.484,0.516,0.994,2,14,0,0.177,0,0,0.215,-17.853,8.520,-3.956,1.044,0.943,2,14,0,0.177,0,0,0.203,2.760,0.547,0,0,0.190,-14.844,8.748,-0.875,-0.484
2247.0,-15.921,8.328,-5.016,-0.016,1.054,2,14,0,0.226,0,0,0.113,-15.821,11.374,-4.295,0.705,1.012,2,14,0,0.172,0,0,0.095,-15.875,5.318,-4.485,0.515,0.981,2,14,0,0.177,0,0,0.153,-13.078,8.529,-4.484,0.516,0.978,2,14,0,0.252,0,0,0.174,-18.611,8.071,-3.934,1.066,0.901,2,14,0,0.244,0,0,0.094,2.899,0.493,0,0,0.252,-15.694,8.221,-0.822,-0.569
2248.0,-16.688,7.714,-4.992,0.008,1.054,2,14,0,0.191,0,0,0.100,-16.662,10.726,-4.296,0.704,1.025,2,14,0,0.174,0,0,0.109,-16.626,4.683,-4.506,0.494,1.014,2,14,0,0.181,0,0,0.110,-13.865,7.903,-4.510,0.490,1.020,2,14,0,0.180,0,0,0.156,-19.387,7.544,-3.954,1.046,0.921,2,14,0,0.181,0,0,0.110,2.870,0.478,0,0,0.191,-16.486,7.611,-0.761,-0.649
2249.0,-17.465,6.945,-5.038,-0.038,1.082,2,14,0,0.193,0,0,0.067,-17.436,10.074,-4.288,0.712,1.009,2,14,0,0.271,0,0,0.165,-17.327,3.985,-4.432,0.568,1.035,2,14,0,0.179,0,0,0.084,-14.581,7.186,-4.432,0.568,1.051,2,14,0,0.177,0,0,0.122,-20.057,6.886,-4.025,0.975,0.971,2,14,0,0.178,0,0,0.107,2.784,0.450,0,0,0.271,-17.213,6.926,-0.693,-0.721
2250.0,-18.216,6.239,-4.951,0.049,1.049,2,14,0,0.189,0,0,0.178,-18.001,9.335,-4.280,0.720,1.006,2,14,0,0.169,0,0,0.104,-17.994,3.148,-4.427,0.573,1.068,2,14,0,0.151,0,0,0.029,-15.230,6.388,-4.509,0.491,1.059,2,14,0,0.180,0,0,0.087,-20.713,6.151,-3.960,1.040,1.023,2,14,0,0.178,0,0,0.127,2.687,0.421,0,0,0.189,-17.869,6.171,-0.617,-0.787
2251.0,-18.817,5.421,-4.947,0.053,1.035,2,14,0,0.312,0,0,0.200,-18.558,8.505,-4.253,0.747,1.039,2,14,0,0.224,0,0,0.084,-18.677,2.273,-4.514,0.486,1.056,2,14,0,0.203,0,0,0.144,-15.768,5.536,-4.531,0.469,1.060,2,14,0,0.186,0,0,0.032,-21.363,5.349,-3.954,1.046,1.065,2,14,0,0.186,0,0,0.168,2.734,0.377,0,0,0.312,-18.445,5.355,-0.535,-0.845
2252.0,-19.305,4.498,-5.003,-0.003,1.014,2,14,0,0.198,0,0,0.186,-19.081,7.620,-4.279,0.721,1.058,2,14,0,0.436,0,0,0.088,-19.232,1.395,-4.500,0.500,0.998,2,14,0,0.219,0,0,0.207,-16.268,4.653,-4.515,0.485,1.066,2,14,0,0.178,0,0,0.029,-21.903,4.433,-4.005,0.995,1.084,2,14,0,0.172,0,0,0.171,2.784,0.370,0,0,0.436,-18.938,4.485,-0.448,-0.894
2253.0,-19.631,3.565,-5.000,0.000,1.004,2,14,0,0.190,0,0,0.107,-19.531,6.634,-4.251,0.749,1.074,2,14,0,0.169,0,0,0.115,-19.643,0.594,-4.525,0.475,0.952,2,14,0,0.183,0,0,0.213,-16.733,3.698,-4.480,0.520,1.060,2,14,0,0.173,0,0,0.094,-22.349,3.461,-3.996,1.004,1.081,2,14,0,0.147,0,0,0.188,2.899,0.412,0,0,0.190,-19.341,3.570,-0.357,-0.934
2254.0,-19.897,2.605,-5.012,-0.012,1.002,2,14,0,0.193,0,0,0.065,-19.970,5.656,-4.254,0.746,1.038,2,14,0,0.185,0,0,0.246,-19.880,-0.388,-4.401,0.599,0.989,2,14,0,0.178,0,0,0.136,-17.126,2.732,-4.444,0.556,1.024,2,14,0,0.185,0,0,0.176,-22.689,2.407,-3.991,1.009,1.057,2,14,0,0.221,0,0,0.226,2.832,0.489,0,0,0.221,-19.651,2.620,-0.262,-0.965
2255.0,-20.079,1.649,-4.998,0.002,1.010,2,14,0,0.193,0,0,0.033,-20.228,4.669,-4.215,0.785,1.008,2,14,0,0.175,0,0,0.294,-20.017,-1.310,-4.435,0.565,0.998,2,14,0,0.177,0,0,0.087,-17.457,1.792,-4.473,0.527,0.994,2,14,0,0.182,0,0,0.289,-22.906,1.449,-4.005,0.995,1.014,2,14,0,0.177,0,0,0.226,2.678,0.611,0,0,0.193,-19.864,1.643,-0.164,-0.986
2256.0,-20.282,0.643,-5.033,-0.033,1.033,2,14,0,0.187,0,0,0.122,-20.282,3.700,-4.300,0.700,0.996,2,14,0,0.171,0,0,0.232,-20.067,-2.279,-4.411,0.589,1.043,2,14,0,0.181,0,0,0.097,-17.589,0.822,-4.539,0.461,1.002,2,14,0,0.178,0,0,0.310,-22.914,0.413,-4.011,0.989,1.019,2,14,0,0.181,0,0,0.139,2.743,0.634,0,0,0.187,-19.979,0.650,-0.065,-0.998
2257.0,-20.360,-0.363,-4.981,0.019,1.023,2,14,0,0.193,0,0,0.186,-20.178,2.702,-4.313,0.687,1.016,2,14,0,0.175,0,0,0.113,-20.188,-3.315,-4.432,0.568,1.083,2,14,0,0.189,0,0,0.112,-17.442,-0.184,-4.522,0.478,1.031,2,14,0,0.182,0,0,0.148,-22.858,-0.550,-3.910,1.090,0.996,2,14,0,0.239,0,0,0.063,2.725,0.478,0,0,0.239,-19.994,-0.349,0.035,-0.999
2258.0,-20.278,-1.383,-4.977,0.023,1.035,2,14,0,0.190,0,0,0.193,-20.004,1.722,-4.312,0.688,1.025,2,14,0,0.197,0,0,0.022,-20.247,-4.416,-4.424,0.576,1.099,2,14,0,0.191,0,0,0.243,-17.227,-1.253,-4.514,0.486,1.057,2,14,0,0.177,0,0,0.068,-22.740,-1.511,-3.887,1.113,0.994,2,14,0,0.175,0,0,0.022,2.695,0.371,0,0,0.197,-19.909,-1.345,0.135,-0.991
2259.0,-20.036,-2.449,-5.016,-0.016,1.048,2,14,0,0.270,0,0,0.178,-19.782,0.690,-4.296,0.704,1.041,2,14,0,0.173,0,0,0.063,-20.001,-5.486,-4.478,0.522,1.076,2,14,0,0.178,0,0,0.222,-16.981,-2.281,-4.505,0.495,1.042,2,14,0,0.192,0,0,0.111,-22.620,-2.493,-3.877,1.123,1.011,2,14,0,0.177,0,0,0.074,2.825,0.333,0,0,0.270,-19.725,-2.328,0.233,-0.973
2260.0,-19.651,-3.408,-5.020,-0.020,1.026,2,14,0,0.193,0,0,0.129,-19.506,-0.288,-4.258,0.742,1.021,2,14,0,0.174,0,0,0.080,-19.663,-6.462,-4.509,0.491,1.036,2,14,0,0.173,0,0,0.191,-16.735,-3.292,-4.478,0.522,0.995,2,14,0,0.185,0,0,0.165,-22.298,-3.452,-3.947,1.053,1.012,2,14,0,0.176,0,0,0.036,2.856,0.291,0,0,0.193,-19.444,-3.287,0.329,-0.944
2261.0,-19.257,-4.315,-5.019,-0.019,0.991,2,14,0,0.188,0,0,0.107,-19.150,-1.244,-4.326,0.674,1.006,2,14,0,0.175,0,0,0.108,-19.222,-7.360,-4.482,0.518,1.008,2,14,0,0.198,0,0,0.132,-16.461,-4.192,-4.464,0.536,0.951,2,14,0,0.177,0,0,0.164,-21.940,-4.369,-3.996,1.004,1.021,2,14,0,0.215,0,0,0.048,2.854,0.392,0,0,0.215,-19.069,-4.213,0.421,-0.907
2262.0,-18.797,-5.198,-5.039,-0.039,0.979,2,14,0,0.223,0,0,0.106,-18.772,-2.145,-4.267,0.733,0.977,2,14,0,0.202,0,0,0.153,-18.669,-8.247,-4.462,0.538,1.004,2,14,0,0.178,0,0,0.127,-16.040,-4.962,-4.533,0.467,0.959,2,14,0,0.177,0,0,0.132,-21.553,-5.326,-3.935,1.065,1.037,2,14,0,0.310,0,0,0.151,2.812,0.458,0,0,0.310,-18.603,-5.098,0.510,-0.860
2263.0,-18.353,-6.019,-4.961,0.039,0.971,2,14,0,0.187,0,0,0.152,-18.292,-2.915,-4.299,0.701,0.971,2,14,0,0.172,0,0,0.172,-18.208,-9.052,-4.458,0.542,0.970,2,14,0,0.179,0,0,0.113,-15.570,-5.727,-4.539,0.461,1.006,2,14,0,0.187,0,0,0.219,-21.016,-6.209,-3.956,1.044,1.038,2,14,0,0.180,0,0,0.194,2.830,0.557,0,0,0.187,-18.051,-5.931,0.593,-0.805
2264.0,-17.764,-6.710,-4.991,0.009,0.994,2,14,0,0.222,0,0,0.170,-17.609,-3.678,-4.309,0.691,1.020,2,14,0,0.250,0,0,0.122,-17.659,-9.781,-4.394,0.606,0.981,2,14,0,0.174,0,0,0.145,-14.880,-6.583,-4.520,0.480,1.098,2,14,0,0.156,0,0,0.166,-20.345,-7.017,-4.030,0.970,1.032,2,14,0,0.178,0,0,0.196,2.771,0.477,0,0,0.250,-17.419,-6.705,0.671,-0.742
2265.0,-16.992,-7.377,-5.023,-0.023,1.070,2,14,0,0.192,0,0,0.103,-16.887,-4.406,-4.301,0.699,1.035,2,14,0,0.237,0,0,0.118,-16.933,-10.492,-4.427,0.573,1.028,2,14,0,0.190,0,0,0.130,-14.089,-7.372,-4.540,0.460,1.109,2,14,0,0.177,0,0,0.137,-19.649,-7.719,-3.978,1.022,1.017,2,14,0,0.172,0,0,0.197,2.876,0.379,0,0,0.237,-16.712,-7.412,0.741,-0.671
2266.0,-16.134,-8.069,-5.009,-0.009,1.094,2,14,0,0.190,0,0,0.032,-16.166,-5.025,-4.274,0.726,1.047,2,14,0,0.175,0,0,0.158,-16.137,-11.179,-4.415,0.585,1.064,2,14,0,0.178,0,0,0.144,-13.227,-8.025,-4.546,0.454,1.071,2,14,0,0.249,0,0,0.137,-18.829,-8.338,-3.908,1.092,1.030,2,14,0,0.175,0,0,0.162,2.923,0.313,0,0,0.249,-15.939,-8.046,0.805,-0.594
2267.0,-15.254,-8.694,-5.001,-0.001,1.071,2,14,0,0.225,0,0,0.106,-15.247,-5.637,-4.266,0.734,1.086,2,14,0,0.211,0,0,0.129,-15.212,-11.780,-4.465,0.535,1.056,2,14,0,0.208,0,0,0.154,-12.357,-8.639,-4.518,0.482,1.019,2,14,0,0.176,0,0,0.205,-18.012,-8.877,-4.008,0.992,1.021,2,14,0,0.179,0,0,0.158,2.936,0.294,0,0,0.225,-15.106,-8.598,0.860,-0.511
2268.0,-14.379,-9.232,-5.028,-0.028,1.022,2,14,0,0.188,0,0,0.169,-14.372,-6.142,-4.288,0.712,1.069,2,14,0,0.170,0,0,0.167,-14.276,-12.233,-4.490,0.510,1.030,2,14,0,0.244,0,0,0.152,-11.549,-9.103,-4.528,0.472,0.967,2,14,0,0.147,0,0,0.196,-17.157,-9.267,-3.968,1.032,1.049,2,14,0,0.177,0,0,0.125,2.877,0.329,0,0,0.244,-14.222,-9.065,0.907,-0.422
2269.0,-13.569,-9.668,-4.967,0.033,0.987,2,14,0,0.195,0,0,0.249,-13.393,-6.568,-4.303,0.697,1.057,2,14,0,0.226,0,0,0.202,-13.317,-12.594,-4.466,0.534,0.992,2,14,0,0.182,0,0,0.154,-10.669,-9.412,-4.517,0.483,0.989,2,14,0,0.173,0,0,0.146,-16.084,-9.657,-3.985,1.015,1.087,2,14,0,0.178,0,0,0.079,2.700,0.374,0,0,0.226,-13.296,-9.441,0.944,-0.330
2270.0,-12.612,-9.932,-4.913,0.087,1.025,2,14,0,0.248,0,0,0.236,-12.300,-6.880,-4.306,0.694,1.053,2,14,0,0.203,0,0,0.258,-12.418,-12.930,-4.416,0.584,0.965,2,14,0,0.175,0,0,0.179,-9.654,-9.631,-4.486,0.514,1.027,2,14,0,0.181,0,0,0.064,-15.017,-9.932,-3.952,1.048,1.043,2,14,0,0.213,0,0,0.157,2.590,0.382,0,0,0.248,-12.337,-9.723,0.972,-0.234
2271.0,-11.584,-10.003,-5.041,-0.041,1.065,2,14,0,0.242,0,0,0.111,-11.291,-7.053,-4.278,0.722,0.984,2,14,0,0.175,0,0,0.264,-11.513,-13.087,-4.470,0.530,0.971,2,14,0,0.184,0,0,0.159,-8.649,-9.817,-4.482,0.518,1.039,2,14,0,0.182,0,0,0.065,-14.005,-10.141,-4.014,0.986,0.980,2,14,0,0.174,0,0,0.194,2.633,0.421,0,0,0.242,-11.355,-9.908,0.991,-0.135
2272.0,-10.485,-10.069,-5.052,-0.052,1.082,2,14,0,0.194,0,0,0.097,-10.313,-7.049,-4.284,0.716,0.962,2,14,0,0.171,0,0,0.182,-10.530,-13.128,-4.487,0.513,1.025,2,14,0,0.176,0,0,0.127,-7.586,-9.939,-4.486,0.514,1.031,2,14,0,0.178,0,0,0.126,-13.054,-10.291,-3.985,1.015,0.924,2,14,0,0.623,0,0,0.193,2.791,0.426,0,0,0.623,-10.359,-9.994,0.999,-0.036
2273.0,-9.365,-10.066,-5.027,-0.027,1.047,2,14,0,0.194,0,0,0.191,-9.359,-6.948,-4.275,0.725,0.946,2,14,0,0.171,0,0,0.094,-9.472,-13.076,-4.449,0.551,1.068,2,14,0,0.177,0,0,0.066,-6.531,-9.966,-4.542,0.458,1.010,2,14,0,0.182,0,0,0.195,-12.210,-10.271,-4.013,0.987,0.922,2,14,0,0.177,0,0,0.149,2.876,0.328,0,0,0.194,-9.359,-9.979,0.998,0.064
2274.0,-8.416,-9.978,-5.042,-0.042,0.983,2,14,0,0.192,0,0,0.171,-8.458,-6.791,-4.309,0.691,0.957,2,14,0,0.179,0,0,0.012,-8.410,-12.944,-4.387,0.613,1.059,2,14,0,0.174,0,0,0.075,-5.609,-9.885,-4.546,0.454,0.974,2,14,0,0.187,0,0,0.183,-11.294,-10.067,-3.929,1.071,0.992,2,14,0,0.180,0,0,0.119,2.852,0.244,0,0,0.192,-8.366,-9.866,0.987,0.163
2275.0,-7.471,-9.766,-5.010,-0.010,0.975,2,14,0,0.236,0,0,0.154,-7.498,-6.647,-4.241,0.759,0.999,2,14,0,0.268,0,0,0.072,-7.376,-12.746,-4.469,0.531,1.036,2,14,0,0.174,0,0,0.129,-4.630,-9.681,-4.528,0.472,0.999,2,14,0,0.177,0,0,0.193,-10.273,-9.905,-3.883,1.117,1.057,2,14,0,0.178,0,0,0.122,2.883,0.278,0,0,0.268,-7.389,-9.653,0.965,0.261
2276.0,-6.571,-9.444,-5.029,-0.029,0.970,2,14,0,0.192,0,0,0.115,-6.460,-6.358,-4.259,0.741,1.034,2,14,0,0.176,0,0,0.104,-6.393,-12.454,-4.408,0.592,1.001,2,14,0,0.178,0,0,0.167,-3.651,-9.328,-4.588,0.412,1.017,2,14,0,0.182,0,0,0.167,-9.265,-9.624,-3.937,1.063,1.092,2,14,0,0.177,0,0,0.134,2.913,0.329,0,0,0.192,-6.439,-9.344,0.934,0.356
2277.0,-5.694,-9.032,-4.989,0.011,1.003,2,14,0,0.195,0,0,0.096,-5.493,-5.980,-4.255,0.745,1.029,2,14,0,0.175,0,0,0.153,-5.554,-12.141,-4.466,0.534,0.976,2,14,0,0.178,0,0,0.181,-2.719,-8.867,-4.515,0.485,1.009,2,14,0,0.196,0,0,0.137,-8.233,-9.177,-3.928,1.072,1.094,2,14,0,0.177,0,0,0.145,2.756,0.373,0,0,0.196,-5.524,-8.942,0.894,0.448
2278.0,-4.816,-8.502,-5.002,-0.002,1.041,2,14,0,0.191,0,0,0.059,-4.548,-5.488,-4.292,0.708,1.015,2,14,0,0.174,0,0,0.215,-4.602,-11.628,-4.524,0.476,1.019,2,14,0,0.184,0,0,0.211,-1.926,-8.344,-4.507,0.493,0.998,2,14,0,0.210,0,0,0.058,-7.263,-8.693,-3.967,1.033,1.044,2,14,0,0.180,0,0,0.230,2.664,0.459,0,0,0.210,-4.653,-8.451,0.845,0.535
2279.0,-3.933,-7.934,-4.911,0.089,1.047,2,14,0,0.200,0,0,0.104,-3.770,-4.914,-4.340,0.660,0.988,2,14,0,0.211,0,0,0.184,-3.872,-11.056,-4.486,0.514,1.008,2,14,0,0.179,0,0,0.161,-1.191,-7.724,-4.492,0.508,1.022,2,14,0,0.240,0,0,0.049,-6.458,-8.130,-3.978,1.022,0.993,2,14,0,0.172,0,0,0.230,2.699,0.457,0,0,0.240,-3.836,-7.875,0.787,0.616
2280.0,-3.147,-7.271,-5.014,-0.014,1.032,2,14,0,0.190,0,0,0.126,-3.032,-4.223,-4.315,0.685,1.003,2,14,0,0.206,0,0,0.148,-3.190,-10.341,-4.451,0.549,1.041,2,14,0,0.222,0,0,0.091,-0.343,-7.053,-4.502,0.498,1.042,2,14,0,0.209,0,0,0.038,-5.744,-7.482,-4.000,1.000,0.977,2,14,0,0.173,0,0,0.199,2.796,0.427,0,0,0.222,-3.081,-7.220,0.722,0.692
2281.0,-2.497,-6.560,-5.034,-0.034,1.019,2,14,0,0.196,0,0,0.106,-2.397,-3.436,-4.246,0.754,1.012,2,14,0,0.171,0,0,0.079,-2.459,-9.547,-4.456,0.544,1.072,2,14,0,0.181,0,0,0.041,0.413,-6.395,-4.490,0.510,1.021,2,14,0,0.178,0,0,0.122,-5.085,-6.787,-3.949,1.051,0.998,2,14,0,0.181,0,0,0.200,2.815,0.427,0,0,0.196,-2.395,-6.493,0.649,0.761
2282.0,-1.823,-5.770,-5.019,-0.019,1.045,2,14,0,0.193,0,0,0.161,-1.834,-2.588,-4.316,0.684,0.997,2,14,0,0.147,0,0,0.053,-1.766,-8.685,-4.470,0.530,1.063,2,14,0,0.182,0,0,0.127,1.007,-5.605,-4.478,0.522,1.022,2,14,0,0.271,0,0,0.111,-4.506,-5.930,-3.998,1.002,1.038,2,14,0,0.176,0,0,0.133,2.875,0.360,0,0,0.271,-1.784,-5.701,0.570,0.822
2283.0,-1.265,-4.897,-5.018,-0.018,1.029,2,14,0,0.194,0,0,0.177,-1.365,-1.762,-4.250,0.750,0.994,2,14,0,0.173,0,0,0.038,-1.180,-7.850,-4.419,0.581,1.013,2,14,0,0.178,0,0,0.185,1.636,-4.755,-4.520,0.480,1.029,2,14,0,0.179,0,0,0.203,-4.017,-4.983,-3.949,1.051,1.048,2,14,0,0.214,0,0,0.059,2.947,0.272,0,0,0.214,-1.256,-4.853,0.485,0.874
2284.0,-0.818,-3.935,-4.980,0.020,1.031,2,14,0,0.191,0,0,0.176,-0.845,-0.925,-4.243,0.757,1.019,2,14,0,0.206,0,0,0.062,-0.734,-6.975,-4.430,0.570,0.980,2,14,0,0.177,0,0,0.185,2.101,-3.855,-4.564,0.436,1.015,2,14,0,0.177,0,0,0.227,-3.580,-4.016,-3.951,1.049,1.039,2,14,0,0.223,0,0,0.104,2.948,0.243,0,0,0.223,-0.816,-3.956,0.396,0.918
2285.0,-0.530,-2.966,-4.988,0.012,1.011,2,14,0,0.194,0,0,0.127,-0.368,0.055,-4.296,0.704,1.036,2,14,0,0.174,0,0,0.175,-0.457,-6.075,-4.434,0.566,0.969,2,14,0,0.177,0,0,0.110,2.425,-2.901,-4.576,0.424,1.021,2,14,0,0.336,0,0,0.200,-3.185,-3.082,-3.978,1.022,0.998,2,14,0,0.293,0,0,0.133,2.843,0.289,0,0,0.336,-0.467,-3.019,0.302,0.953
2286.0,-0.278,-1.998,-5.031,-0.031,0.989,2,14,0,0.195,0,0,0.125,-0.066,1.002,-4.312,0.688,1.006,2,14,0,0.172,0,0,0.225,-0.165,-5.153,-4.441,0.559,0.997,2,14,0,0.173,0,0,0.160,2.619,-1.868,-4.492,0.508,1.034,2,14,0,0.183,0,0,0.140,-2.960,-2.145,-3.896,1.104,0.973,2,14,0,0.180,0,0,0.092,2.916,0.270,0,0,0.195,-0.213,-2.052,0.205,0.979
2287.0,-0.166,-1.616,-4.981,0.019,0.990,2,14,0,0.202,0,0,0.561,0.016,1.376,-4.303,0.697,1.009,2,14,0,0.195,0,0,0.632,-0.066,-4.786,-4.476,0.524,1.010,2,14,0,0.322,0,0,0.678,2.661,-1.457,-4.450,0.550,1.032,2,14,0,0.199,0,0,0.527,-2.885,-1.778,-3.876,1.124,0.969,2,14,0,0.198,0,0,0.568,2.881,0.734,0,0,0.322,-0.057,-1.065,0.106,0.994
